[2024-05-20 14:33:41,445] {processor.py:153} INFO - Started process (PID=47) to work on /opt/airflow/dags/0-firstdag.py
[2024-05-20 14:33:41,445] {processor.py:641} INFO - Processing file /opt/airflow/dags/0-firstdag.py for tasks to queue
[2024-05-20 14:33:41,446] {logging_mixin.py:115} INFO - [2024-05-20 14:33:41,445] {dagbag.py:508} INFO - Filling up the DagBag from /opt/airflow/dags/0-firstdag.py
[2024-05-20 14:33:41,448] {processor.py:651} INFO - DAG(s) dict_keys(['first_dag']) retrieved from /opt/airflow/dags/0-firstdag.py
[2024-05-20 14:33:41,464] {logging_mixin.py:115} INFO - [2024-05-20 14:33:41,464] {dag.py:2420} INFO - Sync 1 DAGs
[2024-05-20 14:33:41,552] {logging_mixin.py:115} INFO - [2024-05-20 14:33:41,552] {dag.py:2972} INFO - Setting next_dagrun for first_dag to None, run_after=None
[2024-05-20 14:33:41,566] {processor.py:161} INFO - Processing /opt/airflow/dags/0-firstdag.py took 0.123 seconds
[2024-05-20 14:34:08,267] {processor.py:153} INFO - Started process (PID=47) to work on /opt/airflow/dags/0-firstdag.py
[2024-05-20 14:34:08,268] {processor.py:641} INFO - Processing file /opt/airflow/dags/0-firstdag.py for tasks to queue
[2024-05-20 14:34:08,268] {logging_mixin.py:115} INFO - [2024-05-20 14:34:08,268] {dagbag.py:508} INFO - Filling up the DagBag from /opt/airflow/dags/0-firstdag.py
[2024-05-20 14:34:08,270] {processor.py:651} INFO - DAG(s) dict_keys(['first_dag']) retrieved from /opt/airflow/dags/0-firstdag.py
[2024-05-20 14:34:08,286] {logging_mixin.py:115} INFO - [2024-05-20 14:34:08,285] {dag.py:2420} INFO - Sync 1 DAGs
[2024-05-20 14:34:08,388] {logging_mixin.py:115} INFO - [2024-05-20 14:34:08,388] {dag.py:2972} INFO - Setting next_dagrun for first_dag to None, run_after=None
[2024-05-20 14:34:08,395] {processor.py:161} INFO - Processing /opt/airflow/dags/0-firstdag.py took 0.130 seconds
[2024-05-20 14:34:38,516] {processor.py:153} INFO - Started process (PID=77) to work on /opt/airflow/dags/0-firstdag.py
[2024-05-20 14:34:38,516] {processor.py:641} INFO - Processing file /opt/airflow/dags/0-firstdag.py for tasks to queue
[2024-05-20 14:34:38,517] {logging_mixin.py:115} INFO - [2024-05-20 14:34:38,517] {dagbag.py:508} INFO - Filling up the DagBag from /opt/airflow/dags/0-firstdag.py
[2024-05-20 14:34:38,519] {processor.py:651} INFO - DAG(s) dict_keys(['first_dag']) retrieved from /opt/airflow/dags/0-firstdag.py
[2024-05-20 14:34:38,537] {logging_mixin.py:115} INFO - [2024-05-20 14:34:38,536] {dag.py:2420} INFO - Sync 1 DAGs
[2024-05-20 14:34:38,618] {logging_mixin.py:115} INFO - [2024-05-20 14:34:38,618] {dag.py:2972} INFO - Setting next_dagrun for first_dag to None, run_after=None
[2024-05-20 14:34:38,625] {processor.py:161} INFO - Processing /opt/airflow/dags/0-firstdag.py took 0.111 seconds
[2024-05-20 14:35:08,803] {processor.py:153} INFO - Started process (PID=107) to work on /opt/airflow/dags/0-firstdag.py
[2024-05-20 14:35:08,804] {processor.py:641} INFO - Processing file /opt/airflow/dags/0-firstdag.py for tasks to queue
[2024-05-20 14:35:08,805] {logging_mixin.py:115} INFO - [2024-05-20 14:35:08,804] {dagbag.py:508} INFO - Filling up the DagBag from /opt/airflow/dags/0-firstdag.py
[2024-05-20 14:35:08,808] {processor.py:651} INFO - DAG(s) dict_keys(['first_dag']) retrieved from /opt/airflow/dags/0-firstdag.py
[2024-05-20 14:35:08,917] {logging_mixin.py:115} INFO - [2024-05-20 14:35:08,917] {dag.py:2420} INFO - Sync 1 DAGs
[2024-05-20 14:35:08,930] {logging_mixin.py:115} INFO - [2024-05-20 14:35:08,930] {dag.py:2972} INFO - Setting next_dagrun for first_dag to None, run_after=None
[2024-05-20 14:35:08,937] {processor.py:161} INFO - Processing /opt/airflow/dags/0-firstdag.py took 0.136 seconds
[2024-05-20 14:35:39,050] {processor.py:153} INFO - Started process (PID=128) to work on /opt/airflow/dags/0-firstdag.py
[2024-05-20 14:35:39,050] {processor.py:641} INFO - Processing file /opt/airflow/dags/0-firstdag.py for tasks to queue
[2024-05-20 14:35:39,051] {logging_mixin.py:115} INFO - [2024-05-20 14:35:39,051] {dagbag.py:508} INFO - Filling up the DagBag from /opt/airflow/dags/0-firstdag.py
[2024-05-20 14:35:39,053] {processor.py:651} INFO - DAG(s) dict_keys(['first_dag']) retrieved from /opt/airflow/dags/0-firstdag.py
[2024-05-20 14:35:39,141] {logging_mixin.py:115} INFO - [2024-05-20 14:35:39,141] {dag.py:2420} INFO - Sync 1 DAGs
[2024-05-20 14:35:39,152] {logging_mixin.py:115} INFO - [2024-05-20 14:35:39,152] {dag.py:2972} INFO - Setting next_dagrun for first_dag to None, run_after=None
[2024-05-20 14:35:39,159] {processor.py:161} INFO - Processing /opt/airflow/dags/0-firstdag.py took 0.111 seconds
[2024-05-20 14:36:09,291] {processor.py:153} INFO - Started process (PID=157) to work on /opt/airflow/dags/0-firstdag.py
[2024-05-20 14:36:09,291] {processor.py:641} INFO - Processing file /opt/airflow/dags/0-firstdag.py for tasks to queue
[2024-05-20 14:36:09,292] {logging_mixin.py:115} INFO - [2024-05-20 14:36:09,292] {dagbag.py:508} INFO - Filling up the DagBag from /opt/airflow/dags/0-firstdag.py
[2024-05-20 14:36:09,294] {processor.py:651} INFO - DAG(s) dict_keys(['first_dag']) retrieved from /opt/airflow/dags/0-firstdag.py
[2024-05-20 14:36:09,310] {logging_mixin.py:115} INFO - [2024-05-20 14:36:09,310] {dag.py:2420} INFO - Sync 1 DAGs
[2024-05-20 14:36:09,323] {logging_mixin.py:115} INFO - [2024-05-20 14:36:09,322] {dag.py:2972} INFO - Setting next_dagrun for first_dag to None, run_after=None
[2024-05-20 14:36:09,332] {processor.py:161} INFO - Processing /opt/airflow/dags/0-firstdag.py took 0.043 seconds
[2024-05-20 14:36:39,468] {processor.py:153} INFO - Started process (PID=186) to work on /opt/airflow/dags/0-firstdag.py
[2024-05-20 14:36:39,468] {processor.py:641} INFO - Processing file /opt/airflow/dags/0-firstdag.py for tasks to queue
[2024-05-20 14:36:39,468] {logging_mixin.py:115} INFO - [2024-05-20 14:36:39,468] {dagbag.py:508} INFO - Filling up the DagBag from /opt/airflow/dags/0-firstdag.py
[2024-05-20 14:36:39,471] {processor.py:651} INFO - DAG(s) dict_keys(['first_dag']) retrieved from /opt/airflow/dags/0-firstdag.py
[2024-05-20 14:36:39,490] {logging_mixin.py:115} INFO - [2024-05-20 14:36:39,490] {dag.py:2420} INFO - Sync 1 DAGs
[2024-05-20 14:36:39,503] {logging_mixin.py:115} INFO - [2024-05-20 14:36:39,503] {dag.py:2972} INFO - Setting next_dagrun for first_dag to None, run_after=None
[2024-05-20 14:36:39,509] {processor.py:161} INFO - Processing /opt/airflow/dags/0-firstdag.py took 0.044 seconds
[2024-05-20 14:37:09,631] {processor.py:153} INFO - Started process (PID=216) to work on /opt/airflow/dags/0-firstdag.py
[2024-05-20 14:37:09,632] {processor.py:641} INFO - Processing file /opt/airflow/dags/0-firstdag.py for tasks to queue
[2024-05-20 14:37:09,632] {logging_mixin.py:115} INFO - [2024-05-20 14:37:09,632] {dagbag.py:508} INFO - Filling up the DagBag from /opt/airflow/dags/0-firstdag.py
[2024-05-20 14:37:09,634] {processor.py:651} INFO - DAG(s) dict_keys(['first_dag']) retrieved from /opt/airflow/dags/0-firstdag.py
[2024-05-20 14:37:09,650] {logging_mixin.py:115} INFO - [2024-05-20 14:37:09,650] {dag.py:2420} INFO - Sync 1 DAGs
[2024-05-20 14:37:09,662] {logging_mixin.py:115} INFO - [2024-05-20 14:37:09,662] {dag.py:2972} INFO - Setting next_dagrun for first_dag to None, run_after=None
[2024-05-20 14:37:09,669] {processor.py:161} INFO - Processing /opt/airflow/dags/0-firstdag.py took 0.039 seconds
[2024-05-20 14:37:39,832] {processor.py:153} INFO - Started process (PID=246) to work on /opt/airflow/dags/0-firstdag.py
[2024-05-20 14:37:39,834] {processor.py:641} INFO - Processing file /opt/airflow/dags/0-firstdag.py for tasks to queue
[2024-05-20 14:37:39,834] {logging_mixin.py:115} INFO - [2024-05-20 14:37:39,834] {dagbag.py:508} INFO - Filling up the DagBag from /opt/airflow/dags/0-firstdag.py
[2024-05-20 14:37:39,837] {processor.py:651} INFO - DAG(s) dict_keys(['first_dag']) retrieved from /opt/airflow/dags/0-firstdag.py
[2024-05-20 14:37:39,854] {logging_mixin.py:115} INFO - [2024-05-20 14:37:39,854] {dag.py:2420} INFO - Sync 1 DAGs
[2024-05-20 14:37:39,869] {logging_mixin.py:115} INFO - [2024-05-20 14:37:39,869] {dag.py:2972} INFO - Setting next_dagrun for first_dag to None, run_after=None
[2024-05-20 14:37:39,877] {processor.py:161} INFO - Processing /opt/airflow/dags/0-firstdag.py took 0.048 seconds
[2024-05-20 14:38:10,000] {processor.py:153} INFO - Started process (PID=267) to work on /opt/airflow/dags/0-firstdag.py
[2024-05-20 14:38:10,001] {processor.py:641} INFO - Processing file /opt/airflow/dags/0-firstdag.py for tasks to queue
[2024-05-20 14:38:10,002] {logging_mixin.py:115} INFO - [2024-05-20 14:38:10,002] {dagbag.py:508} INFO - Filling up the DagBag from /opt/airflow/dags/0-firstdag.py
[2024-05-20 14:38:10,005] {processor.py:651} INFO - DAG(s) dict_keys(['first_dag']) retrieved from /opt/airflow/dags/0-firstdag.py
[2024-05-20 14:38:10,020] {logging_mixin.py:115} INFO - [2024-05-20 14:38:10,020] {dag.py:2420} INFO - Sync 1 DAGs
[2024-05-20 14:38:10,034] {logging_mixin.py:115} INFO - [2024-05-20 14:38:10,034] {dag.py:2972} INFO - Setting next_dagrun for first_dag to None, run_after=None
[2024-05-20 14:38:10,042] {processor.py:161} INFO - Processing /opt/airflow/dags/0-firstdag.py took 0.043 seconds
[2024-05-20 14:38:40,169] {processor.py:153} INFO - Started process (PID=297) to work on /opt/airflow/dags/0-firstdag.py
[2024-05-20 14:38:40,169] {processor.py:641} INFO - Processing file /opt/airflow/dags/0-firstdag.py for tasks to queue
[2024-05-20 14:38:40,170] {logging_mixin.py:115} INFO - [2024-05-20 14:38:40,170] {dagbag.py:508} INFO - Filling up the DagBag from /opt/airflow/dags/0-firstdag.py
[2024-05-20 14:38:40,172] {processor.py:651} INFO - DAG(s) dict_keys(['first_dag']) retrieved from /opt/airflow/dags/0-firstdag.py
[2024-05-20 14:38:40,190] {logging_mixin.py:115} INFO - [2024-05-20 14:38:40,190] {dag.py:2420} INFO - Sync 1 DAGs
[2024-05-20 14:38:40,206] {logging_mixin.py:115} INFO - [2024-05-20 14:38:40,206] {dag.py:2972} INFO - Setting next_dagrun for first_dag to None, run_after=None
[2024-05-20 14:38:40,216] {processor.py:161} INFO - Processing /opt/airflow/dags/0-firstdag.py took 0.050 seconds
[2024-05-20 14:39:10,341] {processor.py:153} INFO - Started process (PID=327) to work on /opt/airflow/dags/0-firstdag.py
[2024-05-20 14:39:10,341] {processor.py:641} INFO - Processing file /opt/airflow/dags/0-firstdag.py for tasks to queue
[2024-05-20 14:39:10,342] {logging_mixin.py:115} INFO - [2024-05-20 14:39:10,342] {dagbag.py:508} INFO - Filling up the DagBag from /opt/airflow/dags/0-firstdag.py
[2024-05-20 14:39:10,344] {processor.py:651} INFO - DAG(s) dict_keys(['first_dag']) retrieved from /opt/airflow/dags/0-firstdag.py
[2024-05-20 14:39:10,359] {logging_mixin.py:115} INFO - [2024-05-20 14:39:10,359] {dag.py:2420} INFO - Sync 1 DAGs
[2024-05-20 14:39:10,372] {logging_mixin.py:115} INFO - [2024-05-20 14:39:10,372] {dag.py:2972} INFO - Setting next_dagrun for first_dag to None, run_after=None
[2024-05-20 14:39:10,378] {processor.py:161} INFO - Processing /opt/airflow/dags/0-firstdag.py took 0.039 seconds
[2024-05-20 14:39:40,510] {processor.py:153} INFO - Started process (PID=357) to work on /opt/airflow/dags/0-firstdag.py
[2024-05-20 14:39:40,510] {processor.py:641} INFO - Processing file /opt/airflow/dags/0-firstdag.py for tasks to queue
[2024-05-20 14:39:40,511] {logging_mixin.py:115} INFO - [2024-05-20 14:39:40,511] {dagbag.py:508} INFO - Filling up the DagBag from /opt/airflow/dags/0-firstdag.py
[2024-05-20 14:39:40,513] {processor.py:651} INFO - DAG(s) dict_keys(['first_dag']) retrieved from /opt/airflow/dags/0-firstdag.py
[2024-05-20 14:39:40,530] {logging_mixin.py:115} INFO - [2024-05-20 14:39:40,530] {dag.py:2420} INFO - Sync 1 DAGs
[2024-05-20 14:39:40,543] {logging_mixin.py:115} INFO - [2024-05-20 14:39:40,543] {dag.py:2972} INFO - Setting next_dagrun for first_dag to None, run_after=None
[2024-05-20 14:39:40,550] {processor.py:161} INFO - Processing /opt/airflow/dags/0-firstdag.py took 0.043 seconds
[2024-05-20 14:40:10,683] {processor.py:153} INFO - Started process (PID=387) to work on /opt/airflow/dags/0-firstdag.py
[2024-05-20 14:40:10,684] {processor.py:641} INFO - Processing file /opt/airflow/dags/0-firstdag.py for tasks to queue
[2024-05-20 14:40:10,684] {logging_mixin.py:115} INFO - [2024-05-20 14:40:10,684] {dagbag.py:508} INFO - Filling up the DagBag from /opt/airflow/dags/0-firstdag.py
[2024-05-20 14:40:10,686] {processor.py:651} INFO - DAG(s) dict_keys(['first_dag']) retrieved from /opt/airflow/dags/0-firstdag.py
[2024-05-20 14:40:10,703] {logging_mixin.py:115} INFO - [2024-05-20 14:40:10,703] {dag.py:2420} INFO - Sync 1 DAGs
[2024-05-20 14:40:10,717] {logging_mixin.py:115} INFO - [2024-05-20 14:40:10,716] {dag.py:2972} INFO - Setting next_dagrun for first_dag to None, run_after=None
[2024-05-20 14:40:10,724] {processor.py:161} INFO - Processing /opt/airflow/dags/0-firstdag.py took 0.043 seconds
[2024-05-20 14:40:40,851] {processor.py:153} INFO - Started process (PID=407) to work on /opt/airflow/dags/0-firstdag.py
[2024-05-20 14:40:40,852] {processor.py:641} INFO - Processing file /opt/airflow/dags/0-firstdag.py for tasks to queue
[2024-05-20 14:40:40,852] {logging_mixin.py:115} INFO - [2024-05-20 14:40:40,852] {dagbag.py:508} INFO - Filling up the DagBag from /opt/airflow/dags/0-firstdag.py
[2024-05-20 14:40:40,855] {processor.py:651} INFO - DAG(s) dict_keys(['first_dag']) retrieved from /opt/airflow/dags/0-firstdag.py
[2024-05-20 14:40:40,871] {logging_mixin.py:115} INFO - [2024-05-20 14:40:40,871] {dag.py:2420} INFO - Sync 1 DAGs
[2024-05-20 14:40:40,884] {logging_mixin.py:115} INFO - [2024-05-20 14:40:40,884] {dag.py:2972} INFO - Setting next_dagrun for first_dag to None, run_after=None
[2024-05-20 14:40:40,891] {processor.py:161} INFO - Processing /opt/airflow/dags/0-firstdag.py took 0.041 seconds
[2024-05-20 14:41:11,015] {processor.py:153} INFO - Started process (PID=437) to work on /opt/airflow/dags/0-firstdag.py
[2024-05-20 14:41:11,016] {processor.py:641} INFO - Processing file /opt/airflow/dags/0-firstdag.py for tasks to queue
[2024-05-20 14:41:11,016] {logging_mixin.py:115} INFO - [2024-05-20 14:41:11,016] {dagbag.py:508} INFO - Filling up the DagBag from /opt/airflow/dags/0-firstdag.py
[2024-05-20 14:41:11,018] {processor.py:651} INFO - DAG(s) dict_keys(['first_dag']) retrieved from /opt/airflow/dags/0-firstdag.py
[2024-05-20 14:41:11,034] {logging_mixin.py:115} INFO - [2024-05-20 14:41:11,034] {dag.py:2420} INFO - Sync 1 DAGs
[2024-05-20 14:41:11,046] {logging_mixin.py:115} INFO - [2024-05-20 14:41:11,046] {dag.py:2972} INFO - Setting next_dagrun for first_dag to None, run_after=None
[2024-05-20 14:41:11,053] {processor.py:161} INFO - Processing /opt/airflow/dags/0-firstdag.py took 0.040 seconds
[2024-05-20 14:41:41,179] {processor.py:153} INFO - Started process (PID=467) to work on /opt/airflow/dags/0-firstdag.py
[2024-05-20 14:41:41,179] {processor.py:641} INFO - Processing file /opt/airflow/dags/0-firstdag.py for tasks to queue
[2024-05-20 14:41:41,179] {logging_mixin.py:115} INFO - [2024-05-20 14:41:41,179] {dagbag.py:508} INFO - Filling up the DagBag from /opt/airflow/dags/0-firstdag.py
[2024-05-20 14:41:41,182] {processor.py:651} INFO - DAG(s) dict_keys(['first_dag']) retrieved from /opt/airflow/dags/0-firstdag.py
[2024-05-20 14:41:41,198] {logging_mixin.py:115} INFO - [2024-05-20 14:41:41,198] {dag.py:2420} INFO - Sync 1 DAGs
[2024-05-20 14:41:41,211] {logging_mixin.py:115} INFO - [2024-05-20 14:41:41,211] {dag.py:2972} INFO - Setting next_dagrun for first_dag to None, run_after=None
[2024-05-20 14:41:41,217] {processor.py:161} INFO - Processing /opt/airflow/dags/0-firstdag.py took 0.040 seconds
[2024-05-20 14:42:11,344] {processor.py:153} INFO - Started process (PID=495) to work on /opt/airflow/dags/0-firstdag.py
[2024-05-20 14:42:11,344] {processor.py:641} INFO - Processing file /opt/airflow/dags/0-firstdag.py for tasks to queue
[2024-05-20 14:42:11,345] {logging_mixin.py:115} INFO - [2024-05-20 14:42:11,345] {dagbag.py:508} INFO - Filling up the DagBag from /opt/airflow/dags/0-firstdag.py
[2024-05-20 14:42:11,347] {processor.py:651} INFO - DAG(s) dict_keys(['first_dag']) retrieved from /opt/airflow/dags/0-firstdag.py
[2024-05-20 14:42:11,362] {logging_mixin.py:115} INFO - [2024-05-20 14:42:11,362] {dag.py:2420} INFO - Sync 1 DAGs
[2024-05-20 14:42:11,374] {logging_mixin.py:115} INFO - [2024-05-20 14:42:11,374] {dag.py:2972} INFO - Setting next_dagrun for first_dag to None, run_after=None
[2024-05-20 14:42:11,381] {processor.py:161} INFO - Processing /opt/airflow/dags/0-firstdag.py took 0.039 seconds
[2024-05-20 14:42:41,507] {processor.py:153} INFO - Started process (PID=524) to work on /opt/airflow/dags/0-firstdag.py
[2024-05-20 14:42:41,507] {processor.py:641} INFO - Processing file /opt/airflow/dags/0-firstdag.py for tasks to queue
[2024-05-20 14:42:41,508] {logging_mixin.py:115} INFO - [2024-05-20 14:42:41,507] {dagbag.py:508} INFO - Filling up the DagBag from /opt/airflow/dags/0-firstdag.py
[2024-05-20 14:42:41,510] {processor.py:651} INFO - DAG(s) dict_keys(['first_dag']) retrieved from /opt/airflow/dags/0-firstdag.py
[2024-05-20 14:42:41,524] {logging_mixin.py:115} INFO - [2024-05-20 14:42:41,524] {dag.py:2420} INFO - Sync 1 DAGs
[2024-05-20 14:42:41,536] {logging_mixin.py:115} INFO - [2024-05-20 14:42:41,536] {dag.py:2972} INFO - Setting next_dagrun for first_dag to None, run_after=None
[2024-05-20 14:42:41,543] {processor.py:161} INFO - Processing /opt/airflow/dags/0-firstdag.py took 0.038 seconds
[2024-05-20 14:43:11,675] {processor.py:153} INFO - Started process (PID=545) to work on /opt/airflow/dags/0-firstdag.py
[2024-05-20 14:43:11,675] {processor.py:641} INFO - Processing file /opt/airflow/dags/0-firstdag.py for tasks to queue
[2024-05-20 14:43:11,675] {logging_mixin.py:115} INFO - [2024-05-20 14:43:11,675] {dagbag.py:508} INFO - Filling up the DagBag from /opt/airflow/dags/0-firstdag.py
[2024-05-20 14:43:11,678] {processor.py:651} INFO - DAG(s) dict_keys(['first_dag']) retrieved from /opt/airflow/dags/0-firstdag.py
[2024-05-20 14:43:11,693] {logging_mixin.py:115} INFO - [2024-05-20 14:43:11,693] {dag.py:2420} INFO - Sync 1 DAGs
[2024-05-20 14:43:11,705] {logging_mixin.py:115} INFO - [2024-05-20 14:43:11,705] {dag.py:2972} INFO - Setting next_dagrun for first_dag to None, run_after=None
[2024-05-20 14:43:11,711] {processor.py:161} INFO - Processing /opt/airflow/dags/0-firstdag.py took 0.039 seconds
[2024-05-20 14:43:41,838] {processor.py:153} INFO - Started process (PID=575) to work on /opt/airflow/dags/0-firstdag.py
[2024-05-20 14:43:41,838] {processor.py:641} INFO - Processing file /opt/airflow/dags/0-firstdag.py for tasks to queue
[2024-05-20 14:43:41,839] {logging_mixin.py:115} INFO - [2024-05-20 14:43:41,838] {dagbag.py:508} INFO - Filling up the DagBag from /opt/airflow/dags/0-firstdag.py
[2024-05-20 14:43:41,841] {processor.py:651} INFO - DAG(s) dict_keys(['first_dag']) retrieved from /opt/airflow/dags/0-firstdag.py
[2024-05-20 14:43:41,860] {logging_mixin.py:115} INFO - [2024-05-20 14:43:41,860] {dag.py:2420} INFO - Sync 1 DAGs
[2024-05-20 14:43:41,872] {logging_mixin.py:115} INFO - [2024-05-20 14:43:41,872] {dag.py:2972} INFO - Setting next_dagrun for first_dag to None, run_after=None
[2024-05-20 14:43:41,879] {processor.py:161} INFO - Processing /opt/airflow/dags/0-firstdag.py took 0.043 seconds
[2024-05-20 14:44:12,008] {processor.py:153} INFO - Started process (PID=605) to work on /opt/airflow/dags/0-firstdag.py
[2024-05-20 14:44:12,008] {processor.py:641} INFO - Processing file /opt/airflow/dags/0-firstdag.py for tasks to queue
[2024-05-20 14:44:12,009] {logging_mixin.py:115} INFO - [2024-05-20 14:44:12,008] {dagbag.py:508} INFO - Filling up the DagBag from /opt/airflow/dags/0-firstdag.py
[2024-05-20 14:44:12,011] {processor.py:651} INFO - DAG(s) dict_keys(['first_dag']) retrieved from /opt/airflow/dags/0-firstdag.py
[2024-05-20 14:44:12,030] {logging_mixin.py:115} INFO - [2024-05-20 14:44:12,030] {dag.py:2420} INFO - Sync 1 DAGs
[2024-05-20 14:44:12,049] {logging_mixin.py:115} INFO - [2024-05-20 14:44:12,049] {dag.py:2972} INFO - Setting next_dagrun for first_dag to None, run_after=None
[2024-05-20 14:44:12,057] {processor.py:161} INFO - Processing /opt/airflow/dags/0-firstdag.py took 0.052 seconds
[2024-05-20 14:44:42,192] {processor.py:153} INFO - Started process (PID=635) to work on /opt/airflow/dags/0-firstdag.py
[2024-05-20 14:44:42,193] {processor.py:641} INFO - Processing file /opt/airflow/dags/0-firstdag.py for tasks to queue
[2024-05-20 14:44:42,193] {logging_mixin.py:115} INFO - [2024-05-20 14:44:42,193] {dagbag.py:508} INFO - Filling up the DagBag from /opt/airflow/dags/0-firstdag.py
[2024-05-20 14:44:42,195] {processor.py:651} INFO - DAG(s) dict_keys(['first_dag']) retrieved from /opt/airflow/dags/0-firstdag.py
[2024-05-20 14:44:42,212] {logging_mixin.py:115} INFO - [2024-05-20 14:44:42,212] {dag.py:2420} INFO - Sync 1 DAGs
[2024-05-20 14:44:42,226] {logging_mixin.py:115} INFO - [2024-05-20 14:44:42,225] {dag.py:2972} INFO - Setting next_dagrun for first_dag to None, run_after=None
[2024-05-20 14:44:42,233] {processor.py:161} INFO - Processing /opt/airflow/dags/0-firstdag.py took 0.044 seconds
[2024-05-20 14:45:12,385] {processor.py:153} INFO - Started process (PID=665) to work on /opt/airflow/dags/0-firstdag.py
[2024-05-20 14:45:12,385] {processor.py:641} INFO - Processing file /opt/airflow/dags/0-firstdag.py for tasks to queue
[2024-05-20 14:45:12,386] {logging_mixin.py:115} INFO - [2024-05-20 14:45:12,386] {dagbag.py:508} INFO - Filling up the DagBag from /opt/airflow/dags/0-firstdag.py
[2024-05-20 14:45:12,389] {processor.py:651} INFO - DAG(s) dict_keys(['first_dag']) retrieved from /opt/airflow/dags/0-firstdag.py
[2024-05-20 14:45:12,406] {logging_mixin.py:115} INFO - [2024-05-20 14:45:12,406] {dag.py:2420} INFO - Sync 1 DAGs
[2024-05-20 14:45:12,422] {logging_mixin.py:115} INFO - [2024-05-20 14:45:12,422] {dag.py:2972} INFO - Setting next_dagrun for first_dag to None, run_after=None
[2024-05-20 14:45:12,430] {processor.py:161} INFO - Processing /opt/airflow/dags/0-firstdag.py took 0.047 seconds
[2024-05-20 14:45:42,570] {processor.py:153} INFO - Started process (PID=686) to work on /opt/airflow/dags/0-firstdag.py
[2024-05-20 14:45:42,571] {processor.py:641} INFO - Processing file /opt/airflow/dags/0-firstdag.py for tasks to queue
[2024-05-20 14:45:42,571] {logging_mixin.py:115} INFO - [2024-05-20 14:45:42,571] {dagbag.py:508} INFO - Filling up the DagBag from /opt/airflow/dags/0-firstdag.py
[2024-05-20 14:45:42,574] {processor.py:651} INFO - DAG(s) dict_keys(['first_dag']) retrieved from /opt/airflow/dags/0-firstdag.py
[2024-05-20 14:45:42,599] {logging_mixin.py:115} INFO - [2024-05-20 14:45:42,598] {dag.py:2420} INFO - Sync 1 DAGs
[2024-05-20 14:45:42,614] {logging_mixin.py:115} INFO - [2024-05-20 14:45:42,614] {dag.py:2972} INFO - Setting next_dagrun for first_dag to None, run_after=None
[2024-05-20 14:45:42,621] {processor.py:161} INFO - Processing /opt/airflow/dags/0-firstdag.py took 0.053 seconds
[2024-05-20 14:46:12,748] {processor.py:153} INFO - Started process (PID=717) to work on /opt/airflow/dags/0-firstdag.py
[2024-05-20 14:46:12,749] {processor.py:641} INFO - Processing file /opt/airflow/dags/0-firstdag.py for tasks to queue
[2024-05-20 14:46:12,749] {logging_mixin.py:115} INFO - [2024-05-20 14:46:12,749] {dagbag.py:508} INFO - Filling up the DagBag from /opt/airflow/dags/0-firstdag.py
[2024-05-20 14:46:12,751] {processor.py:651} INFO - DAG(s) dict_keys(['first_dag']) retrieved from /opt/airflow/dags/0-firstdag.py
[2024-05-20 14:46:12,768] {logging_mixin.py:115} INFO - [2024-05-20 14:46:12,768] {dag.py:2420} INFO - Sync 1 DAGs
[2024-05-20 14:46:12,780] {logging_mixin.py:115} INFO - [2024-05-20 14:46:12,780] {dag.py:2972} INFO - Setting next_dagrun for first_dag to None, run_after=None
[2024-05-20 14:46:12,788] {processor.py:161} INFO - Processing /opt/airflow/dags/0-firstdag.py took 0.041 seconds
[2024-05-20 14:46:42,926] {processor.py:153} INFO - Started process (PID=748) to work on /opt/airflow/dags/0-firstdag.py
[2024-05-20 14:46:42,927] {processor.py:641} INFO - Processing file /opt/airflow/dags/0-firstdag.py for tasks to queue
[2024-05-20 14:46:42,927] {logging_mixin.py:115} INFO - [2024-05-20 14:46:42,927] {dagbag.py:508} INFO - Filling up the DagBag from /opt/airflow/dags/0-firstdag.py
[2024-05-20 14:46:42,929] {processor.py:651} INFO - DAG(s) dict_keys(['first_dag']) retrieved from /opt/airflow/dags/0-firstdag.py
[2024-05-20 14:46:42,947] {logging_mixin.py:115} INFO - [2024-05-20 14:46:42,947] {dag.py:2420} INFO - Sync 1 DAGs
[2024-05-20 14:46:42,959] {logging_mixin.py:115} INFO - [2024-05-20 14:46:42,959] {dag.py:2972} INFO - Setting next_dagrun for first_dag to None, run_after=None
[2024-05-20 14:46:42,967] {processor.py:161} INFO - Processing /opt/airflow/dags/0-firstdag.py took 0.043 seconds
[2024-05-20 14:47:13,110] {processor.py:153} INFO - Started process (PID=779) to work on /opt/airflow/dags/0-firstdag.py
[2024-05-20 14:47:13,111] {processor.py:641} INFO - Processing file /opt/airflow/dags/0-firstdag.py for tasks to queue
[2024-05-20 14:47:13,111] {logging_mixin.py:115} INFO - [2024-05-20 14:47:13,111] {dagbag.py:508} INFO - Filling up the DagBag from /opt/airflow/dags/0-firstdag.py
[2024-05-20 14:47:13,113] {processor.py:651} INFO - DAG(s) dict_keys(['first_dag']) retrieved from /opt/airflow/dags/0-firstdag.py
[2024-05-20 14:47:13,130] {logging_mixin.py:115} INFO - [2024-05-20 14:47:13,130] {dag.py:2420} INFO - Sync 1 DAGs
[2024-05-20 14:47:13,143] {logging_mixin.py:115} INFO - [2024-05-20 14:47:13,143] {dag.py:2972} INFO - Setting next_dagrun for first_dag to None, run_after=None
[2024-05-20 14:47:13,150] {processor.py:161} INFO - Processing /opt/airflow/dags/0-firstdag.py took 0.042 seconds
[2024-05-20 14:47:43,310] {processor.py:153} INFO - Started process (PID=811) to work on /opt/airflow/dags/0-firstdag.py
[2024-05-20 14:47:43,311] {processor.py:641} INFO - Processing file /opt/airflow/dags/0-firstdag.py for tasks to queue
[2024-05-20 14:47:43,311] {logging_mixin.py:115} INFO - [2024-05-20 14:47:43,311] {dagbag.py:508} INFO - Filling up the DagBag from /opt/airflow/dags/0-firstdag.py
[2024-05-20 14:47:43,313] {processor.py:651} INFO - DAG(s) dict_keys(['first_dag']) retrieved from /opt/airflow/dags/0-firstdag.py
[2024-05-20 14:47:43,330] {logging_mixin.py:115} INFO - [2024-05-20 14:47:43,330] {dag.py:2420} INFO - Sync 1 DAGs
[2024-05-20 14:47:43,342] {logging_mixin.py:115} INFO - [2024-05-20 14:47:43,342] {dag.py:2972} INFO - Setting next_dagrun for first_dag to None, run_after=None
[2024-05-20 14:47:43,349] {processor.py:161} INFO - Processing /opt/airflow/dags/0-firstdag.py took 0.041 seconds
[2024-05-20 14:48:13,501] {processor.py:153} INFO - Started process (PID=833) to work on /opt/airflow/dags/0-firstdag.py
[2024-05-20 14:48:13,501] {processor.py:641} INFO - Processing file /opt/airflow/dags/0-firstdag.py for tasks to queue
[2024-05-20 14:48:13,501] {logging_mixin.py:115} INFO - [2024-05-20 14:48:13,501] {dagbag.py:508} INFO - Filling up the DagBag from /opt/airflow/dags/0-firstdag.py
[2024-05-20 14:48:13,504] {processor.py:651} INFO - DAG(s) dict_keys(['first_dag']) retrieved from /opt/airflow/dags/0-firstdag.py
[2024-05-20 14:48:13,518] {logging_mixin.py:115} INFO - [2024-05-20 14:48:13,518] {dag.py:2420} INFO - Sync 1 DAGs
[2024-05-20 14:48:13,530] {logging_mixin.py:115} INFO - [2024-05-20 14:48:13,530] {dag.py:2972} INFO - Setting next_dagrun for first_dag to None, run_after=None
[2024-05-20 14:48:13,537] {processor.py:161} INFO - Processing /opt/airflow/dags/0-firstdag.py took 0.039 seconds
[2024-05-20 14:48:43,690] {processor.py:153} INFO - Started process (PID=863) to work on /opt/airflow/dags/0-firstdag.py
[2024-05-20 14:48:43,690] {processor.py:641} INFO - Processing file /opt/airflow/dags/0-firstdag.py for tasks to queue
[2024-05-20 14:48:43,691] {logging_mixin.py:115} INFO - [2024-05-20 14:48:43,690] {dagbag.py:508} INFO - Filling up the DagBag from /opt/airflow/dags/0-firstdag.py
[2024-05-20 14:48:43,693] {processor.py:651} INFO - DAG(s) dict_keys(['first_dag']) retrieved from /opt/airflow/dags/0-firstdag.py
[2024-05-20 14:48:43,707] {logging_mixin.py:115} INFO - [2024-05-20 14:48:43,707] {dag.py:2420} INFO - Sync 1 DAGs
[2024-05-20 14:48:43,720] {logging_mixin.py:115} INFO - [2024-05-20 14:48:43,720] {dag.py:2972} INFO - Setting next_dagrun for first_dag to None, run_after=None
[2024-05-20 14:48:43,728] {processor.py:161} INFO - Processing /opt/airflow/dags/0-firstdag.py took 0.041 seconds
[2024-05-20 14:49:13,879] {processor.py:153} INFO - Started process (PID=894) to work on /opt/airflow/dags/0-firstdag.py
[2024-05-20 14:49:13,879] {processor.py:641} INFO - Processing file /opt/airflow/dags/0-firstdag.py for tasks to queue
[2024-05-20 14:49:13,880] {logging_mixin.py:115} INFO - [2024-05-20 14:49:13,879] {dagbag.py:508} INFO - Filling up the DagBag from /opt/airflow/dags/0-firstdag.py
[2024-05-20 14:49:13,882] {processor.py:651} INFO - DAG(s) dict_keys(['first_dag']) retrieved from /opt/airflow/dags/0-firstdag.py
[2024-05-20 14:49:13,897] {logging_mixin.py:115} INFO - [2024-05-20 14:49:13,897] {dag.py:2420} INFO - Sync 1 DAGs
[2024-05-20 14:49:13,909] {logging_mixin.py:115} INFO - [2024-05-20 14:49:13,909] {dag.py:2972} INFO - Setting next_dagrun for first_dag to None, run_after=None
[2024-05-20 14:49:13,916] {processor.py:161} INFO - Processing /opt/airflow/dags/0-firstdag.py took 0.039 seconds
[2024-05-20 14:49:44,061] {processor.py:153} INFO - Started process (PID=925) to work on /opt/airflow/dags/0-firstdag.py
[2024-05-20 14:49:44,062] {processor.py:641} INFO - Processing file /opt/airflow/dags/0-firstdag.py for tasks to queue
[2024-05-20 14:49:44,062] {logging_mixin.py:115} INFO - [2024-05-20 14:49:44,062] {dagbag.py:508} INFO - Filling up the DagBag from /opt/airflow/dags/0-firstdag.py
[2024-05-20 14:49:44,064] {processor.py:651} INFO - DAG(s) dict_keys(['first_dag']) retrieved from /opt/airflow/dags/0-firstdag.py
[2024-05-20 14:49:44,080] {logging_mixin.py:115} INFO - [2024-05-20 14:49:44,080] {dag.py:2420} INFO - Sync 1 DAGs
[2024-05-20 14:49:44,092] {logging_mixin.py:115} INFO - [2024-05-20 14:49:44,092] {dag.py:2972} INFO - Setting next_dagrun for first_dag to None, run_after=None
[2024-05-20 14:49:44,099] {processor.py:161} INFO - Processing /opt/airflow/dags/0-firstdag.py took 0.040 seconds
[2024-05-20 14:50:14,252] {processor.py:153} INFO - Started process (PID=956) to work on /opt/airflow/dags/0-firstdag.py
[2024-05-20 14:50:14,252] {processor.py:641} INFO - Processing file /opt/airflow/dags/0-firstdag.py for tasks to queue
[2024-05-20 14:50:14,252] {logging_mixin.py:115} INFO - [2024-05-20 14:50:14,252] {dagbag.py:508} INFO - Filling up the DagBag from /opt/airflow/dags/0-firstdag.py
[2024-05-20 14:50:14,254] {processor.py:651} INFO - DAG(s) dict_keys(['first_dag']) retrieved from /opt/airflow/dags/0-firstdag.py
[2024-05-20 14:50:14,270] {logging_mixin.py:115} INFO - [2024-05-20 14:50:14,270] {dag.py:2420} INFO - Sync 1 DAGs
[2024-05-20 14:50:14,283] {logging_mixin.py:115} INFO - [2024-05-20 14:50:14,282] {dag.py:2972} INFO - Setting next_dagrun for first_dag to None, run_after=None
[2024-05-20 14:50:14,290] {processor.py:161} INFO - Processing /opt/airflow/dags/0-firstdag.py took 0.041 seconds
[2024-05-20 14:50:44,437] {processor.py:153} INFO - Started process (PID=978) to work on /opt/airflow/dags/0-firstdag.py
[2024-05-20 14:50:44,437] {processor.py:641} INFO - Processing file /opt/airflow/dags/0-firstdag.py for tasks to queue
[2024-05-20 14:50:44,438] {logging_mixin.py:115} INFO - [2024-05-20 14:50:44,438] {dagbag.py:508} INFO - Filling up the DagBag from /opt/airflow/dags/0-firstdag.py
[2024-05-20 14:50:44,440] {processor.py:651} INFO - DAG(s) dict_keys(['first_dag']) retrieved from /opt/airflow/dags/0-firstdag.py
[2024-05-20 14:50:44,455] {logging_mixin.py:115} INFO - [2024-05-20 14:50:44,455] {dag.py:2420} INFO - Sync 1 DAGs
[2024-05-20 14:50:44,468] {logging_mixin.py:115} INFO - [2024-05-20 14:50:44,468] {dag.py:2972} INFO - Setting next_dagrun for first_dag to None, run_after=None
[2024-05-20 14:50:44,476] {processor.py:161} INFO - Processing /opt/airflow/dags/0-firstdag.py took 0.041 seconds
[2024-05-20 14:51:14,628] {processor.py:153} INFO - Started process (PID=1008) to work on /opt/airflow/dags/0-firstdag.py
[2024-05-20 14:51:14,628] {processor.py:641} INFO - Processing file /opt/airflow/dags/0-firstdag.py for tasks to queue
[2024-05-20 14:51:14,629] {logging_mixin.py:115} INFO - [2024-05-20 14:51:14,629] {dagbag.py:508} INFO - Filling up the DagBag from /opt/airflow/dags/0-firstdag.py
[2024-05-20 14:51:14,631] {processor.py:651} INFO - DAG(s) dict_keys(['first_dag']) retrieved from /opt/airflow/dags/0-firstdag.py
[2024-05-20 14:51:14,648] {logging_mixin.py:115} INFO - [2024-05-20 14:51:14,648] {dag.py:2420} INFO - Sync 1 DAGs
[2024-05-20 14:51:14,661] {logging_mixin.py:115} INFO - [2024-05-20 14:51:14,661] {dag.py:2972} INFO - Setting next_dagrun for first_dag to None, run_after=None
[2024-05-20 14:51:14,668] {processor.py:161} INFO - Processing /opt/airflow/dags/0-firstdag.py took 0.042 seconds
[2024-05-20 14:51:44,826] {processor.py:153} INFO - Started process (PID=1039) to work on /opt/airflow/dags/0-firstdag.py
[2024-05-20 14:51:44,826] {processor.py:641} INFO - Processing file /opt/airflow/dags/0-firstdag.py for tasks to queue
[2024-05-20 14:51:44,827] {logging_mixin.py:115} INFO - [2024-05-20 14:51:44,827] {dagbag.py:508} INFO - Filling up the DagBag from /opt/airflow/dags/0-firstdag.py
[2024-05-20 14:51:44,830] {processor.py:651} INFO - DAG(s) dict_keys(['first_dag']) retrieved from /opt/airflow/dags/0-firstdag.py
[2024-05-20 14:51:44,845] {logging_mixin.py:115} INFO - [2024-05-20 14:51:44,845] {dag.py:2420} INFO - Sync 1 DAGs
[2024-05-20 14:51:44,858] {logging_mixin.py:115} INFO - [2024-05-20 14:51:44,858] {dag.py:2972} INFO - Setting next_dagrun for first_dag to None, run_after=None
[2024-05-20 14:51:44,866] {processor.py:161} INFO - Processing /opt/airflow/dags/0-firstdag.py took 0.042 seconds
[2024-05-20 14:52:15,012] {processor.py:153} INFO - Started process (PID=1070) to work on /opt/airflow/dags/0-firstdag.py
[2024-05-20 14:52:15,013] {processor.py:641} INFO - Processing file /opt/airflow/dags/0-firstdag.py for tasks to queue
[2024-05-20 14:52:15,013] {logging_mixin.py:115} INFO - [2024-05-20 14:52:15,013] {dagbag.py:508} INFO - Filling up the DagBag from /opt/airflow/dags/0-firstdag.py
[2024-05-20 14:52:15,015] {processor.py:651} INFO - DAG(s) dict_keys(['first_dag']) retrieved from /opt/airflow/dags/0-firstdag.py
[2024-05-20 14:52:15,030] {logging_mixin.py:115} INFO - [2024-05-20 14:52:15,030] {dag.py:2420} INFO - Sync 1 DAGs
[2024-05-20 14:52:15,042] {logging_mixin.py:115} INFO - [2024-05-20 14:52:15,042] {dag.py:2972} INFO - Setting next_dagrun for first_dag to None, run_after=None
[2024-05-20 14:52:15,049] {processor.py:161} INFO - Processing /opt/airflow/dags/0-firstdag.py took 0.039 seconds
[2024-05-20 14:52:45,216] {processor.py:153} INFO - Started process (PID=1102) to work on /opt/airflow/dags/0-firstdag.py
[2024-05-20 14:52:45,216] {processor.py:641} INFO - Processing file /opt/airflow/dags/0-firstdag.py for tasks to queue
[2024-05-20 14:52:45,216] {logging_mixin.py:115} INFO - [2024-05-20 14:52:45,216] {dagbag.py:508} INFO - Filling up the DagBag from /opt/airflow/dags/0-firstdag.py
[2024-05-20 14:52:45,219] {processor.py:651} INFO - DAG(s) dict_keys(['first_dag']) retrieved from /opt/airflow/dags/0-firstdag.py
[2024-05-20 14:52:45,235] {logging_mixin.py:115} INFO - [2024-05-20 14:52:45,235] {dag.py:2420} INFO - Sync 1 DAGs
[2024-05-20 14:52:45,248] {logging_mixin.py:115} INFO - [2024-05-20 14:52:45,248] {dag.py:2972} INFO - Setting next_dagrun for first_dag to None, run_after=None
[2024-05-20 14:52:45,255] {processor.py:161} INFO - Processing /opt/airflow/dags/0-firstdag.py took 0.042 seconds
[2024-05-20 14:53:15,410] {processor.py:153} INFO - Started process (PID=1124) to work on /opt/airflow/dags/0-firstdag.py
[2024-05-20 14:53:15,410] {processor.py:641} INFO - Processing file /opt/airflow/dags/0-firstdag.py for tasks to queue
[2024-05-20 14:53:15,411] {logging_mixin.py:115} INFO - [2024-05-20 14:53:15,410] {dagbag.py:508} INFO - Filling up the DagBag from /opt/airflow/dags/0-firstdag.py
[2024-05-20 14:53:15,413] {processor.py:651} INFO - DAG(s) dict_keys(['first_dag']) retrieved from /opt/airflow/dags/0-firstdag.py
[2024-05-20 14:53:15,431] {logging_mixin.py:115} INFO - [2024-05-20 14:53:15,431] {dag.py:2420} INFO - Sync 1 DAGs
[2024-05-20 14:53:15,449] {logging_mixin.py:115} INFO - [2024-05-20 14:53:15,449] {dag.py:2972} INFO - Setting next_dagrun for first_dag to None, run_after=None
[2024-05-20 14:53:15,457] {processor.py:161} INFO - Processing /opt/airflow/dags/0-firstdag.py took 0.051 seconds
[2024-05-20 14:53:45,649] {processor.py:153} INFO - Started process (PID=1156) to work on /opt/airflow/dags/0-firstdag.py
[2024-05-20 14:53:45,650] {processor.py:641} INFO - Processing file /opt/airflow/dags/0-firstdag.py for tasks to queue
[2024-05-20 14:53:45,650] {logging_mixin.py:115} INFO - [2024-05-20 14:53:45,650] {dagbag.py:508} INFO - Filling up the DagBag from /opt/airflow/dags/0-firstdag.py
[2024-05-20 14:53:45,652] {processor.py:651} INFO - DAG(s) dict_keys(['first_dag']) retrieved from /opt/airflow/dags/0-firstdag.py
[2024-05-20 14:53:45,671] {logging_mixin.py:115} INFO - [2024-05-20 14:53:45,671] {dag.py:2420} INFO - Sync 1 DAGs
[2024-05-20 14:53:45,684] {logging_mixin.py:115} INFO - [2024-05-20 14:53:45,684] {dag.py:2972} INFO - Setting next_dagrun for first_dag to None, run_after=None
[2024-05-20 14:53:45,692] {processor.py:161} INFO - Processing /opt/airflow/dags/0-firstdag.py took 0.045 seconds
[2024-05-20 14:54:15,852] {processor.py:153} INFO - Started process (PID=1187) to work on /opt/airflow/dags/0-firstdag.py
[2024-05-20 14:54:15,853] {processor.py:641} INFO - Processing file /opt/airflow/dags/0-firstdag.py for tasks to queue
[2024-05-20 14:54:15,853] {logging_mixin.py:115} INFO - [2024-05-20 14:54:15,853] {dagbag.py:508} INFO - Filling up the DagBag from /opt/airflow/dags/0-firstdag.py
[2024-05-20 14:54:15,855] {processor.py:651} INFO - DAG(s) dict_keys(['first_dag']) retrieved from /opt/airflow/dags/0-firstdag.py
[2024-05-20 14:54:15,871] {logging_mixin.py:115} INFO - [2024-05-20 14:54:15,871] {dag.py:2420} INFO - Sync 1 DAGs
[2024-05-20 14:54:15,884] {logging_mixin.py:115} INFO - [2024-05-20 14:54:15,884] {dag.py:2972} INFO - Setting next_dagrun for first_dag to None, run_after=None
[2024-05-20 14:54:15,891] {processor.py:161} INFO - Processing /opt/airflow/dags/0-firstdag.py took 0.041 seconds
[2024-05-20 14:54:46,047] {processor.py:153} INFO - Started process (PID=1218) to work on /opt/airflow/dags/0-firstdag.py
[2024-05-20 14:54:46,048] {processor.py:641} INFO - Processing file /opt/airflow/dags/0-firstdag.py for tasks to queue
[2024-05-20 14:54:46,048] {logging_mixin.py:115} INFO - [2024-05-20 14:54:46,048] {dagbag.py:508} INFO - Filling up the DagBag from /opt/airflow/dags/0-firstdag.py
[2024-05-20 14:54:46,050] {processor.py:651} INFO - DAG(s) dict_keys(['first_dag']) retrieved from /opt/airflow/dags/0-firstdag.py
[2024-05-20 14:54:46,067] {logging_mixin.py:115} INFO - [2024-05-20 14:54:46,066] {dag.py:2420} INFO - Sync 1 DAGs
[2024-05-20 14:54:46,080] {logging_mixin.py:115} INFO - [2024-05-20 14:54:46,080] {dag.py:2972} INFO - Setting next_dagrun for first_dag to None, run_after=None
[2024-05-20 14:54:46,088] {processor.py:161} INFO - Processing /opt/airflow/dags/0-firstdag.py took 0.043 seconds
[2024-05-20 14:55:16,261] {processor.py:153} INFO - Started process (PID=1249) to work on /opt/airflow/dags/0-firstdag.py
[2024-05-20 14:55:16,261] {processor.py:641} INFO - Processing file /opt/airflow/dags/0-firstdag.py for tasks to queue
[2024-05-20 14:55:16,262] {logging_mixin.py:115} INFO - [2024-05-20 14:55:16,261] {dagbag.py:508} INFO - Filling up the DagBag from /opt/airflow/dags/0-firstdag.py
[2024-05-20 14:55:16,264] {processor.py:651} INFO - DAG(s) dict_keys(['first_dag']) retrieved from /opt/airflow/dags/0-firstdag.py
[2024-05-20 14:55:16,286] {logging_mixin.py:115} INFO - [2024-05-20 14:55:16,286] {dag.py:2420} INFO - Sync 1 DAGs
[2024-05-20 14:55:16,299] {logging_mixin.py:115} INFO - [2024-05-20 14:55:16,299] {dag.py:2972} INFO - Setting next_dagrun for first_dag to None, run_after=None
[2024-05-20 14:55:16,309] {processor.py:161} INFO - Processing /opt/airflow/dags/0-firstdag.py took 0.051 seconds
[2024-05-20 14:55:46,462] {processor.py:153} INFO - Started process (PID=1271) to work on /opt/airflow/dags/0-firstdag.py
[2024-05-20 14:55:46,463] {processor.py:641} INFO - Processing file /opt/airflow/dags/0-firstdag.py for tasks to queue
[2024-05-20 14:55:46,463] {logging_mixin.py:115} INFO - [2024-05-20 14:55:46,463] {dagbag.py:508} INFO - Filling up the DagBag from /opt/airflow/dags/0-firstdag.py
[2024-05-20 14:55:46,465] {processor.py:651} INFO - DAG(s) dict_keys(['first_dag']) retrieved from /opt/airflow/dags/0-firstdag.py
[2024-05-20 14:55:46,481] {logging_mixin.py:115} INFO - [2024-05-20 14:55:46,481] {dag.py:2420} INFO - Sync 1 DAGs
[2024-05-20 14:55:46,494] {logging_mixin.py:115} INFO - [2024-05-20 14:55:46,493] {dag.py:2972} INFO - Setting next_dagrun for first_dag to None, run_after=None
[2024-05-20 14:55:46,500] {processor.py:161} INFO - Processing /opt/airflow/dags/0-firstdag.py took 0.040 seconds
[2024-05-20 14:56:16,653] {processor.py:153} INFO - Started process (PID=1302) to work on /opt/airflow/dags/0-firstdag.py
[2024-05-20 14:56:16,654] {processor.py:641} INFO - Processing file /opt/airflow/dags/0-firstdag.py for tasks to queue
[2024-05-20 14:56:16,654] {logging_mixin.py:115} INFO - [2024-05-20 14:56:16,654] {dagbag.py:508} INFO - Filling up the DagBag from /opt/airflow/dags/0-firstdag.py
[2024-05-20 14:56:16,656] {processor.py:651} INFO - DAG(s) dict_keys(['first_dag']) retrieved from /opt/airflow/dags/0-firstdag.py
[2024-05-20 14:56:16,673] {logging_mixin.py:115} INFO - [2024-05-20 14:56:16,673] {dag.py:2420} INFO - Sync 1 DAGs
[2024-05-20 14:56:16,687] {logging_mixin.py:115} INFO - [2024-05-20 14:56:16,687] {dag.py:2972} INFO - Setting next_dagrun for first_dag to None, run_after=None
[2024-05-20 14:56:16,695] {processor.py:161} INFO - Processing /opt/airflow/dags/0-firstdag.py took 0.044 seconds
[2024-05-20 14:56:46,884] {processor.py:153} INFO - Started process (PID=1333) to work on /opt/airflow/dags/0-firstdag.py
[2024-05-20 14:56:46,885] {processor.py:641} INFO - Processing file /opt/airflow/dags/0-firstdag.py for tasks to queue
[2024-05-20 14:56:46,885] {logging_mixin.py:115} INFO - [2024-05-20 14:56:46,885] {dagbag.py:508} INFO - Filling up the DagBag from /opt/airflow/dags/0-firstdag.py
[2024-05-20 14:56:46,887] {processor.py:651} INFO - DAG(s) dict_keys(['first_dag']) retrieved from /opt/airflow/dags/0-firstdag.py
[2024-05-20 14:56:46,903] {logging_mixin.py:115} INFO - [2024-05-20 14:56:46,903] {dag.py:2420} INFO - Sync 1 DAGs
[2024-05-20 14:56:46,916] {logging_mixin.py:115} INFO - [2024-05-20 14:56:46,916] {dag.py:2972} INFO - Setting next_dagrun for first_dag to None, run_after=None
[2024-05-20 14:56:46,940] {processor.py:161} INFO - Processing /opt/airflow/dags/0-firstdag.py took 0.060 seconds
[2024-05-20 14:57:17,115] {processor.py:153} INFO - Started process (PID=1364) to work on /opt/airflow/dags/0-firstdag.py
[2024-05-20 14:57:17,115] {processor.py:641} INFO - Processing file /opt/airflow/dags/0-firstdag.py for tasks to queue
[2024-05-20 14:57:17,116] {logging_mixin.py:115} INFO - [2024-05-20 14:57:17,115] {dagbag.py:508} INFO - Filling up the DagBag from /opt/airflow/dags/0-firstdag.py
[2024-05-20 14:57:17,118] {processor.py:651} INFO - DAG(s) dict_keys(['first_dag']) retrieved from /opt/airflow/dags/0-firstdag.py
[2024-05-20 14:57:17,133] {logging_mixin.py:115} INFO - [2024-05-20 14:57:17,133] {dag.py:2420} INFO - Sync 1 DAGs
[2024-05-20 14:57:17,146] {logging_mixin.py:115} INFO - [2024-05-20 14:57:17,146] {dag.py:2972} INFO - Setting next_dagrun for first_dag to None, run_after=None
[2024-05-20 14:57:17,165] {processor.py:161} INFO - Processing /opt/airflow/dags/0-firstdag.py took 0.052 seconds
[2024-05-20 14:57:47,327] {processor.py:153} INFO - Started process (PID=1395) to work on /opt/airflow/dags/0-firstdag.py
[2024-05-20 14:57:47,327] {processor.py:641} INFO - Processing file /opt/airflow/dags/0-firstdag.py for tasks to queue
[2024-05-20 14:57:47,327] {logging_mixin.py:115} INFO - [2024-05-20 14:57:47,327] {dagbag.py:508} INFO - Filling up the DagBag from /opt/airflow/dags/0-firstdag.py
[2024-05-20 14:57:47,329] {processor.py:651} INFO - DAG(s) dict_keys(['first_dag']) retrieved from /opt/airflow/dags/0-firstdag.py
[2024-05-20 14:57:47,347] {logging_mixin.py:115} INFO - [2024-05-20 14:57:47,347] {dag.py:2420} INFO - Sync 1 DAGs
[2024-05-20 14:57:47,362] {logging_mixin.py:115} INFO - [2024-05-20 14:57:47,362] {dag.py:2972} INFO - Setting next_dagrun for first_dag to None, run_after=None
[2024-05-20 14:57:47,370] {processor.py:161} INFO - Processing /opt/airflow/dags/0-firstdag.py took 0.046 seconds
[2024-05-20 14:58:17,548] {processor.py:153} INFO - Started process (PID=1417) to work on /opt/airflow/dags/0-firstdag.py
[2024-05-20 14:58:17,549] {processor.py:641} INFO - Processing file /opt/airflow/dags/0-firstdag.py for tasks to queue
[2024-05-20 14:58:17,549] {logging_mixin.py:115} INFO - [2024-05-20 14:58:17,549] {dagbag.py:508} INFO - Filling up the DagBag from /opt/airflow/dags/0-firstdag.py
[2024-05-20 14:58:17,551] {processor.py:651} INFO - DAG(s) dict_keys(['first_dag']) retrieved from /opt/airflow/dags/0-firstdag.py
[2024-05-20 14:58:17,568] {logging_mixin.py:115} INFO - [2024-05-20 14:58:17,568] {dag.py:2420} INFO - Sync 1 DAGs
[2024-05-20 14:58:17,580] {logging_mixin.py:115} INFO - [2024-05-20 14:58:17,580] {dag.py:2972} INFO - Setting next_dagrun for first_dag to None, run_after=None
[2024-05-20 14:58:17,590] {processor.py:161} INFO - Processing /opt/airflow/dags/0-firstdag.py took 0.044 seconds
[2024-05-20 14:58:47,759] {processor.py:153} INFO - Started process (PID=1448) to work on /opt/airflow/dags/0-firstdag.py
[2024-05-20 14:58:47,760] {processor.py:641} INFO - Processing file /opt/airflow/dags/0-firstdag.py for tasks to queue
[2024-05-20 14:58:47,760] {logging_mixin.py:115} INFO - [2024-05-20 14:58:47,760] {dagbag.py:508} INFO - Filling up the DagBag from /opt/airflow/dags/0-firstdag.py
[2024-05-20 14:58:47,764] {processor.py:651} INFO - DAG(s) dict_keys(['first_dag']) retrieved from /opt/airflow/dags/0-firstdag.py
[2024-05-20 14:58:47,784] {logging_mixin.py:115} INFO - [2024-05-20 14:58:47,784] {dag.py:2420} INFO - Sync 1 DAGs
[2024-05-20 14:58:47,802] {logging_mixin.py:115} INFO - [2024-05-20 14:58:47,802] {dag.py:2972} INFO - Setting next_dagrun for first_dag to None, run_after=None
[2024-05-20 14:58:47,810] {processor.py:161} INFO - Processing /opt/airflow/dags/0-firstdag.py took 0.053 seconds
[2024-05-20 14:59:17,972] {processor.py:153} INFO - Started process (PID=1479) to work on /opt/airflow/dags/0-firstdag.py
[2024-05-20 14:59:17,972] {processor.py:641} INFO - Processing file /opt/airflow/dags/0-firstdag.py for tasks to queue
[2024-05-20 14:59:17,973] {logging_mixin.py:115} INFO - [2024-05-20 14:59:17,973] {dagbag.py:508} INFO - Filling up the DagBag from /opt/airflow/dags/0-firstdag.py
[2024-05-20 14:59:17,975] {processor.py:651} INFO - DAG(s) dict_keys(['first_dag']) retrieved from /opt/airflow/dags/0-firstdag.py
[2024-05-20 14:59:17,992] {logging_mixin.py:115} INFO - [2024-05-20 14:59:17,992] {dag.py:2420} INFO - Sync 1 DAGs
[2024-05-20 14:59:18,007] {logging_mixin.py:115} INFO - [2024-05-20 14:59:18,007] {dag.py:2972} INFO - Setting next_dagrun for first_dag to None, run_after=None
[2024-05-20 14:59:18,015] {processor.py:161} INFO - Processing /opt/airflow/dags/0-firstdag.py took 0.045 seconds
[2024-05-20 14:59:48,203] {processor.py:153} INFO - Started process (PID=1512) to work on /opt/airflow/dags/0-firstdag.py
[2024-05-20 14:59:48,203] {processor.py:641} INFO - Processing file /opt/airflow/dags/0-firstdag.py for tasks to queue
[2024-05-20 14:59:48,204] {logging_mixin.py:115} INFO - [2024-05-20 14:59:48,204] {dagbag.py:508} INFO - Filling up the DagBag from /opt/airflow/dags/0-firstdag.py
[2024-05-20 14:59:48,208] {processor.py:651} INFO - DAG(s) dict_keys(['first_dag']) retrieved from /opt/airflow/dags/0-firstdag.py
[2024-05-20 14:59:48,229] {logging_mixin.py:115} INFO - [2024-05-20 14:59:48,228] {dag.py:2420} INFO - Sync 1 DAGs
[2024-05-20 14:59:48,243] {logging_mixin.py:115} INFO - [2024-05-20 14:59:48,243] {dag.py:2972} INFO - Setting next_dagrun for first_dag to None, run_after=None
[2024-05-20 14:59:48,252] {processor.py:161} INFO - Processing /opt/airflow/dags/0-firstdag.py took 0.052 seconds
[2024-05-20 15:00:18,424] {processor.py:153} INFO - Started process (PID=1535) to work on /opt/airflow/dags/0-firstdag.py
[2024-05-20 15:00:18,425] {processor.py:641} INFO - Processing file /opt/airflow/dags/0-firstdag.py for tasks to queue
[2024-05-20 15:00:18,426] {logging_mixin.py:115} INFO - [2024-05-20 15:00:18,426] {dagbag.py:508} INFO - Filling up the DagBag from /opt/airflow/dags/0-firstdag.py
[2024-05-20 15:00:18,430] {processor.py:651} INFO - DAG(s) dict_keys(['first_dag']) retrieved from /opt/airflow/dags/0-firstdag.py
[2024-05-20 15:00:18,451] {logging_mixin.py:115} INFO - [2024-05-20 15:00:18,451] {dag.py:2420} INFO - Sync 1 DAGs
[2024-05-20 15:00:18,469] {logging_mixin.py:115} INFO - [2024-05-20 15:00:18,469] {dag.py:2972} INFO - Setting next_dagrun for first_dag to None, run_after=None
[2024-05-20 15:00:18,480] {processor.py:161} INFO - Processing /opt/airflow/dags/0-firstdag.py took 0.059 seconds
[2024-05-20 15:00:48,661] {processor.py:153} INFO - Started process (PID=1567) to work on /opt/airflow/dags/0-firstdag.py
[2024-05-20 15:00:48,661] {processor.py:641} INFO - Processing file /opt/airflow/dags/0-firstdag.py for tasks to queue
[2024-05-20 15:00:48,662] {logging_mixin.py:115} INFO - [2024-05-20 15:00:48,662] {dagbag.py:508} INFO - Filling up the DagBag from /opt/airflow/dags/0-firstdag.py
[2024-05-20 15:00:48,666] {processor.py:651} INFO - DAG(s) dict_keys(['first_dag']) retrieved from /opt/airflow/dags/0-firstdag.py
[2024-05-20 15:00:48,683] {logging_mixin.py:115} INFO - [2024-05-20 15:00:48,683] {dag.py:2420} INFO - Sync 1 DAGs
[2024-05-20 15:00:48,697] {logging_mixin.py:115} INFO - [2024-05-20 15:00:48,697] {dag.py:2972} INFO - Setting next_dagrun for first_dag to None, run_after=None
[2024-05-20 15:00:48,705] {processor.py:161} INFO - Processing /opt/airflow/dags/0-firstdag.py took 0.047 seconds
[2024-05-20 15:01:18,906] {processor.py:153} INFO - Started process (PID=1599) to work on /opt/airflow/dags/0-firstdag.py
[2024-05-20 15:01:18,907] {processor.py:641} INFO - Processing file /opt/airflow/dags/0-firstdag.py for tasks to queue
[2024-05-20 15:01:18,907] {logging_mixin.py:115} INFO - [2024-05-20 15:01:18,907] {dagbag.py:508} INFO - Filling up the DagBag from /opt/airflow/dags/0-firstdag.py
[2024-05-20 15:01:18,910] {processor.py:651} INFO - DAG(s) dict_keys(['first_dag']) retrieved from /opt/airflow/dags/0-firstdag.py
[2024-05-20 15:01:18,930] {logging_mixin.py:115} INFO - [2024-05-20 15:01:18,930] {dag.py:2420} INFO - Sync 1 DAGs
[2024-05-20 15:01:18,945] {logging_mixin.py:115} INFO - [2024-05-20 15:01:18,945] {dag.py:2972} INFO - Setting next_dagrun for first_dag to None, run_after=None
[2024-05-20 15:01:18,954] {processor.py:161} INFO - Processing /opt/airflow/dags/0-firstdag.py took 0.049 seconds
[2024-05-20 15:01:49,140] {processor.py:153} INFO - Started process (PID=1631) to work on /opt/airflow/dags/0-firstdag.py
[2024-05-20 15:01:49,141] {processor.py:641} INFO - Processing file /opt/airflow/dags/0-firstdag.py for tasks to queue
[2024-05-20 15:01:49,141] {logging_mixin.py:115} INFO - [2024-05-20 15:01:49,141] {dagbag.py:508} INFO - Filling up the DagBag from /opt/airflow/dags/0-firstdag.py
[2024-05-20 15:01:49,145] {processor.py:651} INFO - DAG(s) dict_keys(['first_dag']) retrieved from /opt/airflow/dags/0-firstdag.py
[2024-05-20 15:01:49,162] {logging_mixin.py:115} INFO - [2024-05-20 15:01:49,162] {dag.py:2420} INFO - Sync 1 DAGs
[2024-05-20 15:01:49,177] {logging_mixin.py:115} INFO - [2024-05-20 15:01:49,177] {dag.py:2972} INFO - Setting next_dagrun for first_dag to None, run_after=None
[2024-05-20 15:01:49,184] {processor.py:161} INFO - Processing /opt/airflow/dags/0-firstdag.py took 0.047 seconds
[2024-05-20 15:02:19,408] {processor.py:153} INFO - Started process (PID=1663) to work on /opt/airflow/dags/0-firstdag.py
[2024-05-20 15:02:19,408] {processor.py:641} INFO - Processing file /opt/airflow/dags/0-firstdag.py for tasks to queue
[2024-05-20 15:02:19,408] {logging_mixin.py:115} INFO - [2024-05-20 15:02:19,408] {dagbag.py:508} INFO - Filling up the DagBag from /opt/airflow/dags/0-firstdag.py
[2024-05-20 15:02:19,411] {processor.py:651} INFO - DAG(s) dict_keys(['first_dag']) retrieved from /opt/airflow/dags/0-firstdag.py
[2024-05-20 15:02:19,429] {logging_mixin.py:115} INFO - [2024-05-20 15:02:19,429] {dag.py:2420} INFO - Sync 1 DAGs
[2024-05-20 15:02:19,442] {logging_mixin.py:115} INFO - [2024-05-20 15:02:19,442] {dag.py:2972} INFO - Setting next_dagrun for first_dag to None, run_after=None
[2024-05-20 15:02:19,451] {processor.py:161} INFO - Processing /opt/airflow/dags/0-firstdag.py took 0.045 seconds
[2024-05-20 15:02:49,647] {processor.py:153} INFO - Started process (PID=1686) to work on /opt/airflow/dags/0-firstdag.py
[2024-05-20 15:02:49,648] {processor.py:641} INFO - Processing file /opt/airflow/dags/0-firstdag.py for tasks to queue
[2024-05-20 15:02:49,648] {logging_mixin.py:115} INFO - [2024-05-20 15:02:49,648] {dagbag.py:508} INFO - Filling up the DagBag from /opt/airflow/dags/0-firstdag.py
[2024-05-20 15:02:49,650] {processor.py:651} INFO - DAG(s) dict_keys(['first_dag']) retrieved from /opt/airflow/dags/0-firstdag.py
[2024-05-20 15:02:49,667] {logging_mixin.py:115} INFO - [2024-05-20 15:02:49,667] {dag.py:2420} INFO - Sync 1 DAGs
[2024-05-20 15:02:49,680] {logging_mixin.py:115} INFO - [2024-05-20 15:02:49,680] {dag.py:2972} INFO - Setting next_dagrun for first_dag to None, run_after=None
[2024-05-20 15:02:49,689] {processor.py:161} INFO - Processing /opt/airflow/dags/0-firstdag.py took 0.043 seconds
[2024-05-20 15:03:19,890] {processor.py:153} INFO - Started process (PID=1718) to work on /opt/airflow/dags/0-firstdag.py
[2024-05-20 15:03:19,890] {processor.py:641} INFO - Processing file /opt/airflow/dags/0-firstdag.py for tasks to queue
[2024-05-20 15:03:19,891] {logging_mixin.py:115} INFO - [2024-05-20 15:03:19,891] {dagbag.py:508} INFO - Filling up the DagBag from /opt/airflow/dags/0-firstdag.py
[2024-05-20 15:03:19,893] {processor.py:651} INFO - DAG(s) dict_keys(['first_dag']) retrieved from /opt/airflow/dags/0-firstdag.py
[2024-05-20 15:03:19,910] {logging_mixin.py:115} INFO - [2024-05-20 15:03:19,910] {dag.py:2420} INFO - Sync 1 DAGs
[2024-05-20 15:03:19,925] {logging_mixin.py:115} INFO - [2024-05-20 15:03:19,925] {dag.py:2972} INFO - Setting next_dagrun for first_dag to None, run_after=None
[2024-05-20 15:03:19,935] {processor.py:161} INFO - Processing /opt/airflow/dags/0-firstdag.py took 0.047 seconds
[2024-05-20 15:03:50,126] {processor.py:153} INFO - Started process (PID=1750) to work on /opt/airflow/dags/0-firstdag.py
[2024-05-20 15:03:50,126] {processor.py:641} INFO - Processing file /opt/airflow/dags/0-firstdag.py for tasks to queue
[2024-05-20 15:03:50,127] {logging_mixin.py:115} INFO - [2024-05-20 15:03:50,127] {dagbag.py:508} INFO - Filling up the DagBag from /opt/airflow/dags/0-firstdag.py
[2024-05-20 15:03:50,129] {processor.py:651} INFO - DAG(s) dict_keys(['first_dag']) retrieved from /opt/airflow/dags/0-firstdag.py
[2024-05-20 15:03:50,151] {logging_mixin.py:115} INFO - [2024-05-20 15:03:50,151] {dag.py:2420} INFO - Sync 1 DAGs
[2024-05-20 15:03:50,165] {logging_mixin.py:115} INFO - [2024-05-20 15:03:50,165] {dag.py:2972} INFO - Setting next_dagrun for first_dag to None, run_after=None
[2024-05-20 15:03:50,172] {processor.py:161} INFO - Processing /opt/airflow/dags/0-firstdag.py took 0.048 seconds
[2024-05-20 15:04:20,377] {processor.py:153} INFO - Started process (PID=1782) to work on /opt/airflow/dags/0-firstdag.py
[2024-05-20 15:04:20,377] {processor.py:641} INFO - Processing file /opt/airflow/dags/0-firstdag.py for tasks to queue
[2024-05-20 15:04:20,378] {logging_mixin.py:115} INFO - [2024-05-20 15:04:20,378] {dagbag.py:508} INFO - Filling up the DagBag from /opt/airflow/dags/0-firstdag.py
[2024-05-20 15:04:20,382] {processor.py:651} INFO - DAG(s) dict_keys(['first_dag']) retrieved from /opt/airflow/dags/0-firstdag.py
[2024-05-20 15:04:20,401] {logging_mixin.py:115} INFO - [2024-05-20 15:04:20,401] {dag.py:2420} INFO - Sync 1 DAGs
[2024-05-20 15:04:20,416] {logging_mixin.py:115} INFO - [2024-05-20 15:04:20,416] {dag.py:2972} INFO - Setting next_dagrun for first_dag to None, run_after=None
[2024-05-20 15:04:20,425] {processor.py:161} INFO - Processing /opt/airflow/dags/0-firstdag.py took 0.050 seconds
[2024-05-20 15:04:50,629] {processor.py:153} INFO - Started process (PID=1805) to work on /opt/airflow/dags/0-firstdag.py
[2024-05-20 15:04:50,629] {processor.py:641} INFO - Processing file /opt/airflow/dags/0-firstdag.py for tasks to queue
[2024-05-20 15:04:50,630] {logging_mixin.py:115} INFO - [2024-05-20 15:04:50,630] {dagbag.py:508} INFO - Filling up the DagBag from /opt/airflow/dags/0-firstdag.py
[2024-05-20 15:04:50,633] {processor.py:651} INFO - DAG(s) dict_keys(['first_dag']) retrieved from /opt/airflow/dags/0-firstdag.py
[2024-05-20 15:04:50,650] {logging_mixin.py:115} INFO - [2024-05-20 15:04:50,650] {dag.py:2420} INFO - Sync 1 DAGs
[2024-05-20 15:04:50,666] {logging_mixin.py:115} INFO - [2024-05-20 15:04:50,666] {dag.py:2972} INFO - Setting next_dagrun for first_dag to None, run_after=None
[2024-05-20 15:04:50,674] {processor.py:161} INFO - Processing /opt/airflow/dags/0-firstdag.py took 0.048 seconds
[2024-05-20 15:05:20,872] {processor.py:153} INFO - Started process (PID=1837) to work on /opt/airflow/dags/0-firstdag.py
[2024-05-20 15:05:20,873] {processor.py:641} INFO - Processing file /opt/airflow/dags/0-firstdag.py for tasks to queue
[2024-05-20 15:05:20,873] {logging_mixin.py:115} INFO - [2024-05-20 15:05:20,873] {dagbag.py:508} INFO - Filling up the DagBag from /opt/airflow/dags/0-firstdag.py
[2024-05-20 15:05:20,876] {processor.py:651} INFO - DAG(s) dict_keys(['first_dag']) retrieved from /opt/airflow/dags/0-firstdag.py
[2024-05-20 15:05:20,893] {logging_mixin.py:115} INFO - [2024-05-20 15:05:20,893] {dag.py:2420} INFO - Sync 1 DAGs
[2024-05-20 15:05:20,908] {logging_mixin.py:115} INFO - [2024-05-20 15:05:20,908] {dag.py:2972} INFO - Setting next_dagrun for first_dag to None, run_after=None
[2024-05-20 15:05:20,915] {processor.py:161} INFO - Processing /opt/airflow/dags/0-firstdag.py took 0.046 seconds
[2024-05-20 15:05:51,093] {processor.py:153} INFO - Started process (PID=1869) to work on /opt/airflow/dags/0-firstdag.py
[2024-05-20 15:05:51,094] {processor.py:641} INFO - Processing file /opt/airflow/dags/0-firstdag.py for tasks to queue
[2024-05-20 15:05:51,094] {logging_mixin.py:115} INFO - [2024-05-20 15:05:51,094] {dagbag.py:508} INFO - Filling up the DagBag from /opt/airflow/dags/0-firstdag.py
[2024-05-20 15:05:51,097] {processor.py:651} INFO - DAG(s) dict_keys(['first_dag']) retrieved from /opt/airflow/dags/0-firstdag.py
[2024-05-20 15:05:51,116] {logging_mixin.py:115} INFO - [2024-05-20 15:05:51,116] {dag.py:2420} INFO - Sync 1 DAGs
[2024-05-20 15:05:51,130] {logging_mixin.py:115} INFO - [2024-05-20 15:05:51,130] {dag.py:2972} INFO - Setting next_dagrun for first_dag to None, run_after=None
[2024-05-20 15:05:51,139] {processor.py:161} INFO - Processing /opt/airflow/dags/0-firstdag.py took 0.049 seconds
[2024-05-20 15:06:21,338] {processor.py:153} INFO - Started process (PID=1901) to work on /opt/airflow/dags/0-firstdag.py
[2024-05-20 15:06:21,338] {processor.py:641} INFO - Processing file /opt/airflow/dags/0-firstdag.py for tasks to queue
[2024-05-20 15:06:21,339] {logging_mixin.py:115} INFO - [2024-05-20 15:06:21,338] {dagbag.py:508} INFO - Filling up the DagBag from /opt/airflow/dags/0-firstdag.py
[2024-05-20 15:06:21,341] {processor.py:651} INFO - DAG(s) dict_keys(['first_dag']) retrieved from /opt/airflow/dags/0-firstdag.py
[2024-05-20 15:06:21,360] {logging_mixin.py:115} INFO - [2024-05-20 15:06:21,360] {dag.py:2420} INFO - Sync 1 DAGs
[2024-05-20 15:06:21,374] {logging_mixin.py:115} INFO - [2024-05-20 15:06:21,374] {dag.py:2972} INFO - Setting next_dagrun for first_dag to None, run_after=None
[2024-05-20 15:06:21,383] {processor.py:161} INFO - Processing /opt/airflow/dags/0-firstdag.py took 0.047 seconds
[2024-05-20 15:06:51,615] {processor.py:153} INFO - Started process (PID=1933) to work on /opt/airflow/dags/0-firstdag.py
[2024-05-20 15:06:51,615] {processor.py:641} INFO - Processing file /opt/airflow/dags/0-firstdag.py for tasks to queue
[2024-05-20 15:06:51,616] {logging_mixin.py:115} INFO - [2024-05-20 15:06:51,616] {dagbag.py:508} INFO - Filling up the DagBag from /opt/airflow/dags/0-firstdag.py
[2024-05-20 15:06:51,620] {processor.py:651} INFO - DAG(s) dict_keys(['first_dag']) retrieved from /opt/airflow/dags/0-firstdag.py
[2024-05-20 15:06:51,641] {logging_mixin.py:115} INFO - [2024-05-20 15:06:51,641] {dag.py:2420} INFO - Sync 1 DAGs
[2024-05-20 15:06:51,660] {logging_mixin.py:115} INFO - [2024-05-20 15:06:51,659] {dag.py:2972} INFO - Setting next_dagrun for first_dag to None, run_after=None
[2024-05-20 15:06:51,673] {processor.py:161} INFO - Processing /opt/airflow/dags/0-firstdag.py took 0.062 seconds
[2024-05-20 15:07:21,854] {processor.py:153} INFO - Started process (PID=1956) to work on /opt/airflow/dags/0-firstdag.py
[2024-05-20 15:07:21,854] {processor.py:641} INFO - Processing file /opt/airflow/dags/0-firstdag.py for tasks to queue
[2024-05-20 15:07:21,855] {logging_mixin.py:115} INFO - [2024-05-20 15:07:21,855] {dagbag.py:508} INFO - Filling up the DagBag from /opt/airflow/dags/0-firstdag.py
[2024-05-20 15:07:21,858] {processor.py:651} INFO - DAG(s) dict_keys(['first_dag']) retrieved from /opt/airflow/dags/0-firstdag.py
[2024-05-20 15:07:21,877] {logging_mixin.py:115} INFO - [2024-05-20 15:07:21,877] {dag.py:2420} INFO - Sync 1 DAGs
[2024-05-20 15:07:21,890] {logging_mixin.py:115} INFO - [2024-05-20 15:07:21,890] {dag.py:2972} INFO - Setting next_dagrun for first_dag to None, run_after=None
[2024-05-20 15:07:21,898] {processor.py:161} INFO - Processing /opt/airflow/dags/0-firstdag.py took 0.047 seconds
[2024-05-20 15:07:52,092] {processor.py:153} INFO - Started process (PID=1988) to work on /opt/airflow/dags/0-firstdag.py
[2024-05-20 15:07:52,093] {processor.py:641} INFO - Processing file /opt/airflow/dags/0-firstdag.py for tasks to queue
[2024-05-20 15:07:52,093] {logging_mixin.py:115} INFO - [2024-05-20 15:07:52,093] {dagbag.py:508} INFO - Filling up the DagBag from /opt/airflow/dags/0-firstdag.py
[2024-05-20 15:07:52,096] {processor.py:651} INFO - DAG(s) dict_keys(['first_dag']) retrieved from /opt/airflow/dags/0-firstdag.py
[2024-05-20 15:07:52,116] {logging_mixin.py:115} INFO - [2024-05-20 15:07:52,116] {dag.py:2420} INFO - Sync 1 DAGs
[2024-05-20 15:07:52,131] {logging_mixin.py:115} INFO - [2024-05-20 15:07:52,131] {dag.py:2972} INFO - Setting next_dagrun for first_dag to None, run_after=None
[2024-05-20 15:07:52,139] {processor.py:161} INFO - Processing /opt/airflow/dags/0-firstdag.py took 0.049 seconds
[2024-05-20 15:08:22,337] {processor.py:153} INFO - Started process (PID=2020) to work on /opt/airflow/dags/0-firstdag.py
[2024-05-20 15:08:22,338] {processor.py:641} INFO - Processing file /opt/airflow/dags/0-firstdag.py for tasks to queue
[2024-05-20 15:08:22,338] {logging_mixin.py:115} INFO - [2024-05-20 15:08:22,338] {dagbag.py:508} INFO - Filling up the DagBag from /opt/airflow/dags/0-firstdag.py
[2024-05-20 15:08:22,341] {processor.py:651} INFO - DAG(s) dict_keys(['first_dag']) retrieved from /opt/airflow/dags/0-firstdag.py
[2024-05-20 15:08:22,363] {logging_mixin.py:115} INFO - [2024-05-20 15:08:22,363] {dag.py:2420} INFO - Sync 1 DAGs
[2024-05-20 15:08:22,378] {logging_mixin.py:115} INFO - [2024-05-20 15:08:22,378] {dag.py:2972} INFO - Setting next_dagrun for first_dag to None, run_after=None
[2024-05-20 15:08:22,386] {processor.py:161} INFO - Processing /opt/airflow/dags/0-firstdag.py took 0.052 seconds
[2024-05-20 15:08:52,587] {processor.py:153} INFO - Started process (PID=2052) to work on /opt/airflow/dags/0-firstdag.py
[2024-05-20 15:08:52,588] {processor.py:641} INFO - Processing file /opt/airflow/dags/0-firstdag.py for tasks to queue
[2024-05-20 15:08:52,588] {logging_mixin.py:115} INFO - [2024-05-20 15:08:52,588] {dagbag.py:508} INFO - Filling up the DagBag from /opt/airflow/dags/0-firstdag.py
[2024-05-20 15:08:52,591] {processor.py:651} INFO - DAG(s) dict_keys(['first_dag']) retrieved from /opt/airflow/dags/0-firstdag.py
[2024-05-20 15:08:52,611] {logging_mixin.py:115} INFO - [2024-05-20 15:08:52,611] {dag.py:2420} INFO - Sync 1 DAGs
[2024-05-20 15:08:52,626] {logging_mixin.py:115} INFO - [2024-05-20 15:08:52,625] {dag.py:2972} INFO - Setting next_dagrun for first_dag to None, run_after=None
[2024-05-20 15:08:52,634] {processor.py:161} INFO - Processing /opt/airflow/dags/0-firstdag.py took 0.049 seconds
[2024-05-20 15:09:22,829] {processor.py:153} INFO - Started process (PID=2075) to work on /opt/airflow/dags/0-firstdag.py
[2024-05-20 15:09:22,830] {processor.py:641} INFO - Processing file /opt/airflow/dags/0-firstdag.py for tasks to queue
[2024-05-20 15:09:22,831] {logging_mixin.py:115} INFO - [2024-05-20 15:09:22,830] {dagbag.py:508} INFO - Filling up the DagBag from /opt/airflow/dags/0-firstdag.py
[2024-05-20 15:09:22,833] {processor.py:651} INFO - DAG(s) dict_keys(['first_dag']) retrieved from /opt/airflow/dags/0-firstdag.py
[2024-05-20 15:09:22,853] {logging_mixin.py:115} INFO - [2024-05-20 15:09:22,853] {dag.py:2420} INFO - Sync 1 DAGs
[2024-05-20 15:09:22,866] {logging_mixin.py:115} INFO - [2024-05-20 15:09:22,866] {dag.py:2972} INFO - Setting next_dagrun for first_dag to None, run_after=None
[2024-05-20 15:09:22,874] {processor.py:161} INFO - Processing /opt/airflow/dags/0-firstdag.py took 0.047 seconds
[2024-05-20 15:09:53,078] {processor.py:153} INFO - Started process (PID=2107) to work on /opt/airflow/dags/0-firstdag.py
[2024-05-20 15:09:53,079] {processor.py:641} INFO - Processing file /opt/airflow/dags/0-firstdag.py for tasks to queue
[2024-05-20 15:09:53,079] {logging_mixin.py:115} INFO - [2024-05-20 15:09:53,079] {dagbag.py:508} INFO - Filling up the DagBag from /opt/airflow/dags/0-firstdag.py
[2024-05-20 15:09:53,081] {processor.py:651} INFO - DAG(s) dict_keys(['first_dag']) retrieved from /opt/airflow/dags/0-firstdag.py
[2024-05-20 15:09:53,100] {logging_mixin.py:115} INFO - [2024-05-20 15:09:53,099] {dag.py:2420} INFO - Sync 1 DAGs
[2024-05-20 15:09:53,113] {logging_mixin.py:115} INFO - [2024-05-20 15:09:53,113] {dag.py:2972} INFO - Setting next_dagrun for first_dag to None, run_after=None
[2024-05-20 15:09:53,121] {processor.py:161} INFO - Processing /opt/airflow/dags/0-firstdag.py took 0.045 seconds
[2024-05-20 15:10:23,331] {processor.py:153} INFO - Started process (PID=2139) to work on /opt/airflow/dags/0-firstdag.py
[2024-05-20 15:10:23,332] {processor.py:641} INFO - Processing file /opt/airflow/dags/0-firstdag.py for tasks to queue
[2024-05-20 15:10:23,333] {logging_mixin.py:115} INFO - [2024-05-20 15:10:23,333] {dagbag.py:508} INFO - Filling up the DagBag from /opt/airflow/dags/0-firstdag.py
[2024-05-20 15:10:23,337] {processor.py:651} INFO - DAG(s) dict_keys(['first_dag']) retrieved from /opt/airflow/dags/0-firstdag.py
[2024-05-20 15:10:23,354] {logging_mixin.py:115} INFO - [2024-05-20 15:10:23,354] {dag.py:2420} INFO - Sync 1 DAGs
[2024-05-20 15:10:23,370] {logging_mixin.py:115} INFO - [2024-05-20 15:10:23,370] {dag.py:2972} INFO - Setting next_dagrun for first_dag to None, run_after=None
[2024-05-20 15:10:23,378] {processor.py:161} INFO - Processing /opt/airflow/dags/0-firstdag.py took 0.050 seconds
[2024-05-20 15:10:53,604] {processor.py:153} INFO - Started process (PID=2171) to work on /opt/airflow/dags/0-firstdag.py
[2024-05-20 15:10:53,605] {processor.py:641} INFO - Processing file /opt/airflow/dags/0-firstdag.py for tasks to queue
[2024-05-20 15:10:53,605] {logging_mixin.py:115} INFO - [2024-05-20 15:10:53,605] {dagbag.py:508} INFO - Filling up the DagBag from /opt/airflow/dags/0-firstdag.py
[2024-05-20 15:10:53,608] {processor.py:651} INFO - DAG(s) dict_keys(['first_dag']) retrieved from /opt/airflow/dags/0-firstdag.py
[2024-05-20 15:10:53,627] {logging_mixin.py:115} INFO - [2024-05-20 15:10:53,627] {dag.py:2420} INFO - Sync 1 DAGs
[2024-05-20 15:10:53,643] {logging_mixin.py:115} INFO - [2024-05-20 15:10:53,642] {dag.py:2972} INFO - Setting next_dagrun for first_dag to None, run_after=None
[2024-05-20 15:10:53,651] {processor.py:161} INFO - Processing /opt/airflow/dags/0-firstdag.py took 0.050 seconds
[2024-05-20 15:11:23,889] {processor.py:153} INFO - Started process (PID=2203) to work on /opt/airflow/dags/0-firstdag.py
[2024-05-20 15:11:23,890] {processor.py:641} INFO - Processing file /opt/airflow/dags/0-firstdag.py for tasks to queue
[2024-05-20 15:11:23,890] {logging_mixin.py:115} INFO - [2024-05-20 15:11:23,890] {dagbag.py:508} INFO - Filling up the DagBag from /opt/airflow/dags/0-firstdag.py
[2024-05-20 15:11:23,893] {processor.py:651} INFO - DAG(s) dict_keys(['first_dag']) retrieved from /opt/airflow/dags/0-firstdag.py
[2024-05-20 15:11:23,914] {logging_mixin.py:115} INFO - [2024-05-20 15:11:23,914] {dag.py:2420} INFO - Sync 1 DAGs
[2024-05-20 15:11:23,930] {logging_mixin.py:115} INFO - [2024-05-20 15:11:23,930] {dag.py:2972} INFO - Setting next_dagrun for first_dag to None, run_after=None
[2024-05-20 15:11:23,938] {processor.py:161} INFO - Processing /opt/airflow/dags/0-firstdag.py took 0.052 seconds
[2024-05-20 15:11:54,132] {processor.py:153} INFO - Started process (PID=2226) to work on /opt/airflow/dags/0-firstdag.py
[2024-05-20 15:11:54,133] {processor.py:641} INFO - Processing file /opt/airflow/dags/0-firstdag.py for tasks to queue
[2024-05-20 15:11:54,133] {logging_mixin.py:115} INFO - [2024-05-20 15:11:54,133] {dagbag.py:508} INFO - Filling up the DagBag from /opt/airflow/dags/0-firstdag.py
[2024-05-20 15:11:54,135] {processor.py:651} INFO - DAG(s) dict_keys(['first_dag']) retrieved from /opt/airflow/dags/0-firstdag.py
[2024-05-20 15:11:54,152] {logging_mixin.py:115} INFO - [2024-05-20 15:11:54,152] {dag.py:2420} INFO - Sync 1 DAGs
[2024-05-20 15:11:54,168] {logging_mixin.py:115} INFO - [2024-05-20 15:11:54,168] {dag.py:2972} INFO - Setting next_dagrun for first_dag to None, run_after=None
[2024-05-20 15:11:54,175] {processor.py:161} INFO - Processing /opt/airflow/dags/0-firstdag.py took 0.046 seconds
[2024-05-20 15:12:24,386] {processor.py:153} INFO - Started process (PID=2258) to work on /opt/airflow/dags/0-firstdag.py
[2024-05-20 15:12:24,387] {processor.py:641} INFO - Processing file /opt/airflow/dags/0-firstdag.py for tasks to queue
[2024-05-20 15:12:24,388] {logging_mixin.py:115} INFO - [2024-05-20 15:12:24,388] {dagbag.py:508} INFO - Filling up the DagBag from /opt/airflow/dags/0-firstdag.py
[2024-05-20 15:12:24,390] {processor.py:651} INFO - DAG(s) dict_keys(['first_dag']) retrieved from /opt/airflow/dags/0-firstdag.py
[2024-05-20 15:12:24,412] {logging_mixin.py:115} INFO - [2024-05-20 15:12:24,412] {dag.py:2420} INFO - Sync 1 DAGs
[2024-05-20 15:12:24,426] {logging_mixin.py:115} INFO - [2024-05-20 15:12:24,426] {dag.py:2972} INFO - Setting next_dagrun for first_dag to None, run_after=None
[2024-05-20 15:12:24,434] {processor.py:161} INFO - Processing /opt/airflow/dags/0-firstdag.py took 0.051 seconds
[2024-05-20 15:12:54,636] {processor.py:153} INFO - Started process (PID=2290) to work on /opt/airflow/dags/0-firstdag.py
[2024-05-20 15:12:54,637] {processor.py:641} INFO - Processing file /opt/airflow/dags/0-firstdag.py for tasks to queue
[2024-05-20 15:12:54,637] {logging_mixin.py:115} INFO - [2024-05-20 15:12:54,637] {dagbag.py:508} INFO - Filling up the DagBag from /opt/airflow/dags/0-firstdag.py
[2024-05-20 15:12:54,640] {processor.py:651} INFO - DAG(s) dict_keys(['first_dag']) retrieved from /opt/airflow/dags/0-firstdag.py
[2024-05-20 15:12:54,657] {logging_mixin.py:115} INFO - [2024-05-20 15:12:54,657] {dag.py:2420} INFO - Sync 1 DAGs
[2024-05-20 15:12:54,674] {logging_mixin.py:115} INFO - [2024-05-20 15:12:54,674] {dag.py:2972} INFO - Setting next_dagrun for first_dag to None, run_after=None
[2024-05-20 15:12:54,681] {processor.py:161} INFO - Processing /opt/airflow/dags/0-firstdag.py took 0.049 seconds
[2024-05-20 15:13:24,871] {processor.py:153} INFO - Started process (PID=2322) to work on /opt/airflow/dags/0-firstdag.py
[2024-05-20 15:13:24,872] {processor.py:641} INFO - Processing file /opt/airflow/dags/0-firstdag.py for tasks to queue
[2024-05-20 15:13:24,872] {logging_mixin.py:115} INFO - [2024-05-20 15:13:24,872] {dagbag.py:508} INFO - Filling up the DagBag from /opt/airflow/dags/0-firstdag.py
[2024-05-20 15:13:24,875] {processor.py:651} INFO - DAG(s) dict_keys(['first_dag']) retrieved from /opt/airflow/dags/0-firstdag.py
[2024-05-20 15:13:24,890] {logging_mixin.py:115} INFO - [2024-05-20 15:13:24,890] {dag.py:2420} INFO - Sync 1 DAGs
[2024-05-20 15:13:24,903] {logging_mixin.py:115} INFO - [2024-05-20 15:13:24,903] {dag.py:2972} INFO - Setting next_dagrun for first_dag to None, run_after=None
[2024-05-20 15:13:24,910] {processor.py:161} INFO - Processing /opt/airflow/dags/0-firstdag.py took 0.041 seconds
[2024-05-20 15:13:55,091] {processor.py:153} INFO - Started process (PID=2345) to work on /opt/airflow/dags/0-firstdag.py
[2024-05-20 15:13:55,092] {processor.py:641} INFO - Processing file /opt/airflow/dags/0-firstdag.py for tasks to queue
[2024-05-20 15:13:55,092] {logging_mixin.py:115} INFO - [2024-05-20 15:13:55,092] {dagbag.py:508} INFO - Filling up the DagBag from /opt/airflow/dags/0-firstdag.py
[2024-05-20 15:13:55,094] {processor.py:651} INFO - DAG(s) dict_keys(['first_dag']) retrieved from /opt/airflow/dags/0-firstdag.py
[2024-05-20 15:13:55,112] {logging_mixin.py:115} INFO - [2024-05-20 15:13:55,112] {dag.py:2420} INFO - Sync 1 DAGs
[2024-05-20 15:13:55,127] {logging_mixin.py:115} INFO - [2024-05-20 15:13:55,127] {dag.py:2972} INFO - Setting next_dagrun for first_dag to None, run_after=None
[2024-05-20 15:13:55,136] {processor.py:161} INFO - Processing /opt/airflow/dags/0-firstdag.py took 0.046 seconds
[2024-05-20 15:14:25,316] {processor.py:153} INFO - Started process (PID=2377) to work on /opt/airflow/dags/0-firstdag.py
[2024-05-20 15:14:25,316] {processor.py:641} INFO - Processing file /opt/airflow/dags/0-firstdag.py for tasks to queue
[2024-05-20 15:14:25,317] {logging_mixin.py:115} INFO - [2024-05-20 15:14:25,317] {dagbag.py:508} INFO - Filling up the DagBag from /opt/airflow/dags/0-firstdag.py
[2024-05-20 15:14:25,319] {processor.py:651} INFO - DAG(s) dict_keys(['first_dag']) retrieved from /opt/airflow/dags/0-firstdag.py
[2024-05-20 15:14:25,335] {logging_mixin.py:115} INFO - [2024-05-20 15:14:25,335] {dag.py:2420} INFO - Sync 1 DAGs
[2024-05-20 15:14:25,348] {logging_mixin.py:115} INFO - [2024-05-20 15:14:25,348] {dag.py:2972} INFO - Setting next_dagrun for first_dag to None, run_after=None
[2024-05-20 15:14:25,355] {processor.py:161} INFO - Processing /opt/airflow/dags/0-firstdag.py took 0.041 seconds
[2024-05-20 15:14:55,553] {processor.py:153} INFO - Started process (PID=2409) to work on /opt/airflow/dags/0-firstdag.py
[2024-05-20 15:14:55,553] {processor.py:641} INFO - Processing file /opt/airflow/dags/0-firstdag.py for tasks to queue
[2024-05-20 15:14:55,554] {logging_mixin.py:115} INFO - [2024-05-20 15:14:55,554] {dagbag.py:508} INFO - Filling up the DagBag from /opt/airflow/dags/0-firstdag.py
[2024-05-20 15:14:55,557] {processor.py:651} INFO - DAG(s) dict_keys(['first_dag']) retrieved from /opt/airflow/dags/0-firstdag.py
[2024-05-20 15:14:55,577] {logging_mixin.py:115} INFO - [2024-05-20 15:14:55,577] {dag.py:2420} INFO - Sync 1 DAGs
[2024-05-20 15:14:55,592] {logging_mixin.py:115} INFO - [2024-05-20 15:14:55,592] {dag.py:2972} INFO - Setting next_dagrun for first_dag to None, run_after=None
[2024-05-20 15:14:55,600] {processor.py:161} INFO - Processing /opt/airflow/dags/0-firstdag.py took 0.050 seconds
[2024-05-20 15:15:25,790] {processor.py:153} INFO - Started process (PID=2441) to work on /opt/airflow/dags/0-firstdag.py
[2024-05-20 15:15:25,790] {processor.py:641} INFO - Processing file /opt/airflow/dags/0-firstdag.py for tasks to queue
[2024-05-20 15:15:25,791] {logging_mixin.py:115} INFO - [2024-05-20 15:15:25,791] {dagbag.py:508} INFO - Filling up the DagBag from /opt/airflow/dags/0-firstdag.py
[2024-05-20 15:15:25,793] {processor.py:651} INFO - DAG(s) dict_keys(['first_dag']) retrieved from /opt/airflow/dags/0-firstdag.py
[2024-05-20 15:15:25,811] {logging_mixin.py:115} INFO - [2024-05-20 15:15:25,811] {dag.py:2420} INFO - Sync 1 DAGs
[2024-05-20 15:15:25,825] {logging_mixin.py:115} INFO - [2024-05-20 15:15:25,825] {dag.py:2972} INFO - Setting next_dagrun for first_dag to None, run_after=None
[2024-05-20 15:15:25,833] {processor.py:161} INFO - Processing /opt/airflow/dags/0-firstdag.py took 0.045 seconds
[2024-05-20 15:15:56,031] {processor.py:153} INFO - Started process (PID=2473) to work on /opt/airflow/dags/0-firstdag.py
[2024-05-20 15:15:56,032] {processor.py:641} INFO - Processing file /opt/airflow/dags/0-firstdag.py for tasks to queue
[2024-05-20 15:15:56,033] {logging_mixin.py:115} INFO - [2024-05-20 15:15:56,033] {dagbag.py:508} INFO - Filling up the DagBag from /opt/airflow/dags/0-firstdag.py
[2024-05-20 15:15:56,036] {processor.py:651} INFO - DAG(s) dict_keys(['first_dag']) retrieved from /opt/airflow/dags/0-firstdag.py
[2024-05-20 15:15:56,055] {logging_mixin.py:115} INFO - [2024-05-20 15:15:56,055] {dag.py:2420} INFO - Sync 1 DAGs
[2024-05-20 15:15:56,070] {logging_mixin.py:115} INFO - [2024-05-20 15:15:56,069] {dag.py:2972} INFO - Setting next_dagrun for first_dag to None, run_after=None
[2024-05-20 15:15:56,078] {processor.py:161} INFO - Processing /opt/airflow/dags/0-firstdag.py took 0.050 seconds
[2024-05-20 15:16:26,273] {processor.py:153} INFO - Started process (PID=2496) to work on /opt/airflow/dags/0-firstdag.py
[2024-05-20 15:16:26,274] {processor.py:641} INFO - Processing file /opt/airflow/dags/0-firstdag.py for tasks to queue
[2024-05-20 15:16:26,274] {logging_mixin.py:115} INFO - [2024-05-20 15:16:26,274] {dagbag.py:508} INFO - Filling up the DagBag from /opt/airflow/dags/0-firstdag.py
[2024-05-20 15:16:26,276] {processor.py:651} INFO - DAG(s) dict_keys(['first_dag']) retrieved from /opt/airflow/dags/0-firstdag.py
[2024-05-20 15:16:26,294] {logging_mixin.py:115} INFO - [2024-05-20 15:16:26,294] {dag.py:2420} INFO - Sync 1 DAGs
[2024-05-20 15:16:26,308] {logging_mixin.py:115} INFO - [2024-05-20 15:16:26,308] {dag.py:2972} INFO - Setting next_dagrun for first_dag to None, run_after=None
[2024-05-20 15:16:26,316] {processor.py:161} INFO - Processing /opt/airflow/dags/0-firstdag.py took 0.046 seconds
[2024-05-20 15:16:56,521] {processor.py:153} INFO - Started process (PID=2528) to work on /opt/airflow/dags/0-firstdag.py
[2024-05-20 15:16:56,521] {processor.py:641} INFO - Processing file /opt/airflow/dags/0-firstdag.py for tasks to queue
[2024-05-20 15:16:56,522] {logging_mixin.py:115} INFO - [2024-05-20 15:16:56,522] {dagbag.py:508} INFO - Filling up the DagBag from /opt/airflow/dags/0-firstdag.py
[2024-05-20 15:16:56,524] {processor.py:651} INFO - DAG(s) dict_keys(['first_dag']) retrieved from /opt/airflow/dags/0-firstdag.py
[2024-05-20 15:16:56,543] {logging_mixin.py:115} INFO - [2024-05-20 15:16:56,543] {dag.py:2420} INFO - Sync 1 DAGs
[2024-05-20 15:16:56,557] {logging_mixin.py:115} INFO - [2024-05-20 15:16:56,557] {dag.py:2972} INFO - Setting next_dagrun for first_dag to None, run_after=None
[2024-05-20 15:16:56,565] {processor.py:161} INFO - Processing /opt/airflow/dags/0-firstdag.py took 0.047 seconds
[2024-05-20 15:17:26,770] {processor.py:153} INFO - Started process (PID=2559) to work on /opt/airflow/dags/0-firstdag.py
[2024-05-20 15:17:26,771] {processor.py:641} INFO - Processing file /opt/airflow/dags/0-firstdag.py for tasks to queue
[2024-05-20 15:17:26,771] {logging_mixin.py:115} INFO - [2024-05-20 15:17:26,771] {dagbag.py:508} INFO - Filling up the DagBag from /opt/airflow/dags/0-firstdag.py
[2024-05-20 15:17:26,774] {processor.py:651} INFO - DAG(s) dict_keys(['first_dag']) retrieved from /opt/airflow/dags/0-firstdag.py
[2024-05-20 15:17:26,794] {logging_mixin.py:115} INFO - [2024-05-20 15:17:26,794] {dag.py:2420} INFO - Sync 1 DAGs
[2024-05-20 15:17:26,809] {logging_mixin.py:115} INFO - [2024-05-20 15:17:26,809] {dag.py:2972} INFO - Setting next_dagrun for first_dag to None, run_after=None
[2024-05-20 15:17:26,816] {processor.py:161} INFO - Processing /opt/airflow/dags/0-firstdag.py took 0.048 seconds
[2024-05-20 15:17:57,016] {processor.py:153} INFO - Started process (PID=2591) to work on /opt/airflow/dags/0-firstdag.py
[2024-05-20 15:17:57,016] {processor.py:641} INFO - Processing file /opt/airflow/dags/0-firstdag.py for tasks to queue
[2024-05-20 15:17:57,017] {logging_mixin.py:115} INFO - [2024-05-20 15:17:57,017] {dagbag.py:508} INFO - Filling up the DagBag from /opt/airflow/dags/0-firstdag.py
[2024-05-20 15:17:57,019] {processor.py:651} INFO - DAG(s) dict_keys(['first_dag']) retrieved from /opt/airflow/dags/0-firstdag.py
[2024-05-20 15:17:57,037] {logging_mixin.py:115} INFO - [2024-05-20 15:17:57,037] {dag.py:2420} INFO - Sync 1 DAGs
[2024-05-20 15:17:57,051] {logging_mixin.py:115} INFO - [2024-05-20 15:17:57,051] {dag.py:2972} INFO - Setting next_dagrun for first_dag to None, run_after=None
[2024-05-20 15:17:57,059] {processor.py:161} INFO - Processing /opt/airflow/dags/0-firstdag.py took 0.046 seconds
[2024-05-20 15:18:27,261] {processor.py:153} INFO - Started process (PID=2623) to work on /opt/airflow/dags/0-firstdag.py
[2024-05-20 15:18:27,261] {processor.py:641} INFO - Processing file /opt/airflow/dags/0-firstdag.py for tasks to queue
[2024-05-20 15:18:27,262] {logging_mixin.py:115} INFO - [2024-05-20 15:18:27,261] {dagbag.py:508} INFO - Filling up the DagBag from /opt/airflow/dags/0-firstdag.py
[2024-05-20 15:18:27,264] {processor.py:651} INFO - DAG(s) dict_keys(['first_dag']) retrieved from /opt/airflow/dags/0-firstdag.py
[2024-05-20 15:18:27,281] {logging_mixin.py:115} INFO - [2024-05-20 15:18:27,281] {dag.py:2420} INFO - Sync 1 DAGs
[2024-05-20 15:18:27,295] {logging_mixin.py:115} INFO - [2024-05-20 15:18:27,295] {dag.py:2972} INFO - Setting next_dagrun for first_dag to None, run_after=None
[2024-05-20 15:18:27,303] {processor.py:161} INFO - Processing /opt/airflow/dags/0-firstdag.py took 0.045 seconds
[2024-05-20 15:18:57,519] {processor.py:153} INFO - Started process (PID=2646) to work on /opt/airflow/dags/0-firstdag.py
[2024-05-20 15:18:57,520] {processor.py:641} INFO - Processing file /opt/airflow/dags/0-firstdag.py for tasks to queue
[2024-05-20 15:18:57,520] {logging_mixin.py:115} INFO - [2024-05-20 15:18:57,520] {dagbag.py:508} INFO - Filling up the DagBag from /opt/airflow/dags/0-firstdag.py
[2024-05-20 15:18:57,523] {processor.py:651} INFO - DAG(s) dict_keys(['first_dag']) retrieved from /opt/airflow/dags/0-firstdag.py
[2024-05-20 15:18:57,543] {logging_mixin.py:115} INFO - [2024-05-20 15:18:57,543] {dag.py:2420} INFO - Sync 1 DAGs
[2024-05-20 15:18:57,560] {logging_mixin.py:115} INFO - [2024-05-20 15:18:57,560] {dag.py:2972} INFO - Setting next_dagrun for first_dag to None, run_after=None
[2024-05-20 15:18:57,570] {processor.py:161} INFO - Processing /opt/airflow/dags/0-firstdag.py took 0.054 seconds
[2024-05-20 15:19:27,752] {processor.py:153} INFO - Started process (PID=2678) to work on /opt/airflow/dags/0-firstdag.py
[2024-05-20 15:19:27,753] {processor.py:641} INFO - Processing file /opt/airflow/dags/0-firstdag.py for tasks to queue
[2024-05-20 15:19:27,753] {logging_mixin.py:115} INFO - [2024-05-20 15:19:27,753] {dagbag.py:508} INFO - Filling up the DagBag from /opt/airflow/dags/0-firstdag.py
[2024-05-20 15:19:27,756] {processor.py:651} INFO - DAG(s) dict_keys(['first_dag']) retrieved from /opt/airflow/dags/0-firstdag.py
[2024-05-20 15:19:27,772] {logging_mixin.py:115} INFO - [2024-05-20 15:19:27,772] {dag.py:2420} INFO - Sync 1 DAGs
[2024-05-20 15:19:27,784] {logging_mixin.py:115} INFO - [2024-05-20 15:19:27,784] {dag.py:2972} INFO - Setting next_dagrun for first_dag to None, run_after=None
[2024-05-20 15:19:27,792] {processor.py:161} INFO - Processing /opt/airflow/dags/0-firstdag.py took 0.042 seconds
[2024-05-20 15:19:57,982] {processor.py:153} INFO - Started process (PID=2710) to work on /opt/airflow/dags/0-firstdag.py
[2024-05-20 15:19:57,983] {processor.py:641} INFO - Processing file /opt/airflow/dags/0-firstdag.py for tasks to queue
[2024-05-20 15:19:57,983] {logging_mixin.py:115} INFO - [2024-05-20 15:19:57,983] {dagbag.py:508} INFO - Filling up the DagBag from /opt/airflow/dags/0-firstdag.py
[2024-05-20 15:19:57,985] {processor.py:651} INFO - DAG(s) dict_keys(['first_dag']) retrieved from /opt/airflow/dags/0-firstdag.py
[2024-05-20 15:19:58,001] {logging_mixin.py:115} INFO - [2024-05-20 15:19:58,001] {dag.py:2420} INFO - Sync 1 DAGs
[2024-05-20 15:19:58,016] {logging_mixin.py:115} INFO - [2024-05-20 15:19:58,016] {dag.py:2972} INFO - Setting next_dagrun for first_dag to None, run_after=None
[2024-05-20 15:19:58,024] {processor.py:161} INFO - Processing /opt/airflow/dags/0-firstdag.py took 0.044 seconds
[2024-05-20 15:20:28,208] {processor.py:153} INFO - Started process (PID=2742) to work on /opt/airflow/dags/0-firstdag.py
[2024-05-20 15:20:28,209] {processor.py:641} INFO - Processing file /opt/airflow/dags/0-firstdag.py for tasks to queue
[2024-05-20 15:20:28,209] {logging_mixin.py:115} INFO - [2024-05-20 15:20:28,209] {dagbag.py:508} INFO - Filling up the DagBag from /opt/airflow/dags/0-firstdag.py
[2024-05-20 15:20:28,212] {processor.py:651} INFO - DAG(s) dict_keys(['first_dag']) retrieved from /opt/airflow/dags/0-firstdag.py
[2024-05-20 15:20:28,229] {logging_mixin.py:115} INFO - [2024-05-20 15:20:28,229] {dag.py:2420} INFO - Sync 1 DAGs
[2024-05-20 15:20:28,242] {logging_mixin.py:115} INFO - [2024-05-20 15:20:28,242] {dag.py:2972} INFO - Setting next_dagrun for first_dag to None, run_after=None
[2024-05-20 15:20:28,251] {processor.py:161} INFO - Processing /opt/airflow/dags/0-firstdag.py took 0.045 seconds
[2024-05-20 15:20:58,456] {processor.py:153} INFO - Started process (PID=2774) to work on /opt/airflow/dags/0-firstdag.py
[2024-05-20 15:20:58,456] {processor.py:641} INFO - Processing file /opt/airflow/dags/0-firstdag.py for tasks to queue
[2024-05-20 15:20:58,457] {logging_mixin.py:115} INFO - [2024-05-20 15:20:58,457] {dagbag.py:508} INFO - Filling up the DagBag from /opt/airflow/dags/0-firstdag.py
[2024-05-20 15:20:58,459] {processor.py:651} INFO - DAG(s) dict_keys(['first_dag']) retrieved from /opt/airflow/dags/0-firstdag.py
[2024-05-20 15:20:58,474] {logging_mixin.py:115} INFO - [2024-05-20 15:20:58,474] {dag.py:2420} INFO - Sync 1 DAGs
[2024-05-20 15:20:58,487] {logging_mixin.py:115} INFO - [2024-05-20 15:20:58,487] {dag.py:2972} INFO - Setting next_dagrun for first_dag to None, run_after=None
[2024-05-20 15:20:58,493] {processor.py:161} INFO - Processing /opt/airflow/dags/0-firstdag.py took 0.039 seconds
[2024-05-20 15:21:28,685] {processor.py:153} INFO - Started process (PID=2797) to work on /opt/airflow/dags/0-firstdag.py
[2024-05-20 15:21:28,686] {processor.py:641} INFO - Processing file /opt/airflow/dags/0-firstdag.py for tasks to queue
[2024-05-20 15:21:28,686] {logging_mixin.py:115} INFO - [2024-05-20 15:21:28,686] {dagbag.py:508} INFO - Filling up the DagBag from /opt/airflow/dags/0-firstdag.py
[2024-05-20 15:21:28,688] {processor.py:651} INFO - DAG(s) dict_keys(['first_dag']) retrieved from /opt/airflow/dags/0-firstdag.py
[2024-05-20 15:21:28,704] {logging_mixin.py:115} INFO - [2024-05-20 15:21:28,704] {dag.py:2420} INFO - Sync 1 DAGs
[2024-05-20 15:21:28,718] {logging_mixin.py:115} INFO - [2024-05-20 15:21:28,718] {dag.py:2972} INFO - Setting next_dagrun for first_dag to None, run_after=None
[2024-05-20 15:21:28,725] {processor.py:161} INFO - Processing /opt/airflow/dags/0-firstdag.py took 0.042 seconds
[2024-05-20 15:21:58,915] {processor.py:153} INFO - Started process (PID=2829) to work on /opt/airflow/dags/0-firstdag.py
[2024-05-20 15:21:58,916] {processor.py:641} INFO - Processing file /opt/airflow/dags/0-firstdag.py for tasks to queue
[2024-05-20 15:21:58,916] {logging_mixin.py:115} INFO - [2024-05-20 15:21:58,916] {dagbag.py:508} INFO - Filling up the DagBag from /opt/airflow/dags/0-firstdag.py
[2024-05-20 15:21:58,919] {processor.py:651} INFO - DAG(s) dict_keys(['first_dag']) retrieved from /opt/airflow/dags/0-firstdag.py
[2024-05-20 15:21:58,937] {logging_mixin.py:115} INFO - [2024-05-20 15:21:58,937] {dag.py:2420} INFO - Sync 1 DAGs
[2024-05-20 15:21:58,950] {logging_mixin.py:115} INFO - [2024-05-20 15:21:58,950] {dag.py:2972} INFO - Setting next_dagrun for first_dag to None, run_after=None
[2024-05-20 15:21:58,958] {processor.py:161} INFO - Processing /opt/airflow/dags/0-firstdag.py took 0.044 seconds
[2024-05-20 15:22:29,144] {processor.py:153} INFO - Started process (PID=2861) to work on /opt/airflow/dags/0-firstdag.py
[2024-05-20 15:22:29,144] {processor.py:641} INFO - Processing file /opt/airflow/dags/0-firstdag.py for tasks to queue
[2024-05-20 15:22:29,145] {logging_mixin.py:115} INFO - [2024-05-20 15:22:29,145] {dagbag.py:508} INFO - Filling up the DagBag from /opt/airflow/dags/0-firstdag.py
[2024-05-20 15:22:29,147] {processor.py:651} INFO - DAG(s) dict_keys(['first_dag']) retrieved from /opt/airflow/dags/0-firstdag.py
[2024-05-20 15:22:29,164] {logging_mixin.py:115} INFO - [2024-05-20 15:22:29,164] {dag.py:2420} INFO - Sync 1 DAGs
[2024-05-20 15:22:29,177] {logging_mixin.py:115} INFO - [2024-05-20 15:22:29,177] {dag.py:2972} INFO - Setting next_dagrun for first_dag to None, run_after=None
[2024-05-20 15:22:29,184] {processor.py:161} INFO - Processing /opt/airflow/dags/0-firstdag.py took 0.042 seconds
[2024-05-20 15:22:59,366] {processor.py:153} INFO - Started process (PID=2892) to work on /opt/airflow/dags/0-firstdag.py
[2024-05-20 15:22:59,367] {processor.py:641} INFO - Processing file /opt/airflow/dags/0-firstdag.py for tasks to queue
[2024-05-20 15:22:59,367] {logging_mixin.py:115} INFO - [2024-05-20 15:22:59,367] {dagbag.py:508} INFO - Filling up the DagBag from /opt/airflow/dags/0-firstdag.py
[2024-05-20 15:22:59,370] {processor.py:651} INFO - DAG(s) dict_keys(['first_dag']) retrieved from /opt/airflow/dags/0-firstdag.py
[2024-05-20 15:22:59,385] {logging_mixin.py:115} INFO - [2024-05-20 15:22:59,385] {dag.py:2420} INFO - Sync 1 DAGs
[2024-05-20 15:22:59,399] {logging_mixin.py:115} INFO - [2024-05-20 15:22:59,399] {dag.py:2972} INFO - Setting next_dagrun for first_dag to None, run_after=None
[2024-05-20 15:22:59,407] {processor.py:161} INFO - Processing /opt/airflow/dags/0-firstdag.py took 0.043 seconds
[2024-05-20 15:23:29,602] {processor.py:153} INFO - Started process (PID=2924) to work on /opt/airflow/dags/0-firstdag.py
[2024-05-20 15:23:29,603] {processor.py:641} INFO - Processing file /opt/airflow/dags/0-firstdag.py for tasks to queue
[2024-05-20 15:23:29,604] {logging_mixin.py:115} INFO - [2024-05-20 15:23:29,603] {dagbag.py:508} INFO - Filling up the DagBag from /opt/airflow/dags/0-firstdag.py
[2024-05-20 15:23:29,607] {processor.py:651} INFO - DAG(s) dict_keys(['first_dag']) retrieved from /opt/airflow/dags/0-firstdag.py
[2024-05-20 15:23:29,625] {logging_mixin.py:115} INFO - [2024-05-20 15:23:29,625] {dag.py:2420} INFO - Sync 1 DAGs
[2024-05-20 15:23:29,640] {logging_mixin.py:115} INFO - [2024-05-20 15:23:29,640] {dag.py:2972} INFO - Setting next_dagrun for first_dag to None, run_after=None
[2024-05-20 15:23:29,649] {processor.py:161} INFO - Processing /opt/airflow/dags/0-firstdag.py took 0.050 seconds
[2024-05-20 15:23:59,829] {processor.py:153} INFO - Started process (PID=2947) to work on /opt/airflow/dags/0-firstdag.py
[2024-05-20 15:23:59,829] {processor.py:641} INFO - Processing file /opt/airflow/dags/0-firstdag.py for tasks to queue
[2024-05-20 15:23:59,829] {logging_mixin.py:115} INFO - [2024-05-20 15:23:59,829] {dagbag.py:508} INFO - Filling up the DagBag from /opt/airflow/dags/0-firstdag.py
[2024-05-20 15:23:59,832] {processor.py:651} INFO - DAG(s) dict_keys(['first_dag']) retrieved from /opt/airflow/dags/0-firstdag.py
[2024-05-20 15:23:59,847] {logging_mixin.py:115} INFO - [2024-05-20 15:23:59,847] {dag.py:2420} INFO - Sync 1 DAGs
[2024-05-20 15:23:59,859] {logging_mixin.py:115} INFO - [2024-05-20 15:23:59,859] {dag.py:2972} INFO - Setting next_dagrun for first_dag to None, run_after=None
[2024-05-20 15:23:59,866] {processor.py:161} INFO - Processing /opt/airflow/dags/0-firstdag.py took 0.040 seconds
[2024-05-20 15:24:30,052] {processor.py:153} INFO - Started process (PID=2979) to work on /opt/airflow/dags/0-firstdag.py
[2024-05-20 15:24:30,053] {processor.py:641} INFO - Processing file /opt/airflow/dags/0-firstdag.py for tasks to queue
[2024-05-20 15:24:30,053] {logging_mixin.py:115} INFO - [2024-05-20 15:24:30,053] {dagbag.py:508} INFO - Filling up the DagBag from /opt/airflow/dags/0-firstdag.py
[2024-05-20 15:24:30,057] {processor.py:651} INFO - DAG(s) dict_keys(['first_dag']) retrieved from /opt/airflow/dags/0-firstdag.py
[2024-05-20 15:24:30,072] {logging_mixin.py:115} INFO - [2024-05-20 15:24:30,072] {dag.py:2420} INFO - Sync 1 DAGs
[2024-05-20 15:24:30,084] {logging_mixin.py:115} INFO - [2024-05-20 15:24:30,084] {dag.py:2972} INFO - Setting next_dagrun for first_dag to None, run_after=None
[2024-05-20 15:24:30,091] {processor.py:161} INFO - Processing /opt/airflow/dags/0-firstdag.py took 0.041 seconds
[2024-05-20 15:25:00,272] {processor.py:153} INFO - Started process (PID=3011) to work on /opt/airflow/dags/0-firstdag.py
[2024-05-20 15:25:00,273] {processor.py:641} INFO - Processing file /opt/airflow/dags/0-firstdag.py for tasks to queue
[2024-05-20 15:25:00,273] {logging_mixin.py:115} INFO - [2024-05-20 15:25:00,273] {dagbag.py:508} INFO - Filling up the DagBag from /opt/airflow/dags/0-firstdag.py
[2024-05-20 15:25:00,276] {processor.py:651} INFO - DAG(s) dict_keys(['first_dag']) retrieved from /opt/airflow/dags/0-firstdag.py
[2024-05-20 15:25:00,291] {logging_mixin.py:115} INFO - [2024-05-20 15:25:00,291] {dag.py:2420} INFO - Sync 1 DAGs
[2024-05-20 15:25:00,303] {logging_mixin.py:115} INFO - [2024-05-20 15:25:00,303] {dag.py:2972} INFO - Setting next_dagrun for first_dag to None, run_after=None
[2024-05-20 15:25:00,310] {processor.py:161} INFO - Processing /opt/airflow/dags/0-firstdag.py took 0.040 seconds
[2024-05-20 15:25:30,499] {processor.py:153} INFO - Started process (PID=3043) to work on /opt/airflow/dags/0-firstdag.py
[2024-05-20 15:25:30,499] {processor.py:641} INFO - Processing file /opt/airflow/dags/0-firstdag.py for tasks to queue
[2024-05-20 15:25:30,500] {logging_mixin.py:115} INFO - [2024-05-20 15:25:30,500] {dagbag.py:508} INFO - Filling up the DagBag from /opt/airflow/dags/0-firstdag.py
[2024-05-20 15:25:30,503] {processor.py:651} INFO - DAG(s) dict_keys(['first_dag']) retrieved from /opt/airflow/dags/0-firstdag.py
[2024-05-20 15:25:30,518] {logging_mixin.py:115} INFO - [2024-05-20 15:25:30,518] {dag.py:2420} INFO - Sync 1 DAGs
[2024-05-20 15:25:30,531] {logging_mixin.py:115} INFO - [2024-05-20 15:25:30,531] {dag.py:2972} INFO - Setting next_dagrun for first_dag to None, run_after=None
[2024-05-20 15:25:30,539] {processor.py:161} INFO - Processing /opt/airflow/dags/0-firstdag.py took 0.042 seconds
[2024-05-20 15:26:00,727] {processor.py:153} INFO - Started process (PID=3075) to work on /opt/airflow/dags/0-firstdag.py
[2024-05-20 15:26:00,727] {processor.py:641} INFO - Processing file /opt/airflow/dags/0-firstdag.py for tasks to queue
[2024-05-20 15:26:00,728] {logging_mixin.py:115} INFO - [2024-05-20 15:26:00,728] {dagbag.py:508} INFO - Filling up the DagBag from /opt/airflow/dags/0-firstdag.py
[2024-05-20 15:26:00,731] {processor.py:651} INFO - DAG(s) dict_keys(['first_dag']) retrieved from /opt/airflow/dags/0-firstdag.py
[2024-05-20 15:26:00,748] {logging_mixin.py:115} INFO - [2024-05-20 15:26:00,748] {dag.py:2420} INFO - Sync 1 DAGs
[2024-05-20 15:26:00,761] {logging_mixin.py:115} INFO - [2024-05-20 15:26:00,761] {dag.py:2972} INFO - Setting next_dagrun for first_dag to None, run_after=None
[2024-05-20 15:26:00,769] {processor.py:161} INFO - Processing /opt/airflow/dags/0-firstdag.py took 0.044 seconds
[2024-05-20 15:26:30,951] {processor.py:153} INFO - Started process (PID=3098) to work on /opt/airflow/dags/0-firstdag.py
[2024-05-20 15:26:30,951] {processor.py:641} INFO - Processing file /opt/airflow/dags/0-firstdag.py for tasks to queue
[2024-05-20 15:26:30,952] {logging_mixin.py:115} INFO - [2024-05-20 15:26:30,952] {dagbag.py:508} INFO - Filling up the DagBag from /opt/airflow/dags/0-firstdag.py
[2024-05-20 15:26:30,955] {processor.py:651} INFO - DAG(s) dict_keys(['first_dag']) retrieved from /opt/airflow/dags/0-firstdag.py
[2024-05-20 15:26:30,970] {logging_mixin.py:115} INFO - [2024-05-20 15:26:30,970] {dag.py:2420} INFO - Sync 1 DAGs
[2024-05-20 15:26:30,984] {logging_mixin.py:115} INFO - [2024-05-20 15:26:30,984] {dag.py:2972} INFO - Setting next_dagrun for first_dag to None, run_after=None
[2024-05-20 15:26:30,991] {processor.py:161} INFO - Processing /opt/airflow/dags/0-firstdag.py took 0.043 seconds
[2024-05-20 15:27:01,173] {processor.py:153} INFO - Started process (PID=3130) to work on /opt/airflow/dags/0-firstdag.py
[2024-05-20 15:27:01,174] {processor.py:641} INFO - Processing file /opt/airflow/dags/0-firstdag.py for tasks to queue
[2024-05-20 15:27:01,174] {logging_mixin.py:115} INFO - [2024-05-20 15:27:01,174] {dagbag.py:508} INFO - Filling up the DagBag from /opt/airflow/dags/0-firstdag.py
[2024-05-20 15:27:01,177] {processor.py:651} INFO - DAG(s) dict_keys(['first_dag']) retrieved from /opt/airflow/dags/0-firstdag.py
[2024-05-20 15:27:01,192] {logging_mixin.py:115} INFO - [2024-05-20 15:27:01,192] {dag.py:2420} INFO - Sync 1 DAGs
[2024-05-20 15:27:01,205] {logging_mixin.py:115} INFO - [2024-05-20 15:27:01,205] {dag.py:2972} INFO - Setting next_dagrun for first_dag to None, run_after=None
[2024-05-20 15:27:01,214] {processor.py:161} INFO - Processing /opt/airflow/dags/0-firstdag.py took 0.042 seconds
[2024-05-20 15:27:31,400] {processor.py:153} INFO - Started process (PID=3162) to work on /opt/airflow/dags/0-firstdag.py
[2024-05-20 15:27:31,400] {processor.py:641} INFO - Processing file /opt/airflow/dags/0-firstdag.py for tasks to queue
[2024-05-20 15:27:31,401] {logging_mixin.py:115} INFO - [2024-05-20 15:27:31,400] {dagbag.py:508} INFO - Filling up the DagBag from /opt/airflow/dags/0-firstdag.py
[2024-05-20 15:27:31,403] {processor.py:651} INFO - DAG(s) dict_keys(['first_dag']) retrieved from /opt/airflow/dags/0-firstdag.py
[2024-05-20 15:27:31,419] {logging_mixin.py:115} INFO - [2024-05-20 15:27:31,419] {dag.py:2420} INFO - Sync 1 DAGs
[2024-05-20 15:27:31,431] {logging_mixin.py:115} INFO - [2024-05-20 15:27:31,431] {dag.py:2972} INFO - Setting next_dagrun for first_dag to None, run_after=None
[2024-05-20 15:27:31,438] {processor.py:161} INFO - Processing /opt/airflow/dags/0-firstdag.py took 0.041 seconds
[2024-05-20 15:28:01,625] {processor.py:153} INFO - Started process (PID=3194) to work on /opt/airflow/dags/0-firstdag.py
[2024-05-20 15:28:01,625] {processor.py:641} INFO - Processing file /opt/airflow/dags/0-firstdag.py for tasks to queue
[2024-05-20 15:28:01,625] {logging_mixin.py:115} INFO - [2024-05-20 15:28:01,625] {dagbag.py:508} INFO - Filling up the DagBag from /opt/airflow/dags/0-firstdag.py
[2024-05-20 15:28:01,628] {processor.py:651} INFO - DAG(s) dict_keys(['first_dag']) retrieved from /opt/airflow/dags/0-firstdag.py
[2024-05-20 15:28:01,643] {logging_mixin.py:115} INFO - [2024-05-20 15:28:01,643] {dag.py:2420} INFO - Sync 1 DAGs
[2024-05-20 15:28:01,656] {logging_mixin.py:115} INFO - [2024-05-20 15:28:01,656] {dag.py:2972} INFO - Setting next_dagrun for first_dag to None, run_after=None
[2024-05-20 15:28:01,663] {processor.py:161} INFO - Processing /opt/airflow/dags/0-firstdag.py took 0.040 seconds
[2024-05-20 15:28:31,855] {processor.py:153} INFO - Started process (PID=3226) to work on /opt/airflow/dags/0-firstdag.py
[2024-05-20 15:28:31,855] {processor.py:641} INFO - Processing file /opt/airflow/dags/0-firstdag.py for tasks to queue
[2024-05-20 15:28:31,856] {logging_mixin.py:115} INFO - [2024-05-20 15:28:31,856] {dagbag.py:508} INFO - Filling up the DagBag from /opt/airflow/dags/0-firstdag.py
[2024-05-20 15:28:31,858] {processor.py:651} INFO - DAG(s) dict_keys(['first_dag']) retrieved from /opt/airflow/dags/0-firstdag.py
[2024-05-20 15:28:31,875] {logging_mixin.py:115} INFO - [2024-05-20 15:28:31,875] {dag.py:2420} INFO - Sync 1 DAGs
[2024-05-20 15:28:31,887] {logging_mixin.py:115} INFO - [2024-05-20 15:28:31,887] {dag.py:2972} INFO - Setting next_dagrun for first_dag to None, run_after=None
[2024-05-20 15:28:31,894] {processor.py:161} INFO - Processing /opt/airflow/dags/0-firstdag.py took 0.041 seconds
[2024-05-20 15:29:02,083] {processor.py:153} INFO - Started process (PID=3249) to work on /opt/airflow/dags/0-firstdag.py
[2024-05-20 15:29:02,083] {processor.py:641} INFO - Processing file /opt/airflow/dags/0-firstdag.py for tasks to queue
[2024-05-20 15:29:02,084] {logging_mixin.py:115} INFO - [2024-05-20 15:29:02,083] {dagbag.py:508} INFO - Filling up the DagBag from /opt/airflow/dags/0-firstdag.py
[2024-05-20 15:29:02,086] {processor.py:651} INFO - DAG(s) dict_keys(['first_dag']) retrieved from /opt/airflow/dags/0-firstdag.py
[2024-05-20 15:29:02,101] {logging_mixin.py:115} INFO - [2024-05-20 15:29:02,101] {dag.py:2420} INFO - Sync 1 DAGs
[2024-05-20 15:29:02,114] {logging_mixin.py:115} INFO - [2024-05-20 15:29:02,114] {dag.py:2972} INFO - Setting next_dagrun for first_dag to None, run_after=None
[2024-05-20 15:29:02,121] {processor.py:161} INFO - Processing /opt/airflow/dags/0-firstdag.py took 0.040 seconds
[2024-05-20 15:29:32,305] {processor.py:153} INFO - Started process (PID=3281) to work on /opt/airflow/dags/0-firstdag.py
[2024-05-20 15:29:32,306] {processor.py:641} INFO - Processing file /opt/airflow/dags/0-firstdag.py for tasks to queue
[2024-05-20 15:29:32,306] {logging_mixin.py:115} INFO - [2024-05-20 15:29:32,306] {dagbag.py:508} INFO - Filling up the DagBag from /opt/airflow/dags/0-firstdag.py
[2024-05-20 15:29:32,309] {processor.py:651} INFO - DAG(s) dict_keys(['first_dag']) retrieved from /opt/airflow/dags/0-firstdag.py
[2024-05-20 15:29:32,324] {logging_mixin.py:115} INFO - [2024-05-20 15:29:32,324] {dag.py:2420} INFO - Sync 1 DAGs
[2024-05-20 15:29:32,336] {logging_mixin.py:115} INFO - [2024-05-20 15:29:32,336] {dag.py:2972} INFO - Setting next_dagrun for first_dag to None, run_after=None
[2024-05-20 15:29:32,345] {processor.py:161} INFO - Processing /opt/airflow/dags/0-firstdag.py took 0.044 seconds
[2024-05-20 15:30:02,527] {processor.py:153} INFO - Started process (PID=3313) to work on /opt/airflow/dags/0-firstdag.py
[2024-05-20 15:30:02,527] {processor.py:641} INFO - Processing file /opt/airflow/dags/0-firstdag.py for tasks to queue
[2024-05-20 15:30:02,528] {logging_mixin.py:115} INFO - [2024-05-20 15:30:02,528] {dagbag.py:508} INFO - Filling up the DagBag from /opt/airflow/dags/0-firstdag.py
[2024-05-20 15:30:02,530] {processor.py:651} INFO - DAG(s) dict_keys(['first_dag']) retrieved from /opt/airflow/dags/0-firstdag.py
[2024-05-20 15:30:02,546] {logging_mixin.py:115} INFO - [2024-05-20 15:30:02,545] {dag.py:2420} INFO - Sync 1 DAGs
[2024-05-20 15:30:02,558] {logging_mixin.py:115} INFO - [2024-05-20 15:30:02,558] {dag.py:2972} INFO - Setting next_dagrun for first_dag to None, run_after=None
[2024-05-20 15:30:02,564] {processor.py:161} INFO - Processing /opt/airflow/dags/0-firstdag.py took 0.040 seconds
[2024-05-20 15:30:32,746] {processor.py:153} INFO - Started process (PID=3345) to work on /opt/airflow/dags/0-firstdag.py
[2024-05-20 15:30:32,747] {processor.py:641} INFO - Processing file /opt/airflow/dags/0-firstdag.py for tasks to queue
[2024-05-20 15:30:32,747] {logging_mixin.py:115} INFO - [2024-05-20 15:30:32,747] {dagbag.py:508} INFO - Filling up the DagBag from /opt/airflow/dags/0-firstdag.py
[2024-05-20 15:30:32,750] {processor.py:651} INFO - DAG(s) dict_keys(['first_dag']) retrieved from /opt/airflow/dags/0-firstdag.py
[2024-05-20 15:30:32,768] {logging_mixin.py:115} INFO - [2024-05-20 15:30:32,768] {dag.py:2420} INFO - Sync 1 DAGs
[2024-05-20 15:30:32,781] {logging_mixin.py:115} INFO - [2024-05-20 15:30:32,781] {dag.py:2972} INFO - Setting next_dagrun for first_dag to None, run_after=None
[2024-05-20 15:30:32,789] {processor.py:161} INFO - Processing /opt/airflow/dags/0-firstdag.py took 0.046 seconds
[2024-05-20 15:31:02,963] {processor.py:153} INFO - Started process (PID=3377) to work on /opt/airflow/dags/0-firstdag.py
[2024-05-20 15:31:02,964] {processor.py:641} INFO - Processing file /opt/airflow/dags/0-firstdag.py for tasks to queue
[2024-05-20 15:31:02,964] {logging_mixin.py:115} INFO - [2024-05-20 15:31:02,964] {dagbag.py:508} INFO - Filling up the DagBag from /opt/airflow/dags/0-firstdag.py
[2024-05-20 15:31:02,966] {processor.py:651} INFO - DAG(s) dict_keys(['first_dag']) retrieved from /opt/airflow/dags/0-firstdag.py
[2024-05-20 15:31:02,981] {logging_mixin.py:115} INFO - [2024-05-20 15:31:02,981] {dag.py:2420} INFO - Sync 1 DAGs
[2024-05-20 15:31:02,994] {logging_mixin.py:115} INFO - [2024-05-20 15:31:02,994] {dag.py:2972} INFO - Setting next_dagrun for first_dag to None, run_after=None
[2024-05-20 15:31:03,000] {processor.py:161} INFO - Processing /opt/airflow/dags/0-firstdag.py took 0.039 seconds
[2024-05-20 15:31:33,192] {processor.py:153} INFO - Started process (PID=3409) to work on /opt/airflow/dags/0-firstdag.py
[2024-05-20 15:31:33,192] {processor.py:641} INFO - Processing file /opt/airflow/dags/0-firstdag.py for tasks to queue
[2024-05-20 15:31:33,193] {logging_mixin.py:115} INFO - [2024-05-20 15:31:33,193] {dagbag.py:508} INFO - Filling up the DagBag from /opt/airflow/dags/0-firstdag.py
[2024-05-20 15:31:33,195] {processor.py:651} INFO - DAG(s) dict_keys(['first_dag']) retrieved from /opt/airflow/dags/0-firstdag.py
[2024-05-20 15:31:33,211] {logging_mixin.py:115} INFO - [2024-05-20 15:31:33,211] {dag.py:2420} INFO - Sync 1 DAGs
[2024-05-20 15:31:33,223] {logging_mixin.py:115} INFO - [2024-05-20 15:31:33,223] {dag.py:2972} INFO - Setting next_dagrun for first_dag to None, run_after=None
[2024-05-20 15:31:33,231] {processor.py:161} INFO - Processing /opt/airflow/dags/0-firstdag.py took 0.042 seconds
[2024-05-20 15:32:03,421] {processor.py:153} INFO - Started process (PID=3432) to work on /opt/airflow/dags/0-firstdag.py
[2024-05-20 15:32:03,421] {processor.py:641} INFO - Processing file /opt/airflow/dags/0-firstdag.py for tasks to queue
[2024-05-20 15:32:03,422] {logging_mixin.py:115} INFO - [2024-05-20 15:32:03,421] {dagbag.py:508} INFO - Filling up the DagBag from /opt/airflow/dags/0-firstdag.py
[2024-05-20 15:32:03,424] {processor.py:651} INFO - DAG(s) dict_keys(['first_dag']) retrieved from /opt/airflow/dags/0-firstdag.py
[2024-05-20 15:32:03,439] {logging_mixin.py:115} INFO - [2024-05-20 15:32:03,439] {dag.py:2420} INFO - Sync 1 DAGs
[2024-05-20 15:32:03,452] {logging_mixin.py:115} INFO - [2024-05-20 15:32:03,452] {dag.py:2972} INFO - Setting next_dagrun for first_dag to None, run_after=None
[2024-05-20 15:32:03,458] {processor.py:161} INFO - Processing /opt/airflow/dags/0-firstdag.py took 0.040 seconds
[2024-05-20 15:32:33,643] {processor.py:153} INFO - Started process (PID=3464) to work on /opt/airflow/dags/0-firstdag.py
[2024-05-20 15:32:33,644] {processor.py:641} INFO - Processing file /opt/airflow/dags/0-firstdag.py for tasks to queue
[2024-05-20 15:32:33,645] {logging_mixin.py:115} INFO - [2024-05-20 15:32:33,644] {dagbag.py:508} INFO - Filling up the DagBag from /opt/airflow/dags/0-firstdag.py
[2024-05-20 15:32:33,647] {processor.py:651} INFO - DAG(s) dict_keys(['first_dag']) retrieved from /opt/airflow/dags/0-firstdag.py
[2024-05-20 15:32:33,662] {logging_mixin.py:115} INFO - [2024-05-20 15:32:33,662] {dag.py:2420} INFO - Sync 1 DAGs
[2024-05-20 15:32:33,674] {logging_mixin.py:115} INFO - [2024-05-20 15:32:33,674] {dag.py:2972} INFO - Setting next_dagrun for first_dag to None, run_after=None
[2024-05-20 15:32:33,681] {processor.py:161} INFO - Processing /opt/airflow/dags/0-firstdag.py took 0.040 seconds
[2024-05-20 15:33:03,865] {processor.py:153} INFO - Started process (PID=3496) to work on /opt/airflow/dags/0-firstdag.py
[2024-05-20 15:33:03,865] {processor.py:641} INFO - Processing file /opt/airflow/dags/0-firstdag.py for tasks to queue
[2024-05-20 15:33:03,866] {logging_mixin.py:115} INFO - [2024-05-20 15:33:03,866] {dagbag.py:508} INFO - Filling up the DagBag from /opt/airflow/dags/0-firstdag.py
[2024-05-20 15:33:03,868] {processor.py:651} INFO - DAG(s) dict_keys(['first_dag']) retrieved from /opt/airflow/dags/0-firstdag.py
[2024-05-20 15:33:03,884] {logging_mixin.py:115} INFO - [2024-05-20 15:33:03,884] {dag.py:2420} INFO - Sync 1 DAGs
[2024-05-20 15:33:03,897] {logging_mixin.py:115} INFO - [2024-05-20 15:33:03,897] {dag.py:2972} INFO - Setting next_dagrun for first_dag to None, run_after=None
[2024-05-20 15:33:03,903] {processor.py:161} INFO - Processing /opt/airflow/dags/0-firstdag.py took 0.041 seconds
[2024-05-20 15:33:34,091] {processor.py:153} INFO - Started process (PID=3528) to work on /opt/airflow/dags/0-firstdag.py
[2024-05-20 15:33:34,091] {processor.py:641} INFO - Processing file /opt/airflow/dags/0-firstdag.py for tasks to queue
[2024-05-20 15:33:34,091] {logging_mixin.py:115} INFO - [2024-05-20 15:33:34,091] {dagbag.py:508} INFO - Filling up the DagBag from /opt/airflow/dags/0-firstdag.py
[2024-05-20 15:33:34,094] {processor.py:651} INFO - DAG(s) dict_keys(['first_dag']) retrieved from /opt/airflow/dags/0-firstdag.py
[2024-05-20 15:33:34,111] {logging_mixin.py:115} INFO - [2024-05-20 15:33:34,111] {dag.py:2420} INFO - Sync 1 DAGs
[2024-05-20 15:33:34,125] {logging_mixin.py:115} INFO - [2024-05-20 15:33:34,125] {dag.py:2972} INFO - Setting next_dagrun for first_dag to None, run_after=None
[2024-05-20 15:33:34,132] {processor.py:161} INFO - Processing /opt/airflow/dags/0-firstdag.py took 0.043 seconds
[2024-05-20 15:34:04,330] {processor.py:153} INFO - Started process (PID=3560) to work on /opt/airflow/dags/0-firstdag.py
[2024-05-20 15:34:04,331] {processor.py:641} INFO - Processing file /opt/airflow/dags/0-firstdag.py for tasks to queue
[2024-05-20 15:34:04,331] {logging_mixin.py:115} INFO - [2024-05-20 15:34:04,331] {dagbag.py:508} INFO - Filling up the DagBag from /opt/airflow/dags/0-firstdag.py
[2024-05-20 15:34:04,335] {processor.py:651} INFO - DAG(s) dict_keys(['first_dag']) retrieved from /opt/airflow/dags/0-firstdag.py
[2024-05-20 15:34:04,353] {logging_mixin.py:115} INFO - [2024-05-20 15:34:04,352] {dag.py:2420} INFO - Sync 1 DAGs
[2024-05-20 15:34:04,366] {logging_mixin.py:115} INFO - [2024-05-20 15:34:04,366] {dag.py:2972} INFO - Setting next_dagrun for first_dag to None, run_after=None
[2024-05-20 15:34:04,375] {processor.py:161} INFO - Processing /opt/airflow/dags/0-firstdag.py took 0.047 seconds
[2024-05-20 15:34:34,554] {processor.py:153} INFO - Started process (PID=3583) to work on /opt/airflow/dags/0-firstdag.py
[2024-05-20 15:34:34,555] {processor.py:641} INFO - Processing file /opt/airflow/dags/0-firstdag.py for tasks to queue
[2024-05-20 15:34:34,555] {logging_mixin.py:115} INFO - [2024-05-20 15:34:34,555] {dagbag.py:508} INFO - Filling up the DagBag from /opt/airflow/dags/0-firstdag.py
[2024-05-20 15:34:34,557] {processor.py:651} INFO - DAG(s) dict_keys(['first_dag']) retrieved from /opt/airflow/dags/0-firstdag.py
[2024-05-20 15:34:34,573] {logging_mixin.py:115} INFO - [2024-05-20 15:34:34,573] {dag.py:2420} INFO - Sync 1 DAGs
[2024-05-20 15:34:34,586] {logging_mixin.py:115} INFO - [2024-05-20 15:34:34,586] {dag.py:2972} INFO - Setting next_dagrun for first_dag to None, run_after=None
[2024-05-20 15:34:34,593] {processor.py:161} INFO - Processing /opt/airflow/dags/0-firstdag.py took 0.040 seconds
[2024-05-20 15:35:04,774] {processor.py:153} INFO - Started process (PID=3615) to work on /opt/airflow/dags/0-firstdag.py
[2024-05-20 15:35:04,774] {processor.py:641} INFO - Processing file /opt/airflow/dags/0-firstdag.py for tasks to queue
[2024-05-20 15:35:04,775] {logging_mixin.py:115} INFO - [2024-05-20 15:35:04,774] {dagbag.py:508} INFO - Filling up the DagBag from /opt/airflow/dags/0-firstdag.py
[2024-05-20 15:35:04,777] {processor.py:651} INFO - DAG(s) dict_keys(['first_dag']) retrieved from /opt/airflow/dags/0-firstdag.py
[2024-05-20 15:35:04,792] {logging_mixin.py:115} INFO - [2024-05-20 15:35:04,792] {dag.py:2420} INFO - Sync 1 DAGs
[2024-05-20 15:35:04,805] {logging_mixin.py:115} INFO - [2024-05-20 15:35:04,805] {dag.py:2972} INFO - Setting next_dagrun for first_dag to None, run_after=None
[2024-05-20 15:35:04,811] {processor.py:161} INFO - Processing /opt/airflow/dags/0-firstdag.py took 0.040 seconds
[2024-05-20 15:35:35,014] {processor.py:153} INFO - Started process (PID=3647) to work on /opt/airflow/dags/0-firstdag.py
[2024-05-20 15:35:35,014] {processor.py:641} INFO - Processing file /opt/airflow/dags/0-firstdag.py for tasks to queue
[2024-05-20 15:35:35,015] {logging_mixin.py:115} INFO - [2024-05-20 15:35:35,014] {dagbag.py:508} INFO - Filling up the DagBag from /opt/airflow/dags/0-firstdag.py
[2024-05-20 15:35:35,017] {processor.py:651} INFO - DAG(s) dict_keys(['first_dag']) retrieved from /opt/airflow/dags/0-firstdag.py
[2024-05-20 15:35:35,033] {logging_mixin.py:115} INFO - [2024-05-20 15:35:35,033] {dag.py:2420} INFO - Sync 1 DAGs
[2024-05-20 15:35:35,046] {logging_mixin.py:115} INFO - [2024-05-20 15:35:35,046] {dag.py:2972} INFO - Setting next_dagrun for first_dag to None, run_after=None
[2024-05-20 15:35:35,053] {processor.py:161} INFO - Processing /opt/airflow/dags/0-firstdag.py took 0.042 seconds
[2024-05-20 15:36:05,240] {processor.py:153} INFO - Started process (PID=3679) to work on /opt/airflow/dags/0-firstdag.py
[2024-05-20 15:36:05,240] {processor.py:641} INFO - Processing file /opt/airflow/dags/0-firstdag.py for tasks to queue
[2024-05-20 15:36:05,241] {logging_mixin.py:115} INFO - [2024-05-20 15:36:05,241] {dagbag.py:508} INFO - Filling up the DagBag from /opt/airflow/dags/0-firstdag.py
[2024-05-20 15:36:05,243] {processor.py:651} INFO - DAG(s) dict_keys(['first_dag']) retrieved from /opt/airflow/dags/0-firstdag.py
[2024-05-20 15:36:05,258] {logging_mixin.py:115} INFO - [2024-05-20 15:36:05,258] {dag.py:2420} INFO - Sync 1 DAGs
[2024-05-20 15:36:05,271] {logging_mixin.py:115} INFO - [2024-05-20 15:36:05,271] {dag.py:2972} INFO - Setting next_dagrun for first_dag to None, run_after=None
[2024-05-20 15:36:05,278] {processor.py:161} INFO - Processing /opt/airflow/dags/0-firstdag.py took 0.040 seconds
[2024-05-20 15:36:35,471] {processor.py:153} INFO - Started process (PID=3711) to work on /opt/airflow/dags/0-firstdag.py
[2024-05-20 15:36:35,471] {processor.py:641} INFO - Processing file /opt/airflow/dags/0-firstdag.py for tasks to queue
[2024-05-20 15:36:35,472] {logging_mixin.py:115} INFO - [2024-05-20 15:36:35,472] {dagbag.py:508} INFO - Filling up the DagBag from /opt/airflow/dags/0-firstdag.py
[2024-05-20 15:36:35,474] {processor.py:651} INFO - DAG(s) dict_keys(['first_dag']) retrieved from /opt/airflow/dags/0-firstdag.py
[2024-05-20 15:36:35,490] {logging_mixin.py:115} INFO - [2024-05-20 15:36:35,490] {dag.py:2420} INFO - Sync 1 DAGs
[2024-05-20 15:36:35,502] {logging_mixin.py:115} INFO - [2024-05-20 15:36:35,502] {dag.py:2972} INFO - Setting next_dagrun for first_dag to None, run_after=None
[2024-05-20 15:36:35,509] {processor.py:161} INFO - Processing /opt/airflow/dags/0-firstdag.py took 0.040 seconds
[2024-05-20 15:37:05,794] {processor.py:153} INFO - Started process (PID=3734) to work on /opt/airflow/dags/0-firstdag.py
[2024-05-20 15:37:05,795] {processor.py:641} INFO - Processing file /opt/airflow/dags/0-firstdag.py for tasks to queue
[2024-05-20 15:37:05,796] {logging_mixin.py:115} INFO - [2024-05-20 15:37:05,796] {dagbag.py:508} INFO - Filling up the DagBag from /opt/airflow/dags/0-firstdag.py
[2024-05-20 15:37:05,801] {processor.py:651} INFO - DAG(s) dict_keys(['first_dag']) retrieved from /opt/airflow/dags/0-firstdag.py
[2024-05-20 15:37:05,832] {logging_mixin.py:115} INFO - [2024-05-20 15:37:05,832] {dag.py:2420} INFO - Sync 1 DAGs
[2024-05-20 15:37:05,861] {logging_mixin.py:115} INFO - [2024-05-20 15:37:05,861] {dag.py:2972} INFO - Setting next_dagrun for first_dag to None, run_after=None
[2024-05-20 15:37:05,895] {processor.py:161} INFO - Processing /opt/airflow/dags/0-firstdag.py took 0.105 seconds
[2024-05-20 15:37:36,024] {processor.py:153} INFO - Started process (PID=3766) to work on /opt/airflow/dags/0-firstdag.py
[2024-05-20 15:37:36,024] {processor.py:641} INFO - Processing file /opt/airflow/dags/0-firstdag.py for tasks to queue
[2024-05-20 15:37:36,025] {logging_mixin.py:115} INFO - [2024-05-20 15:37:36,025] {dagbag.py:508} INFO - Filling up the DagBag from /opt/airflow/dags/0-firstdag.py
[2024-05-20 15:37:36,027] {processor.py:651} INFO - DAG(s) dict_keys(['first_dag']) retrieved from /opt/airflow/dags/0-firstdag.py
[2024-05-20 15:37:36,045] {logging_mixin.py:115} INFO - [2024-05-20 15:37:36,045] {dag.py:2420} INFO - Sync 1 DAGs
[2024-05-20 15:37:36,059] {logging_mixin.py:115} INFO - [2024-05-20 15:37:36,059] {dag.py:2972} INFO - Setting next_dagrun for first_dag to None, run_after=None
[2024-05-20 15:37:36,066] {processor.py:161} INFO - Processing /opt/airflow/dags/0-firstdag.py took 0.045 seconds
[2024-05-20 15:38:06,256] {processor.py:153} INFO - Started process (PID=3798) to work on /opt/airflow/dags/0-firstdag.py
[2024-05-20 15:38:06,257] {processor.py:641} INFO - Processing file /opt/airflow/dags/0-firstdag.py for tasks to queue
[2024-05-20 15:38:06,257] {logging_mixin.py:115} INFO - [2024-05-20 15:38:06,257] {dagbag.py:508} INFO - Filling up the DagBag from /opt/airflow/dags/0-firstdag.py
[2024-05-20 15:38:06,259] {processor.py:651} INFO - DAG(s) dict_keys(['first_dag']) retrieved from /opt/airflow/dags/0-firstdag.py
[2024-05-20 15:38:06,275] {logging_mixin.py:115} INFO - [2024-05-20 15:38:06,274] {dag.py:2420} INFO - Sync 1 DAGs
[2024-05-20 15:38:06,287] {logging_mixin.py:115} INFO - [2024-05-20 15:38:06,287] {dag.py:2972} INFO - Setting next_dagrun for first_dag to None, run_after=None
[2024-05-20 15:38:06,294] {processor.py:161} INFO - Processing /opt/airflow/dags/0-firstdag.py took 0.040 seconds
[2024-05-20 15:38:36,478] {processor.py:153} INFO - Started process (PID=3830) to work on /opt/airflow/dags/0-firstdag.py
[2024-05-20 15:38:36,478] {processor.py:641} INFO - Processing file /opt/airflow/dags/0-firstdag.py for tasks to queue
[2024-05-20 15:38:36,479] {logging_mixin.py:115} INFO - [2024-05-20 15:38:36,478] {dagbag.py:508} INFO - Filling up the DagBag from /opt/airflow/dags/0-firstdag.py
[2024-05-20 15:38:36,481] {processor.py:651} INFO - DAG(s) dict_keys(['first_dag']) retrieved from /opt/airflow/dags/0-firstdag.py
[2024-05-20 15:38:36,496] {logging_mixin.py:115} INFO - [2024-05-20 15:38:36,496] {dag.py:2420} INFO - Sync 1 DAGs
[2024-05-20 15:38:36,509] {logging_mixin.py:115} INFO - [2024-05-20 15:38:36,509] {dag.py:2972} INFO - Setting next_dagrun for first_dag to None, run_after=None
[2024-05-20 15:38:36,516] {processor.py:161} INFO - Processing /opt/airflow/dags/0-firstdag.py took 0.040 seconds
[2024-05-20 15:39:06,702] {processor.py:153} INFO - Started process (PID=3862) to work on /opt/airflow/dags/0-firstdag.py
[2024-05-20 15:39:06,702] {processor.py:641} INFO - Processing file /opt/airflow/dags/0-firstdag.py for tasks to queue
[2024-05-20 15:39:06,703] {logging_mixin.py:115} INFO - [2024-05-20 15:39:06,703] {dagbag.py:508} INFO - Filling up the DagBag from /opt/airflow/dags/0-firstdag.py
[2024-05-20 15:39:06,705] {processor.py:651} INFO - DAG(s) dict_keys(['first_dag']) retrieved from /opt/airflow/dags/0-firstdag.py
[2024-05-20 15:39:06,720] {logging_mixin.py:115} INFO - [2024-05-20 15:39:06,720] {dag.py:2420} INFO - Sync 1 DAGs
[2024-05-20 15:39:06,732] {logging_mixin.py:115} INFO - [2024-05-20 15:39:06,732] {dag.py:2972} INFO - Setting next_dagrun for first_dag to None, run_after=None
[2024-05-20 15:39:06,741] {processor.py:161} INFO - Processing /opt/airflow/dags/0-firstdag.py took 0.041 seconds
[2024-05-20 15:39:36,925] {processor.py:153} INFO - Started process (PID=3885) to work on /opt/airflow/dags/0-firstdag.py
[2024-05-20 15:39:36,925] {processor.py:641} INFO - Processing file /opt/airflow/dags/0-firstdag.py for tasks to queue
[2024-05-20 15:39:36,925] {logging_mixin.py:115} INFO - [2024-05-20 15:39:36,925] {dagbag.py:508} INFO - Filling up the DagBag from /opt/airflow/dags/0-firstdag.py
[2024-05-20 15:39:36,928] {processor.py:651} INFO - DAG(s) dict_keys(['first_dag']) retrieved from /opt/airflow/dags/0-firstdag.py
[2024-05-20 15:39:36,945] {logging_mixin.py:115} INFO - [2024-05-20 15:39:36,944] {dag.py:2420} INFO - Sync 1 DAGs
[2024-05-20 15:39:36,959] {logging_mixin.py:115} INFO - [2024-05-20 15:39:36,959] {dag.py:2972} INFO - Setting next_dagrun for first_dag to None, run_after=None
[2024-05-20 15:39:36,966] {processor.py:161} INFO - Processing /opt/airflow/dags/0-firstdag.py took 0.044 seconds
[2024-05-20 15:40:07,142] {processor.py:153} INFO - Started process (PID=3917) to work on /opt/airflow/dags/0-firstdag.py
[2024-05-20 15:40:07,142] {processor.py:641} INFO - Processing file /opt/airflow/dags/0-firstdag.py for tasks to queue
[2024-05-20 15:40:07,143] {logging_mixin.py:115} INFO - [2024-05-20 15:40:07,143] {dagbag.py:508} INFO - Filling up the DagBag from /opt/airflow/dags/0-firstdag.py
[2024-05-20 15:40:07,145] {processor.py:651} INFO - DAG(s) dict_keys(['first_dag']) retrieved from /opt/airflow/dags/0-firstdag.py
[2024-05-20 15:40:07,160] {logging_mixin.py:115} INFO - [2024-05-20 15:40:07,160] {dag.py:2420} INFO - Sync 1 DAGs
[2024-05-20 15:40:07,173] {logging_mixin.py:115} INFO - [2024-05-20 15:40:07,173] {dag.py:2972} INFO - Setting next_dagrun for first_dag to None, run_after=None
[2024-05-20 15:40:07,181] {processor.py:161} INFO - Processing /opt/airflow/dags/0-firstdag.py took 0.041 seconds
[2024-05-20 15:40:37,380] {processor.py:153} INFO - Started process (PID=3949) to work on /opt/airflow/dags/0-firstdag.py
[2024-05-20 15:40:37,380] {processor.py:641} INFO - Processing file /opt/airflow/dags/0-firstdag.py for tasks to queue
[2024-05-20 15:40:37,380] {logging_mixin.py:115} INFO - [2024-05-20 15:40:37,380] {dagbag.py:508} INFO - Filling up the DagBag from /opt/airflow/dags/0-firstdag.py
[2024-05-20 15:40:37,382] {processor.py:651} INFO - DAG(s) dict_keys(['first_dag']) retrieved from /opt/airflow/dags/0-firstdag.py
[2024-05-20 15:40:37,398] {logging_mixin.py:115} INFO - [2024-05-20 15:40:37,398] {dag.py:2420} INFO - Sync 1 DAGs
[2024-05-20 15:40:37,411] {logging_mixin.py:115} INFO - [2024-05-20 15:40:37,411] {dag.py:2972} INFO - Setting next_dagrun for first_dag to None, run_after=None
[2024-05-20 15:40:37,418] {processor.py:161} INFO - Processing /opt/airflow/dags/0-firstdag.py took 0.040 seconds
[2024-05-20 15:41:07,600] {processor.py:153} INFO - Started process (PID=3981) to work on /opt/airflow/dags/0-firstdag.py
[2024-05-20 15:41:07,601] {processor.py:641} INFO - Processing file /opt/airflow/dags/0-firstdag.py for tasks to queue
[2024-05-20 15:41:07,601] {logging_mixin.py:115} INFO - [2024-05-20 15:41:07,601] {dagbag.py:508} INFO - Filling up the DagBag from /opt/airflow/dags/0-firstdag.py
[2024-05-20 15:41:07,603] {processor.py:651} INFO - DAG(s) dict_keys(['first_dag']) retrieved from /opt/airflow/dags/0-firstdag.py
[2024-05-20 15:41:07,622] {logging_mixin.py:115} INFO - [2024-05-20 15:41:07,622] {dag.py:2420} INFO - Sync 1 DAGs
[2024-05-20 15:41:07,636] {logging_mixin.py:115} INFO - [2024-05-20 15:41:07,636] {dag.py:2972} INFO - Setting next_dagrun for first_dag to None, run_after=None
[2024-05-20 15:41:07,646] {processor.py:161} INFO - Processing /opt/airflow/dags/0-firstdag.py took 0.047 seconds
[2024-05-20 15:41:37,825] {processor.py:153} INFO - Started process (PID=4013) to work on /opt/airflow/dags/0-firstdag.py
[2024-05-20 15:41:37,826] {processor.py:641} INFO - Processing file /opt/airflow/dags/0-firstdag.py for tasks to queue
[2024-05-20 15:41:37,826] {logging_mixin.py:115} INFO - [2024-05-20 15:41:37,826] {dagbag.py:508} INFO - Filling up the DagBag from /opt/airflow/dags/0-firstdag.py
[2024-05-20 15:41:37,829] {processor.py:651} INFO - DAG(s) dict_keys(['first_dag']) retrieved from /opt/airflow/dags/0-firstdag.py
[2024-05-20 15:41:37,844] {logging_mixin.py:115} INFO - [2024-05-20 15:41:37,844] {dag.py:2420} INFO - Sync 1 DAGs
[2024-05-20 15:41:37,856] {logging_mixin.py:115} INFO - [2024-05-20 15:41:37,856] {dag.py:2972} INFO - Setting next_dagrun for first_dag to None, run_after=None
[2024-05-20 15:41:37,863] {processor.py:161} INFO - Processing /opt/airflow/dags/0-firstdag.py took 0.040 seconds
[2024-05-20 15:42:08,058] {processor.py:153} INFO - Started process (PID=4036) to work on /opt/airflow/dags/0-firstdag.py
[2024-05-20 15:42:08,059] {processor.py:641} INFO - Processing file /opt/airflow/dags/0-firstdag.py for tasks to queue
[2024-05-20 15:42:08,059] {logging_mixin.py:115} INFO - [2024-05-20 15:42:08,059] {dagbag.py:508} INFO - Filling up the DagBag from /opt/airflow/dags/0-firstdag.py
[2024-05-20 15:42:08,061] {processor.py:651} INFO - DAG(s) dict_keys(['first_dag']) retrieved from /opt/airflow/dags/0-firstdag.py
[2024-05-20 15:42:08,079] {logging_mixin.py:115} INFO - [2024-05-20 15:42:08,079] {dag.py:2420} INFO - Sync 1 DAGs
[2024-05-20 15:42:08,092] {logging_mixin.py:115} INFO - [2024-05-20 15:42:08,092] {dag.py:2972} INFO - Setting next_dagrun for first_dag to None, run_after=None
[2024-05-20 15:42:08,100] {processor.py:161} INFO - Processing /opt/airflow/dags/0-firstdag.py took 0.044 seconds
[2024-05-20 15:42:38,287] {processor.py:153} INFO - Started process (PID=4068) to work on /opt/airflow/dags/0-firstdag.py
[2024-05-20 15:42:38,287] {processor.py:641} INFO - Processing file /opt/airflow/dags/0-firstdag.py for tasks to queue
[2024-05-20 15:42:38,288] {logging_mixin.py:115} INFO - [2024-05-20 15:42:38,288] {dagbag.py:508} INFO - Filling up the DagBag from /opt/airflow/dags/0-firstdag.py
[2024-05-20 15:42:38,290] {processor.py:651} INFO - DAG(s) dict_keys(['first_dag']) retrieved from /opt/airflow/dags/0-firstdag.py
[2024-05-20 15:42:38,307] {logging_mixin.py:115} INFO - [2024-05-20 15:42:38,306] {dag.py:2420} INFO - Sync 1 DAGs
[2024-05-20 15:42:38,320] {logging_mixin.py:115} INFO - [2024-05-20 15:42:38,320] {dag.py:2972} INFO - Setting next_dagrun for first_dag to None, run_after=None
[2024-05-20 15:42:38,328] {processor.py:161} INFO - Processing /opt/airflow/dags/0-firstdag.py took 0.044 seconds
[2024-05-20 15:43:08,531] {processor.py:153} INFO - Started process (PID=4100) to work on /opt/airflow/dags/0-firstdag.py
[2024-05-20 15:43:08,532] {processor.py:641} INFO - Processing file /opt/airflow/dags/0-firstdag.py for tasks to queue
[2024-05-20 15:43:08,532] {logging_mixin.py:115} INFO - [2024-05-20 15:43:08,532] {dagbag.py:508} INFO - Filling up the DagBag from /opt/airflow/dags/0-firstdag.py
[2024-05-20 15:43:08,535] {processor.py:651} INFO - DAG(s) dict_keys(['first_dag']) retrieved from /opt/airflow/dags/0-firstdag.py
[2024-05-20 15:43:08,553] {logging_mixin.py:115} INFO - [2024-05-20 15:43:08,553] {dag.py:2420} INFO - Sync 1 DAGs
[2024-05-20 15:43:08,568] {logging_mixin.py:115} INFO - [2024-05-20 15:43:08,568] {dag.py:2972} INFO - Setting next_dagrun for first_dag to None, run_after=None
[2024-05-20 15:43:08,576] {processor.py:161} INFO - Processing /opt/airflow/dags/0-firstdag.py took 0.048 seconds
[2024-05-20 15:43:38,772] {processor.py:153} INFO - Started process (PID=4132) to work on /opt/airflow/dags/0-firstdag.py
[2024-05-20 15:43:38,773] {processor.py:641} INFO - Processing file /opt/airflow/dags/0-firstdag.py for tasks to queue
[2024-05-20 15:43:38,773] {logging_mixin.py:115} INFO - [2024-05-20 15:43:38,773] {dagbag.py:508} INFO - Filling up the DagBag from /opt/airflow/dags/0-firstdag.py
[2024-05-20 15:43:38,776] {processor.py:651} INFO - DAG(s) dict_keys(['first_dag']) retrieved from /opt/airflow/dags/0-firstdag.py
[2024-05-20 15:43:38,794] {logging_mixin.py:115} INFO - [2024-05-20 15:43:38,794] {dag.py:2420} INFO - Sync 1 DAGs
[2024-05-20 15:43:38,807] {logging_mixin.py:115} INFO - [2024-05-20 15:43:38,807] {dag.py:2972} INFO - Setting next_dagrun for first_dag to None, run_after=None
[2024-05-20 15:43:38,814] {processor.py:161} INFO - Processing /opt/airflow/dags/0-firstdag.py took 0.044 seconds
[2024-05-20 15:44:09,005] {processor.py:153} INFO - Started process (PID=4164) to work on /opt/airflow/dags/0-firstdag.py
[2024-05-20 15:44:09,006] {processor.py:641} INFO - Processing file /opt/airflow/dags/0-firstdag.py for tasks to queue
[2024-05-20 15:44:09,007] {logging_mixin.py:115} INFO - [2024-05-20 15:44:09,007] {dagbag.py:508} INFO - Filling up the DagBag from /opt/airflow/dags/0-firstdag.py
[2024-05-20 15:44:09,010] {processor.py:651} INFO - DAG(s) dict_keys(['first_dag']) retrieved from /opt/airflow/dags/0-firstdag.py
[2024-05-20 15:44:09,029] {logging_mixin.py:115} INFO - [2024-05-20 15:44:09,029] {dag.py:2420} INFO - Sync 1 DAGs
[2024-05-20 15:44:09,044] {logging_mixin.py:115} INFO - [2024-05-20 15:44:09,044] {dag.py:2972} INFO - Setting next_dagrun for first_dag to None, run_after=None
[2024-05-20 15:44:09,053] {processor.py:161} INFO - Processing /opt/airflow/dags/0-firstdag.py took 0.050 seconds
[2024-05-20 15:44:39,240] {processor.py:153} INFO - Started process (PID=4187) to work on /opt/airflow/dags/0-firstdag.py
[2024-05-20 15:44:39,241] {processor.py:641} INFO - Processing file /opt/airflow/dags/0-firstdag.py for tasks to queue
[2024-05-20 15:44:39,241] {logging_mixin.py:115} INFO - [2024-05-20 15:44:39,241] {dagbag.py:508} INFO - Filling up the DagBag from /opt/airflow/dags/0-firstdag.py
[2024-05-20 15:44:39,243] {processor.py:651} INFO - DAG(s) dict_keys(['first_dag']) retrieved from /opt/airflow/dags/0-firstdag.py
[2024-05-20 15:44:39,261] {logging_mixin.py:115} INFO - [2024-05-20 15:44:39,261] {dag.py:2420} INFO - Sync 1 DAGs
[2024-05-20 15:44:39,277] {logging_mixin.py:115} INFO - [2024-05-20 15:44:39,277] {dag.py:2972} INFO - Setting next_dagrun for first_dag to None, run_after=None
[2024-05-20 15:44:39,287] {processor.py:161} INFO - Processing /opt/airflow/dags/0-firstdag.py took 0.049 seconds
[2024-05-20 15:45:09,487] {processor.py:153} INFO - Started process (PID=4219) to work on /opt/airflow/dags/0-firstdag.py
[2024-05-20 15:45:09,488] {processor.py:641} INFO - Processing file /opt/airflow/dags/0-firstdag.py for tasks to queue
[2024-05-20 15:45:09,489] {logging_mixin.py:115} INFO - [2024-05-20 15:45:09,488] {dagbag.py:508} INFO - Filling up the DagBag from /opt/airflow/dags/0-firstdag.py
[2024-05-20 15:45:09,491] {processor.py:651} INFO - DAG(s) dict_keys(['first_dag']) retrieved from /opt/airflow/dags/0-firstdag.py
[2024-05-20 15:45:09,507] {logging_mixin.py:115} INFO - [2024-05-20 15:45:09,507] {dag.py:2420} INFO - Sync 1 DAGs
[2024-05-20 15:45:09,520] {logging_mixin.py:115} INFO - [2024-05-20 15:45:09,520] {dag.py:2972} INFO - Setting next_dagrun for first_dag to None, run_after=None
[2024-05-20 15:45:09,529] {processor.py:161} INFO - Processing /opt/airflow/dags/0-firstdag.py took 0.043 seconds
[2024-05-20 15:45:39,722] {processor.py:153} INFO - Started process (PID=4251) to work on /opt/airflow/dags/0-firstdag.py
[2024-05-20 15:45:39,723] {processor.py:641} INFO - Processing file /opt/airflow/dags/0-firstdag.py for tasks to queue
[2024-05-20 15:45:39,723] {logging_mixin.py:115} INFO - [2024-05-20 15:45:39,723] {dagbag.py:508} INFO - Filling up the DagBag from /opt/airflow/dags/0-firstdag.py
[2024-05-20 15:45:39,725] {processor.py:651} INFO - DAG(s) dict_keys(['first_dag']) retrieved from /opt/airflow/dags/0-firstdag.py
[2024-05-20 15:45:39,744] {logging_mixin.py:115} INFO - [2024-05-20 15:45:39,744] {dag.py:2420} INFO - Sync 1 DAGs
[2024-05-20 15:45:39,756] {logging_mixin.py:115} INFO - [2024-05-20 15:45:39,756] {dag.py:2972} INFO - Setting next_dagrun for first_dag to None, run_after=None
[2024-05-20 15:45:39,765] {processor.py:161} INFO - Processing /opt/airflow/dags/0-firstdag.py took 0.045 seconds
[2024-05-20 15:46:09,957] {processor.py:153} INFO - Started process (PID=4283) to work on /opt/airflow/dags/0-firstdag.py
[2024-05-20 15:46:09,958] {processor.py:641} INFO - Processing file /opt/airflow/dags/0-firstdag.py for tasks to queue
[2024-05-20 15:46:09,958] {logging_mixin.py:115} INFO - [2024-05-20 15:46:09,958] {dagbag.py:508} INFO - Filling up the DagBag from /opt/airflow/dags/0-firstdag.py
[2024-05-20 15:46:09,960] {processor.py:651} INFO - DAG(s) dict_keys(['first_dag']) retrieved from /opt/airflow/dags/0-firstdag.py
[2024-05-20 15:46:09,976] {logging_mixin.py:115} INFO - [2024-05-20 15:46:09,976] {dag.py:2420} INFO - Sync 1 DAGs
[2024-05-20 15:46:09,989] {logging_mixin.py:115} INFO - [2024-05-20 15:46:09,989] {dag.py:2972} INFO - Setting next_dagrun for first_dag to None, run_after=None
[2024-05-20 15:46:09,996] {processor.py:161} INFO - Processing /opt/airflow/dags/0-firstdag.py took 0.041 seconds
[2024-05-20 15:46:40,194] {processor.py:153} INFO - Started process (PID=4315) to work on /opt/airflow/dags/0-firstdag.py
[2024-05-20 15:46:40,195] {processor.py:641} INFO - Processing file /opt/airflow/dags/0-firstdag.py for tasks to queue
[2024-05-20 15:46:40,195] {logging_mixin.py:115} INFO - [2024-05-20 15:46:40,195] {dagbag.py:508} INFO - Filling up the DagBag from /opt/airflow/dags/0-firstdag.py
[2024-05-20 15:46:40,197] {processor.py:651} INFO - DAG(s) dict_keys(['first_dag']) retrieved from /opt/airflow/dags/0-firstdag.py
[2024-05-20 15:46:40,217] {logging_mixin.py:115} INFO - [2024-05-20 15:46:40,217] {dag.py:2420} INFO - Sync 1 DAGs
[2024-05-20 15:46:40,232] {logging_mixin.py:115} INFO - [2024-05-20 15:46:40,232] {dag.py:2972} INFO - Setting next_dagrun for first_dag to None, run_after=None
[2024-05-20 15:46:40,239] {processor.py:161} INFO - Processing /opt/airflow/dags/0-firstdag.py took 0.047 seconds
[2024-05-20 15:47:10,427] {processor.py:153} INFO - Started process (PID=4338) to work on /opt/airflow/dags/0-firstdag.py
[2024-05-20 15:47:10,428] {processor.py:641} INFO - Processing file /opt/airflow/dags/0-firstdag.py for tasks to queue
[2024-05-20 15:47:10,428] {logging_mixin.py:115} INFO - [2024-05-20 15:47:10,428] {dagbag.py:508} INFO - Filling up the DagBag from /opt/airflow/dags/0-firstdag.py
[2024-05-20 15:47:10,430] {processor.py:651} INFO - DAG(s) dict_keys(['first_dag']) retrieved from /opt/airflow/dags/0-firstdag.py
[2024-05-20 15:47:10,446] {logging_mixin.py:115} INFO - [2024-05-20 15:47:10,446] {dag.py:2420} INFO - Sync 1 DAGs
[2024-05-20 15:47:10,459] {logging_mixin.py:115} INFO - [2024-05-20 15:47:10,459] {dag.py:2972} INFO - Setting next_dagrun for first_dag to None, run_after=None
[2024-05-20 15:47:10,467] {processor.py:161} INFO - Processing /opt/airflow/dags/0-firstdag.py took 0.043 seconds
[2024-05-20 15:47:40,667] {processor.py:153} INFO - Started process (PID=4370) to work on /opt/airflow/dags/0-firstdag.py
[2024-05-20 15:47:40,668] {processor.py:641} INFO - Processing file /opt/airflow/dags/0-firstdag.py for tasks to queue
[2024-05-20 15:47:40,669] {logging_mixin.py:115} INFO - [2024-05-20 15:47:40,668] {dagbag.py:508} INFO - Filling up the DagBag from /opt/airflow/dags/0-firstdag.py
[2024-05-20 15:47:40,671] {processor.py:651} INFO - DAG(s) dict_keys(['first_dag']) retrieved from /opt/airflow/dags/0-firstdag.py
[2024-05-20 15:47:40,690] {logging_mixin.py:115} INFO - [2024-05-20 15:47:40,690] {dag.py:2420} INFO - Sync 1 DAGs
[2024-05-20 15:47:40,706] {logging_mixin.py:115} INFO - [2024-05-20 15:47:40,706] {dag.py:2972} INFO - Setting next_dagrun for first_dag to None, run_after=None
[2024-05-20 15:47:40,715] {processor.py:161} INFO - Processing /opt/airflow/dags/0-firstdag.py took 0.050 seconds
[2024-05-20 15:48:10,950] {processor.py:153} INFO - Started process (PID=4403) to work on /opt/airflow/dags/0-firstdag.py
[2024-05-20 15:48:10,952] {processor.py:641} INFO - Processing file /opt/airflow/dags/0-firstdag.py for tasks to queue
[2024-05-20 15:48:10,953] {logging_mixin.py:115} INFO - [2024-05-20 15:48:10,952] {dagbag.py:508} INFO - Filling up the DagBag from /opt/airflow/dags/0-firstdag.py
[2024-05-20 15:48:10,955] {processor.py:651} INFO - DAG(s) dict_keys(['first_dag']) retrieved from /opt/airflow/dags/0-firstdag.py
[2024-05-20 15:48:10,973] {logging_mixin.py:115} INFO - [2024-05-20 15:48:10,973] {dag.py:2420} INFO - Sync 1 DAGs
[2024-05-20 15:48:10,988] {logging_mixin.py:115} INFO - [2024-05-20 15:48:10,988] {dag.py:2972} INFO - Setting next_dagrun for first_dag to None, run_after=None
[2024-05-20 15:48:10,996] {processor.py:161} INFO - Processing /opt/airflow/dags/0-firstdag.py took 0.047 seconds
[2024-05-20 15:48:41,207] {processor.py:153} INFO - Started process (PID=4436) to work on /opt/airflow/dags/0-firstdag.py
[2024-05-20 15:48:41,209] {processor.py:641} INFO - Processing file /opt/airflow/dags/0-firstdag.py for tasks to queue
[2024-05-20 15:48:41,210] {logging_mixin.py:115} INFO - [2024-05-20 15:48:41,210] {dagbag.py:508} INFO - Filling up the DagBag from /opt/airflow/dags/0-firstdag.py
[2024-05-20 15:48:41,213] {processor.py:651} INFO - DAG(s) dict_keys(['first_dag']) retrieved from /opt/airflow/dags/0-firstdag.py
[2024-05-20 15:48:41,228] {logging_mixin.py:115} INFO - [2024-05-20 15:48:41,228] {dag.py:2420} INFO - Sync 1 DAGs
[2024-05-20 15:48:41,242] {logging_mixin.py:115} INFO - [2024-05-20 15:48:41,242] {dag.py:2972} INFO - Setting next_dagrun for first_dag to None, run_after=None
[2024-05-20 15:48:41,249] {processor.py:161} INFO - Processing /opt/airflow/dags/0-firstdag.py took 0.044 seconds
[2024-05-20 15:49:11,516] {processor.py:153} INFO - Started process (PID=4469) to work on /opt/airflow/dags/0-firstdag.py
[2024-05-20 15:49:11,519] {processor.py:641} INFO - Processing file /opt/airflow/dags/0-firstdag.py for tasks to queue
[2024-05-20 15:49:11,519] {logging_mixin.py:115} INFO - [2024-05-20 15:49:11,519] {dagbag.py:508} INFO - Filling up the DagBag from /opt/airflow/dags/0-firstdag.py
[2024-05-20 15:49:11,521] {processor.py:651} INFO - DAG(s) dict_keys(['first_dag']) retrieved from /opt/airflow/dags/0-firstdag.py
[2024-05-20 15:49:11,538] {logging_mixin.py:115} INFO - [2024-05-20 15:49:11,538] {dag.py:2420} INFO - Sync 1 DAGs
[2024-05-20 15:49:11,557] {logging_mixin.py:115} INFO - [2024-05-20 15:49:11,557] {dag.py:2972} INFO - Setting next_dagrun for first_dag to None, run_after=None
[2024-05-20 15:49:11,565] {processor.py:161} INFO - Processing /opt/airflow/dags/0-firstdag.py took 0.051 seconds
[2024-05-20 15:49:41,653] {processor.py:153} INFO - Started process (PID=4555) to work on /opt/airflow/dags/0-firstdag.py
[2024-05-20 15:49:41,654] {processor.py:641} INFO - Processing file /opt/airflow/dags/0-firstdag.py for tasks to queue
[2024-05-20 15:49:41,654] {logging_mixin.py:115} INFO - [2024-05-20 15:49:41,654] {dagbag.py:508} INFO - Filling up the DagBag from /opt/airflow/dags/0-firstdag.py
[2024-05-20 15:49:41,658] {processor.py:651} INFO - DAG(s) dict_keys(['first_dag']) retrieved from /opt/airflow/dags/0-firstdag.py
[2024-05-20 15:49:41,675] {logging_mixin.py:115} INFO - [2024-05-20 15:49:41,675] {dag.py:2420} INFO - Sync 1 DAGs
[2024-05-20 15:49:41,689] {logging_mixin.py:115} INFO - [2024-05-20 15:49:41,689] {dag.py:2972} INFO - Setting next_dagrun for first_dag to None, run_after=None
[2024-05-20 15:49:41,697] {processor.py:161} INFO - Processing /opt/airflow/dags/0-firstdag.py took 0.046 seconds
[2024-05-20 15:50:11,988] {processor.py:153} INFO - Started process (PID=4634) to work on /opt/airflow/dags/0-firstdag.py
[2024-05-20 15:50:11,989] {processor.py:641} INFO - Processing file /opt/airflow/dags/0-firstdag.py for tasks to queue
[2024-05-20 15:50:11,989] {logging_mixin.py:115} INFO - [2024-05-20 15:50:11,989] {dagbag.py:508} INFO - Filling up the DagBag from /opt/airflow/dags/0-firstdag.py
[2024-05-20 15:50:11,992] {processor.py:651} INFO - DAG(s) dict_keys(['first_dag']) retrieved from /opt/airflow/dags/0-firstdag.py
[2024-05-20 15:50:12,010] {logging_mixin.py:115} INFO - [2024-05-20 15:50:12,010] {dag.py:2420} INFO - Sync 1 DAGs
[2024-05-20 15:50:12,026] {logging_mixin.py:115} INFO - [2024-05-20 15:50:12,026] {dag.py:2972} INFO - Setting next_dagrun for first_dag to None, run_after=None
[2024-05-20 15:50:12,035] {processor.py:161} INFO - Processing /opt/airflow/dags/0-firstdag.py took 0.048 seconds
[2024-05-20 15:50:42,266] {processor.py:153} INFO - Started process (PID=4666) to work on /opt/airflow/dags/0-firstdag.py
[2024-05-20 15:50:42,267] {processor.py:641} INFO - Processing file /opt/airflow/dags/0-firstdag.py for tasks to queue
[2024-05-20 15:50:42,267] {logging_mixin.py:115} INFO - [2024-05-20 15:50:42,267] {dagbag.py:508} INFO - Filling up the DagBag from /opt/airflow/dags/0-firstdag.py
[2024-05-20 15:50:42,271] {processor.py:651} INFO - DAG(s) dict_keys(['first_dag']) retrieved from /opt/airflow/dags/0-firstdag.py
[2024-05-20 15:50:42,292] {logging_mixin.py:115} INFO - [2024-05-20 15:50:42,292] {dag.py:2420} INFO - Sync 1 DAGs
[2024-05-20 15:50:42,307] {logging_mixin.py:115} INFO - [2024-05-20 15:50:42,306] {dag.py:2972} INFO - Setting next_dagrun for first_dag to None, run_after=None
[2024-05-20 15:50:42,317] {processor.py:161} INFO - Processing /opt/airflow/dags/0-firstdag.py took 0.053 seconds
[2024-05-20 15:51:12,571] {processor.py:153} INFO - Started process (PID=4699) to work on /opt/airflow/dags/0-firstdag.py
[2024-05-20 15:51:12,573] {processor.py:641} INFO - Processing file /opt/airflow/dags/0-firstdag.py for tasks to queue
[2024-05-20 15:51:12,573] {logging_mixin.py:115} INFO - [2024-05-20 15:51:12,573] {dagbag.py:508} INFO - Filling up the DagBag from /opt/airflow/dags/0-firstdag.py
[2024-05-20 15:51:12,578] {processor.py:651} INFO - DAG(s) dict_keys(['first_dag']) retrieved from /opt/airflow/dags/0-firstdag.py
[2024-05-20 15:51:12,596] {logging_mixin.py:115} INFO - [2024-05-20 15:51:12,596] {dag.py:2420} INFO - Sync 1 DAGs
[2024-05-20 15:51:12,610] {logging_mixin.py:115} INFO - [2024-05-20 15:51:12,610] {dag.py:2972} INFO - Setting next_dagrun for first_dag to None, run_after=None
[2024-05-20 15:51:12,628] {processor.py:161} INFO - Processing /opt/airflow/dags/0-firstdag.py took 0.059 seconds
[2024-05-20 15:51:43,588] {processor.py:153} INFO - Started process (PID=4732) to work on /opt/airflow/dags/0-firstdag.py
[2024-05-20 15:51:43,599] {processor.py:641} INFO - Processing file /opt/airflow/dags/0-firstdag.py for tasks to queue
[2024-05-20 15:51:43,599] {logging_mixin.py:115} INFO - [2024-05-20 15:51:43,599] {dagbag.py:508} INFO - Filling up the DagBag from /opt/airflow/dags/0-firstdag.py
[2024-05-20 15:51:43,617] {processor.py:651} INFO - DAG(s) dict_keys(['first_dag']) retrieved from /opt/airflow/dags/0-firstdag.py
[2024-05-20 15:51:43,632] {logging_mixin.py:115} INFO - [2024-05-20 15:51:43,632] {dag.py:2420} INFO - Sync 1 DAGs
[2024-05-20 15:51:43,644] {logging_mixin.py:115} INFO - [2024-05-20 15:51:43,644] {dag.py:2972} INFO - Setting next_dagrun for first_dag to None, run_after=None
[2024-05-20 15:51:43,663] {processor.py:161} INFO - Processing /opt/airflow/dags/0-firstdag.py took 0.077 seconds
[2024-05-20 15:52:14,382] {processor.py:153} INFO - Started process (PID=4756) to work on /opt/airflow/dags/0-firstdag.py
[2024-05-20 15:52:14,400] {processor.py:641} INFO - Processing file /opt/airflow/dags/0-firstdag.py for tasks to queue
[2024-05-20 15:52:14,400] {logging_mixin.py:115} INFO - [2024-05-20 15:52:14,400] {dagbag.py:508} INFO - Filling up the DagBag from /opt/airflow/dags/0-firstdag.py
[2024-05-20 15:52:14,420] {processor.py:651} INFO - DAG(s) dict_keys(['first_dag']) retrieved from /opt/airflow/dags/0-firstdag.py
[2024-05-20 15:52:14,436] {logging_mixin.py:115} INFO - [2024-05-20 15:52:14,436] {dag.py:2420} INFO - Sync 1 DAGs
[2024-05-20 15:52:14,448] {logging_mixin.py:115} INFO - [2024-05-20 15:52:14,448] {dag.py:2972} INFO - Setting next_dagrun for first_dag to None, run_after=None
[2024-05-20 15:52:14,470] {processor.py:161} INFO - Processing /opt/airflow/dags/0-firstdag.py took 0.091 seconds
[2024-05-20 15:52:45,318] {processor.py:153} INFO - Started process (PID=4789) to work on /opt/airflow/dags/0-firstdag.py
[2024-05-20 15:52:45,319] {processor.py:641} INFO - Processing file /opt/airflow/dags/0-firstdag.py for tasks to queue
[2024-05-20 15:52:45,320] {logging_mixin.py:115} INFO - [2024-05-20 15:52:45,320] {dagbag.py:508} INFO - Filling up the DagBag from /opt/airflow/dags/0-firstdag.py
[2024-05-20 15:52:45,322] {processor.py:651} INFO - DAG(s) dict_keys(['first_dag']) retrieved from /opt/airflow/dags/0-firstdag.py
[2024-05-20 15:52:45,338] {logging_mixin.py:115} INFO - [2024-05-20 15:52:45,338] {dag.py:2420} INFO - Sync 1 DAGs
[2024-05-20 15:52:45,351] {logging_mixin.py:115} INFO - [2024-05-20 15:52:45,351] {dag.py:2972} INFO - Setting next_dagrun for first_dag to None, run_after=None
[2024-05-20 15:52:45,359] {processor.py:161} INFO - Processing /opt/airflow/dags/0-firstdag.py took 0.043 seconds
[2024-05-20 15:53:26,589] {processor.py:153} INFO - Started process (PID=38) to work on /opt/airflow/dags/0-firstdag.py
[2024-05-20 15:53:26,590] {processor.py:641} INFO - Processing file /opt/airflow/dags/0-firstdag.py for tasks to queue
[2024-05-20 15:53:26,590] {logging_mixin.py:115} INFO - [2024-05-20 15:53:26,590] {dagbag.py:508} INFO - Filling up the DagBag from /opt/airflow/dags/0-firstdag.py
[2024-05-20 15:53:26,594] {processor.py:651} INFO - DAG(s) dict_keys(['first_dag']) retrieved from /opt/airflow/dags/0-firstdag.py
[2024-05-20 15:53:26,619] {logging_mixin.py:115} INFO - [2024-05-20 15:53:26,619] {dag.py:2420} INFO - Sync 1 DAGs
[2024-05-20 15:53:26,756] {logging_mixin.py:115} INFO - [2024-05-20 15:53:26,756] {dag.py:2972} INFO - Setting next_dagrun for first_dag to None, run_after=None
[2024-05-20 15:53:26,765] {processor.py:161} INFO - Processing /opt/airflow/dags/0-firstdag.py took 0.179 seconds
[2024-05-20 15:53:57,147] {processor.py:153} INFO - Started process (PID=71) to work on /opt/airflow/dags/0-firstdag.py
[2024-05-20 15:53:57,148] {processor.py:641} INFO - Processing file /opt/airflow/dags/0-firstdag.py for tasks to queue
[2024-05-20 15:53:57,148] {logging_mixin.py:115} INFO - [2024-05-20 15:53:57,148] {dagbag.py:508} INFO - Filling up the DagBag from /opt/airflow/dags/0-firstdag.py
[2024-05-20 15:53:57,151] {processor.py:651} INFO - DAG(s) dict_keys(['first_dag']) retrieved from /opt/airflow/dags/0-firstdag.py
[2024-05-20 15:53:57,173] {logging_mixin.py:115} INFO - [2024-05-20 15:53:57,173] {dag.py:2420} INFO - Sync 1 DAGs
[2024-05-20 15:53:57,266] {logging_mixin.py:115} INFO - [2024-05-20 15:53:57,266] {dag.py:2972} INFO - Setting next_dagrun for first_dag to None, run_after=None
[2024-05-20 15:53:57,272] {processor.py:161} INFO - Processing /opt/airflow/dags/0-firstdag.py took 0.127 seconds
[2024-05-20 15:54:27,869] {processor.py:153} INFO - Started process (PID=104) to work on /opt/airflow/dags/0-firstdag.py
[2024-05-20 15:54:27,869] {processor.py:641} INFO - Processing file /opt/airflow/dags/0-firstdag.py for tasks to queue
[2024-05-20 15:54:27,870] {logging_mixin.py:115} INFO - [2024-05-20 15:54:27,870] {dagbag.py:508} INFO - Filling up the DagBag from /opt/airflow/dags/0-firstdag.py
[2024-05-20 15:54:27,873] {processor.py:651} INFO - DAG(s) dict_keys(['first_dag']) retrieved from /opt/airflow/dags/0-firstdag.py
[2024-05-20 15:54:27,968] {logging_mixin.py:115} INFO - [2024-05-20 15:54:27,968] {dag.py:2420} INFO - Sync 1 DAGs
[2024-05-20 15:54:27,981] {logging_mixin.py:115} INFO - [2024-05-20 15:54:27,981] {dag.py:2972} INFO - Setting next_dagrun for first_dag to None, run_after=None
[2024-05-20 15:54:27,989] {processor.py:161} INFO - Processing /opt/airflow/dags/0-firstdag.py took 0.122 seconds
[2024-05-20 15:54:58,369] {processor.py:153} INFO - Started process (PID=137) to work on /opt/airflow/dags/0-firstdag.py
[2024-05-20 15:54:58,369] {processor.py:641} INFO - Processing file /opt/airflow/dags/0-firstdag.py for tasks to queue
[2024-05-20 15:54:58,370] {logging_mixin.py:115} INFO - [2024-05-20 15:54:58,370] {dagbag.py:508} INFO - Filling up the DagBag from /opt/airflow/dags/0-firstdag.py
[2024-05-20 15:54:58,448] {processor.py:651} INFO - DAG(s) dict_keys(['first_dag']) retrieved from /opt/airflow/dags/0-firstdag.py
[2024-05-20 15:54:58,460] {logging_mixin.py:115} INFO - [2024-05-20 15:54:58,460] {dag.py:2420} INFO - Sync 1 DAGs
[2024-05-20 15:54:58,470] {logging_mixin.py:115} INFO - [2024-05-20 15:54:58,470] {dag.py:2972} INFO - Setting next_dagrun for first_dag to None, run_after=None
[2024-05-20 15:54:58,477] {processor.py:161} INFO - Processing /opt/airflow/dags/0-firstdag.py took 0.110 seconds
[2024-05-20 15:55:28,683] {processor.py:153} INFO - Started process (PID=168) to work on /opt/airflow/dags/0-firstdag.py
[2024-05-20 15:55:28,683] {processor.py:641} INFO - Processing file /opt/airflow/dags/0-firstdag.py for tasks to queue
[2024-05-20 15:55:28,684] {logging_mixin.py:115} INFO - [2024-05-20 15:55:28,684] {dagbag.py:508} INFO - Filling up the DagBag from /opt/airflow/dags/0-firstdag.py
[2024-05-20 15:55:28,686] {processor.py:651} INFO - DAG(s) dict_keys(['first_dag']) retrieved from /opt/airflow/dags/0-firstdag.py
[2024-05-20 15:55:28,702] {logging_mixin.py:115} INFO - [2024-05-20 15:55:28,702] {dag.py:2420} INFO - Sync 1 DAGs
[2024-05-20 15:55:28,715] {logging_mixin.py:115} INFO - [2024-05-20 15:55:28,715] {dag.py:2972} INFO - Setting next_dagrun for first_dag to None, run_after=None
[2024-05-20 15:55:28,722] {processor.py:161} INFO - Processing /opt/airflow/dags/0-firstdag.py took 0.041 seconds
[2024-05-20 15:55:58,920] {processor.py:153} INFO - Started process (PID=198) to work on /opt/airflow/dags/0-firstdag.py
[2024-05-20 15:55:58,920] {processor.py:641} INFO - Processing file /opt/airflow/dags/0-firstdag.py for tasks to queue
[2024-05-20 15:55:58,920] {logging_mixin.py:115} INFO - [2024-05-20 15:55:58,920] {dagbag.py:508} INFO - Filling up the DagBag from /opt/airflow/dags/0-firstdag.py
[2024-05-20 15:55:58,922] {processor.py:651} INFO - DAG(s) dict_keys(['first_dag']) retrieved from /opt/airflow/dags/0-firstdag.py
[2024-05-20 15:55:58,936] {logging_mixin.py:115} INFO - [2024-05-20 15:55:58,936] {dag.py:2420} INFO - Sync 1 DAGs
[2024-05-20 15:55:58,948] {logging_mixin.py:115} INFO - [2024-05-20 15:55:58,948] {dag.py:2972} INFO - Setting next_dagrun for first_dag to None, run_after=None
[2024-05-20 15:55:58,955] {processor.py:161} INFO - Processing /opt/airflow/dags/0-firstdag.py took 0.037 seconds
[2024-05-20 15:56:29,149] {processor.py:153} INFO - Started process (PID=230) to work on /opt/airflow/dags/0-firstdag.py
[2024-05-20 15:56:29,150] {processor.py:641} INFO - Processing file /opt/airflow/dags/0-firstdag.py for tasks to queue
[2024-05-20 15:56:29,150] {logging_mixin.py:115} INFO - [2024-05-20 15:56:29,150] {dagbag.py:508} INFO - Filling up the DagBag from /opt/airflow/dags/0-firstdag.py
[2024-05-20 15:56:29,153] {processor.py:651} INFO - DAG(s) dict_keys(['first_dag']) retrieved from /opt/airflow/dags/0-firstdag.py
[2024-05-20 15:56:29,168] {logging_mixin.py:115} INFO - [2024-05-20 15:56:29,168] {dag.py:2420} INFO - Sync 1 DAGs
[2024-05-20 15:56:29,180] {logging_mixin.py:115} INFO - [2024-05-20 15:56:29,180] {dag.py:2972} INFO - Setting next_dagrun for first_dag to None, run_after=None
[2024-05-20 15:56:29,187] {processor.py:161} INFO - Processing /opt/airflow/dags/0-firstdag.py took 0.039 seconds
[2024-05-20 15:56:59,407] {processor.py:153} INFO - Started process (PID=263) to work on /opt/airflow/dags/0-firstdag.py
[2024-05-20 15:56:59,408] {processor.py:641} INFO - Processing file /opt/airflow/dags/0-firstdag.py for tasks to queue
[2024-05-20 15:56:59,408] {logging_mixin.py:115} INFO - [2024-05-20 15:56:59,408] {dagbag.py:508} INFO - Filling up the DagBag from /opt/airflow/dags/0-firstdag.py
[2024-05-20 15:56:59,411] {processor.py:651} INFO - DAG(s) dict_keys(['first_dag']) retrieved from /opt/airflow/dags/0-firstdag.py
[2024-05-20 15:56:59,430] {logging_mixin.py:115} INFO - [2024-05-20 15:56:59,430] {dag.py:2420} INFO - Sync 1 DAGs
[2024-05-20 15:56:59,444] {logging_mixin.py:115} INFO - [2024-05-20 15:56:59,444] {dag.py:2972} INFO - Setting next_dagrun for first_dag to None, run_after=None
[2024-05-20 15:56:59,452] {processor.py:161} INFO - Processing /opt/airflow/dags/0-firstdag.py took 0.046 seconds
[2024-05-20 15:57:29,655] {processor.py:153} INFO - Started process (PID=295) to work on /opt/airflow/dags/0-firstdag.py
[2024-05-20 15:57:29,655] {processor.py:641} INFO - Processing file /opt/airflow/dags/0-firstdag.py for tasks to queue
[2024-05-20 15:57:29,656] {logging_mixin.py:115} INFO - [2024-05-20 15:57:29,656] {dagbag.py:508} INFO - Filling up the DagBag from /opt/airflow/dags/0-firstdag.py
[2024-05-20 15:57:29,658] {processor.py:651} INFO - DAG(s) dict_keys(['first_dag']) retrieved from /opt/airflow/dags/0-firstdag.py
[2024-05-20 15:57:29,675] {logging_mixin.py:115} INFO - [2024-05-20 15:57:29,675] {dag.py:2420} INFO - Sync 1 DAGs
[2024-05-20 15:57:29,689] {logging_mixin.py:115} INFO - [2024-05-20 15:57:29,688] {dag.py:2972} INFO - Setting next_dagrun for first_dag to None, run_after=None
[2024-05-20 15:57:29,696] {processor.py:161} INFO - Processing /opt/airflow/dags/0-firstdag.py took 0.043 seconds
[2024-05-20 15:57:59,930] {processor.py:153} INFO - Started process (PID=328) to work on /opt/airflow/dags/0-firstdag.py
[2024-05-20 15:57:59,931] {processor.py:641} INFO - Processing file /opt/airflow/dags/0-firstdag.py for tasks to queue
[2024-05-20 15:57:59,931] {logging_mixin.py:115} INFO - [2024-05-20 15:57:59,931] {dagbag.py:508} INFO - Filling up the DagBag from /opt/airflow/dags/0-firstdag.py
[2024-05-20 15:57:59,933] {processor.py:651} INFO - DAG(s) dict_keys(['first_dag']) retrieved from /opt/airflow/dags/0-firstdag.py
[2024-05-20 15:57:59,949] {logging_mixin.py:115} INFO - [2024-05-20 15:57:59,949] {dag.py:2420} INFO - Sync 1 DAGs
[2024-05-20 15:57:59,962] {logging_mixin.py:115} INFO - [2024-05-20 15:57:59,962] {dag.py:2972} INFO - Setting next_dagrun for first_dag to None, run_after=None
[2024-05-20 15:57:59,987] {processor.py:161} INFO - Processing /opt/airflow/dags/0-firstdag.py took 0.058 seconds
[2024-05-20 15:58:30,213] {processor.py:153} INFO - Started process (PID=352) to work on /opt/airflow/dags/0-firstdag.py
[2024-05-20 15:58:30,214] {processor.py:641} INFO - Processing file /opt/airflow/dags/0-firstdag.py for tasks to queue
[2024-05-20 15:58:30,214] {logging_mixin.py:115} INFO - [2024-05-20 15:58:30,214] {dagbag.py:508} INFO - Filling up the DagBag from /opt/airflow/dags/0-firstdag.py
[2024-05-20 15:58:30,217] {processor.py:651} INFO - DAG(s) dict_keys(['first_dag']) retrieved from /opt/airflow/dags/0-firstdag.py
[2024-05-20 15:58:30,232] {logging_mixin.py:115} INFO - [2024-05-20 15:58:30,232] {dag.py:2420} INFO - Sync 1 DAGs
[2024-05-20 15:58:30,246] {logging_mixin.py:115} INFO - [2024-05-20 15:58:30,246] {dag.py:2972} INFO - Setting next_dagrun for first_dag to None, run_after=None
[2024-05-20 15:58:30,253] {processor.py:161} INFO - Processing /opt/airflow/dags/0-firstdag.py took 0.041 seconds
[2024-05-20 15:59:00,486] {processor.py:153} INFO - Started process (PID=384) to work on /opt/airflow/dags/0-firstdag.py
[2024-05-20 15:59:00,487] {processor.py:641} INFO - Processing file /opt/airflow/dags/0-firstdag.py for tasks to queue
[2024-05-20 15:59:00,487] {logging_mixin.py:115} INFO - [2024-05-20 15:59:00,487] {dagbag.py:508} INFO - Filling up the DagBag from /opt/airflow/dags/0-firstdag.py
[2024-05-20 15:59:00,489] {processor.py:651} INFO - DAG(s) dict_keys(['first_dag']) retrieved from /opt/airflow/dags/0-firstdag.py
[2024-05-20 15:59:00,503] {logging_mixin.py:115} INFO - [2024-05-20 15:59:00,503] {dag.py:2420} INFO - Sync 1 DAGs
[2024-05-20 15:59:00,516] {logging_mixin.py:115} INFO - [2024-05-20 15:59:00,516] {dag.py:2972} INFO - Setting next_dagrun for first_dag to None, run_after=None
[2024-05-20 15:59:00,523] {processor.py:161} INFO - Processing /opt/airflow/dags/0-firstdag.py took 0.038 seconds
[2024-05-20 15:59:30,720] {processor.py:153} INFO - Started process (PID=417) to work on /opt/airflow/dags/0-firstdag.py
[2024-05-20 15:59:30,720] {processor.py:641} INFO - Processing file /opt/airflow/dags/0-firstdag.py for tasks to queue
[2024-05-20 15:59:30,720] {logging_mixin.py:115} INFO - [2024-05-20 15:59:30,720] {dagbag.py:508} INFO - Filling up the DagBag from /opt/airflow/dags/0-firstdag.py
[2024-05-20 15:59:30,722] {processor.py:651} INFO - DAG(s) dict_keys(['first_dag']) retrieved from /opt/airflow/dags/0-firstdag.py
[2024-05-20 15:59:30,737] {logging_mixin.py:115} INFO - [2024-05-20 15:59:30,737] {dag.py:2420} INFO - Sync 1 DAGs
[2024-05-20 15:59:30,749] {logging_mixin.py:115} INFO - [2024-05-20 15:59:30,749] {dag.py:2972} INFO - Setting next_dagrun for first_dag to None, run_after=None
[2024-05-20 15:59:30,757] {processor.py:161} INFO - Processing /opt/airflow/dags/0-firstdag.py took 0.039 seconds
[2024-05-20 16:00:00,951] {processor.py:153} INFO - Started process (PID=450) to work on /opt/airflow/dags/0-firstdag.py
[2024-05-20 16:00:00,951] {processor.py:641} INFO - Processing file /opt/airflow/dags/0-firstdag.py for tasks to queue
[2024-05-20 16:00:00,952] {logging_mixin.py:115} INFO - [2024-05-20 16:00:00,952] {dagbag.py:508} INFO - Filling up the DagBag from /opt/airflow/dags/0-firstdag.py
[2024-05-20 16:00:00,954] {processor.py:651} INFO - DAG(s) dict_keys(['first_dag']) retrieved from /opt/airflow/dags/0-firstdag.py
[2024-05-20 16:00:00,968] {logging_mixin.py:115} INFO - [2024-05-20 16:00:00,968] {dag.py:2420} INFO - Sync 1 DAGs
[2024-05-20 16:00:00,980] {logging_mixin.py:115} INFO - [2024-05-20 16:00:00,980] {dag.py:2972} INFO - Setting next_dagrun for first_dag to None, run_after=None
[2024-05-20 16:00:00,987] {processor.py:161} INFO - Processing /opt/airflow/dags/0-firstdag.py took 0.038 seconds
[2024-05-20 16:00:31,186] {processor.py:153} INFO - Started process (PID=482) to work on /opt/airflow/dags/0-firstdag.py
[2024-05-20 16:00:31,187] {processor.py:641} INFO - Processing file /opt/airflow/dags/0-firstdag.py for tasks to queue
[2024-05-20 16:00:31,187] {logging_mixin.py:115} INFO - [2024-05-20 16:00:31,187] {dagbag.py:508} INFO - Filling up the DagBag from /opt/airflow/dags/0-firstdag.py
[2024-05-20 16:00:31,189] {processor.py:651} INFO - DAG(s) dict_keys(['first_dag']) retrieved from /opt/airflow/dags/0-firstdag.py
[2024-05-20 16:00:31,204] {logging_mixin.py:115} INFO - [2024-05-20 16:00:31,204] {dag.py:2420} INFO - Sync 1 DAGs
[2024-05-20 16:00:31,216] {logging_mixin.py:115} INFO - [2024-05-20 16:00:31,216] {dag.py:2972} INFO - Setting next_dagrun for first_dag to None, run_after=None
[2024-05-20 16:00:31,223] {processor.py:161} INFO - Processing /opt/airflow/dags/0-firstdag.py took 0.038 seconds
[2024-05-20 16:01:01,439] {processor.py:153} INFO - Started process (PID=513) to work on /opt/airflow/dags/0-firstdag.py
[2024-05-20 16:01:01,439] {processor.py:641} INFO - Processing file /opt/airflow/dags/0-firstdag.py for tasks to queue
[2024-05-20 16:01:01,439] {logging_mixin.py:115} INFO - [2024-05-20 16:01:01,439] {dagbag.py:508} INFO - Filling up the DagBag from /opt/airflow/dags/0-firstdag.py
[2024-05-20 16:01:01,442] {processor.py:651} INFO - DAG(s) dict_keys(['first_dag']) retrieved from /opt/airflow/dags/0-firstdag.py
[2024-05-20 16:01:01,457] {logging_mixin.py:115} INFO - [2024-05-20 16:01:01,457] {dag.py:2420} INFO - Sync 1 DAGs
[2024-05-20 16:01:01,470] {logging_mixin.py:115} INFO - [2024-05-20 16:01:01,470] {dag.py:2972} INFO - Setting next_dagrun for first_dag to None, run_after=None
[2024-05-20 16:01:01,477] {processor.py:161} INFO - Processing /opt/airflow/dags/0-firstdag.py took 0.041 seconds
[2024-05-20 16:01:31,679] {processor.py:153} INFO - Started process (PID=538) to work on /opt/airflow/dags/0-firstdag.py
[2024-05-20 16:01:31,679] {processor.py:641} INFO - Processing file /opt/airflow/dags/0-firstdag.py for tasks to queue
[2024-05-20 16:01:31,679] {logging_mixin.py:115} INFO - [2024-05-20 16:01:31,679] {dagbag.py:508} INFO - Filling up the DagBag from /opt/airflow/dags/0-firstdag.py
[2024-05-20 16:01:31,682] {processor.py:651} INFO - DAG(s) dict_keys(['first_dag']) retrieved from /opt/airflow/dags/0-firstdag.py
[2024-05-20 16:01:31,695] {logging_mixin.py:115} INFO - [2024-05-20 16:01:31,695] {dag.py:2420} INFO - Sync 1 DAGs
[2024-05-20 16:01:31,707] {logging_mixin.py:115} INFO - [2024-05-20 16:01:31,707] {dag.py:2972} INFO - Setting next_dagrun for first_dag to None, run_after=None
[2024-05-20 16:01:31,714] {processor.py:161} INFO - Processing /opt/airflow/dags/0-firstdag.py took 0.038 seconds
[2024-05-20 16:02:01,906] {processor.py:153} INFO - Started process (PID=569) to work on /opt/airflow/dags/0-firstdag.py
[2024-05-20 16:02:01,906] {processor.py:641} INFO - Processing file /opt/airflow/dags/0-firstdag.py for tasks to queue
[2024-05-20 16:02:01,906] {logging_mixin.py:115} INFO - [2024-05-20 16:02:01,906] {dagbag.py:508} INFO - Filling up the DagBag from /opt/airflow/dags/0-firstdag.py
[2024-05-20 16:02:01,908] {processor.py:651} INFO - DAG(s) dict_keys(['first_dag']) retrieved from /opt/airflow/dags/0-firstdag.py
[2024-05-20 16:02:01,924] {logging_mixin.py:115} INFO - [2024-05-20 16:02:01,923] {dag.py:2420} INFO - Sync 1 DAGs
[2024-05-20 16:02:01,935] {logging_mixin.py:115} INFO - [2024-05-20 16:02:01,935] {dag.py:2972} INFO - Setting next_dagrun for first_dag to None, run_after=None
[2024-05-20 16:02:01,942] {processor.py:161} INFO - Processing /opt/airflow/dags/0-firstdag.py took 0.038 seconds
[2024-05-20 16:02:32,148] {processor.py:153} INFO - Started process (PID=601) to work on /opt/airflow/dags/0-firstdag.py
[2024-05-20 16:02:32,148] {processor.py:641} INFO - Processing file /opt/airflow/dags/0-firstdag.py for tasks to queue
[2024-05-20 16:02:32,149] {logging_mixin.py:115} INFO - [2024-05-20 16:02:32,149] {dagbag.py:508} INFO - Filling up the DagBag from /opt/airflow/dags/0-firstdag.py
[2024-05-20 16:02:32,151] {processor.py:651} INFO - DAG(s) dict_keys(['first_dag']) retrieved from /opt/airflow/dags/0-firstdag.py
[2024-05-20 16:02:32,166] {logging_mixin.py:115} INFO - [2024-05-20 16:02:32,166] {dag.py:2420} INFO - Sync 1 DAGs
[2024-05-20 16:02:32,179] {logging_mixin.py:115} INFO - [2024-05-20 16:02:32,178] {dag.py:2972} INFO - Setting next_dagrun for first_dag to None, run_after=None
[2024-05-20 16:02:32,185] {processor.py:161} INFO - Processing /opt/airflow/dags/0-firstdag.py took 0.040 seconds
[2024-05-20 16:03:02,387] {processor.py:153} INFO - Started process (PID=632) to work on /opt/airflow/dags/0-firstdag.py
[2024-05-20 16:03:02,388] {processor.py:641} INFO - Processing file /opt/airflow/dags/0-firstdag.py for tasks to queue
[2024-05-20 16:03:02,388] {logging_mixin.py:115} INFO - [2024-05-20 16:03:02,388] {dagbag.py:508} INFO - Filling up the DagBag from /opt/airflow/dags/0-firstdag.py
[2024-05-20 16:03:02,390] {processor.py:651} INFO - DAG(s) dict_keys(['first_dag']) retrieved from /opt/airflow/dags/0-firstdag.py
[2024-05-20 16:03:02,406] {logging_mixin.py:115} INFO - [2024-05-20 16:03:02,405] {dag.py:2420} INFO - Sync 1 DAGs
[2024-05-20 16:03:02,418] {logging_mixin.py:115} INFO - [2024-05-20 16:03:02,418] {dag.py:2972} INFO - Setting next_dagrun for first_dag to None, run_after=None
[2024-05-20 16:03:02,426] {processor.py:161} INFO - Processing /opt/airflow/dags/0-firstdag.py took 0.040 seconds
[2024-05-20 16:03:32,677] {processor.py:153} INFO - Started process (PID=665) to work on /opt/airflow/dags/0-firstdag.py
[2024-05-20 16:03:32,678] {processor.py:641} INFO - Processing file /opt/airflow/dags/0-firstdag.py for tasks to queue
[2024-05-20 16:03:32,678] {logging_mixin.py:115} INFO - [2024-05-20 16:03:32,678] {dagbag.py:508} INFO - Filling up the DagBag from /opt/airflow/dags/0-firstdag.py
[2024-05-20 16:03:32,680] {processor.py:651} INFO - DAG(s) dict_keys(['first_dag']) retrieved from /opt/airflow/dags/0-firstdag.py
[2024-05-20 16:03:32,701] {logging_mixin.py:115} INFO - [2024-05-20 16:03:32,700] {dag.py:2420} INFO - Sync 1 DAGs
[2024-05-20 16:03:32,715] {logging_mixin.py:115} INFO - [2024-05-20 16:03:32,715] {dag.py:2972} INFO - Setting next_dagrun for first_dag to None, run_after=None
[2024-05-20 16:03:32,722] {processor.py:161} INFO - Processing /opt/airflow/dags/0-firstdag.py took 0.047 seconds
[2024-05-20 16:04:02,989] {processor.py:153} INFO - Started process (PID=687) to work on /opt/airflow/dags/0-firstdag.py
[2024-05-20 16:04:02,990] {processor.py:641} INFO - Processing file /opt/airflow/dags/0-firstdag.py for tasks to queue
[2024-05-20 16:04:02,990] {logging_mixin.py:115} INFO - [2024-05-20 16:04:02,990] {dagbag.py:508} INFO - Filling up the DagBag from /opt/airflow/dags/0-firstdag.py
[2024-05-20 16:04:02,993] {processor.py:651} INFO - DAG(s) dict_keys(['first_dag']) retrieved from /opt/airflow/dags/0-firstdag.py
[2024-05-20 16:04:03,008] {logging_mixin.py:115} INFO - [2024-05-20 16:04:03,008] {dag.py:2420} INFO - Sync 1 DAGs
[2024-05-20 16:04:03,020] {logging_mixin.py:115} INFO - [2024-05-20 16:04:03,020] {dag.py:2972} INFO - Setting next_dagrun for first_dag to None, run_after=None
[2024-05-20 16:04:03,027] {processor.py:161} INFO - Processing /opt/airflow/dags/0-firstdag.py took 0.040 seconds
[2024-05-20 16:04:33,240] {processor.py:153} INFO - Started process (PID=720) to work on /opt/airflow/dags/0-firstdag.py
[2024-05-20 16:04:33,241] {processor.py:641} INFO - Processing file /opt/airflow/dags/0-firstdag.py for tasks to queue
[2024-05-20 16:04:33,241] {logging_mixin.py:115} INFO - [2024-05-20 16:04:33,241] {dagbag.py:508} INFO - Filling up the DagBag from /opt/airflow/dags/0-firstdag.py
[2024-05-20 16:04:33,244] {processor.py:651} INFO - DAG(s) dict_keys(['first_dag']) retrieved from /opt/airflow/dags/0-firstdag.py
[2024-05-20 16:04:33,260] {logging_mixin.py:115} INFO - [2024-05-20 16:04:33,260] {dag.py:2420} INFO - Sync 1 DAGs
[2024-05-20 16:04:33,274] {logging_mixin.py:115} INFO - [2024-05-20 16:04:33,274] {dag.py:2972} INFO - Setting next_dagrun for first_dag to None, run_after=None
[2024-05-20 16:04:33,281] {processor.py:161} INFO - Processing /opt/airflow/dags/0-firstdag.py took 0.044 seconds
[2024-05-20 16:05:03,516] {processor.py:153} INFO - Started process (PID=753) to work on /opt/airflow/dags/0-firstdag.py
[2024-05-20 16:05:03,517] {processor.py:641} INFO - Processing file /opt/airflow/dags/0-firstdag.py for tasks to queue
[2024-05-20 16:05:03,517] {logging_mixin.py:115} INFO - [2024-05-20 16:05:03,517] {dagbag.py:508} INFO - Filling up the DagBag from /opt/airflow/dags/0-firstdag.py
[2024-05-20 16:05:03,519] {processor.py:651} INFO - DAG(s) dict_keys(['first_dag']) retrieved from /opt/airflow/dags/0-firstdag.py
[2024-05-20 16:05:03,536] {logging_mixin.py:115} INFO - [2024-05-20 16:05:03,536] {dag.py:2420} INFO - Sync 1 DAGs
[2024-05-20 16:05:03,548] {logging_mixin.py:115} INFO - [2024-05-20 16:05:03,548] {dag.py:2972} INFO - Setting next_dagrun for first_dag to None, run_after=None
[2024-05-20 16:05:03,556] {processor.py:161} INFO - Processing /opt/airflow/dags/0-firstdag.py took 0.041 seconds
[2024-05-20 16:05:33,747] {processor.py:153} INFO - Started process (PID=784) to work on /opt/airflow/dags/0-firstdag.py
[2024-05-20 16:05:33,748] {processor.py:641} INFO - Processing file /opt/airflow/dags/0-firstdag.py for tasks to queue
[2024-05-20 16:05:33,749] {logging_mixin.py:115} INFO - [2024-05-20 16:05:33,749] {dagbag.py:508} INFO - Filling up the DagBag from /opt/airflow/dags/0-firstdag.py
[2024-05-20 16:05:33,751] {processor.py:651} INFO - DAG(s) dict_keys(['first_dag']) retrieved from /opt/airflow/dags/0-firstdag.py
[2024-05-20 16:05:33,770] {logging_mixin.py:115} INFO - [2024-05-20 16:05:33,770] {dag.py:2420} INFO - Sync 1 DAGs
[2024-05-20 16:05:33,786] {logging_mixin.py:115} INFO - [2024-05-20 16:05:33,786] {dag.py:2972} INFO - Setting next_dagrun for first_dag to None, run_after=None
[2024-05-20 16:05:33,796] {processor.py:161} INFO - Processing /opt/airflow/dags/0-firstdag.py took 0.050 seconds
[2024-05-20 16:06:04,033] {processor.py:153} INFO - Started process (PID=817) to work on /opt/airflow/dags/0-firstdag.py
[2024-05-20 16:06:04,034] {processor.py:641} INFO - Processing file /opt/airflow/dags/0-firstdag.py for tasks to queue
[2024-05-20 16:06:04,035] {logging_mixin.py:115} INFO - [2024-05-20 16:06:04,035] {dagbag.py:508} INFO - Filling up the DagBag from /opt/airflow/dags/0-firstdag.py
[2024-05-20 16:06:04,037] {processor.py:651} INFO - DAG(s) dict_keys(['first_dag']) retrieved from /opt/airflow/dags/0-firstdag.py
[2024-05-20 16:06:04,055] {logging_mixin.py:115} INFO - [2024-05-20 16:06:04,055] {dag.py:2420} INFO - Sync 1 DAGs
[2024-05-20 16:06:04,070] {logging_mixin.py:115} INFO - [2024-05-20 16:06:04,069] {dag.py:2972} INFO - Setting next_dagrun for first_dag to None, run_after=None
[2024-05-20 16:06:04,079] {processor.py:161} INFO - Processing /opt/airflow/dags/0-firstdag.py took 0.048 seconds
[2024-05-20 16:06:34,358] {processor.py:153} INFO - Started process (PID=841) to work on /opt/airflow/dags/0-firstdag.py
[2024-05-20 16:06:34,358] {processor.py:641} INFO - Processing file /opt/airflow/dags/0-firstdag.py for tasks to queue
[2024-05-20 16:06:34,359] {logging_mixin.py:115} INFO - [2024-05-20 16:06:34,359] {dagbag.py:508} INFO - Filling up the DagBag from /opt/airflow/dags/0-firstdag.py
[2024-05-20 16:06:34,361] {processor.py:651} INFO - DAG(s) dict_keys(['first_dag']) retrieved from /opt/airflow/dags/0-firstdag.py
[2024-05-20 16:06:34,376] {logging_mixin.py:115} INFO - [2024-05-20 16:06:34,376] {dag.py:2420} INFO - Sync 1 DAGs
[2024-05-20 16:06:34,388] {logging_mixin.py:115} INFO - [2024-05-20 16:06:34,388] {dag.py:2972} INFO - Setting next_dagrun for first_dag to None, run_after=None
[2024-05-20 16:06:34,395] {processor.py:161} INFO - Processing /opt/airflow/dags/0-firstdag.py took 0.039 seconds
[2024-05-20 16:07:04,609] {processor.py:153} INFO - Started process (PID=874) to work on /opt/airflow/dags/0-firstdag.py
[2024-05-20 16:07:04,610] {processor.py:641} INFO - Processing file /opt/airflow/dags/0-firstdag.py for tasks to queue
[2024-05-20 16:07:04,612] {logging_mixin.py:115} INFO - [2024-05-20 16:07:04,612] {dagbag.py:508} INFO - Filling up the DagBag from /opt/airflow/dags/0-firstdag.py
[2024-05-20 16:07:04,617] {processor.py:651} INFO - DAG(s) dict_keys(['first_dag']) retrieved from /opt/airflow/dags/0-firstdag.py
[2024-05-20 16:07:04,633] {logging_mixin.py:115} INFO - [2024-05-20 16:07:04,633] {dag.py:2420} INFO - Sync 1 DAGs
[2024-05-20 16:07:04,648] {logging_mixin.py:115} INFO - [2024-05-20 16:07:04,648] {dag.py:2972} INFO - Setting next_dagrun for first_dag to None, run_after=None
[2024-05-20 16:07:04,656] {processor.py:161} INFO - Processing /opt/airflow/dags/0-firstdag.py took 0.049 seconds
[2024-05-20 16:07:34,967] {processor.py:153} INFO - Started process (PID=908) to work on /opt/airflow/dags/0-firstdag.py
[2024-05-20 16:07:34,967] {processor.py:641} INFO - Processing file /opt/airflow/dags/0-firstdag.py for tasks to queue
[2024-05-20 16:07:34,968] {logging_mixin.py:115} INFO - [2024-05-20 16:07:34,968] {dagbag.py:508} INFO - Filling up the DagBag from /opt/airflow/dags/0-firstdag.py
[2024-05-20 16:07:34,970] {processor.py:651} INFO - DAG(s) dict_keys(['first_dag']) retrieved from /opt/airflow/dags/0-firstdag.py
[2024-05-20 16:07:34,987] {logging_mixin.py:115} INFO - [2024-05-20 16:07:34,987] {dag.py:2420} INFO - Sync 1 DAGs
[2024-05-20 16:07:34,999] {logging_mixin.py:115} INFO - [2024-05-20 16:07:34,999] {dag.py:2972} INFO - Setting next_dagrun for first_dag to None, run_after=None
[2024-05-20 16:07:35,007] {processor.py:161} INFO - Processing /opt/airflow/dags/0-firstdag.py took 0.042 seconds
[2024-05-20 16:08:05,229] {processor.py:153} INFO - Started process (PID=941) to work on /opt/airflow/dags/0-firstdag.py
[2024-05-20 16:08:05,229] {processor.py:641} INFO - Processing file /opt/airflow/dags/0-firstdag.py for tasks to queue
[2024-05-20 16:08:05,229] {logging_mixin.py:115} INFO - [2024-05-20 16:08:05,229] {dagbag.py:508} INFO - Filling up the DagBag from /opt/airflow/dags/0-firstdag.py
[2024-05-20 16:08:05,231] {processor.py:651} INFO - DAG(s) dict_keys(['first_dag']) retrieved from /opt/airflow/dags/0-firstdag.py
[2024-05-20 16:08:05,248] {logging_mixin.py:115} INFO - [2024-05-20 16:08:05,248] {dag.py:2420} INFO - Sync 1 DAGs
[2024-05-20 16:08:05,265] {logging_mixin.py:115} INFO - [2024-05-20 16:08:05,264] {dag.py:2972} INFO - Setting next_dagrun for first_dag to None, run_after=None
[2024-05-20 16:08:05,274] {processor.py:161} INFO - Processing /opt/airflow/dags/0-firstdag.py took 0.047 seconds
[2024-05-20 16:08:35,539] {processor.py:153} INFO - Started process (PID=975) to work on /opt/airflow/dags/0-firstdag.py
[2024-05-20 16:08:35,539] {processor.py:641} INFO - Processing file /opt/airflow/dags/0-firstdag.py for tasks to queue
[2024-05-20 16:08:35,540] {logging_mixin.py:115} INFO - [2024-05-20 16:08:35,540] {dagbag.py:508} INFO - Filling up the DagBag from /opt/airflow/dags/0-firstdag.py
[2024-05-20 16:08:35,542] {processor.py:651} INFO - DAG(s) dict_keys(['first_dag']) retrieved from /opt/airflow/dags/0-firstdag.py
[2024-05-20 16:08:35,558] {logging_mixin.py:115} INFO - [2024-05-20 16:08:35,558] {dag.py:2420} INFO - Sync 1 DAGs
[2024-05-20 16:08:35,572] {logging_mixin.py:115} INFO - [2024-05-20 16:08:35,572] {dag.py:2972} INFO - Setting next_dagrun for first_dag to None, run_after=None
[2024-05-20 16:08:35,581] {processor.py:161} INFO - Processing /opt/airflow/dags/0-firstdag.py took 0.045 seconds
[2024-05-20 16:09:05,810] {processor.py:153} INFO - Started process (PID=1000) to work on /opt/airflow/dags/0-firstdag.py
[2024-05-20 16:09:05,810] {processor.py:641} INFO - Processing file /opt/airflow/dags/0-firstdag.py for tasks to queue
[2024-05-20 16:09:05,811] {logging_mixin.py:115} INFO - [2024-05-20 16:09:05,811] {dagbag.py:508} INFO - Filling up the DagBag from /opt/airflow/dags/0-firstdag.py
[2024-05-20 16:09:05,813] {processor.py:651} INFO - DAG(s) dict_keys(['first_dag']) retrieved from /opt/airflow/dags/0-firstdag.py
[2024-05-20 16:09:05,833] {logging_mixin.py:115} INFO - [2024-05-20 16:09:05,833] {dag.py:2420} INFO - Sync 1 DAGs
[2024-05-20 16:09:05,847] {logging_mixin.py:115} INFO - [2024-05-20 16:09:05,847] {dag.py:2972} INFO - Setting next_dagrun for first_dag to None, run_after=None
[2024-05-20 16:09:05,855] {processor.py:161} INFO - Processing /opt/airflow/dags/0-firstdag.py took 0.048 seconds
[2024-05-20 16:09:36,146] {processor.py:153} INFO - Started process (PID=1034) to work on /opt/airflow/dags/0-firstdag.py
[2024-05-20 16:09:36,146] {processor.py:641} INFO - Processing file /opt/airflow/dags/0-firstdag.py for tasks to queue
[2024-05-20 16:09:36,146] {logging_mixin.py:115} INFO - [2024-05-20 16:09:36,146] {dagbag.py:508} INFO - Filling up the DagBag from /opt/airflow/dags/0-firstdag.py
[2024-05-20 16:09:36,149] {processor.py:651} INFO - DAG(s) dict_keys(['first_dag']) retrieved from /opt/airflow/dags/0-firstdag.py
[2024-05-20 16:09:36,165] {logging_mixin.py:115} INFO - [2024-05-20 16:09:36,164] {dag.py:2420} INFO - Sync 1 DAGs
[2024-05-20 16:09:36,181] {logging_mixin.py:115} INFO - [2024-05-20 16:09:36,181] {dag.py:2972} INFO - Setting next_dagrun for first_dag to None, run_after=None
[2024-05-20 16:09:36,189] {processor.py:161} INFO - Processing /opt/airflow/dags/0-firstdag.py took 0.045 seconds
[2024-05-20 16:10:06,387] {processor.py:153} INFO - Started process (PID=1068) to work on /opt/airflow/dags/0-firstdag.py
[2024-05-20 16:10:06,387] {processor.py:641} INFO - Processing file /opt/airflow/dags/0-firstdag.py for tasks to queue
[2024-05-20 16:10:06,388] {logging_mixin.py:115} INFO - [2024-05-20 16:10:06,388] {dagbag.py:508} INFO - Filling up the DagBag from /opt/airflow/dags/0-firstdag.py
[2024-05-20 16:10:06,390] {processor.py:651} INFO - DAG(s) dict_keys(['first_dag']) retrieved from /opt/airflow/dags/0-firstdag.py
[2024-05-20 16:10:06,406] {logging_mixin.py:115} INFO - [2024-05-20 16:10:06,406] {dag.py:2420} INFO - Sync 1 DAGs
[2024-05-20 16:10:06,421] {logging_mixin.py:115} INFO - [2024-05-20 16:10:06,421] {dag.py:2972} INFO - Setting next_dagrun for first_dag to None, run_after=None
[2024-05-20 16:10:06,428] {processor.py:161} INFO - Processing /opt/airflow/dags/0-firstdag.py took 0.044 seconds
[2024-05-20 16:10:36,679] {processor.py:153} INFO - Started process (PID=1101) to work on /opt/airflow/dags/0-firstdag.py
[2024-05-20 16:10:36,680] {processor.py:641} INFO - Processing file /opt/airflow/dags/0-firstdag.py for tasks to queue
[2024-05-20 16:10:36,681] {logging_mixin.py:115} INFO - [2024-05-20 16:10:36,681] {dagbag.py:508} INFO - Filling up the DagBag from /opt/airflow/dags/0-firstdag.py
[2024-05-20 16:10:36,684] {processor.py:651} INFO - DAG(s) dict_keys(['first_dag']) retrieved from /opt/airflow/dags/0-firstdag.py
[2024-05-20 16:10:36,701] {logging_mixin.py:115} INFO - [2024-05-20 16:10:36,701] {dag.py:2420} INFO - Sync 1 DAGs
[2024-05-20 16:10:36,719] {logging_mixin.py:115} INFO - [2024-05-20 16:10:36,719] {dag.py:2972} INFO - Setting next_dagrun for first_dag to None, run_after=None
[2024-05-20 16:10:36,730] {processor.py:161} INFO - Processing /opt/airflow/dags/0-firstdag.py took 0.055 seconds
[2024-05-20 16:11:06,970] {processor.py:153} INFO - Started process (PID=1135) to work on /opt/airflow/dags/0-firstdag.py
[2024-05-20 16:11:06,970] {processor.py:641} INFO - Processing file /opt/airflow/dags/0-firstdag.py for tasks to queue
[2024-05-20 16:11:06,970] {logging_mixin.py:115} INFO - [2024-05-20 16:11:06,970] {dagbag.py:508} INFO - Filling up the DagBag from /opt/airflow/dags/0-firstdag.py
[2024-05-20 16:11:06,972] {processor.py:651} INFO - DAG(s) dict_keys(['first_dag']) retrieved from /opt/airflow/dags/0-firstdag.py
[2024-05-20 16:11:06,989] {logging_mixin.py:115} INFO - [2024-05-20 16:11:06,988] {dag.py:2420} INFO - Sync 1 DAGs
[2024-05-20 16:11:07,001] {logging_mixin.py:115} INFO - [2024-05-20 16:11:07,001] {dag.py:2972} INFO - Setting next_dagrun for first_dag to None, run_after=None
[2024-05-20 16:11:07,010] {processor.py:161} INFO - Processing /opt/airflow/dags/0-firstdag.py took 0.042 seconds
[2024-05-20 16:11:37,333] {processor.py:153} INFO - Started process (PID=1167) to work on /opt/airflow/dags/0-firstdag.py
[2024-05-20 16:11:37,333] {processor.py:641} INFO - Processing file /opt/airflow/dags/0-firstdag.py for tasks to queue
[2024-05-20 16:11:37,334] {logging_mixin.py:115} INFO - [2024-05-20 16:11:37,334] {dagbag.py:508} INFO - Filling up the DagBag from /opt/airflow/dags/0-firstdag.py
[2024-05-20 16:11:37,336] {processor.py:651} INFO - DAG(s) dict_keys(['first_dag']) retrieved from /opt/airflow/dags/0-firstdag.py
[2024-05-20 16:11:37,353] {logging_mixin.py:115} INFO - [2024-05-20 16:11:37,353] {dag.py:2420} INFO - Sync 1 DAGs
[2024-05-20 16:11:37,368] {logging_mixin.py:115} INFO - [2024-05-20 16:11:37,368] {dag.py:2972} INFO - Setting next_dagrun for first_dag to None, run_after=None
[2024-05-20 16:11:37,378] {processor.py:161} INFO - Processing /opt/airflow/dags/0-firstdag.py took 0.047 seconds
[2024-05-20 16:12:07,631] {processor.py:153} INFO - Started process (PID=1194) to work on /opt/airflow/dags/0-firstdag.py
[2024-05-20 16:12:07,632] {processor.py:641} INFO - Processing file /opt/airflow/dags/0-firstdag.py for tasks to queue
[2024-05-20 16:12:07,632] {logging_mixin.py:115} INFO - [2024-05-20 16:12:07,632] {dagbag.py:508} INFO - Filling up the DagBag from /opt/airflow/dags/0-firstdag.py
[2024-05-20 16:12:07,634] {processor.py:651} INFO - DAG(s) dict_keys(['first_dag']) retrieved from /opt/airflow/dags/0-firstdag.py
[2024-05-20 16:12:07,650] {logging_mixin.py:115} INFO - [2024-05-20 16:12:07,650] {dag.py:2420} INFO - Sync 1 DAGs
[2024-05-20 16:12:07,663] {logging_mixin.py:115} INFO - [2024-05-20 16:12:07,663] {dag.py:2972} INFO - Setting next_dagrun for first_dag to None, run_after=None
[2024-05-20 16:12:07,671] {processor.py:161} INFO - Processing /opt/airflow/dags/0-firstdag.py took 0.041 seconds
[2024-05-20 16:12:37,932] {processor.py:153} INFO - Started process (PID=1227) to work on /opt/airflow/dags/0-firstdag.py
[2024-05-20 16:12:37,932] {processor.py:641} INFO - Processing file /opt/airflow/dags/0-firstdag.py for tasks to queue
[2024-05-20 16:12:37,933] {logging_mixin.py:115} INFO - [2024-05-20 16:12:37,933] {dagbag.py:508} INFO - Filling up the DagBag from /opt/airflow/dags/0-firstdag.py
[2024-05-20 16:12:37,935] {processor.py:651} INFO - DAG(s) dict_keys(['first_dag']) retrieved from /opt/airflow/dags/0-firstdag.py
[2024-05-20 16:12:37,951] {logging_mixin.py:115} INFO - [2024-05-20 16:12:37,951] {dag.py:2420} INFO - Sync 1 DAGs
[2024-05-20 16:12:37,964] {logging_mixin.py:115} INFO - [2024-05-20 16:12:37,964] {dag.py:2972} INFO - Setting next_dagrun for first_dag to None, run_after=None
[2024-05-20 16:12:37,971] {processor.py:161} INFO - Processing /opt/airflow/dags/0-firstdag.py took 0.041 seconds
[2024-05-20 16:13:08,186] {processor.py:153} INFO - Started process (PID=1261) to work on /opt/airflow/dags/0-firstdag.py
[2024-05-20 16:13:08,187] {processor.py:641} INFO - Processing file /opt/airflow/dags/0-firstdag.py for tasks to queue
[2024-05-20 16:13:08,187] {logging_mixin.py:115} INFO - [2024-05-20 16:13:08,187] {dagbag.py:508} INFO - Filling up the DagBag from /opt/airflow/dags/0-firstdag.py
[2024-05-20 16:13:08,189] {processor.py:651} INFO - DAG(s) dict_keys(['first_dag']) retrieved from /opt/airflow/dags/0-firstdag.py
[2024-05-20 16:13:08,206] {logging_mixin.py:115} INFO - [2024-05-20 16:13:08,206] {dag.py:2420} INFO - Sync 1 DAGs
[2024-05-20 16:13:08,220] {logging_mixin.py:115} INFO - [2024-05-20 16:13:08,220] {dag.py:2972} INFO - Setting next_dagrun for first_dag to None, run_after=None
[2024-05-20 16:13:08,228] {processor.py:161} INFO - Processing /opt/airflow/dags/0-firstdag.py took 0.044 seconds
[2024-05-20 16:13:38,447] {processor.py:153} INFO - Started process (PID=1295) to work on /opt/airflow/dags/0-firstdag.py
[2024-05-20 16:13:38,448] {processor.py:641} INFO - Processing file /opt/airflow/dags/0-firstdag.py for tasks to queue
[2024-05-20 16:13:38,451] {logging_mixin.py:115} INFO - [2024-05-20 16:13:38,451] {dagbag.py:508} INFO - Filling up the DagBag from /opt/airflow/dags/0-firstdag.py
[2024-05-20 16:13:38,453] {processor.py:651} INFO - DAG(s) dict_keys(['first_dag']) retrieved from /opt/airflow/dags/0-firstdag.py
[2024-05-20 16:13:38,471] {logging_mixin.py:115} INFO - [2024-05-20 16:13:38,471] {dag.py:2420} INFO - Sync 1 DAGs
[2024-05-20 16:13:38,483] {logging_mixin.py:115} INFO - [2024-05-20 16:13:38,483] {dag.py:2972} INFO - Setting next_dagrun for first_dag to None, run_after=None
[2024-05-20 16:13:38,490] {processor.py:161} INFO - Processing /opt/airflow/dags/0-firstdag.py took 0.045 seconds
[2024-05-20 16:14:08,812] {processor.py:153} INFO - Started process (PID=1328) to work on /opt/airflow/dags/0-firstdag.py
[2024-05-20 16:14:08,813] {processor.py:641} INFO - Processing file /opt/airflow/dags/0-firstdag.py for tasks to queue
[2024-05-20 16:14:08,813] {logging_mixin.py:115} INFO - [2024-05-20 16:14:08,813] {dagbag.py:508} INFO - Filling up the DagBag from /opt/airflow/dags/0-firstdag.py
[2024-05-20 16:14:08,820] {processor.py:651} INFO - DAG(s) dict_keys(['first_dag']) retrieved from /opt/airflow/dags/0-firstdag.py
[2024-05-20 16:14:08,861] {logging_mixin.py:115} INFO - [2024-05-20 16:14:08,861] {dag.py:2420} INFO - Sync 1 DAGs
[2024-05-20 16:14:08,886] {logging_mixin.py:115} INFO - [2024-05-20 16:14:08,886] {dag.py:2972} INFO - Setting next_dagrun for first_dag to None, run_after=None
[2024-05-20 16:14:08,904] {processor.py:161} INFO - Processing /opt/airflow/dags/0-firstdag.py took 0.094 seconds
[2024-05-20 16:14:39,188] {processor.py:153} INFO - Started process (PID=1352) to work on /opt/airflow/dags/0-firstdag.py
[2024-05-20 16:14:39,188] {processor.py:641} INFO - Processing file /opt/airflow/dags/0-firstdag.py for tasks to queue
[2024-05-20 16:14:39,188] {logging_mixin.py:115} INFO - [2024-05-20 16:14:39,188] {dagbag.py:508} INFO - Filling up the DagBag from /opt/airflow/dags/0-firstdag.py
[2024-05-20 16:14:39,191] {processor.py:651} INFO - DAG(s) dict_keys(['first_dag']) retrieved from /opt/airflow/dags/0-firstdag.py
[2024-05-20 16:14:39,206] {logging_mixin.py:115} INFO - [2024-05-20 16:14:39,206] {dag.py:2420} INFO - Sync 1 DAGs
[2024-05-20 16:14:39,220] {logging_mixin.py:115} INFO - [2024-05-20 16:14:39,220] {dag.py:2972} INFO - Setting next_dagrun for first_dag to None, run_after=None
[2024-05-20 16:14:39,227] {processor.py:161} INFO - Processing /opt/airflow/dags/0-firstdag.py took 0.042 seconds
[2024-05-20 16:15:09,450] {processor.py:153} INFO - Started process (PID=1386) to work on /opt/airflow/dags/0-firstdag.py
[2024-05-20 16:15:09,450] {processor.py:641} INFO - Processing file /opt/airflow/dags/0-firstdag.py for tasks to queue
[2024-05-20 16:15:09,451] {logging_mixin.py:115} INFO - [2024-05-20 16:15:09,451] {dagbag.py:508} INFO - Filling up the DagBag from /opt/airflow/dags/0-firstdag.py
[2024-05-20 16:15:09,453] {processor.py:651} INFO - DAG(s) dict_keys(['first_dag']) retrieved from /opt/airflow/dags/0-firstdag.py
[2024-05-20 16:15:09,470] {logging_mixin.py:115} INFO - [2024-05-20 16:15:09,470] {dag.py:2420} INFO - Sync 1 DAGs
[2024-05-20 16:15:09,484] {logging_mixin.py:115} INFO - [2024-05-20 16:15:09,484] {dag.py:2972} INFO - Setting next_dagrun for first_dag to None, run_after=None
[2024-05-20 16:15:09,492] {processor.py:161} INFO - Processing /opt/airflow/dags/0-firstdag.py took 0.045 seconds
[2024-05-20 16:15:39,738] {processor.py:153} INFO - Started process (PID=1418) to work on /opt/airflow/dags/0-firstdag.py
[2024-05-20 16:15:39,738] {processor.py:641} INFO - Processing file /opt/airflow/dags/0-firstdag.py for tasks to queue
[2024-05-20 16:15:39,739] {logging_mixin.py:115} INFO - [2024-05-20 16:15:39,739] {dagbag.py:508} INFO - Filling up the DagBag from /opt/airflow/dags/0-firstdag.py
[2024-05-20 16:15:39,742] {processor.py:651} INFO - DAG(s) dict_keys(['first_dag']) retrieved from /opt/airflow/dags/0-firstdag.py
[2024-05-20 16:15:39,759] {logging_mixin.py:115} INFO - [2024-05-20 16:15:39,759] {dag.py:2420} INFO - Sync 1 DAGs
[2024-05-20 16:15:39,774] {logging_mixin.py:115} INFO - [2024-05-20 16:15:39,774] {dag.py:2972} INFO - Setting next_dagrun for first_dag to None, run_after=None
[2024-05-20 16:15:39,781] {processor.py:161} INFO - Processing /opt/airflow/dags/0-firstdag.py took 0.046 seconds
[2024-05-20 16:16:10,075] {processor.py:153} INFO - Started process (PID=1451) to work on /opt/airflow/dags/0-firstdag.py
[2024-05-20 16:16:10,076] {processor.py:641} INFO - Processing file /opt/airflow/dags/0-firstdag.py for tasks to queue
[2024-05-20 16:16:10,076] {logging_mixin.py:115} INFO - [2024-05-20 16:16:10,076] {dagbag.py:508} INFO - Filling up the DagBag from /opt/airflow/dags/0-firstdag.py
[2024-05-20 16:16:10,079] {processor.py:651} INFO - DAG(s) dict_keys(['first_dag']) retrieved from /opt/airflow/dags/0-firstdag.py
[2024-05-20 16:16:10,095] {logging_mixin.py:115} INFO - [2024-05-20 16:16:10,095] {dag.py:2420} INFO - Sync 1 DAGs
[2024-05-20 16:16:10,108] {logging_mixin.py:115} INFO - [2024-05-20 16:16:10,108] {dag.py:2972} INFO - Setting next_dagrun for first_dag to None, run_after=None
[2024-05-20 16:16:10,115] {processor.py:161} INFO - Processing /opt/airflow/dags/0-firstdag.py took 0.042 seconds
[2024-05-20 16:16:40,334] {processor.py:153} INFO - Started process (PID=1485) to work on /opt/airflow/dags/0-firstdag.py
[2024-05-20 16:16:40,334] {processor.py:641} INFO - Processing file /opt/airflow/dags/0-firstdag.py for tasks to queue
[2024-05-20 16:16:40,335] {logging_mixin.py:115} INFO - [2024-05-20 16:16:40,334] {dagbag.py:508} INFO - Filling up the DagBag from /opt/airflow/dags/0-firstdag.py
[2024-05-20 16:16:40,337] {processor.py:651} INFO - DAG(s) dict_keys(['first_dag']) retrieved from /opt/airflow/dags/0-firstdag.py
[2024-05-20 16:16:40,352] {logging_mixin.py:115} INFO - [2024-05-20 16:16:40,351] {dag.py:2420} INFO - Sync 1 DAGs
[2024-05-20 16:16:40,364] {logging_mixin.py:115} INFO - [2024-05-20 16:16:40,364] {dag.py:2972} INFO - Setting next_dagrun for first_dag to None, run_after=None
[2024-05-20 16:16:40,372] {processor.py:161} INFO - Processing /opt/airflow/dags/0-firstdag.py took 0.040 seconds
[2024-05-20 16:17:10,622] {processor.py:153} INFO - Started process (PID=1508) to work on /opt/airflow/dags/0-firstdag.py
[2024-05-20 16:17:10,622] {processor.py:641} INFO - Processing file /opt/airflow/dags/0-firstdag.py for tasks to queue
[2024-05-20 16:17:10,623] {logging_mixin.py:115} INFO - [2024-05-20 16:17:10,623] {dagbag.py:508} INFO - Filling up the DagBag from /opt/airflow/dags/0-firstdag.py
[2024-05-20 16:17:10,625] {processor.py:651} INFO - DAG(s) dict_keys(['first_dag']) retrieved from /opt/airflow/dags/0-firstdag.py
[2024-05-20 16:17:10,640] {logging_mixin.py:115} INFO - [2024-05-20 16:17:10,640] {dag.py:2420} INFO - Sync 1 DAGs
[2024-05-20 16:17:10,654] {logging_mixin.py:115} INFO - [2024-05-20 16:17:10,654] {dag.py:2972} INFO - Setting next_dagrun for first_dag to None, run_after=None
[2024-05-20 16:17:10,661] {processor.py:161} INFO - Processing /opt/airflow/dags/0-firstdag.py took 0.042 seconds
[2024-05-20 16:17:40,973] {processor.py:153} INFO - Started process (PID=1542) to work on /opt/airflow/dags/0-firstdag.py
[2024-05-20 16:17:40,973] {processor.py:641} INFO - Processing file /opt/airflow/dags/0-firstdag.py for tasks to queue
[2024-05-20 16:17:40,974] {logging_mixin.py:115} INFO - [2024-05-20 16:17:40,974] {dagbag.py:508} INFO - Filling up the DagBag from /opt/airflow/dags/0-firstdag.py
[2024-05-20 16:17:40,976] {processor.py:651} INFO - DAG(s) dict_keys(['first_dag']) retrieved from /opt/airflow/dags/0-firstdag.py
[2024-05-20 16:17:40,993] {logging_mixin.py:115} INFO - [2024-05-20 16:17:40,993] {dag.py:2420} INFO - Sync 1 DAGs
[2024-05-20 16:17:41,010] {logging_mixin.py:115} INFO - [2024-05-20 16:17:41,010] {dag.py:2972} INFO - Setting next_dagrun for first_dag to None, run_after=None
[2024-05-20 16:17:41,018] {processor.py:161} INFO - Processing /opt/airflow/dags/0-firstdag.py took 0.047 seconds
[2024-05-20 16:18:11,266] {processor.py:153} INFO - Started process (PID=1576) to work on /opt/airflow/dags/0-firstdag.py
[2024-05-20 16:18:11,266] {processor.py:641} INFO - Processing file /opt/airflow/dags/0-firstdag.py for tasks to queue
[2024-05-20 16:18:11,266] {logging_mixin.py:115} INFO - [2024-05-20 16:18:11,266] {dagbag.py:508} INFO - Filling up the DagBag from /opt/airflow/dags/0-firstdag.py
[2024-05-20 16:18:11,269] {processor.py:651} INFO - DAG(s) dict_keys(['first_dag']) retrieved from /opt/airflow/dags/0-firstdag.py
[2024-05-20 16:18:11,284] {logging_mixin.py:115} INFO - [2024-05-20 16:18:11,284] {dag.py:2420} INFO - Sync 1 DAGs
[2024-05-20 16:18:11,296] {logging_mixin.py:115} INFO - [2024-05-20 16:18:11,296] {dag.py:2972} INFO - Setting next_dagrun for first_dag to None, run_after=None
[2024-05-20 16:18:11,303] {processor.py:161} INFO - Processing /opt/airflow/dags/0-firstdag.py took 0.039 seconds
[2024-05-20 16:18:41,517] {processor.py:153} INFO - Started process (PID=1609) to work on /opt/airflow/dags/0-firstdag.py
[2024-05-20 16:18:41,518] {processor.py:641} INFO - Processing file /opt/airflow/dags/0-firstdag.py for tasks to queue
[2024-05-20 16:18:41,518] {logging_mixin.py:115} INFO - [2024-05-20 16:18:41,518] {dagbag.py:508} INFO - Filling up the DagBag from /opt/airflow/dags/0-firstdag.py
[2024-05-20 16:18:41,524] {processor.py:651} INFO - DAG(s) dict_keys(['first_dag']) retrieved from /opt/airflow/dags/0-firstdag.py
[2024-05-20 16:18:41,540] {logging_mixin.py:115} INFO - [2024-05-20 16:18:41,539] {dag.py:2420} INFO - Sync 1 DAGs
[2024-05-20 16:18:41,554] {logging_mixin.py:115} INFO - [2024-05-20 16:18:41,554] {dag.py:2972} INFO - Setting next_dagrun for first_dag to None, run_after=None
[2024-05-20 16:18:41,561] {processor.py:161} INFO - Processing /opt/airflow/dags/0-firstdag.py took 0.046 seconds
[2024-05-20 16:19:11,837] {processor.py:153} INFO - Started process (PID=1642) to work on /opt/airflow/dags/0-firstdag.py
[2024-05-20 16:19:11,837] {processor.py:641} INFO - Processing file /opt/airflow/dags/0-firstdag.py for tasks to queue
[2024-05-20 16:19:11,838] {logging_mixin.py:115} INFO - [2024-05-20 16:19:11,838] {dagbag.py:508} INFO - Filling up the DagBag from /opt/airflow/dags/0-firstdag.py
[2024-05-20 16:19:11,841] {processor.py:651} INFO - DAG(s) dict_keys(['first_dag']) retrieved from /opt/airflow/dags/0-firstdag.py
[2024-05-20 16:19:11,855] {logging_mixin.py:115} INFO - [2024-05-20 16:19:11,855] {dag.py:2420} INFO - Sync 1 DAGs
[2024-05-20 16:19:11,869] {logging_mixin.py:115} INFO - [2024-05-20 16:19:11,869] {dag.py:2972} INFO - Setting next_dagrun for first_dag to None, run_after=None
[2024-05-20 16:19:11,876] {processor.py:161} INFO - Processing /opt/airflow/dags/0-firstdag.py took 0.041 seconds
[2024-05-20 16:19:42,187] {processor.py:153} INFO - Started process (PID=1667) to work on /opt/airflow/dags/0-firstdag.py
[2024-05-20 16:19:42,188] {processor.py:641} INFO - Processing file /opt/airflow/dags/0-firstdag.py for tasks to queue
[2024-05-20 16:19:42,188] {logging_mixin.py:115} INFO - [2024-05-20 16:19:42,188] {dagbag.py:508} INFO - Filling up the DagBag from /opt/airflow/dags/0-firstdag.py
[2024-05-20 16:19:42,190] {processor.py:651} INFO - DAG(s) dict_keys(['first_dag']) retrieved from /opt/airflow/dags/0-firstdag.py
[2024-05-20 16:19:42,206] {logging_mixin.py:115} INFO - [2024-05-20 16:19:42,206] {dag.py:2420} INFO - Sync 1 DAGs
[2024-05-20 16:19:42,219] {logging_mixin.py:115} INFO - [2024-05-20 16:19:42,219] {dag.py:2972} INFO - Setting next_dagrun for first_dag to None, run_after=None
[2024-05-20 16:19:42,252] {processor.py:161} INFO - Processing /opt/airflow/dags/0-firstdag.py took 0.067 seconds
[2024-05-20 16:20:12,434] {processor.py:153} INFO - Started process (PID=1701) to work on /opt/airflow/dags/0-firstdag.py
[2024-05-20 16:20:12,434] {processor.py:641} INFO - Processing file /opt/airflow/dags/0-firstdag.py for tasks to queue
[2024-05-20 16:20:12,435] {logging_mixin.py:115} INFO - [2024-05-20 16:20:12,435] {dagbag.py:508} INFO - Filling up the DagBag from /opt/airflow/dags/0-firstdag.py
[2024-05-20 16:20:12,437] {processor.py:651} INFO - DAG(s) dict_keys(['first_dag']) retrieved from /opt/airflow/dags/0-firstdag.py
[2024-05-20 16:20:12,452] {logging_mixin.py:115} INFO - [2024-05-20 16:20:12,452] {dag.py:2420} INFO - Sync 1 DAGs
[2024-05-20 16:20:12,465] {logging_mixin.py:115} INFO - [2024-05-20 16:20:12,464] {dag.py:2972} INFO - Setting next_dagrun for first_dag to None, run_after=None
[2024-05-20 16:20:12,472] {processor.py:161} INFO - Processing /opt/airflow/dags/0-firstdag.py took 0.040 seconds
[2024-05-20 16:20:42,695] {processor.py:153} INFO - Started process (PID=1735) to work on /opt/airflow/dags/0-firstdag.py
[2024-05-20 16:20:42,695] {processor.py:641} INFO - Processing file /opt/airflow/dags/0-firstdag.py for tasks to queue
[2024-05-20 16:20:42,696] {logging_mixin.py:115} INFO - [2024-05-20 16:20:42,696] {dagbag.py:508} INFO - Filling up the DagBag from /opt/airflow/dags/0-firstdag.py
[2024-05-20 16:20:42,698] {processor.py:651} INFO - DAG(s) dict_keys(['first_dag']) retrieved from /opt/airflow/dags/0-firstdag.py
[2024-05-20 16:20:42,719] {logging_mixin.py:115} INFO - [2024-05-20 16:20:42,719] {dag.py:2420} INFO - Sync 1 DAGs
[2024-05-20 16:20:42,734] {logging_mixin.py:115} INFO - [2024-05-20 16:20:42,734] {dag.py:2972} INFO - Setting next_dagrun for first_dag to None, run_after=None
[2024-05-20 16:20:42,744] {processor.py:161} INFO - Processing /opt/airflow/dags/0-firstdag.py took 0.052 seconds
[2024-05-20 16:21:13,013] {processor.py:153} INFO - Started process (PID=1768) to work on /opt/airflow/dags/0-firstdag.py
[2024-05-20 16:21:13,014] {processor.py:641} INFO - Processing file /opt/airflow/dags/0-firstdag.py for tasks to queue
[2024-05-20 16:21:13,014] {logging_mixin.py:115} INFO - [2024-05-20 16:21:13,014] {dagbag.py:508} INFO - Filling up the DagBag from /opt/airflow/dags/0-firstdag.py
[2024-05-20 16:21:13,016] {processor.py:651} INFO - DAG(s) dict_keys(['first_dag']) retrieved from /opt/airflow/dags/0-firstdag.py
[2024-05-20 16:21:13,034] {logging_mixin.py:115} INFO - [2024-05-20 16:21:13,034] {dag.py:2420} INFO - Sync 1 DAGs
[2024-05-20 16:21:13,048] {logging_mixin.py:115} INFO - [2024-05-20 16:21:13,048] {dag.py:2972} INFO - Setting next_dagrun for first_dag to None, run_after=None
[2024-05-20 16:21:13,056] {processor.py:161} INFO - Processing /opt/airflow/dags/0-firstdag.py took 0.046 seconds
[2024-05-20 16:21:43,254] {processor.py:153} INFO - Started process (PID=1802) to work on /opt/airflow/dags/0-firstdag.py
[2024-05-20 16:21:43,255] {processor.py:641} INFO - Processing file /opt/airflow/dags/0-firstdag.py for tasks to queue
[2024-05-20 16:21:43,255] {logging_mixin.py:115} INFO - [2024-05-20 16:21:43,255] {dagbag.py:508} INFO - Filling up the DagBag from /opt/airflow/dags/0-firstdag.py
[2024-05-20 16:21:43,258] {processor.py:651} INFO - DAG(s) dict_keys(['first_dag']) retrieved from /opt/airflow/dags/0-firstdag.py
[2024-05-20 16:21:43,273] {logging_mixin.py:115} INFO - [2024-05-20 16:21:43,272] {dag.py:2420} INFO - Sync 1 DAGs
[2024-05-20 16:21:43,286] {logging_mixin.py:115} INFO - [2024-05-20 16:21:43,286] {dag.py:2972} INFO - Setting next_dagrun for first_dag to None, run_after=None
[2024-05-20 16:21:43,295] {processor.py:161} INFO - Processing /opt/airflow/dags/0-firstdag.py took 0.043 seconds
[2024-05-20 16:22:13,529] {processor.py:153} INFO - Started process (PID=1827) to work on /opt/airflow/dags/0-firstdag.py
[2024-05-20 16:22:13,529] {processor.py:641} INFO - Processing file /opt/airflow/dags/0-firstdag.py for tasks to queue
[2024-05-20 16:22:13,529] {logging_mixin.py:115} INFO - [2024-05-20 16:22:13,529] {dagbag.py:508} INFO - Filling up the DagBag from /opt/airflow/dags/0-firstdag.py
[2024-05-20 16:22:13,532] {processor.py:651} INFO - DAG(s) dict_keys(['first_dag']) retrieved from /opt/airflow/dags/0-firstdag.py
[2024-05-20 16:22:13,548] {logging_mixin.py:115} INFO - [2024-05-20 16:22:13,548] {dag.py:2420} INFO - Sync 1 DAGs
[2024-05-20 16:22:13,562] {logging_mixin.py:115} INFO - [2024-05-20 16:22:13,562] {dag.py:2972} INFO - Setting next_dagrun for first_dag to None, run_after=None
[2024-05-20 16:22:13,569] {processor.py:161} INFO - Processing /opt/airflow/dags/0-firstdag.py took 0.043 seconds
[2024-05-20 16:22:43,852] {processor.py:153} INFO - Started process (PID=1860) to work on /opt/airflow/dags/0-firstdag.py
[2024-05-20 16:22:43,852] {processor.py:641} INFO - Processing file /opt/airflow/dags/0-firstdag.py for tasks to queue
[2024-05-20 16:22:43,853] {logging_mixin.py:115} INFO - [2024-05-20 16:22:43,853] {dagbag.py:508} INFO - Filling up the DagBag from /opt/airflow/dags/0-firstdag.py
[2024-05-20 16:22:43,855] {processor.py:651} INFO - DAG(s) dict_keys(['first_dag']) retrieved from /opt/airflow/dags/0-firstdag.py
[2024-05-20 16:22:43,870] {logging_mixin.py:115} INFO - [2024-05-20 16:22:43,870] {dag.py:2420} INFO - Sync 1 DAGs
[2024-05-20 16:22:43,882] {logging_mixin.py:115} INFO - [2024-05-20 16:22:43,882] {dag.py:2972} INFO - Setting next_dagrun for first_dag to None, run_after=None
[2024-05-20 16:22:43,890] {processor.py:161} INFO - Processing /opt/airflow/dags/0-firstdag.py took 0.040 seconds
[2024-05-20 16:23:14,100] {processor.py:153} INFO - Started process (PID=1893) to work on /opt/airflow/dags/0-firstdag.py
[2024-05-20 16:23:14,101] {processor.py:641} INFO - Processing file /opt/airflow/dags/0-firstdag.py for tasks to queue
[2024-05-20 16:23:14,101] {logging_mixin.py:115} INFO - [2024-05-20 16:23:14,101] {dagbag.py:508} INFO - Filling up the DagBag from /opt/airflow/dags/0-firstdag.py
[2024-05-20 16:23:14,103] {processor.py:651} INFO - DAG(s) dict_keys(['first_dag']) retrieved from /opt/airflow/dags/0-firstdag.py
[2024-05-20 16:23:14,119] {logging_mixin.py:115} INFO - [2024-05-20 16:23:14,119] {dag.py:2420} INFO - Sync 1 DAGs
[2024-05-20 16:23:14,132] {logging_mixin.py:115} INFO - [2024-05-20 16:23:14,132] {dag.py:2972} INFO - Setting next_dagrun for first_dag to None, run_after=None
[2024-05-20 16:23:14,139] {processor.py:161} INFO - Processing /opt/airflow/dags/0-firstdag.py took 0.041 seconds
[2024-05-20 16:23:44,383] {processor.py:153} INFO - Started process (PID=1927) to work on /opt/airflow/dags/0-firstdag.py
[2024-05-20 16:23:44,383] {processor.py:641} INFO - Processing file /opt/airflow/dags/0-firstdag.py for tasks to queue
[2024-05-20 16:23:44,383] {logging_mixin.py:115} INFO - [2024-05-20 16:23:44,383] {dagbag.py:508} INFO - Filling up the DagBag from /opt/airflow/dags/0-firstdag.py
[2024-05-20 16:23:44,385] {processor.py:651} INFO - DAG(s) dict_keys(['first_dag']) retrieved from /opt/airflow/dags/0-firstdag.py
[2024-05-20 16:23:44,401] {logging_mixin.py:115} INFO - [2024-05-20 16:23:44,401] {dag.py:2420} INFO - Sync 1 DAGs
[2024-05-20 16:23:44,415] {logging_mixin.py:115} INFO - [2024-05-20 16:23:44,414] {dag.py:2972} INFO - Setting next_dagrun for first_dag to None, run_after=None
[2024-05-20 16:23:44,422] {processor.py:161} INFO - Processing /opt/airflow/dags/0-firstdag.py took 0.042 seconds
[2024-05-20 16:24:14,660] {processor.py:153} INFO - Started process (PID=1961) to work on /opt/airflow/dags/0-firstdag.py
[2024-05-20 16:24:14,660] {processor.py:641} INFO - Processing file /opt/airflow/dags/0-firstdag.py for tasks to queue
[2024-05-20 16:24:14,661] {logging_mixin.py:115} INFO - [2024-05-20 16:24:14,661] {dagbag.py:508} INFO - Filling up the DagBag from /opt/airflow/dags/0-firstdag.py
[2024-05-20 16:24:14,664] {processor.py:651} INFO - DAG(s) dict_keys(['first_dag']) retrieved from /opt/airflow/dags/0-firstdag.py
[2024-05-20 16:24:14,679] {logging_mixin.py:115} INFO - [2024-05-20 16:24:14,678] {dag.py:2420} INFO - Sync 1 DAGs
[2024-05-20 16:24:14,692] {logging_mixin.py:115} INFO - [2024-05-20 16:24:14,692] {dag.py:2972} INFO - Setting next_dagrun for first_dag to None, run_after=None
[2024-05-20 16:24:14,699] {processor.py:161} INFO - Processing /opt/airflow/dags/0-firstdag.py took 0.042 seconds
[2024-05-20 16:24:44,927] {processor.py:153} INFO - Started process (PID=1995) to work on /opt/airflow/dags/0-firstdag.py
[2024-05-20 16:24:44,928] {processor.py:641} INFO - Processing file /opt/airflow/dags/0-firstdag.py for tasks to queue
[2024-05-20 16:24:44,928] {logging_mixin.py:115} INFO - [2024-05-20 16:24:44,928] {dagbag.py:508} INFO - Filling up the DagBag from /opt/airflow/dags/0-firstdag.py
[2024-05-20 16:24:44,931] {processor.py:651} INFO - DAG(s) dict_keys(['first_dag']) retrieved from /opt/airflow/dags/0-firstdag.py
[2024-05-20 16:24:44,947] {logging_mixin.py:115} INFO - [2024-05-20 16:24:44,947] {dag.py:2420} INFO - Sync 1 DAGs
[2024-05-20 16:24:44,960] {logging_mixin.py:115} INFO - [2024-05-20 16:24:44,960] {dag.py:2972} INFO - Setting next_dagrun for first_dag to None, run_after=None
[2024-05-20 16:24:44,968] {processor.py:161} INFO - Processing /opt/airflow/dags/0-firstdag.py took 0.043 seconds
[2024-05-20 16:25:15,203] {processor.py:153} INFO - Started process (PID=2020) to work on /opt/airflow/dags/0-firstdag.py
[2024-05-20 16:25:15,204] {processor.py:641} INFO - Processing file /opt/airflow/dags/0-firstdag.py for tasks to queue
[2024-05-20 16:25:15,204] {logging_mixin.py:115} INFO - [2024-05-20 16:25:15,204] {dagbag.py:508} INFO - Filling up the DagBag from /opt/airflow/dags/0-firstdag.py
[2024-05-20 16:25:15,206] {processor.py:651} INFO - DAG(s) dict_keys(['first_dag']) retrieved from /opt/airflow/dags/0-firstdag.py
[2024-05-20 16:25:15,223] {logging_mixin.py:115} INFO - [2024-05-20 16:25:15,222] {dag.py:2420} INFO - Sync 1 DAGs
[2024-05-20 16:25:15,236] {logging_mixin.py:115} INFO - [2024-05-20 16:25:15,236] {dag.py:2972} INFO - Setting next_dagrun for first_dag to None, run_after=None
[2024-05-20 16:25:15,246] {processor.py:161} INFO - Processing /opt/airflow/dags/0-firstdag.py took 0.046 seconds
[2024-05-20 16:25:45,454] {processor.py:153} INFO - Started process (PID=2053) to work on /opt/airflow/dags/0-firstdag.py
[2024-05-20 16:25:45,454] {processor.py:641} INFO - Processing file /opt/airflow/dags/0-firstdag.py for tasks to queue
[2024-05-20 16:25:45,455] {logging_mixin.py:115} INFO - [2024-05-20 16:25:45,454] {dagbag.py:508} INFO - Filling up the DagBag from /opt/airflow/dags/0-firstdag.py
[2024-05-20 16:25:45,457] {processor.py:651} INFO - DAG(s) dict_keys(['first_dag']) retrieved from /opt/airflow/dags/0-firstdag.py
[2024-05-20 16:25:45,472] {logging_mixin.py:115} INFO - [2024-05-20 16:25:45,472] {dag.py:2420} INFO - Sync 1 DAGs
[2024-05-20 16:25:45,487] {logging_mixin.py:115} INFO - [2024-05-20 16:25:45,487] {dag.py:2972} INFO - Setting next_dagrun for first_dag to None, run_after=None
[2024-05-20 16:25:45,495] {processor.py:161} INFO - Processing /opt/airflow/dags/0-firstdag.py took 0.043 seconds
[2024-05-20 16:26:15,784] {processor.py:153} INFO - Started process (PID=2087) to work on /opt/airflow/dags/0-firstdag.py
[2024-05-20 16:26:15,784] {processor.py:641} INFO - Processing file /opt/airflow/dags/0-firstdag.py for tasks to queue
[2024-05-20 16:26:15,785] {logging_mixin.py:115} INFO - [2024-05-20 16:26:15,785] {dagbag.py:508} INFO - Filling up the DagBag from /opt/airflow/dags/0-firstdag.py
[2024-05-20 16:26:15,787] {processor.py:651} INFO - DAG(s) dict_keys(['first_dag']) retrieved from /opt/airflow/dags/0-firstdag.py
[2024-05-20 16:26:15,802] {logging_mixin.py:115} INFO - [2024-05-20 16:26:15,802] {dag.py:2420} INFO - Sync 1 DAGs
[2024-05-20 16:26:15,815] {logging_mixin.py:115} INFO - [2024-05-20 16:26:15,815] {dag.py:2972} INFO - Setting next_dagrun for first_dag to None, run_after=None
[2024-05-20 16:26:15,822] {processor.py:161} INFO - Processing /opt/airflow/dags/0-firstdag.py took 0.040 seconds
[2024-05-20 16:26:46,066] {processor.py:153} INFO - Started process (PID=2121) to work on /opt/airflow/dags/0-firstdag.py
[2024-05-20 16:26:46,066] {processor.py:641} INFO - Processing file /opt/airflow/dags/0-firstdag.py for tasks to queue
[2024-05-20 16:26:46,067] {logging_mixin.py:115} INFO - [2024-05-20 16:26:46,067] {dagbag.py:508} INFO - Filling up the DagBag from /opt/airflow/dags/0-firstdag.py
[2024-05-20 16:26:46,070] {processor.py:651} INFO - DAG(s) dict_keys(['first_dag']) retrieved from /opt/airflow/dags/0-firstdag.py
[2024-05-20 16:26:46,085] {logging_mixin.py:115} INFO - [2024-05-20 16:26:46,085] {dag.py:2420} INFO - Sync 1 DAGs
[2024-05-20 16:26:46,098] {logging_mixin.py:115} INFO - [2024-05-20 16:26:46,098] {dag.py:2972} INFO - Setting next_dagrun for first_dag to None, run_after=None
[2024-05-20 16:26:46,106] {processor.py:161} INFO - Processing /opt/airflow/dags/0-firstdag.py took 0.042 seconds
[2024-05-20 16:27:16,393] {processor.py:153} INFO - Started process (PID=2155) to work on /opt/airflow/dags/0-firstdag.py
[2024-05-20 16:27:16,394] {processor.py:641} INFO - Processing file /opt/airflow/dags/0-firstdag.py for tasks to queue
[2024-05-20 16:27:16,395] {logging_mixin.py:115} INFO - [2024-05-20 16:27:16,395] {dagbag.py:508} INFO - Filling up the DagBag from /opt/airflow/dags/0-firstdag.py
[2024-05-20 16:27:16,398] {processor.py:651} INFO - DAG(s) dict_keys(['first_dag']) retrieved from /opt/airflow/dags/0-firstdag.py
[2024-05-20 16:27:16,421] {logging_mixin.py:115} INFO - [2024-05-20 16:27:16,421] {dag.py:2420} INFO - Sync 1 DAGs
[2024-05-20 16:27:16,440] {logging_mixin.py:115} INFO - [2024-05-20 16:27:16,439] {dag.py:2972} INFO - Setting next_dagrun for first_dag to None, run_after=None
[2024-05-20 16:27:16,448] {processor.py:161} INFO - Processing /opt/airflow/dags/0-firstdag.py took 0.057 seconds
[2024-05-20 16:27:46,710] {processor.py:153} INFO - Started process (PID=2180) to work on /opt/airflow/dags/0-firstdag.py
[2024-05-20 16:27:46,711] {processor.py:641} INFO - Processing file /opt/airflow/dags/0-firstdag.py for tasks to queue
[2024-05-20 16:27:46,711] {logging_mixin.py:115} INFO - [2024-05-20 16:27:46,711] {dagbag.py:508} INFO - Filling up the DagBag from /opt/airflow/dags/0-firstdag.py
[2024-05-20 16:27:46,713] {processor.py:651} INFO - DAG(s) dict_keys(['first_dag']) retrieved from /opt/airflow/dags/0-firstdag.py
[2024-05-20 16:27:46,729] {logging_mixin.py:115} INFO - [2024-05-20 16:27:46,729] {dag.py:2420} INFO - Sync 1 DAGs
[2024-05-20 16:27:46,744] {logging_mixin.py:115} INFO - [2024-05-20 16:27:46,744] {dag.py:2972} INFO - Setting next_dagrun for first_dag to None, run_after=None
[2024-05-20 16:27:46,752] {processor.py:161} INFO - Processing /opt/airflow/dags/0-firstdag.py took 0.044 seconds
[2024-05-20 16:28:16,978] {processor.py:153} INFO - Started process (PID=2214) to work on /opt/airflow/dags/0-firstdag.py
[2024-05-20 16:28:16,978] {processor.py:641} INFO - Processing file /opt/airflow/dags/0-firstdag.py for tasks to queue
[2024-05-20 16:28:16,979] {logging_mixin.py:115} INFO - [2024-05-20 16:28:16,979] {dagbag.py:508} INFO - Filling up the DagBag from /opt/airflow/dags/0-firstdag.py
[2024-05-20 16:28:16,981] {processor.py:651} INFO - DAG(s) dict_keys(['first_dag']) retrieved from /opt/airflow/dags/0-firstdag.py
[2024-05-20 16:28:16,997] {logging_mixin.py:115} INFO - [2024-05-20 16:28:16,997] {dag.py:2420} INFO - Sync 1 DAGs
[2024-05-20 16:28:17,011] {logging_mixin.py:115} INFO - [2024-05-20 16:28:17,011] {dag.py:2972} INFO - Setting next_dagrun for first_dag to None, run_after=None
[2024-05-20 16:28:17,018] {processor.py:161} INFO - Processing /opt/airflow/dags/0-firstdag.py took 0.043 seconds
[2024-05-20 16:28:47,299] {processor.py:153} INFO - Started process (PID=2248) to work on /opt/airflow/dags/0-firstdag.py
[2024-05-20 16:28:47,300] {processor.py:641} INFO - Processing file /opt/airflow/dags/0-firstdag.py for tasks to queue
[2024-05-20 16:28:47,300] {logging_mixin.py:115} INFO - [2024-05-20 16:28:47,300] {dagbag.py:508} INFO - Filling up the DagBag from /opt/airflow/dags/0-firstdag.py
[2024-05-20 16:28:47,303] {processor.py:651} INFO - DAG(s) dict_keys(['first_dag']) retrieved from /opt/airflow/dags/0-firstdag.py
[2024-05-20 16:28:47,318] {logging_mixin.py:115} INFO - [2024-05-20 16:28:47,318] {dag.py:2420} INFO - Sync 1 DAGs
[2024-05-20 16:28:47,330] {logging_mixin.py:115} INFO - [2024-05-20 16:28:47,330] {dag.py:2972} INFO - Setting next_dagrun for first_dag to None, run_after=None
[2024-05-20 16:28:47,337] {processor.py:161} INFO - Processing /opt/airflow/dags/0-firstdag.py took 0.040 seconds
[2024-05-20 16:29:17,575] {processor.py:153} INFO - Started process (PID=2282) to work on /opt/airflow/dags/0-firstdag.py
[2024-05-20 16:29:17,575] {processor.py:641} INFO - Processing file /opt/airflow/dags/0-firstdag.py for tasks to queue
[2024-05-20 16:29:17,576] {logging_mixin.py:115} INFO - [2024-05-20 16:29:17,576] {dagbag.py:508} INFO - Filling up the DagBag from /opt/airflow/dags/0-firstdag.py
[2024-05-20 16:29:17,579] {processor.py:651} INFO - DAG(s) dict_keys(['first_dag']) retrieved from /opt/airflow/dags/0-firstdag.py
[2024-05-20 16:29:17,600] {logging_mixin.py:115} INFO - [2024-05-20 16:29:17,600] {dag.py:2420} INFO - Sync 1 DAGs
[2024-05-20 16:29:17,613] {logging_mixin.py:115} INFO - [2024-05-20 16:29:17,613] {dag.py:2972} INFO - Setting next_dagrun for first_dag to None, run_after=None
[2024-05-20 16:29:17,620] {processor.py:161} INFO - Processing /opt/airflow/dags/0-firstdag.py took 0.048 seconds
[2024-05-20 16:29:47,857] {processor.py:153} INFO - Started process (PID=2316) to work on /opt/airflow/dags/0-firstdag.py
[2024-05-20 16:29:47,857] {processor.py:641} INFO - Processing file /opt/airflow/dags/0-firstdag.py for tasks to queue
[2024-05-20 16:29:47,857] {logging_mixin.py:115} INFO - [2024-05-20 16:29:47,857] {dagbag.py:508} INFO - Filling up the DagBag from /opt/airflow/dags/0-firstdag.py
[2024-05-20 16:29:47,859] {processor.py:651} INFO - DAG(s) dict_keys(['first_dag']) retrieved from /opt/airflow/dags/0-firstdag.py
[2024-05-20 16:29:47,874] {logging_mixin.py:115} INFO - [2024-05-20 16:29:47,874] {dag.py:2420} INFO - Sync 1 DAGs
[2024-05-20 16:29:47,886] {logging_mixin.py:115} INFO - [2024-05-20 16:29:47,886] {dag.py:2972} INFO - Setting next_dagrun for first_dag to None, run_after=None
[2024-05-20 16:29:47,893] {processor.py:161} INFO - Processing /opt/airflow/dags/0-firstdag.py took 0.039 seconds
[2024-05-20 16:30:18,098] {processor.py:153} INFO - Started process (PID=2341) to work on /opt/airflow/dags/0-firstdag.py
[2024-05-20 16:30:18,099] {processor.py:641} INFO - Processing file /opt/airflow/dags/0-firstdag.py for tasks to queue
[2024-05-20 16:30:18,099] {logging_mixin.py:115} INFO - [2024-05-20 16:30:18,099] {dagbag.py:508} INFO - Filling up the DagBag from /opt/airflow/dags/0-firstdag.py
[2024-05-20 16:30:18,101] {processor.py:651} INFO - DAG(s) dict_keys(['first_dag']) retrieved from /opt/airflow/dags/0-firstdag.py
[2024-05-20 16:30:18,118] {logging_mixin.py:115} INFO - [2024-05-20 16:30:18,118] {dag.py:2420} INFO - Sync 1 DAGs
[2024-05-20 16:30:18,130] {logging_mixin.py:115} INFO - [2024-05-20 16:30:18,130] {dag.py:2972} INFO - Setting next_dagrun for first_dag to None, run_after=None
[2024-05-20 16:30:18,138] {processor.py:161} INFO - Processing /opt/airflow/dags/0-firstdag.py took 0.042 seconds
[2024-05-20 16:30:48,362] {processor.py:153} INFO - Started process (PID=2375) to work on /opt/airflow/dags/0-firstdag.py
[2024-05-20 16:30:48,363] {processor.py:641} INFO - Processing file /opt/airflow/dags/0-firstdag.py for tasks to queue
[2024-05-20 16:30:48,363] {logging_mixin.py:115} INFO - [2024-05-20 16:30:48,363] {dagbag.py:508} INFO - Filling up the DagBag from /opt/airflow/dags/0-firstdag.py
[2024-05-20 16:30:48,365] {processor.py:651} INFO - DAG(s) dict_keys(['first_dag']) retrieved from /opt/airflow/dags/0-firstdag.py
[2024-05-20 16:30:48,380] {logging_mixin.py:115} INFO - [2024-05-20 16:30:48,380] {dag.py:2420} INFO - Sync 1 DAGs
[2024-05-20 16:30:48,393] {logging_mixin.py:115} INFO - [2024-05-20 16:30:48,393] {dag.py:2972} INFO - Setting next_dagrun for first_dag to None, run_after=None
[2024-05-20 16:30:48,400] {processor.py:161} INFO - Processing /opt/airflow/dags/0-firstdag.py took 0.039 seconds
[2024-05-20 16:31:18,677] {processor.py:153} INFO - Started process (PID=2408) to work on /opt/airflow/dags/0-firstdag.py
[2024-05-20 16:31:18,677] {processor.py:641} INFO - Processing file /opt/airflow/dags/0-firstdag.py for tasks to queue
[2024-05-20 16:31:18,678] {logging_mixin.py:115} INFO - [2024-05-20 16:31:18,678] {dagbag.py:508} INFO - Filling up the DagBag from /opt/airflow/dags/0-firstdag.py
[2024-05-20 16:31:18,680] {processor.py:651} INFO - DAG(s) dict_keys(['first_dag']) retrieved from /opt/airflow/dags/0-firstdag.py
[2024-05-20 16:31:18,696] {logging_mixin.py:115} INFO - [2024-05-20 16:31:18,696] {dag.py:2420} INFO - Sync 1 DAGs
[2024-05-20 16:31:18,708] {logging_mixin.py:115} INFO - [2024-05-20 16:31:18,708] {dag.py:2972} INFO - Setting next_dagrun for first_dag to None, run_after=None
[2024-05-20 16:31:18,715] {processor.py:161} INFO - Processing /opt/airflow/dags/0-firstdag.py took 0.040 seconds
[2024-05-20 16:31:48,908] {processor.py:153} INFO - Started process (PID=2441) to work on /opt/airflow/dags/0-firstdag.py
[2024-05-20 16:31:48,908] {processor.py:641} INFO - Processing file /opt/airflow/dags/0-firstdag.py for tasks to queue
[2024-05-20 16:31:48,908] {logging_mixin.py:115} INFO - [2024-05-20 16:31:48,908] {dagbag.py:508} INFO - Filling up the DagBag from /opt/airflow/dags/0-firstdag.py
[2024-05-20 16:31:48,911] {processor.py:651} INFO - DAG(s) dict_keys(['first_dag']) retrieved from /opt/airflow/dags/0-firstdag.py
[2024-05-20 16:31:48,926] {logging_mixin.py:115} INFO - [2024-05-20 16:31:48,926] {dag.py:2420} INFO - Sync 1 DAGs
[2024-05-20 16:31:48,938] {logging_mixin.py:115} INFO - [2024-05-20 16:31:48,938] {dag.py:2972} INFO - Setting next_dagrun for first_dag to None, run_after=None
[2024-05-20 16:31:48,945] {processor.py:161} INFO - Processing /opt/airflow/dags/0-firstdag.py took 0.039 seconds
[2024-05-20 16:32:19,191] {processor.py:153} INFO - Started process (PID=2475) to work on /opt/airflow/dags/0-firstdag.py
[2024-05-20 16:32:19,191] {processor.py:641} INFO - Processing file /opt/airflow/dags/0-firstdag.py for tasks to queue
[2024-05-20 16:32:19,192] {logging_mixin.py:115} INFO - [2024-05-20 16:32:19,192] {dagbag.py:508} INFO - Filling up the DagBag from /opt/airflow/dags/0-firstdag.py
[2024-05-20 16:32:19,194] {processor.py:651} INFO - DAG(s) dict_keys(['first_dag']) retrieved from /opt/airflow/dags/0-firstdag.py
[2024-05-20 16:32:19,210] {logging_mixin.py:115} INFO - [2024-05-20 16:32:19,210] {dag.py:2420} INFO - Sync 1 DAGs
[2024-05-20 16:32:19,223] {logging_mixin.py:115} INFO - [2024-05-20 16:32:19,223] {dag.py:2972} INFO - Setting next_dagrun for first_dag to None, run_after=None
[2024-05-20 16:32:19,230] {processor.py:161} INFO - Processing /opt/airflow/dags/0-firstdag.py took 0.041 seconds
[2024-05-20 16:32:49,492] {processor.py:153} INFO - Started process (PID=2508) to work on /opt/airflow/dags/0-firstdag.py
[2024-05-20 16:32:49,492] {processor.py:641} INFO - Processing file /opt/airflow/dags/0-firstdag.py for tasks to queue
[2024-05-20 16:32:49,493] {logging_mixin.py:115} INFO - [2024-05-20 16:32:49,493] {dagbag.py:508} INFO - Filling up the DagBag from /opt/airflow/dags/0-firstdag.py
[2024-05-20 16:32:49,495] {processor.py:651} INFO - DAG(s) dict_keys(['first_dag']) retrieved from /opt/airflow/dags/0-firstdag.py
[2024-05-20 16:32:49,511] {logging_mixin.py:115} INFO - [2024-05-20 16:32:49,511] {dag.py:2420} INFO - Sync 1 DAGs
[2024-05-20 16:32:49,524] {logging_mixin.py:115} INFO - [2024-05-20 16:32:49,524] {dag.py:2972} INFO - Setting next_dagrun for first_dag to None, run_after=None
[2024-05-20 16:32:49,532] {processor.py:161} INFO - Processing /opt/airflow/dags/0-firstdag.py took 0.043 seconds
[2024-05-20 16:33:19,739] {processor.py:153} INFO - Started process (PID=2533) to work on /opt/airflow/dags/0-firstdag.py
[2024-05-20 16:33:19,739] {processor.py:641} INFO - Processing file /opt/airflow/dags/0-firstdag.py for tasks to queue
[2024-05-20 16:33:19,740] {logging_mixin.py:115} INFO - [2024-05-20 16:33:19,740] {dagbag.py:508} INFO - Filling up the DagBag from /opt/airflow/dags/0-firstdag.py
[2024-05-20 16:33:19,742] {processor.py:651} INFO - DAG(s) dict_keys(['first_dag']) retrieved from /opt/airflow/dags/0-firstdag.py
[2024-05-20 16:33:19,757] {logging_mixin.py:115} INFO - [2024-05-20 16:33:19,757] {dag.py:2420} INFO - Sync 1 DAGs
[2024-05-20 16:33:19,770] {logging_mixin.py:115} INFO - [2024-05-20 16:33:19,770] {dag.py:2972} INFO - Setting next_dagrun for first_dag to None, run_after=None
[2024-05-20 16:33:19,777] {processor.py:161} INFO - Processing /opt/airflow/dags/0-firstdag.py took 0.041 seconds
[2024-05-20 16:33:50,020] {processor.py:153} INFO - Started process (PID=2567) to work on /opt/airflow/dags/0-firstdag.py
[2024-05-20 16:33:50,020] {processor.py:641} INFO - Processing file /opt/airflow/dags/0-firstdag.py for tasks to queue
[2024-05-20 16:33:50,020] {logging_mixin.py:115} INFO - [2024-05-20 16:33:50,020] {dagbag.py:508} INFO - Filling up the DagBag from /opt/airflow/dags/0-firstdag.py
[2024-05-20 16:33:50,023] {processor.py:651} INFO - DAG(s) dict_keys(['first_dag']) retrieved from /opt/airflow/dags/0-firstdag.py
[2024-05-20 16:33:50,040] {logging_mixin.py:115} INFO - [2024-05-20 16:33:50,040] {dag.py:2420} INFO - Sync 1 DAGs
[2024-05-20 16:33:50,053] {logging_mixin.py:115} INFO - [2024-05-20 16:33:50,053] {dag.py:2972} INFO - Setting next_dagrun for first_dag to None, run_after=None
[2024-05-20 16:33:50,060] {processor.py:161} INFO - Processing /opt/airflow/dags/0-firstdag.py took 0.043 seconds
[2024-05-20 16:34:20,357] {processor.py:153} INFO - Started process (PID=2602) to work on /opt/airflow/dags/0-firstdag.py
[2024-05-20 16:34:20,357] {processor.py:641} INFO - Processing file /opt/airflow/dags/0-firstdag.py for tasks to queue
[2024-05-20 16:34:20,358] {logging_mixin.py:115} INFO - [2024-05-20 16:34:20,358] {dagbag.py:508} INFO - Filling up the DagBag from /opt/airflow/dags/0-firstdag.py
[2024-05-20 16:34:20,360] {processor.py:651} INFO - DAG(s) dict_keys(['first_dag']) retrieved from /opt/airflow/dags/0-firstdag.py
[2024-05-20 16:34:20,377] {logging_mixin.py:115} INFO - [2024-05-20 16:34:20,377] {dag.py:2420} INFO - Sync 1 DAGs
[2024-05-20 16:34:20,391] {logging_mixin.py:115} INFO - [2024-05-20 16:34:20,391] {dag.py:2972} INFO - Setting next_dagrun for first_dag to None, run_after=None
[2024-05-20 16:34:20,399] {processor.py:161} INFO - Processing /opt/airflow/dags/0-firstdag.py took 0.044 seconds
[2024-05-20 16:34:50,667] {processor.py:153} INFO - Started process (PID=2636) to work on /opt/airflow/dags/0-firstdag.py
[2024-05-20 16:34:50,668] {processor.py:641} INFO - Processing file /opt/airflow/dags/0-firstdag.py for tasks to queue
[2024-05-20 16:34:50,668] {logging_mixin.py:115} INFO - [2024-05-20 16:34:50,668] {dagbag.py:508} INFO - Filling up the DagBag from /opt/airflow/dags/0-firstdag.py
[2024-05-20 16:34:50,676] {processor.py:651} INFO - DAG(s) dict_keys(['first_dag']) retrieved from /opt/airflow/dags/0-firstdag.py
[2024-05-20 16:34:50,693] {logging_mixin.py:115} INFO - [2024-05-20 16:34:50,693] {dag.py:2420} INFO - Sync 1 DAGs
[2024-05-20 16:34:50,707] {logging_mixin.py:115} INFO - [2024-05-20 16:34:50,707] {dag.py:2972} INFO - Setting next_dagrun for first_dag to None, run_after=None
[2024-05-20 16:34:50,714] {processor.py:161} INFO - Processing /opt/airflow/dags/0-firstdag.py took 0.050 seconds
[2024-05-20 16:35:21,046] {processor.py:153} INFO - Started process (PID=2671) to work on /opt/airflow/dags/0-firstdag.py
[2024-05-20 16:35:21,046] {processor.py:641} INFO - Processing file /opt/airflow/dags/0-firstdag.py for tasks to queue
[2024-05-20 16:35:21,047] {logging_mixin.py:115} INFO - [2024-05-20 16:35:21,047] {dagbag.py:508} INFO - Filling up the DagBag from /opt/airflow/dags/0-firstdag.py
[2024-05-20 16:35:21,050] {processor.py:651} INFO - DAG(s) dict_keys(['first_dag']) retrieved from /opt/airflow/dags/0-firstdag.py
[2024-05-20 16:35:21,069] {logging_mixin.py:115} INFO - [2024-05-20 16:35:21,069] {dag.py:2420} INFO - Sync 1 DAGs
[2024-05-20 16:35:21,082] {logging_mixin.py:115} INFO - [2024-05-20 16:35:21,082] {dag.py:2972} INFO - Setting next_dagrun for first_dag to None, run_after=None
[2024-05-20 16:35:21,090] {processor.py:161} INFO - Processing /opt/airflow/dags/0-firstdag.py took 0.047 seconds
[2024-05-20 16:35:51,408] {processor.py:153} INFO - Started process (PID=2697) to work on /opt/airflow/dags/0-firstdag.py
[2024-05-20 16:35:51,409] {processor.py:641} INFO - Processing file /opt/airflow/dags/0-firstdag.py for tasks to queue
[2024-05-20 16:35:51,411] {logging_mixin.py:115} INFO - [2024-05-20 16:35:51,410] {dagbag.py:508} INFO - Filling up the DagBag from /opt/airflow/dags/0-firstdag.py
[2024-05-20 16:35:51,415] {processor.py:651} INFO - DAG(s) dict_keys(['first_dag']) retrieved from /opt/airflow/dags/0-firstdag.py
[2024-05-20 16:35:51,432] {logging_mixin.py:115} INFO - [2024-05-20 16:35:51,432] {dag.py:2420} INFO - Sync 1 DAGs
[2024-05-20 16:35:51,446] {logging_mixin.py:115} INFO - [2024-05-20 16:35:51,446] {dag.py:2972} INFO - Setting next_dagrun for first_dag to None, run_after=None
[2024-05-20 16:35:51,464] {processor.py:161} INFO - Processing /opt/airflow/dags/0-firstdag.py took 0.058 seconds
[2024-05-20 16:36:21,780] {processor.py:153} INFO - Started process (PID=2732) to work on /opt/airflow/dags/0-firstdag.py
[2024-05-20 16:36:21,781] {processor.py:641} INFO - Processing file /opt/airflow/dags/0-firstdag.py for tasks to queue
[2024-05-20 16:36:21,781] {logging_mixin.py:115} INFO - [2024-05-20 16:36:21,781] {dagbag.py:508} INFO - Filling up the DagBag from /opt/airflow/dags/0-firstdag.py
[2024-05-20 16:36:21,783] {processor.py:651} INFO - DAG(s) dict_keys(['first_dag']) retrieved from /opt/airflow/dags/0-firstdag.py
[2024-05-20 16:36:21,801] {logging_mixin.py:115} INFO - [2024-05-20 16:36:21,801] {dag.py:2420} INFO - Sync 1 DAGs
[2024-05-20 16:36:21,814] {logging_mixin.py:115} INFO - [2024-05-20 16:36:21,814] {dag.py:2972} INFO - Setting next_dagrun for first_dag to None, run_after=None
[2024-05-20 16:36:21,832] {processor.py:161} INFO - Processing /opt/airflow/dags/0-firstdag.py took 0.055 seconds
[2024-05-20 16:36:52,159] {processor.py:153} INFO - Started process (PID=2767) to work on /opt/airflow/dags/0-firstdag.py
[2024-05-20 16:36:52,160] {processor.py:641} INFO - Processing file /opt/airflow/dags/0-firstdag.py for tasks to queue
[2024-05-20 16:36:52,160] {logging_mixin.py:115} INFO - [2024-05-20 16:36:52,160] {dagbag.py:508} INFO - Filling up the DagBag from /opt/airflow/dags/0-firstdag.py
[2024-05-20 16:36:52,163] {processor.py:651} INFO - DAG(s) dict_keys(['first_dag']) retrieved from /opt/airflow/dags/0-firstdag.py
[2024-05-20 16:36:52,179] {logging_mixin.py:115} INFO - [2024-05-20 16:36:52,179] {dag.py:2420} INFO - Sync 1 DAGs
[2024-05-20 16:36:52,192] {logging_mixin.py:115} INFO - [2024-05-20 16:36:52,192] {dag.py:2972} INFO - Setting next_dagrun for first_dag to None, run_after=None
[2024-05-20 16:36:52,222] {processor.py:161} INFO - Processing /opt/airflow/dags/0-firstdag.py took 0.064 seconds
[2024-05-20 16:37:22,506] {processor.py:153} INFO - Started process (PID=2802) to work on /opt/airflow/dags/0-firstdag.py
[2024-05-20 16:37:22,506] {processor.py:641} INFO - Processing file /opt/airflow/dags/0-firstdag.py for tasks to queue
[2024-05-20 16:37:22,507] {logging_mixin.py:115} INFO - [2024-05-20 16:37:22,507] {dagbag.py:508} INFO - Filling up the DagBag from /opt/airflow/dags/0-firstdag.py
[2024-05-20 16:37:22,512] {processor.py:651} INFO - DAG(s) dict_keys(['first_dag']) retrieved from /opt/airflow/dags/0-firstdag.py
[2024-05-20 16:37:22,532] {logging_mixin.py:115} INFO - [2024-05-20 16:37:22,532] {dag.py:2420} INFO - Sync 1 DAGs
[2024-05-20 16:37:22,549] {logging_mixin.py:115} INFO - [2024-05-20 16:37:22,548] {dag.py:2972} INFO - Setting next_dagrun for first_dag to None, run_after=None
[2024-05-20 16:37:22,559] {processor.py:161} INFO - Processing /opt/airflow/dags/0-firstdag.py took 0.056 seconds
[2024-05-20 16:37:52,875] {processor.py:153} INFO - Started process (PID=2837) to work on /opt/airflow/dags/0-firstdag.py
[2024-05-20 16:37:52,877] {processor.py:641} INFO - Processing file /opt/airflow/dags/0-firstdag.py for tasks to queue
[2024-05-20 16:37:52,878] {logging_mixin.py:115} INFO - [2024-05-20 16:37:52,878] {dagbag.py:508} INFO - Filling up the DagBag from /opt/airflow/dags/0-firstdag.py
[2024-05-20 16:37:52,882] {processor.py:651} INFO - DAG(s) dict_keys(['first_dag']) retrieved from /opt/airflow/dags/0-firstdag.py
[2024-05-20 16:37:52,901] {logging_mixin.py:115} INFO - [2024-05-20 16:37:52,901] {dag.py:2420} INFO - Sync 1 DAGs
[2024-05-20 16:37:52,916] {logging_mixin.py:115} INFO - [2024-05-20 16:37:52,916] {dag.py:2972} INFO - Setting next_dagrun for first_dag to None, run_after=None
[2024-05-20 16:37:52,924] {processor.py:161} INFO - Processing /opt/airflow/dags/0-firstdag.py took 0.051 seconds
[2024-05-20 16:38:23,271] {processor.py:153} INFO - Started process (PID=2863) to work on /opt/airflow/dags/0-firstdag.py
[2024-05-20 16:38:23,272] {processor.py:641} INFO - Processing file /opt/airflow/dags/0-firstdag.py for tasks to queue
[2024-05-20 16:38:23,272] {logging_mixin.py:115} INFO - [2024-05-20 16:38:23,272] {dagbag.py:508} INFO - Filling up the DagBag from /opt/airflow/dags/0-firstdag.py
[2024-05-20 16:38:23,275] {processor.py:651} INFO - DAG(s) dict_keys(['first_dag']) retrieved from /opt/airflow/dags/0-firstdag.py
[2024-05-20 16:38:23,291] {logging_mixin.py:115} INFO - [2024-05-20 16:38:23,291] {dag.py:2420} INFO - Sync 1 DAGs
[2024-05-20 16:38:23,304] {logging_mixin.py:115} INFO - [2024-05-20 16:38:23,304] {dag.py:2972} INFO - Setting next_dagrun for first_dag to None, run_after=None
[2024-05-20 16:38:23,312] {processor.py:161} INFO - Processing /opt/airflow/dags/0-firstdag.py took 0.043 seconds
[2024-05-20 16:38:53,577] {processor.py:153} INFO - Started process (PID=2896) to work on /opt/airflow/dags/0-firstdag.py
[2024-05-20 16:38:53,577] {processor.py:641} INFO - Processing file /opt/airflow/dags/0-firstdag.py for tasks to queue
[2024-05-20 16:38:53,578] {logging_mixin.py:115} INFO - [2024-05-20 16:38:53,578] {dagbag.py:508} INFO - Filling up the DagBag from /opt/airflow/dags/0-firstdag.py
[2024-05-20 16:38:53,580] {processor.py:651} INFO - DAG(s) dict_keys(['first_dag']) retrieved from /opt/airflow/dags/0-firstdag.py
[2024-05-20 16:38:53,596] {logging_mixin.py:115} INFO - [2024-05-20 16:38:53,596] {dag.py:2420} INFO - Sync 1 DAGs
[2024-05-20 16:38:53,610] {logging_mixin.py:115} INFO - [2024-05-20 16:38:53,610] {dag.py:2972} INFO - Setting next_dagrun for first_dag to None, run_after=None
[2024-05-20 16:38:53,618] {processor.py:161} INFO - Processing /opt/airflow/dags/0-firstdag.py took 0.043 seconds
[2024-05-20 16:39:23,884] {processor.py:153} INFO - Started process (PID=2931) to work on /opt/airflow/dags/0-firstdag.py
[2024-05-20 16:39:23,885] {processor.py:641} INFO - Processing file /opt/airflow/dags/0-firstdag.py for tasks to queue
[2024-05-20 16:39:23,885] {logging_mixin.py:115} INFO - [2024-05-20 16:39:23,885] {dagbag.py:508} INFO - Filling up the DagBag from /opt/airflow/dags/0-firstdag.py
[2024-05-20 16:39:23,888] {processor.py:651} INFO - DAG(s) dict_keys(['first_dag']) retrieved from /opt/airflow/dags/0-firstdag.py
[2024-05-20 16:39:23,906] {logging_mixin.py:115} INFO - [2024-05-20 16:39:23,906] {dag.py:2420} INFO - Sync 1 DAGs
[2024-05-20 16:39:23,920] {logging_mixin.py:115} INFO - [2024-05-20 16:39:23,920] {dag.py:2972} INFO - Setting next_dagrun for first_dag to None, run_after=None
[2024-05-20 16:39:23,927] {processor.py:161} INFO - Processing /opt/airflow/dags/0-firstdag.py took 0.046 seconds
[2024-05-20 16:39:54,175] {processor.py:153} INFO - Started process (PID=2966) to work on /opt/airflow/dags/0-firstdag.py
[2024-05-20 16:39:54,175] {processor.py:641} INFO - Processing file /opt/airflow/dags/0-firstdag.py for tasks to queue
[2024-05-20 16:39:54,175] {logging_mixin.py:115} INFO - [2024-05-20 16:39:54,175] {dagbag.py:508} INFO - Filling up the DagBag from /opt/airflow/dags/0-firstdag.py
[2024-05-20 16:39:54,177] {processor.py:651} INFO - DAG(s) dict_keys(['first_dag']) retrieved from /opt/airflow/dags/0-firstdag.py
[2024-05-20 16:39:54,193] {logging_mixin.py:115} INFO - [2024-05-20 16:39:54,193] {dag.py:2420} INFO - Sync 1 DAGs
[2024-05-20 16:39:54,207] {logging_mixin.py:115} INFO - [2024-05-20 16:39:54,207] {dag.py:2972} INFO - Setting next_dagrun for first_dag to None, run_after=None
[2024-05-20 16:39:54,214] {processor.py:161} INFO - Processing /opt/airflow/dags/0-firstdag.py took 0.041 seconds
[2024-05-20 16:40:24,471] {processor.py:153} INFO - Started process (PID=3001) to work on /opt/airflow/dags/0-firstdag.py
[2024-05-20 16:40:24,471] {processor.py:641} INFO - Processing file /opt/airflow/dags/0-firstdag.py for tasks to queue
[2024-05-20 16:40:24,472] {logging_mixin.py:115} INFO - [2024-05-20 16:40:24,472] {dagbag.py:508} INFO - Filling up the DagBag from /opt/airflow/dags/0-firstdag.py
[2024-05-20 16:40:24,474] {processor.py:651} INFO - DAG(s) dict_keys(['first_dag']) retrieved from /opt/airflow/dags/0-firstdag.py
[2024-05-20 16:40:24,492] {logging_mixin.py:115} INFO - [2024-05-20 16:40:24,492] {dag.py:2420} INFO - Sync 1 DAGs
[2024-05-20 16:40:24,504] {logging_mixin.py:115} INFO - [2024-05-20 16:40:24,504] {dag.py:2972} INFO - Setting next_dagrun for first_dag to None, run_after=None
[2024-05-20 16:40:24,511] {processor.py:161} INFO - Processing /opt/airflow/dags/0-firstdag.py took 0.043 seconds
[2024-05-20 16:40:54,812] {processor.py:153} INFO - Started process (PID=3035) to work on /opt/airflow/dags/0-firstdag.py
[2024-05-20 16:40:54,812] {processor.py:641} INFO - Processing file /opt/airflow/dags/0-firstdag.py for tasks to queue
[2024-05-20 16:40:54,813] {logging_mixin.py:115} INFO - [2024-05-20 16:40:54,813] {dagbag.py:508} INFO - Filling up the DagBag from /opt/airflow/dags/0-firstdag.py
[2024-05-20 16:40:54,816] {processor.py:651} INFO - DAG(s) dict_keys(['first_dag']) retrieved from /opt/airflow/dags/0-firstdag.py
[2024-05-20 16:40:54,833] {logging_mixin.py:115} INFO - [2024-05-20 16:40:54,833] {dag.py:2420} INFO - Sync 1 DAGs
[2024-05-20 16:40:54,848] {logging_mixin.py:115} INFO - [2024-05-20 16:40:54,848] {dag.py:2972} INFO - Setting next_dagrun for first_dag to None, run_after=None
[2024-05-20 16:40:54,855] {processor.py:161} INFO - Processing /opt/airflow/dags/0-firstdag.py took 0.046 seconds
[2024-05-20 16:41:25,100] {processor.py:153} INFO - Started process (PID=3061) to work on /opt/airflow/dags/0-firstdag.py
[2024-05-20 16:41:25,100] {processor.py:641} INFO - Processing file /opt/airflow/dags/0-firstdag.py for tasks to queue
[2024-05-20 16:41:25,100] {logging_mixin.py:115} INFO - [2024-05-20 16:41:25,100] {dagbag.py:508} INFO - Filling up the DagBag from /opt/airflow/dags/0-firstdag.py
[2024-05-20 16:41:25,103] {processor.py:651} INFO - DAG(s) dict_keys(['first_dag']) retrieved from /opt/airflow/dags/0-firstdag.py
[2024-05-20 16:41:25,120] {logging_mixin.py:115} INFO - [2024-05-20 16:41:25,120] {dag.py:2420} INFO - Sync 1 DAGs
[2024-05-20 16:41:25,134] {logging_mixin.py:115} INFO - [2024-05-20 16:41:25,134] {dag.py:2972} INFO - Setting next_dagrun for first_dag to None, run_after=None
[2024-05-20 16:41:25,143] {processor.py:161} INFO - Processing /opt/airflow/dags/0-firstdag.py took 0.046 seconds
[2024-05-20 16:41:55,446] {processor.py:153} INFO - Started process (PID=3096) to work on /opt/airflow/dags/0-firstdag.py
[2024-05-20 16:41:55,446] {processor.py:641} INFO - Processing file /opt/airflow/dags/0-firstdag.py for tasks to queue
[2024-05-20 16:41:55,446] {logging_mixin.py:115} INFO - [2024-05-20 16:41:55,446] {dagbag.py:508} INFO - Filling up the DagBag from /opt/airflow/dags/0-firstdag.py
[2024-05-20 16:41:55,449] {processor.py:651} INFO - DAG(s) dict_keys(['first_dag']) retrieved from /opt/airflow/dags/0-firstdag.py
[2024-05-20 16:41:55,463] {logging_mixin.py:115} INFO - [2024-05-20 16:41:55,463] {dag.py:2420} INFO - Sync 1 DAGs
[2024-05-20 16:41:55,476] {logging_mixin.py:115} INFO - [2024-05-20 16:41:55,476] {dag.py:2972} INFO - Setting next_dagrun for first_dag to None, run_after=None
[2024-05-20 16:41:55,483] {processor.py:161} INFO - Processing /opt/airflow/dags/0-firstdag.py took 0.039 seconds
[2024-05-20 16:42:25,742] {processor.py:153} INFO - Started process (PID=3131) to work on /opt/airflow/dags/0-firstdag.py
[2024-05-20 16:42:25,742] {processor.py:641} INFO - Processing file /opt/airflow/dags/0-firstdag.py for tasks to queue
[2024-05-20 16:42:25,743] {logging_mixin.py:115} INFO - [2024-05-20 16:42:25,743] {dagbag.py:508} INFO - Filling up the DagBag from /opt/airflow/dags/0-firstdag.py
[2024-05-20 16:42:25,745] {processor.py:651} INFO - DAG(s) dict_keys(['first_dag']) retrieved from /opt/airflow/dags/0-firstdag.py
[2024-05-20 16:42:25,762] {logging_mixin.py:115} INFO - [2024-05-20 16:42:25,762] {dag.py:2420} INFO - Sync 1 DAGs
[2024-05-20 16:42:25,779] {logging_mixin.py:115} INFO - [2024-05-20 16:42:25,779] {dag.py:2972} INFO - Setting next_dagrun for first_dag to None, run_after=None
[2024-05-20 16:42:25,788] {processor.py:161} INFO - Processing /opt/airflow/dags/0-firstdag.py took 0.049 seconds
[2024-05-20 16:42:56,132] {processor.py:153} INFO - Started process (PID=3166) to work on /opt/airflow/dags/0-firstdag.py
[2024-05-20 16:42:56,133] {processor.py:641} INFO - Processing file /opt/airflow/dags/0-firstdag.py for tasks to queue
[2024-05-20 16:42:56,133] {logging_mixin.py:115} INFO - [2024-05-20 16:42:56,133] {dagbag.py:508} INFO - Filling up the DagBag from /opt/airflow/dags/0-firstdag.py
[2024-05-20 16:42:56,135] {processor.py:651} INFO - DAG(s) dict_keys(['first_dag']) retrieved from /opt/airflow/dags/0-firstdag.py
[2024-05-20 16:42:56,151] {logging_mixin.py:115} INFO - [2024-05-20 16:42:56,151] {dag.py:2420} INFO - Sync 1 DAGs
[2024-05-20 16:42:56,169] {logging_mixin.py:115} INFO - [2024-05-20 16:42:56,169] {dag.py:2972} INFO - Setting next_dagrun for first_dag to None, run_after=None
[2024-05-20 16:42:56,199] {processor.py:161} INFO - Processing /opt/airflow/dags/0-firstdag.py took 0.069 seconds
[2024-05-20 16:43:26,410] {processor.py:153} INFO - Started process (PID=3201) to work on /opt/airflow/dags/0-firstdag.py
[2024-05-20 16:43:26,410] {processor.py:641} INFO - Processing file /opt/airflow/dags/0-firstdag.py for tasks to queue
[2024-05-20 16:43:26,411] {logging_mixin.py:115} INFO - [2024-05-20 16:43:26,411] {dagbag.py:508} INFO - Filling up the DagBag from /opt/airflow/dags/0-firstdag.py
[2024-05-20 16:43:26,414] {processor.py:651} INFO - DAG(s) dict_keys(['first_dag']) retrieved from /opt/airflow/dags/0-firstdag.py
[2024-05-20 16:43:26,431] {logging_mixin.py:115} INFO - [2024-05-20 16:43:26,430] {dag.py:2420} INFO - Sync 1 DAGs
[2024-05-20 16:43:26,444] {logging_mixin.py:115} INFO - [2024-05-20 16:43:26,444] {dag.py:2972} INFO - Setting next_dagrun for first_dag to None, run_after=None
[2024-05-20 16:43:26,469] {processor.py:161} INFO - Processing /opt/airflow/dags/0-firstdag.py took 0.062 seconds
[2024-05-20 16:43:56,760] {processor.py:153} INFO - Started process (PID=3227) to work on /opt/airflow/dags/0-firstdag.py
[2024-05-20 16:43:56,761] {processor.py:641} INFO - Processing file /opt/airflow/dags/0-firstdag.py for tasks to queue
[2024-05-20 16:43:56,761] {logging_mixin.py:115} INFO - [2024-05-20 16:43:56,761] {dagbag.py:508} INFO - Filling up the DagBag from /opt/airflow/dags/0-firstdag.py
[2024-05-20 16:43:56,764] {processor.py:651} INFO - DAG(s) dict_keys(['first_dag']) retrieved from /opt/airflow/dags/0-firstdag.py
[2024-05-20 16:43:56,779] {logging_mixin.py:115} INFO - [2024-05-20 16:43:56,779] {dag.py:2420} INFO - Sync 1 DAGs
[2024-05-20 16:43:56,792] {logging_mixin.py:115} INFO - [2024-05-20 16:43:56,792] {dag.py:2972} INFO - Setting next_dagrun for first_dag to None, run_after=None
[2024-05-20 16:43:56,823] {processor.py:161} INFO - Processing /opt/airflow/dags/0-firstdag.py took 0.066 seconds
[2024-05-20 16:44:27,085] {processor.py:153} INFO - Started process (PID=3260) to work on /opt/airflow/dags/0-firstdag.py
[2024-05-20 16:44:27,086] {processor.py:641} INFO - Processing file /opt/airflow/dags/0-firstdag.py for tasks to queue
[2024-05-20 16:44:27,086] {logging_mixin.py:115} INFO - [2024-05-20 16:44:27,086] {dagbag.py:508} INFO - Filling up the DagBag from /opt/airflow/dags/0-firstdag.py
[2024-05-20 16:44:27,089] {processor.py:651} INFO - DAG(s) dict_keys(['first_dag']) retrieved from /opt/airflow/dags/0-firstdag.py
[2024-05-20 16:44:27,105] {logging_mixin.py:115} INFO - [2024-05-20 16:44:27,105] {dag.py:2420} INFO - Sync 1 DAGs
[2024-05-20 16:44:27,118] {logging_mixin.py:115} INFO - [2024-05-20 16:44:27,118] {dag.py:2972} INFO - Setting next_dagrun for first_dag to None, run_after=None
[2024-05-20 16:44:27,126] {processor.py:161} INFO - Processing /opt/airflow/dags/0-firstdag.py took 0.043 seconds
[2024-05-20 16:44:57,431] {processor.py:153} INFO - Started process (PID=3294) to work on /opt/airflow/dags/0-firstdag.py
[2024-05-20 16:44:57,431] {processor.py:641} INFO - Processing file /opt/airflow/dags/0-firstdag.py for tasks to queue
[2024-05-20 16:44:57,431] {logging_mixin.py:115} INFO - [2024-05-20 16:44:57,431] {dagbag.py:508} INFO - Filling up the DagBag from /opt/airflow/dags/0-firstdag.py
[2024-05-20 16:44:57,433] {processor.py:651} INFO - DAG(s) dict_keys(['first_dag']) retrieved from /opt/airflow/dags/0-firstdag.py
[2024-05-20 16:44:57,451] {logging_mixin.py:115} INFO - [2024-05-20 16:44:57,451] {dag.py:2420} INFO - Sync 1 DAGs
[2024-05-20 16:44:57,465] {logging_mixin.py:115} INFO - [2024-05-20 16:44:57,465] {dag.py:2972} INFO - Setting next_dagrun for first_dag to None, run_after=None
[2024-05-20 16:44:57,473] {processor.py:161} INFO - Processing /opt/airflow/dags/0-firstdag.py took 0.045 seconds
[2024-05-20 16:45:27,766] {processor.py:153} INFO - Started process (PID=3329) to work on /opt/airflow/dags/0-firstdag.py
[2024-05-20 16:45:27,766] {processor.py:641} INFO - Processing file /opt/airflow/dags/0-firstdag.py for tasks to queue
[2024-05-20 16:45:27,767] {logging_mixin.py:115} INFO - [2024-05-20 16:45:27,767] {dagbag.py:508} INFO - Filling up the DagBag from /opt/airflow/dags/0-firstdag.py
[2024-05-20 16:45:27,769] {processor.py:651} INFO - DAG(s) dict_keys(['first_dag']) retrieved from /opt/airflow/dags/0-firstdag.py
[2024-05-20 16:45:27,784] {logging_mixin.py:115} INFO - [2024-05-20 16:45:27,784] {dag.py:2420} INFO - Sync 1 DAGs
[2024-05-20 16:45:27,798] {logging_mixin.py:115} INFO - [2024-05-20 16:45:27,798] {dag.py:2972} INFO - Setting next_dagrun for first_dag to None, run_after=None
[2024-05-20 16:45:27,805] {processor.py:161} INFO - Processing /opt/airflow/dags/0-firstdag.py took 0.041 seconds
[2024-05-20 16:45:58,051] {processor.py:153} INFO - Started process (PID=3364) to work on /opt/airflow/dags/0-firstdag.py
[2024-05-20 16:45:58,052] {processor.py:641} INFO - Processing file /opt/airflow/dags/0-firstdag.py for tasks to queue
[2024-05-20 16:45:58,052] {logging_mixin.py:115} INFO - [2024-05-20 16:45:58,052] {dagbag.py:508} INFO - Filling up the DagBag from /opt/airflow/dags/0-firstdag.py
[2024-05-20 16:45:58,054] {processor.py:651} INFO - DAG(s) dict_keys(['first_dag']) retrieved from /opt/airflow/dags/0-firstdag.py
[2024-05-20 16:45:58,070] {logging_mixin.py:115} INFO - [2024-05-20 16:45:58,070] {dag.py:2420} INFO - Sync 1 DAGs
[2024-05-20 16:45:58,084] {logging_mixin.py:115} INFO - [2024-05-20 16:45:58,084] {dag.py:2972} INFO - Setting next_dagrun for first_dag to None, run_after=None
[2024-05-20 16:45:58,091] {processor.py:161} INFO - Processing /opt/airflow/dags/0-firstdag.py took 0.042 seconds
[2024-05-20 16:46:28,378] {processor.py:153} INFO - Started process (PID=3390) to work on /opt/airflow/dags/0-firstdag.py
[2024-05-20 16:46:28,378] {processor.py:641} INFO - Processing file /opt/airflow/dags/0-firstdag.py for tasks to queue
[2024-05-20 16:46:28,381] {logging_mixin.py:115} INFO - [2024-05-20 16:46:28,381] {dagbag.py:508} INFO - Filling up the DagBag from /opt/airflow/dags/0-firstdag.py
[2024-05-20 16:46:28,383] {processor.py:651} INFO - DAG(s) dict_keys(['first_dag']) retrieved from /opt/airflow/dags/0-firstdag.py
[2024-05-20 16:46:28,401] {logging_mixin.py:115} INFO - [2024-05-20 16:46:28,400] {dag.py:2420} INFO - Sync 1 DAGs
[2024-05-20 16:46:28,413] {logging_mixin.py:115} INFO - [2024-05-20 16:46:28,413] {dag.py:2972} INFO - Setting next_dagrun for first_dag to None, run_after=None
[2024-05-20 16:46:28,420] {processor.py:161} INFO - Processing /opt/airflow/dags/0-firstdag.py took 0.045 seconds
[2024-05-20 16:46:58,705] {processor.py:153} INFO - Started process (PID=3425) to work on /opt/airflow/dags/0-firstdag.py
[2024-05-20 16:46:58,706] {processor.py:641} INFO - Processing file /opt/airflow/dags/0-firstdag.py for tasks to queue
[2024-05-20 16:46:58,706] {logging_mixin.py:115} INFO - [2024-05-20 16:46:58,706] {dagbag.py:508} INFO - Filling up the DagBag from /opt/airflow/dags/0-firstdag.py
[2024-05-20 16:46:58,709] {processor.py:651} INFO - DAG(s) dict_keys(['first_dag']) retrieved from /opt/airflow/dags/0-firstdag.py
[2024-05-20 16:46:58,724] {logging_mixin.py:115} INFO - [2024-05-20 16:46:58,724] {dag.py:2420} INFO - Sync 1 DAGs
[2024-05-20 16:46:58,737] {logging_mixin.py:115} INFO - [2024-05-20 16:46:58,737] {dag.py:2972} INFO - Setting next_dagrun for first_dag to None, run_after=None
[2024-05-20 16:46:58,744] {processor.py:161} INFO - Processing /opt/airflow/dags/0-firstdag.py took 0.041 seconds
[2024-05-20 16:47:29,036] {processor.py:153} INFO - Started process (PID=3460) to work on /opt/airflow/dags/0-firstdag.py
[2024-05-20 16:47:29,036] {processor.py:641} INFO - Processing file /opt/airflow/dags/0-firstdag.py for tasks to queue
[2024-05-20 16:47:29,036] {logging_mixin.py:115} INFO - [2024-05-20 16:47:29,036] {dagbag.py:508} INFO - Filling up the DagBag from /opt/airflow/dags/0-firstdag.py
[2024-05-20 16:47:29,038] {processor.py:651} INFO - DAG(s) dict_keys(['first_dag']) retrieved from /opt/airflow/dags/0-firstdag.py
[2024-05-20 16:47:29,053] {logging_mixin.py:115} INFO - [2024-05-20 16:47:29,053] {dag.py:2420} INFO - Sync 1 DAGs
[2024-05-20 16:47:29,066] {logging_mixin.py:115} INFO - [2024-05-20 16:47:29,066] {dag.py:2972} INFO - Setting next_dagrun for first_dag to None, run_after=None
[2024-05-20 16:47:29,073] {processor.py:161} INFO - Processing /opt/airflow/dags/0-firstdag.py took 0.039 seconds
[2024-05-20 16:47:59,369] {processor.py:153} INFO - Started process (PID=3495) to work on /opt/airflow/dags/0-firstdag.py
[2024-05-20 16:47:59,369] {processor.py:641} INFO - Processing file /opt/airflow/dags/0-firstdag.py for tasks to queue
[2024-05-20 16:47:59,370] {logging_mixin.py:115} INFO - [2024-05-20 16:47:59,370] {dagbag.py:508} INFO - Filling up the DagBag from /opt/airflow/dags/0-firstdag.py
[2024-05-20 16:47:59,373] {processor.py:651} INFO - DAG(s) dict_keys(['first_dag']) retrieved from /opt/airflow/dags/0-firstdag.py
[2024-05-20 16:47:59,388] {logging_mixin.py:115} INFO - [2024-05-20 16:47:59,388] {dag.py:2420} INFO - Sync 1 DAGs
[2024-05-20 16:47:59,401] {logging_mixin.py:115} INFO - [2024-05-20 16:47:59,401] {dag.py:2972} INFO - Setting next_dagrun for first_dag to None, run_after=None
[2024-05-20 16:47:59,408] {processor.py:161} INFO - Processing /opt/airflow/dags/0-firstdag.py took 0.042 seconds
[2024-05-20 16:48:29,686] {processor.py:153} INFO - Started process (PID=3530) to work on /opt/airflow/dags/0-firstdag.py
[2024-05-20 16:48:29,687] {processor.py:641} INFO - Processing file /opt/airflow/dags/0-firstdag.py for tasks to queue
[2024-05-20 16:48:29,687] {logging_mixin.py:115} INFO - [2024-05-20 16:48:29,687] {dagbag.py:508} INFO - Filling up the DagBag from /opt/airflow/dags/0-firstdag.py
[2024-05-20 16:48:29,689] {processor.py:651} INFO - DAG(s) dict_keys(['first_dag']) retrieved from /opt/airflow/dags/0-firstdag.py
[2024-05-20 16:48:29,706] {logging_mixin.py:115} INFO - [2024-05-20 16:48:29,706] {dag.py:2420} INFO - Sync 1 DAGs
[2024-05-20 16:48:29,719] {logging_mixin.py:115} INFO - [2024-05-20 16:48:29,719] {dag.py:2972} INFO - Setting next_dagrun for first_dag to None, run_after=None
[2024-05-20 16:48:29,739] {processor.py:161} INFO - Processing /opt/airflow/dags/0-firstdag.py took 0.056 seconds
[2024-05-20 16:49:00,031] {processor.py:153} INFO - Started process (PID=3564) to work on /opt/airflow/dags/0-firstdag.py
[2024-05-20 16:49:00,031] {processor.py:641} INFO - Processing file /opt/airflow/dags/0-firstdag.py for tasks to queue
[2024-05-20 16:49:00,031] {logging_mixin.py:115} INFO - [2024-05-20 16:49:00,031] {dagbag.py:508} INFO - Filling up the DagBag from /opt/airflow/dags/0-firstdag.py
[2024-05-20 16:49:00,033] {processor.py:651} INFO - DAG(s) dict_keys(['first_dag']) retrieved from /opt/airflow/dags/0-firstdag.py
[2024-05-20 16:49:00,048] {logging_mixin.py:115} INFO - [2024-05-20 16:49:00,048] {dag.py:2420} INFO - Sync 1 DAGs
[2024-05-20 16:49:00,061] {logging_mixin.py:115} INFO - [2024-05-20 16:49:00,061] {dag.py:2972} INFO - Setting next_dagrun for first_dag to None, run_after=None
[2024-05-20 16:49:00,068] {processor.py:161} INFO - Processing /opt/airflow/dags/0-firstdag.py took 0.040 seconds
[2024-05-20 16:49:30,307] {processor.py:153} INFO - Started process (PID=3589) to work on /opt/airflow/dags/0-firstdag.py
[2024-05-20 16:49:30,307] {processor.py:641} INFO - Processing file /opt/airflow/dags/0-firstdag.py for tasks to queue
[2024-05-20 16:49:30,308] {logging_mixin.py:115} INFO - [2024-05-20 16:49:30,308] {dagbag.py:508} INFO - Filling up the DagBag from /opt/airflow/dags/0-firstdag.py
[2024-05-20 16:49:30,312] {processor.py:651} INFO - DAG(s) dict_keys(['first_dag']) retrieved from /opt/airflow/dags/0-firstdag.py
[2024-05-20 16:49:30,327] {logging_mixin.py:115} INFO - [2024-05-20 16:49:30,327] {dag.py:2420} INFO - Sync 1 DAGs
[2024-05-20 16:49:30,341] {logging_mixin.py:115} INFO - [2024-05-20 16:49:30,341] {dag.py:2972} INFO - Setting next_dagrun for first_dag to None, run_after=None
[2024-05-20 16:49:30,349] {processor.py:161} INFO - Processing /opt/airflow/dags/0-firstdag.py took 0.044 seconds
[2024-05-20 16:50:00,603] {processor.py:153} INFO - Started process (PID=3624) to work on /opt/airflow/dags/0-firstdag.py
[2024-05-20 16:50:00,603] {processor.py:641} INFO - Processing file /opt/airflow/dags/0-firstdag.py for tasks to queue
[2024-05-20 16:50:00,604] {logging_mixin.py:115} INFO - [2024-05-20 16:50:00,604] {dagbag.py:508} INFO - Filling up the DagBag from /opt/airflow/dags/0-firstdag.py
[2024-05-20 16:50:00,605] {processor.py:651} INFO - DAG(s) dict_keys(['first_dag']) retrieved from /opt/airflow/dags/0-firstdag.py
[2024-05-20 16:50:00,621] {logging_mixin.py:115} INFO - [2024-05-20 16:50:00,621] {dag.py:2420} INFO - Sync 1 DAGs
[2024-05-20 16:50:00,635] {logging_mixin.py:115} INFO - [2024-05-20 16:50:00,635] {dag.py:2972} INFO - Setting next_dagrun for first_dag to None, run_after=None
[2024-05-20 16:50:00,642] {processor.py:161} INFO - Processing /opt/airflow/dags/0-firstdag.py took 0.041 seconds
[2024-05-20 16:50:30,932] {processor.py:153} INFO - Started process (PID=3659) to work on /opt/airflow/dags/0-firstdag.py
[2024-05-20 16:50:30,932] {processor.py:641} INFO - Processing file /opt/airflow/dags/0-firstdag.py for tasks to queue
[2024-05-20 16:50:30,932] {logging_mixin.py:115} INFO - [2024-05-20 16:50:30,932] {dagbag.py:508} INFO - Filling up the DagBag from /opt/airflow/dags/0-firstdag.py
[2024-05-20 16:50:30,934] {processor.py:651} INFO - DAG(s) dict_keys(['first_dag']) retrieved from /opt/airflow/dags/0-firstdag.py
[2024-05-20 16:50:30,950] {logging_mixin.py:115} INFO - [2024-05-20 16:50:30,950] {dag.py:2420} INFO - Sync 1 DAGs
[2024-05-20 16:50:30,963] {logging_mixin.py:115} INFO - [2024-05-20 16:50:30,963] {dag.py:2972} INFO - Setting next_dagrun for first_dag to None, run_after=None
[2024-05-20 16:50:30,969] {processor.py:161} INFO - Processing /opt/airflow/dags/0-firstdag.py took 0.040 seconds
[2024-05-20 16:51:01,230] {processor.py:153} INFO - Started process (PID=3694) to work on /opt/airflow/dags/0-firstdag.py
[2024-05-20 16:51:01,230] {processor.py:641} INFO - Processing file /opt/airflow/dags/0-firstdag.py for tasks to queue
[2024-05-20 16:51:01,230] {logging_mixin.py:115} INFO - [2024-05-20 16:51:01,230] {dagbag.py:508} INFO - Filling up the DagBag from /opt/airflow/dags/0-firstdag.py
[2024-05-20 16:51:01,233] {processor.py:651} INFO - DAG(s) dict_keys(['first_dag']) retrieved from /opt/airflow/dags/0-firstdag.py
[2024-05-20 16:51:01,249] {logging_mixin.py:115} INFO - [2024-05-20 16:51:01,249] {dag.py:2420} INFO - Sync 1 DAGs
[2024-05-20 16:51:01,263] {logging_mixin.py:115} INFO - [2024-05-20 16:51:01,263] {dag.py:2972} INFO - Setting next_dagrun for first_dag to None, run_after=None
[2024-05-20 16:51:01,271] {processor.py:161} INFO - Processing /opt/airflow/dags/0-firstdag.py took 0.044 seconds
[2024-05-20 16:51:31,585] {processor.py:153} INFO - Started process (PID=3729) to work on /opt/airflow/dags/0-firstdag.py
[2024-05-20 16:51:31,585] {processor.py:641} INFO - Processing file /opt/airflow/dags/0-firstdag.py for tasks to queue
[2024-05-20 16:51:31,586] {logging_mixin.py:115} INFO - [2024-05-20 16:51:31,586] {dagbag.py:508} INFO - Filling up the DagBag from /opt/airflow/dags/0-firstdag.py
[2024-05-20 16:51:31,589] {processor.py:651} INFO - DAG(s) dict_keys(['first_dag']) retrieved from /opt/airflow/dags/0-firstdag.py
[2024-05-20 16:51:31,605] {logging_mixin.py:115} INFO - [2024-05-20 16:51:31,605] {dag.py:2420} INFO - Sync 1 DAGs
[2024-05-20 16:51:31,618] {logging_mixin.py:115} INFO - [2024-05-20 16:51:31,617] {dag.py:2972} INFO - Setting next_dagrun for first_dag to None, run_after=None
[2024-05-20 16:51:31,624] {processor.py:161} INFO - Processing /opt/airflow/dags/0-firstdag.py took 0.042 seconds
[2024-05-20 16:52:01,880] {processor.py:153} INFO - Started process (PID=3755) to work on /opt/airflow/dags/0-firstdag.py
[2024-05-20 16:52:01,881] {processor.py:641} INFO - Processing file /opt/airflow/dags/0-firstdag.py for tasks to queue
[2024-05-20 16:52:01,881] {logging_mixin.py:115} INFO - [2024-05-20 16:52:01,881] {dagbag.py:508} INFO - Filling up the DagBag from /opt/airflow/dags/0-firstdag.py
[2024-05-20 16:52:01,884] {processor.py:651} INFO - DAG(s) dict_keys(['first_dag']) retrieved from /opt/airflow/dags/0-firstdag.py
[2024-05-20 16:52:01,900] {logging_mixin.py:115} INFO - [2024-05-20 16:52:01,900] {dag.py:2420} INFO - Sync 1 DAGs
[2024-05-20 16:52:01,913] {logging_mixin.py:115} INFO - [2024-05-20 16:52:01,913] {dag.py:2972} INFO - Setting next_dagrun for first_dag to None, run_after=None
[2024-05-20 16:52:01,922] {processor.py:161} INFO - Processing /opt/airflow/dags/0-firstdag.py took 0.043 seconds
[2024-05-20 16:52:32,183] {processor.py:153} INFO - Started process (PID=3789) to work on /opt/airflow/dags/0-firstdag.py
[2024-05-20 16:52:32,183] {processor.py:641} INFO - Processing file /opt/airflow/dags/0-firstdag.py for tasks to queue
[2024-05-20 16:52:32,183] {logging_mixin.py:115} INFO - [2024-05-20 16:52:32,183] {dagbag.py:508} INFO - Filling up the DagBag from /opt/airflow/dags/0-firstdag.py
[2024-05-20 16:52:32,186] {processor.py:651} INFO - DAG(s) dict_keys(['first_dag']) retrieved from /opt/airflow/dags/0-firstdag.py
[2024-05-20 16:52:32,201] {logging_mixin.py:115} INFO - [2024-05-20 16:52:32,201] {dag.py:2420} INFO - Sync 1 DAGs
[2024-05-20 16:52:32,214] {logging_mixin.py:115} INFO - [2024-05-20 16:52:32,214] {dag.py:2972} INFO - Setting next_dagrun for first_dag to None, run_after=None
[2024-05-20 16:52:32,222] {processor.py:161} INFO - Processing /opt/airflow/dags/0-firstdag.py took 0.042 seconds
[2024-05-20 16:53:02,545] {processor.py:153} INFO - Started process (PID=3839) to work on /opt/airflow/dags/0-firstdag.py
[2024-05-20 16:53:02,545] {processor.py:641} INFO - Processing file /opt/airflow/dags/0-firstdag.py for tasks to queue
[2024-05-20 16:53:02,545] {logging_mixin.py:115} INFO - [2024-05-20 16:53:02,545] {dagbag.py:508} INFO - Filling up the DagBag from /opt/airflow/dags/0-firstdag.py
[2024-05-20 16:53:02,548] {processor.py:651} INFO - DAG(s) dict_keys(['first_dag']) retrieved from /opt/airflow/dags/0-firstdag.py
[2024-05-20 16:53:02,566] {logging_mixin.py:115} INFO - [2024-05-20 16:53:02,566] {dag.py:2420} INFO - Sync 1 DAGs
[2024-05-20 16:53:02,581] {logging_mixin.py:115} INFO - [2024-05-20 16:53:02,581] {dag.py:2972} INFO - Setting next_dagrun for first_dag to None, run_after=None
[2024-05-20 16:53:02,589] {processor.py:161} INFO - Processing /opt/airflow/dags/0-firstdag.py took 0.047 seconds
[2024-05-20 16:53:32,893] {processor.py:153} INFO - Started process (PID=3888) to work on /opt/airflow/dags/0-firstdag.py
[2024-05-20 16:53:32,894] {processor.py:641} INFO - Processing file /opt/airflow/dags/0-firstdag.py for tasks to queue
[2024-05-20 16:53:32,894] {logging_mixin.py:115} INFO - [2024-05-20 16:53:32,894] {dagbag.py:508} INFO - Filling up the DagBag from /opt/airflow/dags/0-firstdag.py
[2024-05-20 16:53:32,897] {processor.py:651} INFO - DAG(s) dict_keys(['first_dag']) retrieved from /opt/airflow/dags/0-firstdag.py
[2024-05-20 16:53:32,913] {logging_mixin.py:115} INFO - [2024-05-20 16:53:32,913] {dag.py:2420} INFO - Sync 1 DAGs
[2024-05-20 16:53:32,926] {logging_mixin.py:115} INFO - [2024-05-20 16:53:32,926] {dag.py:2972} INFO - Setting next_dagrun for first_dag to None, run_after=None
[2024-05-20 16:53:32,933] {processor.py:161} INFO - Processing /opt/airflow/dags/0-firstdag.py took 0.043 seconds
[2024-05-20 16:54:03,245] {processor.py:153} INFO - Started process (PID=3938) to work on /opt/airflow/dags/0-firstdag.py
[2024-05-20 16:54:03,246] {processor.py:641} INFO - Processing file /opt/airflow/dags/0-firstdag.py for tasks to queue
[2024-05-20 16:54:03,246] {logging_mixin.py:115} INFO - [2024-05-20 16:54:03,246] {dagbag.py:508} INFO - Filling up the DagBag from /opt/airflow/dags/0-firstdag.py
[2024-05-20 16:54:03,248] {processor.py:651} INFO - DAG(s) dict_keys(['first_dag']) retrieved from /opt/airflow/dags/0-firstdag.py
[2024-05-20 16:54:03,266] {logging_mixin.py:115} INFO - [2024-05-20 16:54:03,266] {dag.py:2420} INFO - Sync 1 DAGs
[2024-05-20 16:54:03,281] {logging_mixin.py:115} INFO - [2024-05-20 16:54:03,281] {dag.py:2972} INFO - Setting next_dagrun for first_dag to None, run_after=None
[2024-05-20 16:54:03,289] {processor.py:161} INFO - Processing /opt/airflow/dags/0-firstdag.py took 0.045 seconds
[2024-05-20 16:54:33,675] {processor.py:153} INFO - Started process (PID=4019) to work on /opt/airflow/dags/0-firstdag.py
[2024-05-20 16:54:33,675] {processor.py:641} INFO - Processing file /opt/airflow/dags/0-firstdag.py for tasks to queue
[2024-05-20 16:54:33,676] {logging_mixin.py:115} INFO - [2024-05-20 16:54:33,676] {dagbag.py:508} INFO - Filling up the DagBag from /opt/airflow/dags/0-firstdag.py
[2024-05-20 16:54:33,679] {processor.py:651} INFO - DAG(s) dict_keys(['first_dag']) retrieved from /opt/airflow/dags/0-firstdag.py
[2024-05-20 16:54:33,701] {logging_mixin.py:115} INFO - [2024-05-20 16:54:33,701] {dag.py:2420} INFO - Sync 1 DAGs
[2024-05-20 16:54:33,722] {logging_mixin.py:115} INFO - [2024-05-20 16:54:33,722] {dag.py:2972} INFO - Setting next_dagrun for first_dag to None, run_after=None
[2024-05-20 16:54:33,732] {processor.py:161} INFO - Processing /opt/airflow/dags/0-firstdag.py took 0.060 seconds
[2024-05-20 16:55:04,007] {processor.py:153} INFO - Started process (PID=4054) to work on /opt/airflow/dags/0-firstdag.py
[2024-05-20 16:55:04,007] {processor.py:641} INFO - Processing file /opt/airflow/dags/0-firstdag.py for tasks to queue
[2024-05-20 16:55:04,007] {logging_mixin.py:115} INFO - [2024-05-20 16:55:04,007] {dagbag.py:508} INFO - Filling up the DagBag from /opt/airflow/dags/0-firstdag.py
[2024-05-20 16:55:04,009] {processor.py:651} INFO - DAG(s) dict_keys(['first_dag']) retrieved from /opt/airflow/dags/0-firstdag.py
[2024-05-20 16:55:04,026] {logging_mixin.py:115} INFO - [2024-05-20 16:55:04,026] {dag.py:2420} INFO - Sync 1 DAGs
[2024-05-20 16:55:04,039] {logging_mixin.py:115} INFO - [2024-05-20 16:55:04,039] {dag.py:2972} INFO - Setting next_dagrun for first_dag to None, run_after=None
[2024-05-20 16:55:04,046] {processor.py:161} INFO - Processing /opt/airflow/dags/0-firstdag.py took 0.042 seconds
[2024-05-20 16:55:34,340] {processor.py:153} INFO - Started process (PID=4087) to work on /opt/airflow/dags/0-firstdag.py
[2024-05-20 16:55:34,341] {processor.py:641} INFO - Processing file /opt/airflow/dags/0-firstdag.py for tasks to queue
[2024-05-20 16:55:34,341] {logging_mixin.py:115} INFO - [2024-05-20 16:55:34,341] {dagbag.py:508} INFO - Filling up the DagBag from /opt/airflow/dags/0-firstdag.py
[2024-05-20 16:55:34,344] {processor.py:651} INFO - DAG(s) dict_keys(['first_dag']) retrieved from /opt/airflow/dags/0-firstdag.py
[2024-05-20 16:55:34,367] {logging_mixin.py:115} INFO - [2024-05-20 16:55:34,367] {dag.py:2420} INFO - Sync 1 DAGs
[2024-05-20 16:55:34,381] {logging_mixin.py:115} INFO - [2024-05-20 16:55:34,381] {dag.py:2972} INFO - Setting next_dagrun for first_dag to None, run_after=None
[2024-05-20 16:55:34,388] {processor.py:161} INFO - Processing /opt/airflow/dags/0-firstdag.py took 0.051 seconds
[2024-05-20 16:56:04,637] {processor.py:153} INFO - Started process (PID=4121) to work on /opt/airflow/dags/0-firstdag.py
[2024-05-20 16:56:04,638] {processor.py:641} INFO - Processing file /opt/airflow/dags/0-firstdag.py for tasks to queue
[2024-05-20 16:56:04,638] {logging_mixin.py:115} INFO - [2024-05-20 16:56:04,638] {dagbag.py:508} INFO - Filling up the DagBag from /opt/airflow/dags/0-firstdag.py
[2024-05-20 16:56:04,640] {processor.py:651} INFO - DAG(s) dict_keys(['first_dag']) retrieved from /opt/airflow/dags/0-firstdag.py
[2024-05-20 16:56:04,656] {logging_mixin.py:115} INFO - [2024-05-20 16:56:04,656] {dag.py:2420} INFO - Sync 1 DAGs
[2024-05-20 16:56:04,669] {logging_mixin.py:115} INFO - [2024-05-20 16:56:04,669] {dag.py:2972} INFO - Setting next_dagrun for first_dag to None, run_after=None
[2024-05-20 16:56:04,677] {processor.py:161} INFO - Processing /opt/airflow/dags/0-firstdag.py took 0.042 seconds
[2024-05-20 16:56:34,954] {processor.py:153} INFO - Started process (PID=4156) to work on /opt/airflow/dags/0-firstdag.py
[2024-05-20 16:56:34,955] {processor.py:641} INFO - Processing file /opt/airflow/dags/0-firstdag.py for tasks to queue
[2024-05-20 16:56:34,956] {logging_mixin.py:115} INFO - [2024-05-20 16:56:34,956] {dagbag.py:508} INFO - Filling up the DagBag from /opt/airflow/dags/0-firstdag.py
[2024-05-20 16:56:34,958] {processor.py:651} INFO - DAG(s) dict_keys(['first_dag']) retrieved from /opt/airflow/dags/0-firstdag.py
[2024-05-20 16:56:34,976] {logging_mixin.py:115} INFO - [2024-05-20 16:56:34,976] {dag.py:2420} INFO - Sync 1 DAGs
[2024-05-20 16:56:34,991] {logging_mixin.py:115} INFO - [2024-05-20 16:56:34,991] {dag.py:2972} INFO - Setting next_dagrun for first_dag to None, run_after=None
[2024-05-20 16:56:35,000] {processor.py:161} INFO - Processing /opt/airflow/dags/0-firstdag.py took 0.048 seconds
[2024-05-20 16:57:05,300] {processor.py:153} INFO - Started process (PID=4191) to work on /opt/airflow/dags/0-firstdag.py
[2024-05-20 16:57:05,300] {processor.py:641} INFO - Processing file /opt/airflow/dags/0-firstdag.py for tasks to queue
[2024-05-20 16:57:05,302] {logging_mixin.py:115} INFO - [2024-05-20 16:57:05,301] {dagbag.py:508} INFO - Filling up the DagBag from /opt/airflow/dags/0-firstdag.py
[2024-05-20 16:57:05,306] {processor.py:651} INFO - DAG(s) dict_keys(['first_dag']) retrieved from /opt/airflow/dags/0-firstdag.py
[2024-05-20 16:57:05,327] {logging_mixin.py:115} INFO - [2024-05-20 16:57:05,327] {dag.py:2420} INFO - Sync 1 DAGs
[2024-05-20 16:57:05,344] {logging_mixin.py:115} INFO - [2024-05-20 16:57:05,344] {dag.py:2972} INFO - Setting next_dagrun for first_dag to None, run_after=None
[2024-05-20 16:57:05,353] {processor.py:161} INFO - Processing /opt/airflow/dags/0-firstdag.py took 0.056 seconds
[2024-05-20 16:57:35,642] {processor.py:153} INFO - Started process (PID=4217) to work on /opt/airflow/dags/0-firstdag.py
[2024-05-20 16:57:35,643] {processor.py:641} INFO - Processing file /opt/airflow/dags/0-firstdag.py for tasks to queue
[2024-05-20 16:57:35,643] {logging_mixin.py:115} INFO - [2024-05-20 16:57:35,643] {dagbag.py:508} INFO - Filling up the DagBag from /opt/airflow/dags/0-firstdag.py
[2024-05-20 16:57:35,646] {processor.py:651} INFO - DAG(s) dict_keys(['first_dag']) retrieved from /opt/airflow/dags/0-firstdag.py
[2024-05-20 16:57:35,662] {logging_mixin.py:115} INFO - [2024-05-20 16:57:35,662] {dag.py:2420} INFO - Sync 1 DAGs
[2024-05-20 16:57:35,676] {logging_mixin.py:115} INFO - [2024-05-20 16:57:35,676] {dag.py:2972} INFO - Setting next_dagrun for first_dag to None, run_after=None
[2024-05-20 16:57:35,685] {processor.py:161} INFO - Processing /opt/airflow/dags/0-firstdag.py took 0.044 seconds
[2024-05-20 16:58:05,972] {processor.py:153} INFO - Started process (PID=4251) to work on /opt/airflow/dags/0-firstdag.py
[2024-05-20 16:58:05,973] {processor.py:641} INFO - Processing file /opt/airflow/dags/0-firstdag.py for tasks to queue
[2024-05-20 16:58:05,973] {logging_mixin.py:115} INFO - [2024-05-20 16:58:05,973] {dagbag.py:508} INFO - Filling up the DagBag from /opt/airflow/dags/0-firstdag.py
[2024-05-20 16:58:05,975] {processor.py:651} INFO - DAG(s) dict_keys(['first_dag']) retrieved from /opt/airflow/dags/0-firstdag.py
[2024-05-20 16:58:05,991] {logging_mixin.py:115} INFO - [2024-05-20 16:58:05,991] {dag.py:2420} INFO - Sync 1 DAGs
[2024-05-20 16:58:06,007] {logging_mixin.py:115} INFO - [2024-05-20 16:58:06,007] {dag.py:2972} INFO - Setting next_dagrun for first_dag to None, run_after=None
[2024-05-20 16:58:06,016] {processor.py:161} INFO - Processing /opt/airflow/dags/0-firstdag.py took 0.046 seconds
[2024-05-20 16:58:36,282] {processor.py:153} INFO - Started process (PID=4286) to work on /opt/airflow/dags/0-firstdag.py
[2024-05-20 16:58:36,282] {processor.py:641} INFO - Processing file /opt/airflow/dags/0-firstdag.py for tasks to queue
[2024-05-20 16:58:36,283] {logging_mixin.py:115} INFO - [2024-05-20 16:58:36,283] {dagbag.py:508} INFO - Filling up the DagBag from /opt/airflow/dags/0-firstdag.py
[2024-05-20 16:58:36,285] {processor.py:651} INFO - DAG(s) dict_keys(['first_dag']) retrieved from /opt/airflow/dags/0-firstdag.py
[2024-05-20 16:58:36,301] {logging_mixin.py:115} INFO - [2024-05-20 16:58:36,301] {dag.py:2420} INFO - Sync 1 DAGs
[2024-05-20 16:58:36,314] {logging_mixin.py:115} INFO - [2024-05-20 16:58:36,314] {dag.py:2972} INFO - Setting next_dagrun for first_dag to None, run_after=None
[2024-05-20 16:58:36,324] {processor.py:161} INFO - Processing /opt/airflow/dags/0-firstdag.py took 0.044 seconds
[2024-05-20 16:59:06,651] {processor.py:153} INFO - Started process (PID=4321) to work on /opt/airflow/dags/0-firstdag.py
[2024-05-20 16:59:06,651] {processor.py:641} INFO - Processing file /opt/airflow/dags/0-firstdag.py for tasks to queue
[2024-05-20 16:59:06,652] {logging_mixin.py:115} INFO - [2024-05-20 16:59:06,651] {dagbag.py:508} INFO - Filling up the DagBag from /opt/airflow/dags/0-firstdag.py
[2024-05-20 16:59:06,654] {processor.py:651} INFO - DAG(s) dict_keys(['first_dag']) retrieved from /opt/airflow/dags/0-firstdag.py
[2024-05-20 16:59:06,670] {logging_mixin.py:115} INFO - [2024-05-20 16:59:06,670] {dag.py:2420} INFO - Sync 1 DAGs
[2024-05-20 16:59:06,684] {logging_mixin.py:115} INFO - [2024-05-20 16:59:06,684] {dag.py:2972} INFO - Setting next_dagrun for first_dag to None, run_after=None
[2024-05-20 16:59:06,693] {processor.py:161} INFO - Processing /opt/airflow/dags/0-firstdag.py took 0.045 seconds
[2024-05-20 16:59:36,996] {processor.py:153} INFO - Started process (PID=4356) to work on /opt/airflow/dags/0-firstdag.py
[2024-05-20 16:59:36,996] {processor.py:641} INFO - Processing file /opt/airflow/dags/0-firstdag.py for tasks to queue
[2024-05-20 16:59:36,996] {logging_mixin.py:115} INFO - [2024-05-20 16:59:36,996] {dagbag.py:508} INFO - Filling up the DagBag from /opt/airflow/dags/0-firstdag.py
[2024-05-20 16:59:36,999] {processor.py:651} INFO - DAG(s) dict_keys(['first_dag']) retrieved from /opt/airflow/dags/0-firstdag.py
[2024-05-20 16:59:37,016] {logging_mixin.py:115} INFO - [2024-05-20 16:59:37,016] {dag.py:2420} INFO - Sync 1 DAGs
[2024-05-20 16:59:37,029] {logging_mixin.py:115} INFO - [2024-05-20 16:59:37,029] {dag.py:2972} INFO - Setting next_dagrun for first_dag to None, run_after=None
[2024-05-20 16:59:37,037] {processor.py:161} INFO - Processing /opt/airflow/dags/0-firstdag.py took 0.043 seconds
[2024-05-20 17:00:07,356] {processor.py:153} INFO - Started process (PID=4382) to work on /opt/airflow/dags/0-firstdag.py
[2024-05-20 17:00:07,356] {processor.py:641} INFO - Processing file /opt/airflow/dags/0-firstdag.py for tasks to queue
[2024-05-20 17:00:07,357] {logging_mixin.py:115} INFO - [2024-05-20 17:00:07,357] {dagbag.py:508} INFO - Filling up the DagBag from /opt/airflow/dags/0-firstdag.py
[2024-05-20 17:00:07,362] {processor.py:651} INFO - DAG(s) dict_keys(['first_dag']) retrieved from /opt/airflow/dags/0-firstdag.py
[2024-05-20 17:00:07,381] {logging_mixin.py:115} INFO - [2024-05-20 17:00:07,381] {dag.py:2420} INFO - Sync 1 DAGs
[2024-05-20 17:00:07,396] {logging_mixin.py:115} INFO - [2024-05-20 17:00:07,396] {dag.py:2972} INFO - Setting next_dagrun for first_dag to None, run_after=None
[2024-05-20 17:00:07,406] {processor.py:161} INFO - Processing /opt/airflow/dags/0-firstdag.py took 0.053 seconds
[2024-05-20 17:00:37,668] {processor.py:153} INFO - Started process (PID=4417) to work on /opt/airflow/dags/0-firstdag.py
[2024-05-20 17:00:37,668] {processor.py:641} INFO - Processing file /opt/airflow/dags/0-firstdag.py for tasks to queue
[2024-05-20 17:00:37,668] {logging_mixin.py:115} INFO - [2024-05-20 17:00:37,668] {dagbag.py:508} INFO - Filling up the DagBag from /opt/airflow/dags/0-firstdag.py
[2024-05-20 17:00:37,670] {processor.py:651} INFO - DAG(s) dict_keys(['first_dag']) retrieved from /opt/airflow/dags/0-firstdag.py
[2024-05-20 17:00:37,687] {logging_mixin.py:115} INFO - [2024-05-20 17:00:37,687] {dag.py:2420} INFO - Sync 1 DAGs
[2024-05-20 17:00:37,700] {logging_mixin.py:115} INFO - [2024-05-20 17:00:37,700] {dag.py:2972} INFO - Setting next_dagrun for first_dag to None, run_after=None
[2024-05-20 17:00:37,707] {processor.py:161} INFO - Processing /opt/airflow/dags/0-firstdag.py took 0.042 seconds
[2024-05-20 17:01:07,999] {processor.py:153} INFO - Started process (PID=4452) to work on /opt/airflow/dags/0-firstdag.py
[2024-05-20 17:01:07,999] {processor.py:641} INFO - Processing file /opt/airflow/dags/0-firstdag.py for tasks to queue
[2024-05-20 17:01:08,000] {logging_mixin.py:115} INFO - [2024-05-20 17:01:08,000] {dagbag.py:508} INFO - Filling up the DagBag from /opt/airflow/dags/0-firstdag.py
[2024-05-20 17:01:08,003] {processor.py:651} INFO - DAG(s) dict_keys(['first_dag']) retrieved from /opt/airflow/dags/0-firstdag.py
[2024-05-20 17:01:08,022] {logging_mixin.py:115} INFO - [2024-05-20 17:01:08,022] {dag.py:2420} INFO - Sync 1 DAGs
[2024-05-20 17:01:08,038] {logging_mixin.py:115} INFO - [2024-05-20 17:01:08,038] {dag.py:2972} INFO - Setting next_dagrun for first_dag to None, run_after=None
[2024-05-20 17:01:08,046] {processor.py:161} INFO - Processing /opt/airflow/dags/0-firstdag.py took 0.049 seconds
[2024-05-20 17:01:38,312] {processor.py:153} INFO - Started process (PID=4487) to work on /opt/airflow/dags/0-firstdag.py
[2024-05-20 17:01:38,312] {processor.py:641} INFO - Processing file /opt/airflow/dags/0-firstdag.py for tasks to queue
[2024-05-20 17:01:38,313] {logging_mixin.py:115} INFO - [2024-05-20 17:01:38,313] {dagbag.py:508} INFO - Filling up the DagBag from /opt/airflow/dags/0-firstdag.py
[2024-05-20 17:01:38,315] {processor.py:651} INFO - DAG(s) dict_keys(['first_dag']) retrieved from /opt/airflow/dags/0-firstdag.py
[2024-05-20 17:01:38,333] {logging_mixin.py:115} INFO - [2024-05-20 17:01:38,333] {dag.py:2420} INFO - Sync 1 DAGs
[2024-05-20 17:01:38,349] {logging_mixin.py:115} INFO - [2024-05-20 17:01:38,349] {dag.py:2972} INFO - Setting next_dagrun for first_dag to None, run_after=None
[2024-05-20 17:01:38,359] {processor.py:161} INFO - Processing /opt/airflow/dags/0-firstdag.py took 0.049 seconds
[2024-05-20 17:02:08,627] {processor.py:153} INFO - Started process (PID=4522) to work on /opt/airflow/dags/0-firstdag.py
[2024-05-20 17:02:08,627] {processor.py:641} INFO - Processing file /opt/airflow/dags/0-firstdag.py for tasks to queue
[2024-05-20 17:02:08,628] {logging_mixin.py:115} INFO - [2024-05-20 17:02:08,628] {dagbag.py:508} INFO - Filling up the DagBag from /opt/airflow/dags/0-firstdag.py
[2024-05-20 17:02:08,630] {processor.py:651} INFO - DAG(s) dict_keys(['first_dag']) retrieved from /opt/airflow/dags/0-firstdag.py
[2024-05-20 17:02:08,647] {logging_mixin.py:115} INFO - [2024-05-20 17:02:08,647] {dag.py:2420} INFO - Sync 1 DAGs
[2024-05-20 17:02:08,660] {logging_mixin.py:115} INFO - [2024-05-20 17:02:08,660] {dag.py:2972} INFO - Setting next_dagrun for first_dag to None, run_after=None
[2024-05-20 17:02:08,669] {processor.py:161} INFO - Processing /opt/airflow/dags/0-firstdag.py took 0.044 seconds
[2024-05-20 17:02:38,918] {processor.py:153} INFO - Started process (PID=4548) to work on /opt/airflow/dags/0-firstdag.py
[2024-05-20 17:02:38,918] {processor.py:641} INFO - Processing file /opt/airflow/dags/0-firstdag.py for tasks to queue
[2024-05-20 17:02:38,919] {logging_mixin.py:115} INFO - [2024-05-20 17:02:38,919] {dagbag.py:508} INFO - Filling up the DagBag from /opt/airflow/dags/0-firstdag.py
[2024-05-20 17:02:38,921] {processor.py:651} INFO - DAG(s) dict_keys(['first_dag']) retrieved from /opt/airflow/dags/0-firstdag.py
[2024-05-20 17:02:38,939] {logging_mixin.py:115} INFO - [2024-05-20 17:02:38,939] {dag.py:2420} INFO - Sync 1 DAGs
[2024-05-20 17:02:38,952] {logging_mixin.py:115} INFO - [2024-05-20 17:02:38,952] {dag.py:2972} INFO - Setting next_dagrun for first_dag to None, run_after=None
[2024-05-20 17:02:38,960] {processor.py:161} INFO - Processing /opt/airflow/dags/0-firstdag.py took 0.044 seconds
[2024-05-20 17:03:09,268] {processor.py:153} INFO - Started process (PID=4584) to work on /opt/airflow/dags/0-firstdag.py
[2024-05-20 17:03:09,269] {processor.py:641} INFO - Processing file /opt/airflow/dags/0-firstdag.py for tasks to queue
[2024-05-20 17:03:09,270] {logging_mixin.py:115} INFO - [2024-05-20 17:03:09,270] {dagbag.py:508} INFO - Filling up the DagBag from /opt/airflow/dags/0-firstdag.py
[2024-05-20 17:03:09,272] {processor.py:651} INFO - DAG(s) dict_keys(['first_dag']) retrieved from /opt/airflow/dags/0-firstdag.py
[2024-05-20 17:03:09,288] {logging_mixin.py:115} INFO - [2024-05-20 17:03:09,288] {dag.py:2420} INFO - Sync 1 DAGs
[2024-05-20 17:03:09,303] {logging_mixin.py:115} INFO - [2024-05-20 17:03:09,303] {dag.py:2972} INFO - Setting next_dagrun for first_dag to None, run_after=None
[2024-05-20 17:03:09,310] {processor.py:161} INFO - Processing /opt/airflow/dags/0-firstdag.py took 0.044 seconds
[2024-05-20 17:03:39,612] {processor.py:153} INFO - Started process (PID=4618) to work on /opt/airflow/dags/0-firstdag.py
[2024-05-20 17:03:39,612] {processor.py:641} INFO - Processing file /opt/airflow/dags/0-firstdag.py for tasks to queue
[2024-05-20 17:03:39,612] {logging_mixin.py:115} INFO - [2024-05-20 17:03:39,612] {dagbag.py:508} INFO - Filling up the DagBag from /opt/airflow/dags/0-firstdag.py
[2024-05-20 17:03:39,615] {processor.py:651} INFO - DAG(s) dict_keys(['first_dag']) retrieved from /opt/airflow/dags/0-firstdag.py
[2024-05-20 17:03:39,630] {logging_mixin.py:115} INFO - [2024-05-20 17:03:39,630] {dag.py:2420} INFO - Sync 1 DAGs
[2024-05-20 17:03:39,643] {logging_mixin.py:115} INFO - [2024-05-20 17:03:39,643] {dag.py:2972} INFO - Setting next_dagrun for first_dag to None, run_after=None
[2024-05-20 17:03:39,650] {processor.py:161} INFO - Processing /opt/airflow/dags/0-firstdag.py took 0.040 seconds
[2024-05-20 17:04:09,956] {processor.py:153} INFO - Started process (PID=4652) to work on /opt/airflow/dags/0-firstdag.py
[2024-05-20 17:04:09,956] {processor.py:641} INFO - Processing file /opt/airflow/dags/0-firstdag.py for tasks to queue
[2024-05-20 17:04:09,956] {logging_mixin.py:115} INFO - [2024-05-20 17:04:09,956] {dagbag.py:508} INFO - Filling up the DagBag from /opt/airflow/dags/0-firstdag.py
[2024-05-20 17:04:09,958] {processor.py:651} INFO - DAG(s) dict_keys(['first_dag']) retrieved from /opt/airflow/dags/0-firstdag.py
[2024-05-20 17:04:09,974] {logging_mixin.py:115} INFO - [2024-05-20 17:04:09,974] {dag.py:2420} INFO - Sync 1 DAGs
[2024-05-20 17:04:09,989] {logging_mixin.py:115} INFO - [2024-05-20 17:04:09,989] {dag.py:2972} INFO - Setting next_dagrun for first_dag to None, run_after=None
[2024-05-20 17:04:09,998] {processor.py:161} INFO - Processing /opt/airflow/dags/0-firstdag.py took 0.045 seconds
[2024-05-20 17:04:40,298] {processor.py:153} INFO - Started process (PID=4687) to work on /opt/airflow/dags/0-firstdag.py
[2024-05-20 17:04:40,298] {processor.py:641} INFO - Processing file /opt/airflow/dags/0-firstdag.py for tasks to queue
[2024-05-20 17:04:40,299] {logging_mixin.py:115} INFO - [2024-05-20 17:04:40,298] {dagbag.py:508} INFO - Filling up the DagBag from /opt/airflow/dags/0-firstdag.py
[2024-05-20 17:04:40,301] {processor.py:651} INFO - DAG(s) dict_keys(['first_dag']) retrieved from /opt/airflow/dags/0-firstdag.py
[2024-05-20 17:04:40,317] {logging_mixin.py:115} INFO - [2024-05-20 17:04:40,317] {dag.py:2420} INFO - Sync 1 DAGs
[2024-05-20 17:04:40,330] {logging_mixin.py:115} INFO - [2024-05-20 17:04:40,330] {dag.py:2972} INFO - Setting next_dagrun for first_dag to None, run_after=None
[2024-05-20 17:04:40,337] {processor.py:161} INFO - Processing /opt/airflow/dags/0-firstdag.py took 0.041 seconds
[2024-05-20 17:05:10,661] {processor.py:153} INFO - Started process (PID=4722) to work on /opt/airflow/dags/0-firstdag.py
[2024-05-20 17:05:10,661] {processor.py:641} INFO - Processing file /opt/airflow/dags/0-firstdag.py for tasks to queue
[2024-05-20 17:05:10,661] {logging_mixin.py:115} INFO - [2024-05-20 17:05:10,661] {dagbag.py:508} INFO - Filling up the DagBag from /opt/airflow/dags/0-firstdag.py
[2024-05-20 17:05:10,664] {processor.py:651} INFO - DAG(s) dict_keys(['first_dag']) retrieved from /opt/airflow/dags/0-firstdag.py
[2024-05-20 17:05:10,682] {logging_mixin.py:115} INFO - [2024-05-20 17:05:10,681] {dag.py:2420} INFO - Sync 1 DAGs
[2024-05-20 17:05:10,695] {logging_mixin.py:115} INFO - [2024-05-20 17:05:10,695] {dag.py:2972} INFO - Setting next_dagrun for first_dag to None, run_after=None
[2024-05-20 17:05:10,705] {processor.py:161} INFO - Processing /opt/airflow/dags/0-firstdag.py took 0.048 seconds
[2024-05-20 17:05:41,009] {processor.py:153} INFO - Started process (PID=4748) to work on /opt/airflow/dags/0-firstdag.py
[2024-05-20 17:05:41,010] {processor.py:641} INFO - Processing file /opt/airflow/dags/0-firstdag.py for tasks to queue
[2024-05-20 17:05:41,010] {logging_mixin.py:115} INFO - [2024-05-20 17:05:41,010] {dagbag.py:508} INFO - Filling up the DagBag from /opt/airflow/dags/0-firstdag.py
[2024-05-20 17:05:41,013] {processor.py:651} INFO - DAG(s) dict_keys(['first_dag']) retrieved from /opt/airflow/dags/0-firstdag.py
[2024-05-20 17:05:41,030] {logging_mixin.py:115} INFO - [2024-05-20 17:05:41,030] {dag.py:2420} INFO - Sync 1 DAGs
[2024-05-20 17:05:41,047] {logging_mixin.py:115} INFO - [2024-05-20 17:05:41,047] {dag.py:2972} INFO - Setting next_dagrun for first_dag to None, run_after=None
[2024-05-20 17:05:41,055] {processor.py:161} INFO - Processing /opt/airflow/dags/0-firstdag.py took 0.048 seconds
[2024-05-20 17:06:11,299] {processor.py:153} INFO - Started process (PID=4783) to work on /opt/airflow/dags/0-firstdag.py
[2024-05-20 17:06:11,299] {processor.py:641} INFO - Processing file /opt/airflow/dags/0-firstdag.py for tasks to queue
[2024-05-20 17:06:11,300] {logging_mixin.py:115} INFO - [2024-05-20 17:06:11,299] {dagbag.py:508} INFO - Filling up the DagBag from /opt/airflow/dags/0-firstdag.py
[2024-05-20 17:06:11,303] {processor.py:651} INFO - DAG(s) dict_keys(['first_dag']) retrieved from /opt/airflow/dags/0-firstdag.py
[2024-05-20 17:06:11,320] {logging_mixin.py:115} INFO - [2024-05-20 17:06:11,320] {dag.py:2420} INFO - Sync 1 DAGs
[2024-05-20 17:06:11,333] {logging_mixin.py:115} INFO - [2024-05-20 17:06:11,333] {dag.py:2972} INFO - Setting next_dagrun for first_dag to None, run_after=None
[2024-05-20 17:06:11,342] {processor.py:161} INFO - Processing /opt/airflow/dags/0-firstdag.py took 0.046 seconds
[2024-05-20 17:06:41,599] {processor.py:153} INFO - Started process (PID=4818) to work on /opt/airflow/dags/0-firstdag.py
[2024-05-20 17:06:41,599] {processor.py:641} INFO - Processing file /opt/airflow/dags/0-firstdag.py for tasks to queue
[2024-05-20 17:06:41,600] {logging_mixin.py:115} INFO - [2024-05-20 17:06:41,600] {dagbag.py:508} INFO - Filling up the DagBag from /opt/airflow/dags/0-firstdag.py
[2024-05-20 17:06:41,602] {processor.py:651} INFO - DAG(s) dict_keys(['first_dag']) retrieved from /opt/airflow/dags/0-firstdag.py
[2024-05-20 17:06:41,620] {logging_mixin.py:115} INFO - [2024-05-20 17:06:41,620] {dag.py:2420} INFO - Sync 1 DAGs
[2024-05-20 17:06:41,636] {logging_mixin.py:115} INFO - [2024-05-20 17:06:41,635] {dag.py:2972} INFO - Setting next_dagrun for first_dag to None, run_after=None
[2024-05-20 17:06:41,643] {processor.py:161} INFO - Processing /opt/airflow/dags/0-firstdag.py took 0.047 seconds
[2024-05-20 17:07:11,892] {processor.py:153} INFO - Started process (PID=4853) to work on /opt/airflow/dags/0-firstdag.py
[2024-05-20 17:07:11,892] {processor.py:641} INFO - Processing file /opt/airflow/dags/0-firstdag.py for tasks to queue
[2024-05-20 17:07:11,893] {logging_mixin.py:115} INFO - [2024-05-20 17:07:11,892] {dagbag.py:508} INFO - Filling up the DagBag from /opt/airflow/dags/0-firstdag.py
[2024-05-20 17:07:11,895] {processor.py:651} INFO - DAG(s) dict_keys(['first_dag']) retrieved from /opt/airflow/dags/0-firstdag.py
[2024-05-20 17:07:11,910] {logging_mixin.py:115} INFO - [2024-05-20 17:07:11,910] {dag.py:2420} INFO - Sync 1 DAGs
[2024-05-20 17:07:11,925] {logging_mixin.py:115} INFO - [2024-05-20 17:07:11,925] {dag.py:2972} INFO - Setting next_dagrun for first_dag to None, run_after=None
[2024-05-20 17:07:11,932] {processor.py:161} INFO - Processing /opt/airflow/dags/0-firstdag.py took 0.043 seconds
[2024-05-20 17:07:42,265] {processor.py:153} INFO - Started process (PID=4888) to work on /opt/airflow/dags/0-firstdag.py
[2024-05-20 17:07:42,265] {processor.py:641} INFO - Processing file /opt/airflow/dags/0-firstdag.py for tasks to queue
[2024-05-20 17:07:42,268] {logging_mixin.py:115} INFO - [2024-05-20 17:07:42,268] {dagbag.py:508} INFO - Filling up the DagBag from /opt/airflow/dags/0-firstdag.py
[2024-05-20 17:07:42,270] {processor.py:651} INFO - DAG(s) dict_keys(['first_dag']) retrieved from /opt/airflow/dags/0-firstdag.py
[2024-05-20 17:07:42,287] {logging_mixin.py:115} INFO - [2024-05-20 17:07:42,287] {dag.py:2420} INFO - Sync 1 DAGs
[2024-05-20 17:07:42,301] {logging_mixin.py:115} INFO - [2024-05-20 17:07:42,301] {dag.py:2972} INFO - Setting next_dagrun for first_dag to None, run_after=None
[2024-05-20 17:07:42,309] {processor.py:161} INFO - Processing /opt/airflow/dags/0-firstdag.py took 0.047 seconds
[2024-05-20 17:08:12,614] {processor.py:153} INFO - Started process (PID=4914) to work on /opt/airflow/dags/0-firstdag.py
[2024-05-20 17:08:12,614] {processor.py:641} INFO - Processing file /opt/airflow/dags/0-firstdag.py for tasks to queue
[2024-05-20 17:08:12,615] {logging_mixin.py:115} INFO - [2024-05-20 17:08:12,615] {dagbag.py:508} INFO - Filling up the DagBag from /opt/airflow/dags/0-firstdag.py
[2024-05-20 17:08:12,616] {processor.py:651} INFO - DAG(s) dict_keys(['first_dag']) retrieved from /opt/airflow/dags/0-firstdag.py
[2024-05-20 17:08:12,636] {logging_mixin.py:115} INFO - [2024-05-20 17:08:12,636] {dag.py:2420} INFO - Sync 1 DAGs
[2024-05-20 17:08:12,648] {logging_mixin.py:115} INFO - [2024-05-20 17:08:12,648] {dag.py:2972} INFO - Setting next_dagrun for first_dag to None, run_after=None
[2024-05-20 17:08:12,656] {processor.py:161} INFO - Processing /opt/airflow/dags/0-firstdag.py took 0.044 seconds
[2024-05-20 17:08:42,920] {processor.py:153} INFO - Started process (PID=4949) to work on /opt/airflow/dags/0-firstdag.py
[2024-05-20 17:08:42,921] {processor.py:641} INFO - Processing file /opt/airflow/dags/0-firstdag.py for tasks to queue
[2024-05-20 17:08:42,921] {logging_mixin.py:115} INFO - [2024-05-20 17:08:42,921] {dagbag.py:508} INFO - Filling up the DagBag from /opt/airflow/dags/0-firstdag.py
[2024-05-20 17:08:42,923] {processor.py:651} INFO - DAG(s) dict_keys(['first_dag']) retrieved from /opt/airflow/dags/0-firstdag.py
[2024-05-20 17:08:42,942] {logging_mixin.py:115} INFO - [2024-05-20 17:08:42,942] {dag.py:2420} INFO - Sync 1 DAGs
[2024-05-20 17:08:42,960] {logging_mixin.py:115} INFO - [2024-05-20 17:08:42,959] {dag.py:2972} INFO - Setting next_dagrun for first_dag to None, run_after=None
[2024-05-20 17:08:42,967] {processor.py:161} INFO - Processing /opt/airflow/dags/0-firstdag.py took 0.049 seconds
[2024-05-20 17:09:13,273] {processor.py:153} INFO - Started process (PID=4983) to work on /opt/airflow/dags/0-firstdag.py
[2024-05-20 17:09:13,273] {processor.py:641} INFO - Processing file /opt/airflow/dags/0-firstdag.py for tasks to queue
[2024-05-20 17:09:13,274] {logging_mixin.py:115} INFO - [2024-05-20 17:09:13,273] {dagbag.py:508} INFO - Filling up the DagBag from /opt/airflow/dags/0-firstdag.py
[2024-05-20 17:09:13,276] {processor.py:651} INFO - DAG(s) dict_keys(['first_dag']) retrieved from /opt/airflow/dags/0-firstdag.py
[2024-05-20 17:09:13,292] {logging_mixin.py:115} INFO - [2024-05-20 17:09:13,292] {dag.py:2420} INFO - Sync 1 DAGs
[2024-05-20 17:09:13,305] {logging_mixin.py:115} INFO - [2024-05-20 17:09:13,305] {dag.py:2972} INFO - Setting next_dagrun for first_dag to None, run_after=None
[2024-05-20 17:09:13,313] {processor.py:161} INFO - Processing /opt/airflow/dags/0-firstdag.py took 0.042 seconds
[2024-05-20 17:09:43,554] {processor.py:153} INFO - Started process (PID=5018) to work on /opt/airflow/dags/0-firstdag.py
[2024-05-20 17:09:43,554] {processor.py:641} INFO - Processing file /opt/airflow/dags/0-firstdag.py for tasks to queue
[2024-05-20 17:09:43,555] {logging_mixin.py:115} INFO - [2024-05-20 17:09:43,554] {dagbag.py:508} INFO - Filling up the DagBag from /opt/airflow/dags/0-firstdag.py
[2024-05-20 17:09:43,557] {processor.py:651} INFO - DAG(s) dict_keys(['first_dag']) retrieved from /opt/airflow/dags/0-firstdag.py
[2024-05-20 17:09:43,573] {logging_mixin.py:115} INFO - [2024-05-20 17:09:43,573] {dag.py:2420} INFO - Sync 1 DAGs
[2024-05-20 17:09:43,587] {logging_mixin.py:115} INFO - [2024-05-20 17:09:43,587] {dag.py:2972} INFO - Setting next_dagrun for first_dag to None, run_after=None
[2024-05-20 17:09:43,594] {processor.py:161} INFO - Processing /opt/airflow/dags/0-firstdag.py took 0.043 seconds
[2024-05-20 17:10:13,912] {processor.py:153} INFO - Started process (PID=5052) to work on /opt/airflow/dags/0-firstdag.py
[2024-05-20 17:10:13,913] {processor.py:641} INFO - Processing file /opt/airflow/dags/0-firstdag.py for tasks to queue
[2024-05-20 17:10:13,913] {logging_mixin.py:115} INFO - [2024-05-20 17:10:13,913] {dagbag.py:508} INFO - Filling up the DagBag from /opt/airflow/dags/0-firstdag.py
[2024-05-20 17:10:13,916] {processor.py:651} INFO - DAG(s) dict_keys(['first_dag']) retrieved from /opt/airflow/dags/0-firstdag.py
[2024-05-20 17:10:13,933] {logging_mixin.py:115} INFO - [2024-05-20 17:10:13,933] {dag.py:2420} INFO - Sync 1 DAGs
[2024-05-20 17:10:13,947] {logging_mixin.py:115} INFO - [2024-05-20 17:10:13,947] {dag.py:2972} INFO - Setting next_dagrun for first_dag to None, run_after=None
[2024-05-20 17:10:13,957] {processor.py:161} INFO - Processing /opt/airflow/dags/0-firstdag.py took 0.047 seconds
[2024-05-20 17:10:44,281] {processor.py:153} INFO - Started process (PID=5078) to work on /opt/airflow/dags/0-firstdag.py
[2024-05-20 17:10:44,282] {processor.py:641} INFO - Processing file /opt/airflow/dags/0-firstdag.py for tasks to queue
[2024-05-20 17:10:44,283] {logging_mixin.py:115} INFO - [2024-05-20 17:10:44,283] {dagbag.py:508} INFO - Filling up the DagBag from /opt/airflow/dags/0-firstdag.py
[2024-05-20 17:10:44,285] {processor.py:651} INFO - DAG(s) dict_keys(['first_dag']) retrieved from /opt/airflow/dags/0-firstdag.py
[2024-05-20 17:10:44,301] {logging_mixin.py:115} INFO - [2024-05-20 17:10:44,301] {dag.py:2420} INFO - Sync 1 DAGs
[2024-05-20 17:10:44,315] {logging_mixin.py:115} INFO - [2024-05-20 17:10:44,315] {dag.py:2972} INFO - Setting next_dagrun for first_dag to None, run_after=None
[2024-05-20 17:10:44,323] {processor.py:161} INFO - Processing /opt/airflow/dags/0-firstdag.py took 0.044 seconds
[2024-05-20 17:11:14,581] {processor.py:153} INFO - Started process (PID=5113) to work on /opt/airflow/dags/0-firstdag.py
[2024-05-20 17:11:14,582] {processor.py:641} INFO - Processing file /opt/airflow/dags/0-firstdag.py for tasks to queue
[2024-05-20 17:11:14,582] {logging_mixin.py:115} INFO - [2024-05-20 17:11:14,582] {dagbag.py:508} INFO - Filling up the DagBag from /opt/airflow/dags/0-firstdag.py
[2024-05-20 17:11:14,585] {processor.py:651} INFO - DAG(s) dict_keys(['first_dag']) retrieved from /opt/airflow/dags/0-firstdag.py
[2024-05-20 17:11:14,603] {logging_mixin.py:115} INFO - [2024-05-20 17:11:14,603] {dag.py:2420} INFO - Sync 1 DAGs
[2024-05-20 17:11:14,618] {logging_mixin.py:115} INFO - [2024-05-20 17:11:14,617] {dag.py:2972} INFO - Setting next_dagrun for first_dag to None, run_after=None
[2024-05-20 17:11:14,626] {processor.py:161} INFO - Processing /opt/airflow/dags/0-firstdag.py took 0.047 seconds
[2024-05-20 17:11:44,895] {processor.py:153} INFO - Started process (PID=5148) to work on /opt/airflow/dags/0-firstdag.py
[2024-05-20 17:11:44,896] {processor.py:641} INFO - Processing file /opt/airflow/dags/0-firstdag.py for tasks to queue
[2024-05-20 17:11:44,896] {logging_mixin.py:115} INFO - [2024-05-20 17:11:44,896] {dagbag.py:508} INFO - Filling up the DagBag from /opt/airflow/dags/0-firstdag.py
[2024-05-20 17:11:44,904] {processor.py:651} INFO - DAG(s) dict_keys(['first_dag']) retrieved from /opt/airflow/dags/0-firstdag.py
[2024-05-20 17:11:44,920] {logging_mixin.py:115} INFO - [2024-05-20 17:11:44,920] {dag.py:2420} INFO - Sync 1 DAGs
[2024-05-20 17:11:44,934] {logging_mixin.py:115} INFO - [2024-05-20 17:11:44,934] {dag.py:2972} INFO - Setting next_dagrun for first_dag to None, run_after=None
[2024-05-20 17:11:44,941] {processor.py:161} INFO - Processing /opt/airflow/dags/0-firstdag.py took 0.050 seconds
[2024-05-20 17:12:15,244] {processor.py:153} INFO - Started process (PID=5184) to work on /opt/airflow/dags/0-firstdag.py
[2024-05-20 17:12:15,244] {processor.py:641} INFO - Processing file /opt/airflow/dags/0-firstdag.py for tasks to queue
[2024-05-20 17:12:15,244] {logging_mixin.py:115} INFO - [2024-05-20 17:12:15,244] {dagbag.py:508} INFO - Filling up the DagBag from /opt/airflow/dags/0-firstdag.py
[2024-05-20 17:12:15,247] {processor.py:651} INFO - DAG(s) dict_keys(['first_dag']) retrieved from /opt/airflow/dags/0-firstdag.py
[2024-05-20 17:12:15,262] {logging_mixin.py:115} INFO - [2024-05-20 17:12:15,262] {dag.py:2420} INFO - Sync 1 DAGs
[2024-05-20 17:12:15,276] {logging_mixin.py:115} INFO - [2024-05-20 17:12:15,276] {dag.py:2972} INFO - Setting next_dagrun for first_dag to None, run_after=None
[2024-05-20 17:12:15,283] {processor.py:161} INFO - Processing /opt/airflow/dags/0-firstdag.py took 0.042 seconds
[2024-05-20 17:12:45,593] {processor.py:153} INFO - Started process (PID=5219) to work on /opt/airflow/dags/0-firstdag.py
[2024-05-20 17:12:45,594] {processor.py:641} INFO - Processing file /opt/airflow/dags/0-firstdag.py for tasks to queue
[2024-05-20 17:12:45,594] {logging_mixin.py:115} INFO - [2024-05-20 17:12:45,594] {dagbag.py:508} INFO - Filling up the DagBag from /opt/airflow/dags/0-firstdag.py
[2024-05-20 17:12:45,596] {processor.py:651} INFO - DAG(s) dict_keys(['first_dag']) retrieved from /opt/airflow/dags/0-firstdag.py
[2024-05-20 17:12:45,614] {logging_mixin.py:115} INFO - [2024-05-20 17:12:45,614] {dag.py:2420} INFO - Sync 1 DAGs
[2024-05-20 17:12:45,628] {logging_mixin.py:115} INFO - [2024-05-20 17:12:45,628] {dag.py:2972} INFO - Setting next_dagrun for first_dag to None, run_after=None
[2024-05-20 17:12:45,635] {processor.py:161} INFO - Processing /opt/airflow/dags/0-firstdag.py took 0.044 seconds
[2024-05-20 17:13:15,898] {processor.py:153} INFO - Started process (PID=5245) to work on /opt/airflow/dags/0-firstdag.py
[2024-05-20 17:13:15,898] {processor.py:641} INFO - Processing file /opt/airflow/dags/0-firstdag.py for tasks to queue
[2024-05-20 17:13:15,898] {logging_mixin.py:115} INFO - [2024-05-20 17:13:15,898] {dagbag.py:508} INFO - Filling up the DagBag from /opt/airflow/dags/0-firstdag.py
[2024-05-20 17:13:15,901] {processor.py:651} INFO - DAG(s) dict_keys(['first_dag']) retrieved from /opt/airflow/dags/0-firstdag.py
[2024-05-20 17:13:15,917] {logging_mixin.py:115} INFO - [2024-05-20 17:13:15,917] {dag.py:2420} INFO - Sync 1 DAGs
[2024-05-20 17:13:15,930] {logging_mixin.py:115} INFO - [2024-05-20 17:13:15,930] {dag.py:2972} INFO - Setting next_dagrun for first_dag to None, run_after=None
[2024-05-20 17:13:15,940] {processor.py:161} INFO - Processing /opt/airflow/dags/0-firstdag.py took 0.044 seconds
[2024-05-20 17:13:46,208] {processor.py:153} INFO - Started process (PID=5280) to work on /opt/airflow/dags/0-firstdag.py
[2024-05-20 17:13:46,209] {processor.py:641} INFO - Processing file /opt/airflow/dags/0-firstdag.py for tasks to queue
[2024-05-20 17:13:46,209] {logging_mixin.py:115} INFO - [2024-05-20 17:13:46,209] {dagbag.py:508} INFO - Filling up the DagBag from /opt/airflow/dags/0-firstdag.py
[2024-05-20 17:13:46,211] {processor.py:651} INFO - DAG(s) dict_keys(['first_dag']) retrieved from /opt/airflow/dags/0-firstdag.py
[2024-05-20 17:13:46,228] {logging_mixin.py:115} INFO - [2024-05-20 17:13:46,228] {dag.py:2420} INFO - Sync 1 DAGs
[2024-05-20 17:13:46,242] {logging_mixin.py:115} INFO - [2024-05-20 17:13:46,242] {dag.py:2972} INFO - Setting next_dagrun for first_dag to None, run_after=None
[2024-05-20 17:13:46,251] {processor.py:161} INFO - Processing /opt/airflow/dags/0-firstdag.py took 0.045 seconds
[2024-05-20 17:14:16,518] {processor.py:153} INFO - Started process (PID=5315) to work on /opt/airflow/dags/0-firstdag.py
[2024-05-20 17:14:16,519] {processor.py:641} INFO - Processing file /opt/airflow/dags/0-firstdag.py for tasks to queue
[2024-05-20 17:14:16,519] {logging_mixin.py:115} INFO - [2024-05-20 17:14:16,519] {dagbag.py:508} INFO - Filling up the DagBag from /opt/airflow/dags/0-firstdag.py
[2024-05-20 17:14:16,521] {processor.py:651} INFO - DAG(s) dict_keys(['first_dag']) retrieved from /opt/airflow/dags/0-firstdag.py
[2024-05-20 17:14:16,539] {logging_mixin.py:115} INFO - [2024-05-20 17:14:16,539] {dag.py:2420} INFO - Sync 1 DAGs
[2024-05-20 17:14:16,554] {logging_mixin.py:115} INFO - [2024-05-20 17:14:16,553] {dag.py:2972} INFO - Setting next_dagrun for first_dag to None, run_after=None
[2024-05-20 17:14:16,561] {processor.py:161} INFO - Processing /opt/airflow/dags/0-firstdag.py took 0.045 seconds
[2024-05-20 17:14:46,841] {processor.py:153} INFO - Started process (PID=5350) to work on /opt/airflow/dags/0-firstdag.py
[2024-05-20 17:14:46,841] {processor.py:641} INFO - Processing file /opt/airflow/dags/0-firstdag.py for tasks to queue
[2024-05-20 17:14:46,842] {logging_mixin.py:115} INFO - [2024-05-20 17:14:46,842] {dagbag.py:508} INFO - Filling up the DagBag from /opt/airflow/dags/0-firstdag.py
[2024-05-20 17:14:46,845] {processor.py:651} INFO - DAG(s) dict_keys(['first_dag']) retrieved from /opt/airflow/dags/0-firstdag.py
[2024-05-20 17:14:46,861] {logging_mixin.py:115} INFO - [2024-05-20 17:14:46,861] {dag.py:2420} INFO - Sync 1 DAGs
[2024-05-20 17:14:46,875] {logging_mixin.py:115} INFO - [2024-05-20 17:14:46,875] {dag.py:2972} INFO - Setting next_dagrun for first_dag to None, run_after=None
[2024-05-20 17:14:46,883] {processor.py:161} INFO - Processing /opt/airflow/dags/0-firstdag.py took 0.045 seconds
[2024-05-20 17:15:17,197] {processor.py:153} INFO - Started process (PID=5385) to work on /opt/airflow/dags/0-firstdag.py
[2024-05-20 17:15:17,197] {processor.py:641} INFO - Processing file /opt/airflow/dags/0-firstdag.py for tasks to queue
[2024-05-20 17:15:17,198] {logging_mixin.py:115} INFO - [2024-05-20 17:15:17,198] {dagbag.py:508} INFO - Filling up the DagBag from /opt/airflow/dags/0-firstdag.py
[2024-05-20 17:15:17,200] {processor.py:651} INFO - DAG(s) dict_keys(['first_dag']) retrieved from /opt/airflow/dags/0-firstdag.py
[2024-05-20 17:15:17,215] {logging_mixin.py:115} INFO - [2024-05-20 17:15:17,215] {dag.py:2420} INFO - Sync 1 DAGs
[2024-05-20 17:15:17,228] {logging_mixin.py:115} INFO - [2024-05-20 17:15:17,228] {dag.py:2972} INFO - Setting next_dagrun for first_dag to None, run_after=None
[2024-05-20 17:15:17,237] {processor.py:161} INFO - Processing /opt/airflow/dags/0-firstdag.py took 0.043 seconds
[2024-05-20 17:15:47,536] {processor.py:153} INFO - Started process (PID=5411) to work on /opt/airflow/dags/0-firstdag.py
[2024-05-20 17:15:47,537] {processor.py:641} INFO - Processing file /opt/airflow/dags/0-firstdag.py for tasks to queue
[2024-05-20 17:15:47,537] {logging_mixin.py:115} INFO - [2024-05-20 17:15:47,537] {dagbag.py:508} INFO - Filling up the DagBag from /opt/airflow/dags/0-firstdag.py
[2024-05-20 17:15:47,539] {processor.py:651} INFO - DAG(s) dict_keys(['first_dag']) retrieved from /opt/airflow/dags/0-firstdag.py
[2024-05-20 17:15:47,555] {logging_mixin.py:115} INFO - [2024-05-20 17:15:47,555] {dag.py:2420} INFO - Sync 1 DAGs
[2024-05-20 17:15:47,568] {logging_mixin.py:115} INFO - [2024-05-20 17:15:47,568] {dag.py:2972} INFO - Setting next_dagrun for first_dag to None, run_after=None
[2024-05-20 17:15:47,576] {processor.py:161} INFO - Processing /opt/airflow/dags/0-firstdag.py took 0.042 seconds
[2024-05-20 17:16:17,909] {processor.py:153} INFO - Started process (PID=5446) to work on /opt/airflow/dags/0-firstdag.py
[2024-05-20 17:16:17,910] {processor.py:641} INFO - Processing file /opt/airflow/dags/0-firstdag.py for tasks to queue
[2024-05-20 17:16:17,910] {logging_mixin.py:115} INFO - [2024-05-20 17:16:17,910] {dagbag.py:508} INFO - Filling up the DagBag from /opt/airflow/dags/0-firstdag.py
[2024-05-20 17:16:17,915] {processor.py:651} INFO - DAG(s) dict_keys(['first_dag']) retrieved from /opt/airflow/dags/0-firstdag.py
[2024-05-20 17:16:17,941] {logging_mixin.py:115} INFO - [2024-05-20 17:16:17,941] {dag.py:2420} INFO - Sync 1 DAGs
[2024-05-20 17:16:17,966] {logging_mixin.py:115} INFO - [2024-05-20 17:16:17,966] {dag.py:2972} INFO - Setting next_dagrun for first_dag to None, run_after=None
[2024-05-20 17:16:17,979] {processor.py:161} INFO - Processing /opt/airflow/dags/0-firstdag.py took 0.073 seconds
[2024-05-20 17:16:48,317] {processor.py:153} INFO - Started process (PID=5481) to work on /opt/airflow/dags/0-firstdag.py
[2024-05-20 17:16:48,318] {processor.py:641} INFO - Processing file /opt/airflow/dags/0-firstdag.py for tasks to queue
[2024-05-20 17:16:48,318] {logging_mixin.py:115} INFO - [2024-05-20 17:16:48,318] {dagbag.py:508} INFO - Filling up the DagBag from /opt/airflow/dags/0-firstdag.py
[2024-05-20 17:16:48,320] {processor.py:651} INFO - DAG(s) dict_keys(['first_dag']) retrieved from /opt/airflow/dags/0-firstdag.py
[2024-05-20 17:16:48,337] {logging_mixin.py:115} INFO - [2024-05-20 17:16:48,337] {dag.py:2420} INFO - Sync 1 DAGs
[2024-05-20 17:16:48,351] {logging_mixin.py:115} INFO - [2024-05-20 17:16:48,350] {dag.py:2972} INFO - Setting next_dagrun for first_dag to None, run_after=None
[2024-05-20 17:16:48,360] {processor.py:161} INFO - Processing /opt/airflow/dags/0-firstdag.py took 0.045 seconds
[2024-05-20 17:17:18,696] {processor.py:153} INFO - Started process (PID=5515) to work on /opt/airflow/dags/0-firstdag.py
[2024-05-20 17:17:18,697] {processor.py:641} INFO - Processing file /opt/airflow/dags/0-firstdag.py for tasks to queue
[2024-05-20 17:17:18,698] {logging_mixin.py:115} INFO - [2024-05-20 17:17:18,698] {dagbag.py:508} INFO - Filling up the DagBag from /opt/airflow/dags/0-firstdag.py
[2024-05-20 17:17:18,702] {processor.py:651} INFO - DAG(s) dict_keys(['first_dag']) retrieved from /opt/airflow/dags/0-firstdag.py
[2024-05-20 17:17:18,722] {logging_mixin.py:115} INFO - [2024-05-20 17:17:18,722] {dag.py:2420} INFO - Sync 1 DAGs
[2024-05-20 17:17:18,739] {logging_mixin.py:115} INFO - [2024-05-20 17:17:18,739] {dag.py:2972} INFO - Setting next_dagrun for first_dag to None, run_after=None
[2024-05-20 17:17:18,746] {processor.py:161} INFO - Processing /opt/airflow/dags/0-firstdag.py took 0.052 seconds
[2024-05-20 17:17:49,012] {processor.py:153} INFO - Started process (PID=5550) to work on /opt/airflow/dags/0-firstdag.py
[2024-05-20 17:17:49,012] {processor.py:641} INFO - Processing file /opt/airflow/dags/0-firstdag.py for tasks to queue
[2024-05-20 17:17:49,012] {logging_mixin.py:115} INFO - [2024-05-20 17:17:49,012] {dagbag.py:508} INFO - Filling up the DagBag from /opt/airflow/dags/0-firstdag.py
[2024-05-20 17:17:49,015] {processor.py:651} INFO - DAG(s) dict_keys(['first_dag']) retrieved from /opt/airflow/dags/0-firstdag.py
[2024-05-20 17:17:49,033] {logging_mixin.py:115} INFO - [2024-05-20 17:17:49,032] {dag.py:2420} INFO - Sync 1 DAGs
[2024-05-20 17:17:49,047] {logging_mixin.py:115} INFO - [2024-05-20 17:17:49,047] {dag.py:2972} INFO - Setting next_dagrun for first_dag to None, run_after=None
[2024-05-20 17:17:49,056] {processor.py:161} INFO - Processing /opt/airflow/dags/0-firstdag.py took 0.047 seconds
[2024-05-20 17:18:19,385] {processor.py:153} INFO - Started process (PID=5576) to work on /opt/airflow/dags/0-firstdag.py
[2024-05-20 17:18:19,385] {processor.py:641} INFO - Processing file /opt/airflow/dags/0-firstdag.py for tasks to queue
[2024-05-20 17:18:19,386] {logging_mixin.py:115} INFO - [2024-05-20 17:18:19,386] {dagbag.py:508} INFO - Filling up the DagBag from /opt/airflow/dags/0-firstdag.py
[2024-05-20 17:18:19,388] {processor.py:651} INFO - DAG(s) dict_keys(['first_dag']) retrieved from /opt/airflow/dags/0-firstdag.py
[2024-05-20 17:18:19,405] {logging_mixin.py:115} INFO - [2024-05-20 17:18:19,405] {dag.py:2420} INFO - Sync 1 DAGs
[2024-05-20 17:18:19,418] {logging_mixin.py:115} INFO - [2024-05-20 17:18:19,418] {dag.py:2972} INFO - Setting next_dagrun for first_dag to None, run_after=None
[2024-05-20 17:18:19,426] {processor.py:161} INFO - Processing /opt/airflow/dags/0-firstdag.py took 0.044 seconds
[2024-05-20 17:18:49,708] {processor.py:153} INFO - Started process (PID=5611) to work on /opt/airflow/dags/0-firstdag.py
[2024-05-20 17:18:49,708] {processor.py:641} INFO - Processing file /opt/airflow/dags/0-firstdag.py for tasks to queue
[2024-05-20 17:18:49,708] {logging_mixin.py:115} INFO - [2024-05-20 17:18:49,708] {dagbag.py:508} INFO - Filling up the DagBag from /opt/airflow/dags/0-firstdag.py
[2024-05-20 17:18:49,711] {processor.py:651} INFO - DAG(s) dict_keys(['first_dag']) retrieved from /opt/airflow/dags/0-firstdag.py
[2024-05-20 17:18:49,729] {logging_mixin.py:115} INFO - [2024-05-20 17:18:49,729] {dag.py:2420} INFO - Sync 1 DAGs
[2024-05-20 17:18:49,744] {logging_mixin.py:115} INFO - [2024-05-20 17:18:49,744] {dag.py:2972} INFO - Setting next_dagrun for first_dag to None, run_after=None
[2024-05-20 17:18:49,754] {processor.py:161} INFO - Processing /opt/airflow/dags/0-firstdag.py took 0.049 seconds
[2024-05-20 17:19:20,092] {processor.py:153} INFO - Started process (PID=5645) to work on /opt/airflow/dags/0-firstdag.py
[2024-05-20 17:19:20,092] {processor.py:641} INFO - Processing file /opt/airflow/dags/0-firstdag.py for tasks to queue
[2024-05-20 17:19:20,093] {logging_mixin.py:115} INFO - [2024-05-20 17:19:20,093] {dagbag.py:508} INFO - Filling up the DagBag from /opt/airflow/dags/0-firstdag.py
[2024-05-20 17:19:20,096] {processor.py:651} INFO - DAG(s) dict_keys(['first_dag']) retrieved from /opt/airflow/dags/0-firstdag.py
[2024-05-20 17:19:20,117] {logging_mixin.py:115} INFO - [2024-05-20 17:19:20,117] {dag.py:2420} INFO - Sync 1 DAGs
[2024-05-20 17:19:20,138] {logging_mixin.py:115} INFO - [2024-05-20 17:19:20,138] {dag.py:2972} INFO - Setting next_dagrun for first_dag to None, run_after=None
[2024-05-20 17:19:20,147] {processor.py:161} INFO - Processing /opt/airflow/dags/0-firstdag.py took 0.057 seconds
[2024-05-20 17:19:50,455] {processor.py:153} INFO - Started process (PID=5680) to work on /opt/airflow/dags/0-firstdag.py
[2024-05-20 17:19:50,455] {processor.py:641} INFO - Processing file /opt/airflow/dags/0-firstdag.py for tasks to queue
[2024-05-20 17:19:50,456] {logging_mixin.py:115} INFO - [2024-05-20 17:19:50,456] {dagbag.py:508} INFO - Filling up the DagBag from /opt/airflow/dags/0-firstdag.py
[2024-05-20 17:19:50,459] {processor.py:651} INFO - DAG(s) dict_keys(['first_dag']) retrieved from /opt/airflow/dags/0-firstdag.py
[2024-05-20 17:19:50,478] {logging_mixin.py:115} INFO - [2024-05-20 17:19:50,478] {dag.py:2420} INFO - Sync 1 DAGs
[2024-05-20 17:19:50,503] {logging_mixin.py:115} INFO - [2024-05-20 17:19:50,503] {dag.py:2972} INFO - Setting next_dagrun for first_dag to None, run_after=None
[2024-05-20 17:19:50,515] {processor.py:161} INFO - Processing /opt/airflow/dags/0-firstdag.py took 0.063 seconds
[2024-05-20 17:20:20,858] {processor.py:153} INFO - Started process (PID=5715) to work on /opt/airflow/dags/0-firstdag.py
[2024-05-20 17:20:20,858] {processor.py:641} INFO - Processing file /opt/airflow/dags/0-firstdag.py for tasks to queue
[2024-05-20 17:20:20,858] {logging_mixin.py:115} INFO - [2024-05-20 17:20:20,858] {dagbag.py:508} INFO - Filling up the DagBag from /opt/airflow/dags/0-firstdag.py
[2024-05-20 17:20:20,862] {processor.py:651} INFO - DAG(s) dict_keys(['first_dag']) retrieved from /opt/airflow/dags/0-firstdag.py
[2024-05-20 17:20:20,886] {logging_mixin.py:115} INFO - [2024-05-20 17:20:20,885] {dag.py:2420} INFO - Sync 1 DAGs
[2024-05-20 17:20:20,908] {logging_mixin.py:115} INFO - [2024-05-20 17:20:20,908] {dag.py:2972} INFO - Setting next_dagrun for first_dag to None, run_after=None
[2024-05-20 17:20:20,926] {processor.py:161} INFO - Processing /opt/airflow/dags/0-firstdag.py took 0.071 seconds
[2024-05-20 17:20:51,268] {processor.py:153} INFO - Started process (PID=5741) to work on /opt/airflow/dags/0-firstdag.py
[2024-05-20 17:20:51,268] {processor.py:641} INFO - Processing file /opt/airflow/dags/0-firstdag.py for tasks to queue
[2024-05-20 17:20:51,269] {logging_mixin.py:115} INFO - [2024-05-20 17:20:51,269] {dagbag.py:508} INFO - Filling up the DagBag from /opt/airflow/dags/0-firstdag.py
[2024-05-20 17:20:51,272] {processor.py:651} INFO - DAG(s) dict_keys(['first_dag']) retrieved from /opt/airflow/dags/0-firstdag.py
[2024-05-20 17:20:51,293] {logging_mixin.py:115} INFO - [2024-05-20 17:20:51,292] {dag.py:2420} INFO - Sync 1 DAGs
[2024-05-20 17:20:51,308] {logging_mixin.py:115} INFO - [2024-05-20 17:20:51,308] {dag.py:2972} INFO - Setting next_dagrun for first_dag to None, run_after=None
[2024-05-20 17:20:51,315] {processor.py:161} INFO - Processing /opt/airflow/dags/0-firstdag.py took 0.050 seconds
[2024-05-20 17:21:21,644] {processor.py:153} INFO - Started process (PID=5776) to work on /opt/airflow/dags/0-firstdag.py
[2024-05-20 17:21:21,645] {processor.py:641} INFO - Processing file /opt/airflow/dags/0-firstdag.py for tasks to queue
[2024-05-20 17:21:21,646] {logging_mixin.py:115} INFO - [2024-05-20 17:21:21,645] {dagbag.py:508} INFO - Filling up the DagBag from /opt/airflow/dags/0-firstdag.py
[2024-05-20 17:21:21,648] {processor.py:651} INFO - DAG(s) dict_keys(['first_dag']) retrieved from /opt/airflow/dags/0-firstdag.py
[2024-05-20 17:21:21,664] {logging_mixin.py:115} INFO - [2024-05-20 17:21:21,664] {dag.py:2420} INFO - Sync 1 DAGs
[2024-05-20 17:21:21,677] {logging_mixin.py:115} INFO - [2024-05-20 17:21:21,677] {dag.py:2972} INFO - Setting next_dagrun for first_dag to None, run_after=None
[2024-05-20 17:21:21,686] {processor.py:161} INFO - Processing /opt/airflow/dags/0-firstdag.py took 0.044 seconds
[2024-05-20 17:21:51,942] {processor.py:153} INFO - Started process (PID=5811) to work on /opt/airflow/dags/0-firstdag.py
[2024-05-20 17:21:51,942] {processor.py:641} INFO - Processing file /opt/airflow/dags/0-firstdag.py for tasks to queue
[2024-05-20 17:21:51,942] {logging_mixin.py:115} INFO - [2024-05-20 17:21:51,942] {dagbag.py:508} INFO - Filling up the DagBag from /opt/airflow/dags/0-firstdag.py
[2024-05-20 17:21:51,945] {processor.py:651} INFO - DAG(s) dict_keys(['first_dag']) retrieved from /opt/airflow/dags/0-firstdag.py
[2024-05-20 17:21:51,961] {logging_mixin.py:115} INFO - [2024-05-20 17:21:51,961] {dag.py:2420} INFO - Sync 1 DAGs
[2024-05-20 17:21:51,974] {logging_mixin.py:115} INFO - [2024-05-20 17:21:51,974] {dag.py:2972} INFO - Setting next_dagrun for first_dag to None, run_after=None
[2024-05-20 17:21:51,981] {processor.py:161} INFO - Processing /opt/airflow/dags/0-firstdag.py took 0.041 seconds
[2024-05-20 17:22:22,312] {processor.py:153} INFO - Started process (PID=5846) to work on /opt/airflow/dags/0-firstdag.py
[2024-05-20 17:22:22,313] {processor.py:641} INFO - Processing file /opt/airflow/dags/0-firstdag.py for tasks to queue
[2024-05-20 17:22:22,313] {logging_mixin.py:115} INFO - [2024-05-20 17:22:22,313] {dagbag.py:508} INFO - Filling up the DagBag from /opt/airflow/dags/0-firstdag.py
[2024-05-20 17:22:22,316] {processor.py:651} INFO - DAG(s) dict_keys(['first_dag']) retrieved from /opt/airflow/dags/0-firstdag.py
[2024-05-20 17:22:22,331] {logging_mixin.py:115} INFO - [2024-05-20 17:22:22,331] {dag.py:2420} INFO - Sync 1 DAGs
[2024-05-20 17:22:22,347] {logging_mixin.py:115} INFO - [2024-05-20 17:22:22,346] {dag.py:2972} INFO - Setting next_dagrun for first_dag to None, run_after=None
[2024-05-20 17:22:22,355] {processor.py:161} INFO - Processing /opt/airflow/dags/0-firstdag.py took 0.044 seconds
[2024-05-20 17:22:52,622] {processor.py:153} INFO - Started process (PID=5880) to work on /opt/airflow/dags/0-firstdag.py
[2024-05-20 17:22:52,622] {processor.py:641} INFO - Processing file /opt/airflow/dags/0-firstdag.py for tasks to queue
[2024-05-20 17:22:52,623] {logging_mixin.py:115} INFO - [2024-05-20 17:22:52,623] {dagbag.py:508} INFO - Filling up the DagBag from /opt/airflow/dags/0-firstdag.py
[2024-05-20 17:22:52,625] {processor.py:651} INFO - DAG(s) dict_keys(['first_dag']) retrieved from /opt/airflow/dags/0-firstdag.py
[2024-05-20 17:22:52,642] {logging_mixin.py:115} INFO - [2024-05-20 17:22:52,642] {dag.py:2420} INFO - Sync 1 DAGs
[2024-05-20 17:22:52,656] {logging_mixin.py:115} INFO - [2024-05-20 17:22:52,656] {dag.py:2972} INFO - Setting next_dagrun for first_dag to None, run_after=None
[2024-05-20 17:22:52,666] {processor.py:161} INFO - Processing /opt/airflow/dags/0-firstdag.py took 0.046 seconds
[2024-05-20 17:23:22,939] {processor.py:153} INFO - Started process (PID=5906) to work on /opt/airflow/dags/0-firstdag.py
[2024-05-20 17:23:22,940] {processor.py:641} INFO - Processing file /opt/airflow/dags/0-firstdag.py for tasks to queue
[2024-05-20 17:23:22,940] {logging_mixin.py:115} INFO - [2024-05-20 17:23:22,940] {dagbag.py:508} INFO - Filling up the DagBag from /opt/airflow/dags/0-firstdag.py
[2024-05-20 17:23:22,943] {processor.py:651} INFO - DAG(s) dict_keys(['first_dag']) retrieved from /opt/airflow/dags/0-firstdag.py
[2024-05-20 17:23:22,958] {logging_mixin.py:115} INFO - [2024-05-20 17:23:22,958] {dag.py:2420} INFO - Sync 1 DAGs
[2024-05-20 17:23:22,974] {logging_mixin.py:115} INFO - [2024-05-20 17:23:22,973] {dag.py:2972} INFO - Setting next_dagrun for first_dag to None, run_after=None
[2024-05-20 17:23:22,983] {processor.py:161} INFO - Processing /opt/airflow/dags/0-firstdag.py took 0.046 seconds
[2024-05-20 17:23:53,256] {processor.py:153} INFO - Started process (PID=5941) to work on /opt/airflow/dags/0-firstdag.py
[2024-05-20 17:23:53,256] {processor.py:641} INFO - Processing file /opt/airflow/dags/0-firstdag.py for tasks to queue
[2024-05-20 17:23:53,256] {logging_mixin.py:115} INFO - [2024-05-20 17:23:53,256] {dagbag.py:508} INFO - Filling up the DagBag from /opt/airflow/dags/0-firstdag.py
[2024-05-20 17:23:53,259] {processor.py:651} INFO - DAG(s) dict_keys(['first_dag']) retrieved from /opt/airflow/dags/0-firstdag.py
[2024-05-20 17:23:53,275] {logging_mixin.py:115} INFO - [2024-05-20 17:23:53,275] {dag.py:2420} INFO - Sync 1 DAGs
[2024-05-20 17:23:53,290] {logging_mixin.py:115} INFO - [2024-05-20 17:23:53,289] {dag.py:2972} INFO - Setting next_dagrun for first_dag to None, run_after=None
[2024-05-20 17:23:53,297] {processor.py:161} INFO - Processing /opt/airflow/dags/0-firstdag.py took 0.044 seconds
[2024-05-20 17:24:23,563] {processor.py:153} INFO - Started process (PID=5976) to work on /opt/airflow/dags/0-firstdag.py
[2024-05-20 17:24:23,563] {processor.py:641} INFO - Processing file /opt/airflow/dags/0-firstdag.py for tasks to queue
[2024-05-20 17:24:23,564] {logging_mixin.py:115} INFO - [2024-05-20 17:24:23,564] {dagbag.py:508} INFO - Filling up the DagBag from /opt/airflow/dags/0-firstdag.py
[2024-05-20 17:24:23,566] {processor.py:651} INFO - DAG(s) dict_keys(['first_dag']) retrieved from /opt/airflow/dags/0-firstdag.py
[2024-05-20 17:24:23,583] {logging_mixin.py:115} INFO - [2024-05-20 17:24:23,583] {dag.py:2420} INFO - Sync 1 DAGs
[2024-05-20 17:24:23,599] {logging_mixin.py:115} INFO - [2024-05-20 17:24:23,599] {dag.py:2972} INFO - Setting next_dagrun for first_dag to None, run_after=None
[2024-05-20 17:24:23,610] {processor.py:161} INFO - Processing /opt/airflow/dags/0-firstdag.py took 0.049 seconds
[2024-05-20 17:24:53,878] {processor.py:153} INFO - Started process (PID=6011) to work on /opt/airflow/dags/0-firstdag.py
[2024-05-20 17:24:53,878] {processor.py:641} INFO - Processing file /opt/airflow/dags/0-firstdag.py for tasks to queue
[2024-05-20 17:24:53,878] {logging_mixin.py:115} INFO - [2024-05-20 17:24:53,878] {dagbag.py:508} INFO - Filling up the DagBag from /opt/airflow/dags/0-firstdag.py
[2024-05-20 17:24:53,881] {processor.py:651} INFO - DAG(s) dict_keys(['first_dag']) retrieved from /opt/airflow/dags/0-firstdag.py
[2024-05-20 17:24:53,897] {logging_mixin.py:115} INFO - [2024-05-20 17:24:53,896] {dag.py:2420} INFO - Sync 1 DAGs
[2024-05-20 17:24:53,911] {logging_mixin.py:115} INFO - [2024-05-20 17:24:53,911] {dag.py:2972} INFO - Setting next_dagrun for first_dag to None, run_after=None
[2024-05-20 17:24:53,922] {processor.py:161} INFO - Processing /opt/airflow/dags/0-firstdag.py took 0.047 seconds
[2024-05-20 17:25:24,240] {processor.py:153} INFO - Started process (PID=6045) to work on /opt/airflow/dags/0-firstdag.py
[2024-05-20 17:25:24,241] {processor.py:641} INFO - Processing file /opt/airflow/dags/0-firstdag.py for tasks to queue
[2024-05-20 17:25:24,241] {logging_mixin.py:115} INFO - [2024-05-20 17:25:24,241] {dagbag.py:508} INFO - Filling up the DagBag from /opt/airflow/dags/0-firstdag.py
[2024-05-20 17:25:24,244] {processor.py:651} INFO - DAG(s) dict_keys(['first_dag']) retrieved from /opt/airflow/dags/0-firstdag.py
[2024-05-20 17:25:24,261] {logging_mixin.py:115} INFO - [2024-05-20 17:25:24,261] {dag.py:2420} INFO - Sync 1 DAGs
[2024-05-20 17:25:24,275] {logging_mixin.py:115} INFO - [2024-05-20 17:25:24,275] {dag.py:2972} INFO - Setting next_dagrun for first_dag to None, run_after=None
[2024-05-20 17:25:24,282] {processor.py:161} INFO - Processing /opt/airflow/dags/0-firstdag.py took 0.044 seconds
[2024-05-20 17:25:54,528] {processor.py:153} INFO - Started process (PID=6071) to work on /opt/airflow/dags/0-firstdag.py
[2024-05-20 17:25:54,528] {processor.py:641} INFO - Processing file /opt/airflow/dags/0-firstdag.py for tasks to queue
[2024-05-20 17:25:54,528] {logging_mixin.py:115} INFO - [2024-05-20 17:25:54,528] {dagbag.py:508} INFO - Filling up the DagBag from /opt/airflow/dags/0-firstdag.py
[2024-05-20 17:25:54,531] {processor.py:651} INFO - DAG(s) dict_keys(['first_dag']) retrieved from /opt/airflow/dags/0-firstdag.py
[2024-05-20 17:25:54,547] {logging_mixin.py:115} INFO - [2024-05-20 17:25:54,547] {dag.py:2420} INFO - Sync 1 DAGs
[2024-05-20 17:25:54,559] {logging_mixin.py:115} INFO - [2024-05-20 17:25:54,559] {dag.py:2972} INFO - Setting next_dagrun for first_dag to None, run_after=None
[2024-05-20 17:25:54,567] {processor.py:161} INFO - Processing /opt/airflow/dags/0-firstdag.py took 0.042 seconds
[2024-05-20 17:26:24,924] {processor.py:153} INFO - Started process (PID=6105) to work on /opt/airflow/dags/0-firstdag.py
[2024-05-20 17:26:24,925] {processor.py:641} INFO - Processing file /opt/airflow/dags/0-firstdag.py for tasks to queue
[2024-05-20 17:26:24,925] {logging_mixin.py:115} INFO - [2024-05-20 17:26:24,925] {dagbag.py:508} INFO - Filling up the DagBag from /opt/airflow/dags/0-firstdag.py
[2024-05-20 17:26:24,927] {processor.py:651} INFO - DAG(s) dict_keys(['first_dag']) retrieved from /opt/airflow/dags/0-firstdag.py
[2024-05-20 17:26:24,948] {logging_mixin.py:115} INFO - [2024-05-20 17:26:24,948] {dag.py:2420} INFO - Sync 1 DAGs
[2024-05-20 17:26:24,969] {logging_mixin.py:115} INFO - [2024-05-20 17:26:24,969] {dag.py:2972} INFO - Setting next_dagrun for first_dag to None, run_after=None
[2024-05-20 17:26:24,981] {processor.py:161} INFO - Processing /opt/airflow/dags/0-firstdag.py took 0.060 seconds
[2024-05-20 17:26:55,284] {processor.py:153} INFO - Started process (PID=6140) to work on /opt/airflow/dags/0-firstdag.py
[2024-05-20 17:26:55,284] {processor.py:641} INFO - Processing file /opt/airflow/dags/0-firstdag.py for tasks to queue
[2024-05-20 17:26:55,285] {logging_mixin.py:115} INFO - [2024-05-20 17:26:55,285] {dagbag.py:508} INFO - Filling up the DagBag from /opt/airflow/dags/0-firstdag.py
[2024-05-20 17:26:55,288] {processor.py:651} INFO - DAG(s) dict_keys(['first_dag']) retrieved from /opt/airflow/dags/0-firstdag.py
[2024-05-20 17:26:55,307] {logging_mixin.py:115} INFO - [2024-05-20 17:26:55,307] {dag.py:2420} INFO - Sync 1 DAGs
[2024-05-20 17:26:55,327] {logging_mixin.py:115} INFO - [2024-05-20 17:26:55,327] {dag.py:2972} INFO - Setting next_dagrun for first_dag to None, run_after=None
[2024-05-20 17:26:55,339] {processor.py:161} INFO - Processing /opt/airflow/dags/0-firstdag.py took 0.058 seconds
[2024-05-20 17:27:25,707] {processor.py:153} INFO - Started process (PID=6175) to work on /opt/airflow/dags/0-firstdag.py
[2024-05-20 17:27:25,708] {processor.py:641} INFO - Processing file /opt/airflow/dags/0-firstdag.py for tasks to queue
[2024-05-20 17:27:25,708] {logging_mixin.py:115} INFO - [2024-05-20 17:27:25,708] {dagbag.py:508} INFO - Filling up the DagBag from /opt/airflow/dags/0-firstdag.py
[2024-05-20 17:27:25,712] {processor.py:651} INFO - DAG(s) dict_keys(['first_dag']) retrieved from /opt/airflow/dags/0-firstdag.py
[2024-05-20 17:27:25,743] {logging_mixin.py:115} INFO - [2024-05-20 17:27:25,743] {dag.py:2420} INFO - Sync 1 DAGs
[2024-05-20 17:27:25,763] {logging_mixin.py:115} INFO - [2024-05-20 17:27:25,763] {dag.py:2972} INFO - Setting next_dagrun for first_dag to None, run_after=None
[2024-05-20 17:27:25,778] {processor.py:161} INFO - Processing /opt/airflow/dags/0-firstdag.py took 0.075 seconds
[2024-05-20 17:27:56,100] {processor.py:153} INFO - Started process (PID=6209) to work on /opt/airflow/dags/0-firstdag.py
[2024-05-20 17:27:56,101] {processor.py:641} INFO - Processing file /opt/airflow/dags/0-firstdag.py for tasks to queue
[2024-05-20 17:27:56,102] {logging_mixin.py:115} INFO - [2024-05-20 17:27:56,102] {dagbag.py:508} INFO - Filling up the DagBag from /opt/airflow/dags/0-firstdag.py
[2024-05-20 17:27:56,104] {processor.py:651} INFO - DAG(s) dict_keys(['first_dag']) retrieved from /opt/airflow/dags/0-firstdag.py
[2024-05-20 17:27:56,119] {logging_mixin.py:115} INFO - [2024-05-20 17:27:56,119] {dag.py:2420} INFO - Sync 1 DAGs
[2024-05-20 17:27:56,133] {logging_mixin.py:115} INFO - [2024-05-20 17:27:56,133] {dag.py:2972} INFO - Setting next_dagrun for first_dag to None, run_after=None
[2024-05-20 17:27:56,140] {processor.py:161} INFO - Processing /opt/airflow/dags/0-firstdag.py took 0.041 seconds
[2024-05-20 17:28:26,457] {processor.py:153} INFO - Started process (PID=6234) to work on /opt/airflow/dags/0-firstdag.py
[2024-05-20 17:28:26,458] {processor.py:641} INFO - Processing file /opt/airflow/dags/0-firstdag.py for tasks to queue
[2024-05-20 17:28:26,458] {logging_mixin.py:115} INFO - [2024-05-20 17:28:26,458] {dagbag.py:508} INFO - Filling up the DagBag from /opt/airflow/dags/0-firstdag.py
[2024-05-20 17:28:26,460] {processor.py:651} INFO - DAG(s) dict_keys(['first_dag']) retrieved from /opt/airflow/dags/0-firstdag.py
[2024-05-20 17:28:26,476] {logging_mixin.py:115} INFO - [2024-05-20 17:28:26,475] {dag.py:2420} INFO - Sync 1 DAGs
[2024-05-20 17:28:26,488] {logging_mixin.py:115} INFO - [2024-05-20 17:28:26,488] {dag.py:2972} INFO - Setting next_dagrun for first_dag to None, run_after=None
[2024-05-20 17:28:26,495] {processor.py:161} INFO - Processing /opt/airflow/dags/0-firstdag.py took 0.040 seconds
[2024-05-20 17:28:56,764] {processor.py:153} INFO - Started process (PID=6269) to work on /opt/airflow/dags/0-firstdag.py
[2024-05-20 17:28:56,764] {processor.py:641} INFO - Processing file /opt/airflow/dags/0-firstdag.py for tasks to queue
[2024-05-20 17:28:56,765] {logging_mixin.py:115} INFO - [2024-05-20 17:28:56,765] {dagbag.py:508} INFO - Filling up the DagBag from /opt/airflow/dags/0-firstdag.py
[2024-05-20 17:28:56,767] {processor.py:651} INFO - DAG(s) dict_keys(['first_dag']) retrieved from /opt/airflow/dags/0-firstdag.py
[2024-05-20 17:28:56,784] {logging_mixin.py:115} INFO - [2024-05-20 17:28:56,784] {dag.py:2420} INFO - Sync 1 DAGs
[2024-05-20 17:28:56,799] {logging_mixin.py:115} INFO - [2024-05-20 17:28:56,799] {dag.py:2972} INFO - Setting next_dagrun for first_dag to None, run_after=None
[2024-05-20 17:28:56,807] {processor.py:161} INFO - Processing /opt/airflow/dags/0-firstdag.py took 0.045 seconds
[2024-05-20 17:29:27,126] {processor.py:153} INFO - Started process (PID=6303) to work on /opt/airflow/dags/0-firstdag.py
[2024-05-20 17:29:27,126] {processor.py:641} INFO - Processing file /opt/airflow/dags/0-firstdag.py for tasks to queue
[2024-05-20 17:29:27,127] {logging_mixin.py:115} INFO - [2024-05-20 17:29:27,127] {dagbag.py:508} INFO - Filling up the DagBag from /opt/airflow/dags/0-firstdag.py
[2024-05-20 17:29:27,129] {processor.py:651} INFO - DAG(s) dict_keys(['first_dag']) retrieved from /opt/airflow/dags/0-firstdag.py
[2024-05-20 17:29:27,147] {logging_mixin.py:115} INFO - [2024-05-20 17:29:27,147] {dag.py:2420} INFO - Sync 1 DAGs
[2024-05-20 17:29:27,168] {logging_mixin.py:115} INFO - [2024-05-20 17:29:27,168] {dag.py:2972} INFO - Setting next_dagrun for first_dag to None, run_after=None
[2024-05-20 17:29:27,186] {processor.py:161} INFO - Processing /opt/airflow/dags/0-firstdag.py took 0.062 seconds
[2024-05-20 17:29:57,474] {processor.py:153} INFO - Started process (PID=6337) to work on /opt/airflow/dags/0-firstdag.py
[2024-05-20 17:29:57,475] {processor.py:641} INFO - Processing file /opt/airflow/dags/0-firstdag.py for tasks to queue
[2024-05-20 17:29:57,475] {logging_mixin.py:115} INFO - [2024-05-20 17:29:57,475] {dagbag.py:508} INFO - Filling up the DagBag from /opt/airflow/dags/0-firstdag.py
[2024-05-20 17:29:57,480] {processor.py:651} INFO - DAG(s) dict_keys(['first_dag']) retrieved from /opt/airflow/dags/0-firstdag.py
[2024-05-20 17:29:57,499] {logging_mixin.py:115} INFO - [2024-05-20 17:29:57,499] {dag.py:2420} INFO - Sync 1 DAGs
[2024-05-20 17:29:57,516] {logging_mixin.py:115} INFO - [2024-05-20 17:29:57,516] {dag.py:2972} INFO - Setting next_dagrun for first_dag to None, run_after=None
[2024-05-20 17:29:57,526] {processor.py:161} INFO - Processing /opt/airflow/dags/0-firstdag.py took 0.056 seconds
[2024-05-20 17:30:27,852] {processor.py:153} INFO - Started process (PID=6372) to work on /opt/airflow/dags/0-firstdag.py
[2024-05-20 17:30:27,852] {processor.py:641} INFO - Processing file /opt/airflow/dags/0-firstdag.py for tasks to queue
[2024-05-20 17:30:27,852] {logging_mixin.py:115} INFO - [2024-05-20 17:30:27,852] {dagbag.py:508} INFO - Filling up the DagBag from /opt/airflow/dags/0-firstdag.py
[2024-05-20 17:30:27,855] {processor.py:651} INFO - DAG(s) dict_keys(['first_dag']) retrieved from /opt/airflow/dags/0-firstdag.py
[2024-05-20 17:30:27,871] {logging_mixin.py:115} INFO - [2024-05-20 17:30:27,871] {dag.py:2420} INFO - Sync 1 DAGs
[2024-05-20 17:30:27,884] {logging_mixin.py:115} INFO - [2024-05-20 17:30:27,884] {dag.py:2972} INFO - Setting next_dagrun for first_dag to None, run_after=None
[2024-05-20 17:30:27,892] {processor.py:161} INFO - Processing /opt/airflow/dags/0-firstdag.py took 0.042 seconds
[2024-05-20 17:30:58,201] {processor.py:153} INFO - Started process (PID=6398) to work on /opt/airflow/dags/0-firstdag.py
[2024-05-20 17:30:58,202] {processor.py:641} INFO - Processing file /opt/airflow/dags/0-firstdag.py for tasks to queue
[2024-05-20 17:30:58,202] {logging_mixin.py:115} INFO - [2024-05-20 17:30:58,202] {dagbag.py:508} INFO - Filling up the DagBag from /opt/airflow/dags/0-firstdag.py
[2024-05-20 17:30:58,205] {processor.py:651} INFO - DAG(s) dict_keys(['first_dag']) retrieved from /opt/airflow/dags/0-firstdag.py
[2024-05-20 17:30:58,220] {logging_mixin.py:115} INFO - [2024-05-20 17:30:58,220] {dag.py:2420} INFO - Sync 1 DAGs
[2024-05-20 17:30:58,234] {logging_mixin.py:115} INFO - [2024-05-20 17:30:58,234] {dag.py:2972} INFO - Setting next_dagrun for first_dag to None, run_after=None
[2024-05-20 17:30:58,241] {processor.py:161} INFO - Processing /opt/airflow/dags/0-firstdag.py took 0.042 seconds
[2024-05-20 17:31:28,491] {processor.py:153} INFO - Started process (PID=6432) to work on /opt/airflow/dags/0-firstdag.py
[2024-05-20 17:31:28,492] {processor.py:641} INFO - Processing file /opt/airflow/dags/0-firstdag.py for tasks to queue
[2024-05-20 17:31:28,492] {logging_mixin.py:115} INFO - [2024-05-20 17:31:28,492] {dagbag.py:508} INFO - Filling up the DagBag from /opt/airflow/dags/0-firstdag.py
[2024-05-20 17:31:28,495] {processor.py:651} INFO - DAG(s) dict_keys(['first_dag']) retrieved from /opt/airflow/dags/0-firstdag.py
[2024-05-20 17:31:28,511] {logging_mixin.py:115} INFO - [2024-05-20 17:31:28,511] {dag.py:2420} INFO - Sync 1 DAGs
[2024-05-20 17:31:28,524] {logging_mixin.py:115} INFO - [2024-05-20 17:31:28,524] {dag.py:2972} INFO - Setting next_dagrun for first_dag to None, run_after=None
[2024-05-20 17:31:28,533] {processor.py:161} INFO - Processing /opt/airflow/dags/0-firstdag.py took 0.044 seconds
[2024-05-20 17:31:58,860] {processor.py:153} INFO - Started process (PID=6467) to work on /opt/airflow/dags/0-firstdag.py
[2024-05-20 17:31:58,860] {processor.py:641} INFO - Processing file /opt/airflow/dags/0-firstdag.py for tasks to queue
[2024-05-20 17:31:58,861] {logging_mixin.py:115} INFO - [2024-05-20 17:31:58,861] {dagbag.py:508} INFO - Filling up the DagBag from /opt/airflow/dags/0-firstdag.py
[2024-05-20 17:31:58,864] {processor.py:651} INFO - DAG(s) dict_keys(['first_dag']) retrieved from /opt/airflow/dags/0-firstdag.py
[2024-05-20 17:31:58,880] {logging_mixin.py:115} INFO - [2024-05-20 17:31:58,880] {dag.py:2420} INFO - Sync 1 DAGs
[2024-05-20 17:31:58,894] {logging_mixin.py:115} INFO - [2024-05-20 17:31:58,894] {dag.py:2972} INFO - Setting next_dagrun for first_dag to None, run_after=None
[2024-05-20 17:31:58,905] {processor.py:161} INFO - Processing /opt/airflow/dags/0-firstdag.py took 0.047 seconds
[2024-05-20 17:32:29,188] {processor.py:153} INFO - Started process (PID=6502) to work on /opt/airflow/dags/0-firstdag.py
[2024-05-20 17:32:29,189] {processor.py:641} INFO - Processing file /opt/airflow/dags/0-firstdag.py for tasks to queue
[2024-05-20 17:32:29,189] {logging_mixin.py:115} INFO - [2024-05-20 17:32:29,189] {dagbag.py:508} INFO - Filling up the DagBag from /opt/airflow/dags/0-firstdag.py
[2024-05-20 17:32:29,192] {processor.py:651} INFO - DAG(s) dict_keys(['first_dag']) retrieved from /opt/airflow/dags/0-firstdag.py
[2024-05-20 17:32:29,207] {logging_mixin.py:115} INFO - [2024-05-20 17:32:29,207] {dag.py:2420} INFO - Sync 1 DAGs
[2024-05-20 17:32:29,221] {logging_mixin.py:115} INFO - [2024-05-20 17:32:29,221] {dag.py:2972} INFO - Setting next_dagrun for first_dag to None, run_after=None
[2024-05-20 17:32:29,228] {processor.py:161} INFO - Processing /opt/airflow/dags/0-firstdag.py took 0.042 seconds
[2024-05-20 17:32:59,523] {processor.py:153} INFO - Started process (PID=6536) to work on /opt/airflow/dags/0-firstdag.py
[2024-05-20 17:32:59,523] {processor.py:641} INFO - Processing file /opt/airflow/dags/0-firstdag.py for tasks to queue
[2024-05-20 17:32:59,524] {logging_mixin.py:115} INFO - [2024-05-20 17:32:59,524] {dagbag.py:508} INFO - Filling up the DagBag from /opt/airflow/dags/0-firstdag.py
[2024-05-20 17:32:59,526] {processor.py:651} INFO - DAG(s) dict_keys(['first_dag']) retrieved from /opt/airflow/dags/0-firstdag.py
[2024-05-20 17:32:59,542] {logging_mixin.py:115} INFO - [2024-05-20 17:32:59,542] {dag.py:2420} INFO - Sync 1 DAGs
[2024-05-20 17:32:59,556] {logging_mixin.py:115} INFO - [2024-05-20 17:32:59,556] {dag.py:2972} INFO - Setting next_dagrun for first_dag to None, run_after=None
[2024-05-20 17:32:59,563] {processor.py:161} INFO - Processing /opt/airflow/dags/0-firstdag.py took 0.042 seconds
[2024-05-20 17:33:30,004] {processor.py:153} INFO - Started process (PID=6562) to work on /opt/airflow/dags/0-firstdag.py
[2024-05-20 17:33:30,004] {processor.py:641} INFO - Processing file /opt/airflow/dags/0-firstdag.py for tasks to queue
[2024-05-20 17:33:30,005] {logging_mixin.py:115} INFO - [2024-05-20 17:33:30,005] {dagbag.py:508} INFO - Filling up the DagBag from /opt/airflow/dags/0-firstdag.py
[2024-05-20 17:33:30,007] {processor.py:651} INFO - DAG(s) dict_keys(['first_dag']) retrieved from /opt/airflow/dags/0-firstdag.py
[2024-05-20 17:33:30,022] {logging_mixin.py:115} INFO - [2024-05-20 17:33:30,021] {dag.py:2420} INFO - Sync 1 DAGs
[2024-05-20 17:33:30,035] {logging_mixin.py:115} INFO - [2024-05-20 17:33:30,035] {dag.py:2972} INFO - Setting next_dagrun for first_dag to None, run_after=None
[2024-05-20 17:33:30,042] {processor.py:161} INFO - Processing /opt/airflow/dags/0-firstdag.py took 0.040 seconds
[2024-05-20 17:34:00,324] {processor.py:153} INFO - Started process (PID=6596) to work on /opt/airflow/dags/0-firstdag.py
[2024-05-20 17:34:00,325] {processor.py:641} INFO - Processing file /opt/airflow/dags/0-firstdag.py for tasks to queue
[2024-05-20 17:34:00,325] {logging_mixin.py:115} INFO - [2024-05-20 17:34:00,325] {dagbag.py:508} INFO - Filling up the DagBag from /opt/airflow/dags/0-firstdag.py
[2024-05-20 17:34:00,328] {processor.py:651} INFO - DAG(s) dict_keys(['first_dag']) retrieved from /opt/airflow/dags/0-firstdag.py
[2024-05-20 17:34:00,344] {logging_mixin.py:115} INFO - [2024-05-20 17:34:00,344] {dag.py:2420} INFO - Sync 1 DAGs
[2024-05-20 17:34:00,357] {logging_mixin.py:115} INFO - [2024-05-20 17:34:00,357] {dag.py:2972} INFO - Setting next_dagrun for first_dag to None, run_after=None
[2024-05-20 17:34:00,364] {processor.py:161} INFO - Processing /opt/airflow/dags/0-firstdag.py took 0.041 seconds
[2024-05-20 17:34:30,657] {processor.py:153} INFO - Started process (PID=6630) to work on /opt/airflow/dags/0-firstdag.py
[2024-05-20 17:34:30,657] {processor.py:641} INFO - Processing file /opt/airflow/dags/0-firstdag.py for tasks to queue
[2024-05-20 17:34:30,657] {logging_mixin.py:115} INFO - [2024-05-20 17:34:30,657] {dagbag.py:508} INFO - Filling up the DagBag from /opt/airflow/dags/0-firstdag.py
[2024-05-20 17:34:30,660] {processor.py:651} INFO - DAG(s) dict_keys(['first_dag']) retrieved from /opt/airflow/dags/0-firstdag.py
[2024-05-20 17:34:30,676] {logging_mixin.py:115} INFO - [2024-05-20 17:34:30,676] {dag.py:2420} INFO - Sync 1 DAGs
[2024-05-20 17:34:30,689] {logging_mixin.py:115} INFO - [2024-05-20 17:34:30,689] {dag.py:2972} INFO - Setting next_dagrun for first_dag to None, run_after=None
[2024-05-20 17:34:30,696] {processor.py:161} INFO - Processing /opt/airflow/dags/0-firstdag.py took 0.042 seconds
[2024-05-20 17:35:00,987] {processor.py:153} INFO - Started process (PID=6665) to work on /opt/airflow/dags/0-firstdag.py
[2024-05-20 17:35:00,988] {processor.py:641} INFO - Processing file /opt/airflow/dags/0-firstdag.py for tasks to queue
[2024-05-20 17:35:00,988] {logging_mixin.py:115} INFO - [2024-05-20 17:35:00,988] {dagbag.py:508} INFO - Filling up the DagBag from /opt/airflow/dags/0-firstdag.py
[2024-05-20 17:35:00,991] {processor.py:651} INFO - DAG(s) dict_keys(['first_dag']) retrieved from /opt/airflow/dags/0-firstdag.py
[2024-05-20 17:35:01,007] {logging_mixin.py:115} INFO - [2024-05-20 17:35:01,007] {dag.py:2420} INFO - Sync 1 DAGs
[2024-05-20 17:35:01,020] {logging_mixin.py:115} INFO - [2024-05-20 17:35:01,020] {dag.py:2972} INFO - Setting next_dagrun for first_dag to None, run_after=None
[2024-05-20 17:35:01,027] {processor.py:161} INFO - Processing /opt/airflow/dags/0-firstdag.py took 0.042 seconds
[2024-05-20 17:35:31,334] {processor.py:153} INFO - Started process (PID=6700) to work on /opt/airflow/dags/0-firstdag.py
[2024-05-20 17:35:31,335] {processor.py:641} INFO - Processing file /opt/airflow/dags/0-firstdag.py for tasks to queue
[2024-05-20 17:35:31,335] {logging_mixin.py:115} INFO - [2024-05-20 17:35:31,335] {dagbag.py:508} INFO - Filling up the DagBag from /opt/airflow/dags/0-firstdag.py
[2024-05-20 17:35:31,337] {processor.py:651} INFO - DAG(s) dict_keys(['first_dag']) retrieved from /opt/airflow/dags/0-firstdag.py
[2024-05-20 17:35:31,357] {logging_mixin.py:115} INFO - [2024-05-20 17:35:31,357] {dag.py:2420} INFO - Sync 1 DAGs
[2024-05-20 17:35:31,371] {logging_mixin.py:115} INFO - [2024-05-20 17:35:31,371] {dag.py:2972} INFO - Setting next_dagrun for first_dag to None, run_after=None
[2024-05-20 17:35:31,379] {processor.py:161} INFO - Processing /opt/airflow/dags/0-firstdag.py took 0.047 seconds
[2024-05-20 17:36:01,717] {processor.py:153} INFO - Started process (PID=6734) to work on /opt/airflow/dags/0-firstdag.py
[2024-05-20 17:36:01,718] {processor.py:641} INFO - Processing file /opt/airflow/dags/0-firstdag.py for tasks to queue
[2024-05-20 17:36:01,718] {logging_mixin.py:115} INFO - [2024-05-20 17:36:01,718] {dagbag.py:508} INFO - Filling up the DagBag from /opt/airflow/dags/0-firstdag.py
[2024-05-20 17:36:01,722] {processor.py:651} INFO - DAG(s) dict_keys(['first_dag']) retrieved from /opt/airflow/dags/0-firstdag.py
[2024-05-20 17:36:01,747] {logging_mixin.py:115} INFO - [2024-05-20 17:36:01,747] {dag.py:2420} INFO - Sync 1 DAGs
[2024-05-20 17:36:01,767] {logging_mixin.py:115} INFO - [2024-05-20 17:36:01,767] {dag.py:2972} INFO - Setting next_dagrun for first_dag to None, run_after=None
[2024-05-20 17:36:01,786] {processor.py:161} INFO - Processing /opt/airflow/dags/0-firstdag.py took 0.072 seconds
[2024-05-20 17:36:32,114] {processor.py:153} INFO - Started process (PID=6760) to work on /opt/airflow/dags/0-firstdag.py
[2024-05-20 17:36:32,115] {processor.py:641} INFO - Processing file /opt/airflow/dags/0-firstdag.py for tasks to queue
[2024-05-20 17:36:32,115] {logging_mixin.py:115} INFO - [2024-05-20 17:36:32,115] {dagbag.py:508} INFO - Filling up the DagBag from /opt/airflow/dags/0-firstdag.py
[2024-05-20 17:36:32,117] {processor.py:651} INFO - DAG(s) dict_keys(['first_dag']) retrieved from /opt/airflow/dags/0-firstdag.py
[2024-05-20 17:36:32,134] {logging_mixin.py:115} INFO - [2024-05-20 17:36:32,134] {dag.py:2420} INFO - Sync 1 DAGs
[2024-05-20 17:36:32,148] {logging_mixin.py:115} INFO - [2024-05-20 17:36:32,148] {dag.py:2972} INFO - Setting next_dagrun for first_dag to None, run_after=None
[2024-05-20 17:36:32,157] {processor.py:161} INFO - Processing /opt/airflow/dags/0-firstdag.py took 0.044 seconds
[2024-05-20 17:37:02,443] {processor.py:153} INFO - Started process (PID=6795) to work on /opt/airflow/dags/0-firstdag.py
[2024-05-20 17:37:02,444] {processor.py:641} INFO - Processing file /opt/airflow/dags/0-firstdag.py for tasks to queue
[2024-05-20 17:37:02,444] {logging_mixin.py:115} INFO - [2024-05-20 17:37:02,444] {dagbag.py:508} INFO - Filling up the DagBag from /opt/airflow/dags/0-firstdag.py
[2024-05-20 17:37:02,446] {processor.py:651} INFO - DAG(s) dict_keys(['first_dag']) retrieved from /opt/airflow/dags/0-firstdag.py
[2024-05-20 17:37:02,462] {logging_mixin.py:115} INFO - [2024-05-20 17:37:02,462] {dag.py:2420} INFO - Sync 1 DAGs
[2024-05-20 17:37:02,474] {logging_mixin.py:115} INFO - [2024-05-20 17:37:02,474] {dag.py:2972} INFO - Setting next_dagrun for first_dag to None, run_after=None
[2024-05-20 17:37:02,481] {processor.py:161} INFO - Processing /opt/airflow/dags/0-firstdag.py took 0.040 seconds
[2024-05-20 17:37:32,763] {processor.py:153} INFO - Started process (PID=6830) to work on /opt/airflow/dags/0-firstdag.py
[2024-05-20 17:37:32,763] {processor.py:641} INFO - Processing file /opt/airflow/dags/0-firstdag.py for tasks to queue
[2024-05-20 17:37:32,764] {logging_mixin.py:115} INFO - [2024-05-20 17:37:32,764] {dagbag.py:508} INFO - Filling up the DagBag from /opt/airflow/dags/0-firstdag.py
[2024-05-20 17:37:32,768] {processor.py:651} INFO - DAG(s) dict_keys(['first_dag']) retrieved from /opt/airflow/dags/0-firstdag.py
[2024-05-20 17:37:32,783] {logging_mixin.py:115} INFO - [2024-05-20 17:37:32,783] {dag.py:2420} INFO - Sync 1 DAGs
[2024-05-20 17:37:32,796] {logging_mixin.py:115} INFO - [2024-05-20 17:37:32,796] {dag.py:2972} INFO - Setting next_dagrun for first_dag to None, run_after=None
[2024-05-20 17:37:32,803] {processor.py:161} INFO - Processing /opt/airflow/dags/0-firstdag.py took 0.043 seconds
[2024-05-20 17:38:03,053] {processor.py:153} INFO - Started process (PID=6863) to work on /opt/airflow/dags/0-firstdag.py
[2024-05-20 17:38:03,053] {processor.py:641} INFO - Processing file /opt/airflow/dags/0-firstdag.py for tasks to queue
[2024-05-20 17:38:03,054] {logging_mixin.py:115} INFO - [2024-05-20 17:38:03,054] {dagbag.py:508} INFO - Filling up the DagBag from /opt/airflow/dags/0-firstdag.py
[2024-05-20 17:38:03,057] {processor.py:651} INFO - DAG(s) dict_keys(['first_dag']) retrieved from /opt/airflow/dags/0-firstdag.py
[2024-05-20 17:38:03,073] {logging_mixin.py:115} INFO - [2024-05-20 17:38:03,072] {dag.py:2420} INFO - Sync 1 DAGs
[2024-05-20 17:38:03,086] {logging_mixin.py:115} INFO - [2024-05-20 17:38:03,086] {dag.py:2972} INFO - Setting next_dagrun for first_dag to None, run_after=None
[2024-05-20 17:38:03,094] {processor.py:161} INFO - Processing /opt/airflow/dags/0-firstdag.py took 0.043 seconds
[2024-05-20 17:38:33,393] {processor.py:153} INFO - Started process (PID=6898) to work on /opt/airflow/dags/0-firstdag.py
[2024-05-20 17:38:33,394] {processor.py:641} INFO - Processing file /opt/airflow/dags/0-firstdag.py for tasks to queue
[2024-05-20 17:38:33,394] {logging_mixin.py:115} INFO - [2024-05-20 17:38:33,394] {dagbag.py:508} INFO - Filling up the DagBag from /opt/airflow/dags/0-firstdag.py
[2024-05-20 17:38:33,396] {processor.py:651} INFO - DAG(s) dict_keys(['first_dag']) retrieved from /opt/airflow/dags/0-firstdag.py
[2024-05-20 17:38:33,411] {logging_mixin.py:115} INFO - [2024-05-20 17:38:33,411] {dag.py:2420} INFO - Sync 1 DAGs
[2024-05-20 17:38:33,424] {logging_mixin.py:115} INFO - [2024-05-20 17:38:33,424] {dag.py:2972} INFO - Setting next_dagrun for first_dag to None, run_after=None
[2024-05-20 17:38:33,430] {processor.py:161} INFO - Processing /opt/airflow/dags/0-firstdag.py took 0.040 seconds
[2024-05-20 17:39:03,674] {processor.py:153} INFO - Started process (PID=6924) to work on /opt/airflow/dags/0-firstdag.py
[2024-05-20 17:39:03,674] {processor.py:641} INFO - Processing file /opt/airflow/dags/0-firstdag.py for tasks to queue
[2024-05-20 17:39:03,675] {logging_mixin.py:115} INFO - [2024-05-20 17:39:03,675] {dagbag.py:508} INFO - Filling up the DagBag from /opt/airflow/dags/0-firstdag.py
[2024-05-20 17:39:03,677] {processor.py:651} INFO - DAG(s) dict_keys(['first_dag']) retrieved from /opt/airflow/dags/0-firstdag.py
[2024-05-20 17:39:03,693] {logging_mixin.py:115} INFO - [2024-05-20 17:39:03,693] {dag.py:2420} INFO - Sync 1 DAGs
[2024-05-20 17:39:03,706] {logging_mixin.py:115} INFO - [2024-05-20 17:39:03,706] {dag.py:2972} INFO - Setting next_dagrun for first_dag to None, run_after=None
[2024-05-20 17:39:03,714] {processor.py:161} INFO - Processing /opt/airflow/dags/0-firstdag.py took 0.042 seconds
[2024-05-20 17:39:34,020] {processor.py:153} INFO - Started process (PID=6958) to work on /opt/airflow/dags/0-firstdag.py
[2024-05-20 17:39:34,020] {processor.py:641} INFO - Processing file /opt/airflow/dags/0-firstdag.py for tasks to queue
[2024-05-20 17:39:34,021] {logging_mixin.py:115} INFO - [2024-05-20 17:39:34,021] {dagbag.py:508} INFO - Filling up the DagBag from /opt/airflow/dags/0-firstdag.py
[2024-05-20 17:39:34,023] {processor.py:651} INFO - DAG(s) dict_keys(['first_dag']) retrieved from /opt/airflow/dags/0-firstdag.py
[2024-05-20 17:39:34,038] {logging_mixin.py:115} INFO - [2024-05-20 17:39:34,038] {dag.py:2420} INFO - Sync 1 DAGs
[2024-05-20 17:39:34,051] {logging_mixin.py:115} INFO - [2024-05-20 17:39:34,051] {dag.py:2972} INFO - Setting next_dagrun for first_dag to None, run_after=None
[2024-05-20 17:39:34,058] {processor.py:161} INFO - Processing /opt/airflow/dags/0-firstdag.py took 0.040 seconds
[2024-05-20 17:40:04,295] {processor.py:153} INFO - Started process (PID=6992) to work on /opt/airflow/dags/0-firstdag.py
[2024-05-20 17:40:04,296] {processor.py:641} INFO - Processing file /opt/airflow/dags/0-firstdag.py for tasks to queue
[2024-05-20 17:40:04,296] {logging_mixin.py:115} INFO - [2024-05-20 17:40:04,296] {dagbag.py:508} INFO - Filling up the DagBag from /opt/airflow/dags/0-firstdag.py
[2024-05-20 17:40:04,299] {processor.py:651} INFO - DAG(s) dict_keys(['first_dag']) retrieved from /opt/airflow/dags/0-firstdag.py
[2024-05-20 17:40:04,314] {logging_mixin.py:115} INFO - [2024-05-20 17:40:04,314] {dag.py:2420} INFO - Sync 1 DAGs
[2024-05-20 17:40:04,328] {logging_mixin.py:115} INFO - [2024-05-20 17:40:04,328] {dag.py:2972} INFO - Setting next_dagrun for first_dag to None, run_after=None
[2024-05-20 17:40:04,336] {processor.py:161} INFO - Processing /opt/airflow/dags/0-firstdag.py took 0.043 seconds
[2024-05-20 17:40:34,640] {processor.py:153} INFO - Started process (PID=7027) to work on /opt/airflow/dags/0-firstdag.py
[2024-05-20 17:40:34,641] {processor.py:641} INFO - Processing file /opt/airflow/dags/0-firstdag.py for tasks to queue
[2024-05-20 17:40:34,641] {logging_mixin.py:115} INFO - [2024-05-20 17:40:34,641] {dagbag.py:508} INFO - Filling up the DagBag from /opt/airflow/dags/0-firstdag.py
[2024-05-20 17:40:34,643] {processor.py:651} INFO - DAG(s) dict_keys(['first_dag']) retrieved from /opt/airflow/dags/0-firstdag.py
[2024-05-20 17:40:34,658] {logging_mixin.py:115} INFO - [2024-05-20 17:40:34,658] {dag.py:2420} INFO - Sync 1 DAGs
[2024-05-20 17:40:34,671] {logging_mixin.py:115} INFO - [2024-05-20 17:40:34,671] {dag.py:2972} INFO - Setting next_dagrun for first_dag to None, run_after=None
[2024-05-20 17:40:34,678] {processor.py:161} INFO - Processing /opt/airflow/dags/0-firstdag.py took 0.040 seconds
[2024-05-20 17:41:04,964] {processor.py:153} INFO - Started process (PID=7061) to work on /opt/airflow/dags/0-firstdag.py
[2024-05-20 17:41:04,964] {processor.py:641} INFO - Processing file /opt/airflow/dags/0-firstdag.py for tasks to queue
[2024-05-20 17:41:04,964] {logging_mixin.py:115} INFO - [2024-05-20 17:41:04,964] {dagbag.py:508} INFO - Filling up the DagBag from /opt/airflow/dags/0-firstdag.py
[2024-05-20 17:41:04,966] {processor.py:651} INFO - DAG(s) dict_keys(['first_dag']) retrieved from /opt/airflow/dags/0-firstdag.py
[2024-05-20 17:41:04,982] {logging_mixin.py:115} INFO - [2024-05-20 17:41:04,982] {dag.py:2420} INFO - Sync 1 DAGs
[2024-05-20 17:41:04,995] {logging_mixin.py:115} INFO - [2024-05-20 17:41:04,995] {dag.py:2972} INFO - Setting next_dagrun for first_dag to None, run_after=None
[2024-05-20 17:41:05,002] {processor.py:161} INFO - Processing /opt/airflow/dags/0-firstdag.py took 0.040 seconds
[2024-05-20 17:41:35,314] {processor.py:153} INFO - Started process (PID=7096) to work on /opt/airflow/dags/0-firstdag.py
[2024-05-20 17:41:35,314] {processor.py:641} INFO - Processing file /opt/airflow/dags/0-firstdag.py for tasks to queue
[2024-05-20 17:41:35,314] {logging_mixin.py:115} INFO - [2024-05-20 17:41:35,314] {dagbag.py:508} INFO - Filling up the DagBag from /opt/airflow/dags/0-firstdag.py
[2024-05-20 17:41:35,316] {processor.py:651} INFO - DAG(s) dict_keys(['first_dag']) retrieved from /opt/airflow/dags/0-firstdag.py
[2024-05-20 17:41:35,332] {logging_mixin.py:115} INFO - [2024-05-20 17:41:35,332] {dag.py:2420} INFO - Sync 1 DAGs
[2024-05-20 17:41:35,346] {logging_mixin.py:115} INFO - [2024-05-20 17:41:35,346] {dag.py:2972} INFO - Setting next_dagrun for first_dag to None, run_after=None
[2024-05-20 17:41:35,354] {processor.py:161} INFO - Processing /opt/airflow/dags/0-firstdag.py took 0.043 seconds
[2024-05-20 17:42:05,605] {processor.py:153} INFO - Started process (PID=7122) to work on /opt/airflow/dags/0-firstdag.py
[2024-05-20 17:42:05,606] {processor.py:641} INFO - Processing file /opt/airflow/dags/0-firstdag.py for tasks to queue
[2024-05-20 17:42:05,606] {logging_mixin.py:115} INFO - [2024-05-20 17:42:05,606] {dagbag.py:508} INFO - Filling up the DagBag from /opt/airflow/dags/0-firstdag.py
[2024-05-20 17:42:05,609] {processor.py:651} INFO - DAG(s) dict_keys(['first_dag']) retrieved from /opt/airflow/dags/0-firstdag.py
[2024-05-20 17:42:05,624] {logging_mixin.py:115} INFO - [2024-05-20 17:42:05,624] {dag.py:2420} INFO - Sync 1 DAGs
[2024-05-20 17:42:05,637] {logging_mixin.py:115} INFO - [2024-05-20 17:42:05,637] {dag.py:2972} INFO - Setting next_dagrun for first_dag to None, run_after=None
[2024-05-20 17:42:05,645] {processor.py:161} INFO - Processing /opt/airflow/dags/0-firstdag.py took 0.042 seconds
[2024-05-20 17:42:35,932] {processor.py:153} INFO - Started process (PID=7157) to work on /opt/airflow/dags/0-firstdag.py
[2024-05-20 17:42:35,932] {processor.py:641} INFO - Processing file /opt/airflow/dags/0-firstdag.py for tasks to queue
[2024-05-20 17:42:35,932] {logging_mixin.py:115} INFO - [2024-05-20 17:42:35,932] {dagbag.py:508} INFO - Filling up the DagBag from /opt/airflow/dags/0-firstdag.py
[2024-05-20 17:42:35,936] {processor.py:651} INFO - DAG(s) dict_keys(['first_dag']) retrieved from /opt/airflow/dags/0-firstdag.py
[2024-05-20 17:42:35,952] {logging_mixin.py:115} INFO - [2024-05-20 17:42:35,952] {dag.py:2420} INFO - Sync 1 DAGs
[2024-05-20 17:42:35,966] {logging_mixin.py:115} INFO - [2024-05-20 17:42:35,966] {dag.py:2972} INFO - Setting next_dagrun for first_dag to None, run_after=None
[2024-05-20 17:42:35,974] {processor.py:161} INFO - Processing /opt/airflow/dags/0-firstdag.py took 0.045 seconds
[2024-05-20 17:43:06,264] {processor.py:153} INFO - Started process (PID=7191) to work on /opt/airflow/dags/0-firstdag.py
[2024-05-20 17:43:06,264] {processor.py:641} INFO - Processing file /opt/airflow/dags/0-firstdag.py for tasks to queue
[2024-05-20 17:43:06,265] {logging_mixin.py:115} INFO - [2024-05-20 17:43:06,265] {dagbag.py:508} INFO - Filling up the DagBag from /opt/airflow/dags/0-firstdag.py
[2024-05-20 17:43:06,267] {processor.py:651} INFO - DAG(s) dict_keys(['first_dag']) retrieved from /opt/airflow/dags/0-firstdag.py
[2024-05-20 17:43:06,284] {logging_mixin.py:115} INFO - [2024-05-20 17:43:06,284] {dag.py:2420} INFO - Sync 1 DAGs
[2024-05-20 17:43:06,298] {logging_mixin.py:115} INFO - [2024-05-20 17:43:06,298] {dag.py:2972} INFO - Setting next_dagrun for first_dag to None, run_after=None
[2024-05-20 17:43:06,305] {processor.py:161} INFO - Processing /opt/airflow/dags/0-firstdag.py took 0.043 seconds
[2024-05-20 17:43:36,552] {processor.py:153} INFO - Started process (PID=7226) to work on /opt/airflow/dags/0-firstdag.py
[2024-05-20 17:43:36,552] {processor.py:641} INFO - Processing file /opt/airflow/dags/0-firstdag.py for tasks to queue
[2024-05-20 17:43:36,553] {logging_mixin.py:115} INFO - [2024-05-20 17:43:36,553] {dagbag.py:508} INFO - Filling up the DagBag from /opt/airflow/dags/0-firstdag.py
[2024-05-20 17:43:36,555] {processor.py:651} INFO - DAG(s) dict_keys(['first_dag']) retrieved from /opt/airflow/dags/0-firstdag.py
[2024-05-20 17:43:36,571] {logging_mixin.py:115} INFO - [2024-05-20 17:43:36,571] {dag.py:2420} INFO - Sync 1 DAGs
[2024-05-20 17:43:36,583] {logging_mixin.py:115} INFO - [2024-05-20 17:43:36,583] {dag.py:2972} INFO - Setting next_dagrun for first_dag to None, run_after=None
[2024-05-20 17:43:36,591] {processor.py:161} INFO - Processing /opt/airflow/dags/0-firstdag.py took 0.041 seconds
[2024-05-20 17:44:06,886] {processor.py:153} INFO - Started process (PID=7261) to work on /opt/airflow/dags/0-firstdag.py
[2024-05-20 17:44:06,886] {processor.py:641} INFO - Processing file /opt/airflow/dags/0-firstdag.py for tasks to queue
[2024-05-20 17:44:06,887] {logging_mixin.py:115} INFO - [2024-05-20 17:44:06,887] {dagbag.py:508} INFO - Filling up the DagBag from /opt/airflow/dags/0-firstdag.py
[2024-05-20 17:44:06,890] {processor.py:651} INFO - DAG(s) dict_keys(['first_dag']) retrieved from /opt/airflow/dags/0-firstdag.py
[2024-05-20 17:44:06,906] {logging_mixin.py:115} INFO - [2024-05-20 17:44:06,906] {dag.py:2420} INFO - Sync 1 DAGs
[2024-05-20 17:44:06,923] {logging_mixin.py:115} INFO - [2024-05-20 17:44:06,923] {dag.py:2972} INFO - Setting next_dagrun for first_dag to None, run_after=None
[2024-05-20 17:44:06,931] {processor.py:161} INFO - Processing /opt/airflow/dags/0-firstdag.py took 0.047 seconds
[2024-05-20 17:44:37,225] {processor.py:153} INFO - Started process (PID=7287) to work on /opt/airflow/dags/0-firstdag.py
[2024-05-20 17:44:37,226] {processor.py:641} INFO - Processing file /opt/airflow/dags/0-firstdag.py for tasks to queue
[2024-05-20 17:44:37,226] {logging_mixin.py:115} INFO - [2024-05-20 17:44:37,226] {dagbag.py:508} INFO - Filling up the DagBag from /opt/airflow/dags/0-firstdag.py
[2024-05-20 17:44:37,228] {processor.py:651} INFO - DAG(s) dict_keys(['first_dag']) retrieved from /opt/airflow/dags/0-firstdag.py
[2024-05-20 17:44:37,244] {logging_mixin.py:115} INFO - [2024-05-20 17:44:37,244] {dag.py:2420} INFO - Sync 1 DAGs
[2024-05-20 17:44:37,257] {logging_mixin.py:115} INFO - [2024-05-20 17:44:37,257] {dag.py:2972} INFO - Setting next_dagrun for first_dag to None, run_after=None
[2024-05-20 17:44:37,264] {processor.py:161} INFO - Processing /opt/airflow/dags/0-firstdag.py took 0.041 seconds
[2024-05-20 17:45:07,500] {processor.py:153} INFO - Started process (PID=7322) to work on /opt/airflow/dags/0-firstdag.py
[2024-05-20 17:45:07,501] {processor.py:641} INFO - Processing file /opt/airflow/dags/0-firstdag.py for tasks to queue
[2024-05-20 17:45:07,501] {logging_mixin.py:115} INFO - [2024-05-20 17:45:07,501] {dagbag.py:508} INFO - Filling up the DagBag from /opt/airflow/dags/0-firstdag.py
[2024-05-20 17:45:07,504] {processor.py:651} INFO - DAG(s) dict_keys(['first_dag']) retrieved from /opt/airflow/dags/0-firstdag.py
[2024-05-20 17:45:07,518] {logging_mixin.py:115} INFO - [2024-05-20 17:45:07,518] {dag.py:2420} INFO - Sync 1 DAGs
[2024-05-20 17:45:07,532] {logging_mixin.py:115} INFO - [2024-05-20 17:45:07,532] {dag.py:2972} INFO - Setting next_dagrun for first_dag to None, run_after=None
[2024-05-20 17:45:07,540] {processor.py:161} INFO - Processing /opt/airflow/dags/0-firstdag.py took 0.042 seconds
[2024-05-20 17:45:37,790] {processor.py:153} INFO - Started process (PID=7356) to work on /opt/airflow/dags/0-firstdag.py
[2024-05-20 17:45:37,790] {processor.py:641} INFO - Processing file /opt/airflow/dags/0-firstdag.py for tasks to queue
[2024-05-20 17:45:37,791] {logging_mixin.py:115} INFO - [2024-05-20 17:45:37,791] {dagbag.py:508} INFO - Filling up the DagBag from /opt/airflow/dags/0-firstdag.py
[2024-05-20 17:45:37,793] {processor.py:651} INFO - DAG(s) dict_keys(['first_dag']) retrieved from /opt/airflow/dags/0-firstdag.py
[2024-05-20 17:45:37,810] {logging_mixin.py:115} INFO - [2024-05-20 17:45:37,810] {dag.py:2420} INFO - Sync 1 DAGs
[2024-05-20 17:45:37,824] {logging_mixin.py:115} INFO - [2024-05-20 17:45:37,824] {dag.py:2972} INFO - Setting next_dagrun for first_dag to None, run_after=None
[2024-05-20 17:45:37,831] {processor.py:161} INFO - Processing /opt/airflow/dags/0-firstdag.py took 0.043 seconds
[2024-05-20 17:46:08,078] {processor.py:153} INFO - Started process (PID=7390) to work on /opt/airflow/dags/0-firstdag.py
[2024-05-20 17:46:08,079] {processor.py:641} INFO - Processing file /opt/airflow/dags/0-firstdag.py for tasks to queue
[2024-05-20 17:46:08,079] {logging_mixin.py:115} INFO - [2024-05-20 17:46:08,079] {dagbag.py:508} INFO - Filling up the DagBag from /opt/airflow/dags/0-firstdag.py
[2024-05-20 17:46:08,081] {processor.py:651} INFO - DAG(s) dict_keys(['first_dag']) retrieved from /opt/airflow/dags/0-firstdag.py
[2024-05-20 17:46:08,098] {logging_mixin.py:115} INFO - [2024-05-20 17:46:08,098] {dag.py:2420} INFO - Sync 1 DAGs
[2024-05-20 17:46:08,111] {logging_mixin.py:115} INFO - [2024-05-20 17:46:08,111] {dag.py:2972} INFO - Setting next_dagrun for first_dag to None, run_after=None
[2024-05-20 17:46:08,118] {processor.py:161} INFO - Processing /opt/airflow/dags/0-firstdag.py took 0.042 seconds
[2024-05-20 17:46:38,382] {processor.py:153} INFO - Started process (PID=7425) to work on /opt/airflow/dags/0-firstdag.py
[2024-05-20 17:46:38,382] {processor.py:641} INFO - Processing file /opt/airflow/dags/0-firstdag.py for tasks to queue
[2024-05-20 17:46:38,383] {logging_mixin.py:115} INFO - [2024-05-20 17:46:38,383] {dagbag.py:508} INFO - Filling up the DagBag from /opt/airflow/dags/0-firstdag.py
[2024-05-20 17:46:38,385] {processor.py:651} INFO - DAG(s) dict_keys(['first_dag']) retrieved from /opt/airflow/dags/0-firstdag.py
[2024-05-20 17:46:38,400] {logging_mixin.py:115} INFO - [2024-05-20 17:46:38,400] {dag.py:2420} INFO - Sync 1 DAGs
[2024-05-20 17:46:38,414] {logging_mixin.py:115} INFO - [2024-05-20 17:46:38,414] {dag.py:2972} INFO - Setting next_dagrun for first_dag to None, run_after=None
[2024-05-20 17:46:38,421] {processor.py:161} INFO - Processing /opt/airflow/dags/0-firstdag.py took 0.042 seconds
[2024-05-20 17:47:08,745] {processor.py:153} INFO - Started process (PID=7460) to work on /opt/airflow/dags/0-firstdag.py
[2024-05-20 17:47:08,745] {processor.py:641} INFO - Processing file /opt/airflow/dags/0-firstdag.py for tasks to queue
[2024-05-20 17:47:08,746] {logging_mixin.py:115} INFO - [2024-05-20 17:47:08,746] {dagbag.py:508} INFO - Filling up the DagBag from /opt/airflow/dags/0-firstdag.py
[2024-05-20 17:47:08,748] {processor.py:651} INFO - DAG(s) dict_keys(['first_dag']) retrieved from /opt/airflow/dags/0-firstdag.py
[2024-05-20 17:47:08,765] {logging_mixin.py:115} INFO - [2024-05-20 17:47:08,765] {dag.py:2420} INFO - Sync 1 DAGs
[2024-05-20 17:47:08,778] {logging_mixin.py:115} INFO - [2024-05-20 17:47:08,778] {dag.py:2972} INFO - Setting next_dagrun for first_dag to None, run_after=None
[2024-05-20 17:47:08,787] {processor.py:161} INFO - Processing /opt/airflow/dags/0-firstdag.py took 0.044 seconds
[2024-05-20 17:47:39,037] {processor.py:153} INFO - Started process (PID=7486) to work on /opt/airflow/dags/0-firstdag.py
[2024-05-20 17:47:39,037] {processor.py:641} INFO - Processing file /opt/airflow/dags/0-firstdag.py for tasks to queue
[2024-05-20 17:47:39,038] {logging_mixin.py:115} INFO - [2024-05-20 17:47:39,038] {dagbag.py:508} INFO - Filling up the DagBag from /opt/airflow/dags/0-firstdag.py
[2024-05-20 17:47:39,040] {processor.py:651} INFO - DAG(s) dict_keys(['first_dag']) retrieved from /opt/airflow/dags/0-firstdag.py
[2024-05-20 17:47:39,057] {logging_mixin.py:115} INFO - [2024-05-20 17:47:39,057] {dag.py:2420} INFO - Sync 1 DAGs
[2024-05-20 17:47:39,070] {logging_mixin.py:115} INFO - [2024-05-20 17:47:39,070] {dag.py:2972} INFO - Setting next_dagrun for first_dag to None, run_after=None
[2024-05-20 17:47:39,077] {processor.py:161} INFO - Processing /opt/airflow/dags/0-firstdag.py took 0.043 seconds
[2024-05-20 17:48:09,363] {processor.py:153} INFO - Started process (PID=7521) to work on /opt/airflow/dags/0-firstdag.py
[2024-05-20 17:48:09,363] {processor.py:641} INFO - Processing file /opt/airflow/dags/0-firstdag.py for tasks to queue
[2024-05-20 17:48:09,364] {logging_mixin.py:115} INFO - [2024-05-20 17:48:09,364] {dagbag.py:508} INFO - Filling up the DagBag from /opt/airflow/dags/0-firstdag.py
[2024-05-20 17:48:09,366] {processor.py:651} INFO - DAG(s) dict_keys(['first_dag']) retrieved from /opt/airflow/dags/0-firstdag.py
[2024-05-20 17:48:09,381] {logging_mixin.py:115} INFO - [2024-05-20 17:48:09,381] {dag.py:2420} INFO - Sync 1 DAGs
[2024-05-20 17:48:09,395] {logging_mixin.py:115} INFO - [2024-05-20 17:48:09,395] {dag.py:2972} INFO - Setting next_dagrun for first_dag to None, run_after=None
[2024-05-20 17:48:09,402] {processor.py:161} INFO - Processing /opt/airflow/dags/0-firstdag.py took 0.041 seconds
[2024-05-20 17:48:39,641] {processor.py:153} INFO - Started process (PID=7556) to work on /opt/airflow/dags/0-firstdag.py
[2024-05-20 17:48:39,642] {processor.py:641} INFO - Processing file /opt/airflow/dags/0-firstdag.py for tasks to queue
[2024-05-20 17:48:39,642] {logging_mixin.py:115} INFO - [2024-05-20 17:48:39,642] {dagbag.py:508} INFO - Filling up the DagBag from /opt/airflow/dags/0-firstdag.py
[2024-05-20 17:48:39,644] {processor.py:651} INFO - DAG(s) dict_keys(['first_dag']) retrieved from /opt/airflow/dags/0-firstdag.py
[2024-05-20 17:48:39,660] {logging_mixin.py:115} INFO - [2024-05-20 17:48:39,660] {dag.py:2420} INFO - Sync 1 DAGs
[2024-05-20 17:48:39,672] {logging_mixin.py:115} INFO - [2024-05-20 17:48:39,672] {dag.py:2972} INFO - Setting next_dagrun for first_dag to None, run_after=None
[2024-05-20 17:48:39,680] {processor.py:161} INFO - Processing /opt/airflow/dags/0-firstdag.py took 0.041 seconds
[2024-05-20 17:49:09,991] {processor.py:153} INFO - Started process (PID=7590) to work on /opt/airflow/dags/0-firstdag.py
[2024-05-20 17:49:09,991] {processor.py:641} INFO - Processing file /opt/airflow/dags/0-firstdag.py for tasks to queue
[2024-05-20 17:49:09,992] {logging_mixin.py:115} INFO - [2024-05-20 17:49:09,992] {dagbag.py:508} INFO - Filling up the DagBag from /opt/airflow/dags/0-firstdag.py
[2024-05-20 17:49:09,994] {processor.py:651} INFO - DAG(s) dict_keys(['first_dag']) retrieved from /opt/airflow/dags/0-firstdag.py
[2024-05-20 17:49:10,009] {logging_mixin.py:115} INFO - [2024-05-20 17:49:10,009] {dag.py:2420} INFO - Sync 1 DAGs
[2024-05-20 17:49:10,022] {logging_mixin.py:115} INFO - [2024-05-20 17:49:10,022] {dag.py:2972} INFO - Setting next_dagrun for first_dag to None, run_after=None
[2024-05-20 17:49:10,029] {processor.py:161} INFO - Processing /opt/airflow/dags/0-firstdag.py took 0.040 seconds
[2024-05-20 17:49:40,280] {processor.py:153} INFO - Started process (PID=7625) to work on /opt/airflow/dags/0-firstdag.py
[2024-05-20 17:49:40,281] {processor.py:641} INFO - Processing file /opt/airflow/dags/0-firstdag.py for tasks to queue
[2024-05-20 17:49:40,281] {logging_mixin.py:115} INFO - [2024-05-20 17:49:40,281] {dagbag.py:508} INFO - Filling up the DagBag from /opt/airflow/dags/0-firstdag.py
[2024-05-20 17:49:40,284] {processor.py:651} INFO - DAG(s) dict_keys(['first_dag']) retrieved from /opt/airflow/dags/0-firstdag.py
[2024-05-20 17:49:40,299] {logging_mixin.py:115} INFO - [2024-05-20 17:49:40,299] {dag.py:2420} INFO - Sync 1 DAGs
[2024-05-20 17:49:40,313] {logging_mixin.py:115} INFO - [2024-05-20 17:49:40,313] {dag.py:2972} INFO - Setting next_dagrun for first_dag to None, run_after=None
[2024-05-20 17:49:40,323] {processor.py:161} INFO - Processing /opt/airflow/dags/0-firstdag.py took 0.045 seconds
[2024-05-20 17:50:10,583] {processor.py:153} INFO - Started process (PID=7651) to work on /opt/airflow/dags/0-firstdag.py
[2024-05-20 17:50:10,584] {processor.py:641} INFO - Processing file /opt/airflow/dags/0-firstdag.py for tasks to queue
[2024-05-20 17:50:10,584] {logging_mixin.py:115} INFO - [2024-05-20 17:50:10,584] {dagbag.py:508} INFO - Filling up the DagBag from /opt/airflow/dags/0-firstdag.py
[2024-05-20 17:50:10,588] {processor.py:651} INFO - DAG(s) dict_keys(['first_dag']) retrieved from /opt/airflow/dags/0-firstdag.py
[2024-05-20 17:50:10,604] {logging_mixin.py:115} INFO - [2024-05-20 17:50:10,604] {dag.py:2420} INFO - Sync 1 DAGs
[2024-05-20 17:50:10,617] {logging_mixin.py:115} INFO - [2024-05-20 17:50:10,617] {dag.py:2972} INFO - Setting next_dagrun for first_dag to None, run_after=None
[2024-05-20 17:50:10,627] {processor.py:161} INFO - Processing /opt/airflow/dags/0-firstdag.py took 0.047 seconds
[2024-05-20 17:50:40,925] {processor.py:153} INFO - Started process (PID=7686) to work on /opt/airflow/dags/0-firstdag.py
[2024-05-20 17:50:40,925] {processor.py:641} INFO - Processing file /opt/airflow/dags/0-firstdag.py for tasks to queue
[2024-05-20 17:50:40,926] {logging_mixin.py:115} INFO - [2024-05-20 17:50:40,926] {dagbag.py:508} INFO - Filling up the DagBag from /opt/airflow/dags/0-firstdag.py
[2024-05-20 17:50:40,928] {processor.py:651} INFO - DAG(s) dict_keys(['first_dag']) retrieved from /opt/airflow/dags/0-firstdag.py
[2024-05-20 17:50:40,943] {logging_mixin.py:115} INFO - [2024-05-20 17:50:40,943] {dag.py:2420} INFO - Sync 1 DAGs
[2024-05-20 17:50:40,955] {logging_mixin.py:115} INFO - [2024-05-20 17:50:40,955] {dag.py:2972} INFO - Setting next_dagrun for first_dag to None, run_after=None
[2024-05-20 17:50:40,962] {processor.py:161} INFO - Processing /opt/airflow/dags/0-firstdag.py took 0.039 seconds
[2024-05-20 17:51:11,199] {processor.py:153} INFO - Started process (PID=7720) to work on /opt/airflow/dags/0-firstdag.py
[2024-05-20 17:51:11,199] {processor.py:641} INFO - Processing file /opt/airflow/dags/0-firstdag.py for tasks to queue
[2024-05-20 17:51:11,199] {logging_mixin.py:115} INFO - [2024-05-20 17:51:11,199] {dagbag.py:508} INFO - Filling up the DagBag from /opt/airflow/dags/0-firstdag.py
[2024-05-20 17:51:11,201] {processor.py:651} INFO - DAG(s) dict_keys(['first_dag']) retrieved from /opt/airflow/dags/0-firstdag.py
[2024-05-20 17:51:11,217] {logging_mixin.py:115} INFO - [2024-05-20 17:51:11,217] {dag.py:2420} INFO - Sync 1 DAGs
[2024-05-20 17:51:11,230] {logging_mixin.py:115} INFO - [2024-05-20 17:51:11,230] {dag.py:2972} INFO - Setting next_dagrun for first_dag to None, run_after=None
[2024-05-20 17:51:11,237] {processor.py:161} INFO - Processing /opt/airflow/dags/0-firstdag.py took 0.040 seconds
[2024-05-20 17:51:41,486] {processor.py:153} INFO - Started process (PID=7755) to work on /opt/airflow/dags/0-firstdag.py
[2024-05-20 17:51:41,486] {processor.py:641} INFO - Processing file /opt/airflow/dags/0-firstdag.py for tasks to queue
[2024-05-20 17:51:41,487] {logging_mixin.py:115} INFO - [2024-05-20 17:51:41,487] {dagbag.py:508} INFO - Filling up the DagBag from /opt/airflow/dags/0-firstdag.py
[2024-05-20 17:51:41,489] {processor.py:651} INFO - DAG(s) dict_keys(['first_dag']) retrieved from /opt/airflow/dags/0-firstdag.py
[2024-05-20 17:51:41,504] {logging_mixin.py:115} INFO - [2024-05-20 17:51:41,504] {dag.py:2420} INFO - Sync 1 DAGs
[2024-05-20 17:51:41,516] {logging_mixin.py:115} INFO - [2024-05-20 17:51:41,516] {dag.py:2972} INFO - Setting next_dagrun for first_dag to None, run_after=None
[2024-05-20 17:51:41,524] {processor.py:161} INFO - Processing /opt/airflow/dags/0-firstdag.py took 0.040 seconds
[2024-05-20 17:52:11,771] {processor.py:153} INFO - Started process (PID=7790) to work on /opt/airflow/dags/0-firstdag.py
[2024-05-20 17:52:11,772] {processor.py:641} INFO - Processing file /opt/airflow/dags/0-firstdag.py for tasks to queue
[2024-05-20 17:52:11,772] {logging_mixin.py:115} INFO - [2024-05-20 17:52:11,772] {dagbag.py:508} INFO - Filling up the DagBag from /opt/airflow/dags/0-firstdag.py
[2024-05-20 17:52:11,774] {processor.py:651} INFO - DAG(s) dict_keys(['first_dag']) retrieved from /opt/airflow/dags/0-firstdag.py
[2024-05-20 17:52:11,789] {logging_mixin.py:115} INFO - [2024-05-20 17:52:11,789] {dag.py:2420} INFO - Sync 1 DAGs
[2024-05-20 17:52:11,801] {logging_mixin.py:115} INFO - [2024-05-20 17:52:11,801] {dag.py:2972} INFO - Setting next_dagrun for first_dag to None, run_after=None
[2024-05-20 17:52:11,808] {processor.py:161} INFO - Processing /opt/airflow/dags/0-firstdag.py took 0.039 seconds
[2024-05-20 17:52:42,076] {processor.py:153} INFO - Started process (PID=7822) to work on /opt/airflow/dags/0-firstdag.py
[2024-05-20 17:52:42,079] {processor.py:641} INFO - Processing file /opt/airflow/dags/0-firstdag.py for tasks to queue
[2024-05-20 17:52:42,079] {logging_mixin.py:115} INFO - [2024-05-20 17:52:42,079] {dagbag.py:508} INFO - Filling up the DagBag from /opt/airflow/dags/0-firstdag.py
[2024-05-20 17:52:42,084] {processor.py:651} INFO - DAG(s) dict_keys(['first_dag']) retrieved from /opt/airflow/dags/0-firstdag.py
[2024-05-20 17:52:42,107] {logging_mixin.py:115} INFO - [2024-05-20 17:52:42,106] {dag.py:2420} INFO - Sync 1 DAGs
[2024-05-20 17:52:42,122] {logging_mixin.py:115} INFO - [2024-05-20 17:52:42,122] {dag.py:2972} INFO - Setting next_dagrun for first_dag to None, run_after=None
[2024-05-20 17:52:42,130] {processor.py:161} INFO - Processing /opt/airflow/dags/0-firstdag.py took 0.056 seconds
[2024-05-20 17:53:12,452] {processor.py:153} INFO - Started process (PID=7850) to work on /opt/airflow/dags/0-firstdag.py
[2024-05-20 17:53:12,452] {processor.py:641} INFO - Processing file /opt/airflow/dags/0-firstdag.py for tasks to queue
[2024-05-20 17:53:12,452] {logging_mixin.py:115} INFO - [2024-05-20 17:53:12,452] {dagbag.py:508} INFO - Filling up the DagBag from /opt/airflow/dags/0-firstdag.py
[2024-05-20 17:53:12,456] {processor.py:651} INFO - DAG(s) dict_keys(['first_dag']) retrieved from /opt/airflow/dags/0-firstdag.py
[2024-05-20 17:53:12,474] {logging_mixin.py:115} INFO - [2024-05-20 17:53:12,474] {dag.py:2420} INFO - Sync 1 DAGs
[2024-05-20 17:53:12,487] {logging_mixin.py:115} INFO - [2024-05-20 17:53:12,487] {dag.py:2972} INFO - Setting next_dagrun for first_dag to None, run_after=None
[2024-05-20 17:53:12,495] {processor.py:161} INFO - Processing /opt/airflow/dags/0-firstdag.py took 0.045 seconds
[2024-05-20 17:53:42,782] {processor.py:153} INFO - Started process (PID=7885) to work on /opt/airflow/dags/0-firstdag.py
[2024-05-20 17:53:42,783] {processor.py:641} INFO - Processing file /opt/airflow/dags/0-firstdag.py for tasks to queue
[2024-05-20 17:53:42,783] {logging_mixin.py:115} INFO - [2024-05-20 17:53:42,783] {dagbag.py:508} INFO - Filling up the DagBag from /opt/airflow/dags/0-firstdag.py
[2024-05-20 17:53:42,785] {processor.py:651} INFO - DAG(s) dict_keys(['first_dag']) retrieved from /opt/airflow/dags/0-firstdag.py
[2024-05-20 17:53:42,801] {logging_mixin.py:115} INFO - [2024-05-20 17:53:42,801] {dag.py:2420} INFO - Sync 1 DAGs
[2024-05-20 17:53:42,814] {logging_mixin.py:115} INFO - [2024-05-20 17:53:42,814] {dag.py:2972} INFO - Setting next_dagrun for first_dag to None, run_after=None
[2024-05-20 17:53:42,820] {processor.py:161} INFO - Processing /opt/airflow/dags/0-firstdag.py took 0.040 seconds
[2024-05-20 17:54:13,112] {processor.py:153} INFO - Started process (PID=7920) to work on /opt/airflow/dags/0-firstdag.py
[2024-05-20 17:54:13,113] {processor.py:641} INFO - Processing file /opt/airflow/dags/0-firstdag.py for tasks to queue
[2024-05-20 17:54:13,113] {logging_mixin.py:115} INFO - [2024-05-20 17:54:13,113] {dagbag.py:508} INFO - Filling up the DagBag from /opt/airflow/dags/0-firstdag.py
[2024-05-20 17:54:13,115] {processor.py:651} INFO - DAG(s) dict_keys(['first_dag']) retrieved from /opt/airflow/dags/0-firstdag.py
[2024-05-20 17:54:13,131] {logging_mixin.py:115} INFO - [2024-05-20 17:54:13,131] {dag.py:2420} INFO - Sync 1 DAGs
[2024-05-20 17:54:13,144] {logging_mixin.py:115} INFO - [2024-05-20 17:54:13,144] {dag.py:2972} INFO - Setting next_dagrun for first_dag to None, run_after=None
[2024-05-20 17:54:13,173] {processor.py:161} INFO - Processing /opt/airflow/dags/0-firstdag.py took 0.063 seconds
[2024-05-20 17:54:43,426] {processor.py:153} INFO - Started process (PID=7955) to work on /opt/airflow/dags/0-firstdag.py
[2024-05-20 17:54:43,426] {processor.py:641} INFO - Processing file /opt/airflow/dags/0-firstdag.py for tasks to queue
[2024-05-20 17:54:43,426] {logging_mixin.py:115} INFO - [2024-05-20 17:54:43,426] {dagbag.py:508} INFO - Filling up the DagBag from /opt/airflow/dags/0-firstdag.py
[2024-05-20 17:54:43,428] {processor.py:651} INFO - DAG(s) dict_keys(['first_dag']) retrieved from /opt/airflow/dags/0-firstdag.py
[2024-05-20 17:54:43,446] {logging_mixin.py:115} INFO - [2024-05-20 17:54:43,446] {dag.py:2420} INFO - Sync 1 DAGs
[2024-05-20 17:54:43,459] {logging_mixin.py:115} INFO - [2024-05-20 17:54:43,459] {dag.py:2972} INFO - Setting next_dagrun for first_dag to None, run_after=None
[2024-05-20 17:54:43,467] {processor.py:161} INFO - Processing /opt/airflow/dags/0-firstdag.py took 0.044 seconds
[2024-05-20 17:55:13,755] {processor.py:153} INFO - Started process (PID=7990) to work on /opt/airflow/dags/0-firstdag.py
[2024-05-20 17:55:13,755] {processor.py:641} INFO - Processing file /opt/airflow/dags/0-firstdag.py for tasks to queue
[2024-05-20 17:55:13,756] {logging_mixin.py:115} INFO - [2024-05-20 17:55:13,756] {dagbag.py:508} INFO - Filling up the DagBag from /opt/airflow/dags/0-firstdag.py
[2024-05-20 17:55:13,758] {processor.py:651} INFO - DAG(s) dict_keys(['first_dag']) retrieved from /opt/airflow/dags/0-firstdag.py
[2024-05-20 17:55:13,773] {logging_mixin.py:115} INFO - [2024-05-20 17:55:13,773] {dag.py:2420} INFO - Sync 1 DAGs
[2024-05-20 17:55:13,785] {logging_mixin.py:115} INFO - [2024-05-20 17:55:13,785] {dag.py:2972} INFO - Setting next_dagrun for first_dag to None, run_after=None
[2024-05-20 17:55:13,792] {processor.py:161} INFO - Processing /opt/airflow/dags/0-firstdag.py took 0.039 seconds
[2024-05-20 17:55:44,082] {processor.py:153} INFO - Started process (PID=8016) to work on /opt/airflow/dags/0-firstdag.py
[2024-05-20 17:55:44,083] {processor.py:641} INFO - Processing file /opt/airflow/dags/0-firstdag.py for tasks to queue
[2024-05-20 17:55:44,083] {logging_mixin.py:115} INFO - [2024-05-20 17:55:44,083] {dagbag.py:508} INFO - Filling up the DagBag from /opt/airflow/dags/0-firstdag.py
[2024-05-20 17:55:44,085] {processor.py:651} INFO - DAG(s) dict_keys(['first_dag']) retrieved from /opt/airflow/dags/0-firstdag.py
[2024-05-20 17:55:44,101] {logging_mixin.py:115} INFO - [2024-05-20 17:55:44,101] {dag.py:2420} INFO - Sync 1 DAGs
[2024-05-20 17:55:44,114] {logging_mixin.py:115} INFO - [2024-05-20 17:55:44,114] {dag.py:2972} INFO - Setting next_dagrun for first_dag to None, run_after=None
[2024-05-20 17:55:44,121] {processor.py:161} INFO - Processing /opt/airflow/dags/0-firstdag.py took 0.041 seconds
[2024-05-20 17:56:14,364] {processor.py:153} INFO - Started process (PID=8051) to work on /opt/airflow/dags/0-firstdag.py
[2024-05-20 17:56:14,364] {processor.py:641} INFO - Processing file /opt/airflow/dags/0-firstdag.py for tasks to queue
[2024-05-20 17:56:14,365] {logging_mixin.py:115} INFO - [2024-05-20 17:56:14,365] {dagbag.py:508} INFO - Filling up the DagBag from /opt/airflow/dags/0-firstdag.py
[2024-05-20 17:56:14,367] {processor.py:651} INFO - DAG(s) dict_keys(['first_dag']) retrieved from /opt/airflow/dags/0-firstdag.py
[2024-05-20 17:56:14,384] {logging_mixin.py:115} INFO - [2024-05-20 17:56:14,384] {dag.py:2420} INFO - Sync 1 DAGs
[2024-05-20 17:56:14,401] {logging_mixin.py:115} INFO - [2024-05-20 17:56:14,401] {dag.py:2972} INFO - Setting next_dagrun for first_dag to None, run_after=None
[2024-05-20 17:56:14,410] {processor.py:161} INFO - Processing /opt/airflow/dags/0-firstdag.py took 0.049 seconds
[2024-05-20 17:56:44,663] {processor.py:153} INFO - Started process (PID=8085) to work on /opt/airflow/dags/0-firstdag.py
[2024-05-20 17:56:44,663] {processor.py:641} INFO - Processing file /opt/airflow/dags/0-firstdag.py for tasks to queue
[2024-05-20 17:56:44,663] {logging_mixin.py:115} INFO - [2024-05-20 17:56:44,663] {dagbag.py:508} INFO - Filling up the DagBag from /opt/airflow/dags/0-firstdag.py
[2024-05-20 17:56:44,666] {processor.py:651} INFO - DAG(s) dict_keys(['first_dag']) retrieved from /opt/airflow/dags/0-firstdag.py
[2024-05-20 17:56:44,682] {logging_mixin.py:115} INFO - [2024-05-20 17:56:44,682] {dag.py:2420} INFO - Sync 1 DAGs
[2024-05-20 17:56:44,695] {logging_mixin.py:115} INFO - [2024-05-20 17:56:44,695] {dag.py:2972} INFO - Setting next_dagrun for first_dag to None, run_after=None
[2024-05-20 17:56:44,702] {processor.py:161} INFO - Processing /opt/airflow/dags/0-firstdag.py took 0.042 seconds
[2024-05-20 17:57:15,016] {processor.py:153} INFO - Started process (PID=8120) to work on /opt/airflow/dags/0-firstdag.py
[2024-05-20 17:57:15,017] {processor.py:641} INFO - Processing file /opt/airflow/dags/0-firstdag.py for tasks to queue
[2024-05-20 17:57:15,018] {logging_mixin.py:115} INFO - [2024-05-20 17:57:15,018] {dagbag.py:508} INFO - Filling up the DagBag from /opt/airflow/dags/0-firstdag.py
[2024-05-20 17:57:15,021] {processor.py:651} INFO - DAG(s) dict_keys(['first_dag']) retrieved from /opt/airflow/dags/0-firstdag.py
[2024-05-20 17:57:15,037] {logging_mixin.py:115} INFO - [2024-05-20 17:57:15,037] {dag.py:2420} INFO - Sync 1 DAGs
[2024-05-20 17:57:15,049] {logging_mixin.py:115} INFO - [2024-05-20 17:57:15,049] {dag.py:2972} INFO - Setting next_dagrun for first_dag to None, run_after=None
[2024-05-20 17:57:15,056] {processor.py:161} INFO - Processing /opt/airflow/dags/0-firstdag.py took 0.042 seconds
[2024-05-20 17:57:45,340] {processor.py:153} INFO - Started process (PID=8155) to work on /opt/airflow/dags/0-firstdag.py
[2024-05-20 17:57:45,340] {processor.py:641} INFO - Processing file /opt/airflow/dags/0-firstdag.py for tasks to queue
[2024-05-20 17:57:45,341] {logging_mixin.py:115} INFO - [2024-05-20 17:57:45,341] {dagbag.py:508} INFO - Filling up the DagBag from /opt/airflow/dags/0-firstdag.py
[2024-05-20 17:57:45,343] {processor.py:651} INFO - DAG(s) dict_keys(['first_dag']) retrieved from /opt/airflow/dags/0-firstdag.py
[2024-05-20 17:57:45,358] {logging_mixin.py:115} INFO - [2024-05-20 17:57:45,358] {dag.py:2420} INFO - Sync 1 DAGs
[2024-05-20 17:57:45,371] {logging_mixin.py:115} INFO - [2024-05-20 17:57:45,371] {dag.py:2972} INFO - Setting next_dagrun for first_dag to None, run_after=None
[2024-05-20 17:57:45,378] {processor.py:161} INFO - Processing /opt/airflow/dags/0-firstdag.py took 0.040 seconds
[2024-05-20 17:58:15,625] {processor.py:153} INFO - Started process (PID=8188) to work on /opt/airflow/dags/0-firstdag.py
[2024-05-20 17:58:15,626] {processor.py:641} INFO - Processing file /opt/airflow/dags/0-firstdag.py for tasks to queue
[2024-05-20 17:58:15,628] {logging_mixin.py:115} INFO - [2024-05-20 17:58:15,628] {dagbag.py:508} INFO - Filling up the DagBag from /opt/airflow/dags/0-firstdag.py
[2024-05-20 17:58:15,630] {processor.py:651} INFO - DAG(s) dict_keys(['first_dag']) retrieved from /opt/airflow/dags/0-firstdag.py
[2024-05-20 17:58:15,646] {logging_mixin.py:115} INFO - [2024-05-20 17:58:15,646] {dag.py:2420} INFO - Sync 1 DAGs
[2024-05-20 17:58:15,666] {logging_mixin.py:115} INFO - [2024-05-20 17:58:15,666] {dag.py:2972} INFO - Setting next_dagrun for first_dag to None, run_after=None
[2024-05-20 17:58:15,673] {processor.py:161} INFO - Processing /opt/airflow/dags/0-firstdag.py took 0.051 seconds
[2024-05-20 17:58:45,922] {processor.py:153} INFO - Started process (PID=8216) to work on /opt/airflow/dags/0-firstdag.py
[2024-05-20 17:58:45,923] {processor.py:641} INFO - Processing file /opt/airflow/dags/0-firstdag.py for tasks to queue
[2024-05-20 17:58:45,923] {logging_mixin.py:115} INFO - [2024-05-20 17:58:45,923] {dagbag.py:508} INFO - Filling up the DagBag from /opt/airflow/dags/0-firstdag.py
[2024-05-20 17:58:45,925] {processor.py:651} INFO - DAG(s) dict_keys(['first_dag']) retrieved from /opt/airflow/dags/0-firstdag.py
[2024-05-20 17:58:45,940] {logging_mixin.py:115} INFO - [2024-05-20 17:58:45,940] {dag.py:2420} INFO - Sync 1 DAGs
[2024-05-20 17:58:45,952] {logging_mixin.py:115} INFO - [2024-05-20 17:58:45,952] {dag.py:2972} INFO - Setting next_dagrun for first_dag to None, run_after=None
[2024-05-20 17:58:45,960] {processor.py:161} INFO - Processing /opt/airflow/dags/0-firstdag.py took 0.040 seconds
[2024-05-20 17:59:16,257] {processor.py:153} INFO - Started process (PID=8250) to work on /opt/airflow/dags/0-firstdag.py
[2024-05-20 17:59:16,258] {processor.py:641} INFO - Processing file /opt/airflow/dags/0-firstdag.py for tasks to queue
[2024-05-20 17:59:16,258] {logging_mixin.py:115} INFO - [2024-05-20 17:59:16,258] {dagbag.py:508} INFO - Filling up the DagBag from /opt/airflow/dags/0-firstdag.py
[2024-05-20 17:59:16,261] {processor.py:651} INFO - DAG(s) dict_keys(['first_dag']) retrieved from /opt/airflow/dags/0-firstdag.py
[2024-05-20 17:59:16,278] {logging_mixin.py:115} INFO - [2024-05-20 17:59:16,278] {dag.py:2420} INFO - Sync 1 DAGs
[2024-05-20 17:59:16,292] {logging_mixin.py:115} INFO - [2024-05-20 17:59:16,292] {dag.py:2972} INFO - Setting next_dagrun for first_dag to None, run_after=None
[2024-05-20 17:59:16,299] {processor.py:161} INFO - Processing /opt/airflow/dags/0-firstdag.py took 0.044 seconds
[2024-05-20 17:59:46,582] {processor.py:153} INFO - Started process (PID=8284) to work on /opt/airflow/dags/0-firstdag.py
[2024-05-20 17:59:46,583] {processor.py:641} INFO - Processing file /opt/airflow/dags/0-firstdag.py for tasks to queue
[2024-05-20 17:59:46,583] {logging_mixin.py:115} INFO - [2024-05-20 17:59:46,583] {dagbag.py:508} INFO - Filling up the DagBag from /opt/airflow/dags/0-firstdag.py
[2024-05-20 17:59:46,586] {processor.py:651} INFO - DAG(s) dict_keys(['first_dag']) retrieved from /opt/airflow/dags/0-firstdag.py
[2024-05-20 17:59:46,601] {logging_mixin.py:115} INFO - [2024-05-20 17:59:46,601] {dag.py:2420} INFO - Sync 1 DAGs
[2024-05-20 17:59:46,615] {logging_mixin.py:115} INFO - [2024-05-20 17:59:46,615] {dag.py:2972} INFO - Setting next_dagrun for first_dag to None, run_after=None
[2024-05-20 17:59:46,622] {processor.py:161} INFO - Processing /opt/airflow/dags/0-firstdag.py took 0.041 seconds
[2024-05-20 18:00:16,912] {processor.py:153} INFO - Started process (PID=8319) to work on /opt/airflow/dags/0-firstdag.py
[2024-05-20 18:00:16,912] {processor.py:641} INFO - Processing file /opt/airflow/dags/0-firstdag.py for tasks to queue
[2024-05-20 18:00:16,912] {logging_mixin.py:115} INFO - [2024-05-20 18:00:16,912] {dagbag.py:508} INFO - Filling up the DagBag from /opt/airflow/dags/0-firstdag.py
[2024-05-20 18:00:16,916] {processor.py:651} INFO - DAG(s) dict_keys(['first_dag']) retrieved from /opt/airflow/dags/0-firstdag.py
[2024-05-20 18:00:16,932] {logging_mixin.py:115} INFO - [2024-05-20 18:00:16,931] {dag.py:2420} INFO - Sync 1 DAGs
[2024-05-20 18:00:16,947] {logging_mixin.py:115} INFO - [2024-05-20 18:00:16,947] {dag.py:2972} INFO - Setting next_dagrun for first_dag to None, run_after=None
[2024-05-20 18:00:16,955] {processor.py:161} INFO - Processing /opt/airflow/dags/0-firstdag.py took 0.046 seconds
[2024-05-20 18:00:47,246] {processor.py:153} INFO - Started process (PID=8353) to work on /opt/airflow/dags/0-firstdag.py
[2024-05-20 18:00:47,246] {processor.py:641} INFO - Processing file /opt/airflow/dags/0-firstdag.py for tasks to queue
[2024-05-20 18:00:47,247] {logging_mixin.py:115} INFO - [2024-05-20 18:00:47,247] {dagbag.py:508} INFO - Filling up the DagBag from /opt/airflow/dags/0-firstdag.py
[2024-05-20 18:00:47,249] {processor.py:651} INFO - DAG(s) dict_keys(['first_dag']) retrieved from /opt/airflow/dags/0-firstdag.py
[2024-05-20 18:00:47,265] {logging_mixin.py:115} INFO - [2024-05-20 18:00:47,265] {dag.py:2420} INFO - Sync 1 DAGs
[2024-05-20 18:00:47,277] {logging_mixin.py:115} INFO - [2024-05-20 18:00:47,277] {dag.py:2972} INFO - Setting next_dagrun for first_dag to None, run_after=None
[2024-05-20 18:00:47,286] {processor.py:161} INFO - Processing /opt/airflow/dags/0-firstdag.py took 0.042 seconds
[2024-05-20 18:01:17,569] {processor.py:153} INFO - Started process (PID=8379) to work on /opt/airflow/dags/0-firstdag.py
[2024-05-20 18:01:17,570] {processor.py:641} INFO - Processing file /opt/airflow/dags/0-firstdag.py for tasks to queue
[2024-05-20 18:01:17,570] {logging_mixin.py:115} INFO - [2024-05-20 18:01:17,570] {dagbag.py:508} INFO - Filling up the DagBag from /opt/airflow/dags/0-firstdag.py
[2024-05-20 18:01:17,572] {processor.py:651} INFO - DAG(s) dict_keys(['first_dag']) retrieved from /opt/airflow/dags/0-firstdag.py
[2024-05-20 18:01:17,589] {logging_mixin.py:115} INFO - [2024-05-20 18:01:17,588] {dag.py:2420} INFO - Sync 1 DAGs
[2024-05-20 18:01:17,602] {logging_mixin.py:115} INFO - [2024-05-20 18:01:17,602] {dag.py:2972} INFO - Setting next_dagrun for first_dag to None, run_after=None
[2024-05-20 18:01:17,609] {processor.py:161} INFO - Processing /opt/airflow/dags/0-firstdag.py took 0.042 seconds
[2024-05-20 18:01:47,847] {processor.py:153} INFO - Started process (PID=8412) to work on /opt/airflow/dags/0-firstdag.py
[2024-05-20 18:01:47,848] {processor.py:641} INFO - Processing file /opt/airflow/dags/0-firstdag.py for tasks to queue
[2024-05-20 18:01:47,848] {logging_mixin.py:115} INFO - [2024-05-20 18:01:47,848] {dagbag.py:508} INFO - Filling up the DagBag from /opt/airflow/dags/0-firstdag.py
[2024-05-20 18:01:47,850] {processor.py:651} INFO - DAG(s) dict_keys(['first_dag']) retrieved from /opt/airflow/dags/0-firstdag.py
[2024-05-20 18:01:47,867] {logging_mixin.py:115} INFO - [2024-05-20 18:01:47,867] {dag.py:2420} INFO - Sync 1 DAGs
[2024-05-20 18:01:47,880] {logging_mixin.py:115} INFO - [2024-05-20 18:01:47,880] {dag.py:2972} INFO - Setting next_dagrun for first_dag to None, run_after=None
[2024-05-20 18:01:47,889] {processor.py:161} INFO - Processing /opt/airflow/dags/0-firstdag.py took 0.044 seconds
[2024-05-20 18:02:18,152] {processor.py:153} INFO - Started process (PID=8446) to work on /opt/airflow/dags/0-firstdag.py
[2024-05-20 18:02:18,153] {processor.py:641} INFO - Processing file /opt/airflow/dags/0-firstdag.py for tasks to queue
[2024-05-20 18:02:18,154] {logging_mixin.py:115} INFO - [2024-05-20 18:02:18,154] {dagbag.py:508} INFO - Filling up the DagBag from /opt/airflow/dags/0-firstdag.py
[2024-05-20 18:02:18,157] {processor.py:651} INFO - DAG(s) dict_keys(['first_dag']) retrieved from /opt/airflow/dags/0-firstdag.py
[2024-05-20 18:02:18,173] {logging_mixin.py:115} INFO - [2024-05-20 18:02:18,173] {dag.py:2420} INFO - Sync 1 DAGs
[2024-05-20 18:02:18,186] {logging_mixin.py:115} INFO - [2024-05-20 18:02:18,186] {dag.py:2972} INFO - Setting next_dagrun for first_dag to None, run_after=None
[2024-05-20 18:02:18,193] {processor.py:161} INFO - Processing /opt/airflow/dags/0-firstdag.py took 0.043 seconds
[2024-05-20 18:02:48,439] {processor.py:153} INFO - Started process (PID=8480) to work on /opt/airflow/dags/0-firstdag.py
[2024-05-20 18:02:48,439] {processor.py:641} INFO - Processing file /opt/airflow/dags/0-firstdag.py for tasks to queue
[2024-05-20 18:02:48,440] {logging_mixin.py:115} INFO - [2024-05-20 18:02:48,440] {dagbag.py:508} INFO - Filling up the DagBag from /opt/airflow/dags/0-firstdag.py
[2024-05-20 18:02:48,443] {processor.py:651} INFO - DAG(s) dict_keys(['first_dag']) retrieved from /opt/airflow/dags/0-firstdag.py
[2024-05-20 18:02:48,458] {logging_mixin.py:115} INFO - [2024-05-20 18:02:48,457] {dag.py:2420} INFO - Sync 1 DAGs
[2024-05-20 18:02:48,470] {logging_mixin.py:115} INFO - [2024-05-20 18:02:48,470] {dag.py:2972} INFO - Setting next_dagrun for first_dag to None, run_after=None
[2024-05-20 18:02:48,477] {processor.py:161} INFO - Processing /opt/airflow/dags/0-firstdag.py took 0.040 seconds
[2024-05-20 18:03:18,774] {processor.py:153} INFO - Started process (PID=8515) to work on /opt/airflow/dags/0-firstdag.py
[2024-05-20 18:03:18,775] {processor.py:641} INFO - Processing file /opt/airflow/dags/0-firstdag.py for tasks to queue
[2024-05-20 18:03:18,775] {logging_mixin.py:115} INFO - [2024-05-20 18:03:18,775] {dagbag.py:508} INFO - Filling up the DagBag from /opt/airflow/dags/0-firstdag.py
[2024-05-20 18:03:18,777] {processor.py:651} INFO - DAG(s) dict_keys(['first_dag']) retrieved from /opt/airflow/dags/0-firstdag.py
[2024-05-20 18:03:18,792] {logging_mixin.py:115} INFO - [2024-05-20 18:03:18,792] {dag.py:2420} INFO - Sync 1 DAGs
[2024-05-20 18:03:18,804] {logging_mixin.py:115} INFO - [2024-05-20 18:03:18,804] {dag.py:2972} INFO - Setting next_dagrun for first_dag to None, run_after=None
[2024-05-20 18:03:18,812] {processor.py:161} INFO - Processing /opt/airflow/dags/0-firstdag.py took 0.039 seconds
[2024-05-20 18:03:49,109] {processor.py:153} INFO - Started process (PID=8548) to work on /opt/airflow/dags/0-firstdag.py
[2024-05-20 18:03:49,109] {processor.py:641} INFO - Processing file /opt/airflow/dags/0-firstdag.py for tasks to queue
[2024-05-20 18:03:49,110] {logging_mixin.py:115} INFO - [2024-05-20 18:03:49,110] {dagbag.py:508} INFO - Filling up the DagBag from /opt/airflow/dags/0-firstdag.py
[2024-05-20 18:03:49,112] {processor.py:651} INFO - DAG(s) dict_keys(['first_dag']) retrieved from /opt/airflow/dags/0-firstdag.py
[2024-05-20 18:03:49,128] {logging_mixin.py:115} INFO - [2024-05-20 18:03:49,128] {dag.py:2420} INFO - Sync 1 DAGs
[2024-05-20 18:03:49,142] {logging_mixin.py:115} INFO - [2024-05-20 18:03:49,142] {dag.py:2972} INFO - Setting next_dagrun for first_dag to None, run_after=None
[2024-05-20 18:03:49,149] {processor.py:161} INFO - Processing /opt/airflow/dags/0-firstdag.py took 0.042 seconds
[2024-05-20 18:04:19,454] {processor.py:153} INFO - Started process (PID=8576) to work on /opt/airflow/dags/0-firstdag.py
[2024-05-20 18:04:19,455] {processor.py:641} INFO - Processing file /opt/airflow/dags/0-firstdag.py for tasks to queue
[2024-05-20 18:04:19,455] {logging_mixin.py:115} INFO - [2024-05-20 18:04:19,455] {dagbag.py:508} INFO - Filling up the DagBag from /opt/airflow/dags/0-firstdag.py
[2024-05-20 18:04:19,457] {processor.py:651} INFO - DAG(s) dict_keys(['first_dag']) retrieved from /opt/airflow/dags/0-firstdag.py
[2024-05-20 18:04:19,473] {logging_mixin.py:115} INFO - [2024-05-20 18:04:19,473] {dag.py:2420} INFO - Sync 1 DAGs
[2024-05-20 18:04:19,486] {logging_mixin.py:115} INFO - [2024-05-20 18:04:19,486] {dag.py:2972} INFO - Setting next_dagrun for first_dag to None, run_after=None
[2024-05-20 18:04:19,493] {processor.py:161} INFO - Processing /opt/airflow/dags/0-firstdag.py took 0.041 seconds
[2024-05-20 18:04:49,786] {processor.py:153} INFO - Started process (PID=8611) to work on /opt/airflow/dags/0-firstdag.py
[2024-05-20 18:04:49,787] {processor.py:641} INFO - Processing file /opt/airflow/dags/0-firstdag.py for tasks to queue
[2024-05-20 18:04:49,787] {logging_mixin.py:115} INFO - [2024-05-20 18:04:49,787] {dagbag.py:508} INFO - Filling up the DagBag from /opt/airflow/dags/0-firstdag.py
[2024-05-20 18:04:49,789] {processor.py:651} INFO - DAG(s) dict_keys(['first_dag']) retrieved from /opt/airflow/dags/0-firstdag.py
[2024-05-20 18:04:49,805] {logging_mixin.py:115} INFO - [2024-05-20 18:04:49,805] {dag.py:2420} INFO - Sync 1 DAGs
[2024-05-20 18:04:49,818] {logging_mixin.py:115} INFO - [2024-05-20 18:04:49,817] {dag.py:2972} INFO - Setting next_dagrun for first_dag to None, run_after=None
[2024-05-20 18:04:49,826] {processor.py:161} INFO - Processing /opt/airflow/dags/0-firstdag.py took 0.043 seconds
[2024-05-20 18:05:20,115] {processor.py:153} INFO - Started process (PID=8646) to work on /opt/airflow/dags/0-firstdag.py
[2024-05-20 18:05:20,116] {processor.py:641} INFO - Processing file /opt/airflow/dags/0-firstdag.py for tasks to queue
[2024-05-20 18:05:20,116] {logging_mixin.py:115} INFO - [2024-05-20 18:05:20,116] {dagbag.py:508} INFO - Filling up the DagBag from /opt/airflow/dags/0-firstdag.py
[2024-05-20 18:05:20,119] {processor.py:651} INFO - DAG(s) dict_keys(['first_dag']) retrieved from /opt/airflow/dags/0-firstdag.py
[2024-05-20 18:05:20,134] {logging_mixin.py:115} INFO - [2024-05-20 18:05:20,134] {dag.py:2420} INFO - Sync 1 DAGs
[2024-05-20 18:05:20,147] {logging_mixin.py:115} INFO - [2024-05-20 18:05:20,147] {dag.py:2972} INFO - Setting next_dagrun for first_dag to None, run_after=None
[2024-05-20 18:05:20,154] {processor.py:161} INFO - Processing /opt/airflow/dags/0-firstdag.py took 0.041 seconds
[2024-05-20 18:05:50,388] {processor.py:153} INFO - Started process (PID=8681) to work on /opt/airflow/dags/0-firstdag.py
[2024-05-20 18:05:50,389] {processor.py:641} INFO - Processing file /opt/airflow/dags/0-firstdag.py for tasks to queue
[2024-05-20 18:05:50,389] {logging_mixin.py:115} INFO - [2024-05-20 18:05:50,389] {dagbag.py:508} INFO - Filling up the DagBag from /opt/airflow/dags/0-firstdag.py
[2024-05-20 18:05:50,392] {processor.py:651} INFO - DAG(s) dict_keys(['first_dag']) retrieved from /opt/airflow/dags/0-firstdag.py
[2024-05-20 18:05:50,407] {logging_mixin.py:115} INFO - [2024-05-20 18:05:50,407] {dag.py:2420} INFO - Sync 1 DAGs
[2024-05-20 18:05:50,421] {logging_mixin.py:115} INFO - [2024-05-20 18:05:50,421] {dag.py:2972} INFO - Setting next_dagrun for first_dag to None, run_after=None
[2024-05-20 18:05:50,430] {processor.py:161} INFO - Processing /opt/airflow/dags/0-firstdag.py took 0.044 seconds
[2024-05-20 18:06:20,720] {processor.py:153} INFO - Started process (PID=8714) to work on /opt/airflow/dags/0-firstdag.py
[2024-05-20 18:06:20,721] {processor.py:641} INFO - Processing file /opt/airflow/dags/0-firstdag.py for tasks to queue
[2024-05-20 18:06:20,721] {logging_mixin.py:115} INFO - [2024-05-20 18:06:20,721] {dagbag.py:508} INFO - Filling up the DagBag from /opt/airflow/dags/0-firstdag.py
[2024-05-20 18:06:20,723] {processor.py:651} INFO - DAG(s) dict_keys(['first_dag']) retrieved from /opt/airflow/dags/0-firstdag.py
[2024-05-20 18:06:20,739] {logging_mixin.py:115} INFO - [2024-05-20 18:06:20,739] {dag.py:2420} INFO - Sync 1 DAGs
[2024-05-20 18:06:20,751] {logging_mixin.py:115} INFO - [2024-05-20 18:06:20,751] {dag.py:2972} INFO - Setting next_dagrun for first_dag to None, run_after=None
[2024-05-20 18:06:20,758] {processor.py:161} INFO - Processing /opt/airflow/dags/0-firstdag.py took 0.040 seconds
[2024-05-20 18:06:51,008] {processor.py:153} INFO - Started process (PID=8740) to work on /opt/airflow/dags/0-firstdag.py
[2024-05-20 18:06:51,008] {processor.py:641} INFO - Processing file /opt/airflow/dags/0-firstdag.py for tasks to queue
[2024-05-20 18:06:51,009] {logging_mixin.py:115} INFO - [2024-05-20 18:06:51,009] {dagbag.py:508} INFO - Filling up the DagBag from /opt/airflow/dags/0-firstdag.py
[2024-05-20 18:06:51,014] {processor.py:651} INFO - DAG(s) dict_keys(['first_dag']) retrieved from /opt/airflow/dags/0-firstdag.py
[2024-05-20 18:06:51,037] {logging_mixin.py:115} INFO - [2024-05-20 18:06:51,037] {dag.py:2420} INFO - Sync 1 DAGs
[2024-05-20 18:06:51,053] {logging_mixin.py:115} INFO - [2024-05-20 18:06:51,053] {dag.py:2972} INFO - Setting next_dagrun for first_dag to None, run_after=None
[2024-05-20 18:06:51,060] {processor.py:161} INFO - Processing /opt/airflow/dags/0-firstdag.py took 0.055 seconds
[2024-05-20 18:07:21,319] {processor.py:153} INFO - Started process (PID=8773) to work on /opt/airflow/dags/0-firstdag.py
[2024-05-20 18:07:21,320] {processor.py:641} INFO - Processing file /opt/airflow/dags/0-firstdag.py for tasks to queue
[2024-05-20 18:07:21,320] {logging_mixin.py:115} INFO - [2024-05-20 18:07:21,320] {dagbag.py:508} INFO - Filling up the DagBag from /opt/airflow/dags/0-firstdag.py
[2024-05-20 18:07:21,323] {processor.py:651} INFO - DAG(s) dict_keys(['first_dag']) retrieved from /opt/airflow/dags/0-firstdag.py
[2024-05-20 18:07:21,341] {logging_mixin.py:115} INFO - [2024-05-20 18:07:21,341] {dag.py:2420} INFO - Sync 1 DAGs
[2024-05-20 18:07:21,355] {logging_mixin.py:115} INFO - [2024-05-20 18:07:21,354] {dag.py:2972} INFO - Setting next_dagrun for first_dag to None, run_after=None
[2024-05-20 18:07:21,362] {processor.py:161} INFO - Processing /opt/airflow/dags/0-firstdag.py took 0.045 seconds
[2024-05-20 18:07:51,650] {processor.py:153} INFO - Started process (PID=8808) to work on /opt/airflow/dags/0-firstdag.py
[2024-05-20 18:07:51,650] {processor.py:641} INFO - Processing file /opt/airflow/dags/0-firstdag.py for tasks to queue
[2024-05-20 18:07:51,650] {logging_mixin.py:115} INFO - [2024-05-20 18:07:51,650] {dagbag.py:508} INFO - Filling up the DagBag from /opt/airflow/dags/0-firstdag.py
[2024-05-20 18:07:51,653] {processor.py:651} INFO - DAG(s) dict_keys(['first_dag']) retrieved from /opt/airflow/dags/0-firstdag.py
[2024-05-20 18:07:51,668] {logging_mixin.py:115} INFO - [2024-05-20 18:07:51,667] {dag.py:2420} INFO - Sync 1 DAGs
[2024-05-20 18:07:51,680] {logging_mixin.py:115} INFO - [2024-05-20 18:07:51,680] {dag.py:2972} INFO - Setting next_dagrun for first_dag to None, run_after=None
[2024-05-20 18:07:51,687] {processor.py:161} INFO - Processing /opt/airflow/dags/0-firstdag.py took 0.040 seconds
[2024-05-20 18:08:21,973] {processor.py:153} INFO - Started process (PID=8844) to work on /opt/airflow/dags/0-firstdag.py
[2024-05-20 18:08:21,973] {processor.py:641} INFO - Processing file /opt/airflow/dags/0-firstdag.py for tasks to queue
[2024-05-20 18:08:21,973] {logging_mixin.py:115} INFO - [2024-05-20 18:08:21,973] {dagbag.py:508} INFO - Filling up the DagBag from /opt/airflow/dags/0-firstdag.py
[2024-05-20 18:08:21,975] {processor.py:651} INFO - DAG(s) dict_keys(['first_dag']) retrieved from /opt/airflow/dags/0-firstdag.py
[2024-05-20 18:08:21,991] {logging_mixin.py:115} INFO - [2024-05-20 18:08:21,991] {dag.py:2420} INFO - Sync 1 DAGs
[2024-05-20 18:08:22,003] {logging_mixin.py:115} INFO - [2024-05-20 18:08:22,003] {dag.py:2972} INFO - Setting next_dagrun for first_dag to None, run_after=None
[2024-05-20 18:08:22,010] {processor.py:161} INFO - Processing /opt/airflow/dags/0-firstdag.py took 0.039 seconds
[2024-05-20 18:08:52,247] {processor.py:153} INFO - Started process (PID=8879) to work on /opt/airflow/dags/0-firstdag.py
[2024-05-20 18:08:52,248] {processor.py:641} INFO - Processing file /opt/airflow/dags/0-firstdag.py for tasks to queue
[2024-05-20 18:08:52,248] {logging_mixin.py:115} INFO - [2024-05-20 18:08:52,248] {dagbag.py:508} INFO - Filling up the DagBag from /opt/airflow/dags/0-firstdag.py
[2024-05-20 18:08:52,251] {processor.py:651} INFO - DAG(s) dict_keys(['first_dag']) retrieved from /opt/airflow/dags/0-firstdag.py
[2024-05-20 18:08:52,267] {logging_mixin.py:115} INFO - [2024-05-20 18:08:52,267] {dag.py:2420} INFO - Sync 1 DAGs
[2024-05-20 18:08:52,283] {logging_mixin.py:115} INFO - [2024-05-20 18:08:52,283] {dag.py:2972} INFO - Setting next_dagrun for first_dag to None, run_after=None
[2024-05-20 18:08:52,292] {processor.py:161} INFO - Processing /opt/airflow/dags/0-firstdag.py took 0.046 seconds
[2024-05-20 18:09:22,599] {processor.py:153} INFO - Started process (PID=8914) to work on /opt/airflow/dags/0-firstdag.py
[2024-05-20 18:09:22,600] {processor.py:641} INFO - Processing file /opt/airflow/dags/0-firstdag.py for tasks to queue
[2024-05-20 18:09:22,600] {logging_mixin.py:115} INFO - [2024-05-20 18:09:22,600] {dagbag.py:508} INFO - Filling up the DagBag from /opt/airflow/dags/0-firstdag.py
[2024-05-20 18:09:22,603] {processor.py:651} INFO - DAG(s) dict_keys(['first_dag']) retrieved from /opt/airflow/dags/0-firstdag.py
[2024-05-20 18:09:22,619] {logging_mixin.py:115} INFO - [2024-05-20 18:09:22,619] {dag.py:2420} INFO - Sync 1 DAGs
[2024-05-20 18:09:22,633] {logging_mixin.py:115} INFO - [2024-05-20 18:09:22,633] {dag.py:2972} INFO - Setting next_dagrun for first_dag to None, run_after=None
[2024-05-20 18:09:22,643] {processor.py:161} INFO - Processing /opt/airflow/dags/0-firstdag.py took 0.046 seconds
[2024-05-20 18:09:52,939] {processor.py:153} INFO - Started process (PID=8940) to work on /opt/airflow/dags/0-firstdag.py
[2024-05-20 18:09:52,940] {processor.py:641} INFO - Processing file /opt/airflow/dags/0-firstdag.py for tasks to queue
[2024-05-20 18:09:52,940] {logging_mixin.py:115} INFO - [2024-05-20 18:09:52,940] {dagbag.py:508} INFO - Filling up the DagBag from /opt/airflow/dags/0-firstdag.py
[2024-05-20 18:09:52,943] {processor.py:651} INFO - DAG(s) dict_keys(['first_dag']) retrieved from /opt/airflow/dags/0-firstdag.py
[2024-05-20 18:09:52,959] {logging_mixin.py:115} INFO - [2024-05-20 18:09:52,959] {dag.py:2420} INFO - Sync 1 DAGs
[2024-05-20 18:09:52,972] {logging_mixin.py:115} INFO - [2024-05-20 18:09:52,972] {dag.py:2972} INFO - Setting next_dagrun for first_dag to None, run_after=None
[2024-05-20 18:09:52,979] {processor.py:161} INFO - Processing /opt/airflow/dags/0-firstdag.py took 0.042 seconds
[2024-05-20 18:10:23,229] {processor.py:153} INFO - Started process (PID=8975) to work on /opt/airflow/dags/0-firstdag.py
[2024-05-20 18:10:23,230] {processor.py:641} INFO - Processing file /opt/airflow/dags/0-firstdag.py for tasks to queue
[2024-05-20 18:10:23,231] {logging_mixin.py:115} INFO - [2024-05-20 18:10:23,230] {dagbag.py:508} INFO - Filling up the DagBag from /opt/airflow/dags/0-firstdag.py
[2024-05-20 18:10:23,236] {processor.py:651} INFO - DAG(s) dict_keys(['first_dag']) retrieved from /opt/airflow/dags/0-firstdag.py
[2024-05-20 18:10:23,251] {logging_mixin.py:115} INFO - [2024-05-20 18:10:23,251] {dag.py:2420} INFO - Sync 1 DAGs
[2024-05-20 18:10:23,264] {logging_mixin.py:115} INFO - [2024-05-20 18:10:23,264] {dag.py:2972} INFO - Setting next_dagrun for first_dag to None, run_after=None
[2024-05-20 18:10:23,271] {processor.py:161} INFO - Processing /opt/airflow/dags/0-firstdag.py took 0.044 seconds
[2024-05-20 18:10:53,525] {processor.py:153} INFO - Started process (PID=9009) to work on /opt/airflow/dags/0-firstdag.py
[2024-05-20 18:10:53,525] {processor.py:641} INFO - Processing file /opt/airflow/dags/0-firstdag.py for tasks to queue
[2024-05-20 18:10:53,526] {logging_mixin.py:115} INFO - [2024-05-20 18:10:53,525] {dagbag.py:508} INFO - Filling up the DagBag from /opt/airflow/dags/0-firstdag.py
[2024-05-20 18:10:53,528] {processor.py:651} INFO - DAG(s) dict_keys(['first_dag']) retrieved from /opt/airflow/dags/0-firstdag.py
[2024-05-20 18:10:53,544] {logging_mixin.py:115} INFO - [2024-05-20 18:10:53,544] {dag.py:2420} INFO - Sync 1 DAGs
[2024-05-20 18:10:53,557] {logging_mixin.py:115} INFO - [2024-05-20 18:10:53,557] {dag.py:2972} INFO - Setting next_dagrun for first_dag to None, run_after=None
[2024-05-20 18:10:53,564] {processor.py:161} INFO - Processing /opt/airflow/dags/0-firstdag.py took 0.041 seconds
[2024-05-20 18:11:23,863] {processor.py:153} INFO - Started process (PID=9043) to work on /opt/airflow/dags/0-firstdag.py
[2024-05-20 18:11:23,863] {processor.py:641} INFO - Processing file /opt/airflow/dags/0-firstdag.py for tasks to queue
[2024-05-20 18:11:23,863] {logging_mixin.py:115} INFO - [2024-05-20 18:11:23,863] {dagbag.py:508} INFO - Filling up the DagBag from /opt/airflow/dags/0-firstdag.py
[2024-05-20 18:11:23,865] {processor.py:651} INFO - DAG(s) dict_keys(['first_dag']) retrieved from /opt/airflow/dags/0-firstdag.py
[2024-05-20 18:11:23,881] {logging_mixin.py:115} INFO - [2024-05-20 18:11:23,880] {dag.py:2420} INFO - Sync 1 DAGs
[2024-05-20 18:11:23,893] {logging_mixin.py:115} INFO - [2024-05-20 18:11:23,893] {dag.py:2972} INFO - Setting next_dagrun for first_dag to None, run_after=None
[2024-05-20 18:11:23,900] {processor.py:161} INFO - Processing /opt/airflow/dags/0-firstdag.py took 0.040 seconds
[2024-05-20 18:11:54,137] {processor.py:153} INFO - Started process (PID=9077) to work on /opt/airflow/dags/0-firstdag.py
[2024-05-20 18:11:54,138] {processor.py:641} INFO - Processing file /opt/airflow/dags/0-firstdag.py for tasks to queue
[2024-05-20 18:11:54,139] {logging_mixin.py:115} INFO - [2024-05-20 18:11:54,138] {dagbag.py:508} INFO - Filling up the DagBag from /opt/airflow/dags/0-firstdag.py
[2024-05-20 18:11:54,141] {processor.py:651} INFO - DAG(s) dict_keys(['first_dag']) retrieved from /opt/airflow/dags/0-firstdag.py
[2024-05-20 18:11:54,157] {logging_mixin.py:115} INFO - [2024-05-20 18:11:54,157] {dag.py:2420} INFO - Sync 1 DAGs
[2024-05-20 18:11:54,171] {logging_mixin.py:115} INFO - [2024-05-20 18:11:54,171] {dag.py:2972} INFO - Setting next_dagrun for first_dag to None, run_after=None
[2024-05-20 18:11:54,178] {processor.py:161} INFO - Processing /opt/airflow/dags/0-firstdag.py took 0.043 seconds
[2024-05-20 18:12:24,455] {processor.py:153} INFO - Started process (PID=9103) to work on /opt/airflow/dags/0-firstdag.py
[2024-05-20 18:12:24,455] {processor.py:641} INFO - Processing file /opt/airflow/dags/0-firstdag.py for tasks to queue
[2024-05-20 18:12:24,456] {logging_mixin.py:115} INFO - [2024-05-20 18:12:24,456] {dagbag.py:508} INFO - Filling up the DagBag from /opt/airflow/dags/0-firstdag.py
[2024-05-20 18:12:24,459] {processor.py:651} INFO - DAG(s) dict_keys(['first_dag']) retrieved from /opt/airflow/dags/0-firstdag.py
[2024-05-20 18:12:24,477] {logging_mixin.py:115} INFO - [2024-05-20 18:12:24,477] {dag.py:2420} INFO - Sync 1 DAGs
[2024-05-20 18:12:24,493] {logging_mixin.py:115} INFO - [2024-05-20 18:12:24,493] {dag.py:2972} INFO - Setting next_dagrun for first_dag to None, run_after=None
[2024-05-20 18:12:24,499] {processor.py:161} INFO - Processing /opt/airflow/dags/0-firstdag.py took 0.047 seconds
[2024-05-20 18:12:54,788] {processor.py:153} INFO - Started process (PID=9138) to work on /opt/airflow/dags/0-firstdag.py
[2024-05-20 18:12:54,788] {processor.py:641} INFO - Processing file /opt/airflow/dags/0-firstdag.py for tasks to queue
[2024-05-20 18:12:54,789] {logging_mixin.py:115} INFO - [2024-05-20 18:12:54,789] {dagbag.py:508} INFO - Filling up the DagBag from /opt/airflow/dags/0-firstdag.py
[2024-05-20 18:12:54,791] {processor.py:651} INFO - DAG(s) dict_keys(['first_dag']) retrieved from /opt/airflow/dags/0-firstdag.py
[2024-05-20 18:12:54,807] {logging_mixin.py:115} INFO - [2024-05-20 18:12:54,807] {dag.py:2420} INFO - Sync 1 DAGs
[2024-05-20 18:12:54,819] {logging_mixin.py:115} INFO - [2024-05-20 18:12:54,819] {dag.py:2972} INFO - Setting next_dagrun for first_dag to None, run_after=None
[2024-05-20 18:12:54,826] {processor.py:161} INFO - Processing /opt/airflow/dags/0-firstdag.py took 0.040 seconds
[2024-05-20 18:13:25,103] {processor.py:153} INFO - Started process (PID=9171) to work on /opt/airflow/dags/0-firstdag.py
[2024-05-20 18:13:25,103] {processor.py:641} INFO - Processing file /opt/airflow/dags/0-firstdag.py for tasks to queue
[2024-05-20 18:13:25,104] {logging_mixin.py:115} INFO - [2024-05-20 18:13:25,104] {dagbag.py:508} INFO - Filling up the DagBag from /opt/airflow/dags/0-firstdag.py
[2024-05-20 18:13:25,106] {processor.py:651} INFO - DAG(s) dict_keys(['first_dag']) retrieved from /opt/airflow/dags/0-firstdag.py
[2024-05-20 18:13:25,121] {logging_mixin.py:115} INFO - [2024-05-20 18:13:25,121] {dag.py:2420} INFO - Sync 1 DAGs
[2024-05-20 18:13:25,134] {logging_mixin.py:115} INFO - [2024-05-20 18:13:25,134] {dag.py:2972} INFO - Setting next_dagrun for first_dag to None, run_after=None
[2024-05-20 18:13:25,160] {processor.py:161} INFO - Processing /opt/airflow/dags/0-firstdag.py took 0.059 seconds
[2024-05-20 18:13:55,456] {processor.py:153} INFO - Started process (PID=9204) to work on /opt/airflow/dags/0-firstdag.py
[2024-05-20 18:13:55,456] {processor.py:641} INFO - Processing file /opt/airflow/dags/0-firstdag.py for tasks to queue
[2024-05-20 18:13:55,456] {logging_mixin.py:115} INFO - [2024-05-20 18:13:55,456] {dagbag.py:508} INFO - Filling up the DagBag from /opt/airflow/dags/0-firstdag.py
[2024-05-20 18:13:55,458] {processor.py:651} INFO - DAG(s) dict_keys(['first_dag']) retrieved from /opt/airflow/dags/0-firstdag.py
[2024-05-20 18:13:55,475] {logging_mixin.py:115} INFO - [2024-05-20 18:13:55,475] {dag.py:2420} INFO - Sync 1 DAGs
[2024-05-20 18:13:55,488] {logging_mixin.py:115} INFO - [2024-05-20 18:13:55,488] {dag.py:2972} INFO - Setting next_dagrun for first_dag to None, run_after=None
[2024-05-20 18:13:55,495] {processor.py:161} INFO - Processing /opt/airflow/dags/0-firstdag.py took 0.042 seconds
[2024-05-20 18:14:25,741] {processor.py:153} INFO - Started process (PID=9238) to work on /opt/airflow/dags/0-firstdag.py
[2024-05-20 18:14:25,741] {processor.py:641} INFO - Processing file /opt/airflow/dags/0-firstdag.py for tasks to queue
[2024-05-20 18:14:25,742] {logging_mixin.py:115} INFO - [2024-05-20 18:14:25,742] {dagbag.py:508} INFO - Filling up the DagBag from /opt/airflow/dags/0-firstdag.py
[2024-05-20 18:14:25,744] {processor.py:651} INFO - DAG(s) dict_keys(['first_dag']) retrieved from /opt/airflow/dags/0-firstdag.py
[2024-05-20 18:14:25,760] {logging_mixin.py:115} INFO - [2024-05-20 18:14:25,760] {dag.py:2420} INFO - Sync 1 DAGs
[2024-05-20 18:14:25,775] {logging_mixin.py:115} INFO - [2024-05-20 18:14:25,775] {dag.py:2972} INFO - Setting next_dagrun for first_dag to None, run_after=None
[2024-05-20 18:14:25,785] {processor.py:161} INFO - Processing /opt/airflow/dags/0-firstdag.py took 0.046 seconds
[2024-05-20 18:14:56,086] {processor.py:153} INFO - Started process (PID=9264) to work on /opt/airflow/dags/0-firstdag.py
[2024-05-20 18:14:56,087] {processor.py:641} INFO - Processing file /opt/airflow/dags/0-firstdag.py for tasks to queue
[2024-05-20 18:14:56,087] {logging_mixin.py:115} INFO - [2024-05-20 18:14:56,087] {dagbag.py:508} INFO - Filling up the DagBag from /opt/airflow/dags/0-firstdag.py
[2024-05-20 18:14:56,089] {processor.py:651} INFO - DAG(s) dict_keys(['first_dag']) retrieved from /opt/airflow/dags/0-firstdag.py
[2024-05-20 18:14:56,107] {logging_mixin.py:115} INFO - [2024-05-20 18:14:56,107] {dag.py:2420} INFO - Sync 1 DAGs
[2024-05-20 18:14:56,122] {logging_mixin.py:115} INFO - [2024-05-20 18:14:56,122] {dag.py:2972} INFO - Setting next_dagrun for first_dag to None, run_after=None
[2024-05-20 18:14:56,130] {processor.py:161} INFO - Processing /opt/airflow/dags/0-firstdag.py took 0.046 seconds
[2024-05-20 18:15:26,368] {processor.py:153} INFO - Started process (PID=9299) to work on /opt/airflow/dags/0-firstdag.py
[2024-05-20 18:15:26,369] {processor.py:641} INFO - Processing file /opt/airflow/dags/0-firstdag.py for tasks to queue
[2024-05-20 18:15:26,369] {logging_mixin.py:115} INFO - [2024-05-20 18:15:26,369] {dagbag.py:508} INFO - Filling up the DagBag from /opt/airflow/dags/0-firstdag.py
[2024-05-20 18:15:26,371] {processor.py:651} INFO - DAG(s) dict_keys(['first_dag']) retrieved from /opt/airflow/dags/0-firstdag.py
[2024-05-20 18:15:26,387] {logging_mixin.py:115} INFO - [2024-05-20 18:15:26,387] {dag.py:2420} INFO - Sync 1 DAGs
[2024-05-20 18:15:26,401] {logging_mixin.py:115} INFO - [2024-05-20 18:15:26,401] {dag.py:2972} INFO - Setting next_dagrun for first_dag to None, run_after=None
[2024-05-20 18:15:26,408] {processor.py:161} INFO - Processing /opt/airflow/dags/0-firstdag.py took 0.042 seconds
[2024-05-20 18:15:56,655] {processor.py:153} INFO - Started process (PID=9334) to work on /opt/airflow/dags/0-firstdag.py
[2024-05-20 18:15:56,656] {processor.py:641} INFO - Processing file /opt/airflow/dags/0-firstdag.py for tasks to queue
[2024-05-20 18:15:56,656] {logging_mixin.py:115} INFO - [2024-05-20 18:15:56,656] {dagbag.py:508} INFO - Filling up the DagBag from /opt/airflow/dags/0-firstdag.py
[2024-05-20 18:15:56,659] {processor.py:651} INFO - DAG(s) dict_keys(['first_dag']) retrieved from /opt/airflow/dags/0-firstdag.py
[2024-05-20 18:15:56,676] {logging_mixin.py:115} INFO - [2024-05-20 18:15:56,676] {dag.py:2420} INFO - Sync 1 DAGs
[2024-05-20 18:15:56,688] {logging_mixin.py:115} INFO - [2024-05-20 18:15:56,688] {dag.py:2972} INFO - Setting next_dagrun for first_dag to None, run_after=None
[2024-05-20 18:15:56,696] {processor.py:161} INFO - Processing /opt/airflow/dags/0-firstdag.py took 0.043 seconds
[2024-05-20 18:16:26,944] {processor.py:153} INFO - Started process (PID=9369) to work on /opt/airflow/dags/0-firstdag.py
[2024-05-20 18:16:26,945] {processor.py:641} INFO - Processing file /opt/airflow/dags/0-firstdag.py for tasks to queue
[2024-05-20 18:16:26,946] {logging_mixin.py:115} INFO - [2024-05-20 18:16:26,946] {dagbag.py:508} INFO - Filling up the DagBag from /opt/airflow/dags/0-firstdag.py
[2024-05-20 18:16:26,949] {processor.py:651} INFO - DAG(s) dict_keys(['first_dag']) retrieved from /opt/airflow/dags/0-firstdag.py
[2024-05-20 18:16:26,969] {logging_mixin.py:115} INFO - [2024-05-20 18:16:26,969] {dag.py:2420} INFO - Sync 1 DAGs
[2024-05-20 18:16:26,984] {logging_mixin.py:115} INFO - [2024-05-20 18:16:26,984] {dag.py:2972} INFO - Setting next_dagrun for first_dag to None, run_after=None
[2024-05-20 18:16:26,993] {processor.py:161} INFO - Processing /opt/airflow/dags/0-firstdag.py took 0.052 seconds
[2024-05-20 18:16:57,289] {processor.py:153} INFO - Started process (PID=9403) to work on /opt/airflow/dags/0-firstdag.py
[2024-05-20 18:16:57,289] {processor.py:641} INFO - Processing file /opt/airflow/dags/0-firstdag.py for tasks to queue
[2024-05-20 18:16:57,289] {logging_mixin.py:115} INFO - [2024-05-20 18:16:57,289] {dagbag.py:508} INFO - Filling up the DagBag from /opt/airflow/dags/0-firstdag.py
[2024-05-20 18:16:57,292] {processor.py:651} INFO - DAG(s) dict_keys(['first_dag']) retrieved from /opt/airflow/dags/0-firstdag.py
[2024-05-20 18:16:57,308] {logging_mixin.py:115} INFO - [2024-05-20 18:16:57,308] {dag.py:2420} INFO - Sync 1 DAGs
[2024-05-20 18:16:57,320] {logging_mixin.py:115} INFO - [2024-05-20 18:16:57,320] {dag.py:2972} INFO - Setting next_dagrun for first_dag to None, run_after=None
[2024-05-20 18:16:57,327] {processor.py:161} INFO - Processing /opt/airflow/dags/0-firstdag.py took 0.041 seconds
[2024-05-20 18:17:27,568] {processor.py:153} INFO - Started process (PID=9438) to work on /opt/airflow/dags/0-firstdag.py
[2024-05-20 18:17:27,568] {processor.py:641} INFO - Processing file /opt/airflow/dags/0-firstdag.py for tasks to queue
[2024-05-20 18:17:27,569] {logging_mixin.py:115} INFO - [2024-05-20 18:17:27,569] {dagbag.py:508} INFO - Filling up the DagBag from /opt/airflow/dags/0-firstdag.py
[2024-05-20 18:17:27,571] {processor.py:651} INFO - DAG(s) dict_keys(['first_dag']) retrieved from /opt/airflow/dags/0-firstdag.py
[2024-05-20 18:17:27,587] {logging_mixin.py:115} INFO - [2024-05-20 18:17:27,587] {dag.py:2420} INFO - Sync 1 DAGs
[2024-05-20 18:17:27,600] {logging_mixin.py:115} INFO - [2024-05-20 18:17:27,599] {dag.py:2972} INFO - Setting next_dagrun for first_dag to None, run_after=None
[2024-05-20 18:17:27,606] {processor.py:161} INFO - Processing /opt/airflow/dags/0-firstdag.py took 0.040 seconds
[2024-05-20 18:17:57,898] {processor.py:153} INFO - Started process (PID=9464) to work on /opt/airflow/dags/0-firstdag.py
[2024-05-20 18:17:57,899] {processor.py:641} INFO - Processing file /opt/airflow/dags/0-firstdag.py for tasks to queue
[2024-05-20 18:17:57,899] {logging_mixin.py:115} INFO - [2024-05-20 18:17:57,899] {dagbag.py:508} INFO - Filling up the DagBag from /opt/airflow/dags/0-firstdag.py
[2024-05-20 18:17:57,901] {processor.py:651} INFO - DAG(s) dict_keys(['first_dag']) retrieved from /opt/airflow/dags/0-firstdag.py
[2024-05-20 18:17:57,916] {logging_mixin.py:115} INFO - [2024-05-20 18:17:57,916] {dag.py:2420} INFO - Sync 1 DAGs
[2024-05-20 18:17:57,929] {logging_mixin.py:115} INFO - [2024-05-20 18:17:57,929] {dag.py:2972} INFO - Setting next_dagrun for first_dag to None, run_after=None
[2024-05-20 18:17:57,936] {processor.py:161} INFO - Processing /opt/airflow/dags/0-firstdag.py took 0.039 seconds
[2024-05-20 18:18:28,171] {processor.py:153} INFO - Started process (PID=9499) to work on /opt/airflow/dags/0-firstdag.py
[2024-05-20 18:18:28,171] {processor.py:641} INFO - Processing file /opt/airflow/dags/0-firstdag.py for tasks to queue
[2024-05-20 18:18:28,172] {logging_mixin.py:115} INFO - [2024-05-20 18:18:28,172] {dagbag.py:508} INFO - Filling up the DagBag from /opt/airflow/dags/0-firstdag.py
[2024-05-20 18:18:28,174] {processor.py:651} INFO - DAG(s) dict_keys(['first_dag']) retrieved from /opt/airflow/dags/0-firstdag.py
[2024-05-20 18:18:28,189] {logging_mixin.py:115} INFO - [2024-05-20 18:18:28,188] {dag.py:2420} INFO - Sync 1 DAGs
[2024-05-20 18:18:28,201] {logging_mixin.py:115} INFO - [2024-05-20 18:18:28,201] {dag.py:2972} INFO - Setting next_dagrun for first_dag to None, run_after=None
[2024-05-20 18:18:28,208] {processor.py:161} INFO - Processing /opt/airflow/dags/0-firstdag.py took 0.039 seconds
[2024-05-20 18:18:58,463] {processor.py:153} INFO - Started process (PID=9534) to work on /opt/airflow/dags/0-firstdag.py
[2024-05-20 18:18:58,464] {processor.py:641} INFO - Processing file /opt/airflow/dags/0-firstdag.py for tasks to queue
[2024-05-20 18:18:58,464] {logging_mixin.py:115} INFO - [2024-05-20 18:18:58,464] {dagbag.py:508} INFO - Filling up the DagBag from /opt/airflow/dags/0-firstdag.py
[2024-05-20 18:18:58,466] {processor.py:651} INFO - DAG(s) dict_keys(['first_dag']) retrieved from /opt/airflow/dags/0-firstdag.py
[2024-05-20 18:18:58,482] {logging_mixin.py:115} INFO - [2024-05-20 18:18:58,482] {dag.py:2420} INFO - Sync 1 DAGs
[2024-05-20 18:18:58,494] {logging_mixin.py:115} INFO - [2024-05-20 18:18:58,494] {dag.py:2972} INFO - Setting next_dagrun for first_dag to None, run_after=None
[2024-05-20 18:18:58,502] {processor.py:161} INFO - Processing /opt/airflow/dags/0-firstdag.py took 0.041 seconds
[2024-05-20 18:19:28,785] {processor.py:153} INFO - Started process (PID=9569) to work on /opt/airflow/dags/0-firstdag.py
[2024-05-20 18:19:28,785] {processor.py:641} INFO - Processing file /opt/airflow/dags/0-firstdag.py for tasks to queue
[2024-05-20 18:19:28,785] {logging_mixin.py:115} INFO - [2024-05-20 18:19:28,785] {dagbag.py:508} INFO - Filling up the DagBag from /opt/airflow/dags/0-firstdag.py
[2024-05-20 18:19:28,787] {processor.py:651} INFO - DAG(s) dict_keys(['first_dag']) retrieved from /opt/airflow/dags/0-firstdag.py
[2024-05-20 18:19:28,803] {logging_mixin.py:115} INFO - [2024-05-20 18:19:28,803] {dag.py:2420} INFO - Sync 1 DAGs
[2024-05-20 18:19:28,816] {logging_mixin.py:115} INFO - [2024-05-20 18:19:28,816] {dag.py:2972} INFO - Setting next_dagrun for first_dag to None, run_after=None
[2024-05-20 18:19:28,823] {processor.py:161} INFO - Processing /opt/airflow/dags/0-firstdag.py took 0.040 seconds
[2024-05-20 18:19:59,107] {processor.py:153} INFO - Started process (PID=9604) to work on /opt/airflow/dags/0-firstdag.py
[2024-05-20 18:19:59,107] {processor.py:641} INFO - Processing file /opt/airflow/dags/0-firstdag.py for tasks to queue
[2024-05-20 18:19:59,108] {logging_mixin.py:115} INFO - [2024-05-20 18:19:59,108] {dagbag.py:508} INFO - Filling up the DagBag from /opt/airflow/dags/0-firstdag.py
[2024-05-20 18:19:59,110] {processor.py:651} INFO - DAG(s) dict_keys(['first_dag']) retrieved from /opt/airflow/dags/0-firstdag.py
[2024-05-20 18:19:59,125] {logging_mixin.py:115} INFO - [2024-05-20 18:19:59,125] {dag.py:2420} INFO - Sync 1 DAGs
[2024-05-20 18:19:59,138] {logging_mixin.py:115} INFO - [2024-05-20 18:19:59,138] {dag.py:2972} INFO - Setting next_dagrun for first_dag to None, run_after=None
[2024-05-20 18:19:59,144] {processor.py:161} INFO - Processing /opt/airflow/dags/0-firstdag.py took 0.039 seconds
[2024-05-20 18:20:29,594] {processor.py:153} INFO - Started process (PID=9637) to work on /opt/airflow/dags/0-firstdag.py
[2024-05-20 18:20:29,594] {processor.py:641} INFO - Processing file /opt/airflow/dags/0-firstdag.py for tasks to queue
[2024-05-20 18:20:29,595] {logging_mixin.py:115} INFO - [2024-05-20 18:20:29,595] {dagbag.py:508} INFO - Filling up the DagBag from /opt/airflow/dags/0-firstdag.py
[2024-05-20 18:20:29,597] {processor.py:651} INFO - DAG(s) dict_keys(['first_dag']) retrieved from /opt/airflow/dags/0-firstdag.py
[2024-05-20 18:20:29,613] {logging_mixin.py:115} INFO - [2024-05-20 18:20:29,613] {dag.py:2420} INFO - Sync 1 DAGs
[2024-05-20 18:20:29,627] {logging_mixin.py:115} INFO - [2024-05-20 18:20:29,626] {dag.py:2972} INFO - Setting next_dagrun for first_dag to None, run_after=None
[2024-05-20 18:20:29,637] {processor.py:161} INFO - Processing /opt/airflow/dags/0-firstdag.py took 0.045 seconds
[2024-05-20 18:20:59,924] {processor.py:153} INFO - Started process (PID=9664) to work on /opt/airflow/dags/0-firstdag.py
[2024-05-20 18:20:59,924] {processor.py:641} INFO - Processing file /opt/airflow/dags/0-firstdag.py for tasks to queue
[2024-05-20 18:20:59,924] {logging_mixin.py:115} INFO - [2024-05-20 18:20:59,924] {dagbag.py:508} INFO - Filling up the DagBag from /opt/airflow/dags/0-firstdag.py
[2024-05-20 18:20:59,926] {processor.py:651} INFO - DAG(s) dict_keys(['first_dag']) retrieved from /opt/airflow/dags/0-firstdag.py
[2024-05-20 18:20:59,942] {logging_mixin.py:115} INFO - [2024-05-20 18:20:59,942] {dag.py:2420} INFO - Sync 1 DAGs
[2024-05-20 18:20:59,956] {logging_mixin.py:115} INFO - [2024-05-20 18:20:59,956] {dag.py:2972} INFO - Setting next_dagrun for first_dag to None, run_after=None
[2024-05-20 18:20:59,963] {processor.py:161} INFO - Processing /opt/airflow/dags/0-firstdag.py took 0.042 seconds
[2024-05-20 18:21:30,245] {processor.py:153} INFO - Started process (PID=9699) to work on /opt/airflow/dags/0-firstdag.py
[2024-05-20 18:21:30,245] {processor.py:641} INFO - Processing file /opt/airflow/dags/0-firstdag.py for tasks to queue
[2024-05-20 18:21:30,246] {logging_mixin.py:115} INFO - [2024-05-20 18:21:30,245] {dagbag.py:508} INFO - Filling up the DagBag from /opt/airflow/dags/0-firstdag.py
[2024-05-20 18:21:30,247] {processor.py:651} INFO - DAG(s) dict_keys(['first_dag']) retrieved from /opt/airflow/dags/0-firstdag.py
[2024-05-20 18:21:30,262] {logging_mixin.py:115} INFO - [2024-05-20 18:21:30,262] {dag.py:2420} INFO - Sync 1 DAGs
[2024-05-20 18:21:30,276] {logging_mixin.py:115} INFO - [2024-05-20 18:21:30,275] {dag.py:2972} INFO - Setting next_dagrun for first_dag to None, run_after=None
[2024-05-20 18:21:30,282] {processor.py:161} INFO - Processing /opt/airflow/dags/0-firstdag.py took 0.040 seconds
[2024-05-20 18:22:00,566] {processor.py:153} INFO - Started process (PID=9734) to work on /opt/airflow/dags/0-firstdag.py
[2024-05-20 18:22:00,566] {processor.py:641} INFO - Processing file /opt/airflow/dags/0-firstdag.py for tasks to queue
[2024-05-20 18:22:00,566] {logging_mixin.py:115} INFO - [2024-05-20 18:22:00,566] {dagbag.py:508} INFO - Filling up the DagBag from /opt/airflow/dags/0-firstdag.py
[2024-05-20 18:22:00,568] {processor.py:651} INFO - DAG(s) dict_keys(['first_dag']) retrieved from /opt/airflow/dags/0-firstdag.py
[2024-05-20 18:22:00,584] {logging_mixin.py:115} INFO - [2024-05-20 18:22:00,584] {dag.py:2420} INFO - Sync 1 DAGs
[2024-05-20 18:22:00,597] {logging_mixin.py:115} INFO - [2024-05-20 18:22:00,597] {dag.py:2972} INFO - Setting next_dagrun for first_dag to None, run_after=None
[2024-05-20 18:22:00,604] {processor.py:161} INFO - Processing /opt/airflow/dags/0-firstdag.py took 0.041 seconds
[2024-05-20 18:22:30,840] {processor.py:153} INFO - Started process (PID=9769) to work on /opt/airflow/dags/0-firstdag.py
[2024-05-20 18:22:30,841] {processor.py:641} INFO - Processing file /opt/airflow/dags/0-firstdag.py for tasks to queue
[2024-05-20 18:22:30,841] {logging_mixin.py:115} INFO - [2024-05-20 18:22:30,841] {dagbag.py:508} INFO - Filling up the DagBag from /opt/airflow/dags/0-firstdag.py
[2024-05-20 18:22:30,843] {processor.py:651} INFO - DAG(s) dict_keys(['first_dag']) retrieved from /opt/airflow/dags/0-firstdag.py
[2024-05-20 18:22:30,859] {logging_mixin.py:115} INFO - [2024-05-20 18:22:30,859] {dag.py:2420} INFO - Sync 1 DAGs
[2024-05-20 18:22:30,873] {logging_mixin.py:115} INFO - [2024-05-20 18:22:30,873] {dag.py:2972} INFO - Setting next_dagrun for first_dag to None, run_after=None
[2024-05-20 18:22:30,882] {processor.py:161} INFO - Processing /opt/airflow/dags/0-firstdag.py took 0.044 seconds
[2024-05-20 18:23:01,142] {processor.py:153} INFO - Started process (PID=9804) to work on /opt/airflow/dags/0-firstdag.py
[2024-05-20 18:23:01,143] {processor.py:641} INFO - Processing file /opt/airflow/dags/0-firstdag.py for tasks to queue
[2024-05-20 18:23:01,143] {logging_mixin.py:115} INFO - [2024-05-20 18:23:01,143] {dagbag.py:508} INFO - Filling up the DagBag from /opt/airflow/dags/0-firstdag.py
[2024-05-20 18:23:01,147] {processor.py:651} INFO - DAG(s) dict_keys(['first_dag']) retrieved from /opt/airflow/dags/0-firstdag.py
[2024-05-20 18:23:01,164] {logging_mixin.py:115} INFO - [2024-05-20 18:23:01,164] {dag.py:2420} INFO - Sync 1 DAGs
[2024-05-20 18:23:01,181] {logging_mixin.py:115} INFO - [2024-05-20 18:23:01,181] {dag.py:2972} INFO - Setting next_dagrun for first_dag to None, run_after=None
[2024-05-20 18:23:01,192] {processor.py:161} INFO - Processing /opt/airflow/dags/0-firstdag.py took 0.054 seconds
[2024-05-20 18:23:31,519] {processor.py:153} INFO - Started process (PID=9830) to work on /opt/airflow/dags/0-firstdag.py
[2024-05-20 18:23:31,519] {processor.py:641} INFO - Processing file /opt/airflow/dags/0-firstdag.py for tasks to queue
[2024-05-20 18:23:31,520] {logging_mixin.py:115} INFO - [2024-05-20 18:23:31,520] {dagbag.py:508} INFO - Filling up the DagBag from /opt/airflow/dags/0-firstdag.py
[2024-05-20 18:23:31,523] {processor.py:651} INFO - DAG(s) dict_keys(['first_dag']) retrieved from /opt/airflow/dags/0-firstdag.py
[2024-05-20 18:23:31,540] {logging_mixin.py:115} INFO - [2024-05-20 18:23:31,540] {dag.py:2420} INFO - Sync 1 DAGs
[2024-05-20 18:23:31,554] {logging_mixin.py:115} INFO - [2024-05-20 18:23:31,553] {dag.py:2972} INFO - Setting next_dagrun for first_dag to None, run_after=None
[2024-05-20 18:23:31,561] {processor.py:161} INFO - Processing /opt/airflow/dags/0-firstdag.py took 0.045 seconds
[2024-05-20 18:24:01,874] {processor.py:153} INFO - Started process (PID=9864) to work on /opt/airflow/dags/0-firstdag.py
[2024-05-20 18:24:01,874] {processor.py:641} INFO - Processing file /opt/airflow/dags/0-firstdag.py for tasks to queue
[2024-05-20 18:24:01,874] {logging_mixin.py:115} INFO - [2024-05-20 18:24:01,874] {dagbag.py:508} INFO - Filling up the DagBag from /opt/airflow/dags/0-firstdag.py
[2024-05-20 18:24:01,876] {processor.py:651} INFO - DAG(s) dict_keys(['first_dag']) retrieved from /opt/airflow/dags/0-firstdag.py
[2024-05-20 18:24:01,894] {logging_mixin.py:115} INFO - [2024-05-20 18:24:01,894] {dag.py:2420} INFO - Sync 1 DAGs
[2024-05-20 18:24:01,907] {logging_mixin.py:115} INFO - [2024-05-20 18:24:01,906] {dag.py:2972} INFO - Setting next_dagrun for first_dag to None, run_after=None
[2024-05-20 18:24:01,913] {processor.py:161} INFO - Processing /opt/airflow/dags/0-firstdag.py took 0.042 seconds
[2024-05-20 18:24:32,184] {processor.py:153} INFO - Started process (PID=9899) to work on /opt/airflow/dags/0-firstdag.py
[2024-05-20 18:24:32,184] {processor.py:641} INFO - Processing file /opt/airflow/dags/0-firstdag.py for tasks to queue
[2024-05-20 18:24:32,185] {logging_mixin.py:115} INFO - [2024-05-20 18:24:32,185] {dagbag.py:508} INFO - Filling up the DagBag from /opt/airflow/dags/0-firstdag.py
[2024-05-20 18:24:32,187] {processor.py:651} INFO - DAG(s) dict_keys(['first_dag']) retrieved from /opt/airflow/dags/0-firstdag.py
[2024-05-20 18:24:32,204] {logging_mixin.py:115} INFO - [2024-05-20 18:24:32,204] {dag.py:2420} INFO - Sync 1 DAGs
[2024-05-20 18:24:32,217] {logging_mixin.py:115} INFO - [2024-05-20 18:24:32,217] {dag.py:2972} INFO - Setting next_dagrun for first_dag to None, run_after=None
[2024-05-20 18:24:32,224] {processor.py:161} INFO - Processing /opt/airflow/dags/0-firstdag.py took 0.042 seconds
[2024-05-20 18:25:02,490] {processor.py:153} INFO - Started process (PID=9934) to work on /opt/airflow/dags/0-firstdag.py
[2024-05-20 18:25:02,490] {processor.py:641} INFO - Processing file /opt/airflow/dags/0-firstdag.py for tasks to queue
[2024-05-20 18:25:02,490] {logging_mixin.py:115} INFO - [2024-05-20 18:25:02,490] {dagbag.py:508} INFO - Filling up the DagBag from /opt/airflow/dags/0-firstdag.py
[2024-05-20 18:25:02,493] {processor.py:651} INFO - DAG(s) dict_keys(['first_dag']) retrieved from /opt/airflow/dags/0-firstdag.py
[2024-05-20 18:25:02,513] {logging_mixin.py:115} INFO - [2024-05-20 18:25:02,513] {dag.py:2420} INFO - Sync 1 DAGs
[2024-05-20 18:25:02,529] {logging_mixin.py:115} INFO - [2024-05-20 18:25:02,529] {dag.py:2972} INFO - Setting next_dagrun for first_dag to None, run_after=None
[2024-05-20 18:25:02,537] {processor.py:161} INFO - Processing /opt/airflow/dags/0-firstdag.py took 0.049 seconds
[2024-05-20 18:25:32,838] {processor.py:153} INFO - Started process (PID=9969) to work on /opt/airflow/dags/0-firstdag.py
[2024-05-20 18:25:32,838] {processor.py:641} INFO - Processing file /opt/airflow/dags/0-firstdag.py for tasks to queue
[2024-05-20 18:25:32,838] {logging_mixin.py:115} INFO - [2024-05-20 18:25:32,838] {dagbag.py:508} INFO - Filling up the DagBag from /opt/airflow/dags/0-firstdag.py
[2024-05-20 18:25:32,841] {processor.py:651} INFO - DAG(s) dict_keys(['first_dag']) retrieved from /opt/airflow/dags/0-firstdag.py
[2024-05-20 18:25:32,856] {logging_mixin.py:115} INFO - [2024-05-20 18:25:32,856] {dag.py:2420} INFO - Sync 1 DAGs
[2024-05-20 18:25:32,869] {logging_mixin.py:115} INFO - [2024-05-20 18:25:32,869] {dag.py:2972} INFO - Setting next_dagrun for first_dag to None, run_after=None
[2024-05-20 18:25:32,876] {processor.py:161} INFO - Processing /opt/airflow/dags/0-firstdag.py took 0.041 seconds
[2024-05-20 18:26:03,184] {processor.py:153} INFO - Started process (PID=9995) to work on /opt/airflow/dags/0-firstdag.py
[2024-05-20 18:26:03,185] {processor.py:641} INFO - Processing file /opt/airflow/dags/0-firstdag.py for tasks to queue
[2024-05-20 18:26:03,185] {logging_mixin.py:115} INFO - [2024-05-20 18:26:03,185] {dagbag.py:508} INFO - Filling up the DagBag from /opt/airflow/dags/0-firstdag.py
[2024-05-20 18:26:03,189] {processor.py:651} INFO - DAG(s) dict_keys(['first_dag']) retrieved from /opt/airflow/dags/0-firstdag.py
[2024-05-20 18:26:03,204] {logging_mixin.py:115} INFO - [2024-05-20 18:26:03,204] {dag.py:2420} INFO - Sync 1 DAGs
[2024-05-20 18:26:03,217] {logging_mixin.py:115} INFO - [2024-05-20 18:26:03,217] {dag.py:2972} INFO - Setting next_dagrun for first_dag to None, run_after=None
[2024-05-20 18:26:03,224] {processor.py:161} INFO - Processing /opt/airflow/dags/0-firstdag.py took 0.042 seconds
[2024-05-20 18:26:33,475] {processor.py:153} INFO - Started process (PID=10030) to work on /opt/airflow/dags/0-firstdag.py
[2024-05-20 18:26:33,475] {processor.py:641} INFO - Processing file /opt/airflow/dags/0-firstdag.py for tasks to queue
[2024-05-20 18:26:33,476] {logging_mixin.py:115} INFO - [2024-05-20 18:26:33,476] {dagbag.py:508} INFO - Filling up the DagBag from /opt/airflow/dags/0-firstdag.py
[2024-05-20 18:26:33,478] {processor.py:651} INFO - DAG(s) dict_keys(['first_dag']) retrieved from /opt/airflow/dags/0-firstdag.py
[2024-05-20 18:26:33,495] {logging_mixin.py:115} INFO - [2024-05-20 18:26:33,495] {dag.py:2420} INFO - Sync 1 DAGs
[2024-05-20 18:26:33,508] {logging_mixin.py:115} INFO - [2024-05-20 18:26:33,507] {dag.py:2972} INFO - Setting next_dagrun for first_dag to None, run_after=None
[2024-05-20 18:26:33,516] {processor.py:161} INFO - Processing /opt/airflow/dags/0-firstdag.py took 0.043 seconds
[2024-05-20 18:27:03,828] {processor.py:153} INFO - Started process (PID=10065) to work on /opt/airflow/dags/0-firstdag.py
[2024-05-20 18:27:03,828] {processor.py:641} INFO - Processing file /opt/airflow/dags/0-firstdag.py for tasks to queue
[2024-05-20 18:27:03,828] {logging_mixin.py:115} INFO - [2024-05-20 18:27:03,828] {dagbag.py:508} INFO - Filling up the DagBag from /opt/airflow/dags/0-firstdag.py
[2024-05-20 18:27:03,831] {processor.py:651} INFO - DAG(s) dict_keys(['first_dag']) retrieved from /opt/airflow/dags/0-firstdag.py
[2024-05-20 18:27:03,848] {logging_mixin.py:115} INFO - [2024-05-20 18:27:03,848] {dag.py:2420} INFO - Sync 1 DAGs
[2024-05-20 18:27:03,862] {logging_mixin.py:115} INFO - [2024-05-20 18:27:03,862] {dag.py:2972} INFO - Setting next_dagrun for first_dag to None, run_after=None
[2024-05-20 18:27:03,870] {processor.py:161} INFO - Processing /opt/airflow/dags/0-firstdag.py took 0.045 seconds
[2024-05-20 18:27:34,161] {processor.py:153} INFO - Started process (PID=10099) to work on /opt/airflow/dags/0-firstdag.py
[2024-05-20 18:27:34,162] {processor.py:641} INFO - Processing file /opt/airflow/dags/0-firstdag.py for tasks to queue
[2024-05-20 18:27:34,162] {logging_mixin.py:115} INFO - [2024-05-20 18:27:34,162] {dagbag.py:508} INFO - Filling up the DagBag from /opt/airflow/dags/0-firstdag.py
[2024-05-20 18:27:34,164] {processor.py:651} INFO - DAG(s) dict_keys(['first_dag']) retrieved from /opt/airflow/dags/0-firstdag.py
[2024-05-20 18:27:34,179] {logging_mixin.py:115} INFO - [2024-05-20 18:27:34,179] {dag.py:2420} INFO - Sync 1 DAGs
[2024-05-20 18:27:34,192] {logging_mixin.py:115} INFO - [2024-05-20 18:27:34,192] {dag.py:2972} INFO - Setting next_dagrun for first_dag to None, run_after=None
[2024-05-20 18:27:34,199] {processor.py:161} INFO - Processing /opt/airflow/dags/0-firstdag.py took 0.039 seconds
[2024-05-20 18:28:04,465] {processor.py:153} INFO - Started process (PID=10133) to work on /opt/airflow/dags/0-firstdag.py
[2024-05-20 18:28:04,467] {processor.py:641} INFO - Processing file /opt/airflow/dags/0-firstdag.py for tasks to queue
[2024-05-20 18:28:04,467] {logging_mixin.py:115} INFO - [2024-05-20 18:28:04,467] {dagbag.py:508} INFO - Filling up the DagBag from /opt/airflow/dags/0-firstdag.py
[2024-05-20 18:28:04,470] {processor.py:651} INFO - DAG(s) dict_keys(['first_dag']) retrieved from /opt/airflow/dags/0-firstdag.py
[2024-05-20 18:28:04,486] {logging_mixin.py:115} INFO - [2024-05-20 18:28:04,486] {dag.py:2420} INFO - Sync 1 DAGs
[2024-05-20 18:28:04,499] {logging_mixin.py:115} INFO - [2024-05-20 18:28:04,499] {dag.py:2972} INFO - Setting next_dagrun for first_dag to None, run_after=None
[2024-05-20 18:28:04,507] {processor.py:161} INFO - Processing /opt/airflow/dags/0-firstdag.py took 0.043 seconds
[2024-05-20 18:28:34,827] {processor.py:153} INFO - Started process (PID=10167) to work on /opt/airflow/dags/0-firstdag.py
[2024-05-20 18:28:34,828] {processor.py:641} INFO - Processing file /opt/airflow/dags/0-firstdag.py for tasks to queue
[2024-05-20 18:28:34,828] {logging_mixin.py:115} INFO - [2024-05-20 18:28:34,828] {dagbag.py:508} INFO - Filling up the DagBag from /opt/airflow/dags/0-firstdag.py
[2024-05-20 18:28:34,831] {processor.py:651} INFO - DAG(s) dict_keys(['first_dag']) retrieved from /opt/airflow/dags/0-firstdag.py
[2024-05-20 18:28:34,848] {logging_mixin.py:115} INFO - [2024-05-20 18:28:34,848] {dag.py:2420} INFO - Sync 1 DAGs
[2024-05-20 18:28:34,862] {logging_mixin.py:115} INFO - [2024-05-20 18:28:34,862] {dag.py:2972} INFO - Setting next_dagrun for first_dag to None, run_after=None
[2024-05-20 18:28:34,869] {processor.py:161} INFO - Processing /opt/airflow/dags/0-firstdag.py took 0.044 seconds
[2024-05-20 18:29:05,152] {processor.py:153} INFO - Started process (PID=10193) to work on /opt/airflow/dags/0-firstdag.py
[2024-05-20 18:29:05,152] {processor.py:641} INFO - Processing file /opt/airflow/dags/0-firstdag.py for tasks to queue
[2024-05-20 18:29:05,153] {logging_mixin.py:115} INFO - [2024-05-20 18:29:05,153] {dagbag.py:508} INFO - Filling up the DagBag from /opt/airflow/dags/0-firstdag.py
[2024-05-20 18:29:05,155] {processor.py:651} INFO - DAG(s) dict_keys(['first_dag']) retrieved from /opt/airflow/dags/0-firstdag.py
[2024-05-20 18:29:05,170] {logging_mixin.py:115} INFO - [2024-05-20 18:29:05,170] {dag.py:2420} INFO - Sync 1 DAGs
[2024-05-20 18:29:05,183] {logging_mixin.py:115} INFO - [2024-05-20 18:29:05,183] {dag.py:2972} INFO - Setting next_dagrun for first_dag to None, run_after=None
[2024-05-20 18:29:05,190] {processor.py:161} INFO - Processing /opt/airflow/dags/0-firstdag.py took 0.040 seconds
[2024-05-20 18:29:35,441] {processor.py:153} INFO - Started process (PID=10228) to work on /opt/airflow/dags/0-firstdag.py
[2024-05-20 18:29:35,442] {processor.py:641} INFO - Processing file /opt/airflow/dags/0-firstdag.py for tasks to queue
[2024-05-20 18:29:35,442] {logging_mixin.py:115} INFO - [2024-05-20 18:29:35,442] {dagbag.py:508} INFO - Filling up the DagBag from /opt/airflow/dags/0-firstdag.py
[2024-05-20 18:29:35,445] {processor.py:651} INFO - DAG(s) dict_keys(['first_dag']) retrieved from /opt/airflow/dags/0-firstdag.py
[2024-05-20 18:29:35,462] {logging_mixin.py:115} INFO - [2024-05-20 18:29:35,462] {dag.py:2420} INFO - Sync 1 DAGs
[2024-05-20 18:29:35,475] {logging_mixin.py:115} INFO - [2024-05-20 18:29:35,475] {dag.py:2972} INFO - Setting next_dagrun for first_dag to None, run_after=None
[2024-05-20 18:29:35,482] {processor.py:161} INFO - Processing /opt/airflow/dags/0-firstdag.py took 0.044 seconds
[2024-05-20 18:30:05,736] {processor.py:153} INFO - Started process (PID=10263) to work on /opt/airflow/dags/0-firstdag.py
[2024-05-20 18:30:05,737] {processor.py:641} INFO - Processing file /opt/airflow/dags/0-firstdag.py for tasks to queue
[2024-05-20 18:30:05,737] {logging_mixin.py:115} INFO - [2024-05-20 18:30:05,737] {dagbag.py:508} INFO - Filling up the DagBag from /opt/airflow/dags/0-firstdag.py
[2024-05-20 18:30:05,739] {processor.py:651} INFO - DAG(s) dict_keys(['first_dag']) retrieved from /opt/airflow/dags/0-firstdag.py
[2024-05-20 18:30:05,756] {logging_mixin.py:115} INFO - [2024-05-20 18:30:05,756] {dag.py:2420} INFO - Sync 1 DAGs
[2024-05-20 18:30:05,771] {logging_mixin.py:115} INFO - [2024-05-20 18:30:05,771] {dag.py:2972} INFO - Setting next_dagrun for first_dag to None, run_after=None
[2024-05-20 18:30:05,780] {processor.py:161} INFO - Processing /opt/airflow/dags/0-firstdag.py took 0.046 seconds
[2024-05-20 18:30:36,076] {processor.py:153} INFO - Started process (PID=10298) to work on /opt/airflow/dags/0-firstdag.py
[2024-05-20 18:30:36,076] {processor.py:641} INFO - Processing file /opt/airflow/dags/0-firstdag.py for tasks to queue
[2024-05-20 18:30:36,077] {logging_mixin.py:115} INFO - [2024-05-20 18:30:36,077] {dagbag.py:508} INFO - Filling up the DagBag from /opt/airflow/dags/0-firstdag.py
[2024-05-20 18:30:36,079] {processor.py:651} INFO - DAG(s) dict_keys(['first_dag']) retrieved from /opt/airflow/dags/0-firstdag.py
[2024-05-20 18:30:36,094] {logging_mixin.py:115} INFO - [2024-05-20 18:30:36,094] {dag.py:2420} INFO - Sync 1 DAGs
[2024-05-20 18:30:36,106] {logging_mixin.py:115} INFO - [2024-05-20 18:30:36,106] {dag.py:2972} INFO - Setting next_dagrun for first_dag to None, run_after=None
[2024-05-20 18:30:36,113] {processor.py:161} INFO - Processing /opt/airflow/dags/0-firstdag.py took 0.040 seconds
[2024-05-20 18:31:06,392] {processor.py:153} INFO - Started process (PID=10333) to work on /opt/airflow/dags/0-firstdag.py
[2024-05-20 18:31:06,392] {processor.py:641} INFO - Processing file /opt/airflow/dags/0-firstdag.py for tasks to queue
[2024-05-20 18:31:06,393] {logging_mixin.py:115} INFO - [2024-05-20 18:31:06,393] {dagbag.py:508} INFO - Filling up the DagBag from /opt/airflow/dags/0-firstdag.py
[2024-05-20 18:31:06,395] {processor.py:651} INFO - DAG(s) dict_keys(['first_dag']) retrieved from /opt/airflow/dags/0-firstdag.py
[2024-05-20 18:31:06,410] {logging_mixin.py:115} INFO - [2024-05-20 18:31:06,410] {dag.py:2420} INFO - Sync 1 DAGs
[2024-05-20 18:31:06,422] {logging_mixin.py:115} INFO - [2024-05-20 18:31:06,422] {dag.py:2972} INFO - Setting next_dagrun for first_dag to None, run_after=None
[2024-05-20 18:31:06,429] {processor.py:161} INFO - Processing /opt/airflow/dags/0-firstdag.py took 0.039 seconds
[2024-05-20 18:31:36,668] {processor.py:153} INFO - Started process (PID=10359) to work on /opt/airflow/dags/0-firstdag.py
[2024-05-20 18:31:36,668] {processor.py:641} INFO - Processing file /opt/airflow/dags/0-firstdag.py for tasks to queue
[2024-05-20 18:31:36,669] {logging_mixin.py:115} INFO - [2024-05-20 18:31:36,669] {dagbag.py:508} INFO - Filling up the DagBag from /opt/airflow/dags/0-firstdag.py
[2024-05-20 18:31:36,671] {processor.py:651} INFO - DAG(s) dict_keys(['first_dag']) retrieved from /opt/airflow/dags/0-firstdag.py
[2024-05-20 18:31:36,687] {logging_mixin.py:115} INFO - [2024-05-20 18:31:36,687] {dag.py:2420} INFO - Sync 1 DAGs
[2024-05-20 18:31:36,701] {logging_mixin.py:115} INFO - [2024-05-20 18:31:36,701] {dag.py:2972} INFO - Setting next_dagrun for first_dag to None, run_after=None
[2024-05-20 18:31:36,709] {processor.py:161} INFO - Processing /opt/airflow/dags/0-firstdag.py took 0.043 seconds
[2024-05-20 18:32:06,953] {processor.py:153} INFO - Started process (PID=10394) to work on /opt/airflow/dags/0-firstdag.py
[2024-05-20 18:32:06,953] {processor.py:641} INFO - Processing file /opt/airflow/dags/0-firstdag.py for tasks to queue
[2024-05-20 18:32:06,954] {logging_mixin.py:115} INFO - [2024-05-20 18:32:06,954] {dagbag.py:508} INFO - Filling up the DagBag from /opt/airflow/dags/0-firstdag.py
[2024-05-20 18:32:06,956] {processor.py:651} INFO - DAG(s) dict_keys(['first_dag']) retrieved from /opt/airflow/dags/0-firstdag.py
[2024-05-20 18:32:06,972] {logging_mixin.py:115} INFO - [2024-05-20 18:32:06,972] {dag.py:2420} INFO - Sync 1 DAGs
[2024-05-20 18:32:06,985] {logging_mixin.py:115} INFO - [2024-05-20 18:32:06,985] {dag.py:2972} INFO - Setting next_dagrun for first_dag to None, run_after=None
[2024-05-20 18:32:06,992] {processor.py:161} INFO - Processing /opt/airflow/dags/0-firstdag.py took 0.041 seconds
[2024-05-20 18:32:37,254] {processor.py:153} INFO - Started process (PID=10429) to work on /opt/airflow/dags/0-firstdag.py
[2024-05-20 18:32:37,254] {processor.py:641} INFO - Processing file /opt/airflow/dags/0-firstdag.py for tasks to queue
[2024-05-20 18:32:37,254] {logging_mixin.py:115} INFO - [2024-05-20 18:32:37,254] {dagbag.py:508} INFO - Filling up the DagBag from /opt/airflow/dags/0-firstdag.py
[2024-05-20 18:32:37,256] {processor.py:651} INFO - DAG(s) dict_keys(['first_dag']) retrieved from /opt/airflow/dags/0-firstdag.py
[2024-05-20 18:32:37,273] {logging_mixin.py:115} INFO - [2024-05-20 18:32:37,273] {dag.py:2420} INFO - Sync 1 DAGs
[2024-05-20 18:32:37,285] {logging_mixin.py:115} INFO - [2024-05-20 18:32:37,285] {dag.py:2972} INFO - Setting next_dagrun for first_dag to None, run_after=None
[2024-05-20 18:32:37,292] {processor.py:161} INFO - Processing /opt/airflow/dags/0-firstdag.py took 0.040 seconds
[2024-05-20 18:33:07,590] {processor.py:153} INFO - Started process (PID=10464) to work on /opt/airflow/dags/0-firstdag.py
[2024-05-20 18:33:07,590] {processor.py:641} INFO - Processing file /opt/airflow/dags/0-firstdag.py for tasks to queue
[2024-05-20 18:33:07,591] {logging_mixin.py:115} INFO - [2024-05-20 18:33:07,591] {dagbag.py:508} INFO - Filling up the DagBag from /opt/airflow/dags/0-firstdag.py
[2024-05-20 18:33:07,593] {processor.py:651} INFO - DAG(s) dict_keys(['first_dag']) retrieved from /opt/airflow/dags/0-firstdag.py
[2024-05-20 18:33:07,608] {logging_mixin.py:115} INFO - [2024-05-20 18:33:07,608] {dag.py:2420} INFO - Sync 1 DAGs
[2024-05-20 18:33:07,620] {logging_mixin.py:115} INFO - [2024-05-20 18:33:07,620] {dag.py:2972} INFO - Setting next_dagrun for first_dag to None, run_after=None
[2024-05-20 18:33:07,627] {processor.py:161} INFO - Processing /opt/airflow/dags/0-firstdag.py took 0.039 seconds
[2024-05-20 18:33:37,955] {processor.py:153} INFO - Started process (PID=10498) to work on /opt/airflow/dags/0-firstdag.py
[2024-05-20 18:33:37,956] {processor.py:641} INFO - Processing file /opt/airflow/dags/0-firstdag.py for tasks to queue
[2024-05-20 18:33:37,956] {logging_mixin.py:115} INFO - [2024-05-20 18:33:37,956] {dagbag.py:508} INFO - Filling up the DagBag from /opt/airflow/dags/0-firstdag.py
[2024-05-20 18:33:37,959] {processor.py:651} INFO - DAG(s) dict_keys(['first_dag']) retrieved from /opt/airflow/dags/0-firstdag.py
[2024-05-20 18:33:37,977] {logging_mixin.py:115} INFO - [2024-05-20 18:33:37,977] {dag.py:2420} INFO - Sync 1 DAGs
[2024-05-20 18:33:37,992] {logging_mixin.py:115} INFO - [2024-05-20 18:33:37,992] {dag.py:2972} INFO - Setting next_dagrun for first_dag to None, run_after=None
[2024-05-20 18:33:38,000] {processor.py:161} INFO - Processing /opt/airflow/dags/0-firstdag.py took 0.048 seconds
[2024-05-20 18:34:08,303] {processor.py:153} INFO - Started process (PID=10533) to work on /opt/airflow/dags/0-firstdag.py
[2024-05-20 18:34:08,303] {processor.py:641} INFO - Processing file /opt/airflow/dags/0-firstdag.py for tasks to queue
[2024-05-20 18:34:08,304] {logging_mixin.py:115} INFO - [2024-05-20 18:34:08,304] {dagbag.py:508} INFO - Filling up the DagBag from /opt/airflow/dags/0-firstdag.py
[2024-05-20 18:34:08,308] {processor.py:651} INFO - DAG(s) dict_keys(['first_dag']) retrieved from /opt/airflow/dags/0-firstdag.py
[2024-05-20 18:34:08,328] {logging_mixin.py:115} INFO - [2024-05-20 18:34:08,328] {dag.py:2420} INFO - Sync 1 DAGs
[2024-05-20 18:34:08,341] {logging_mixin.py:115} INFO - [2024-05-20 18:34:08,341] {dag.py:2972} INFO - Setting next_dagrun for first_dag to None, run_after=None
[2024-05-20 18:34:08,351] {processor.py:161} INFO - Processing /opt/airflow/dags/0-firstdag.py took 0.050 seconds
[2024-05-20 18:34:38,608] {processor.py:153} INFO - Started process (PID=10559) to work on /opt/airflow/dags/0-firstdag.py
[2024-05-20 18:34:38,608] {processor.py:641} INFO - Processing file /opt/airflow/dags/0-firstdag.py for tasks to queue
[2024-05-20 18:34:38,608] {logging_mixin.py:115} INFO - [2024-05-20 18:34:38,608] {dagbag.py:508} INFO - Filling up the DagBag from /opt/airflow/dags/0-firstdag.py
[2024-05-20 18:34:38,610] {processor.py:651} INFO - DAG(s) dict_keys(['first_dag']) retrieved from /opt/airflow/dags/0-firstdag.py
[2024-05-20 18:34:38,626] {logging_mixin.py:115} INFO - [2024-05-20 18:34:38,626] {dag.py:2420} INFO - Sync 1 DAGs
[2024-05-20 18:34:38,639] {logging_mixin.py:115} INFO - [2024-05-20 18:34:38,639] {dag.py:2972} INFO - Setting next_dagrun for first_dag to None, run_after=None
[2024-05-20 18:34:38,646] {processor.py:161} INFO - Processing /opt/airflow/dags/0-firstdag.py took 0.041 seconds
[2024-05-20 18:35:08,905] {processor.py:153} INFO - Started process (PID=10594) to work on /opt/airflow/dags/0-firstdag.py
[2024-05-20 18:35:08,905] {processor.py:641} INFO - Processing file /opt/airflow/dags/0-firstdag.py for tasks to queue
[2024-05-20 18:35:08,906] {logging_mixin.py:115} INFO - [2024-05-20 18:35:08,906] {dagbag.py:508} INFO - Filling up the DagBag from /opt/airflow/dags/0-firstdag.py
[2024-05-20 18:35:08,908] {processor.py:651} INFO - DAG(s) dict_keys(['first_dag']) retrieved from /opt/airflow/dags/0-firstdag.py
[2024-05-20 18:35:08,923] {logging_mixin.py:115} INFO - [2024-05-20 18:35:08,923] {dag.py:2420} INFO - Sync 1 DAGs
[2024-05-20 18:35:08,936] {logging_mixin.py:115} INFO - [2024-05-20 18:35:08,936] {dag.py:2972} INFO - Setting next_dagrun for first_dag to None, run_after=None
[2024-05-20 18:35:08,942] {processor.py:161} INFO - Processing /opt/airflow/dags/0-firstdag.py took 0.040 seconds
[2024-05-20 18:35:39,186] {processor.py:153} INFO - Started process (PID=10629) to work on /opt/airflow/dags/0-firstdag.py
[2024-05-20 18:35:39,186] {processor.py:641} INFO - Processing file /opt/airflow/dags/0-firstdag.py for tasks to queue
[2024-05-20 18:35:39,186] {logging_mixin.py:115} INFO - [2024-05-20 18:35:39,186] {dagbag.py:508} INFO - Filling up the DagBag from /opt/airflow/dags/0-firstdag.py
[2024-05-20 18:35:39,189] {processor.py:651} INFO - DAG(s) dict_keys(['first_dag']) retrieved from /opt/airflow/dags/0-firstdag.py
[2024-05-20 18:35:39,207] {logging_mixin.py:115} INFO - [2024-05-20 18:35:39,207] {dag.py:2420} INFO - Sync 1 DAGs
[2024-05-20 18:35:39,220] {logging_mixin.py:115} INFO - [2024-05-20 18:35:39,220] {dag.py:2972} INFO - Setting next_dagrun for first_dag to None, run_after=None
[2024-05-20 18:35:39,229] {processor.py:161} INFO - Processing /opt/airflow/dags/0-firstdag.py took 0.046 seconds
[2024-05-20 18:36:09,531] {processor.py:153} INFO - Started process (PID=10662) to work on /opt/airflow/dags/0-firstdag.py
[2024-05-20 18:36:09,532] {processor.py:641} INFO - Processing file /opt/airflow/dags/0-firstdag.py for tasks to queue
[2024-05-20 18:36:09,532] {logging_mixin.py:115} INFO - [2024-05-20 18:36:09,532] {dagbag.py:508} INFO - Filling up the DagBag from /opt/airflow/dags/0-firstdag.py
[2024-05-20 18:36:09,534] {processor.py:651} INFO - DAG(s) dict_keys(['first_dag']) retrieved from /opt/airflow/dags/0-firstdag.py
[2024-05-20 18:36:09,550] {logging_mixin.py:115} INFO - [2024-05-20 18:36:09,550] {dag.py:2420} INFO - Sync 1 DAGs
[2024-05-20 18:36:09,563] {logging_mixin.py:115} INFO - [2024-05-20 18:36:09,563] {dag.py:2972} INFO - Setting next_dagrun for first_dag to None, run_after=None
[2024-05-20 18:36:09,569] {processor.py:161} INFO - Processing /opt/airflow/dags/0-firstdag.py took 0.040 seconds
[2024-05-20 18:36:39,874] {processor.py:153} INFO - Started process (PID=10695) to work on /opt/airflow/dags/0-firstdag.py
[2024-05-20 18:36:39,874] {processor.py:641} INFO - Processing file /opt/airflow/dags/0-firstdag.py for tasks to queue
[2024-05-20 18:36:39,875] {logging_mixin.py:115} INFO - [2024-05-20 18:36:39,875] {dagbag.py:508} INFO - Filling up the DagBag from /opt/airflow/dags/0-firstdag.py
[2024-05-20 18:36:39,877] {processor.py:651} INFO - DAG(s) dict_keys(['first_dag']) retrieved from /opt/airflow/dags/0-firstdag.py
[2024-05-20 18:36:39,895] {logging_mixin.py:115} INFO - [2024-05-20 18:36:39,895] {dag.py:2420} INFO - Sync 1 DAGs
[2024-05-20 18:36:39,908] {logging_mixin.py:115} INFO - [2024-05-20 18:36:39,908] {dag.py:2972} INFO - Setting next_dagrun for first_dag to None, run_after=None
[2024-05-20 18:36:39,916] {processor.py:161} INFO - Processing /opt/airflow/dags/0-firstdag.py took 0.045 seconds
[2024-05-20 18:37:10,183] {processor.py:153} INFO - Started process (PID=10720) to work on /opt/airflow/dags/0-firstdag.py
[2024-05-20 18:37:10,183] {processor.py:641} INFO - Processing file /opt/airflow/dags/0-firstdag.py for tasks to queue
[2024-05-20 18:37:10,184] {logging_mixin.py:115} INFO - [2024-05-20 18:37:10,184] {dagbag.py:508} INFO - Filling up the DagBag from /opt/airflow/dags/0-firstdag.py
[2024-05-20 18:37:10,187] {processor.py:651} INFO - DAG(s) dict_keys(['first_dag']) retrieved from /opt/airflow/dags/0-firstdag.py
[2024-05-20 18:37:10,206] {logging_mixin.py:115} INFO - [2024-05-20 18:37:10,206] {dag.py:2420} INFO - Sync 1 DAGs
[2024-05-20 18:37:10,221] {logging_mixin.py:115} INFO - [2024-05-20 18:37:10,221] {dag.py:2972} INFO - Setting next_dagrun for first_dag to None, run_after=None
[2024-05-20 18:37:10,231] {processor.py:161} INFO - Processing /opt/airflow/dags/0-firstdag.py took 0.051 seconds
[2024-05-20 18:37:40,517] {processor.py:153} INFO - Started process (PID=10754) to work on /opt/airflow/dags/0-firstdag.py
[2024-05-20 18:37:40,518] {processor.py:641} INFO - Processing file /opt/airflow/dags/0-firstdag.py for tasks to queue
[2024-05-20 18:37:40,519] {logging_mixin.py:115} INFO - [2024-05-20 18:37:40,519] {dagbag.py:508} INFO - Filling up the DagBag from /opt/airflow/dags/0-firstdag.py
[2024-05-20 18:37:40,523] {processor.py:651} INFO - DAG(s) dict_keys(['first_dag']) retrieved from /opt/airflow/dags/0-firstdag.py
[2024-05-20 18:37:40,542] {logging_mixin.py:115} INFO - [2024-05-20 18:37:40,542] {dag.py:2420} INFO - Sync 1 DAGs
[2024-05-20 18:37:40,558] {logging_mixin.py:115} INFO - [2024-05-20 18:37:40,558] {dag.py:2972} INFO - Setting next_dagrun for first_dag to None, run_after=None
[2024-05-20 18:37:40,566] {processor.py:161} INFO - Processing /opt/airflow/dags/0-firstdag.py took 0.052 seconds
[2024-05-20 18:38:10,899] {processor.py:153} INFO - Started process (PID=10788) to work on /opt/airflow/dags/0-firstdag.py
[2024-05-20 18:38:10,900] {processor.py:641} INFO - Processing file /opt/airflow/dags/0-firstdag.py for tasks to queue
[2024-05-20 18:38:10,901] {logging_mixin.py:115} INFO - [2024-05-20 18:38:10,901] {dagbag.py:508} INFO - Filling up the DagBag from /opt/airflow/dags/0-firstdag.py
[2024-05-20 18:38:10,904] {processor.py:651} INFO - DAG(s) dict_keys(['first_dag']) retrieved from /opt/airflow/dags/0-firstdag.py
[2024-05-20 18:38:10,922] {logging_mixin.py:115} INFO - [2024-05-20 18:38:10,922] {dag.py:2420} INFO - Sync 1 DAGs
[2024-05-20 18:38:10,936] {logging_mixin.py:115} INFO - [2024-05-20 18:38:10,936] {dag.py:2972} INFO - Setting next_dagrun for first_dag to None, run_after=None
[2024-05-20 18:38:10,944] {processor.py:161} INFO - Processing /opt/airflow/dags/0-firstdag.py took 0.048 seconds
[2024-05-20 18:38:41,182] {processor.py:153} INFO - Started process (PID=10823) to work on /opt/airflow/dags/0-firstdag.py
[2024-05-20 18:38:41,182] {processor.py:641} INFO - Processing file /opt/airflow/dags/0-firstdag.py for tasks to queue
[2024-05-20 18:38:41,183] {logging_mixin.py:115} INFO - [2024-05-20 18:38:41,183] {dagbag.py:508} INFO - Filling up the DagBag from /opt/airflow/dags/0-firstdag.py
[2024-05-20 18:38:41,185] {processor.py:651} INFO - DAG(s) dict_keys(['first_dag']) retrieved from /opt/airflow/dags/0-firstdag.py
[2024-05-20 18:38:41,199] {logging_mixin.py:115} INFO - [2024-05-20 18:38:41,199] {dag.py:2420} INFO - Sync 1 DAGs
[2024-05-20 18:38:41,212] {logging_mixin.py:115} INFO - [2024-05-20 18:38:41,212] {dag.py:2972} INFO - Setting next_dagrun for first_dag to None, run_after=None
[2024-05-20 18:38:41,219] {processor.py:161} INFO - Processing /opt/airflow/dags/0-firstdag.py took 0.039 seconds
[2024-05-20 18:39:11,460] {processor.py:153} INFO - Started process (PID=10857) to work on /opt/airflow/dags/0-firstdag.py
[2024-05-20 18:39:11,460] {processor.py:641} INFO - Processing file /opt/airflow/dags/0-firstdag.py for tasks to queue
[2024-05-20 18:39:11,460] {logging_mixin.py:115} INFO - [2024-05-20 18:39:11,460] {dagbag.py:508} INFO - Filling up the DagBag from /opt/airflow/dags/0-firstdag.py
[2024-05-20 18:39:11,462] {processor.py:651} INFO - DAG(s) dict_keys(['first_dag']) retrieved from /opt/airflow/dags/0-firstdag.py
[2024-05-20 18:39:11,478] {logging_mixin.py:115} INFO - [2024-05-20 18:39:11,478] {dag.py:2420} INFO - Sync 1 DAGs
[2024-05-20 18:39:11,493] {logging_mixin.py:115} INFO - [2024-05-20 18:39:11,493] {dag.py:2972} INFO - Setting next_dagrun for first_dag to None, run_after=None
[2024-05-20 18:39:11,501] {processor.py:161} INFO - Processing /opt/airflow/dags/0-firstdag.py took 0.044 seconds
[2024-05-20 18:39:41,847] {processor.py:153} INFO - Started process (PID=10883) to work on /opt/airflow/dags/0-firstdag.py
[2024-05-20 18:39:41,847] {processor.py:641} INFO - Processing file /opt/airflow/dags/0-firstdag.py for tasks to queue
[2024-05-20 18:39:41,848] {logging_mixin.py:115} INFO - [2024-05-20 18:39:41,848] {dagbag.py:508} INFO - Filling up the DagBag from /opt/airflow/dags/0-firstdag.py
[2024-05-20 18:39:41,850] {processor.py:651} INFO - DAG(s) dict_keys(['first_dag']) retrieved from /opt/airflow/dags/0-firstdag.py
[2024-05-20 18:39:41,866] {logging_mixin.py:115} INFO - [2024-05-20 18:39:41,866] {dag.py:2420} INFO - Sync 1 DAGs
[2024-05-20 18:39:41,879] {logging_mixin.py:115} INFO - [2024-05-20 18:39:41,879] {dag.py:2972} INFO - Setting next_dagrun for first_dag to None, run_after=None
[2024-05-20 18:39:41,886] {processor.py:161} INFO - Processing /opt/airflow/dags/0-firstdag.py took 0.041 seconds
