[2024-08-14 00:00:08,219] {processor.py:153} INFO - Started process (PID=39156) to work on /opt/airflow/dags/3-dependencies.py
[2024-08-14 00:00:08,219] {processor.py:641} INFO - Processing file /opt/airflow/dags/3-dependencies.py for tasks to queue
[2024-08-14 00:00:08,220] {logging_mixin.py:115} INFO - [2024-08-14 00:00:08,220] {dagbag.py:508} INFO - Filling up the DagBag from /opt/airflow/dags/3-dependencies.py
[2024-08-14 00:00:08,226] {processor.py:651} INFO - DAG(s) dict_keys(['dependencies']) retrieved from /opt/airflow/dags/3-dependencies.py
[2024-08-14 00:00:08,241] {logging_mixin.py:115} INFO - [2024-08-14 00:00:08,241] {dag.py:2420} INFO - Sync 1 DAGs
[2024-08-14 00:00:08,253] {logging_mixin.py:115} INFO - [2024-08-14 00:00:08,253] {dag.py:2972} INFO - Setting next_dagrun for dependencies to 2024-05-20T00:00:00+00:00, run_after=2024-05-20T00:00:00+00:00
[2024-08-14 00:00:08,261] {processor.py:161} INFO - Processing /opt/airflow/dags/3-dependencies.py took 0.044 seconds
[2024-08-14 00:00:38,740] {processor.py:153} INFO - Started process (PID=39195) to work on /opt/airflow/dags/3-dependencies.py
[2024-08-14 00:00:38,740] {processor.py:641} INFO - Processing file /opt/airflow/dags/3-dependencies.py for tasks to queue
[2024-08-14 00:00:38,740] {logging_mixin.py:115} INFO - [2024-08-14 00:00:38,740] {dagbag.py:508} INFO - Filling up the DagBag from /opt/airflow/dags/3-dependencies.py
[2024-08-14 00:00:38,746] {processor.py:651} INFO - DAG(s) dict_keys(['dependencies']) retrieved from /opt/airflow/dags/3-dependencies.py
[2024-08-14 00:00:38,761] {logging_mixin.py:115} INFO - [2024-08-14 00:00:38,761] {dag.py:2420} INFO - Sync 1 DAGs
[2024-08-14 00:00:38,773] {logging_mixin.py:115} INFO - [2024-08-14 00:00:38,773] {dag.py:2972} INFO - Setting next_dagrun for dependencies to 2024-05-20T00:00:00+00:00, run_after=2024-05-20T00:00:00+00:00
[2024-08-14 00:00:38,780] {processor.py:161} INFO - Processing /opt/airflow/dags/3-dependencies.py took 0.043 seconds
[2024-08-14 00:01:09,158] {processor.py:153} INFO - Started process (PID=39233) to work on /opt/airflow/dags/3-dependencies.py
[2024-08-14 00:01:09,159] {processor.py:641} INFO - Processing file /opt/airflow/dags/3-dependencies.py for tasks to queue
[2024-08-14 00:01:09,159] {logging_mixin.py:115} INFO - [2024-08-14 00:01:09,159] {dagbag.py:508} INFO - Filling up the DagBag from /opt/airflow/dags/3-dependencies.py
[2024-08-14 00:01:09,165] {processor.py:651} INFO - DAG(s) dict_keys(['dependencies']) retrieved from /opt/airflow/dags/3-dependencies.py
[2024-08-14 00:01:09,182] {logging_mixin.py:115} INFO - [2024-08-14 00:01:09,182] {dag.py:2420} INFO - Sync 1 DAGs
[2024-08-14 00:01:09,196] {logging_mixin.py:115} INFO - [2024-08-14 00:01:09,196] {dag.py:2972} INFO - Setting next_dagrun for dependencies to 2024-05-20T00:00:00+00:00, run_after=2024-05-20T00:00:00+00:00
[2024-08-14 00:01:09,204] {processor.py:161} INFO - Processing /opt/airflow/dags/3-dependencies.py took 0.048 seconds
[2024-08-14 00:01:39,574] {processor.py:153} INFO - Started process (PID=39262) to work on /opt/airflow/dags/3-dependencies.py
[2024-08-14 00:01:39,574] {processor.py:641} INFO - Processing file /opt/airflow/dags/3-dependencies.py for tasks to queue
[2024-08-14 00:01:39,575] {logging_mixin.py:115} INFO - [2024-08-14 00:01:39,574] {dagbag.py:508} INFO - Filling up the DagBag from /opt/airflow/dags/3-dependencies.py
[2024-08-14 00:01:39,583] {processor.py:651} INFO - DAG(s) dict_keys(['dependencies']) retrieved from /opt/airflow/dags/3-dependencies.py
[2024-08-14 00:01:39,598] {logging_mixin.py:115} INFO - [2024-08-14 00:01:39,598] {dag.py:2420} INFO - Sync 1 DAGs
[2024-08-14 00:01:39,611] {logging_mixin.py:115} INFO - [2024-08-14 00:01:39,611] {dag.py:2972} INFO - Setting next_dagrun for dependencies to 2024-05-20T00:00:00+00:00, run_after=2024-05-20T00:00:00+00:00
[2024-08-14 00:01:39,618] {processor.py:161} INFO - Processing /opt/airflow/dags/3-dependencies.py took 0.047 seconds
[2024-08-14 00:02:10,004] {processor.py:153} INFO - Started process (PID=39300) to work on /opt/airflow/dags/3-dependencies.py
[2024-08-14 00:02:10,004] {processor.py:641} INFO - Processing file /opt/airflow/dags/3-dependencies.py for tasks to queue
[2024-08-14 00:02:10,004] {logging_mixin.py:115} INFO - [2024-08-14 00:02:10,004] {dagbag.py:508} INFO - Filling up the DagBag from /opt/airflow/dags/3-dependencies.py
[2024-08-14 00:02:10,010] {processor.py:651} INFO - DAG(s) dict_keys(['dependencies']) retrieved from /opt/airflow/dags/3-dependencies.py
[2024-08-14 00:02:10,026] {logging_mixin.py:115} INFO - [2024-08-14 00:02:10,025] {dag.py:2420} INFO - Sync 1 DAGs
[2024-08-14 00:02:10,038] {logging_mixin.py:115} INFO - [2024-08-14 00:02:10,037] {dag.py:2972} INFO - Setting next_dagrun for dependencies to 2024-05-20T00:00:00+00:00, run_after=2024-05-20T00:00:00+00:00
[2024-08-14 00:02:10,045] {processor.py:161} INFO - Processing /opt/airflow/dags/3-dependencies.py took 0.044 seconds
[2024-08-14 00:02:40,436] {processor.py:153} INFO - Started process (PID=39339) to work on /opt/airflow/dags/3-dependencies.py
[2024-08-14 00:02:40,436] {processor.py:641} INFO - Processing file /opt/airflow/dags/3-dependencies.py for tasks to queue
[2024-08-14 00:02:40,437] {logging_mixin.py:115} INFO - [2024-08-14 00:02:40,437] {dagbag.py:508} INFO - Filling up the DagBag from /opt/airflow/dags/3-dependencies.py
[2024-08-14 00:02:40,443] {processor.py:651} INFO - DAG(s) dict_keys(['dependencies']) retrieved from /opt/airflow/dags/3-dependencies.py
[2024-08-14 00:02:40,458] {logging_mixin.py:115} INFO - [2024-08-14 00:02:40,458] {dag.py:2420} INFO - Sync 1 DAGs
[2024-08-14 00:02:40,470] {logging_mixin.py:115} INFO - [2024-08-14 00:02:40,470] {dag.py:2972} INFO - Setting next_dagrun for dependencies to 2024-05-20T00:00:00+00:00, run_after=2024-05-20T00:00:00+00:00
[2024-08-14 00:02:40,478] {processor.py:161} INFO - Processing /opt/airflow/dags/3-dependencies.py took 0.044 seconds
[2024-08-14 00:03:10,869] {processor.py:153} INFO - Started process (PID=39378) to work on /opt/airflow/dags/3-dependencies.py
[2024-08-14 00:03:10,870] {processor.py:641} INFO - Processing file /opt/airflow/dags/3-dependencies.py for tasks to queue
[2024-08-14 00:03:10,870] {logging_mixin.py:115} INFO - [2024-08-14 00:03:10,870] {dagbag.py:508} INFO - Filling up the DagBag from /opt/airflow/dags/3-dependencies.py
[2024-08-14 00:03:10,876] {processor.py:651} INFO - DAG(s) dict_keys(['dependencies']) retrieved from /opt/airflow/dags/3-dependencies.py
[2024-08-14 00:03:10,890] {logging_mixin.py:115} INFO - [2024-08-14 00:03:10,890] {dag.py:2420} INFO - Sync 1 DAGs
[2024-08-14 00:03:10,905] {logging_mixin.py:115} INFO - [2024-08-14 00:03:10,905] {dag.py:2972} INFO - Setting next_dagrun for dependencies to 2024-05-20T00:00:00+00:00, run_after=2024-05-20T00:00:00+00:00
[2024-08-14 00:03:10,913] {processor.py:161} INFO - Processing /opt/airflow/dags/3-dependencies.py took 0.045 seconds
[2024-08-14 00:03:41,295] {processor.py:153} INFO - Started process (PID=39416) to work on /opt/airflow/dags/3-dependencies.py
[2024-08-14 00:03:41,296] {processor.py:641} INFO - Processing file /opt/airflow/dags/3-dependencies.py for tasks to queue
[2024-08-14 00:03:41,296] {logging_mixin.py:115} INFO - [2024-08-14 00:03:41,296] {dagbag.py:508} INFO - Filling up the DagBag from /opt/airflow/dags/3-dependencies.py
[2024-08-14 00:03:41,302] {processor.py:651} INFO - DAG(s) dict_keys(['dependencies']) retrieved from /opt/airflow/dags/3-dependencies.py
[2024-08-14 00:03:41,318] {logging_mixin.py:115} INFO - [2024-08-14 00:03:41,318] {dag.py:2420} INFO - Sync 1 DAGs
[2024-08-14 00:03:41,334] {logging_mixin.py:115} INFO - [2024-08-14 00:03:41,334] {dag.py:2972} INFO - Setting next_dagrun for dependencies to 2024-05-20T00:00:00+00:00, run_after=2024-05-20T00:00:00+00:00
[2024-08-14 00:03:41,345] {processor.py:161} INFO - Processing /opt/airflow/dags/3-dependencies.py took 0.051 seconds
[2024-08-14 00:04:11,733] {processor.py:153} INFO - Started process (PID=39455) to work on /opt/airflow/dags/3-dependencies.py
[2024-08-14 00:04:11,736] {processor.py:641} INFO - Processing file /opt/airflow/dags/3-dependencies.py for tasks to queue
[2024-08-14 00:04:11,737] {logging_mixin.py:115} INFO - [2024-08-14 00:04:11,737] {dagbag.py:508} INFO - Filling up the DagBag from /opt/airflow/dags/3-dependencies.py
[2024-08-14 00:04:11,743] {processor.py:651} INFO - DAG(s) dict_keys(['dependencies']) retrieved from /opt/airflow/dags/3-dependencies.py
[2024-08-14 00:04:11,760] {logging_mixin.py:115} INFO - [2024-08-14 00:04:11,760] {dag.py:2420} INFO - Sync 1 DAGs
[2024-08-14 00:04:11,775] {logging_mixin.py:115} INFO - [2024-08-14 00:04:11,775] {dag.py:2972} INFO - Setting next_dagrun for dependencies to 2024-05-20T00:00:00+00:00, run_after=2024-05-20T00:00:00+00:00
[2024-08-14 00:04:11,785] {processor.py:161} INFO - Processing /opt/airflow/dags/3-dependencies.py took 0.053 seconds
[2024-08-14 00:04:42,174] {processor.py:153} INFO - Started process (PID=39485) to work on /opt/airflow/dags/3-dependencies.py
[2024-08-14 00:04:42,174] {processor.py:641} INFO - Processing file /opt/airflow/dags/3-dependencies.py for tasks to queue
[2024-08-14 00:04:42,174] {logging_mixin.py:115} INFO - [2024-08-14 00:04:42,174] {dagbag.py:508} INFO - Filling up the DagBag from /opt/airflow/dags/3-dependencies.py
[2024-08-14 00:04:42,180] {processor.py:651} INFO - DAG(s) dict_keys(['dependencies']) retrieved from /opt/airflow/dags/3-dependencies.py
[2024-08-14 00:04:42,200] {logging_mixin.py:115} INFO - [2024-08-14 00:04:42,200] {dag.py:2420} INFO - Sync 1 DAGs
[2024-08-14 00:04:42,213] {logging_mixin.py:115} INFO - [2024-08-14 00:04:42,213] {dag.py:2972} INFO - Setting next_dagrun for dependencies to 2024-05-20T00:00:00+00:00, run_after=2024-05-20T00:00:00+00:00
[2024-08-14 00:04:42,220] {processor.py:161} INFO - Processing /opt/airflow/dags/3-dependencies.py took 0.048 seconds
[2024-08-14 00:05:12,609] {processor.py:153} INFO - Started process (PID=39523) to work on /opt/airflow/dags/3-dependencies.py
[2024-08-14 00:05:12,610] {processor.py:641} INFO - Processing file /opt/airflow/dags/3-dependencies.py for tasks to queue
[2024-08-14 00:05:12,610] {logging_mixin.py:115} INFO - [2024-08-14 00:05:12,610] {dagbag.py:508} INFO - Filling up the DagBag from /opt/airflow/dags/3-dependencies.py
[2024-08-14 00:05:12,616] {processor.py:651} INFO - DAG(s) dict_keys(['dependencies']) retrieved from /opt/airflow/dags/3-dependencies.py
[2024-08-14 00:05:12,631] {logging_mixin.py:115} INFO - [2024-08-14 00:05:12,631] {dag.py:2420} INFO - Sync 1 DAGs
[2024-08-14 00:05:12,643] {logging_mixin.py:115} INFO - [2024-08-14 00:05:12,643] {dag.py:2972} INFO - Setting next_dagrun for dependencies to 2024-05-20T00:00:00+00:00, run_after=2024-05-20T00:00:00+00:00
[2024-08-14 00:05:12,650] {processor.py:161} INFO - Processing /opt/airflow/dags/3-dependencies.py took 0.043 seconds
[2024-08-14 00:05:43,024] {processor.py:153} INFO - Started process (PID=39560) to work on /opt/airflow/dags/3-dependencies.py
[2024-08-14 00:05:43,024] {processor.py:641} INFO - Processing file /opt/airflow/dags/3-dependencies.py for tasks to queue
[2024-08-14 00:05:43,025] {logging_mixin.py:115} INFO - [2024-08-14 00:05:43,025] {dagbag.py:508} INFO - Filling up the DagBag from /opt/airflow/dags/3-dependencies.py
[2024-08-14 00:05:43,030] {processor.py:651} INFO - DAG(s) dict_keys(['dependencies']) retrieved from /opt/airflow/dags/3-dependencies.py
[2024-08-14 00:05:43,047] {logging_mixin.py:115} INFO - [2024-08-14 00:05:43,047] {dag.py:2420} INFO - Sync 1 DAGs
[2024-08-14 00:05:43,060] {logging_mixin.py:115} INFO - [2024-08-14 00:05:43,060] {dag.py:2972} INFO - Setting next_dagrun for dependencies to 2024-05-20T00:00:00+00:00, run_after=2024-05-20T00:00:00+00:00
[2024-08-14 00:05:43,067] {processor.py:161} INFO - Processing /opt/airflow/dags/3-dependencies.py took 0.046 seconds
[2024-08-14 00:06:13,409] {processor.py:153} INFO - Started process (PID=39599) to work on /opt/airflow/dags/3-dependencies.py
[2024-08-14 00:06:13,410] {processor.py:641} INFO - Processing file /opt/airflow/dags/3-dependencies.py for tasks to queue
[2024-08-14 00:06:13,410] {logging_mixin.py:115} INFO - [2024-08-14 00:06:13,410] {dagbag.py:508} INFO - Filling up the DagBag from /opt/airflow/dags/3-dependencies.py
[2024-08-14 00:06:13,416] {processor.py:651} INFO - DAG(s) dict_keys(['dependencies']) retrieved from /opt/airflow/dags/3-dependencies.py
[2024-08-14 00:06:13,431] {logging_mixin.py:115} INFO - [2024-08-14 00:06:13,431] {dag.py:2420} INFO - Sync 1 DAGs
[2024-08-14 00:06:13,444] {logging_mixin.py:115} INFO - [2024-08-14 00:06:13,444] {dag.py:2972} INFO - Setting next_dagrun for dependencies to 2024-05-20T00:00:00+00:00, run_after=2024-05-20T00:00:00+00:00
[2024-08-14 00:06:13,451] {processor.py:161} INFO - Processing /opt/airflow/dags/3-dependencies.py took 0.044 seconds
[2024-08-14 00:06:43,870] {processor.py:153} INFO - Started process (PID=39637) to work on /opt/airflow/dags/3-dependencies.py
[2024-08-14 00:06:43,870] {processor.py:641} INFO - Processing file /opt/airflow/dags/3-dependencies.py for tasks to queue
[2024-08-14 00:06:43,871] {logging_mixin.py:115} INFO - [2024-08-14 00:06:43,871] {dagbag.py:508} INFO - Filling up the DagBag from /opt/airflow/dags/3-dependencies.py
[2024-08-14 00:06:43,876] {processor.py:651} INFO - DAG(s) dict_keys(['dependencies']) retrieved from /opt/airflow/dags/3-dependencies.py
[2024-08-14 00:06:43,891] {logging_mixin.py:115} INFO - [2024-08-14 00:06:43,891] {dag.py:2420} INFO - Sync 1 DAGs
[2024-08-14 00:06:43,903] {logging_mixin.py:115} INFO - [2024-08-14 00:06:43,903] {dag.py:2972} INFO - Setting next_dagrun for dependencies to 2024-05-20T00:00:00+00:00, run_after=2024-05-20T00:00:00+00:00
[2024-08-14 00:06:43,910] {processor.py:161} INFO - Processing /opt/airflow/dags/3-dependencies.py took 0.042 seconds
[2024-08-14 00:07:14,281] {processor.py:153} INFO - Started process (PID=39676) to work on /opt/airflow/dags/3-dependencies.py
[2024-08-14 00:07:14,282] {processor.py:641} INFO - Processing file /opt/airflow/dags/3-dependencies.py for tasks to queue
[2024-08-14 00:07:14,282] {logging_mixin.py:115} INFO - [2024-08-14 00:07:14,282] {dagbag.py:508} INFO - Filling up the DagBag from /opt/airflow/dags/3-dependencies.py
[2024-08-14 00:07:14,288] {processor.py:651} INFO - DAG(s) dict_keys(['dependencies']) retrieved from /opt/airflow/dags/3-dependencies.py
[2024-08-14 00:07:14,306] {logging_mixin.py:115} INFO - [2024-08-14 00:07:14,306] {dag.py:2420} INFO - Sync 1 DAGs
[2024-08-14 00:07:14,320] {logging_mixin.py:115} INFO - [2024-08-14 00:07:14,320] {dag.py:2972} INFO - Setting next_dagrun for dependencies to 2024-05-20T00:00:00+00:00, run_after=2024-05-20T00:00:00+00:00
[2024-08-14 00:07:14,328] {processor.py:161} INFO - Processing /opt/airflow/dags/3-dependencies.py took 0.049 seconds
[2024-08-14 00:07:44,733] {processor.py:153} INFO - Started process (PID=39706) to work on /opt/airflow/dags/3-dependencies.py
[2024-08-14 00:07:44,733] {processor.py:641} INFO - Processing file /opt/airflow/dags/3-dependencies.py for tasks to queue
[2024-08-14 00:07:44,734] {logging_mixin.py:115} INFO - [2024-08-14 00:07:44,734] {dagbag.py:508} INFO - Filling up the DagBag from /opt/airflow/dags/3-dependencies.py
[2024-08-14 00:07:44,739] {processor.py:651} INFO - DAG(s) dict_keys(['dependencies']) retrieved from /opt/airflow/dags/3-dependencies.py
[2024-08-14 00:07:44,756] {logging_mixin.py:115} INFO - [2024-08-14 00:07:44,756] {dag.py:2420} INFO - Sync 1 DAGs
[2024-08-14 00:07:44,770] {logging_mixin.py:115} INFO - [2024-08-14 00:07:44,769] {dag.py:2972} INFO - Setting next_dagrun for dependencies to 2024-05-20T00:00:00+00:00, run_after=2024-05-20T00:00:00+00:00
[2024-08-14 00:07:44,778] {processor.py:161} INFO - Processing /opt/airflow/dags/3-dependencies.py took 0.047 seconds
[2024-08-14 00:08:15,203] {processor.py:153} INFO - Started process (PID=39745) to work on /opt/airflow/dags/3-dependencies.py
[2024-08-14 00:08:15,204] {processor.py:641} INFO - Processing file /opt/airflow/dags/3-dependencies.py for tasks to queue
[2024-08-14 00:08:15,204] {logging_mixin.py:115} INFO - [2024-08-14 00:08:15,204] {dagbag.py:508} INFO - Filling up the DagBag from /opt/airflow/dags/3-dependencies.py
[2024-08-14 00:08:15,210] {processor.py:651} INFO - DAG(s) dict_keys(['dependencies']) retrieved from /opt/airflow/dags/3-dependencies.py
[2024-08-14 00:08:15,226] {logging_mixin.py:115} INFO - [2024-08-14 00:08:15,226] {dag.py:2420} INFO - Sync 1 DAGs
[2024-08-14 00:08:15,239] {logging_mixin.py:115} INFO - [2024-08-14 00:08:15,239] {dag.py:2972} INFO - Setting next_dagrun for dependencies to 2024-05-20T00:00:00+00:00, run_after=2024-05-20T00:00:00+00:00
[2024-08-14 00:08:15,247] {processor.py:161} INFO - Processing /opt/airflow/dags/3-dependencies.py took 0.045 seconds
[2024-08-14 00:08:45,634] {processor.py:153} INFO - Started process (PID=39784) to work on /opt/airflow/dags/3-dependencies.py
[2024-08-14 00:08:45,635] {processor.py:641} INFO - Processing file /opt/airflow/dags/3-dependencies.py for tasks to queue
[2024-08-14 00:08:45,635] {logging_mixin.py:115} INFO - [2024-08-14 00:08:45,635] {dagbag.py:508} INFO - Filling up the DagBag from /opt/airflow/dags/3-dependencies.py
[2024-08-14 00:08:45,640] {processor.py:651} INFO - DAG(s) dict_keys(['dependencies']) retrieved from /opt/airflow/dags/3-dependencies.py
[2024-08-14 00:08:45,655] {logging_mixin.py:115} INFO - [2024-08-14 00:08:45,655] {dag.py:2420} INFO - Sync 1 DAGs
[2024-08-14 00:08:45,667] {logging_mixin.py:115} INFO - [2024-08-14 00:08:45,667] {dag.py:2972} INFO - Setting next_dagrun for dependencies to 2024-05-20T00:00:00+00:00, run_after=2024-05-20T00:00:00+00:00
[2024-08-14 00:08:45,675] {processor.py:161} INFO - Processing /opt/airflow/dags/3-dependencies.py took 0.042 seconds
[2024-08-14 00:09:16,092] {processor.py:153} INFO - Started process (PID=39821) to work on /opt/airflow/dags/3-dependencies.py
[2024-08-14 00:09:16,093] {processor.py:641} INFO - Processing file /opt/airflow/dags/3-dependencies.py for tasks to queue
[2024-08-14 00:09:16,093] {logging_mixin.py:115} INFO - [2024-08-14 00:09:16,093] {dagbag.py:508} INFO - Filling up the DagBag from /opt/airflow/dags/3-dependencies.py
[2024-08-14 00:09:16,099] {processor.py:651} INFO - DAG(s) dict_keys(['dependencies']) retrieved from /opt/airflow/dags/3-dependencies.py
[2024-08-14 00:09:16,114] {logging_mixin.py:115} INFO - [2024-08-14 00:09:16,114] {dag.py:2420} INFO - Sync 1 DAGs
[2024-08-14 00:09:16,132] {logging_mixin.py:115} INFO - [2024-08-14 00:09:16,132] {dag.py:2972} INFO - Setting next_dagrun for dependencies to 2024-05-20T00:00:00+00:00, run_after=2024-05-20T00:00:00+00:00
[2024-08-14 00:09:16,141] {processor.py:161} INFO - Processing /opt/airflow/dags/3-dependencies.py took 0.051 seconds
[2024-08-14 00:09:46,527] {processor.py:153} INFO - Started process (PID=39859) to work on /opt/airflow/dags/3-dependencies.py
[2024-08-14 00:09:46,528] {processor.py:641} INFO - Processing file /opt/airflow/dags/3-dependencies.py for tasks to queue
[2024-08-14 00:09:46,528] {logging_mixin.py:115} INFO - [2024-08-14 00:09:46,528] {dagbag.py:508} INFO - Filling up the DagBag from /opt/airflow/dags/3-dependencies.py
[2024-08-14 00:09:46,534] {processor.py:651} INFO - DAG(s) dict_keys(['dependencies']) retrieved from /opt/airflow/dags/3-dependencies.py
[2024-08-14 00:09:46,548] {logging_mixin.py:115} INFO - [2024-08-14 00:09:46,548] {dag.py:2420} INFO - Sync 1 DAGs
[2024-08-14 00:09:46,565] {logging_mixin.py:115} INFO - [2024-08-14 00:09:46,565] {dag.py:2972} INFO - Setting next_dagrun for dependencies to 2024-05-20T00:00:00+00:00, run_after=2024-05-20T00:00:00+00:00
[2024-08-14 00:09:46,572] {processor.py:161} INFO - Processing /opt/airflow/dags/3-dependencies.py took 0.047 seconds
[2024-08-14 00:10:16,995] {processor.py:153} INFO - Started process (PID=39898) to work on /opt/airflow/dags/3-dependencies.py
[2024-08-14 00:10:16,996] {processor.py:641} INFO - Processing file /opt/airflow/dags/3-dependencies.py for tasks to queue
[2024-08-14 00:10:16,996] {logging_mixin.py:115} INFO - [2024-08-14 00:10:16,996] {dagbag.py:508} INFO - Filling up the DagBag from /opt/airflow/dags/3-dependencies.py
[2024-08-14 00:10:17,003] {processor.py:651} INFO - DAG(s) dict_keys(['dependencies']) retrieved from /opt/airflow/dags/3-dependencies.py
[2024-08-14 00:10:17,021] {logging_mixin.py:115} INFO - [2024-08-14 00:10:17,021] {dag.py:2420} INFO - Sync 1 DAGs
[2024-08-14 00:10:17,037] {logging_mixin.py:115} INFO - [2024-08-14 00:10:17,037] {dag.py:2972} INFO - Setting next_dagrun for dependencies to 2024-05-20T00:00:00+00:00, run_after=2024-05-20T00:00:00+00:00
[2024-08-14 00:10:17,045] {processor.py:161} INFO - Processing /opt/airflow/dags/3-dependencies.py took 0.052 seconds
[2024-08-14 00:10:47,479] {processor.py:153} INFO - Started process (PID=39928) to work on /opt/airflow/dags/3-dependencies.py
[2024-08-14 00:10:47,480] {processor.py:641} INFO - Processing file /opt/airflow/dags/3-dependencies.py for tasks to queue
[2024-08-14 00:10:47,480] {logging_mixin.py:115} INFO - [2024-08-14 00:10:47,480] {dagbag.py:508} INFO - Filling up the DagBag from /opt/airflow/dags/3-dependencies.py
[2024-08-14 00:10:47,485] {processor.py:651} INFO - DAG(s) dict_keys(['dependencies']) retrieved from /opt/airflow/dags/3-dependencies.py
[2024-08-14 00:10:47,500] {logging_mixin.py:115} INFO - [2024-08-14 00:10:47,500] {dag.py:2420} INFO - Sync 1 DAGs
[2024-08-14 00:10:47,512] {logging_mixin.py:115} INFO - [2024-08-14 00:10:47,512] {dag.py:2972} INFO - Setting next_dagrun for dependencies to 2024-05-20T00:00:00+00:00, run_after=2024-05-20T00:00:00+00:00
[2024-08-14 00:10:47,520] {processor.py:161} INFO - Processing /opt/airflow/dags/3-dependencies.py took 0.043 seconds
[2024-08-14 00:11:17,913] {processor.py:153} INFO - Started process (PID=39967) to work on /opt/airflow/dags/3-dependencies.py
[2024-08-14 00:11:17,913] {processor.py:641} INFO - Processing file /opt/airflow/dags/3-dependencies.py for tasks to queue
[2024-08-14 00:11:17,913] {logging_mixin.py:115} INFO - [2024-08-14 00:11:17,913] {dagbag.py:508} INFO - Filling up the DagBag from /opt/airflow/dags/3-dependencies.py
[2024-08-14 00:11:17,919] {processor.py:651} INFO - DAG(s) dict_keys(['dependencies']) retrieved from /opt/airflow/dags/3-dependencies.py
[2024-08-14 00:11:17,936] {logging_mixin.py:115} INFO - [2024-08-14 00:11:17,936] {dag.py:2420} INFO - Sync 1 DAGs
[2024-08-14 00:11:17,948] {logging_mixin.py:115} INFO - [2024-08-14 00:11:17,948] {dag.py:2972} INFO - Setting next_dagrun for dependencies to 2024-05-20T00:00:00+00:00, run_after=2024-05-20T00:00:00+00:00
[2024-08-14 00:11:17,957] {processor.py:161} INFO - Processing /opt/airflow/dags/3-dependencies.py took 0.046 seconds
[2024-08-14 00:11:48,325] {processor.py:153} INFO - Started process (PID=40004) to work on /opt/airflow/dags/3-dependencies.py
[2024-08-14 00:11:48,325] {processor.py:641} INFO - Processing file /opt/airflow/dags/3-dependencies.py for tasks to queue
[2024-08-14 00:11:48,325] {logging_mixin.py:115} INFO - [2024-08-14 00:11:48,325] {dagbag.py:508} INFO - Filling up the DagBag from /opt/airflow/dags/3-dependencies.py
[2024-08-14 00:11:48,332] {processor.py:651} INFO - DAG(s) dict_keys(['dependencies']) retrieved from /opt/airflow/dags/3-dependencies.py
[2024-08-14 00:11:48,349] {logging_mixin.py:115} INFO - [2024-08-14 00:11:48,349] {dag.py:2420} INFO - Sync 1 DAGs
[2024-08-14 00:11:48,364] {logging_mixin.py:115} INFO - [2024-08-14 00:11:48,364] {dag.py:2972} INFO - Setting next_dagrun for dependencies to 2024-05-20T00:00:00+00:00, run_after=2024-05-20T00:00:00+00:00
[2024-08-14 00:11:48,373] {processor.py:161} INFO - Processing /opt/airflow/dags/3-dependencies.py took 0.051 seconds
[2024-08-14 00:12:18,809] {processor.py:153} INFO - Started process (PID=40042) to work on /opt/airflow/dags/3-dependencies.py
[2024-08-14 00:12:18,810] {processor.py:641} INFO - Processing file /opt/airflow/dags/3-dependencies.py for tasks to queue
[2024-08-14 00:12:18,810] {logging_mixin.py:115} INFO - [2024-08-14 00:12:18,810] {dagbag.py:508} INFO - Filling up the DagBag from /opt/airflow/dags/3-dependencies.py
[2024-08-14 00:12:18,816] {processor.py:651} INFO - DAG(s) dict_keys(['dependencies']) retrieved from /opt/airflow/dags/3-dependencies.py
[2024-08-14 00:12:18,831] {logging_mixin.py:115} INFO - [2024-08-14 00:12:18,831] {dag.py:2420} INFO - Sync 1 DAGs
[2024-08-14 00:12:18,843] {logging_mixin.py:115} INFO - [2024-08-14 00:12:18,843] {dag.py:2972} INFO - Setting next_dagrun for dependencies to 2024-05-20T00:00:00+00:00, run_after=2024-05-20T00:00:00+00:00
[2024-08-14 00:12:18,850] {processor.py:161} INFO - Processing /opt/airflow/dags/3-dependencies.py took 0.043 seconds
[2024-08-14 00:12:49,263] {processor.py:153} INFO - Started process (PID=40081) to work on /opt/airflow/dags/3-dependencies.py
[2024-08-14 00:12:49,263] {processor.py:641} INFO - Processing file /opt/airflow/dags/3-dependencies.py for tasks to queue
[2024-08-14 00:12:49,263] {logging_mixin.py:115} INFO - [2024-08-14 00:12:49,263] {dagbag.py:508} INFO - Filling up the DagBag from /opt/airflow/dags/3-dependencies.py
[2024-08-14 00:12:49,269] {processor.py:651} INFO - DAG(s) dict_keys(['dependencies']) retrieved from /opt/airflow/dags/3-dependencies.py
[2024-08-14 00:12:49,286] {logging_mixin.py:115} INFO - [2024-08-14 00:12:49,286] {dag.py:2420} INFO - Sync 1 DAGs
[2024-08-14 00:12:49,298] {logging_mixin.py:115} INFO - [2024-08-14 00:12:49,298] {dag.py:2972} INFO - Setting next_dagrun for dependencies to 2024-05-20T00:00:00+00:00, run_after=2024-05-20T00:00:00+00:00
[2024-08-14 00:12:49,306] {processor.py:161} INFO - Processing /opt/airflow/dags/3-dependencies.py took 0.046 seconds
[2024-08-14 00:13:19,742] {processor.py:153} INFO - Started process (PID=40120) to work on /opt/airflow/dags/3-dependencies.py
[2024-08-14 00:13:19,743] {processor.py:641} INFO - Processing file /opt/airflow/dags/3-dependencies.py for tasks to queue
[2024-08-14 00:13:19,745] {logging_mixin.py:115} INFO - [2024-08-14 00:13:19,745] {dagbag.py:508} INFO - Filling up the DagBag from /opt/airflow/dags/3-dependencies.py
[2024-08-14 00:13:19,754] {processor.py:651} INFO - DAG(s) dict_keys(['dependencies']) retrieved from /opt/airflow/dags/3-dependencies.py
[2024-08-14 00:13:19,776] {logging_mixin.py:115} INFO - [2024-08-14 00:13:19,776] {dag.py:2420} INFO - Sync 1 DAGs
[2024-08-14 00:13:19,793] {logging_mixin.py:115} INFO - [2024-08-14 00:13:19,793] {dag.py:2972} INFO - Setting next_dagrun for dependencies to 2024-05-20T00:00:00+00:00, run_after=2024-05-20T00:00:00+00:00
[2024-08-14 00:13:19,804] {processor.py:161} INFO - Processing /opt/airflow/dags/3-dependencies.py took 0.064 seconds
[2024-08-14 00:13:50,248] {processor.py:153} INFO - Started process (PID=40150) to work on /opt/airflow/dags/3-dependencies.py
[2024-08-14 00:13:50,249] {processor.py:641} INFO - Processing file /opt/airflow/dags/3-dependencies.py for tasks to queue
[2024-08-14 00:13:50,249] {logging_mixin.py:115} INFO - [2024-08-14 00:13:50,249] {dagbag.py:508} INFO - Filling up the DagBag from /opt/airflow/dags/3-dependencies.py
[2024-08-14 00:13:50,256] {processor.py:651} INFO - DAG(s) dict_keys(['dependencies']) retrieved from /opt/airflow/dags/3-dependencies.py
[2024-08-14 00:13:50,273] {logging_mixin.py:115} INFO - [2024-08-14 00:13:50,273] {dag.py:2420} INFO - Sync 1 DAGs
[2024-08-14 00:13:50,286] {logging_mixin.py:115} INFO - [2024-08-14 00:13:50,286] {dag.py:2972} INFO - Setting next_dagrun for dependencies to 2024-05-20T00:00:00+00:00, run_after=2024-05-20T00:00:00+00:00
[2024-08-14 00:13:50,294] {processor.py:161} INFO - Processing /opt/airflow/dags/3-dependencies.py took 0.047 seconds
[2024-08-14 00:14:20,671] {processor.py:153} INFO - Started process (PID=40189) to work on /opt/airflow/dags/3-dependencies.py
[2024-08-14 00:14:20,672] {processor.py:641} INFO - Processing file /opt/airflow/dags/3-dependencies.py for tasks to queue
[2024-08-14 00:14:20,672] {logging_mixin.py:115} INFO - [2024-08-14 00:14:20,672] {dagbag.py:508} INFO - Filling up the DagBag from /opt/airflow/dags/3-dependencies.py
[2024-08-14 00:14:20,678] {processor.py:651} INFO - DAG(s) dict_keys(['dependencies']) retrieved from /opt/airflow/dags/3-dependencies.py
[2024-08-14 00:14:20,693] {logging_mixin.py:115} INFO - [2024-08-14 00:14:20,693] {dag.py:2420} INFO - Sync 1 DAGs
[2024-08-14 00:14:20,707] {logging_mixin.py:115} INFO - [2024-08-14 00:14:20,707] {dag.py:2972} INFO - Setting next_dagrun for dependencies to 2024-05-20T00:00:00+00:00, run_after=2024-05-20T00:00:00+00:00
[2024-08-14 00:14:20,716] {processor.py:161} INFO - Processing /opt/airflow/dags/3-dependencies.py took 0.047 seconds
[2024-08-14 00:14:51,149] {processor.py:153} INFO - Started process (PID=40227) to work on /opt/airflow/dags/3-dependencies.py
[2024-08-14 00:14:51,149] {processor.py:641} INFO - Processing file /opt/airflow/dags/3-dependencies.py for tasks to queue
[2024-08-14 00:14:51,150] {logging_mixin.py:115} INFO - [2024-08-14 00:14:51,150] {dagbag.py:508} INFO - Filling up the DagBag from /opt/airflow/dags/3-dependencies.py
[2024-08-14 00:14:51,157] {processor.py:651} INFO - DAG(s) dict_keys(['dependencies']) retrieved from /opt/airflow/dags/3-dependencies.py
[2024-08-14 00:14:51,173] {logging_mixin.py:115} INFO - [2024-08-14 00:14:51,173] {dag.py:2420} INFO - Sync 1 DAGs
[2024-08-14 00:14:51,188] {logging_mixin.py:115} INFO - [2024-08-14 00:14:51,188] {dag.py:2972} INFO - Setting next_dagrun for dependencies to 2024-05-20T00:00:00+00:00, run_after=2024-05-20T00:00:00+00:00
[2024-08-14 00:14:51,196] {processor.py:161} INFO - Processing /opt/airflow/dags/3-dependencies.py took 0.049 seconds
[2024-08-14 00:15:21,578] {processor.py:153} INFO - Started process (PID=40266) to work on /opt/airflow/dags/3-dependencies.py
[2024-08-14 00:15:21,579] {processor.py:641} INFO - Processing file /opt/airflow/dags/3-dependencies.py for tasks to queue
[2024-08-14 00:15:21,579] {logging_mixin.py:115} INFO - [2024-08-14 00:15:21,579] {dagbag.py:508} INFO - Filling up the DagBag from /opt/airflow/dags/3-dependencies.py
[2024-08-14 00:15:21,587] {processor.py:651} INFO - DAG(s) dict_keys(['dependencies']) retrieved from /opt/airflow/dags/3-dependencies.py
[2024-08-14 00:15:21,602] {logging_mixin.py:115} INFO - [2024-08-14 00:15:21,602] {dag.py:2420} INFO - Sync 1 DAGs
[2024-08-14 00:15:21,614] {logging_mixin.py:115} INFO - [2024-08-14 00:15:21,614] {dag.py:2972} INFO - Setting next_dagrun for dependencies to 2024-05-20T00:00:00+00:00, run_after=2024-05-20T00:00:00+00:00
[2024-08-14 00:15:21,623] {processor.py:161} INFO - Processing /opt/airflow/dags/3-dependencies.py took 0.046 seconds
[2024-08-14 00:15:52,015] {processor.py:153} INFO - Started process (PID=40305) to work on /opt/airflow/dags/3-dependencies.py
[2024-08-14 00:15:52,015] {processor.py:641} INFO - Processing file /opt/airflow/dags/3-dependencies.py for tasks to queue
[2024-08-14 00:15:52,016] {logging_mixin.py:115} INFO - [2024-08-14 00:15:52,016] {dagbag.py:508} INFO - Filling up the DagBag from /opt/airflow/dags/3-dependencies.py
[2024-08-14 00:15:52,021] {processor.py:651} INFO - DAG(s) dict_keys(['dependencies']) retrieved from /opt/airflow/dags/3-dependencies.py
[2024-08-14 00:15:52,037] {logging_mixin.py:115} INFO - [2024-08-14 00:15:52,037] {dag.py:2420} INFO - Sync 1 DAGs
[2024-08-14 00:15:52,050] {logging_mixin.py:115} INFO - [2024-08-14 00:15:52,050] {dag.py:2972} INFO - Setting next_dagrun for dependencies to 2024-05-20T00:00:00+00:00, run_after=2024-05-20T00:00:00+00:00
[2024-08-14 00:15:52,058] {processor.py:161} INFO - Processing /opt/airflow/dags/3-dependencies.py took 0.045 seconds
[2024-08-14 00:16:22,485] {processor.py:153} INFO - Started process (PID=40344) to work on /opt/airflow/dags/3-dependencies.py
[2024-08-14 00:16:22,485] {processor.py:641} INFO - Processing file /opt/airflow/dags/3-dependencies.py for tasks to queue
[2024-08-14 00:16:22,486] {logging_mixin.py:115} INFO - [2024-08-14 00:16:22,486] {dagbag.py:508} INFO - Filling up the DagBag from /opt/airflow/dags/3-dependencies.py
[2024-08-14 00:16:22,492] {processor.py:651} INFO - DAG(s) dict_keys(['dependencies']) retrieved from /opt/airflow/dags/3-dependencies.py
[2024-08-14 00:16:22,510] {logging_mixin.py:115} INFO - [2024-08-14 00:16:22,510] {dag.py:2420} INFO - Sync 1 DAGs
[2024-08-14 00:16:22,527] {logging_mixin.py:115} INFO - [2024-08-14 00:16:22,527] {dag.py:2972} INFO - Setting next_dagrun for dependencies to 2024-05-20T00:00:00+00:00, run_after=2024-05-20T00:00:00+00:00
[2024-08-14 00:16:22,535] {processor.py:161} INFO - Processing /opt/airflow/dags/3-dependencies.py took 0.052 seconds
[2024-08-14 00:16:52,975] {processor.py:153} INFO - Started process (PID=40375) to work on /opt/airflow/dags/3-dependencies.py
[2024-08-14 00:16:52,975] {processor.py:641} INFO - Processing file /opt/airflow/dags/3-dependencies.py for tasks to queue
[2024-08-14 00:16:52,976] {logging_mixin.py:115} INFO - [2024-08-14 00:16:52,976] {dagbag.py:508} INFO - Filling up the DagBag from /opt/airflow/dags/3-dependencies.py
[2024-08-14 00:16:52,982] {processor.py:651} INFO - DAG(s) dict_keys(['dependencies']) retrieved from /opt/airflow/dags/3-dependencies.py
[2024-08-14 00:16:53,001] {logging_mixin.py:115} INFO - [2024-08-14 00:16:53,001] {dag.py:2420} INFO - Sync 1 DAGs
[2024-08-14 00:16:53,016] {logging_mixin.py:115} INFO - [2024-08-14 00:16:53,016] {dag.py:2972} INFO - Setting next_dagrun for dependencies to 2024-05-20T00:00:00+00:00, run_after=2024-05-20T00:00:00+00:00
[2024-08-14 00:16:53,023] {processor.py:161} INFO - Processing /opt/airflow/dags/3-dependencies.py took 0.052 seconds
[2024-08-14 00:17:23,419] {processor.py:153} INFO - Started process (PID=40414) to work on /opt/airflow/dags/3-dependencies.py
[2024-08-14 00:17:23,420] {processor.py:641} INFO - Processing file /opt/airflow/dags/3-dependencies.py for tasks to queue
[2024-08-14 00:17:23,420] {logging_mixin.py:115} INFO - [2024-08-14 00:17:23,420] {dagbag.py:508} INFO - Filling up the DagBag from /opt/airflow/dags/3-dependencies.py
[2024-08-14 00:17:23,426] {processor.py:651} INFO - DAG(s) dict_keys(['dependencies']) retrieved from /opt/airflow/dags/3-dependencies.py
[2024-08-14 00:17:23,441] {logging_mixin.py:115} INFO - [2024-08-14 00:17:23,441] {dag.py:2420} INFO - Sync 1 DAGs
[2024-08-14 00:17:23,453] {logging_mixin.py:115} INFO - [2024-08-14 00:17:23,453] {dag.py:2972} INFO - Setting next_dagrun for dependencies to 2024-05-20T00:00:00+00:00, run_after=2024-05-20T00:00:00+00:00
[2024-08-14 00:17:23,460] {processor.py:161} INFO - Processing /opt/airflow/dags/3-dependencies.py took 0.043 seconds
[2024-08-14 00:17:53,840] {processor.py:153} INFO - Started process (PID=40452) to work on /opt/airflow/dags/3-dependencies.py
[2024-08-14 00:17:53,840] {processor.py:641} INFO - Processing file /opt/airflow/dags/3-dependencies.py for tasks to queue
[2024-08-14 00:17:53,841] {logging_mixin.py:115} INFO - [2024-08-14 00:17:53,840] {dagbag.py:508} INFO - Filling up the DagBag from /opt/airflow/dags/3-dependencies.py
[2024-08-14 00:17:53,846] {processor.py:651} INFO - DAG(s) dict_keys(['dependencies']) retrieved from /opt/airflow/dags/3-dependencies.py
[2024-08-14 00:17:53,862] {logging_mixin.py:115} INFO - [2024-08-14 00:17:53,862] {dag.py:2420} INFO - Sync 1 DAGs
[2024-08-14 00:17:53,874] {logging_mixin.py:115} INFO - [2024-08-14 00:17:53,874] {dag.py:2972} INFO - Setting next_dagrun for dependencies to 2024-05-20T00:00:00+00:00, run_after=2024-05-20T00:00:00+00:00
[2024-08-14 00:17:53,882] {processor.py:161} INFO - Processing /opt/airflow/dags/3-dependencies.py took 0.044 seconds
[2024-08-14 00:18:24,308] {processor.py:153} INFO - Started process (PID=40491) to work on /opt/airflow/dags/3-dependencies.py
[2024-08-14 00:18:24,309] {processor.py:641} INFO - Processing file /opt/airflow/dags/3-dependencies.py for tasks to queue
[2024-08-14 00:18:24,309] {logging_mixin.py:115} INFO - [2024-08-14 00:18:24,309] {dagbag.py:508} INFO - Filling up the DagBag from /opt/airflow/dags/3-dependencies.py
[2024-08-14 00:18:24,316] {processor.py:651} INFO - DAG(s) dict_keys(['dependencies']) retrieved from /opt/airflow/dags/3-dependencies.py
[2024-08-14 00:18:24,332] {logging_mixin.py:115} INFO - [2024-08-14 00:18:24,332] {dag.py:2420} INFO - Sync 1 DAGs
[2024-08-14 00:18:24,346] {logging_mixin.py:115} INFO - [2024-08-14 00:18:24,346] {dag.py:2972} INFO - Setting next_dagrun for dependencies to 2024-05-20T00:00:00+00:00, run_after=2024-05-20T00:00:00+00:00
[2024-08-14 00:18:24,354] {processor.py:161} INFO - Processing /opt/airflow/dags/3-dependencies.py took 0.048 seconds
[2024-08-14 00:18:54,768] {processor.py:153} INFO - Started process (PID=40530) to work on /opt/airflow/dags/3-dependencies.py
[2024-08-14 00:18:54,769] {processor.py:641} INFO - Processing file /opt/airflow/dags/3-dependencies.py for tasks to queue
[2024-08-14 00:18:54,769] {logging_mixin.py:115} INFO - [2024-08-14 00:18:54,769] {dagbag.py:508} INFO - Filling up the DagBag from /opt/airflow/dags/3-dependencies.py
[2024-08-14 00:18:54,775] {processor.py:651} INFO - DAG(s) dict_keys(['dependencies']) retrieved from /opt/airflow/dags/3-dependencies.py
[2024-08-14 00:18:54,789] {logging_mixin.py:115} INFO - [2024-08-14 00:18:54,789] {dag.py:2420} INFO - Sync 1 DAGs
[2024-08-14 00:18:54,802] {logging_mixin.py:115} INFO - [2024-08-14 00:18:54,802] {dag.py:2972} INFO - Setting next_dagrun for dependencies to 2024-05-20T00:00:00+00:00, run_after=2024-05-20T00:00:00+00:00
[2024-08-14 00:18:54,811] {processor.py:161} INFO - Processing /opt/airflow/dags/3-dependencies.py took 0.045 seconds
[2024-08-14 00:19:25,252] {processor.py:153} INFO - Started process (PID=40567) to work on /opt/airflow/dags/3-dependencies.py
[2024-08-14 00:19:25,253] {processor.py:641} INFO - Processing file /opt/airflow/dags/3-dependencies.py for tasks to queue
[2024-08-14 00:19:25,253] {logging_mixin.py:115} INFO - [2024-08-14 00:19:25,253] {dagbag.py:508} INFO - Filling up the DagBag from /opt/airflow/dags/3-dependencies.py
[2024-08-14 00:19:25,259] {processor.py:651} INFO - DAG(s) dict_keys(['dependencies']) retrieved from /opt/airflow/dags/3-dependencies.py
[2024-08-14 00:19:25,275] {logging_mixin.py:115} INFO - [2024-08-14 00:19:25,275] {dag.py:2420} INFO - Sync 1 DAGs
[2024-08-14 00:19:25,289] {logging_mixin.py:115} INFO - [2024-08-14 00:19:25,289] {dag.py:2972} INFO - Setting next_dagrun for dependencies to 2024-05-20T00:00:00+00:00, run_after=2024-05-20T00:00:00+00:00
[2024-08-14 00:19:25,299] {processor.py:161} INFO - Processing /opt/airflow/dags/3-dependencies.py took 0.049 seconds
[2024-08-14 00:19:55,731] {processor.py:153} INFO - Started process (PID=40597) to work on /opt/airflow/dags/3-dependencies.py
[2024-08-14 00:19:55,732] {processor.py:641} INFO - Processing file /opt/airflow/dags/3-dependencies.py for tasks to queue
[2024-08-14 00:19:55,732] {logging_mixin.py:115} INFO - [2024-08-14 00:19:55,732] {dagbag.py:508} INFO - Filling up the DagBag from /opt/airflow/dags/3-dependencies.py
[2024-08-14 00:19:55,737] {processor.py:651} INFO - DAG(s) dict_keys(['dependencies']) retrieved from /opt/airflow/dags/3-dependencies.py
[2024-08-14 00:19:55,755] {logging_mixin.py:115} INFO - [2024-08-14 00:19:55,755] {dag.py:2420} INFO - Sync 1 DAGs
[2024-08-14 00:19:55,769] {logging_mixin.py:115} INFO - [2024-08-14 00:19:55,769] {dag.py:2972} INFO - Setting next_dagrun for dependencies to 2024-05-20T00:00:00+00:00, run_after=2024-05-20T00:00:00+00:00
[2024-08-14 00:19:55,778] {processor.py:161} INFO - Processing /opt/airflow/dags/3-dependencies.py took 0.049 seconds
[2024-08-14 00:20:26,158] {processor.py:153} INFO - Started process (PID=40636) to work on /opt/airflow/dags/3-dependencies.py
[2024-08-14 00:20:26,159] {processor.py:641} INFO - Processing file /opt/airflow/dags/3-dependencies.py for tasks to queue
[2024-08-14 00:20:26,159] {logging_mixin.py:115} INFO - [2024-08-14 00:20:26,159] {dagbag.py:508} INFO - Filling up the DagBag from /opt/airflow/dags/3-dependencies.py
[2024-08-14 00:20:26,165] {processor.py:651} INFO - DAG(s) dict_keys(['dependencies']) retrieved from /opt/airflow/dags/3-dependencies.py
[2024-08-14 00:20:26,180] {logging_mixin.py:115} INFO - [2024-08-14 00:20:26,180] {dag.py:2420} INFO - Sync 1 DAGs
[2024-08-14 00:20:26,192] {logging_mixin.py:115} INFO - [2024-08-14 00:20:26,192] {dag.py:2972} INFO - Setting next_dagrun for dependencies to 2024-05-20T00:00:00+00:00, run_after=2024-05-20T00:00:00+00:00
[2024-08-14 00:20:26,199] {processor.py:161} INFO - Processing /opt/airflow/dags/3-dependencies.py took 0.043 seconds
[2024-08-14 00:20:56,577] {processor.py:153} INFO - Started process (PID=40676) to work on /opt/airflow/dags/3-dependencies.py
[2024-08-14 00:20:56,577] {processor.py:641} INFO - Processing file /opt/airflow/dags/3-dependencies.py for tasks to queue
[2024-08-14 00:20:56,578] {logging_mixin.py:115} INFO - [2024-08-14 00:20:56,578] {dagbag.py:508} INFO - Filling up the DagBag from /opt/airflow/dags/3-dependencies.py
[2024-08-14 00:20:56,584] {processor.py:651} INFO - DAG(s) dict_keys(['dependencies']) retrieved from /opt/airflow/dags/3-dependencies.py
[2024-08-14 00:20:56,601] {logging_mixin.py:115} INFO - [2024-08-14 00:20:56,601] {dag.py:2420} INFO - Sync 1 DAGs
[2024-08-14 00:20:56,614] {logging_mixin.py:115} INFO - [2024-08-14 00:20:56,613] {dag.py:2972} INFO - Setting next_dagrun for dependencies to 2024-05-20T00:00:00+00:00, run_after=2024-05-20T00:00:00+00:00
[2024-08-14 00:20:56,623] {processor.py:161} INFO - Processing /opt/airflow/dags/3-dependencies.py took 0.048 seconds
[2024-08-14 00:21:27,041] {processor.py:153} INFO - Started process (PID=40715) to work on /opt/airflow/dags/3-dependencies.py
[2024-08-14 00:21:27,042] {processor.py:641} INFO - Processing file /opt/airflow/dags/3-dependencies.py for tasks to queue
[2024-08-14 00:21:27,042] {logging_mixin.py:115} INFO - [2024-08-14 00:21:27,042] {dagbag.py:508} INFO - Filling up the DagBag from /opt/airflow/dags/3-dependencies.py
[2024-08-14 00:21:27,048] {processor.py:651} INFO - DAG(s) dict_keys(['dependencies']) retrieved from /opt/airflow/dags/3-dependencies.py
[2024-08-14 00:21:27,064] {logging_mixin.py:115} INFO - [2024-08-14 00:21:27,064] {dag.py:2420} INFO - Sync 1 DAGs
[2024-08-14 00:21:27,077] {logging_mixin.py:115} INFO - [2024-08-14 00:21:27,077] {dag.py:2972} INFO - Setting next_dagrun for dependencies to 2024-05-20T00:00:00+00:00, run_after=2024-05-20T00:00:00+00:00
[2024-08-14 00:21:27,085] {processor.py:161} INFO - Processing /opt/airflow/dags/3-dependencies.py took 0.046 seconds
[2024-08-14 00:21:57,545] {processor.py:153} INFO - Started process (PID=40754) to work on /opt/airflow/dags/3-dependencies.py
[2024-08-14 00:21:57,545] {processor.py:641} INFO - Processing file /opt/airflow/dags/3-dependencies.py for tasks to queue
[2024-08-14 00:21:57,546] {logging_mixin.py:115} INFO - [2024-08-14 00:21:57,546] {dagbag.py:508} INFO - Filling up the DagBag from /opt/airflow/dags/3-dependencies.py
[2024-08-14 00:21:57,553] {processor.py:651} INFO - DAG(s) dict_keys(['dependencies']) retrieved from /opt/airflow/dags/3-dependencies.py
[2024-08-14 00:21:57,568] {logging_mixin.py:115} INFO - [2024-08-14 00:21:57,568] {dag.py:2420} INFO - Sync 1 DAGs
[2024-08-14 00:21:57,581] {logging_mixin.py:115} INFO - [2024-08-14 00:21:57,581] {dag.py:2972} INFO - Setting next_dagrun for dependencies to 2024-05-20T00:00:00+00:00, run_after=2024-05-20T00:00:00+00:00
[2024-08-14 00:21:57,588] {processor.py:161} INFO - Processing /opt/airflow/dags/3-dependencies.py took 0.046 seconds
[2024-08-14 00:22:27,984] {processor.py:153} INFO - Started process (PID=40793) to work on /opt/airflow/dags/3-dependencies.py
[2024-08-14 00:22:27,984] {processor.py:641} INFO - Processing file /opt/airflow/dags/3-dependencies.py for tasks to queue
[2024-08-14 00:22:27,985] {logging_mixin.py:115} INFO - [2024-08-14 00:22:27,985] {dagbag.py:508} INFO - Filling up the DagBag from /opt/airflow/dags/3-dependencies.py
[2024-08-14 00:22:27,991] {processor.py:651} INFO - DAG(s) dict_keys(['dependencies']) retrieved from /opt/airflow/dags/3-dependencies.py
[2024-08-14 00:22:28,008] {logging_mixin.py:115} INFO - [2024-08-14 00:22:28,008] {dag.py:2420} INFO - Sync 1 DAGs
[2024-08-14 00:22:28,026] {logging_mixin.py:115} INFO - [2024-08-14 00:22:28,026] {dag.py:2972} INFO - Setting next_dagrun for dependencies to 2024-05-20T00:00:00+00:00, run_after=2024-05-20T00:00:00+00:00
[2024-08-14 00:22:28,035] {processor.py:161} INFO - Processing /opt/airflow/dags/3-dependencies.py took 0.054 seconds
[2024-08-14 00:22:58,412] {processor.py:153} INFO - Started process (PID=40824) to work on /opt/airflow/dags/3-dependencies.py
[2024-08-14 00:22:58,412] {processor.py:641} INFO - Processing file /opt/airflow/dags/3-dependencies.py for tasks to queue
[2024-08-14 00:22:58,413] {logging_mixin.py:115} INFO - [2024-08-14 00:22:58,413] {dagbag.py:508} INFO - Filling up the DagBag from /opt/airflow/dags/3-dependencies.py
[2024-08-14 00:22:58,418] {processor.py:651} INFO - DAG(s) dict_keys(['dependencies']) retrieved from /opt/airflow/dags/3-dependencies.py
[2024-08-14 00:22:58,434] {logging_mixin.py:115} INFO - [2024-08-14 00:22:58,434] {dag.py:2420} INFO - Sync 1 DAGs
[2024-08-14 00:22:58,446] {logging_mixin.py:115} INFO - [2024-08-14 00:22:58,446] {dag.py:2972} INFO - Setting next_dagrun for dependencies to 2024-05-20T00:00:00+00:00, run_after=2024-05-20T00:00:00+00:00
[2024-08-14 00:22:58,455] {processor.py:161} INFO - Processing /opt/airflow/dags/3-dependencies.py took 0.045 seconds
[2024-08-14 00:23:28,829] {processor.py:153} INFO - Started process (PID=40863) to work on /opt/airflow/dags/3-dependencies.py
[2024-08-14 00:23:28,829] {processor.py:641} INFO - Processing file /opt/airflow/dags/3-dependencies.py for tasks to queue
[2024-08-14 00:23:28,829] {logging_mixin.py:115} INFO - [2024-08-14 00:23:28,829] {dagbag.py:508} INFO - Filling up the DagBag from /opt/airflow/dags/3-dependencies.py
[2024-08-14 00:23:28,835] {processor.py:651} INFO - DAG(s) dict_keys(['dependencies']) retrieved from /opt/airflow/dags/3-dependencies.py
[2024-08-14 00:23:28,850] {logging_mixin.py:115} INFO - [2024-08-14 00:23:28,850] {dag.py:2420} INFO - Sync 1 DAGs
[2024-08-14 00:23:28,863] {logging_mixin.py:115} INFO - [2024-08-14 00:23:28,863] {dag.py:2972} INFO - Setting next_dagrun for dependencies to 2024-05-20T00:00:00+00:00, run_after=2024-05-20T00:00:00+00:00
[2024-08-14 00:23:28,871] {processor.py:161} INFO - Processing /opt/airflow/dags/3-dependencies.py took 0.044 seconds
[2024-08-14 00:23:59,298] {processor.py:153} INFO - Started process (PID=40902) to work on /opt/airflow/dags/3-dependencies.py
[2024-08-14 00:23:59,299] {processor.py:641} INFO - Processing file /opt/airflow/dags/3-dependencies.py for tasks to queue
[2024-08-14 00:23:59,299] {logging_mixin.py:115} INFO - [2024-08-14 00:23:59,299] {dagbag.py:508} INFO - Filling up the DagBag from /opt/airflow/dags/3-dependencies.py
[2024-08-14 00:23:59,305] {processor.py:651} INFO - DAG(s) dict_keys(['dependencies']) retrieved from /opt/airflow/dags/3-dependencies.py
[2024-08-14 00:23:59,320] {logging_mixin.py:115} INFO - [2024-08-14 00:23:59,320] {dag.py:2420} INFO - Sync 1 DAGs
[2024-08-14 00:23:59,333] {logging_mixin.py:115} INFO - [2024-08-14 00:23:59,332] {dag.py:2972} INFO - Setting next_dagrun for dependencies to 2024-05-20T00:00:00+00:00, run_after=2024-05-20T00:00:00+00:00
[2024-08-14 00:23:59,341] {processor.py:161} INFO - Processing /opt/airflow/dags/3-dependencies.py took 0.044 seconds
[2024-08-14 00:24:29,719] {processor.py:153} INFO - Started process (PID=40940) to work on /opt/airflow/dags/3-dependencies.py
[2024-08-14 00:24:29,719] {processor.py:641} INFO - Processing file /opt/airflow/dags/3-dependencies.py for tasks to queue
[2024-08-14 00:24:29,720] {logging_mixin.py:115} INFO - [2024-08-14 00:24:29,720] {dagbag.py:508} INFO - Filling up the DagBag from /opt/airflow/dags/3-dependencies.py
[2024-08-14 00:24:29,726] {processor.py:651} INFO - DAG(s) dict_keys(['dependencies']) retrieved from /opt/airflow/dags/3-dependencies.py
[2024-08-14 00:24:29,745] {logging_mixin.py:115} INFO - [2024-08-14 00:24:29,744] {dag.py:2420} INFO - Sync 1 DAGs
[2024-08-14 00:24:29,758] {logging_mixin.py:115} INFO - [2024-08-14 00:24:29,758] {dag.py:2972} INFO - Setting next_dagrun for dependencies to 2024-05-20T00:00:00+00:00, run_after=2024-05-20T00:00:00+00:00
[2024-08-14 00:24:29,767] {processor.py:161} INFO - Processing /opt/airflow/dags/3-dependencies.py took 0.050 seconds
[2024-08-14 00:25:00,298] {processor.py:153} INFO - Started process (PID=40978) to work on /opt/airflow/dags/3-dependencies.py
[2024-08-14 00:25:00,298] {processor.py:641} INFO - Processing file /opt/airflow/dags/3-dependencies.py for tasks to queue
[2024-08-14 00:25:00,299] {logging_mixin.py:115} INFO - [2024-08-14 00:25:00,299] {dagbag.py:508} INFO - Filling up the DagBag from /opt/airflow/dags/3-dependencies.py
[2024-08-14 00:25:00,309] {processor.py:651} INFO - DAG(s) dict_keys(['dependencies']) retrieved from /opt/airflow/dags/3-dependencies.py
[2024-08-14 00:25:00,328] {logging_mixin.py:115} INFO - [2024-08-14 00:25:00,328] {dag.py:2420} INFO - Sync 1 DAGs
[2024-08-14 00:25:00,345] {logging_mixin.py:115} INFO - [2024-08-14 00:25:00,344] {dag.py:2972} INFO - Setting next_dagrun for dependencies to 2024-05-20T00:00:00+00:00, run_after=2024-05-20T00:00:00+00:00
[2024-08-14 00:25:00,357] {processor.py:161} INFO - Processing /opt/airflow/dags/3-dependencies.py took 0.062 seconds
[2024-08-14 00:25:30,794] {processor.py:153} INFO - Started process (PID=41007) to work on /opt/airflow/dags/3-dependencies.py
[2024-08-14 00:25:30,794] {processor.py:641} INFO - Processing file /opt/airflow/dags/3-dependencies.py for tasks to queue
[2024-08-14 00:25:30,794] {logging_mixin.py:115} INFO - [2024-08-14 00:25:30,794] {dagbag.py:508} INFO - Filling up the DagBag from /opt/airflow/dags/3-dependencies.py
[2024-08-14 00:25:30,800] {processor.py:651} INFO - DAG(s) dict_keys(['dependencies']) retrieved from /opt/airflow/dags/3-dependencies.py
[2024-08-14 00:25:30,816] {logging_mixin.py:115} INFO - [2024-08-14 00:25:30,815] {dag.py:2420} INFO - Sync 1 DAGs
[2024-08-14 00:25:30,828] {logging_mixin.py:115} INFO - [2024-08-14 00:25:30,828] {dag.py:2972} INFO - Setting next_dagrun for dependencies to 2024-05-20T00:00:00+00:00, run_after=2024-05-20T00:00:00+00:00
[2024-08-14 00:25:30,836] {processor.py:161} INFO - Processing /opt/airflow/dags/3-dependencies.py took 0.044 seconds
[2024-08-14 00:26:01,220] {processor.py:153} INFO - Started process (PID=41045) to work on /opt/airflow/dags/3-dependencies.py
[2024-08-14 00:26:01,220] {processor.py:641} INFO - Processing file /opt/airflow/dags/3-dependencies.py for tasks to queue
[2024-08-14 00:26:01,220] {logging_mixin.py:115} INFO - [2024-08-14 00:26:01,220] {dagbag.py:508} INFO - Filling up the DagBag from /opt/airflow/dags/3-dependencies.py
[2024-08-14 00:26:01,227] {processor.py:651} INFO - DAG(s) dict_keys(['dependencies']) retrieved from /opt/airflow/dags/3-dependencies.py
[2024-08-14 00:26:01,245] {logging_mixin.py:115} INFO - [2024-08-14 00:26:01,245] {dag.py:2420} INFO - Sync 1 DAGs
[2024-08-14 00:26:01,259] {logging_mixin.py:115} INFO - [2024-08-14 00:26:01,259] {dag.py:2972} INFO - Setting next_dagrun for dependencies to 2024-05-20T00:00:00+00:00, run_after=2024-05-20T00:00:00+00:00
[2024-08-14 00:26:01,268] {processor.py:161} INFO - Processing /opt/airflow/dags/3-dependencies.py took 0.050 seconds
[2024-08-14 00:26:31,721] {processor.py:153} INFO - Started process (PID=41084) to work on /opt/airflow/dags/3-dependencies.py
[2024-08-14 00:26:31,722] {processor.py:641} INFO - Processing file /opt/airflow/dags/3-dependencies.py for tasks to queue
[2024-08-14 00:26:31,722] {logging_mixin.py:115} INFO - [2024-08-14 00:26:31,722] {dagbag.py:508} INFO - Filling up the DagBag from /opt/airflow/dags/3-dependencies.py
[2024-08-14 00:26:31,730] {processor.py:651} INFO - DAG(s) dict_keys(['dependencies']) retrieved from /opt/airflow/dags/3-dependencies.py
[2024-08-14 00:26:31,745] {logging_mixin.py:115} INFO - [2024-08-14 00:26:31,745] {dag.py:2420} INFO - Sync 1 DAGs
[2024-08-14 00:26:31,758] {logging_mixin.py:115} INFO - [2024-08-14 00:26:31,758] {dag.py:2972} INFO - Setting next_dagrun for dependencies to 2024-05-20T00:00:00+00:00, run_after=2024-05-20T00:00:00+00:00
[2024-08-14 00:26:31,768] {processor.py:161} INFO - Processing /opt/airflow/dags/3-dependencies.py took 0.049 seconds
[2024-08-14 00:27:02,211] {processor.py:153} INFO - Started process (PID=41123) to work on /opt/airflow/dags/3-dependencies.py
[2024-08-14 00:27:02,211] {processor.py:641} INFO - Processing file /opt/airflow/dags/3-dependencies.py for tasks to queue
[2024-08-14 00:27:02,212] {logging_mixin.py:115} INFO - [2024-08-14 00:27:02,212] {dagbag.py:508} INFO - Filling up the DagBag from /opt/airflow/dags/3-dependencies.py
[2024-08-14 00:27:02,220] {processor.py:651} INFO - DAG(s) dict_keys(['dependencies']) retrieved from /opt/airflow/dags/3-dependencies.py
[2024-08-14 00:27:02,237] {logging_mixin.py:115} INFO - [2024-08-14 00:27:02,237] {dag.py:2420} INFO - Sync 1 DAGs
[2024-08-14 00:27:02,253] {logging_mixin.py:115} INFO - [2024-08-14 00:27:02,253] {dag.py:2972} INFO - Setting next_dagrun for dependencies to 2024-05-20T00:00:00+00:00, run_after=2024-05-20T00:00:00+00:00
[2024-08-14 00:27:02,260] {processor.py:161} INFO - Processing /opt/airflow/dags/3-dependencies.py took 0.052 seconds
[2024-08-14 00:27:32,668] {processor.py:153} INFO - Started process (PID=41161) to work on /opt/airflow/dags/3-dependencies.py
[2024-08-14 00:27:32,668] {processor.py:641} INFO - Processing file /opt/airflow/dags/3-dependencies.py for tasks to queue
[2024-08-14 00:27:32,669] {logging_mixin.py:115} INFO - [2024-08-14 00:27:32,669] {dagbag.py:508} INFO - Filling up the DagBag from /opt/airflow/dags/3-dependencies.py
[2024-08-14 00:27:32,674] {processor.py:651} INFO - DAG(s) dict_keys(['dependencies']) retrieved from /opt/airflow/dags/3-dependencies.py
[2024-08-14 00:27:32,690] {logging_mixin.py:115} INFO - [2024-08-14 00:27:32,690] {dag.py:2420} INFO - Sync 1 DAGs
[2024-08-14 00:27:32,704] {logging_mixin.py:115} INFO - [2024-08-14 00:27:32,704] {dag.py:2972} INFO - Setting next_dagrun for dependencies to 2024-05-20T00:00:00+00:00, run_after=2024-05-20T00:00:00+00:00
[2024-08-14 00:27:32,712] {processor.py:161} INFO - Processing /opt/airflow/dags/3-dependencies.py took 0.046 seconds
[2024-08-14 00:28:03,104] {processor.py:153} INFO - Started process (PID=41200) to work on /opt/airflow/dags/3-dependencies.py
[2024-08-14 00:28:03,104] {processor.py:641} INFO - Processing file /opt/airflow/dags/3-dependencies.py for tasks to queue
[2024-08-14 00:28:03,104] {logging_mixin.py:115} INFO - [2024-08-14 00:28:03,104] {dagbag.py:508} INFO - Filling up the DagBag from /opt/airflow/dags/3-dependencies.py
[2024-08-14 00:28:03,110] {processor.py:651} INFO - DAG(s) dict_keys(['dependencies']) retrieved from /opt/airflow/dags/3-dependencies.py
[2024-08-14 00:28:03,126] {logging_mixin.py:115} INFO - [2024-08-14 00:28:03,126] {dag.py:2420} INFO - Sync 1 DAGs
[2024-08-14 00:28:03,139] {logging_mixin.py:115} INFO - [2024-08-14 00:28:03,139] {dag.py:2972} INFO - Setting next_dagrun for dependencies to 2024-05-20T00:00:00+00:00, run_after=2024-05-20T00:00:00+00:00
[2024-08-14 00:28:03,148] {processor.py:161} INFO - Processing /opt/airflow/dags/3-dependencies.py took 0.046 seconds
[2024-08-14 00:28:33,583] {processor.py:153} INFO - Started process (PID=41230) to work on /opt/airflow/dags/3-dependencies.py
[2024-08-14 00:28:33,584] {processor.py:641} INFO - Processing file /opt/airflow/dags/3-dependencies.py for tasks to queue
[2024-08-14 00:28:33,584] {logging_mixin.py:115} INFO - [2024-08-14 00:28:33,584] {dagbag.py:508} INFO - Filling up the DagBag from /opt/airflow/dags/3-dependencies.py
[2024-08-14 00:28:33,590] {processor.py:651} INFO - DAG(s) dict_keys(['dependencies']) retrieved from /opt/airflow/dags/3-dependencies.py
[2024-08-14 00:28:33,605] {logging_mixin.py:115} INFO - [2024-08-14 00:28:33,604] {dag.py:2420} INFO - Sync 1 DAGs
[2024-08-14 00:28:33,618] {logging_mixin.py:115} INFO - [2024-08-14 00:28:33,617] {dag.py:2972} INFO - Setting next_dagrun for dependencies to 2024-05-20T00:00:00+00:00, run_after=2024-05-20T00:00:00+00:00
[2024-08-14 00:28:33,625] {processor.py:161} INFO - Processing /opt/airflow/dags/3-dependencies.py took 0.045 seconds
[2024-08-14 00:29:04,063] {processor.py:153} INFO - Started process (PID=41269) to work on /opt/airflow/dags/3-dependencies.py
[2024-08-14 00:29:04,063] {processor.py:641} INFO - Processing file /opt/airflow/dags/3-dependencies.py for tasks to queue
[2024-08-14 00:29:04,063] {logging_mixin.py:115} INFO - [2024-08-14 00:29:04,063] {dagbag.py:508} INFO - Filling up the DagBag from /opt/airflow/dags/3-dependencies.py
[2024-08-14 00:29:04,070] {processor.py:651} INFO - DAG(s) dict_keys(['dependencies']) retrieved from /opt/airflow/dags/3-dependencies.py
[2024-08-14 00:29:04,087] {logging_mixin.py:115} INFO - [2024-08-14 00:29:04,087] {dag.py:2420} INFO - Sync 1 DAGs
[2024-08-14 00:29:04,104] {logging_mixin.py:115} INFO - [2024-08-14 00:29:04,104] {dag.py:2972} INFO - Setting next_dagrun for dependencies to 2024-05-20T00:00:00+00:00, run_after=2024-05-20T00:00:00+00:00
[2024-08-14 00:29:04,115] {processor.py:161} INFO - Processing /opt/airflow/dags/3-dependencies.py took 0.055 seconds
[2024-08-14 00:29:34,502] {processor.py:153} INFO - Started process (PID=41308) to work on /opt/airflow/dags/3-dependencies.py
[2024-08-14 00:29:34,502] {processor.py:641} INFO - Processing file /opt/airflow/dags/3-dependencies.py for tasks to queue
[2024-08-14 00:29:34,503] {logging_mixin.py:115} INFO - [2024-08-14 00:29:34,502] {dagbag.py:508} INFO - Filling up the DagBag from /opt/airflow/dags/3-dependencies.py
[2024-08-14 00:29:34,508] {processor.py:651} INFO - DAG(s) dict_keys(['dependencies']) retrieved from /opt/airflow/dags/3-dependencies.py
[2024-08-14 00:29:34,524] {logging_mixin.py:115} INFO - [2024-08-14 00:29:34,524] {dag.py:2420} INFO - Sync 1 DAGs
[2024-08-14 00:29:34,537] {logging_mixin.py:115} INFO - [2024-08-14 00:29:34,537] {dag.py:2972} INFO - Setting next_dagrun for dependencies to 2024-05-20T00:00:00+00:00, run_after=2024-05-20T00:00:00+00:00
[2024-08-14 00:29:34,545] {processor.py:161} INFO - Processing /opt/airflow/dags/3-dependencies.py took 0.045 seconds
[2024-08-14 00:30:04,986] {processor.py:153} INFO - Started process (PID=41347) to work on /opt/airflow/dags/3-dependencies.py
[2024-08-14 00:30:04,986] {processor.py:641} INFO - Processing file /opt/airflow/dags/3-dependencies.py for tasks to queue
[2024-08-14 00:30:04,987] {logging_mixin.py:115} INFO - [2024-08-14 00:30:04,987] {dagbag.py:508} INFO - Filling up the DagBag from /opt/airflow/dags/3-dependencies.py
[2024-08-14 00:30:04,993] {processor.py:651} INFO - DAG(s) dict_keys(['dependencies']) retrieved from /opt/airflow/dags/3-dependencies.py
[2024-08-14 00:30:05,009] {logging_mixin.py:115} INFO - [2024-08-14 00:30:05,009] {dag.py:2420} INFO - Sync 1 DAGs
[2024-08-14 00:30:05,022] {logging_mixin.py:115} INFO - [2024-08-14 00:30:05,022] {dag.py:2972} INFO - Setting next_dagrun for dependencies to 2024-05-20T00:00:00+00:00, run_after=2024-05-20T00:00:00+00:00
[2024-08-14 00:30:05,029] {processor.py:161} INFO - Processing /opt/airflow/dags/3-dependencies.py took 0.046 seconds
[2024-08-14 00:30:35,432] {processor.py:153} INFO - Started process (PID=41386) to work on /opt/airflow/dags/3-dependencies.py
[2024-08-14 00:30:35,432] {processor.py:641} INFO - Processing file /opt/airflow/dags/3-dependencies.py for tasks to queue
[2024-08-14 00:30:35,433] {logging_mixin.py:115} INFO - [2024-08-14 00:30:35,433] {dagbag.py:508} INFO - Filling up the DagBag from /opt/airflow/dags/3-dependencies.py
[2024-08-14 00:30:35,439] {processor.py:651} INFO - DAG(s) dict_keys(['dependencies']) retrieved from /opt/airflow/dags/3-dependencies.py
[2024-08-14 00:30:35,456] {logging_mixin.py:115} INFO - [2024-08-14 00:30:35,456] {dag.py:2420} INFO - Sync 1 DAGs
[2024-08-14 00:30:35,469] {logging_mixin.py:115} INFO - [2024-08-14 00:30:35,469] {dag.py:2972} INFO - Setting next_dagrun for dependencies to 2024-05-20T00:00:00+00:00, run_after=2024-05-20T00:00:00+00:00
[2024-08-14 00:30:35,477] {processor.py:161} INFO - Processing /opt/airflow/dags/3-dependencies.py took 0.048 seconds
[2024-08-14 00:31:05,863] {processor.py:153} INFO - Started process (PID=41425) to work on /opt/airflow/dags/3-dependencies.py
[2024-08-14 00:31:05,864] {processor.py:641} INFO - Processing file /opt/airflow/dags/3-dependencies.py for tasks to queue
[2024-08-14 00:31:05,865] {logging_mixin.py:115} INFO - [2024-08-14 00:31:05,865] {dagbag.py:508} INFO - Filling up the DagBag from /opt/airflow/dags/3-dependencies.py
[2024-08-14 00:31:05,871] {processor.py:651} INFO - DAG(s) dict_keys(['dependencies']) retrieved from /opt/airflow/dags/3-dependencies.py
[2024-08-14 00:31:05,892] {logging_mixin.py:115} INFO - [2024-08-14 00:31:05,892] {dag.py:2420} INFO - Sync 1 DAGs
[2024-08-14 00:31:05,906] {logging_mixin.py:115} INFO - [2024-08-14 00:31:05,906] {dag.py:2972} INFO - Setting next_dagrun for dependencies to 2024-05-20T00:00:00+00:00, run_after=2024-05-20T00:00:00+00:00
[2024-08-14 00:31:05,916] {processor.py:161} INFO - Processing /opt/airflow/dags/3-dependencies.py took 0.055 seconds
[2024-08-14 00:31:36,325] {processor.py:153} INFO - Started process (PID=41455) to work on /opt/airflow/dags/3-dependencies.py
[2024-08-14 00:31:36,325] {processor.py:641} INFO - Processing file /opt/airflow/dags/3-dependencies.py for tasks to queue
[2024-08-14 00:31:36,325] {logging_mixin.py:115} INFO - [2024-08-14 00:31:36,325] {dagbag.py:508} INFO - Filling up the DagBag from /opt/airflow/dags/3-dependencies.py
[2024-08-14 00:31:36,331] {processor.py:651} INFO - DAG(s) dict_keys(['dependencies']) retrieved from /opt/airflow/dags/3-dependencies.py
[2024-08-14 00:31:36,349] {logging_mixin.py:115} INFO - [2024-08-14 00:31:36,348] {dag.py:2420} INFO - Sync 1 DAGs
[2024-08-14 00:31:36,361] {logging_mixin.py:115} INFO - [2024-08-14 00:31:36,361] {dag.py:2972} INFO - Setting next_dagrun for dependencies to 2024-05-20T00:00:00+00:00, run_after=2024-05-20T00:00:00+00:00
[2024-08-14 00:31:36,369] {processor.py:161} INFO - Processing /opt/airflow/dags/3-dependencies.py took 0.046 seconds
[2024-08-14 00:32:06,774] {processor.py:153} INFO - Started process (PID=41494) to work on /opt/airflow/dags/3-dependencies.py
[2024-08-14 00:32:06,774] {processor.py:641} INFO - Processing file /opt/airflow/dags/3-dependencies.py for tasks to queue
[2024-08-14 00:32:06,774] {logging_mixin.py:115} INFO - [2024-08-14 00:32:06,774] {dagbag.py:508} INFO - Filling up the DagBag from /opt/airflow/dags/3-dependencies.py
[2024-08-14 00:32:06,782] {processor.py:651} INFO - DAG(s) dict_keys(['dependencies']) retrieved from /opt/airflow/dags/3-dependencies.py
[2024-08-14 00:32:06,802] {logging_mixin.py:115} INFO - [2024-08-14 00:32:06,802] {dag.py:2420} INFO - Sync 1 DAGs
[2024-08-14 00:32:06,816] {logging_mixin.py:115} INFO - [2024-08-14 00:32:06,816] {dag.py:2972} INFO - Setting next_dagrun for dependencies to 2024-05-20T00:00:00+00:00, run_after=2024-05-20T00:00:00+00:00
[2024-08-14 00:32:06,825] {processor.py:161} INFO - Processing /opt/airflow/dags/3-dependencies.py took 0.053 seconds
[2024-08-14 00:32:37,243] {processor.py:153} INFO - Started process (PID=41533) to work on /opt/airflow/dags/3-dependencies.py
[2024-08-14 00:32:37,244] {processor.py:641} INFO - Processing file /opt/airflow/dags/3-dependencies.py for tasks to queue
[2024-08-14 00:32:37,244] {logging_mixin.py:115} INFO - [2024-08-14 00:32:37,244] {dagbag.py:508} INFO - Filling up the DagBag from /opt/airflow/dags/3-dependencies.py
[2024-08-14 00:32:37,249] {processor.py:651} INFO - DAG(s) dict_keys(['dependencies']) retrieved from /opt/airflow/dags/3-dependencies.py
[2024-08-14 00:32:37,265] {logging_mixin.py:115} INFO - [2024-08-14 00:32:37,265] {dag.py:2420} INFO - Sync 1 DAGs
[2024-08-14 00:32:37,279] {logging_mixin.py:115} INFO - [2024-08-14 00:32:37,279] {dag.py:2972} INFO - Setting next_dagrun for dependencies to 2024-05-20T00:00:00+00:00, run_after=2024-05-20T00:00:00+00:00
[2024-08-14 00:32:37,286] {processor.py:161} INFO - Processing /opt/airflow/dags/3-dependencies.py took 0.045 seconds
[2024-08-14 00:33:07,785] {processor.py:153} INFO - Started process (PID=41572) to work on /opt/airflow/dags/3-dependencies.py
[2024-08-14 00:33:07,785] {processor.py:641} INFO - Processing file /opt/airflow/dags/3-dependencies.py for tasks to queue
[2024-08-14 00:33:07,785] {logging_mixin.py:115} INFO - [2024-08-14 00:33:07,785] {dagbag.py:508} INFO - Filling up the DagBag from /opt/airflow/dags/3-dependencies.py
[2024-08-14 00:33:07,791] {processor.py:651} INFO - DAG(s) dict_keys(['dependencies']) retrieved from /opt/airflow/dags/3-dependencies.py
[2024-08-14 00:33:07,808] {logging_mixin.py:115} INFO - [2024-08-14 00:33:07,808] {dag.py:2420} INFO - Sync 1 DAGs
[2024-08-14 00:33:07,822] {logging_mixin.py:115} INFO - [2024-08-14 00:33:07,822] {dag.py:2972} INFO - Setting next_dagrun for dependencies to 2024-05-20T00:00:00+00:00, run_after=2024-05-20T00:00:00+00:00
[2024-08-14 00:33:07,832] {processor.py:161} INFO - Processing /opt/airflow/dags/3-dependencies.py took 0.050 seconds
[2024-08-14 00:33:38,254] {processor.py:153} INFO - Started process (PID=41611) to work on /opt/airflow/dags/3-dependencies.py
[2024-08-14 00:33:38,255] {processor.py:641} INFO - Processing file /opt/airflow/dags/3-dependencies.py for tasks to queue
[2024-08-14 00:33:38,255] {logging_mixin.py:115} INFO - [2024-08-14 00:33:38,255] {dagbag.py:508} INFO - Filling up the DagBag from /opt/airflow/dags/3-dependencies.py
[2024-08-14 00:33:38,262] {processor.py:651} INFO - DAG(s) dict_keys(['dependencies']) retrieved from /opt/airflow/dags/3-dependencies.py
[2024-08-14 00:33:38,279] {logging_mixin.py:115} INFO - [2024-08-14 00:33:38,279] {dag.py:2420} INFO - Sync 1 DAGs
[2024-08-14 00:33:38,293] {logging_mixin.py:115} INFO - [2024-08-14 00:33:38,293] {dag.py:2972} INFO - Setting next_dagrun for dependencies to 2024-05-20T00:00:00+00:00, run_after=2024-05-20T00:00:00+00:00
[2024-08-14 00:33:38,301] {processor.py:161} INFO - Processing /opt/airflow/dags/3-dependencies.py took 0.049 seconds
[2024-08-14 00:34:08,743] {processor.py:153} INFO - Started process (PID=41641) to work on /opt/airflow/dags/3-dependencies.py
[2024-08-14 00:34:08,744] {processor.py:641} INFO - Processing file /opt/airflow/dags/3-dependencies.py for tasks to queue
[2024-08-14 00:34:08,744] {logging_mixin.py:115} INFO - [2024-08-14 00:34:08,744] {dagbag.py:508} INFO - Filling up the DagBag from /opt/airflow/dags/3-dependencies.py
[2024-08-14 00:34:08,750] {processor.py:651} INFO - DAG(s) dict_keys(['dependencies']) retrieved from /opt/airflow/dags/3-dependencies.py
[2024-08-14 00:34:08,767] {logging_mixin.py:115} INFO - [2024-08-14 00:34:08,767] {dag.py:2420} INFO - Sync 1 DAGs
[2024-08-14 00:34:08,781] {logging_mixin.py:115} INFO - [2024-08-14 00:34:08,781] {dag.py:2972} INFO - Setting next_dagrun for dependencies to 2024-05-20T00:00:00+00:00, run_after=2024-05-20T00:00:00+00:00
[2024-08-14 00:34:08,790] {processor.py:161} INFO - Processing /opt/airflow/dags/3-dependencies.py took 0.049 seconds
[2024-08-14 00:34:39,271] {processor.py:153} INFO - Started process (PID=41680) to work on /opt/airflow/dags/3-dependencies.py
[2024-08-14 00:34:39,271] {processor.py:641} INFO - Processing file /opt/airflow/dags/3-dependencies.py for tasks to queue
[2024-08-14 00:34:39,271] {logging_mixin.py:115} INFO - [2024-08-14 00:34:39,271] {dagbag.py:508} INFO - Filling up the DagBag from /opt/airflow/dags/3-dependencies.py
[2024-08-14 00:34:39,277] {processor.py:651} INFO - DAG(s) dict_keys(['dependencies']) retrieved from /opt/airflow/dags/3-dependencies.py
[2024-08-14 00:34:39,293] {logging_mixin.py:115} INFO - [2024-08-14 00:34:39,293] {dag.py:2420} INFO - Sync 1 DAGs
[2024-08-14 00:34:39,307] {logging_mixin.py:115} INFO - [2024-08-14 00:34:39,306] {dag.py:2972} INFO - Setting next_dagrun for dependencies to 2024-05-20T00:00:00+00:00, run_after=2024-05-20T00:00:00+00:00
[2024-08-14 00:34:39,315] {processor.py:161} INFO - Processing /opt/airflow/dags/3-dependencies.py took 0.047 seconds
[2024-08-14 00:35:09,780] {processor.py:153} INFO - Started process (PID=41719) to work on /opt/airflow/dags/3-dependencies.py
[2024-08-14 00:35:09,781] {processor.py:641} INFO - Processing file /opt/airflow/dags/3-dependencies.py for tasks to queue
[2024-08-14 00:35:09,781] {logging_mixin.py:115} INFO - [2024-08-14 00:35:09,781] {dagbag.py:508} INFO - Filling up the DagBag from /opt/airflow/dags/3-dependencies.py
[2024-08-14 00:35:09,787] {processor.py:651} INFO - DAG(s) dict_keys(['dependencies']) retrieved from /opt/airflow/dags/3-dependencies.py
[2024-08-14 00:35:09,805] {logging_mixin.py:115} INFO - [2024-08-14 00:35:09,805] {dag.py:2420} INFO - Sync 1 DAGs
[2024-08-14 00:35:09,820] {logging_mixin.py:115} INFO - [2024-08-14 00:35:09,820] {dag.py:2972} INFO - Setting next_dagrun for dependencies to 2024-05-20T00:00:00+00:00, run_after=2024-05-20T00:00:00+00:00
[2024-08-14 00:35:09,828] {processor.py:161} INFO - Processing /opt/airflow/dags/3-dependencies.py took 0.050 seconds
[2024-08-14 00:35:40,224] {processor.py:153} INFO - Started process (PID=41758) to work on /opt/airflow/dags/3-dependencies.py
[2024-08-14 00:35:40,225] {processor.py:641} INFO - Processing file /opt/airflow/dags/3-dependencies.py for tasks to queue
[2024-08-14 00:35:40,225] {logging_mixin.py:115} INFO - [2024-08-14 00:35:40,225] {dagbag.py:508} INFO - Filling up the DagBag from /opt/airflow/dags/3-dependencies.py
[2024-08-14 00:35:40,232] {processor.py:651} INFO - DAG(s) dict_keys(['dependencies']) retrieved from /opt/airflow/dags/3-dependencies.py
[2024-08-14 00:35:40,249] {logging_mixin.py:115} INFO - [2024-08-14 00:35:40,249] {dag.py:2420} INFO - Sync 1 DAGs
[2024-08-14 00:35:40,264] {logging_mixin.py:115} INFO - [2024-08-14 00:35:40,264] {dag.py:2972} INFO - Setting next_dagrun for dependencies to 2024-05-20T00:00:00+00:00, run_after=2024-05-20T00:00:00+00:00
[2024-08-14 00:35:40,272] {processor.py:161} INFO - Processing /opt/airflow/dags/3-dependencies.py took 0.050 seconds
[2024-08-14 00:36:10,728] {processor.py:153} INFO - Started process (PID=41797) to work on /opt/airflow/dags/3-dependencies.py
[2024-08-14 00:36:10,728] {processor.py:641} INFO - Processing file /opt/airflow/dags/3-dependencies.py for tasks to queue
[2024-08-14 00:36:10,729] {logging_mixin.py:115} INFO - [2024-08-14 00:36:10,729] {dagbag.py:508} INFO - Filling up the DagBag from /opt/airflow/dags/3-dependencies.py
[2024-08-14 00:36:10,735] {processor.py:651} INFO - DAG(s) dict_keys(['dependencies']) retrieved from /opt/airflow/dags/3-dependencies.py
[2024-08-14 00:36:10,752] {logging_mixin.py:115} INFO - [2024-08-14 00:36:10,752] {dag.py:2420} INFO - Sync 1 DAGs
[2024-08-14 00:36:10,765] {logging_mixin.py:115} INFO - [2024-08-14 00:36:10,764] {dag.py:2972} INFO - Setting next_dagrun for dependencies to 2024-05-20T00:00:00+00:00, run_after=2024-05-20T00:00:00+00:00
[2024-08-14 00:36:10,772] {processor.py:161} INFO - Processing /opt/airflow/dags/3-dependencies.py took 0.046 seconds
[2024-08-14 00:36:41,213] {processor.py:153} INFO - Started process (PID=41836) to work on /opt/airflow/dags/3-dependencies.py
[2024-08-14 00:36:41,213] {processor.py:641} INFO - Processing file /opt/airflow/dags/3-dependencies.py for tasks to queue
[2024-08-14 00:36:41,213] {logging_mixin.py:115} INFO - [2024-08-14 00:36:41,213] {dagbag.py:508} INFO - Filling up the DagBag from /opt/airflow/dags/3-dependencies.py
[2024-08-14 00:36:41,219] {processor.py:651} INFO - DAG(s) dict_keys(['dependencies']) retrieved from /opt/airflow/dags/3-dependencies.py
[2024-08-14 00:36:41,238] {logging_mixin.py:115} INFO - [2024-08-14 00:36:41,238] {dag.py:2420} INFO - Sync 1 DAGs
[2024-08-14 00:36:41,252] {logging_mixin.py:115} INFO - [2024-08-14 00:36:41,252] {dag.py:2972} INFO - Setting next_dagrun for dependencies to 2024-05-20T00:00:00+00:00, run_after=2024-05-20T00:00:00+00:00
[2024-08-14 00:36:41,273] {processor.py:161} INFO - Processing /opt/airflow/dags/3-dependencies.py took 0.063 seconds
[2024-08-14 00:37:11,678] {processor.py:153} INFO - Started process (PID=41866) to work on /opt/airflow/dags/3-dependencies.py
[2024-08-14 00:37:11,678] {processor.py:641} INFO - Processing file /opt/airflow/dags/3-dependencies.py for tasks to queue
[2024-08-14 00:37:11,679] {logging_mixin.py:115} INFO - [2024-08-14 00:37:11,679] {dagbag.py:508} INFO - Filling up the DagBag from /opt/airflow/dags/3-dependencies.py
[2024-08-14 00:37:11,685] {processor.py:651} INFO - DAG(s) dict_keys(['dependencies']) retrieved from /opt/airflow/dags/3-dependencies.py
[2024-08-14 00:37:11,700] {logging_mixin.py:115} INFO - [2024-08-14 00:37:11,700] {dag.py:2420} INFO - Sync 1 DAGs
[2024-08-14 00:37:11,712] {logging_mixin.py:115} INFO - [2024-08-14 00:37:11,712] {dag.py:2972} INFO - Setting next_dagrun for dependencies to 2024-05-20T00:00:00+00:00, run_after=2024-05-20T00:00:00+00:00
[2024-08-14 00:37:11,720] {processor.py:161} INFO - Processing /opt/airflow/dags/3-dependencies.py took 0.044 seconds
[2024-08-14 00:37:42,099] {processor.py:153} INFO - Started process (PID=41905) to work on /opt/airflow/dags/3-dependencies.py
[2024-08-14 00:37:42,100] {processor.py:641} INFO - Processing file /opt/airflow/dags/3-dependencies.py for tasks to queue
[2024-08-14 00:37:42,100] {logging_mixin.py:115} INFO - [2024-08-14 00:37:42,100] {dagbag.py:508} INFO - Filling up the DagBag from /opt/airflow/dags/3-dependencies.py
[2024-08-14 00:37:42,106] {processor.py:651} INFO - DAG(s) dict_keys(['dependencies']) retrieved from /opt/airflow/dags/3-dependencies.py
[2024-08-14 00:37:42,121] {logging_mixin.py:115} INFO - [2024-08-14 00:37:42,121] {dag.py:2420} INFO - Sync 1 DAGs
[2024-08-14 00:37:42,133] {logging_mixin.py:115} INFO - [2024-08-14 00:37:42,133] {dag.py:2972} INFO - Setting next_dagrun for dependencies to 2024-05-20T00:00:00+00:00, run_after=2024-05-20T00:00:00+00:00
[2024-08-14 00:37:42,141] {processor.py:161} INFO - Processing /opt/airflow/dags/3-dependencies.py took 0.044 seconds
[2024-08-14 00:38:12,559] {processor.py:153} INFO - Started process (PID=41944) to work on /opt/airflow/dags/3-dependencies.py
[2024-08-14 00:38:12,561] {processor.py:641} INFO - Processing file /opt/airflow/dags/3-dependencies.py for tasks to queue
[2024-08-14 00:38:12,562] {logging_mixin.py:115} INFO - [2024-08-14 00:38:12,562] {dagbag.py:508} INFO - Filling up the DagBag from /opt/airflow/dags/3-dependencies.py
[2024-08-14 00:38:12,568] {processor.py:651} INFO - DAG(s) dict_keys(['dependencies']) retrieved from /opt/airflow/dags/3-dependencies.py
[2024-08-14 00:38:12,584] {logging_mixin.py:115} INFO - [2024-08-14 00:38:12,584] {dag.py:2420} INFO - Sync 1 DAGs
[2024-08-14 00:38:12,600] {logging_mixin.py:115} INFO - [2024-08-14 00:38:12,600] {dag.py:2972} INFO - Setting next_dagrun for dependencies to 2024-05-20T00:00:00+00:00, run_after=2024-05-20T00:00:00+00:00
[2024-08-14 00:38:12,609] {processor.py:161} INFO - Processing /opt/airflow/dags/3-dependencies.py took 0.053 seconds
[2024-08-14 00:38:43,005] {processor.py:153} INFO - Started process (PID=41983) to work on /opt/airflow/dags/3-dependencies.py
[2024-08-14 00:38:43,005] {processor.py:641} INFO - Processing file /opt/airflow/dags/3-dependencies.py for tasks to queue
[2024-08-14 00:38:43,006] {logging_mixin.py:115} INFO - [2024-08-14 00:38:43,006] {dagbag.py:508} INFO - Filling up the DagBag from /opt/airflow/dags/3-dependencies.py
[2024-08-14 00:38:43,012] {processor.py:651} INFO - DAG(s) dict_keys(['dependencies']) retrieved from /opt/airflow/dags/3-dependencies.py
[2024-08-14 00:38:43,028] {logging_mixin.py:115} INFO - [2024-08-14 00:38:43,028] {dag.py:2420} INFO - Sync 1 DAGs
[2024-08-14 00:38:43,042] {logging_mixin.py:115} INFO - [2024-08-14 00:38:43,042] {dag.py:2972} INFO - Setting next_dagrun for dependencies to 2024-05-20T00:00:00+00:00, run_after=2024-05-20T00:00:00+00:00
[2024-08-14 00:38:43,052] {processor.py:161} INFO - Processing /opt/airflow/dags/3-dependencies.py took 0.050 seconds
[2024-08-14 00:39:13,452] {processor.py:153} INFO - Started process (PID=42022) to work on /opt/airflow/dags/3-dependencies.py
[2024-08-14 00:39:13,453] {processor.py:641} INFO - Processing file /opt/airflow/dags/3-dependencies.py for tasks to queue
[2024-08-14 00:39:13,453] {logging_mixin.py:115} INFO - [2024-08-14 00:39:13,453] {dagbag.py:508} INFO - Filling up the DagBag from /opt/airflow/dags/3-dependencies.py
[2024-08-14 00:39:13,459] {processor.py:651} INFO - DAG(s) dict_keys(['dependencies']) retrieved from /opt/airflow/dags/3-dependencies.py
[2024-08-14 00:39:13,474] {logging_mixin.py:115} INFO - [2024-08-14 00:39:13,474] {dag.py:2420} INFO - Sync 1 DAGs
[2024-08-14 00:39:13,490] {logging_mixin.py:115} INFO - [2024-08-14 00:39:13,490] {dag.py:2972} INFO - Setting next_dagrun for dependencies to 2024-05-20T00:00:00+00:00, run_after=2024-05-20T00:00:00+00:00
[2024-08-14 00:39:13,502] {processor.py:161} INFO - Processing /opt/airflow/dags/3-dependencies.py took 0.052 seconds
[2024-08-14 00:39:43,890] {processor.py:153} INFO - Started process (PID=42060) to work on /opt/airflow/dags/3-dependencies.py
[2024-08-14 00:39:43,890] {processor.py:641} INFO - Processing file /opt/airflow/dags/3-dependencies.py for tasks to queue
[2024-08-14 00:39:43,891] {logging_mixin.py:115} INFO - [2024-08-14 00:39:43,891] {dagbag.py:508} INFO - Filling up the DagBag from /opt/airflow/dags/3-dependencies.py
[2024-08-14 00:39:43,897] {processor.py:651} INFO - DAG(s) dict_keys(['dependencies']) retrieved from /opt/airflow/dags/3-dependencies.py
[2024-08-14 00:39:43,915] {logging_mixin.py:115} INFO - [2024-08-14 00:39:43,915] {dag.py:2420} INFO - Sync 1 DAGs
[2024-08-14 00:39:43,931] {logging_mixin.py:115} INFO - [2024-08-14 00:39:43,930] {dag.py:2972} INFO - Setting next_dagrun for dependencies to 2024-05-20T00:00:00+00:00, run_after=2024-05-20T00:00:00+00:00
[2024-08-14 00:39:43,939] {processor.py:161} INFO - Processing /opt/airflow/dags/3-dependencies.py took 0.052 seconds
[2024-08-14 00:40:14,409] {processor.py:153} INFO - Started process (PID=42090) to work on /opt/airflow/dags/3-dependencies.py
[2024-08-14 00:40:14,410] {processor.py:641} INFO - Processing file /opt/airflow/dags/3-dependencies.py for tasks to queue
[2024-08-14 00:40:14,410] {logging_mixin.py:115} INFO - [2024-08-14 00:40:14,410] {dagbag.py:508} INFO - Filling up the DagBag from /opt/airflow/dags/3-dependencies.py
[2024-08-14 00:40:14,416] {processor.py:651} INFO - DAG(s) dict_keys(['dependencies']) retrieved from /opt/airflow/dags/3-dependencies.py
[2024-08-14 00:40:14,432] {logging_mixin.py:115} INFO - [2024-08-14 00:40:14,432] {dag.py:2420} INFO - Sync 1 DAGs
[2024-08-14 00:40:14,447] {logging_mixin.py:115} INFO - [2024-08-14 00:40:14,447] {dag.py:2972} INFO - Setting next_dagrun for dependencies to 2024-05-20T00:00:00+00:00, run_after=2024-05-20T00:00:00+00:00
[2024-08-14 00:40:14,457] {processor.py:161} INFO - Processing /opt/airflow/dags/3-dependencies.py took 0.051 seconds
[2024-08-14 00:40:44,840] {processor.py:153} INFO - Started process (PID=42129) to work on /opt/airflow/dags/3-dependencies.py
[2024-08-14 00:40:44,840] {processor.py:641} INFO - Processing file /opt/airflow/dags/3-dependencies.py for tasks to queue
[2024-08-14 00:40:44,840] {logging_mixin.py:115} INFO - [2024-08-14 00:40:44,840] {dagbag.py:508} INFO - Filling up the DagBag from /opt/airflow/dags/3-dependencies.py
[2024-08-14 00:40:44,847] {processor.py:651} INFO - DAG(s) dict_keys(['dependencies']) retrieved from /opt/airflow/dags/3-dependencies.py
[2024-08-14 00:40:44,864] {logging_mixin.py:115} INFO - [2024-08-14 00:40:44,864] {dag.py:2420} INFO - Sync 1 DAGs
[2024-08-14 00:40:44,877] {logging_mixin.py:115} INFO - [2024-08-14 00:40:44,877] {dag.py:2972} INFO - Setting next_dagrun for dependencies to 2024-05-20T00:00:00+00:00, run_after=2024-05-20T00:00:00+00:00
[2024-08-14 00:40:44,885] {processor.py:161} INFO - Processing /opt/airflow/dags/3-dependencies.py took 0.048 seconds
[2024-08-14 00:41:15,335] {processor.py:153} INFO - Started process (PID=42168) to work on /opt/airflow/dags/3-dependencies.py
[2024-08-14 00:41:15,336] {processor.py:641} INFO - Processing file /opt/airflow/dags/3-dependencies.py for tasks to queue
[2024-08-14 00:41:15,336] {logging_mixin.py:115} INFO - [2024-08-14 00:41:15,336] {dagbag.py:508} INFO - Filling up the DagBag from /opt/airflow/dags/3-dependencies.py
[2024-08-14 00:41:15,342] {processor.py:651} INFO - DAG(s) dict_keys(['dependencies']) retrieved from /opt/airflow/dags/3-dependencies.py
[2024-08-14 00:41:15,358] {logging_mixin.py:115} INFO - [2024-08-14 00:41:15,358] {dag.py:2420} INFO - Sync 1 DAGs
[2024-08-14 00:41:15,371] {logging_mixin.py:115} INFO - [2024-08-14 00:41:15,371] {dag.py:2972} INFO - Setting next_dagrun for dependencies to 2024-05-20T00:00:00+00:00, run_after=2024-05-20T00:00:00+00:00
[2024-08-14 00:41:15,380] {processor.py:161} INFO - Processing /opt/airflow/dags/3-dependencies.py took 0.047 seconds
[2024-08-14 00:41:45,780] {processor.py:153} INFO - Started process (PID=42207) to work on /opt/airflow/dags/3-dependencies.py
[2024-08-14 00:41:45,780] {processor.py:641} INFO - Processing file /opt/airflow/dags/3-dependencies.py for tasks to queue
[2024-08-14 00:41:45,781] {logging_mixin.py:115} INFO - [2024-08-14 00:41:45,781] {dagbag.py:508} INFO - Filling up the DagBag from /opt/airflow/dags/3-dependencies.py
[2024-08-14 00:41:45,788] {processor.py:651} INFO - DAG(s) dict_keys(['dependencies']) retrieved from /opt/airflow/dags/3-dependencies.py
[2024-08-14 00:41:45,805] {logging_mixin.py:115} INFO - [2024-08-14 00:41:45,805] {dag.py:2420} INFO - Sync 1 DAGs
[2024-08-14 00:41:45,820] {logging_mixin.py:115} INFO - [2024-08-14 00:41:45,820] {dag.py:2972} INFO - Setting next_dagrun for dependencies to 2024-05-20T00:00:00+00:00, run_after=2024-05-20T00:00:00+00:00
[2024-08-14 00:41:45,829] {processor.py:161} INFO - Processing /opt/airflow/dags/3-dependencies.py took 0.051 seconds
[2024-08-14 00:42:16,239] {processor.py:153} INFO - Started process (PID=42246) to work on /opt/airflow/dags/3-dependencies.py
[2024-08-14 00:42:16,239] {processor.py:641} INFO - Processing file /opt/airflow/dags/3-dependencies.py for tasks to queue
[2024-08-14 00:42:16,240] {logging_mixin.py:115} INFO - [2024-08-14 00:42:16,240] {dagbag.py:508} INFO - Filling up the DagBag from /opt/airflow/dags/3-dependencies.py
[2024-08-14 00:42:16,245] {processor.py:651} INFO - DAG(s) dict_keys(['dependencies']) retrieved from /opt/airflow/dags/3-dependencies.py
[2024-08-14 00:42:16,261] {logging_mixin.py:115} INFO - [2024-08-14 00:42:16,261] {dag.py:2420} INFO - Sync 1 DAGs
[2024-08-14 00:42:16,275] {logging_mixin.py:115} INFO - [2024-08-14 00:42:16,275] {dag.py:2972} INFO - Setting next_dagrun for dependencies to 2024-05-20T00:00:00+00:00, run_after=2024-05-20T00:00:00+00:00
[2024-08-14 00:42:16,283] {processor.py:161} INFO - Processing /opt/airflow/dags/3-dependencies.py took 0.046 seconds
[2024-08-14 00:42:46,726] {processor.py:153} INFO - Started process (PID=42276) to work on /opt/airflow/dags/3-dependencies.py
[2024-08-14 00:42:46,726] {processor.py:641} INFO - Processing file /opt/airflow/dags/3-dependencies.py for tasks to queue
[2024-08-14 00:42:46,727] {logging_mixin.py:115} INFO - [2024-08-14 00:42:46,727] {dagbag.py:508} INFO - Filling up the DagBag from /opt/airflow/dags/3-dependencies.py
[2024-08-14 00:42:46,733] {processor.py:651} INFO - DAG(s) dict_keys(['dependencies']) retrieved from /opt/airflow/dags/3-dependencies.py
[2024-08-14 00:42:46,749] {logging_mixin.py:115} INFO - [2024-08-14 00:42:46,748] {dag.py:2420} INFO - Sync 1 DAGs
[2024-08-14 00:42:46,761] {logging_mixin.py:115} INFO - [2024-08-14 00:42:46,761] {dag.py:2972} INFO - Setting next_dagrun for dependencies to 2024-05-20T00:00:00+00:00, run_after=2024-05-20T00:00:00+00:00
[2024-08-14 00:42:46,769] {processor.py:161} INFO - Processing /opt/airflow/dags/3-dependencies.py took 0.046 seconds
[2024-08-14 00:43:17,215] {processor.py:153} INFO - Started process (PID=42315) to work on /opt/airflow/dags/3-dependencies.py
[2024-08-14 00:43:17,216] {processor.py:641} INFO - Processing file /opt/airflow/dags/3-dependencies.py for tasks to queue
[2024-08-14 00:43:17,217] {logging_mixin.py:115} INFO - [2024-08-14 00:43:17,217] {dagbag.py:508} INFO - Filling up the DagBag from /opt/airflow/dags/3-dependencies.py
[2024-08-14 00:43:17,223] {processor.py:651} INFO - DAG(s) dict_keys(['dependencies']) retrieved from /opt/airflow/dags/3-dependencies.py
[2024-08-14 00:43:17,239] {logging_mixin.py:115} INFO - [2024-08-14 00:43:17,239] {dag.py:2420} INFO - Sync 1 DAGs
[2024-08-14 00:43:17,252] {logging_mixin.py:115} INFO - [2024-08-14 00:43:17,251] {dag.py:2972} INFO - Setting next_dagrun for dependencies to 2024-05-20T00:00:00+00:00, run_after=2024-05-20T00:00:00+00:00
[2024-08-14 00:43:17,260] {processor.py:161} INFO - Processing /opt/airflow/dags/3-dependencies.py took 0.047 seconds
[2024-08-14 00:43:47,714] {processor.py:153} INFO - Started process (PID=42354) to work on /opt/airflow/dags/3-dependencies.py
[2024-08-14 00:43:47,714] {processor.py:641} INFO - Processing file /opt/airflow/dags/3-dependencies.py for tasks to queue
[2024-08-14 00:43:47,715] {logging_mixin.py:115} INFO - [2024-08-14 00:43:47,715] {dagbag.py:508} INFO - Filling up the DagBag from /opt/airflow/dags/3-dependencies.py
[2024-08-14 00:43:47,724] {processor.py:651} INFO - DAG(s) dict_keys(['dependencies']) retrieved from /opt/airflow/dags/3-dependencies.py
[2024-08-14 00:43:47,740] {logging_mixin.py:115} INFO - [2024-08-14 00:43:47,740] {dag.py:2420} INFO - Sync 1 DAGs
[2024-08-14 00:43:47,754] {logging_mixin.py:115} INFO - [2024-08-14 00:43:47,754] {dag.py:2972} INFO - Setting next_dagrun for dependencies to 2024-05-20T00:00:00+00:00, run_after=2024-05-20T00:00:00+00:00
[2024-08-14 00:43:47,765] {processor.py:161} INFO - Processing /opt/airflow/dags/3-dependencies.py took 0.054 seconds
[2024-08-14 00:44:18,212] {processor.py:153} INFO - Started process (PID=42393) to work on /opt/airflow/dags/3-dependencies.py
[2024-08-14 00:44:18,212] {processor.py:641} INFO - Processing file /opt/airflow/dags/3-dependencies.py for tasks to queue
[2024-08-14 00:44:18,213] {logging_mixin.py:115} INFO - [2024-08-14 00:44:18,213] {dagbag.py:508} INFO - Filling up the DagBag from /opt/airflow/dags/3-dependencies.py
[2024-08-14 00:44:18,220] {processor.py:651} INFO - DAG(s) dict_keys(['dependencies']) retrieved from /opt/airflow/dags/3-dependencies.py
[2024-08-14 00:44:18,238] {logging_mixin.py:115} INFO - [2024-08-14 00:44:18,238] {dag.py:2420} INFO - Sync 1 DAGs
[2024-08-14 00:44:18,253] {logging_mixin.py:115} INFO - [2024-08-14 00:44:18,253] {dag.py:2972} INFO - Setting next_dagrun for dependencies to 2024-05-20T00:00:00+00:00, run_after=2024-05-20T00:00:00+00:00
[2024-08-14 00:44:18,261] {processor.py:161} INFO - Processing /opt/airflow/dags/3-dependencies.py took 0.052 seconds
[2024-08-14 00:44:48,703] {processor.py:153} INFO - Started process (PID=42432) to work on /opt/airflow/dags/3-dependencies.py
[2024-08-14 00:44:48,704] {processor.py:641} INFO - Processing file /opt/airflow/dags/3-dependencies.py for tasks to queue
[2024-08-14 00:44:48,704] {logging_mixin.py:115} INFO - [2024-08-14 00:44:48,704] {dagbag.py:508} INFO - Filling up the DagBag from /opt/airflow/dags/3-dependencies.py
[2024-08-14 00:44:48,710] {processor.py:651} INFO - DAG(s) dict_keys(['dependencies']) retrieved from /opt/airflow/dags/3-dependencies.py
[2024-08-14 00:44:48,729] {logging_mixin.py:115} INFO - [2024-08-14 00:44:48,729] {dag.py:2420} INFO - Sync 1 DAGs
[2024-08-14 00:44:48,745] {logging_mixin.py:115} INFO - [2024-08-14 00:44:48,744] {dag.py:2972} INFO - Setting next_dagrun for dependencies to 2024-05-20T00:00:00+00:00, run_after=2024-05-20T00:00:00+00:00
[2024-08-14 00:44:48,754] {processor.py:161} INFO - Processing /opt/airflow/dags/3-dependencies.py took 0.053 seconds
[2024-08-14 00:45:19,171] {processor.py:153} INFO - Started process (PID=42470) to work on /opt/airflow/dags/3-dependencies.py
[2024-08-14 00:45:19,172] {processor.py:641} INFO - Processing file /opt/airflow/dags/3-dependencies.py for tasks to queue
[2024-08-14 00:45:19,172] {logging_mixin.py:115} INFO - [2024-08-14 00:45:19,172] {dagbag.py:508} INFO - Filling up the DagBag from /opt/airflow/dags/3-dependencies.py
[2024-08-14 00:45:19,179] {processor.py:651} INFO - DAG(s) dict_keys(['dependencies']) retrieved from /opt/airflow/dags/3-dependencies.py
[2024-08-14 00:45:19,201] {logging_mixin.py:115} INFO - [2024-08-14 00:45:19,201] {dag.py:2420} INFO - Sync 1 DAGs
[2024-08-14 00:45:19,219] {logging_mixin.py:115} INFO - [2024-08-14 00:45:19,219] {dag.py:2972} INFO - Setting next_dagrun for dependencies to 2024-05-20T00:00:00+00:00, run_after=2024-05-20T00:00:00+00:00
[2024-08-14 00:45:19,232] {processor.py:161} INFO - Processing /opt/airflow/dags/3-dependencies.py took 0.063 seconds
[2024-08-14 00:45:49,715] {processor.py:153} INFO - Started process (PID=42500) to work on /opt/airflow/dags/3-dependencies.py
[2024-08-14 00:45:49,715] {processor.py:641} INFO - Processing file /opt/airflow/dags/3-dependencies.py for tasks to queue
[2024-08-14 00:45:49,716] {logging_mixin.py:115} INFO - [2024-08-14 00:45:49,716] {dagbag.py:508} INFO - Filling up the DagBag from /opt/airflow/dags/3-dependencies.py
[2024-08-14 00:45:49,722] {processor.py:651} INFO - DAG(s) dict_keys(['dependencies']) retrieved from /opt/airflow/dags/3-dependencies.py
[2024-08-14 00:45:49,740] {logging_mixin.py:115} INFO - [2024-08-14 00:45:49,740] {dag.py:2420} INFO - Sync 1 DAGs
[2024-08-14 00:45:49,755] {logging_mixin.py:115} INFO - [2024-08-14 00:45:49,755] {dag.py:2972} INFO - Setting next_dagrun for dependencies to 2024-05-20T00:00:00+00:00, run_after=2024-05-20T00:00:00+00:00
[2024-08-14 00:45:49,765] {processor.py:161} INFO - Processing /opt/airflow/dags/3-dependencies.py took 0.053 seconds
[2024-08-14 00:46:20,240] {processor.py:153} INFO - Started process (PID=42538) to work on /opt/airflow/dags/3-dependencies.py
[2024-08-14 00:46:20,240] {processor.py:641} INFO - Processing file /opt/airflow/dags/3-dependencies.py for tasks to queue
[2024-08-14 00:46:20,241] {logging_mixin.py:115} INFO - [2024-08-14 00:46:20,241] {dagbag.py:508} INFO - Filling up the DagBag from /opt/airflow/dags/3-dependencies.py
[2024-08-14 00:46:20,247] {processor.py:651} INFO - DAG(s) dict_keys(['dependencies']) retrieved from /opt/airflow/dags/3-dependencies.py
[2024-08-14 00:46:20,264] {logging_mixin.py:115} INFO - [2024-08-14 00:46:20,264] {dag.py:2420} INFO - Sync 1 DAGs
[2024-08-14 00:46:20,277] {logging_mixin.py:115} INFO - [2024-08-14 00:46:20,277] {dag.py:2972} INFO - Setting next_dagrun for dependencies to 2024-05-20T00:00:00+00:00, run_after=2024-05-20T00:00:00+00:00
[2024-08-14 00:46:20,285] {processor.py:161} INFO - Processing /opt/airflow/dags/3-dependencies.py took 0.048 seconds
[2024-08-14 00:46:50,755] {processor.py:153} INFO - Started process (PID=42577) to work on /opt/airflow/dags/3-dependencies.py
[2024-08-14 00:46:50,756] {processor.py:641} INFO - Processing file /opt/airflow/dags/3-dependencies.py for tasks to queue
[2024-08-14 00:46:50,756] {logging_mixin.py:115} INFO - [2024-08-14 00:46:50,756] {dagbag.py:508} INFO - Filling up the DagBag from /opt/airflow/dags/3-dependencies.py
[2024-08-14 00:46:50,763] {processor.py:651} INFO - DAG(s) dict_keys(['dependencies']) retrieved from /opt/airflow/dags/3-dependencies.py
[2024-08-14 00:46:50,785] {logging_mixin.py:115} INFO - [2024-08-14 00:46:50,784] {dag.py:2420} INFO - Sync 1 DAGs
[2024-08-14 00:46:50,799] {logging_mixin.py:115} INFO - [2024-08-14 00:46:50,799] {dag.py:2972} INFO - Setting next_dagrun for dependencies to 2024-05-20T00:00:00+00:00, run_after=2024-05-20T00:00:00+00:00
[2024-08-14 00:46:50,808] {processor.py:161} INFO - Processing /opt/airflow/dags/3-dependencies.py took 0.058 seconds
[2024-08-14 00:47:21,252] {processor.py:153} INFO - Started process (PID=42616) to work on /opt/airflow/dags/3-dependencies.py
[2024-08-14 00:47:21,252] {processor.py:641} INFO - Processing file /opt/airflow/dags/3-dependencies.py for tasks to queue
[2024-08-14 00:47:21,252] {logging_mixin.py:115} INFO - [2024-08-14 00:47:21,252] {dagbag.py:508} INFO - Filling up the DagBag from /opt/airflow/dags/3-dependencies.py
[2024-08-14 00:47:21,259] {processor.py:651} INFO - DAG(s) dict_keys(['dependencies']) retrieved from /opt/airflow/dags/3-dependencies.py
[2024-08-14 00:47:21,279] {logging_mixin.py:115} INFO - [2024-08-14 00:47:21,279] {dag.py:2420} INFO - Sync 1 DAGs
[2024-08-14 00:47:21,292] {logging_mixin.py:115} INFO - [2024-08-14 00:47:21,292] {dag.py:2972} INFO - Setting next_dagrun for dependencies to 2024-05-20T00:00:00+00:00, run_after=2024-05-20T00:00:00+00:00
[2024-08-14 00:47:21,301] {processor.py:161} INFO - Processing /opt/airflow/dags/3-dependencies.py took 0.052 seconds
[2024-08-14 00:47:51,698] {processor.py:153} INFO - Started process (PID=42655) to work on /opt/airflow/dags/3-dependencies.py
[2024-08-14 00:47:51,699] {processor.py:641} INFO - Processing file /opt/airflow/dags/3-dependencies.py for tasks to queue
[2024-08-14 00:47:51,699] {logging_mixin.py:115} INFO - [2024-08-14 00:47:51,699] {dagbag.py:508} INFO - Filling up the DagBag from /opt/airflow/dags/3-dependencies.py
[2024-08-14 00:47:51,705] {processor.py:651} INFO - DAG(s) dict_keys(['dependencies']) retrieved from /opt/airflow/dags/3-dependencies.py
[2024-08-14 00:47:51,725] {logging_mixin.py:115} INFO - [2024-08-14 00:47:51,725] {dag.py:2420} INFO - Sync 1 DAGs
[2024-08-14 00:47:51,741] {logging_mixin.py:115} INFO - [2024-08-14 00:47:51,741] {dag.py:2972} INFO - Setting next_dagrun for dependencies to 2024-05-20T00:00:00+00:00, run_after=2024-05-20T00:00:00+00:00
[2024-08-14 00:47:51,752] {processor.py:161} INFO - Processing /opt/airflow/dags/3-dependencies.py took 0.056 seconds
[2024-08-14 00:48:22,263] {processor.py:153} INFO - Started process (PID=42685) to work on /opt/airflow/dags/3-dependencies.py
[2024-08-14 00:48:22,263] {processor.py:641} INFO - Processing file /opt/airflow/dags/3-dependencies.py for tasks to queue
[2024-08-14 00:48:22,263] {logging_mixin.py:115} INFO - [2024-08-14 00:48:22,263] {dagbag.py:508} INFO - Filling up the DagBag from /opt/airflow/dags/3-dependencies.py
[2024-08-14 00:48:22,269] {processor.py:651} INFO - DAG(s) dict_keys(['dependencies']) retrieved from /opt/airflow/dags/3-dependencies.py
[2024-08-14 00:48:22,286] {logging_mixin.py:115} INFO - [2024-08-14 00:48:22,286] {dag.py:2420} INFO - Sync 1 DAGs
[2024-08-14 00:48:22,299] {logging_mixin.py:115} INFO - [2024-08-14 00:48:22,299] {dag.py:2972} INFO - Setting next_dagrun for dependencies to 2024-05-20T00:00:00+00:00, run_after=2024-05-20T00:00:00+00:00
[2024-08-14 00:48:22,308] {processor.py:161} INFO - Processing /opt/airflow/dags/3-dependencies.py took 0.050 seconds
[2024-08-14 00:48:52,779] {processor.py:153} INFO - Started process (PID=42724) to work on /opt/airflow/dags/3-dependencies.py
[2024-08-14 00:48:52,780] {processor.py:641} INFO - Processing file /opt/airflow/dags/3-dependencies.py for tasks to queue
[2024-08-14 00:48:52,780] {logging_mixin.py:115} INFO - [2024-08-14 00:48:52,780] {dagbag.py:508} INFO - Filling up the DagBag from /opt/airflow/dags/3-dependencies.py
[2024-08-14 00:48:52,787] {processor.py:651} INFO - DAG(s) dict_keys(['dependencies']) retrieved from /opt/airflow/dags/3-dependencies.py
[2024-08-14 00:48:52,806] {logging_mixin.py:115} INFO - [2024-08-14 00:48:52,806] {dag.py:2420} INFO - Sync 1 DAGs
[2024-08-14 00:48:52,827] {logging_mixin.py:115} INFO - [2024-08-14 00:48:52,827] {dag.py:2972} INFO - Setting next_dagrun for dependencies to 2024-05-20T00:00:00+00:00, run_after=2024-05-20T00:00:00+00:00
[2024-08-14 00:48:52,842] {processor.py:161} INFO - Processing /opt/airflow/dags/3-dependencies.py took 0.065 seconds
[2024-08-14 00:49:23,270] {processor.py:153} INFO - Started process (PID=42762) to work on /opt/airflow/dags/3-dependencies.py
[2024-08-14 00:49:23,270] {processor.py:641} INFO - Processing file /opt/airflow/dags/3-dependencies.py for tasks to queue
[2024-08-14 00:49:23,270] {logging_mixin.py:115} INFO - [2024-08-14 00:49:23,270] {dagbag.py:508} INFO - Filling up the DagBag from /opt/airflow/dags/3-dependencies.py
[2024-08-14 00:49:23,277] {processor.py:651} INFO - DAG(s) dict_keys(['dependencies']) retrieved from /opt/airflow/dags/3-dependencies.py
[2024-08-14 00:49:23,295] {logging_mixin.py:115} INFO - [2024-08-14 00:49:23,295] {dag.py:2420} INFO - Sync 1 DAGs
[2024-08-14 00:49:23,312] {logging_mixin.py:115} INFO - [2024-08-14 00:49:23,311] {dag.py:2972} INFO - Setting next_dagrun for dependencies to 2024-05-20T00:00:00+00:00, run_after=2024-05-20T00:00:00+00:00
[2024-08-14 00:49:23,335] {processor.py:161} INFO - Processing /opt/airflow/dags/3-dependencies.py took 0.068 seconds
[2024-08-14 00:49:53,889] {processor.py:153} INFO - Started process (PID=42801) to work on /opt/airflow/dags/3-dependencies.py
[2024-08-14 00:49:53,890] {processor.py:641} INFO - Processing file /opt/airflow/dags/3-dependencies.py for tasks to queue
[2024-08-14 00:49:53,890] {logging_mixin.py:115} INFO - [2024-08-14 00:49:53,890] {dagbag.py:508} INFO - Filling up the DagBag from /opt/airflow/dags/3-dependencies.py
[2024-08-14 00:49:53,896] {processor.py:651} INFO - DAG(s) dict_keys(['dependencies']) retrieved from /opt/airflow/dags/3-dependencies.py
[2024-08-14 00:49:53,914] {logging_mixin.py:115} INFO - [2024-08-14 00:49:53,914] {dag.py:2420} INFO - Sync 1 DAGs
[2024-08-14 00:49:53,931] {logging_mixin.py:115} INFO - [2024-08-14 00:49:53,930] {dag.py:2972} INFO - Setting next_dagrun for dependencies to 2024-05-20T00:00:00+00:00, run_after=2024-05-20T00:00:00+00:00
[2024-08-14 00:49:53,941] {processor.py:161} INFO - Processing /opt/airflow/dags/3-dependencies.py took 0.054 seconds
[2024-08-14 00:50:24,413] {processor.py:153} INFO - Started process (PID=42840) to work on /opt/airflow/dags/3-dependencies.py
[2024-08-14 00:50:24,413] {processor.py:641} INFO - Processing file /opt/airflow/dags/3-dependencies.py for tasks to queue
[2024-08-14 00:50:24,414] {logging_mixin.py:115} INFO - [2024-08-14 00:50:24,413] {dagbag.py:508} INFO - Filling up the DagBag from /opt/airflow/dags/3-dependencies.py
[2024-08-14 00:50:24,424] {processor.py:651} INFO - DAG(s) dict_keys(['dependencies']) retrieved from /opt/airflow/dags/3-dependencies.py
[2024-08-14 00:50:24,442] {logging_mixin.py:115} INFO - [2024-08-14 00:50:24,442] {dag.py:2420} INFO - Sync 1 DAGs
[2024-08-14 00:50:24,457] {logging_mixin.py:115} INFO - [2024-08-14 00:50:24,457] {dag.py:2972} INFO - Setting next_dagrun for dependencies to 2024-05-20T00:00:00+00:00, run_after=2024-05-20T00:00:00+00:00
[2024-08-14 00:50:24,466] {processor.py:161} INFO - Processing /opt/airflow/dags/3-dependencies.py took 0.056 seconds
[2024-08-14 00:50:54,869] {processor.py:153} INFO - Started process (PID=42870) to work on /opt/airflow/dags/3-dependencies.py
[2024-08-14 00:50:54,869] {processor.py:641} INFO - Processing file /opt/airflow/dags/3-dependencies.py for tasks to queue
[2024-08-14 00:50:54,870] {logging_mixin.py:115} INFO - [2024-08-14 00:50:54,870] {dagbag.py:508} INFO - Filling up the DagBag from /opt/airflow/dags/3-dependencies.py
[2024-08-14 00:50:54,876] {processor.py:651} INFO - DAG(s) dict_keys(['dependencies']) retrieved from /opt/airflow/dags/3-dependencies.py
[2024-08-14 00:50:54,893] {logging_mixin.py:115} INFO - [2024-08-14 00:50:54,893] {dag.py:2420} INFO - Sync 1 DAGs
[2024-08-14 00:50:54,906] {logging_mixin.py:115} INFO - [2024-08-14 00:50:54,906] {dag.py:2972} INFO - Setting next_dagrun for dependencies to 2024-05-20T00:00:00+00:00, run_after=2024-05-20T00:00:00+00:00
[2024-08-14 00:50:54,925] {processor.py:161} INFO - Processing /opt/airflow/dags/3-dependencies.py took 0.059 seconds
[2024-08-14 00:51:25,404] {processor.py:153} INFO - Started process (PID=42909) to work on /opt/airflow/dags/3-dependencies.py
[2024-08-14 00:51:25,404] {processor.py:641} INFO - Processing file /opt/airflow/dags/3-dependencies.py for tasks to queue
[2024-08-14 00:51:25,405] {logging_mixin.py:115} INFO - [2024-08-14 00:51:25,405] {dagbag.py:508} INFO - Filling up the DagBag from /opt/airflow/dags/3-dependencies.py
[2024-08-14 00:51:25,411] {processor.py:651} INFO - DAG(s) dict_keys(['dependencies']) retrieved from /opt/airflow/dags/3-dependencies.py
[2024-08-14 00:51:25,427] {logging_mixin.py:115} INFO - [2024-08-14 00:51:25,427] {dag.py:2420} INFO - Sync 1 DAGs
[2024-08-14 00:51:25,442] {logging_mixin.py:115} INFO - [2024-08-14 00:51:25,441] {dag.py:2972} INFO - Setting next_dagrun for dependencies to 2024-05-20T00:00:00+00:00, run_after=2024-05-20T00:00:00+00:00
[2024-08-14 00:51:25,452] {processor.py:161} INFO - Processing /opt/airflow/dags/3-dependencies.py took 0.050 seconds
[2024-08-14 00:51:55,881] {processor.py:153} INFO - Started process (PID=42948) to work on /opt/airflow/dags/3-dependencies.py
[2024-08-14 00:51:55,882] {processor.py:641} INFO - Processing file /opt/airflow/dags/3-dependencies.py for tasks to queue
[2024-08-14 00:51:55,882] {logging_mixin.py:115} INFO - [2024-08-14 00:51:55,882] {dagbag.py:508} INFO - Filling up the DagBag from /opt/airflow/dags/3-dependencies.py
[2024-08-14 00:51:55,888] {processor.py:651} INFO - DAG(s) dict_keys(['dependencies']) retrieved from /opt/airflow/dags/3-dependencies.py
[2024-08-14 00:51:55,903] {logging_mixin.py:115} INFO - [2024-08-14 00:51:55,903] {dag.py:2420} INFO - Sync 1 DAGs
[2024-08-14 00:51:55,918] {logging_mixin.py:115} INFO - [2024-08-14 00:51:55,918] {dag.py:2972} INFO - Setting next_dagrun for dependencies to 2024-05-20T00:00:00+00:00, run_after=2024-05-20T00:00:00+00:00
[2024-08-14 00:51:55,928] {processor.py:161} INFO - Processing /opt/airflow/dags/3-dependencies.py took 0.049 seconds
[2024-08-14 00:52:26,453] {processor.py:153} INFO - Started process (PID=42986) to work on /opt/airflow/dags/3-dependencies.py
[2024-08-14 00:52:26,453] {processor.py:641} INFO - Processing file /opt/airflow/dags/3-dependencies.py for tasks to queue
[2024-08-14 00:52:26,454] {logging_mixin.py:115} INFO - [2024-08-14 00:52:26,454] {dagbag.py:508} INFO - Filling up the DagBag from /opt/airflow/dags/3-dependencies.py
[2024-08-14 00:52:26,460] {processor.py:651} INFO - DAG(s) dict_keys(['dependencies']) retrieved from /opt/airflow/dags/3-dependencies.py
[2024-08-14 00:52:26,482] {logging_mixin.py:115} INFO - [2024-08-14 00:52:26,482] {dag.py:2420} INFO - Sync 1 DAGs
[2024-08-14 00:52:26,498] {logging_mixin.py:115} INFO - [2024-08-14 00:52:26,498] {dag.py:2972} INFO - Setting next_dagrun for dependencies to 2024-05-20T00:00:00+00:00, run_after=2024-05-20T00:00:00+00:00
[2024-08-14 00:52:26,510] {processor.py:161} INFO - Processing /opt/airflow/dags/3-dependencies.py took 0.061 seconds
[2024-08-14 00:52:56,916] {processor.py:153} INFO - Started process (PID=43025) to work on /opt/airflow/dags/3-dependencies.py
[2024-08-14 00:52:56,916] {processor.py:641} INFO - Processing file /opt/airflow/dags/3-dependencies.py for tasks to queue
[2024-08-14 00:52:56,916] {logging_mixin.py:115} INFO - [2024-08-14 00:52:56,916] {dagbag.py:508} INFO - Filling up the DagBag from /opt/airflow/dags/3-dependencies.py
[2024-08-14 00:52:56,923] {processor.py:651} INFO - DAG(s) dict_keys(['dependencies']) retrieved from /opt/airflow/dags/3-dependencies.py
[2024-08-14 00:52:56,942] {logging_mixin.py:115} INFO - [2024-08-14 00:52:56,942] {dag.py:2420} INFO - Sync 1 DAGs
[2024-08-14 00:52:56,957] {logging_mixin.py:115} INFO - [2024-08-14 00:52:56,957] {dag.py:2972} INFO - Setting next_dagrun for dependencies to 2024-05-20T00:00:00+00:00, run_after=2024-05-20T00:00:00+00:00
[2024-08-14 00:52:56,966] {processor.py:161} INFO - Processing /opt/airflow/dags/3-dependencies.py took 0.053 seconds
[2024-08-14 00:53:27,363] {processor.py:153} INFO - Started process (PID=43055) to work on /opt/airflow/dags/3-dependencies.py
[2024-08-14 00:53:27,364] {processor.py:641} INFO - Processing file /opt/airflow/dags/3-dependencies.py for tasks to queue
[2024-08-14 00:53:27,364] {logging_mixin.py:115} INFO - [2024-08-14 00:53:27,364] {dagbag.py:508} INFO - Filling up the DagBag from /opt/airflow/dags/3-dependencies.py
[2024-08-14 00:53:27,372] {processor.py:651} INFO - DAG(s) dict_keys(['dependencies']) retrieved from /opt/airflow/dags/3-dependencies.py
[2024-08-14 00:53:27,392] {logging_mixin.py:115} INFO - [2024-08-14 00:53:27,391] {dag.py:2420} INFO - Sync 1 DAGs
[2024-08-14 00:53:27,407] {logging_mixin.py:115} INFO - [2024-08-14 00:53:27,407] {dag.py:2972} INFO - Setting next_dagrun for dependencies to 2024-05-20T00:00:00+00:00, run_after=2024-05-20T00:00:00+00:00
[2024-08-14 00:53:27,418] {processor.py:161} INFO - Processing /opt/airflow/dags/3-dependencies.py took 0.057 seconds
[2024-08-14 00:53:57,895] {processor.py:153} INFO - Started process (PID=43094) to work on /opt/airflow/dags/3-dependencies.py
[2024-08-14 00:53:57,896] {processor.py:641} INFO - Processing file /opt/airflow/dags/3-dependencies.py for tasks to queue
[2024-08-14 00:53:57,896] {logging_mixin.py:115} INFO - [2024-08-14 00:53:57,896] {dagbag.py:508} INFO - Filling up the DagBag from /opt/airflow/dags/3-dependencies.py
[2024-08-14 00:53:57,903] {processor.py:651} INFO - DAG(s) dict_keys(['dependencies']) retrieved from /opt/airflow/dags/3-dependencies.py
[2024-08-14 00:53:57,923] {logging_mixin.py:115} INFO - [2024-08-14 00:53:57,922] {dag.py:2420} INFO - Sync 1 DAGs
[2024-08-14 00:53:57,938] {logging_mixin.py:115} INFO - [2024-08-14 00:53:57,937] {dag.py:2972} INFO - Setting next_dagrun for dependencies to 2024-05-20T00:00:00+00:00, run_after=2024-05-20T00:00:00+00:00
[2024-08-14 00:53:57,949] {processor.py:161} INFO - Processing /opt/airflow/dags/3-dependencies.py took 0.056 seconds
[2024-08-14 00:54:28,388] {processor.py:153} INFO - Started process (PID=43132) to work on /opt/airflow/dags/3-dependencies.py
[2024-08-14 00:54:28,388] {processor.py:641} INFO - Processing file /opt/airflow/dags/3-dependencies.py for tasks to queue
[2024-08-14 00:54:28,388] {logging_mixin.py:115} INFO - [2024-08-14 00:54:28,388] {dagbag.py:508} INFO - Filling up the DagBag from /opt/airflow/dags/3-dependencies.py
[2024-08-14 00:54:28,397] {processor.py:651} INFO - DAG(s) dict_keys(['dependencies']) retrieved from /opt/airflow/dags/3-dependencies.py
[2024-08-14 00:54:28,417] {logging_mixin.py:115} INFO - [2024-08-14 00:54:28,417] {dag.py:2420} INFO - Sync 1 DAGs
[2024-08-14 00:54:28,433] {logging_mixin.py:115} INFO - [2024-08-14 00:54:28,433] {dag.py:2972} INFO - Setting next_dagrun for dependencies to 2024-05-20T00:00:00+00:00, run_after=2024-05-20T00:00:00+00:00
[2024-08-14 00:54:28,448] {processor.py:161} INFO - Processing /opt/airflow/dags/3-dependencies.py took 0.063 seconds
[2024-08-14 00:54:58,883] {processor.py:153} INFO - Started process (PID=43170) to work on /opt/airflow/dags/3-dependencies.py
[2024-08-14 00:54:58,884] {processor.py:641} INFO - Processing file /opt/airflow/dags/3-dependencies.py for tasks to queue
[2024-08-14 00:54:58,884] {logging_mixin.py:115} INFO - [2024-08-14 00:54:58,884] {dagbag.py:508} INFO - Filling up the DagBag from /opt/airflow/dags/3-dependencies.py
[2024-08-14 00:54:58,891] {processor.py:651} INFO - DAG(s) dict_keys(['dependencies']) retrieved from /opt/airflow/dags/3-dependencies.py
[2024-08-14 00:54:58,909] {logging_mixin.py:115} INFO - [2024-08-14 00:54:58,909] {dag.py:2420} INFO - Sync 1 DAGs
[2024-08-14 00:54:58,925] {logging_mixin.py:115} INFO - [2024-08-14 00:54:58,925] {dag.py:2972} INFO - Setting next_dagrun for dependencies to 2024-05-20T00:00:00+00:00, run_after=2024-05-20T00:00:00+00:00
[2024-08-14 00:54:58,934] {processor.py:161} INFO - Processing /opt/airflow/dags/3-dependencies.py took 0.053 seconds
[2024-08-14 00:55:29,437] {processor.py:153} INFO - Started process (PID=43209) to work on /opt/airflow/dags/3-dependencies.py
[2024-08-14 00:55:29,438] {processor.py:641} INFO - Processing file /opt/airflow/dags/3-dependencies.py for tasks to queue
[2024-08-14 00:55:29,438] {logging_mixin.py:115} INFO - [2024-08-14 00:55:29,438] {dagbag.py:508} INFO - Filling up the DagBag from /opt/airflow/dags/3-dependencies.py
[2024-08-14 00:55:29,446] {processor.py:651} INFO - DAG(s) dict_keys(['dependencies']) retrieved from /opt/airflow/dags/3-dependencies.py
[2024-08-14 00:55:29,474] {logging_mixin.py:115} INFO - [2024-08-14 00:55:29,474] {dag.py:2420} INFO - Sync 1 DAGs
[2024-08-14 00:55:29,495] {logging_mixin.py:115} INFO - [2024-08-14 00:55:29,495] {dag.py:2972} INFO - Setting next_dagrun for dependencies to 2024-05-20T00:00:00+00:00, run_after=2024-05-20T00:00:00+00:00
[2024-08-14 00:55:29,506] {processor.py:161} INFO - Processing /opt/airflow/dags/3-dependencies.py took 0.072 seconds
[2024-08-14 00:55:59,936] {processor.py:153} INFO - Started process (PID=43248) to work on /opt/airflow/dags/3-dependencies.py
[2024-08-14 00:55:59,936] {processor.py:641} INFO - Processing file /opt/airflow/dags/3-dependencies.py for tasks to queue
[2024-08-14 00:55:59,937] {logging_mixin.py:115} INFO - [2024-08-14 00:55:59,937] {dagbag.py:508} INFO - Filling up the DagBag from /opt/airflow/dags/3-dependencies.py
[2024-08-14 00:55:59,947] {processor.py:651} INFO - DAG(s) dict_keys(['dependencies']) retrieved from /opt/airflow/dags/3-dependencies.py
[2024-08-14 00:55:59,972] {logging_mixin.py:115} INFO - [2024-08-14 00:55:59,971] {dag.py:2420} INFO - Sync 1 DAGs
[2024-08-14 00:55:59,992] {logging_mixin.py:115} INFO - [2024-08-14 00:55:59,992] {dag.py:2972} INFO - Setting next_dagrun for dependencies to 2024-05-20T00:00:00+00:00, run_after=2024-05-20T00:00:00+00:00
[2024-08-14 00:56:00,004] {processor.py:161} INFO - Processing /opt/airflow/dags/3-dependencies.py took 0.070 seconds
[2024-08-14 00:56:30,495] {processor.py:153} INFO - Started process (PID=43278) to work on /opt/airflow/dags/3-dependencies.py
[2024-08-14 00:56:30,495] {processor.py:641} INFO - Processing file /opt/airflow/dags/3-dependencies.py for tasks to queue
[2024-08-14 00:56:30,496] {logging_mixin.py:115} INFO - [2024-08-14 00:56:30,496] {dagbag.py:508} INFO - Filling up the DagBag from /opt/airflow/dags/3-dependencies.py
[2024-08-14 00:56:30,506] {processor.py:651} INFO - DAG(s) dict_keys(['dependencies']) retrieved from /opt/airflow/dags/3-dependencies.py
[2024-08-14 00:56:30,527] {logging_mixin.py:115} INFO - [2024-08-14 00:56:30,527] {dag.py:2420} INFO - Sync 1 DAGs
[2024-08-14 00:56:30,545] {logging_mixin.py:115} INFO - [2024-08-14 00:56:30,545] {dag.py:2972} INFO - Setting next_dagrun for dependencies to 2024-05-20T00:00:00+00:00, run_after=2024-05-20T00:00:00+00:00
[2024-08-14 00:56:30,557] {processor.py:161} INFO - Processing /opt/airflow/dags/3-dependencies.py took 0.065 seconds
[2024-08-14 00:57:00,976] {processor.py:153} INFO - Started process (PID=43317) to work on /opt/airflow/dags/3-dependencies.py
[2024-08-14 00:57:00,977] {processor.py:641} INFO - Processing file /opt/airflow/dags/3-dependencies.py for tasks to queue
[2024-08-14 00:57:00,977] {logging_mixin.py:115} INFO - [2024-08-14 00:57:00,977] {dagbag.py:508} INFO - Filling up the DagBag from /opt/airflow/dags/3-dependencies.py
[2024-08-14 00:57:00,983] {processor.py:651} INFO - DAG(s) dict_keys(['dependencies']) retrieved from /opt/airflow/dags/3-dependencies.py
[2024-08-14 00:57:01,001] {logging_mixin.py:115} INFO - [2024-08-14 00:57:01,001] {dag.py:2420} INFO - Sync 1 DAGs
[2024-08-14 00:57:01,016] {logging_mixin.py:115} INFO - [2024-08-14 00:57:01,016] {dag.py:2972} INFO - Setting next_dagrun for dependencies to 2024-05-20T00:00:00+00:00, run_after=2024-05-20T00:00:00+00:00
[2024-08-14 00:57:01,025] {processor.py:161} INFO - Processing /opt/airflow/dags/3-dependencies.py took 0.052 seconds
[2024-08-14 00:57:31,442] {processor.py:153} INFO - Started process (PID=43356) to work on /opt/airflow/dags/3-dependencies.py
[2024-08-14 00:57:31,442] {processor.py:641} INFO - Processing file /opt/airflow/dags/3-dependencies.py for tasks to queue
[2024-08-14 00:57:31,442] {logging_mixin.py:115} INFO - [2024-08-14 00:57:31,442] {dagbag.py:508} INFO - Filling up the DagBag from /opt/airflow/dags/3-dependencies.py
[2024-08-14 00:57:31,448] {processor.py:651} INFO - DAG(s) dict_keys(['dependencies']) retrieved from /opt/airflow/dags/3-dependencies.py
[2024-08-14 00:57:31,465] {logging_mixin.py:115} INFO - [2024-08-14 00:57:31,465] {dag.py:2420} INFO - Sync 1 DAGs
[2024-08-14 00:57:31,484] {logging_mixin.py:115} INFO - [2024-08-14 00:57:31,484] {dag.py:2972} INFO - Setting next_dagrun for dependencies to 2024-05-20T00:00:00+00:00, run_after=2024-05-20T00:00:00+00:00
[2024-08-14 00:57:31,492] {processor.py:161} INFO - Processing /opt/airflow/dags/3-dependencies.py took 0.054 seconds
[2024-08-14 00:58:01,954] {processor.py:153} INFO - Started process (PID=43395) to work on /opt/airflow/dags/3-dependencies.py
[2024-08-14 00:58:01,954] {processor.py:641} INFO - Processing file /opt/airflow/dags/3-dependencies.py for tasks to queue
[2024-08-14 00:58:01,954] {logging_mixin.py:115} INFO - [2024-08-14 00:58:01,954] {dagbag.py:508} INFO - Filling up the DagBag from /opt/airflow/dags/3-dependencies.py
[2024-08-14 00:58:01,961] {processor.py:651} INFO - DAG(s) dict_keys(['dependencies']) retrieved from /opt/airflow/dags/3-dependencies.py
[2024-08-14 00:58:01,980] {logging_mixin.py:115} INFO - [2024-08-14 00:58:01,980] {dag.py:2420} INFO - Sync 1 DAGs
[2024-08-14 00:58:01,993] {logging_mixin.py:115} INFO - [2024-08-14 00:58:01,993] {dag.py:2972} INFO - Setting next_dagrun for dependencies to 2024-05-20T00:00:00+00:00, run_after=2024-05-20T00:00:00+00:00
[2024-08-14 00:58:02,002] {processor.py:161} INFO - Processing /opt/airflow/dags/3-dependencies.py took 0.052 seconds
[2024-08-14 00:58:32,504] {processor.py:153} INFO - Started process (PID=43434) to work on /opt/airflow/dags/3-dependencies.py
[2024-08-14 00:58:32,505] {processor.py:641} INFO - Processing file /opt/airflow/dags/3-dependencies.py for tasks to queue
[2024-08-14 00:58:32,506] {logging_mixin.py:115} INFO - [2024-08-14 00:58:32,505] {dagbag.py:508} INFO - Filling up the DagBag from /opt/airflow/dags/3-dependencies.py
[2024-08-14 00:58:32,513] {processor.py:651} INFO - DAG(s) dict_keys(['dependencies']) retrieved from /opt/airflow/dags/3-dependencies.py
[2024-08-14 00:58:32,539] {logging_mixin.py:115} INFO - [2024-08-14 00:58:32,539] {dag.py:2420} INFO - Sync 1 DAGs
[2024-08-14 00:58:32,559] {logging_mixin.py:115} INFO - [2024-08-14 00:58:32,558] {dag.py:2972} INFO - Setting next_dagrun for dependencies to 2024-05-20T00:00:00+00:00, run_after=2024-05-20T00:00:00+00:00
[2024-08-14 00:58:32,571] {processor.py:161} INFO - Processing /opt/airflow/dags/3-dependencies.py took 0.069 seconds
[2024-08-14 00:59:03,071] {processor.py:153} INFO - Started process (PID=43464) to work on /opt/airflow/dags/3-dependencies.py
[2024-08-14 00:59:03,072] {processor.py:641} INFO - Processing file /opt/airflow/dags/3-dependencies.py for tasks to queue
[2024-08-14 00:59:03,072] {logging_mixin.py:115} INFO - [2024-08-14 00:59:03,072] {dagbag.py:508} INFO - Filling up the DagBag from /opt/airflow/dags/3-dependencies.py
[2024-08-14 00:59:03,079] {processor.py:651} INFO - DAG(s) dict_keys(['dependencies']) retrieved from /opt/airflow/dags/3-dependencies.py
[2024-08-14 00:59:03,097] {logging_mixin.py:115} INFO - [2024-08-14 00:59:03,097] {dag.py:2420} INFO - Sync 1 DAGs
[2024-08-14 00:59:03,112] {logging_mixin.py:115} INFO - [2024-08-14 00:59:03,112] {dag.py:2972} INFO - Setting next_dagrun for dependencies to 2024-05-20T00:00:00+00:00, run_after=2024-05-20T00:00:00+00:00
[2024-08-14 00:59:03,140] {processor.py:161} INFO - Processing /opt/airflow/dags/3-dependencies.py took 0.071 seconds
[2024-08-14 00:59:33,526] {processor.py:153} INFO - Started process (PID=43503) to work on /opt/airflow/dags/3-dependencies.py
[2024-08-14 00:59:33,526] {processor.py:641} INFO - Processing file /opt/airflow/dags/3-dependencies.py for tasks to queue
[2024-08-14 00:59:33,527] {logging_mixin.py:115} INFO - [2024-08-14 00:59:33,527] {dagbag.py:508} INFO - Filling up the DagBag from /opt/airflow/dags/3-dependencies.py
[2024-08-14 00:59:33,533] {processor.py:651} INFO - DAG(s) dict_keys(['dependencies']) retrieved from /opt/airflow/dags/3-dependencies.py
[2024-08-14 00:59:33,552] {logging_mixin.py:115} INFO - [2024-08-14 00:59:33,552] {dag.py:2420} INFO - Sync 1 DAGs
[2024-08-14 00:59:33,571] {logging_mixin.py:115} INFO - [2024-08-14 00:59:33,570] {dag.py:2972} INFO - Setting next_dagrun for dependencies to 2024-05-20T00:00:00+00:00, run_after=2024-05-20T00:00:00+00:00
[2024-08-14 00:59:33,582] {processor.py:161} INFO - Processing /opt/airflow/dags/3-dependencies.py took 0.058 seconds
[2024-08-14 01:00:04,004] {processor.py:153} INFO - Started process (PID=43542) to work on /opt/airflow/dags/3-dependencies.py
[2024-08-14 01:00:04,005] {processor.py:641} INFO - Processing file /opt/airflow/dags/3-dependencies.py for tasks to queue
[2024-08-14 01:00:04,005] {logging_mixin.py:115} INFO - [2024-08-14 01:00:04,005] {dagbag.py:508} INFO - Filling up the DagBag from /opt/airflow/dags/3-dependencies.py
[2024-08-14 01:00:04,012] {processor.py:651} INFO - DAG(s) dict_keys(['dependencies']) retrieved from /opt/airflow/dags/3-dependencies.py
[2024-08-14 01:00:04,031] {logging_mixin.py:115} INFO - [2024-08-14 01:00:04,031] {dag.py:2420} INFO - Sync 1 DAGs
[2024-08-14 01:00:04,046] {logging_mixin.py:115} INFO - [2024-08-14 01:00:04,046] {dag.py:2972} INFO - Setting next_dagrun for dependencies to 2024-05-20T00:00:00+00:00, run_after=2024-05-20T00:00:00+00:00
[2024-08-14 01:00:04,056] {processor.py:161} INFO - Processing /opt/airflow/dags/3-dependencies.py took 0.054 seconds
[2024-08-14 01:00:34,511] {processor.py:153} INFO - Started process (PID=43581) to work on /opt/airflow/dags/3-dependencies.py
[2024-08-14 01:00:34,511] {processor.py:641} INFO - Processing file /opt/airflow/dags/3-dependencies.py for tasks to queue
[2024-08-14 01:00:34,512] {logging_mixin.py:115} INFO - [2024-08-14 01:00:34,512] {dagbag.py:508} INFO - Filling up the DagBag from /opt/airflow/dags/3-dependencies.py
[2024-08-14 01:00:34,518] {processor.py:651} INFO - DAG(s) dict_keys(['dependencies']) retrieved from /opt/airflow/dags/3-dependencies.py
[2024-08-14 01:00:34,534] {logging_mixin.py:115} INFO - [2024-08-14 01:00:34,533] {dag.py:2420} INFO - Sync 1 DAGs
[2024-08-14 01:00:34,547] {logging_mixin.py:115} INFO - [2024-08-14 01:00:34,547] {dag.py:2972} INFO - Setting next_dagrun for dependencies to 2024-05-20T00:00:00+00:00, run_after=2024-05-20T00:00:00+00:00
[2024-08-14 01:00:34,555] {processor.py:161} INFO - Processing /opt/airflow/dags/3-dependencies.py took 0.048 seconds
[2024-08-14 01:01:04,994] {processor.py:153} INFO - Started process (PID=43620) to work on /opt/airflow/dags/3-dependencies.py
[2024-08-14 01:01:04,995] {processor.py:641} INFO - Processing file /opt/airflow/dags/3-dependencies.py for tasks to queue
[2024-08-14 01:01:04,995] {logging_mixin.py:115} INFO - [2024-08-14 01:01:04,995] {dagbag.py:508} INFO - Filling up the DagBag from /opt/airflow/dags/3-dependencies.py
[2024-08-14 01:01:05,002] {processor.py:651} INFO - DAG(s) dict_keys(['dependencies']) retrieved from /opt/airflow/dags/3-dependencies.py
[2024-08-14 01:01:05,019] {logging_mixin.py:115} INFO - [2024-08-14 01:01:05,019] {dag.py:2420} INFO - Sync 1 DAGs
[2024-08-14 01:01:05,033] {logging_mixin.py:115} INFO - [2024-08-14 01:01:05,033] {dag.py:2972} INFO - Setting next_dagrun for dependencies to 2024-05-20T00:00:00+00:00, run_after=2024-05-20T00:00:00+00:00
[2024-08-14 01:01:05,042] {processor.py:161} INFO - Processing /opt/airflow/dags/3-dependencies.py took 0.050 seconds
[2024-08-14 01:01:35,449] {processor.py:153} INFO - Started process (PID=43658) to work on /opt/airflow/dags/3-dependencies.py
[2024-08-14 01:01:35,449] {processor.py:641} INFO - Processing file /opt/airflow/dags/3-dependencies.py for tasks to queue
[2024-08-14 01:01:35,449] {logging_mixin.py:115} INFO - [2024-08-14 01:01:35,449] {dagbag.py:508} INFO - Filling up the DagBag from /opt/airflow/dags/3-dependencies.py
[2024-08-14 01:01:35,456] {processor.py:651} INFO - DAG(s) dict_keys(['dependencies']) retrieved from /opt/airflow/dags/3-dependencies.py
[2024-08-14 01:01:35,473] {logging_mixin.py:115} INFO - [2024-08-14 01:01:35,473] {dag.py:2420} INFO - Sync 1 DAGs
[2024-08-14 01:01:35,488] {logging_mixin.py:115} INFO - [2024-08-14 01:01:35,488] {dag.py:2972} INFO - Setting next_dagrun for dependencies to 2024-05-20T00:00:00+00:00, run_after=2024-05-20T00:00:00+00:00
[2024-08-14 01:01:35,497] {processor.py:161} INFO - Processing /opt/airflow/dags/3-dependencies.py took 0.051 seconds
[2024-08-14 01:02:05,912] {processor.py:153} INFO - Started process (PID=43688) to work on /opt/airflow/dags/3-dependencies.py
[2024-08-14 01:02:05,912] {processor.py:641} INFO - Processing file /opt/airflow/dags/3-dependencies.py for tasks to queue
[2024-08-14 01:02:05,913] {logging_mixin.py:115} INFO - [2024-08-14 01:02:05,912] {dagbag.py:508} INFO - Filling up the DagBag from /opt/airflow/dags/3-dependencies.py
[2024-08-14 01:02:05,919] {processor.py:651} INFO - DAG(s) dict_keys(['dependencies']) retrieved from /opt/airflow/dags/3-dependencies.py
[2024-08-14 01:02:05,936] {logging_mixin.py:115} INFO - [2024-08-14 01:02:05,936] {dag.py:2420} INFO - Sync 1 DAGs
[2024-08-14 01:02:05,949] {logging_mixin.py:115} INFO - [2024-08-14 01:02:05,948] {dag.py:2972} INFO - Setting next_dagrun for dependencies to 2024-05-20T00:00:00+00:00, run_after=2024-05-20T00:00:00+00:00
[2024-08-14 01:02:05,957] {processor.py:161} INFO - Processing /opt/airflow/dags/3-dependencies.py took 0.047 seconds
[2024-08-14 01:02:36,437] {processor.py:153} INFO - Started process (PID=43727) to work on /opt/airflow/dags/3-dependencies.py
[2024-08-14 01:02:36,437] {processor.py:641} INFO - Processing file /opt/airflow/dags/3-dependencies.py for tasks to queue
[2024-08-14 01:02:36,438] {logging_mixin.py:115} INFO - [2024-08-14 01:02:36,438] {dagbag.py:508} INFO - Filling up the DagBag from /opt/airflow/dags/3-dependencies.py
[2024-08-14 01:02:36,448] {processor.py:651} INFO - DAG(s) dict_keys(['dependencies']) retrieved from /opt/airflow/dags/3-dependencies.py
[2024-08-14 01:02:36,467] {logging_mixin.py:115} INFO - [2024-08-14 01:02:36,467] {dag.py:2420} INFO - Sync 1 DAGs
[2024-08-14 01:02:36,480] {logging_mixin.py:115} INFO - [2024-08-14 01:02:36,480] {dag.py:2972} INFO - Setting next_dagrun for dependencies to 2024-05-20T00:00:00+00:00, run_after=2024-05-20T00:00:00+00:00
[2024-08-14 01:02:36,488] {processor.py:161} INFO - Processing /opt/airflow/dags/3-dependencies.py took 0.053 seconds
[2024-08-14 01:03:06,885] {processor.py:153} INFO - Started process (PID=43766) to work on /opt/airflow/dags/3-dependencies.py
[2024-08-14 01:03:06,885] {processor.py:641} INFO - Processing file /opt/airflow/dags/3-dependencies.py for tasks to queue
[2024-08-14 01:03:06,886] {logging_mixin.py:115} INFO - [2024-08-14 01:03:06,885] {dagbag.py:508} INFO - Filling up the DagBag from /opt/airflow/dags/3-dependencies.py
[2024-08-14 01:03:06,893] {processor.py:651} INFO - DAG(s) dict_keys(['dependencies']) retrieved from /opt/airflow/dags/3-dependencies.py
[2024-08-14 01:03:06,912] {logging_mixin.py:115} INFO - [2024-08-14 01:03:06,912] {dag.py:2420} INFO - Sync 1 DAGs
[2024-08-14 01:03:06,929] {logging_mixin.py:115} INFO - [2024-08-14 01:03:06,928] {dag.py:2972} INFO - Setting next_dagrun for dependencies to 2024-05-20T00:00:00+00:00, run_after=2024-05-20T00:00:00+00:00
[2024-08-14 01:03:06,938] {processor.py:161} INFO - Processing /opt/airflow/dags/3-dependencies.py took 0.057 seconds
[2024-08-14 01:03:37,387] {processor.py:153} INFO - Started process (PID=43804) to work on /opt/airflow/dags/3-dependencies.py
[2024-08-14 01:03:37,387] {processor.py:641} INFO - Processing file /opt/airflow/dags/3-dependencies.py for tasks to queue
[2024-08-14 01:03:37,388] {logging_mixin.py:115} INFO - [2024-08-14 01:03:37,388] {dagbag.py:508} INFO - Filling up the DagBag from /opt/airflow/dags/3-dependencies.py
[2024-08-14 01:03:37,394] {processor.py:651} INFO - DAG(s) dict_keys(['dependencies']) retrieved from /opt/airflow/dags/3-dependencies.py
[2024-08-14 01:03:37,412] {logging_mixin.py:115} INFO - [2024-08-14 01:03:37,412] {dag.py:2420} INFO - Sync 1 DAGs
[2024-08-14 01:03:37,426] {logging_mixin.py:115} INFO - [2024-08-14 01:03:37,426] {dag.py:2972} INFO - Setting next_dagrun for dependencies to 2024-05-20T00:00:00+00:00, run_after=2024-05-20T00:00:00+00:00
[2024-08-14 01:03:37,436] {processor.py:161} INFO - Processing /opt/airflow/dags/3-dependencies.py took 0.051 seconds
[2024-08-14 01:04:07,964] {processor.py:153} INFO - Started process (PID=43843) to work on /opt/airflow/dags/3-dependencies.py
[2024-08-14 01:04:07,964] {processor.py:641} INFO - Processing file /opt/airflow/dags/3-dependencies.py for tasks to queue
[2024-08-14 01:04:07,965] {logging_mixin.py:115} INFO - [2024-08-14 01:04:07,965] {dagbag.py:508} INFO - Filling up the DagBag from /opt/airflow/dags/3-dependencies.py
[2024-08-14 01:04:07,973] {processor.py:651} INFO - DAG(s) dict_keys(['dependencies']) retrieved from /opt/airflow/dags/3-dependencies.py
[2024-08-14 01:04:07,994] {logging_mixin.py:115} INFO - [2024-08-14 01:04:07,993] {dag.py:2420} INFO - Sync 1 DAGs
[2024-08-14 01:04:08,011] {logging_mixin.py:115} INFO - [2024-08-14 01:04:08,011] {dag.py:2972} INFO - Setting next_dagrun for dependencies to 2024-05-20T00:00:00+00:00, run_after=2024-05-20T00:00:00+00:00
[2024-08-14 01:04:08,022] {processor.py:161} INFO - Processing /opt/airflow/dags/3-dependencies.py took 0.061 seconds
[2024-08-14 01:04:38,506] {processor.py:153} INFO - Started process (PID=43873) to work on /opt/airflow/dags/3-dependencies.py
[2024-08-14 01:04:38,506] {processor.py:641} INFO - Processing file /opt/airflow/dags/3-dependencies.py for tasks to queue
[2024-08-14 01:04:38,507] {logging_mixin.py:115} INFO - [2024-08-14 01:04:38,507] {dagbag.py:508} INFO - Filling up the DagBag from /opt/airflow/dags/3-dependencies.py
[2024-08-14 01:04:38,513] {processor.py:651} INFO - DAG(s) dict_keys(['dependencies']) retrieved from /opt/airflow/dags/3-dependencies.py
[2024-08-14 01:04:38,536] {logging_mixin.py:115} INFO - [2024-08-14 01:04:38,536] {dag.py:2420} INFO - Sync 1 DAGs
[2024-08-14 01:04:38,554] {logging_mixin.py:115} INFO - [2024-08-14 01:04:38,554] {dag.py:2972} INFO - Setting next_dagrun for dependencies to 2024-05-20T00:00:00+00:00, run_after=2024-05-20T00:00:00+00:00
[2024-08-14 01:04:38,565] {processor.py:161} INFO - Processing /opt/airflow/dags/3-dependencies.py took 0.062 seconds
[2024-08-14 01:05:09,011] {processor.py:153} INFO - Started process (PID=43912) to work on /opt/airflow/dags/3-dependencies.py
[2024-08-14 01:05:09,012] {processor.py:641} INFO - Processing file /opt/airflow/dags/3-dependencies.py for tasks to queue
[2024-08-14 01:05:09,012] {logging_mixin.py:115} INFO - [2024-08-14 01:05:09,012] {dagbag.py:508} INFO - Filling up the DagBag from /opt/airflow/dags/3-dependencies.py
[2024-08-14 01:05:09,020] {processor.py:651} INFO - DAG(s) dict_keys(['dependencies']) retrieved from /opt/airflow/dags/3-dependencies.py
[2024-08-14 01:05:09,039] {logging_mixin.py:115} INFO - [2024-08-14 01:05:09,039] {dag.py:2420} INFO - Sync 1 DAGs
[2024-08-14 01:05:09,054] {logging_mixin.py:115} INFO - [2024-08-14 01:05:09,054] {dag.py:2972} INFO - Setting next_dagrun for dependencies to 2024-05-20T00:00:00+00:00, run_after=2024-05-20T00:00:00+00:00
[2024-08-14 01:05:09,065] {processor.py:161} INFO - Processing /opt/airflow/dags/3-dependencies.py took 0.056 seconds
[2024-08-14 01:05:39,477] {processor.py:153} INFO - Started process (PID=43951) to work on /opt/airflow/dags/3-dependencies.py
[2024-08-14 01:05:39,477] {processor.py:641} INFO - Processing file /opt/airflow/dags/3-dependencies.py for tasks to queue
[2024-08-14 01:05:39,478] {logging_mixin.py:115} INFO - [2024-08-14 01:05:39,478] {dagbag.py:508} INFO - Filling up the DagBag from /opt/airflow/dags/3-dependencies.py
[2024-08-14 01:05:39,486] {processor.py:651} INFO - DAG(s) dict_keys(['dependencies']) retrieved from /opt/airflow/dags/3-dependencies.py
[2024-08-14 01:05:39,503] {logging_mixin.py:115} INFO - [2024-08-14 01:05:39,503] {dag.py:2420} INFO - Sync 1 DAGs
[2024-08-14 01:05:39,517] {logging_mixin.py:115} INFO - [2024-08-14 01:05:39,516] {dag.py:2972} INFO - Setting next_dagrun for dependencies to 2024-05-20T00:00:00+00:00, run_after=2024-05-20T00:00:00+00:00
[2024-08-14 01:05:39,525] {processor.py:161} INFO - Processing /opt/airflow/dags/3-dependencies.py took 0.050 seconds
[2024-08-14 01:06:09,944] {processor.py:153} INFO - Started process (PID=43990) to work on /opt/airflow/dags/3-dependencies.py
[2024-08-14 01:06:09,947] {processor.py:641} INFO - Processing file /opt/airflow/dags/3-dependencies.py for tasks to queue
[2024-08-14 01:06:09,948] {logging_mixin.py:115} INFO - [2024-08-14 01:06:09,948] {dagbag.py:508} INFO - Filling up the DagBag from /opt/airflow/dags/3-dependencies.py
[2024-08-14 01:06:09,954] {processor.py:651} INFO - DAG(s) dict_keys(['dependencies']) retrieved from /opt/airflow/dags/3-dependencies.py
[2024-08-14 01:06:09,973] {logging_mixin.py:115} INFO - [2024-08-14 01:06:09,973] {dag.py:2420} INFO - Sync 1 DAGs
[2024-08-14 01:06:09,987] {logging_mixin.py:115} INFO - [2024-08-14 01:06:09,986] {dag.py:2972} INFO - Setting next_dagrun for dependencies to 2024-05-20T00:00:00+00:00, run_after=2024-05-20T00:00:00+00:00
[2024-08-14 01:06:09,995] {processor.py:161} INFO - Processing /opt/airflow/dags/3-dependencies.py took 0.053 seconds
[2024-08-14 01:06:40,442] {processor.py:153} INFO - Started process (PID=44028) to work on /opt/airflow/dags/3-dependencies.py
[2024-08-14 01:06:40,442] {processor.py:641} INFO - Processing file /opt/airflow/dags/3-dependencies.py for tasks to queue
[2024-08-14 01:06:40,443] {logging_mixin.py:115} INFO - [2024-08-14 01:06:40,443] {dagbag.py:508} INFO - Filling up the DagBag from /opt/airflow/dags/3-dependencies.py
[2024-08-14 01:06:40,449] {processor.py:651} INFO - DAG(s) dict_keys(['dependencies']) retrieved from /opt/airflow/dags/3-dependencies.py
[2024-08-14 01:06:40,465] {logging_mixin.py:115} INFO - [2024-08-14 01:06:40,465] {dag.py:2420} INFO - Sync 1 DAGs
[2024-08-14 01:06:40,479] {logging_mixin.py:115} INFO - [2024-08-14 01:06:40,479] {dag.py:2972} INFO - Setting next_dagrun for dependencies to 2024-05-20T00:00:00+00:00, run_after=2024-05-20T00:00:00+00:00
[2024-08-14 01:06:40,486] {processor.py:161} INFO - Processing /opt/airflow/dags/3-dependencies.py took 0.047 seconds
[2024-08-14 01:07:10,883] {processor.py:153} INFO - Started process (PID=44058) to work on /opt/airflow/dags/3-dependencies.py
[2024-08-14 01:07:10,883] {processor.py:641} INFO - Processing file /opt/airflow/dags/3-dependencies.py for tasks to queue
[2024-08-14 01:07:10,883] {logging_mixin.py:115} INFO - [2024-08-14 01:07:10,883] {dagbag.py:508} INFO - Filling up the DagBag from /opt/airflow/dags/3-dependencies.py
[2024-08-14 01:07:10,890] {processor.py:651} INFO - DAG(s) dict_keys(['dependencies']) retrieved from /opt/airflow/dags/3-dependencies.py
[2024-08-14 01:07:10,907] {logging_mixin.py:115} INFO - [2024-08-14 01:07:10,907] {dag.py:2420} INFO - Sync 1 DAGs
[2024-08-14 01:07:10,921] {logging_mixin.py:115} INFO - [2024-08-14 01:07:10,921] {dag.py:2972} INFO - Setting next_dagrun for dependencies to 2024-05-20T00:00:00+00:00, run_after=2024-05-20T00:00:00+00:00
[2024-08-14 01:07:10,932] {processor.py:161} INFO - Processing /opt/airflow/dags/3-dependencies.py took 0.052 seconds
[2024-08-14 01:07:41,423] {processor.py:153} INFO - Started process (PID=44097) to work on /opt/airflow/dags/3-dependencies.py
[2024-08-14 01:07:41,424] {processor.py:641} INFO - Processing file /opt/airflow/dags/3-dependencies.py for tasks to queue
[2024-08-14 01:07:41,424] {logging_mixin.py:115} INFO - [2024-08-14 01:07:41,424] {dagbag.py:508} INFO - Filling up the DagBag from /opt/airflow/dags/3-dependencies.py
[2024-08-14 01:07:41,430] {processor.py:651} INFO - DAG(s) dict_keys(['dependencies']) retrieved from /opt/airflow/dags/3-dependencies.py
[2024-08-14 01:07:41,446] {logging_mixin.py:115} INFO - [2024-08-14 01:07:41,446] {dag.py:2420} INFO - Sync 1 DAGs
[2024-08-14 01:07:41,459] {logging_mixin.py:115} INFO - [2024-08-14 01:07:41,459] {dag.py:2972} INFO - Setting next_dagrun for dependencies to 2024-05-20T00:00:00+00:00, run_after=2024-05-20T00:00:00+00:00
[2024-08-14 01:07:41,468] {processor.py:161} INFO - Processing /opt/airflow/dags/3-dependencies.py took 0.047 seconds
[2024-08-14 01:08:11,881] {processor.py:153} INFO - Started process (PID=44135) to work on /opt/airflow/dags/3-dependencies.py
[2024-08-14 01:08:11,881] {processor.py:641} INFO - Processing file /opt/airflow/dags/3-dependencies.py for tasks to queue
[2024-08-14 01:08:11,882] {logging_mixin.py:115} INFO - [2024-08-14 01:08:11,882] {dagbag.py:508} INFO - Filling up the DagBag from /opt/airflow/dags/3-dependencies.py
[2024-08-14 01:08:11,887] {processor.py:651} INFO - DAG(s) dict_keys(['dependencies']) retrieved from /opt/airflow/dags/3-dependencies.py
[2024-08-14 01:08:11,903] {logging_mixin.py:115} INFO - [2024-08-14 01:08:11,903] {dag.py:2420} INFO - Sync 1 DAGs
[2024-08-14 01:08:11,919] {logging_mixin.py:115} INFO - [2024-08-14 01:08:11,919] {dag.py:2972} INFO - Setting next_dagrun for dependencies to 2024-05-20T00:00:00+00:00, run_after=2024-05-20T00:00:00+00:00
[2024-08-14 01:08:11,927] {processor.py:161} INFO - Processing /opt/airflow/dags/3-dependencies.py took 0.049 seconds
[2024-08-14 01:08:42,376] {processor.py:153} INFO - Started process (PID=44173) to work on /opt/airflow/dags/3-dependencies.py
[2024-08-14 01:08:42,376] {processor.py:641} INFO - Processing file /opt/airflow/dags/3-dependencies.py for tasks to queue
[2024-08-14 01:08:42,377] {logging_mixin.py:115} INFO - [2024-08-14 01:08:42,377] {dagbag.py:508} INFO - Filling up the DagBag from /opt/airflow/dags/3-dependencies.py
[2024-08-14 01:08:42,382] {processor.py:651} INFO - DAG(s) dict_keys(['dependencies']) retrieved from /opt/airflow/dags/3-dependencies.py
[2024-08-14 01:08:42,399] {logging_mixin.py:115} INFO - [2024-08-14 01:08:42,399] {dag.py:2420} INFO - Sync 1 DAGs
[2024-08-14 01:08:42,412] {logging_mixin.py:115} INFO - [2024-08-14 01:08:42,412] {dag.py:2972} INFO - Setting next_dagrun for dependencies to 2024-05-20T00:00:00+00:00, run_after=2024-05-20T00:00:00+00:00
[2024-08-14 01:08:42,422] {processor.py:161} INFO - Processing /opt/airflow/dags/3-dependencies.py took 0.048 seconds
[2024-08-14 01:09:12,881] {processor.py:153} INFO - Started process (PID=44212) to work on /opt/airflow/dags/3-dependencies.py
[2024-08-14 01:09:12,881] {processor.py:641} INFO - Processing file /opt/airflow/dags/3-dependencies.py for tasks to queue
[2024-08-14 01:09:12,881] {logging_mixin.py:115} INFO - [2024-08-14 01:09:12,881] {dagbag.py:508} INFO - Filling up the DagBag from /opt/airflow/dags/3-dependencies.py
[2024-08-14 01:09:12,887] {processor.py:651} INFO - DAG(s) dict_keys(['dependencies']) retrieved from /opt/airflow/dags/3-dependencies.py
[2024-08-14 01:09:12,902] {logging_mixin.py:115} INFO - [2024-08-14 01:09:12,902] {dag.py:2420} INFO - Sync 1 DAGs
[2024-08-14 01:09:12,918] {logging_mixin.py:115} INFO - [2024-08-14 01:09:12,918] {dag.py:2972} INFO - Setting next_dagrun for dependencies to 2024-05-20T00:00:00+00:00, run_after=2024-05-20T00:00:00+00:00
[2024-08-14 01:09:12,926] {processor.py:161} INFO - Processing /opt/airflow/dags/3-dependencies.py took 0.047 seconds
[2024-08-14 01:09:43,395] {processor.py:153} INFO - Started process (PID=44249) to work on /opt/airflow/dags/3-dependencies.py
[2024-08-14 01:09:43,395] {processor.py:641} INFO - Processing file /opt/airflow/dags/3-dependencies.py for tasks to queue
[2024-08-14 01:09:43,396] {logging_mixin.py:115} INFO - [2024-08-14 01:09:43,396] {dagbag.py:508} INFO - Filling up the DagBag from /opt/airflow/dags/3-dependencies.py
[2024-08-14 01:09:43,402] {processor.py:651} INFO - DAG(s) dict_keys(['dependencies']) retrieved from /opt/airflow/dags/3-dependencies.py
[2024-08-14 01:09:43,418] {logging_mixin.py:115} INFO - [2024-08-14 01:09:43,418] {dag.py:2420} INFO - Sync 1 DAGs
[2024-08-14 01:09:43,437] {logging_mixin.py:115} INFO - [2024-08-14 01:09:43,437] {dag.py:2972} INFO - Setting next_dagrun for dependencies to 2024-05-20T00:00:00+00:00, run_after=2024-05-20T00:00:00+00:00
[2024-08-14 01:09:43,446] {processor.py:161} INFO - Processing /opt/airflow/dags/3-dependencies.py took 0.053 seconds
[2024-08-14 01:10:13,858] {processor.py:153} INFO - Started process (PID=44279) to work on /opt/airflow/dags/3-dependencies.py
[2024-08-14 01:10:13,858] {processor.py:641} INFO - Processing file /opt/airflow/dags/3-dependencies.py for tasks to queue
[2024-08-14 01:10:13,858] {logging_mixin.py:115} INFO - [2024-08-14 01:10:13,858] {dagbag.py:508} INFO - Filling up the DagBag from /opt/airflow/dags/3-dependencies.py
[2024-08-14 01:10:13,864] {processor.py:651} INFO - DAG(s) dict_keys(['dependencies']) retrieved from /opt/airflow/dags/3-dependencies.py
[2024-08-14 01:10:13,880] {logging_mixin.py:115} INFO - [2024-08-14 01:10:13,880] {dag.py:2420} INFO - Sync 1 DAGs
[2024-08-14 01:10:13,894] {logging_mixin.py:115} INFO - [2024-08-14 01:10:13,894] {dag.py:2972} INFO - Setting next_dagrun for dependencies to 2024-05-20T00:00:00+00:00, run_after=2024-05-20T00:00:00+00:00
[2024-08-14 01:10:13,901] {processor.py:161} INFO - Processing /opt/airflow/dags/3-dependencies.py took 0.046 seconds
[2024-08-14 01:10:44,346] {processor.py:153} INFO - Started process (PID=44318) to work on /opt/airflow/dags/3-dependencies.py
[2024-08-14 01:10:44,347] {processor.py:641} INFO - Processing file /opt/airflow/dags/3-dependencies.py for tasks to queue
[2024-08-14 01:10:44,347] {logging_mixin.py:115} INFO - [2024-08-14 01:10:44,347] {dagbag.py:508} INFO - Filling up the DagBag from /opt/airflow/dags/3-dependencies.py
[2024-08-14 01:10:44,354] {processor.py:651} INFO - DAG(s) dict_keys(['dependencies']) retrieved from /opt/airflow/dags/3-dependencies.py
[2024-08-14 01:10:44,374] {logging_mixin.py:115} INFO - [2024-08-14 01:10:44,374] {dag.py:2420} INFO - Sync 1 DAGs
[2024-08-14 01:10:44,391] {logging_mixin.py:115} INFO - [2024-08-14 01:10:44,391] {dag.py:2972} INFO - Setting next_dagrun for dependencies to 2024-05-20T00:00:00+00:00, run_after=2024-05-20T00:00:00+00:00
[2024-08-14 01:10:44,402] {processor.py:161} INFO - Processing /opt/airflow/dags/3-dependencies.py took 0.059 seconds
[2024-08-14 01:11:14,870] {processor.py:153} INFO - Started process (PID=44357) to work on /opt/airflow/dags/3-dependencies.py
[2024-08-14 01:11:14,870] {processor.py:641} INFO - Processing file /opt/airflow/dags/3-dependencies.py for tasks to queue
[2024-08-14 01:11:14,871] {logging_mixin.py:115} INFO - [2024-08-14 01:11:14,871] {dagbag.py:508} INFO - Filling up the DagBag from /opt/airflow/dags/3-dependencies.py
[2024-08-14 01:11:14,877] {processor.py:651} INFO - DAG(s) dict_keys(['dependencies']) retrieved from /opt/airflow/dags/3-dependencies.py
[2024-08-14 01:11:14,893] {logging_mixin.py:115} INFO - [2024-08-14 01:11:14,892] {dag.py:2420} INFO - Sync 1 DAGs
[2024-08-14 01:11:14,906] {logging_mixin.py:115} INFO - [2024-08-14 01:11:14,906] {dag.py:2972} INFO - Setting next_dagrun for dependencies to 2024-05-20T00:00:00+00:00, run_after=2024-05-20T00:00:00+00:00
[2024-08-14 01:11:14,913] {processor.py:161} INFO - Processing /opt/airflow/dags/3-dependencies.py took 0.046 seconds
[2024-08-14 01:11:45,316] {processor.py:153} INFO - Started process (PID=44396) to work on /opt/airflow/dags/3-dependencies.py
[2024-08-14 01:11:45,316] {processor.py:641} INFO - Processing file /opt/airflow/dags/3-dependencies.py for tasks to queue
[2024-08-14 01:11:45,317] {logging_mixin.py:115} INFO - [2024-08-14 01:11:45,317] {dagbag.py:508} INFO - Filling up the DagBag from /opt/airflow/dags/3-dependencies.py
[2024-08-14 01:11:45,323] {processor.py:651} INFO - DAG(s) dict_keys(['dependencies']) retrieved from /opt/airflow/dags/3-dependencies.py
[2024-08-14 01:11:45,340] {logging_mixin.py:115} INFO - [2024-08-14 01:11:45,340] {dag.py:2420} INFO - Sync 1 DAGs
[2024-08-14 01:11:45,353] {logging_mixin.py:115} INFO - [2024-08-14 01:11:45,353] {dag.py:2972} INFO - Setting next_dagrun for dependencies to 2024-05-20T00:00:00+00:00, run_after=2024-05-20T00:00:00+00:00
[2024-08-14 01:11:45,362] {processor.py:161} INFO - Processing /opt/airflow/dags/3-dependencies.py took 0.048 seconds
[2024-08-14 01:12:15,757] {processor.py:153} INFO - Started process (PID=44435) to work on /opt/airflow/dags/3-dependencies.py
[2024-08-14 01:12:15,758] {processor.py:641} INFO - Processing file /opt/airflow/dags/3-dependencies.py for tasks to queue
[2024-08-14 01:12:15,758] {logging_mixin.py:115} INFO - [2024-08-14 01:12:15,758] {dagbag.py:508} INFO - Filling up the DagBag from /opt/airflow/dags/3-dependencies.py
[2024-08-14 01:12:15,764] {processor.py:651} INFO - DAG(s) dict_keys(['dependencies']) retrieved from /opt/airflow/dags/3-dependencies.py
[2024-08-14 01:12:15,780] {logging_mixin.py:115} INFO - [2024-08-14 01:12:15,780] {dag.py:2420} INFO - Sync 1 DAGs
[2024-08-14 01:12:15,793] {logging_mixin.py:115} INFO - [2024-08-14 01:12:15,793] {dag.py:2972} INFO - Setting next_dagrun for dependencies to 2024-05-20T00:00:00+00:00, run_after=2024-05-20T00:00:00+00:00
[2024-08-14 01:12:15,801] {processor.py:161} INFO - Processing /opt/airflow/dags/3-dependencies.py took 0.046 seconds
[2024-08-14 01:12:46,247] {processor.py:153} INFO - Started process (PID=44465) to work on /opt/airflow/dags/3-dependencies.py
[2024-08-14 01:12:46,247] {processor.py:641} INFO - Processing file /opt/airflow/dags/3-dependencies.py for tasks to queue
[2024-08-14 01:12:46,247] {logging_mixin.py:115} INFO - [2024-08-14 01:12:46,247] {dagbag.py:508} INFO - Filling up the DagBag from /opt/airflow/dags/3-dependencies.py
[2024-08-14 01:12:46,254] {processor.py:651} INFO - DAG(s) dict_keys(['dependencies']) retrieved from /opt/airflow/dags/3-dependencies.py
[2024-08-14 01:12:46,270] {logging_mixin.py:115} INFO - [2024-08-14 01:12:46,270] {dag.py:2420} INFO - Sync 1 DAGs
[2024-08-14 01:12:46,283] {logging_mixin.py:115} INFO - [2024-08-14 01:12:46,283] {dag.py:2972} INFO - Setting next_dagrun for dependencies to 2024-05-20T00:00:00+00:00, run_after=2024-05-20T00:00:00+00:00
[2024-08-14 01:12:46,293] {processor.py:161} INFO - Processing /opt/airflow/dags/3-dependencies.py took 0.049 seconds
[2024-08-14 01:13:16,723] {processor.py:153} INFO - Started process (PID=44504) to work on /opt/airflow/dags/3-dependencies.py
[2024-08-14 01:13:16,724] {processor.py:641} INFO - Processing file /opt/airflow/dags/3-dependencies.py for tasks to queue
[2024-08-14 01:13:16,725] {logging_mixin.py:115} INFO - [2024-08-14 01:13:16,725] {dagbag.py:508} INFO - Filling up the DagBag from /opt/airflow/dags/3-dependencies.py
[2024-08-14 01:13:16,732] {processor.py:651} INFO - DAG(s) dict_keys(['dependencies']) retrieved from /opt/airflow/dags/3-dependencies.py
[2024-08-14 01:13:16,750] {logging_mixin.py:115} INFO - [2024-08-14 01:13:16,750] {dag.py:2420} INFO - Sync 1 DAGs
[2024-08-14 01:13:16,763] {logging_mixin.py:115} INFO - [2024-08-14 01:13:16,763] {dag.py:2972} INFO - Setting next_dagrun for dependencies to 2024-05-20T00:00:00+00:00, run_after=2024-05-20T00:00:00+00:00
[2024-08-14 01:13:16,771] {processor.py:161} INFO - Processing /opt/airflow/dags/3-dependencies.py took 0.052 seconds
[2024-08-14 01:13:47,267] {processor.py:153} INFO - Started process (PID=44542) to work on /opt/airflow/dags/3-dependencies.py
[2024-08-14 01:13:47,268] {processor.py:641} INFO - Processing file /opt/airflow/dags/3-dependencies.py for tasks to queue
[2024-08-14 01:13:47,268] {logging_mixin.py:115} INFO - [2024-08-14 01:13:47,268] {dagbag.py:508} INFO - Filling up the DagBag from /opt/airflow/dags/3-dependencies.py
[2024-08-14 01:13:47,275] {processor.py:651} INFO - DAG(s) dict_keys(['dependencies']) retrieved from /opt/airflow/dags/3-dependencies.py
[2024-08-14 01:13:47,292] {logging_mixin.py:115} INFO - [2024-08-14 01:13:47,292] {dag.py:2420} INFO - Sync 1 DAGs
[2024-08-14 01:13:47,306] {logging_mixin.py:115} INFO - [2024-08-14 01:13:47,306] {dag.py:2972} INFO - Setting next_dagrun for dependencies to 2024-05-20T00:00:00+00:00, run_after=2024-05-20T00:00:00+00:00
[2024-08-14 01:13:47,317] {processor.py:161} INFO - Processing /opt/airflow/dags/3-dependencies.py took 0.053 seconds
[2024-08-14 01:14:17,764] {processor.py:153} INFO - Started process (PID=44580) to work on /opt/airflow/dags/3-dependencies.py
[2024-08-14 01:14:17,764] {processor.py:641} INFO - Processing file /opt/airflow/dags/3-dependencies.py for tasks to queue
[2024-08-14 01:14:17,765] {logging_mixin.py:115} INFO - [2024-08-14 01:14:17,765] {dagbag.py:508} INFO - Filling up the DagBag from /opt/airflow/dags/3-dependencies.py
[2024-08-14 01:14:17,772] {processor.py:651} INFO - DAG(s) dict_keys(['dependencies']) retrieved from /opt/airflow/dags/3-dependencies.py
[2024-08-14 01:14:17,793] {logging_mixin.py:115} INFO - [2024-08-14 01:14:17,793] {dag.py:2420} INFO - Sync 1 DAGs
[2024-08-14 01:14:17,809] {logging_mixin.py:115} INFO - [2024-08-14 01:14:17,809] {dag.py:2972} INFO - Setting next_dagrun for dependencies to 2024-05-20T00:00:00+00:00, run_after=2024-05-20T00:00:00+00:00
[2024-08-14 01:14:17,819] {processor.py:161} INFO - Processing /opt/airflow/dags/3-dependencies.py took 0.058 seconds
[2024-08-14 01:14:48,346] {processor.py:153} INFO - Started process (PID=44619) to work on /opt/airflow/dags/3-dependencies.py
[2024-08-14 01:14:48,346] {processor.py:641} INFO - Processing file /opt/airflow/dags/3-dependencies.py for tasks to queue
[2024-08-14 01:14:48,347] {logging_mixin.py:115} INFO - [2024-08-14 01:14:48,347] {dagbag.py:508} INFO - Filling up the DagBag from /opt/airflow/dags/3-dependencies.py
[2024-08-14 01:14:48,353] {processor.py:651} INFO - DAG(s) dict_keys(['dependencies']) retrieved from /opt/airflow/dags/3-dependencies.py
[2024-08-14 01:14:48,371] {logging_mixin.py:115} INFO - [2024-08-14 01:14:48,371] {dag.py:2420} INFO - Sync 1 DAGs
[2024-08-14 01:14:48,390] {logging_mixin.py:115} INFO - [2024-08-14 01:14:48,390] {dag.py:2972} INFO - Setting next_dagrun for dependencies to 2024-05-20T00:00:00+00:00, run_after=2024-05-20T00:00:00+00:00
[2024-08-14 01:14:48,401] {processor.py:161} INFO - Processing /opt/airflow/dags/3-dependencies.py took 0.058 seconds
[2024-08-14 01:15:18,855] {processor.py:153} INFO - Started process (PID=44649) to work on /opt/airflow/dags/3-dependencies.py
[2024-08-14 01:15:18,855] {processor.py:641} INFO - Processing file /opt/airflow/dags/3-dependencies.py for tasks to queue
[2024-08-14 01:15:18,856] {logging_mixin.py:115} INFO - [2024-08-14 01:15:18,856] {dagbag.py:508} INFO - Filling up the DagBag from /opt/airflow/dags/3-dependencies.py
[2024-08-14 01:15:18,862] {processor.py:651} INFO - DAG(s) dict_keys(['dependencies']) retrieved from /opt/airflow/dags/3-dependencies.py
[2024-08-14 01:15:18,879] {logging_mixin.py:115} INFO - [2024-08-14 01:15:18,879] {dag.py:2420} INFO - Sync 1 DAGs
[2024-08-14 01:15:18,894] {logging_mixin.py:115} INFO - [2024-08-14 01:15:18,894] {dag.py:2972} INFO - Setting next_dagrun for dependencies to 2024-05-20T00:00:00+00:00, run_after=2024-05-20T00:00:00+00:00
[2024-08-14 01:15:18,903] {processor.py:161} INFO - Processing /opt/airflow/dags/3-dependencies.py took 0.050 seconds
[2024-08-14 01:15:49,380] {processor.py:153} INFO - Started process (PID=44687) to work on /opt/airflow/dags/3-dependencies.py
[2024-08-14 01:15:49,380] {processor.py:641} INFO - Processing file /opt/airflow/dags/3-dependencies.py for tasks to queue
[2024-08-14 01:15:49,381] {logging_mixin.py:115} INFO - [2024-08-14 01:15:49,381] {dagbag.py:508} INFO - Filling up the DagBag from /opt/airflow/dags/3-dependencies.py
[2024-08-14 01:15:49,389] {processor.py:651} INFO - DAG(s) dict_keys(['dependencies']) retrieved from /opt/airflow/dags/3-dependencies.py
[2024-08-14 01:15:49,406] {logging_mixin.py:115} INFO - [2024-08-14 01:15:49,406] {dag.py:2420} INFO - Sync 1 DAGs
[2024-08-14 01:15:49,421] {logging_mixin.py:115} INFO - [2024-08-14 01:15:49,421] {dag.py:2972} INFO - Setting next_dagrun for dependencies to 2024-05-20T00:00:00+00:00, run_after=2024-05-20T00:00:00+00:00
[2024-08-14 01:15:49,429] {processor.py:161} INFO - Processing /opt/airflow/dags/3-dependencies.py took 0.052 seconds
[2024-08-14 01:16:19,828] {processor.py:153} INFO - Started process (PID=44725) to work on /opt/airflow/dags/3-dependencies.py
[2024-08-14 01:16:19,828] {processor.py:641} INFO - Processing file /opt/airflow/dags/3-dependencies.py for tasks to queue
[2024-08-14 01:16:19,829] {logging_mixin.py:115} INFO - [2024-08-14 01:16:19,829] {dagbag.py:508} INFO - Filling up the DagBag from /opt/airflow/dags/3-dependencies.py
[2024-08-14 01:16:19,835] {processor.py:651} INFO - DAG(s) dict_keys(['dependencies']) retrieved from /opt/airflow/dags/3-dependencies.py
[2024-08-14 01:16:19,851] {logging_mixin.py:115} INFO - [2024-08-14 01:16:19,851] {dag.py:2420} INFO - Sync 1 DAGs
[2024-08-14 01:16:19,865] {logging_mixin.py:115} INFO - [2024-08-14 01:16:19,865] {dag.py:2972} INFO - Setting next_dagrun for dependencies to 2024-05-20T00:00:00+00:00, run_after=2024-05-20T00:00:00+00:00
[2024-08-14 01:16:19,874] {processor.py:161} INFO - Processing /opt/airflow/dags/3-dependencies.py took 0.048 seconds
[2024-08-14 01:16:50,269] {processor.py:153} INFO - Started process (PID=44764) to work on /opt/airflow/dags/3-dependencies.py
[2024-08-14 01:16:50,269] {processor.py:641} INFO - Processing file /opt/airflow/dags/3-dependencies.py for tasks to queue
[2024-08-14 01:16:50,270] {logging_mixin.py:115} INFO - [2024-08-14 01:16:50,270] {dagbag.py:508} INFO - Filling up the DagBag from /opt/airflow/dags/3-dependencies.py
[2024-08-14 01:16:50,277] {processor.py:651} INFO - DAG(s) dict_keys(['dependencies']) retrieved from /opt/airflow/dags/3-dependencies.py
[2024-08-14 01:16:50,297] {logging_mixin.py:115} INFO - [2024-08-14 01:16:50,296] {dag.py:2420} INFO - Sync 1 DAGs
[2024-08-14 01:16:50,312] {logging_mixin.py:115} INFO - [2024-08-14 01:16:50,312] {dag.py:2972} INFO - Setting next_dagrun for dependencies to 2024-05-20T00:00:00+00:00, run_after=2024-05-20T00:00:00+00:00
[2024-08-14 01:16:50,322] {processor.py:161} INFO - Processing /opt/airflow/dags/3-dependencies.py took 0.057 seconds
[2024-08-14 01:17:20,685] {processor.py:153} INFO - Started process (PID=44803) to work on /opt/airflow/dags/3-dependencies.py
[2024-08-14 01:17:20,686] {processor.py:641} INFO - Processing file /opt/airflow/dags/3-dependencies.py for tasks to queue
[2024-08-14 01:17:20,686] {logging_mixin.py:115} INFO - [2024-08-14 01:17:20,686] {dagbag.py:508} INFO - Filling up the DagBag from /opt/airflow/dags/3-dependencies.py
[2024-08-14 01:17:20,694] {processor.py:651} INFO - DAG(s) dict_keys(['dependencies']) retrieved from /opt/airflow/dags/3-dependencies.py
[2024-08-14 01:17:20,712] {logging_mixin.py:115} INFO - [2024-08-14 01:17:20,712] {dag.py:2420} INFO - Sync 1 DAGs
[2024-08-14 01:17:20,726] {logging_mixin.py:115} INFO - [2024-08-14 01:17:20,725] {dag.py:2972} INFO - Setting next_dagrun for dependencies to 2024-05-20T00:00:00+00:00, run_after=2024-05-20T00:00:00+00:00
[2024-08-14 01:17:20,733] {processor.py:161} INFO - Processing /opt/airflow/dags/3-dependencies.py took 0.051 seconds
[2024-08-14 01:17:51,138] {processor.py:153} INFO - Started process (PID=44842) to work on /opt/airflow/dags/3-dependencies.py
[2024-08-14 01:17:51,139] {processor.py:641} INFO - Processing file /opt/airflow/dags/3-dependencies.py for tasks to queue
[2024-08-14 01:17:51,140] {logging_mixin.py:115} INFO - [2024-08-14 01:17:51,140] {dagbag.py:508} INFO - Filling up the DagBag from /opt/airflow/dags/3-dependencies.py
[2024-08-14 01:17:51,150] {processor.py:651} INFO - DAG(s) dict_keys(['dependencies']) retrieved from /opt/airflow/dags/3-dependencies.py
[2024-08-14 01:17:51,172] {logging_mixin.py:115} INFO - [2024-08-14 01:17:51,172] {dag.py:2420} INFO - Sync 1 DAGs
[2024-08-14 01:17:51,190] {logging_mixin.py:115} INFO - [2024-08-14 01:17:51,190] {dag.py:2972} INFO - Setting next_dagrun for dependencies to 2024-05-20T00:00:00+00:00, run_after=2024-05-20T00:00:00+00:00
[2024-08-14 01:17:51,199] {processor.py:161} INFO - Processing /opt/airflow/dags/3-dependencies.py took 0.064 seconds
[2024-08-14 01:18:21,679] {processor.py:153} INFO - Started process (PID=44872) to work on /opt/airflow/dags/3-dependencies.py
[2024-08-14 01:18:21,679] {processor.py:641} INFO - Processing file /opt/airflow/dags/3-dependencies.py for tasks to queue
[2024-08-14 01:18:21,680] {logging_mixin.py:115} INFO - [2024-08-14 01:18:21,680] {dagbag.py:508} INFO - Filling up the DagBag from /opt/airflow/dags/3-dependencies.py
[2024-08-14 01:18:21,688] {processor.py:651} INFO - DAG(s) dict_keys(['dependencies']) retrieved from /opt/airflow/dags/3-dependencies.py
[2024-08-14 01:18:21,708] {logging_mixin.py:115} INFO - [2024-08-14 01:18:21,708] {dag.py:2420} INFO - Sync 1 DAGs
[2024-08-14 01:18:21,722] {logging_mixin.py:115} INFO - [2024-08-14 01:18:21,722] {dag.py:2972} INFO - Setting next_dagrun for dependencies to 2024-05-20T00:00:00+00:00, run_after=2024-05-20T00:00:00+00:00
[2024-08-14 01:18:21,730] {processor.py:161} INFO - Processing /opt/airflow/dags/3-dependencies.py took 0.053 seconds
[2024-08-14 01:18:52,161] {processor.py:153} INFO - Started process (PID=44911) to work on /opt/airflow/dags/3-dependencies.py
[2024-08-14 01:18:52,161] {processor.py:641} INFO - Processing file /opt/airflow/dags/3-dependencies.py for tasks to queue
[2024-08-14 01:18:52,161] {logging_mixin.py:115} INFO - [2024-08-14 01:18:52,161] {dagbag.py:508} INFO - Filling up the DagBag from /opt/airflow/dags/3-dependencies.py
[2024-08-14 01:18:52,167] {processor.py:651} INFO - DAG(s) dict_keys(['dependencies']) retrieved from /opt/airflow/dags/3-dependencies.py
[2024-08-14 01:18:52,184] {logging_mixin.py:115} INFO - [2024-08-14 01:18:52,183] {dag.py:2420} INFO - Sync 1 DAGs
[2024-08-14 01:18:52,197] {logging_mixin.py:115} INFO - [2024-08-14 01:18:52,197] {dag.py:2972} INFO - Setting next_dagrun for dependencies to 2024-05-20T00:00:00+00:00, run_after=2024-05-20T00:00:00+00:00
[2024-08-14 01:18:52,207] {processor.py:161} INFO - Processing /opt/airflow/dags/3-dependencies.py took 0.049 seconds
[2024-08-14 01:19:22,628] {processor.py:153} INFO - Started process (PID=44950) to work on /opt/airflow/dags/3-dependencies.py
[2024-08-14 01:19:22,628] {processor.py:641} INFO - Processing file /opt/airflow/dags/3-dependencies.py for tasks to queue
[2024-08-14 01:19:22,628] {logging_mixin.py:115} INFO - [2024-08-14 01:19:22,628] {dagbag.py:508} INFO - Filling up the DagBag from /opt/airflow/dags/3-dependencies.py
[2024-08-14 01:19:22,634] {processor.py:651} INFO - DAG(s) dict_keys(['dependencies']) retrieved from /opt/airflow/dags/3-dependencies.py
[2024-08-14 01:19:22,654] {logging_mixin.py:115} INFO - [2024-08-14 01:19:22,654] {dag.py:2420} INFO - Sync 1 DAGs
[2024-08-14 01:19:22,669] {logging_mixin.py:115} INFO - [2024-08-14 01:19:22,669] {dag.py:2972} INFO - Setting next_dagrun for dependencies to 2024-05-20T00:00:00+00:00, run_after=2024-05-20T00:00:00+00:00
[2024-08-14 01:19:22,678] {processor.py:161} INFO - Processing /opt/airflow/dags/3-dependencies.py took 0.053 seconds
[2024-08-14 01:19:53,149] {processor.py:153} INFO - Started process (PID=44989) to work on /opt/airflow/dags/3-dependencies.py
[2024-08-14 01:19:53,149] {processor.py:641} INFO - Processing file /opt/airflow/dags/3-dependencies.py for tasks to queue
[2024-08-14 01:19:53,150] {logging_mixin.py:115} INFO - [2024-08-14 01:19:53,150] {dagbag.py:508} INFO - Filling up the DagBag from /opt/airflow/dags/3-dependencies.py
[2024-08-14 01:19:53,156] {processor.py:651} INFO - DAG(s) dict_keys(['dependencies']) retrieved from /opt/airflow/dags/3-dependencies.py
[2024-08-14 01:19:53,172] {logging_mixin.py:115} INFO - [2024-08-14 01:19:53,172] {dag.py:2420} INFO - Sync 1 DAGs
[2024-08-14 01:19:53,186] {logging_mixin.py:115} INFO - [2024-08-14 01:19:53,186] {dag.py:2972} INFO - Setting next_dagrun for dependencies to 2024-05-20T00:00:00+00:00, run_after=2024-05-20T00:00:00+00:00
[2024-08-14 01:19:53,194] {processor.py:161} INFO - Processing /opt/airflow/dags/3-dependencies.py took 0.047 seconds
[2024-08-14 01:20:23,595] {processor.py:153} INFO - Started process (PID=45028) to work on /opt/airflow/dags/3-dependencies.py
[2024-08-14 01:20:23,595] {processor.py:641} INFO - Processing file /opt/airflow/dags/3-dependencies.py for tasks to queue
[2024-08-14 01:20:23,596] {logging_mixin.py:115} INFO - [2024-08-14 01:20:23,596] {dagbag.py:508} INFO - Filling up the DagBag from /opt/airflow/dags/3-dependencies.py
[2024-08-14 01:20:23,602] {processor.py:651} INFO - DAG(s) dict_keys(['dependencies']) retrieved from /opt/airflow/dags/3-dependencies.py
[2024-08-14 01:20:23,619] {logging_mixin.py:115} INFO - [2024-08-14 01:20:23,619] {dag.py:2420} INFO - Sync 1 DAGs
[2024-08-14 01:20:23,632] {logging_mixin.py:115} INFO - [2024-08-14 01:20:23,632] {dag.py:2972} INFO - Setting next_dagrun for dependencies to 2024-05-20T00:00:00+00:00, run_after=2024-05-20T00:00:00+00:00
[2024-08-14 01:20:23,640] {processor.py:161} INFO - Processing /opt/airflow/dags/3-dependencies.py took 0.047 seconds
[2024-08-14 01:20:54,032] {processor.py:153} INFO - Started process (PID=45058) to work on /opt/airflow/dags/3-dependencies.py
[2024-08-14 01:20:54,033] {processor.py:641} INFO - Processing file /opt/airflow/dags/3-dependencies.py for tasks to queue
[2024-08-14 01:20:54,033] {logging_mixin.py:115} INFO - [2024-08-14 01:20:54,033] {dagbag.py:508} INFO - Filling up the DagBag from /opt/airflow/dags/3-dependencies.py
[2024-08-14 01:20:54,039] {processor.py:651} INFO - DAG(s) dict_keys(['dependencies']) retrieved from /opt/airflow/dags/3-dependencies.py
[2024-08-14 01:20:54,054] {logging_mixin.py:115} INFO - [2024-08-14 01:20:54,054] {dag.py:2420} INFO - Sync 1 DAGs
[2024-08-14 01:20:54,067] {logging_mixin.py:115} INFO - [2024-08-14 01:20:54,067] {dag.py:2972} INFO - Setting next_dagrun for dependencies to 2024-05-20T00:00:00+00:00, run_after=2024-05-20T00:00:00+00:00
[2024-08-14 01:20:54,074] {processor.py:161} INFO - Processing /opt/airflow/dags/3-dependencies.py took 0.044 seconds
[2024-08-14 01:21:24,538] {processor.py:153} INFO - Started process (PID=45097) to work on /opt/airflow/dags/3-dependencies.py
[2024-08-14 01:21:24,538] {processor.py:641} INFO - Processing file /opt/airflow/dags/3-dependencies.py for tasks to queue
[2024-08-14 01:21:24,539] {logging_mixin.py:115} INFO - [2024-08-14 01:21:24,539] {dagbag.py:508} INFO - Filling up the DagBag from /opt/airflow/dags/3-dependencies.py
[2024-08-14 01:21:24,545] {processor.py:651} INFO - DAG(s) dict_keys(['dependencies']) retrieved from /opt/airflow/dags/3-dependencies.py
[2024-08-14 01:21:24,566] {logging_mixin.py:115} INFO - [2024-08-14 01:21:24,565] {dag.py:2420} INFO - Sync 1 DAGs
[2024-08-14 01:21:24,581] {logging_mixin.py:115} INFO - [2024-08-14 01:21:24,581] {dag.py:2972} INFO - Setting next_dagrun for dependencies to 2024-05-20T00:00:00+00:00, run_after=2024-05-20T00:00:00+00:00
[2024-08-14 01:21:24,591] {processor.py:161} INFO - Processing /opt/airflow/dags/3-dependencies.py took 0.055 seconds
[2024-08-14 01:21:55,060] {processor.py:153} INFO - Started process (PID=45136) to work on /opt/airflow/dags/3-dependencies.py
[2024-08-14 01:21:55,060] {processor.py:641} INFO - Processing file /opt/airflow/dags/3-dependencies.py for tasks to queue
[2024-08-14 01:21:55,060] {logging_mixin.py:115} INFO - [2024-08-14 01:21:55,060] {dagbag.py:508} INFO - Filling up the DagBag from /opt/airflow/dags/3-dependencies.py
[2024-08-14 01:21:55,066] {processor.py:651} INFO - DAG(s) dict_keys(['dependencies']) retrieved from /opt/airflow/dags/3-dependencies.py
[2024-08-14 01:21:55,085] {logging_mixin.py:115} INFO - [2024-08-14 01:21:55,085] {dag.py:2420} INFO - Sync 1 DAGs
[2024-08-14 01:21:55,099] {logging_mixin.py:115} INFO - [2024-08-14 01:21:55,099] {dag.py:2972} INFO - Setting next_dagrun for dependencies to 2024-05-20T00:00:00+00:00, run_after=2024-05-20T00:00:00+00:00
[2024-08-14 01:21:55,107] {processor.py:161} INFO - Processing /opt/airflow/dags/3-dependencies.py took 0.050 seconds
[2024-08-14 01:22:25,519] {processor.py:153} INFO - Started process (PID=45175) to work on /opt/airflow/dags/3-dependencies.py
[2024-08-14 01:22:25,520] {processor.py:641} INFO - Processing file /opt/airflow/dags/3-dependencies.py for tasks to queue
[2024-08-14 01:22:25,520] {logging_mixin.py:115} INFO - [2024-08-14 01:22:25,520] {dagbag.py:508} INFO - Filling up the DagBag from /opt/airflow/dags/3-dependencies.py
[2024-08-14 01:22:25,527] {processor.py:651} INFO - DAG(s) dict_keys(['dependencies']) retrieved from /opt/airflow/dags/3-dependencies.py
[2024-08-14 01:22:25,549] {logging_mixin.py:115} INFO - [2024-08-14 01:22:25,549] {dag.py:2420} INFO - Sync 1 DAGs
[2024-08-14 01:22:25,564] {logging_mixin.py:115} INFO - [2024-08-14 01:22:25,564] {dag.py:2972} INFO - Setting next_dagrun for dependencies to 2024-05-20T00:00:00+00:00, run_after=2024-05-20T00:00:00+00:00
[2024-08-14 01:22:25,574] {processor.py:161} INFO - Processing /opt/airflow/dags/3-dependencies.py took 0.058 seconds
[2024-08-14 01:22:55,985] {processor.py:153} INFO - Started process (PID=45214) to work on /opt/airflow/dags/3-dependencies.py
[2024-08-14 01:22:55,985] {processor.py:641} INFO - Processing file /opt/airflow/dags/3-dependencies.py for tasks to queue
[2024-08-14 01:22:55,986] {logging_mixin.py:115} INFO - [2024-08-14 01:22:55,986] {dagbag.py:508} INFO - Filling up the DagBag from /opt/airflow/dags/3-dependencies.py
[2024-08-14 01:22:55,992] {processor.py:651} INFO - DAG(s) dict_keys(['dependencies']) retrieved from /opt/airflow/dags/3-dependencies.py
[2024-08-14 01:22:56,009] {logging_mixin.py:115} INFO - [2024-08-14 01:22:56,009] {dag.py:2420} INFO - Sync 1 DAGs
[2024-08-14 01:22:56,026] {logging_mixin.py:115} INFO - [2024-08-14 01:22:56,026] {dag.py:2972} INFO - Setting next_dagrun for dependencies to 2024-05-20T00:00:00+00:00, run_after=2024-05-20T00:00:00+00:00
[2024-08-14 01:22:56,035] {processor.py:161} INFO - Processing /opt/airflow/dags/3-dependencies.py took 0.052 seconds
[2024-08-14 01:23:26,480] {processor.py:153} INFO - Started process (PID=45252) to work on /opt/airflow/dags/3-dependencies.py
[2024-08-14 01:23:26,480] {processor.py:641} INFO - Processing file /opt/airflow/dags/3-dependencies.py for tasks to queue
[2024-08-14 01:23:26,480] {logging_mixin.py:115} INFO - [2024-08-14 01:23:26,480] {dagbag.py:508} INFO - Filling up the DagBag from /opt/airflow/dags/3-dependencies.py
[2024-08-14 01:23:26,486] {processor.py:651} INFO - DAG(s) dict_keys(['dependencies']) retrieved from /opt/airflow/dags/3-dependencies.py
[2024-08-14 01:23:26,506] {logging_mixin.py:115} INFO - [2024-08-14 01:23:26,506] {dag.py:2420} INFO - Sync 1 DAGs
[2024-08-14 01:23:26,521] {logging_mixin.py:115} INFO - [2024-08-14 01:23:26,521] {dag.py:2972} INFO - Setting next_dagrun for dependencies to 2024-05-20T00:00:00+00:00, run_after=2024-05-20T00:00:00+00:00
[2024-08-14 01:23:26,529] {processor.py:161} INFO - Processing /opt/airflow/dags/3-dependencies.py took 0.052 seconds
[2024-08-14 01:23:56,930] {processor.py:153} INFO - Started process (PID=45282) to work on /opt/airflow/dags/3-dependencies.py
[2024-08-14 01:23:56,931] {processor.py:641} INFO - Processing file /opt/airflow/dags/3-dependencies.py for tasks to queue
[2024-08-14 01:23:56,931] {logging_mixin.py:115} INFO - [2024-08-14 01:23:56,931] {dagbag.py:508} INFO - Filling up the DagBag from /opt/airflow/dags/3-dependencies.py
[2024-08-14 01:23:56,937] {processor.py:651} INFO - DAG(s) dict_keys(['dependencies']) retrieved from /opt/airflow/dags/3-dependencies.py
[2024-08-14 01:23:56,953] {logging_mixin.py:115} INFO - [2024-08-14 01:23:56,953] {dag.py:2420} INFO - Sync 1 DAGs
[2024-08-14 01:23:56,967] {logging_mixin.py:115} INFO - [2024-08-14 01:23:56,967] {dag.py:2972} INFO - Setting next_dagrun for dependencies to 2024-05-20T00:00:00+00:00, run_after=2024-05-20T00:00:00+00:00
[2024-08-14 01:23:56,980] {processor.py:161} INFO - Processing /opt/airflow/dags/3-dependencies.py took 0.052 seconds
[2024-08-14 01:24:27,433] {processor.py:153} INFO - Started process (PID=45320) to work on /opt/airflow/dags/3-dependencies.py
[2024-08-14 01:24:27,433] {processor.py:641} INFO - Processing file /opt/airflow/dags/3-dependencies.py for tasks to queue
[2024-08-14 01:24:27,434] {logging_mixin.py:115} INFO - [2024-08-14 01:24:27,434] {dagbag.py:508} INFO - Filling up the DagBag from /opt/airflow/dags/3-dependencies.py
[2024-08-14 01:24:27,440] {processor.py:651} INFO - DAG(s) dict_keys(['dependencies']) retrieved from /opt/airflow/dags/3-dependencies.py
[2024-08-14 01:24:27,456] {logging_mixin.py:115} INFO - [2024-08-14 01:24:27,456] {dag.py:2420} INFO - Sync 1 DAGs
[2024-08-14 01:24:27,469] {logging_mixin.py:115} INFO - [2024-08-14 01:24:27,469] {dag.py:2972} INFO - Setting next_dagrun for dependencies to 2024-05-20T00:00:00+00:00, run_after=2024-05-20T00:00:00+00:00
[2024-08-14 01:24:27,477] {processor.py:161} INFO - Processing /opt/airflow/dags/3-dependencies.py took 0.046 seconds
[2024-08-14 01:24:57,917] {processor.py:153} INFO - Started process (PID=45359) to work on /opt/airflow/dags/3-dependencies.py
[2024-08-14 01:24:57,918] {processor.py:641} INFO - Processing file /opt/airflow/dags/3-dependencies.py for tasks to queue
[2024-08-14 01:24:57,918] {logging_mixin.py:115} INFO - [2024-08-14 01:24:57,918] {dagbag.py:508} INFO - Filling up the DagBag from /opt/airflow/dags/3-dependencies.py
[2024-08-14 01:24:57,924] {processor.py:651} INFO - DAG(s) dict_keys(['dependencies']) retrieved from /opt/airflow/dags/3-dependencies.py
[2024-08-14 01:24:57,940] {logging_mixin.py:115} INFO - [2024-08-14 01:24:57,940] {dag.py:2420} INFO - Sync 1 DAGs
[2024-08-14 01:24:57,954] {logging_mixin.py:115} INFO - [2024-08-14 01:24:57,953] {dag.py:2972} INFO - Setting next_dagrun for dependencies to 2024-05-20T00:00:00+00:00, run_after=2024-05-20T00:00:00+00:00
[2024-08-14 01:24:57,962] {processor.py:161} INFO - Processing /opt/airflow/dags/3-dependencies.py took 0.047 seconds
[2024-08-14 01:25:28,342] {processor.py:153} INFO - Started process (PID=45398) to work on /opt/airflow/dags/3-dependencies.py
[2024-08-14 01:25:28,343] {processor.py:641} INFO - Processing file /opt/airflow/dags/3-dependencies.py for tasks to queue
[2024-08-14 01:25:28,343] {logging_mixin.py:115} INFO - [2024-08-14 01:25:28,343] {dagbag.py:508} INFO - Filling up the DagBag from /opt/airflow/dags/3-dependencies.py
[2024-08-14 01:25:28,349] {processor.py:651} INFO - DAG(s) dict_keys(['dependencies']) retrieved from /opt/airflow/dags/3-dependencies.py
[2024-08-14 01:25:28,366] {logging_mixin.py:115} INFO - [2024-08-14 01:25:28,366] {dag.py:2420} INFO - Sync 1 DAGs
[2024-08-14 01:25:28,379] {logging_mixin.py:115} INFO - [2024-08-14 01:25:28,379] {dag.py:2972} INFO - Setting next_dagrun for dependencies to 2024-05-20T00:00:00+00:00, run_after=2024-05-20T00:00:00+00:00
[2024-08-14 01:25:28,387] {processor.py:161} INFO - Processing /opt/airflow/dags/3-dependencies.py took 0.047 seconds
[2024-08-14 01:25:58,741] {processor.py:153} INFO - Started process (PID=45437) to work on /opt/airflow/dags/3-dependencies.py
[2024-08-14 01:25:58,741] {processor.py:641} INFO - Processing file /opt/airflow/dags/3-dependencies.py for tasks to queue
[2024-08-14 01:25:58,742] {logging_mixin.py:115} INFO - [2024-08-14 01:25:58,742] {dagbag.py:508} INFO - Filling up the DagBag from /opt/airflow/dags/3-dependencies.py
[2024-08-14 01:25:58,751] {processor.py:651} INFO - DAG(s) dict_keys(['dependencies']) retrieved from /opt/airflow/dags/3-dependencies.py
[2024-08-14 01:25:58,769] {logging_mixin.py:115} INFO - [2024-08-14 01:25:58,769] {dag.py:2420} INFO - Sync 1 DAGs
[2024-08-14 01:25:58,782] {logging_mixin.py:115} INFO - [2024-08-14 01:25:58,782] {dag.py:2972} INFO - Setting next_dagrun for dependencies to 2024-05-20T00:00:00+00:00, run_after=2024-05-20T00:00:00+00:00
[2024-08-14 01:25:58,790] {processor.py:161} INFO - Processing /opt/airflow/dags/3-dependencies.py took 0.052 seconds
[2024-08-14 01:26:29,183] {processor.py:153} INFO - Started process (PID=45466) to work on /opt/airflow/dags/3-dependencies.py
[2024-08-14 01:26:29,183] {processor.py:641} INFO - Processing file /opt/airflow/dags/3-dependencies.py for tasks to queue
[2024-08-14 01:26:29,184] {logging_mixin.py:115} INFO - [2024-08-14 01:26:29,183] {dagbag.py:508} INFO - Filling up the DagBag from /opt/airflow/dags/3-dependencies.py
[2024-08-14 01:26:29,190] {processor.py:651} INFO - DAG(s) dict_keys(['dependencies']) retrieved from /opt/airflow/dags/3-dependencies.py
[2024-08-14 01:26:29,207] {logging_mixin.py:115} INFO - [2024-08-14 01:26:29,207] {dag.py:2420} INFO - Sync 1 DAGs
[2024-08-14 01:26:29,225] {logging_mixin.py:115} INFO - [2024-08-14 01:26:29,225] {dag.py:2972} INFO - Setting next_dagrun for dependencies to 2024-05-20T00:00:00+00:00, run_after=2024-05-20T00:00:00+00:00
[2024-08-14 01:26:29,234] {processor.py:161} INFO - Processing /opt/airflow/dags/3-dependencies.py took 0.054 seconds
[2024-08-14 01:26:59,679] {processor.py:153} INFO - Started process (PID=45503) to work on /opt/airflow/dags/3-dependencies.py
[2024-08-14 01:26:59,679] {processor.py:641} INFO - Processing file /opt/airflow/dags/3-dependencies.py for tasks to queue
[2024-08-14 01:26:59,680] {logging_mixin.py:115} INFO - [2024-08-14 01:26:59,679] {dagbag.py:508} INFO - Filling up the DagBag from /opt/airflow/dags/3-dependencies.py
[2024-08-14 01:26:59,687] {processor.py:651} INFO - DAG(s) dict_keys(['dependencies']) retrieved from /opt/airflow/dags/3-dependencies.py
[2024-08-14 01:26:59,703] {logging_mixin.py:115} INFO - [2024-08-14 01:26:59,703] {dag.py:2420} INFO - Sync 1 DAGs
[2024-08-14 01:26:59,716] {logging_mixin.py:115} INFO - [2024-08-14 01:26:59,716] {dag.py:2972} INFO - Setting next_dagrun for dependencies to 2024-05-20T00:00:00+00:00, run_after=2024-05-20T00:00:00+00:00
[2024-08-14 01:26:59,724] {processor.py:161} INFO - Processing /opt/airflow/dags/3-dependencies.py took 0.048 seconds
[2024-08-14 01:27:30,118] {processor.py:153} INFO - Started process (PID=45542) to work on /opt/airflow/dags/3-dependencies.py
[2024-08-14 01:27:30,118] {processor.py:641} INFO - Processing file /opt/airflow/dags/3-dependencies.py for tasks to queue
[2024-08-14 01:27:30,119] {logging_mixin.py:115} INFO - [2024-08-14 01:27:30,119] {dagbag.py:508} INFO - Filling up the DagBag from /opt/airflow/dags/3-dependencies.py
[2024-08-14 01:27:30,125] {processor.py:651} INFO - DAG(s) dict_keys(['dependencies']) retrieved from /opt/airflow/dags/3-dependencies.py
[2024-08-14 01:27:30,142] {logging_mixin.py:115} INFO - [2024-08-14 01:27:30,142] {dag.py:2420} INFO - Sync 1 DAGs
[2024-08-14 01:27:30,156] {logging_mixin.py:115} INFO - [2024-08-14 01:27:30,156] {dag.py:2972} INFO - Setting next_dagrun for dependencies to 2024-05-20T00:00:00+00:00, run_after=2024-05-20T00:00:00+00:00
[2024-08-14 01:27:30,164] {processor.py:161} INFO - Processing /opt/airflow/dags/3-dependencies.py took 0.048 seconds
[2024-08-14 01:28:00,625] {processor.py:153} INFO - Started process (PID=45580) to work on /opt/airflow/dags/3-dependencies.py
[2024-08-14 01:28:00,625] {processor.py:641} INFO - Processing file /opt/airflow/dags/3-dependencies.py for tasks to queue
[2024-08-14 01:28:00,626] {logging_mixin.py:115} INFO - [2024-08-14 01:28:00,626] {dagbag.py:508} INFO - Filling up the DagBag from /opt/airflow/dags/3-dependencies.py
[2024-08-14 01:28:00,636] {processor.py:651} INFO - DAG(s) dict_keys(['dependencies']) retrieved from /opt/airflow/dags/3-dependencies.py
[2024-08-14 01:28:00,659] {logging_mixin.py:115} INFO - [2024-08-14 01:28:00,659] {dag.py:2420} INFO - Sync 1 DAGs
[2024-08-14 01:28:00,675] {logging_mixin.py:115} INFO - [2024-08-14 01:28:00,675] {dag.py:2972} INFO - Setting next_dagrun for dependencies to 2024-05-20T00:00:00+00:00, run_after=2024-05-20T00:00:00+00:00
[2024-08-14 01:28:00,686] {processor.py:161} INFO - Processing /opt/airflow/dags/3-dependencies.py took 0.063 seconds
[2024-08-14 01:28:31,177] {processor.py:153} INFO - Started process (PID=45619) to work on /opt/airflow/dags/3-dependencies.py
[2024-08-14 01:28:31,177] {processor.py:641} INFO - Processing file /opt/airflow/dags/3-dependencies.py for tasks to queue
[2024-08-14 01:28:31,178] {logging_mixin.py:115} INFO - [2024-08-14 01:28:31,177] {dagbag.py:508} INFO - Filling up the DagBag from /opt/airflow/dags/3-dependencies.py
[2024-08-14 01:28:31,184] {processor.py:651} INFO - DAG(s) dict_keys(['dependencies']) retrieved from /opt/airflow/dags/3-dependencies.py
[2024-08-14 01:28:31,199] {logging_mixin.py:115} INFO - [2024-08-14 01:28:31,199] {dag.py:2420} INFO - Sync 1 DAGs
[2024-08-14 01:28:31,213] {logging_mixin.py:115} INFO - [2024-08-14 01:28:31,213] {dag.py:2972} INFO - Setting next_dagrun for dependencies to 2024-05-20T00:00:00+00:00, run_after=2024-05-20T00:00:00+00:00
[2024-08-14 01:28:31,220] {processor.py:161} INFO - Processing /opt/airflow/dags/3-dependencies.py took 0.046 seconds
[2024-08-14 01:29:01,617] {processor.py:153} INFO - Started process (PID=45658) to work on /opt/airflow/dags/3-dependencies.py
[2024-08-14 01:29:01,617] {processor.py:641} INFO - Processing file /opt/airflow/dags/3-dependencies.py for tasks to queue
[2024-08-14 01:29:01,618] {logging_mixin.py:115} INFO - [2024-08-14 01:29:01,618] {dagbag.py:508} INFO - Filling up the DagBag from /opt/airflow/dags/3-dependencies.py
[2024-08-14 01:29:01,623] {processor.py:651} INFO - DAG(s) dict_keys(['dependencies']) retrieved from /opt/airflow/dags/3-dependencies.py
[2024-08-14 01:29:01,641] {logging_mixin.py:115} INFO - [2024-08-14 01:29:01,641] {dag.py:2420} INFO - Sync 1 DAGs
[2024-08-14 01:29:01,658] {logging_mixin.py:115} INFO - [2024-08-14 01:29:01,658] {dag.py:2972} INFO - Setting next_dagrun for dependencies to 2024-05-20T00:00:00+00:00, run_after=2024-05-20T00:00:00+00:00
[2024-08-14 01:29:01,668] {processor.py:161} INFO - Processing /opt/airflow/dags/3-dependencies.py took 0.053 seconds
[2024-08-14 01:29:32,181] {processor.py:153} INFO - Started process (PID=45688) to work on /opt/airflow/dags/3-dependencies.py
[2024-08-14 01:29:32,182] {processor.py:641} INFO - Processing file /opt/airflow/dags/3-dependencies.py for tasks to queue
[2024-08-14 01:29:32,182] {logging_mixin.py:115} INFO - [2024-08-14 01:29:32,182] {dagbag.py:508} INFO - Filling up the DagBag from /opt/airflow/dags/3-dependencies.py
[2024-08-14 01:29:32,188] {processor.py:651} INFO - DAG(s) dict_keys(['dependencies']) retrieved from /opt/airflow/dags/3-dependencies.py
[2024-08-14 01:29:32,204] {logging_mixin.py:115} INFO - [2024-08-14 01:29:32,204] {dag.py:2420} INFO - Sync 1 DAGs
[2024-08-14 01:29:32,219] {logging_mixin.py:115} INFO - [2024-08-14 01:29:32,218] {dag.py:2972} INFO - Setting next_dagrun for dependencies to 2024-05-20T00:00:00+00:00, run_after=2024-05-20T00:00:00+00:00
[2024-08-14 01:29:32,227] {processor.py:161} INFO - Processing /opt/airflow/dags/3-dependencies.py took 0.048 seconds
[2024-08-14 01:30:02,675] {processor.py:153} INFO - Started process (PID=45727) to work on /opt/airflow/dags/3-dependencies.py
[2024-08-14 01:30:02,676] {processor.py:641} INFO - Processing file /opt/airflow/dags/3-dependencies.py for tasks to queue
[2024-08-14 01:30:02,677] {logging_mixin.py:115} INFO - [2024-08-14 01:30:02,676] {dagbag.py:508} INFO - Filling up the DagBag from /opt/airflow/dags/3-dependencies.py
[2024-08-14 01:30:02,684] {processor.py:651} INFO - DAG(s) dict_keys(['dependencies']) retrieved from /opt/airflow/dags/3-dependencies.py
[2024-08-14 01:30:02,701] {logging_mixin.py:115} INFO - [2024-08-14 01:30:02,701] {dag.py:2420} INFO - Sync 1 DAGs
[2024-08-14 01:30:02,715] {logging_mixin.py:115} INFO - [2024-08-14 01:30:02,715] {dag.py:2972} INFO - Setting next_dagrun for dependencies to 2024-05-20T00:00:00+00:00, run_after=2024-05-20T00:00:00+00:00
[2024-08-14 01:30:02,724] {processor.py:161} INFO - Processing /opt/airflow/dags/3-dependencies.py took 0.051 seconds
[2024-08-14 01:30:33,129] {processor.py:153} INFO - Started process (PID=45766) to work on /opt/airflow/dags/3-dependencies.py
[2024-08-14 01:30:33,129] {processor.py:641} INFO - Processing file /opt/airflow/dags/3-dependencies.py for tasks to queue
[2024-08-14 01:30:33,130] {logging_mixin.py:115} INFO - [2024-08-14 01:30:33,130] {dagbag.py:508} INFO - Filling up the DagBag from /opt/airflow/dags/3-dependencies.py
[2024-08-14 01:30:33,138] {processor.py:651} INFO - DAG(s) dict_keys(['dependencies']) retrieved from /opt/airflow/dags/3-dependencies.py
[2024-08-14 01:30:33,158] {logging_mixin.py:115} INFO - [2024-08-14 01:30:33,157] {dag.py:2420} INFO - Sync 1 DAGs
[2024-08-14 01:30:33,172] {logging_mixin.py:115} INFO - [2024-08-14 01:30:33,172] {dag.py:2972} INFO - Setting next_dagrun for dependencies to 2024-05-20T00:00:00+00:00, run_after=2024-05-20T00:00:00+00:00
[2024-08-14 01:30:33,182] {processor.py:161} INFO - Processing /opt/airflow/dags/3-dependencies.py took 0.058 seconds
[2024-08-14 01:31:03,660] {processor.py:153} INFO - Started process (PID=45804) to work on /opt/airflow/dags/3-dependencies.py
[2024-08-14 01:31:03,660] {processor.py:641} INFO - Processing file /opt/airflow/dags/3-dependencies.py for tasks to queue
[2024-08-14 01:31:03,660] {logging_mixin.py:115} INFO - [2024-08-14 01:31:03,660] {dagbag.py:508} INFO - Filling up the DagBag from /opt/airflow/dags/3-dependencies.py
[2024-08-14 01:31:03,666] {processor.py:651} INFO - DAG(s) dict_keys(['dependencies']) retrieved from /opt/airflow/dags/3-dependencies.py
[2024-08-14 01:31:03,683] {logging_mixin.py:115} INFO - [2024-08-14 01:31:03,683] {dag.py:2420} INFO - Sync 1 DAGs
[2024-08-14 01:31:03,696] {logging_mixin.py:115} INFO - [2024-08-14 01:31:03,696] {dag.py:2972} INFO - Setting next_dagrun for dependencies to 2024-05-20T00:00:00+00:00, run_after=2024-05-20T00:00:00+00:00
[2024-08-14 01:31:03,704] {processor.py:161} INFO - Processing /opt/airflow/dags/3-dependencies.py took 0.047 seconds
[2024-08-14 01:31:34,156] {processor.py:153} INFO - Started process (PID=45842) to work on /opt/airflow/dags/3-dependencies.py
[2024-08-14 01:31:34,156] {processor.py:641} INFO - Processing file /opt/airflow/dags/3-dependencies.py for tasks to queue
[2024-08-14 01:31:34,157] {logging_mixin.py:115} INFO - [2024-08-14 01:31:34,156] {dagbag.py:508} INFO - Filling up the DagBag from /opt/airflow/dags/3-dependencies.py
[2024-08-14 01:31:34,163] {processor.py:651} INFO - DAG(s) dict_keys(['dependencies']) retrieved from /opt/airflow/dags/3-dependencies.py
[2024-08-14 01:31:34,178] {logging_mixin.py:115} INFO - [2024-08-14 01:31:34,178] {dag.py:2420} INFO - Sync 1 DAGs
[2024-08-14 01:31:34,191] {logging_mixin.py:115} INFO - [2024-08-14 01:31:34,191] {dag.py:2972} INFO - Setting next_dagrun for dependencies to 2024-05-20T00:00:00+00:00, run_after=2024-05-20T00:00:00+00:00
[2024-08-14 01:31:34,199] {processor.py:161} INFO - Processing /opt/airflow/dags/3-dependencies.py took 0.045 seconds
[2024-08-14 01:32:04,642] {processor.py:153} INFO - Started process (PID=45872) to work on /opt/airflow/dags/3-dependencies.py
[2024-08-14 01:32:04,642] {processor.py:641} INFO - Processing file /opt/airflow/dags/3-dependencies.py for tasks to queue
[2024-08-14 01:32:04,642] {logging_mixin.py:115} INFO - [2024-08-14 01:32:04,642] {dagbag.py:508} INFO - Filling up the DagBag from /opt/airflow/dags/3-dependencies.py
[2024-08-14 01:32:04,648] {processor.py:651} INFO - DAG(s) dict_keys(['dependencies']) retrieved from /opt/airflow/dags/3-dependencies.py
[2024-08-14 01:32:04,665] {logging_mixin.py:115} INFO - [2024-08-14 01:32:04,664] {dag.py:2420} INFO - Sync 1 DAGs
[2024-08-14 01:32:04,679] {logging_mixin.py:115} INFO - [2024-08-14 01:32:04,679] {dag.py:2972} INFO - Setting next_dagrun for dependencies to 2024-05-20T00:00:00+00:00, run_after=2024-05-20T00:00:00+00:00
[2024-08-14 01:32:04,688] {processor.py:161} INFO - Processing /opt/airflow/dags/3-dependencies.py took 0.049 seconds
[2024-08-14 01:32:35,063] {processor.py:153} INFO - Started process (PID=45911) to work on /opt/airflow/dags/3-dependencies.py
[2024-08-14 01:32:35,063] {processor.py:641} INFO - Processing file /opt/airflow/dags/3-dependencies.py for tasks to queue
[2024-08-14 01:32:35,064] {logging_mixin.py:115} INFO - [2024-08-14 01:32:35,064] {dagbag.py:508} INFO - Filling up the DagBag from /opt/airflow/dags/3-dependencies.py
[2024-08-14 01:32:35,070] {processor.py:651} INFO - DAG(s) dict_keys(['dependencies']) retrieved from /opt/airflow/dags/3-dependencies.py
[2024-08-14 01:32:35,086] {logging_mixin.py:115} INFO - [2024-08-14 01:32:35,086] {dag.py:2420} INFO - Sync 1 DAGs
[2024-08-14 01:32:35,100] {logging_mixin.py:115} INFO - [2024-08-14 01:32:35,099] {dag.py:2972} INFO - Setting next_dagrun for dependencies to 2024-05-20T00:00:00+00:00, run_after=2024-05-20T00:00:00+00:00
[2024-08-14 01:32:35,107] {processor.py:161} INFO - Processing /opt/airflow/dags/3-dependencies.py took 0.047 seconds
[2024-08-14 01:33:05,553] {processor.py:153} INFO - Started process (PID=45950) to work on /opt/airflow/dags/3-dependencies.py
[2024-08-14 01:33:05,555] {processor.py:641} INFO - Processing file /opt/airflow/dags/3-dependencies.py for tasks to queue
[2024-08-14 01:33:05,556] {logging_mixin.py:115} INFO - [2024-08-14 01:33:05,556] {dagbag.py:508} INFO - Filling up the DagBag from /opt/airflow/dags/3-dependencies.py
[2024-08-14 01:33:05,563] {processor.py:651} INFO - DAG(s) dict_keys(['dependencies']) retrieved from /opt/airflow/dags/3-dependencies.py
[2024-08-14 01:33:05,579] {logging_mixin.py:115} INFO - [2024-08-14 01:33:05,579] {dag.py:2420} INFO - Sync 1 DAGs
[2024-08-14 01:33:05,593] {logging_mixin.py:115} INFO - [2024-08-14 01:33:05,593] {dag.py:2972} INFO - Setting next_dagrun for dependencies to 2024-05-20T00:00:00+00:00, run_after=2024-05-20T00:00:00+00:00
[2024-08-14 01:33:05,602] {processor.py:161} INFO - Processing /opt/airflow/dags/3-dependencies.py took 0.051 seconds
[2024-08-14 01:33:35,997] {processor.py:153} INFO - Started process (PID=45988) to work on /opt/airflow/dags/3-dependencies.py
[2024-08-14 01:33:35,998] {processor.py:641} INFO - Processing file /opt/airflow/dags/3-dependencies.py for tasks to queue
[2024-08-14 01:33:35,998] {logging_mixin.py:115} INFO - [2024-08-14 01:33:35,998] {dagbag.py:508} INFO - Filling up the DagBag from /opt/airflow/dags/3-dependencies.py
[2024-08-14 01:33:36,004] {processor.py:651} INFO - DAG(s) dict_keys(['dependencies']) retrieved from /opt/airflow/dags/3-dependencies.py
[2024-08-14 01:33:36,021] {logging_mixin.py:115} INFO - [2024-08-14 01:33:36,020] {dag.py:2420} INFO - Sync 1 DAGs
[2024-08-14 01:33:36,034] {logging_mixin.py:115} INFO - [2024-08-14 01:33:36,034] {dag.py:2972} INFO - Setting next_dagrun for dependencies to 2024-05-20T00:00:00+00:00, run_after=2024-05-20T00:00:00+00:00
[2024-08-14 01:33:36,042] {processor.py:161} INFO - Processing /opt/airflow/dags/3-dependencies.py took 0.047 seconds
[2024-08-14 01:34:06,459] {processor.py:153} INFO - Started process (PID=46027) to work on /opt/airflow/dags/3-dependencies.py
[2024-08-14 01:34:06,459] {processor.py:641} INFO - Processing file /opt/airflow/dags/3-dependencies.py for tasks to queue
[2024-08-14 01:34:06,460] {logging_mixin.py:115} INFO - [2024-08-14 01:34:06,460] {dagbag.py:508} INFO - Filling up the DagBag from /opt/airflow/dags/3-dependencies.py
[2024-08-14 01:34:06,466] {processor.py:651} INFO - DAG(s) dict_keys(['dependencies']) retrieved from /opt/airflow/dags/3-dependencies.py
[2024-08-14 01:34:06,483] {logging_mixin.py:115} INFO - [2024-08-14 01:34:06,483] {dag.py:2420} INFO - Sync 1 DAGs
[2024-08-14 01:34:06,496] {logging_mixin.py:115} INFO - [2024-08-14 01:34:06,496] {dag.py:2972} INFO - Setting next_dagrun for dependencies to 2024-05-20T00:00:00+00:00, run_after=2024-05-20T00:00:00+00:00
[2024-08-14 01:34:06,505] {processor.py:161} INFO - Processing /opt/airflow/dags/3-dependencies.py took 0.048 seconds
[2024-08-14 01:34:36,910] {processor.py:153} INFO - Started process (PID=46066) to work on /opt/airflow/dags/3-dependencies.py
[2024-08-14 01:34:36,911] {processor.py:641} INFO - Processing file /opt/airflow/dags/3-dependencies.py for tasks to queue
[2024-08-14 01:34:36,911] {logging_mixin.py:115} INFO - [2024-08-14 01:34:36,911] {dagbag.py:508} INFO - Filling up the DagBag from /opt/airflow/dags/3-dependencies.py
[2024-08-14 01:34:36,918] {processor.py:651} INFO - DAG(s) dict_keys(['dependencies']) retrieved from /opt/airflow/dags/3-dependencies.py
[2024-08-14 01:34:36,934] {logging_mixin.py:115} INFO - [2024-08-14 01:34:36,934] {dag.py:2420} INFO - Sync 1 DAGs
[2024-08-14 01:34:36,947] {logging_mixin.py:115} INFO - [2024-08-14 01:34:36,947] {dag.py:2972} INFO - Setting next_dagrun for dependencies to 2024-05-20T00:00:00+00:00, run_after=2024-05-20T00:00:00+00:00
[2024-08-14 01:34:36,955] {processor.py:161} INFO - Processing /opt/airflow/dags/3-dependencies.py took 0.047 seconds
[2024-08-14 01:35:07,361] {processor.py:153} INFO - Started process (PID=46096) to work on /opt/airflow/dags/3-dependencies.py
[2024-08-14 01:35:07,361] {processor.py:641} INFO - Processing file /opt/airflow/dags/3-dependencies.py for tasks to queue
[2024-08-14 01:35:07,362] {logging_mixin.py:115} INFO - [2024-08-14 01:35:07,362] {dagbag.py:508} INFO - Filling up the DagBag from /opt/airflow/dags/3-dependencies.py
[2024-08-14 01:35:07,368] {processor.py:651} INFO - DAG(s) dict_keys(['dependencies']) retrieved from /opt/airflow/dags/3-dependencies.py
[2024-08-14 01:35:07,387] {logging_mixin.py:115} INFO - [2024-08-14 01:35:07,387] {dag.py:2420} INFO - Sync 1 DAGs
[2024-08-14 01:35:07,401] {logging_mixin.py:115} INFO - [2024-08-14 01:35:07,401] {dag.py:2972} INFO - Setting next_dagrun for dependencies to 2024-05-20T00:00:00+00:00, run_after=2024-05-20T00:00:00+00:00
[2024-08-14 01:35:07,409] {processor.py:161} INFO - Processing /opt/airflow/dags/3-dependencies.py took 0.050 seconds
[2024-08-14 01:35:37,863] {processor.py:153} INFO - Started process (PID=46135) to work on /opt/airflow/dags/3-dependencies.py
[2024-08-14 01:35:37,863] {processor.py:641} INFO - Processing file /opt/airflow/dags/3-dependencies.py for tasks to queue
[2024-08-14 01:35:37,864] {logging_mixin.py:115} INFO - [2024-08-14 01:35:37,864] {dagbag.py:508} INFO - Filling up the DagBag from /opt/airflow/dags/3-dependencies.py
[2024-08-14 01:35:37,870] {processor.py:651} INFO - DAG(s) dict_keys(['dependencies']) retrieved from /opt/airflow/dags/3-dependencies.py
[2024-08-14 01:35:37,887] {logging_mixin.py:115} INFO - [2024-08-14 01:35:37,887] {dag.py:2420} INFO - Sync 1 DAGs
[2024-08-14 01:35:37,901] {logging_mixin.py:115} INFO - [2024-08-14 01:35:37,900] {dag.py:2972} INFO - Setting next_dagrun for dependencies to 2024-05-20T00:00:00+00:00, run_after=2024-05-20T00:00:00+00:00
[2024-08-14 01:35:37,909] {processor.py:161} INFO - Processing /opt/airflow/dags/3-dependencies.py took 0.050 seconds
[2024-08-14 01:36:08,332] {processor.py:153} INFO - Started process (PID=46174) to work on /opt/airflow/dags/3-dependencies.py
[2024-08-14 01:36:08,332] {processor.py:641} INFO - Processing file /opt/airflow/dags/3-dependencies.py for tasks to queue
[2024-08-14 01:36:08,333] {logging_mixin.py:115} INFO - [2024-08-14 01:36:08,333] {dagbag.py:508} INFO - Filling up the DagBag from /opt/airflow/dags/3-dependencies.py
[2024-08-14 01:36:08,340] {processor.py:651} INFO - DAG(s) dict_keys(['dependencies']) retrieved from /opt/airflow/dags/3-dependencies.py
[2024-08-14 01:36:08,359] {logging_mixin.py:115} INFO - [2024-08-14 01:36:08,359] {dag.py:2420} INFO - Sync 1 DAGs
[2024-08-14 01:36:08,373] {logging_mixin.py:115} INFO - [2024-08-14 01:36:08,373] {dag.py:2972} INFO - Setting next_dagrun for dependencies to 2024-05-20T00:00:00+00:00, run_after=2024-05-20T00:00:00+00:00
[2024-08-14 01:36:08,384] {processor.py:161} INFO - Processing /opt/airflow/dags/3-dependencies.py took 0.054 seconds
[2024-08-14 01:36:38,801] {processor.py:153} INFO - Started process (PID=46212) to work on /opt/airflow/dags/3-dependencies.py
[2024-08-14 01:36:38,802] {processor.py:641} INFO - Processing file /opt/airflow/dags/3-dependencies.py for tasks to queue
[2024-08-14 01:36:38,802] {logging_mixin.py:115} INFO - [2024-08-14 01:36:38,802] {dagbag.py:508} INFO - Filling up the DagBag from /opt/airflow/dags/3-dependencies.py
[2024-08-14 01:36:38,814] {processor.py:651} INFO - DAG(s) dict_keys(['dependencies']) retrieved from /opt/airflow/dags/3-dependencies.py
[2024-08-14 01:36:38,836] {logging_mixin.py:115} INFO - [2024-08-14 01:36:38,836] {dag.py:2420} INFO - Sync 1 DAGs
[2024-08-14 01:36:38,854] {logging_mixin.py:115} INFO - [2024-08-14 01:36:38,854] {dag.py:2972} INFO - Setting next_dagrun for dependencies to 2024-05-20T00:00:00+00:00, run_after=2024-05-20T00:00:00+00:00
[2024-08-14 01:36:38,864] {processor.py:161} INFO - Processing /opt/airflow/dags/3-dependencies.py took 0.065 seconds
[2024-08-14 01:37:09,301] {processor.py:153} INFO - Started process (PID=46250) to work on /opt/airflow/dags/3-dependencies.py
[2024-08-14 01:37:09,301] {processor.py:641} INFO - Processing file /opt/airflow/dags/3-dependencies.py for tasks to queue
[2024-08-14 01:37:09,302] {logging_mixin.py:115} INFO - [2024-08-14 01:37:09,302] {dagbag.py:508} INFO - Filling up the DagBag from /opt/airflow/dags/3-dependencies.py
[2024-08-14 01:37:09,310] {processor.py:651} INFO - DAG(s) dict_keys(['dependencies']) retrieved from /opt/airflow/dags/3-dependencies.py
[2024-08-14 01:37:09,327] {logging_mixin.py:115} INFO - [2024-08-14 01:37:09,327] {dag.py:2420} INFO - Sync 1 DAGs
[2024-08-14 01:37:09,341] {logging_mixin.py:115} INFO - [2024-08-14 01:37:09,341] {dag.py:2972} INFO - Setting next_dagrun for dependencies to 2024-05-20T00:00:00+00:00, run_after=2024-05-20T00:00:00+00:00
[2024-08-14 01:37:09,350] {processor.py:161} INFO - Processing /opt/airflow/dags/3-dependencies.py took 0.051 seconds
[2024-08-14 01:37:39,806] {processor.py:153} INFO - Started process (PID=46280) to work on /opt/airflow/dags/3-dependencies.py
[2024-08-14 01:37:39,807] {processor.py:641} INFO - Processing file /opt/airflow/dags/3-dependencies.py for tasks to queue
[2024-08-14 01:37:39,807] {logging_mixin.py:115} INFO - [2024-08-14 01:37:39,807] {dagbag.py:508} INFO - Filling up the DagBag from /opt/airflow/dags/3-dependencies.py
[2024-08-14 01:37:39,813] {processor.py:651} INFO - DAG(s) dict_keys(['dependencies']) retrieved from /opt/airflow/dags/3-dependencies.py
[2024-08-14 01:37:39,829] {logging_mixin.py:115} INFO - [2024-08-14 01:37:39,829] {dag.py:2420} INFO - Sync 1 DAGs
[2024-08-14 01:37:39,843] {logging_mixin.py:115} INFO - [2024-08-14 01:37:39,843] {dag.py:2972} INFO - Setting next_dagrun for dependencies to 2024-05-20T00:00:00+00:00, run_after=2024-05-20T00:00:00+00:00
[2024-08-14 01:37:39,852] {processor.py:161} INFO - Processing /opt/airflow/dags/3-dependencies.py took 0.048 seconds
[2024-08-14 01:38:10,251] {processor.py:153} INFO - Started process (PID=46319) to work on /opt/airflow/dags/3-dependencies.py
[2024-08-14 01:38:10,251] {processor.py:641} INFO - Processing file /opt/airflow/dags/3-dependencies.py for tasks to queue
[2024-08-14 01:38:10,252] {logging_mixin.py:115} INFO - [2024-08-14 01:38:10,252] {dagbag.py:508} INFO - Filling up the DagBag from /opt/airflow/dags/3-dependencies.py
[2024-08-14 01:38:10,259] {processor.py:651} INFO - DAG(s) dict_keys(['dependencies']) retrieved from /opt/airflow/dags/3-dependencies.py
[2024-08-14 01:38:10,279] {logging_mixin.py:115} INFO - [2024-08-14 01:38:10,279] {dag.py:2420} INFO - Sync 1 DAGs
[2024-08-14 01:38:10,296] {logging_mixin.py:115} INFO - [2024-08-14 01:38:10,296] {dag.py:2972} INFO - Setting next_dagrun for dependencies to 2024-05-20T00:00:00+00:00, run_after=2024-05-20T00:00:00+00:00
[2024-08-14 01:38:10,305] {processor.py:161} INFO - Processing /opt/airflow/dags/3-dependencies.py took 0.057 seconds
[2024-08-14 01:38:40,745] {processor.py:153} INFO - Started process (PID=46358) to work on /opt/airflow/dags/3-dependencies.py
[2024-08-14 01:38:40,745] {processor.py:641} INFO - Processing file /opt/airflow/dags/3-dependencies.py for tasks to queue
[2024-08-14 01:38:40,746] {logging_mixin.py:115} INFO - [2024-08-14 01:38:40,746] {dagbag.py:508} INFO - Filling up the DagBag from /opt/airflow/dags/3-dependencies.py
[2024-08-14 01:38:40,753] {processor.py:651} INFO - DAG(s) dict_keys(['dependencies']) retrieved from /opt/airflow/dags/3-dependencies.py
[2024-08-14 01:38:40,778] {logging_mixin.py:115} INFO - [2024-08-14 01:38:40,778] {dag.py:2420} INFO - Sync 1 DAGs
[2024-08-14 01:38:40,794] {logging_mixin.py:115} INFO - [2024-08-14 01:38:40,794] {dag.py:2972} INFO - Setting next_dagrun for dependencies to 2024-05-20T00:00:00+00:00, run_after=2024-05-20T00:00:00+00:00
[2024-08-14 01:38:40,808] {processor.py:161} INFO - Processing /opt/airflow/dags/3-dependencies.py took 0.065 seconds
[2024-08-14 01:39:11,311] {processor.py:153} INFO - Started process (PID=46397) to work on /opt/airflow/dags/3-dependencies.py
[2024-08-14 01:39:11,311] {processor.py:641} INFO - Processing file /opt/airflow/dags/3-dependencies.py for tasks to queue
[2024-08-14 01:39:11,311] {logging_mixin.py:115} INFO - [2024-08-14 01:39:11,311] {dagbag.py:508} INFO - Filling up the DagBag from /opt/airflow/dags/3-dependencies.py
[2024-08-14 01:39:11,318] {processor.py:651} INFO - DAG(s) dict_keys(['dependencies']) retrieved from /opt/airflow/dags/3-dependencies.py
[2024-08-14 01:39:11,333] {logging_mixin.py:115} INFO - [2024-08-14 01:39:11,333] {dag.py:2420} INFO - Sync 1 DAGs
[2024-08-14 01:39:11,346] {logging_mixin.py:115} INFO - [2024-08-14 01:39:11,346] {dag.py:2972} INFO - Setting next_dagrun for dependencies to 2024-05-20T00:00:00+00:00, run_after=2024-05-20T00:00:00+00:00
[2024-08-14 01:39:11,355] {processor.py:161} INFO - Processing /opt/airflow/dags/3-dependencies.py took 0.047 seconds
[2024-08-14 01:39:41,877] {processor.py:153} INFO - Started process (PID=46436) to work on /opt/airflow/dags/3-dependencies.py
[2024-08-14 01:39:41,878] {processor.py:641} INFO - Processing file /opt/airflow/dags/3-dependencies.py for tasks to queue
[2024-08-14 01:39:41,879] {logging_mixin.py:115} INFO - [2024-08-14 01:39:41,879] {dagbag.py:508} INFO - Filling up the DagBag from /opt/airflow/dags/3-dependencies.py
[2024-08-14 01:39:41,887] {processor.py:651} INFO - DAG(s) dict_keys(['dependencies']) retrieved from /opt/airflow/dags/3-dependencies.py
[2024-08-14 01:39:41,903] {logging_mixin.py:115} INFO - [2024-08-14 01:39:41,903] {dag.py:2420} INFO - Sync 1 DAGs
[2024-08-14 01:39:41,918] {logging_mixin.py:115} INFO - [2024-08-14 01:39:41,918] {dag.py:2972} INFO - Setting next_dagrun for dependencies to 2024-05-20T00:00:00+00:00, run_after=2024-05-20T00:00:00+00:00
[2024-08-14 01:39:41,926] {processor.py:161} INFO - Processing /opt/airflow/dags/3-dependencies.py took 0.052 seconds
[2024-08-14 01:40:12,387] {processor.py:153} INFO - Started process (PID=46475) to work on /opt/airflow/dags/3-dependencies.py
[2024-08-14 01:40:12,387] {processor.py:641} INFO - Processing file /opt/airflow/dags/3-dependencies.py for tasks to queue
[2024-08-14 01:40:12,388] {logging_mixin.py:115} INFO - [2024-08-14 01:40:12,388] {dagbag.py:508} INFO - Filling up the DagBag from /opt/airflow/dags/3-dependencies.py
[2024-08-14 01:40:12,395] {processor.py:651} INFO - DAG(s) dict_keys(['dependencies']) retrieved from /opt/airflow/dags/3-dependencies.py
[2024-08-14 01:40:12,414] {logging_mixin.py:115} INFO - [2024-08-14 01:40:12,414] {dag.py:2420} INFO - Sync 1 DAGs
[2024-08-14 01:40:12,433] {logging_mixin.py:115} INFO - [2024-08-14 01:40:12,433] {dag.py:2972} INFO - Setting next_dagrun for dependencies to 2024-05-20T00:00:00+00:00, run_after=2024-05-20T00:00:00+00:00
[2024-08-14 01:40:12,444] {processor.py:161} INFO - Processing /opt/airflow/dags/3-dependencies.py took 0.060 seconds
[2024-08-14 01:40:42,943] {processor.py:153} INFO - Started process (PID=46505) to work on /opt/airflow/dags/3-dependencies.py
[2024-08-14 01:40:42,943] {processor.py:641} INFO - Processing file /opt/airflow/dags/3-dependencies.py for tasks to queue
[2024-08-14 01:40:42,943] {logging_mixin.py:115} INFO - [2024-08-14 01:40:42,943] {dagbag.py:508} INFO - Filling up the DagBag from /opt/airflow/dags/3-dependencies.py
[2024-08-14 01:40:42,949] {processor.py:651} INFO - DAG(s) dict_keys(['dependencies']) retrieved from /opt/airflow/dags/3-dependencies.py
[2024-08-14 01:40:42,966] {logging_mixin.py:115} INFO - [2024-08-14 01:40:42,966] {dag.py:2420} INFO - Sync 1 DAGs
[2024-08-14 01:40:42,980] {logging_mixin.py:115} INFO - [2024-08-14 01:40:42,980] {dag.py:2972} INFO - Setting next_dagrun for dependencies to 2024-05-20T00:00:00+00:00, run_after=2024-05-20T00:00:00+00:00
[2024-08-14 01:40:42,989] {processor.py:161} INFO - Processing /opt/airflow/dags/3-dependencies.py took 0.048 seconds
[2024-08-14 01:41:13,525] {processor.py:153} INFO - Started process (PID=46544) to work on /opt/airflow/dags/3-dependencies.py
[2024-08-14 01:41:13,525] {processor.py:641} INFO - Processing file /opt/airflow/dags/3-dependencies.py for tasks to queue
[2024-08-14 01:41:13,525] {logging_mixin.py:115} INFO - [2024-08-14 01:41:13,525] {dagbag.py:508} INFO - Filling up the DagBag from /opt/airflow/dags/3-dependencies.py
[2024-08-14 01:41:13,532] {processor.py:651} INFO - DAG(s) dict_keys(['dependencies']) retrieved from /opt/airflow/dags/3-dependencies.py
[2024-08-14 01:41:13,548] {logging_mixin.py:115} INFO - [2024-08-14 01:41:13,548] {dag.py:2420} INFO - Sync 1 DAGs
[2024-08-14 01:41:13,563] {logging_mixin.py:115} INFO - [2024-08-14 01:41:13,563] {dag.py:2972} INFO - Setting next_dagrun for dependencies to 2024-05-20T00:00:00+00:00, run_after=2024-05-20T00:00:00+00:00
[2024-08-14 01:41:13,573] {processor.py:161} INFO - Processing /opt/airflow/dags/3-dependencies.py took 0.050 seconds
[2024-08-14 01:41:44,114] {processor.py:153} INFO - Started process (PID=46583) to work on /opt/airflow/dags/3-dependencies.py
[2024-08-14 01:41:44,114] {processor.py:641} INFO - Processing file /opt/airflow/dags/3-dependencies.py for tasks to queue
[2024-08-14 01:41:44,114] {logging_mixin.py:115} INFO - [2024-08-14 01:41:44,114] {dagbag.py:508} INFO - Filling up the DagBag from /opt/airflow/dags/3-dependencies.py
[2024-08-14 01:41:44,120] {processor.py:651} INFO - DAG(s) dict_keys(['dependencies']) retrieved from /opt/airflow/dags/3-dependencies.py
[2024-08-14 01:41:44,136] {logging_mixin.py:115} INFO - [2024-08-14 01:41:44,136] {dag.py:2420} INFO - Sync 1 DAGs
[2024-08-14 01:41:44,149] {logging_mixin.py:115} INFO - [2024-08-14 01:41:44,149] {dag.py:2972} INFO - Setting next_dagrun for dependencies to 2024-05-20T00:00:00+00:00, run_after=2024-05-20T00:00:00+00:00
[2024-08-14 01:41:44,158] {processor.py:161} INFO - Processing /opt/airflow/dags/3-dependencies.py took 0.046 seconds
[2024-08-14 01:42:14,645] {processor.py:153} INFO - Started process (PID=46622) to work on /opt/airflow/dags/3-dependencies.py
[2024-08-14 01:42:14,645] {processor.py:641} INFO - Processing file /opt/airflow/dags/3-dependencies.py for tasks to queue
[2024-08-14 01:42:14,646] {logging_mixin.py:115} INFO - [2024-08-14 01:42:14,646] {dagbag.py:508} INFO - Filling up the DagBag from /opt/airflow/dags/3-dependencies.py
[2024-08-14 01:42:14,653] {processor.py:651} INFO - DAG(s) dict_keys(['dependencies']) retrieved from /opt/airflow/dags/3-dependencies.py
[2024-08-14 01:42:14,671] {logging_mixin.py:115} INFO - [2024-08-14 01:42:14,671] {dag.py:2420} INFO - Sync 1 DAGs
[2024-08-14 01:42:14,686] {logging_mixin.py:115} INFO - [2024-08-14 01:42:14,686] {dag.py:2972} INFO - Setting next_dagrun for dependencies to 2024-05-20T00:00:00+00:00, run_after=2024-05-20T00:00:00+00:00
[2024-08-14 01:42:14,696] {processor.py:161} INFO - Processing /opt/airflow/dags/3-dependencies.py took 0.054 seconds
[2024-08-14 01:42:45,157] {processor.py:153} INFO - Started process (PID=46661) to work on /opt/airflow/dags/3-dependencies.py
[2024-08-14 01:42:45,157] {processor.py:641} INFO - Processing file /opt/airflow/dags/3-dependencies.py for tasks to queue
[2024-08-14 01:42:45,158] {logging_mixin.py:115} INFO - [2024-08-14 01:42:45,158] {dagbag.py:508} INFO - Filling up the DagBag from /opt/airflow/dags/3-dependencies.py
[2024-08-14 01:42:45,164] {processor.py:651} INFO - DAG(s) dict_keys(['dependencies']) retrieved from /opt/airflow/dags/3-dependencies.py
[2024-08-14 01:42:45,181] {logging_mixin.py:115} INFO - [2024-08-14 01:42:45,181] {dag.py:2420} INFO - Sync 1 DAGs
[2024-08-14 01:42:45,195] {logging_mixin.py:115} INFO - [2024-08-14 01:42:45,195] {dag.py:2972} INFO - Setting next_dagrun for dependencies to 2024-05-20T00:00:00+00:00, run_after=2024-05-20T00:00:00+00:00
[2024-08-14 01:42:45,205] {processor.py:161} INFO - Processing /opt/airflow/dags/3-dependencies.py took 0.053 seconds
[2024-08-14 01:43:15,637] {processor.py:153} INFO - Started process (PID=46691) to work on /opt/airflow/dags/3-dependencies.py
[2024-08-14 01:43:15,637] {processor.py:641} INFO - Processing file /opt/airflow/dags/3-dependencies.py for tasks to queue
[2024-08-14 01:43:15,638] {logging_mixin.py:115} INFO - [2024-08-14 01:43:15,638] {dagbag.py:508} INFO - Filling up the DagBag from /opt/airflow/dags/3-dependencies.py
[2024-08-14 01:43:15,648] {processor.py:651} INFO - DAG(s) dict_keys(['dependencies']) retrieved from /opt/airflow/dags/3-dependencies.py
[2024-08-14 01:43:15,666] {logging_mixin.py:115} INFO - [2024-08-14 01:43:15,666] {dag.py:2420} INFO - Sync 1 DAGs
[2024-08-14 01:43:15,681] {logging_mixin.py:115} INFO - [2024-08-14 01:43:15,681] {dag.py:2972} INFO - Setting next_dagrun for dependencies to 2024-05-20T00:00:00+00:00, run_after=2024-05-20T00:00:00+00:00
[2024-08-14 01:43:15,691] {processor.py:161} INFO - Processing /opt/airflow/dags/3-dependencies.py took 0.057 seconds
[2024-08-14 01:43:46,135] {processor.py:153} INFO - Started process (PID=46730) to work on /opt/airflow/dags/3-dependencies.py
[2024-08-14 01:43:46,136] {processor.py:641} INFO - Processing file /opt/airflow/dags/3-dependencies.py for tasks to queue
[2024-08-14 01:43:46,136] {logging_mixin.py:115} INFO - [2024-08-14 01:43:46,136] {dagbag.py:508} INFO - Filling up the DagBag from /opt/airflow/dags/3-dependencies.py
[2024-08-14 01:43:46,142] {processor.py:651} INFO - DAG(s) dict_keys(['dependencies']) retrieved from /opt/airflow/dags/3-dependencies.py
[2024-08-14 01:43:46,158] {logging_mixin.py:115} INFO - [2024-08-14 01:43:46,158] {dag.py:2420} INFO - Sync 1 DAGs
[2024-08-14 01:43:46,171] {logging_mixin.py:115} INFO - [2024-08-14 01:43:46,171] {dag.py:2972} INFO - Setting next_dagrun for dependencies to 2024-05-20T00:00:00+00:00, run_after=2024-05-20T00:00:00+00:00
[2024-08-14 01:43:46,179] {processor.py:161} INFO - Processing /opt/airflow/dags/3-dependencies.py took 0.046 seconds
[2024-08-14 01:44:16,689] {processor.py:153} INFO - Started process (PID=46769) to work on /opt/airflow/dags/3-dependencies.py
[2024-08-14 01:44:16,690] {processor.py:641} INFO - Processing file /opt/airflow/dags/3-dependencies.py for tasks to queue
[2024-08-14 01:44:16,691] {logging_mixin.py:115} INFO - [2024-08-14 01:44:16,690] {dagbag.py:508} INFO - Filling up the DagBag from /opt/airflow/dags/3-dependencies.py
[2024-08-14 01:44:16,697] {processor.py:651} INFO - DAG(s) dict_keys(['dependencies']) retrieved from /opt/airflow/dags/3-dependencies.py
[2024-08-14 01:44:16,713] {logging_mixin.py:115} INFO - [2024-08-14 01:44:16,713] {dag.py:2420} INFO - Sync 1 DAGs
[2024-08-14 01:44:16,728] {logging_mixin.py:115} INFO - [2024-08-14 01:44:16,728] {dag.py:2972} INFO - Setting next_dagrun for dependencies to 2024-05-20T00:00:00+00:00, run_after=2024-05-20T00:00:00+00:00
[2024-08-14 01:44:16,737] {processor.py:161} INFO - Processing /opt/airflow/dags/3-dependencies.py took 0.051 seconds
[2024-08-14 01:44:47,183] {processor.py:153} INFO - Started process (PID=46808) to work on /opt/airflow/dags/3-dependencies.py
[2024-08-14 01:44:47,186] {processor.py:641} INFO - Processing file /opt/airflow/dags/3-dependencies.py for tasks to queue
[2024-08-14 01:44:47,187] {logging_mixin.py:115} INFO - [2024-08-14 01:44:47,187] {dagbag.py:508} INFO - Filling up the DagBag from /opt/airflow/dags/3-dependencies.py
[2024-08-14 01:44:47,194] {processor.py:651} INFO - DAG(s) dict_keys(['dependencies']) retrieved from /opt/airflow/dags/3-dependencies.py
[2024-08-14 01:44:47,211] {logging_mixin.py:115} INFO - [2024-08-14 01:44:47,211] {dag.py:2420} INFO - Sync 1 DAGs
[2024-08-14 01:44:47,227] {logging_mixin.py:115} INFO - [2024-08-14 01:44:47,227] {dag.py:2972} INFO - Setting next_dagrun for dependencies to 2024-05-20T00:00:00+00:00, run_after=2024-05-20T00:00:00+00:00
[2024-08-14 01:44:47,241] {processor.py:161} INFO - Processing /opt/airflow/dags/3-dependencies.py took 0.060 seconds
[2024-08-14 01:45:17,656] {processor.py:153} INFO - Started process (PID=46847) to work on /opt/airflow/dags/3-dependencies.py
[2024-08-14 01:45:17,657] {processor.py:641} INFO - Processing file /opt/airflow/dags/3-dependencies.py for tasks to queue
[2024-08-14 01:45:17,657] {logging_mixin.py:115} INFO - [2024-08-14 01:45:17,657] {dagbag.py:508} INFO - Filling up the DagBag from /opt/airflow/dags/3-dependencies.py
[2024-08-14 01:45:17,663] {processor.py:651} INFO - DAG(s) dict_keys(['dependencies']) retrieved from /opt/airflow/dags/3-dependencies.py
[2024-08-14 01:45:17,680] {logging_mixin.py:115} INFO - [2024-08-14 01:45:17,680] {dag.py:2420} INFO - Sync 1 DAGs
[2024-08-14 01:45:17,694] {logging_mixin.py:115} INFO - [2024-08-14 01:45:17,694] {dag.py:2972} INFO - Setting next_dagrun for dependencies to 2024-05-20T00:00:00+00:00, run_after=2024-05-20T00:00:00+00:00
[2024-08-14 01:45:17,702] {processor.py:161} INFO - Processing /opt/airflow/dags/3-dependencies.py took 0.049 seconds
[2024-08-14 01:45:48,211] {processor.py:153} INFO - Started process (PID=46885) to work on /opt/airflow/dags/3-dependencies.py
[2024-08-14 01:45:48,212] {processor.py:641} INFO - Processing file /opt/airflow/dags/3-dependencies.py for tasks to queue
[2024-08-14 01:45:48,213] {logging_mixin.py:115} INFO - [2024-08-14 01:45:48,212] {dagbag.py:508} INFO - Filling up the DagBag from /opt/airflow/dags/3-dependencies.py
[2024-08-14 01:45:48,220] {processor.py:651} INFO - DAG(s) dict_keys(['dependencies']) retrieved from /opt/airflow/dags/3-dependencies.py
[2024-08-14 01:45:48,248] {logging_mixin.py:115} INFO - [2024-08-14 01:45:48,248] {dag.py:2420} INFO - Sync 1 DAGs
[2024-08-14 01:45:48,268] {logging_mixin.py:115} INFO - [2024-08-14 01:45:48,268] {dag.py:2972} INFO - Setting next_dagrun for dependencies to 2024-05-20T00:00:00+00:00, run_after=2024-05-20T00:00:00+00:00
[2024-08-14 01:45:48,280] {processor.py:161} INFO - Processing /opt/airflow/dags/3-dependencies.py took 0.072 seconds
[2024-08-14 01:46:18,766] {processor.py:153} INFO - Started process (PID=46915) to work on /opt/airflow/dags/3-dependencies.py
[2024-08-14 01:46:18,766] {processor.py:641} INFO - Processing file /opt/airflow/dags/3-dependencies.py for tasks to queue
[2024-08-14 01:46:18,767] {logging_mixin.py:115} INFO - [2024-08-14 01:46:18,767] {dagbag.py:508} INFO - Filling up the DagBag from /opt/airflow/dags/3-dependencies.py
[2024-08-14 01:46:18,773] {processor.py:651} INFO - DAG(s) dict_keys(['dependencies']) retrieved from /opt/airflow/dags/3-dependencies.py
[2024-08-14 01:46:18,789] {logging_mixin.py:115} INFO - [2024-08-14 01:46:18,788] {dag.py:2420} INFO - Sync 1 DAGs
[2024-08-14 01:46:18,805] {logging_mixin.py:115} INFO - [2024-08-14 01:46:18,804] {dag.py:2972} INFO - Setting next_dagrun for dependencies to 2024-05-20T00:00:00+00:00, run_after=2024-05-20T00:00:00+00:00
[2024-08-14 01:46:18,813] {processor.py:161} INFO - Processing /opt/airflow/dags/3-dependencies.py took 0.050 seconds
[2024-08-14 01:46:49,271] {processor.py:153} INFO - Started process (PID=46954) to work on /opt/airflow/dags/3-dependencies.py
[2024-08-14 01:46:49,271] {processor.py:641} INFO - Processing file /opt/airflow/dags/3-dependencies.py for tasks to queue
[2024-08-14 01:46:49,272] {logging_mixin.py:115} INFO - [2024-08-14 01:46:49,272] {dagbag.py:508} INFO - Filling up the DagBag from /opt/airflow/dags/3-dependencies.py
[2024-08-14 01:46:49,278] {processor.py:651} INFO - DAG(s) dict_keys(['dependencies']) retrieved from /opt/airflow/dags/3-dependencies.py
[2024-08-14 01:46:49,296] {logging_mixin.py:115} INFO - [2024-08-14 01:46:49,296] {dag.py:2420} INFO - Sync 1 DAGs
[2024-08-14 01:46:49,311] {logging_mixin.py:115} INFO - [2024-08-14 01:46:49,311] {dag.py:2972} INFO - Setting next_dagrun for dependencies to 2024-05-20T00:00:00+00:00, run_after=2024-05-20T00:00:00+00:00
[2024-08-14 01:46:49,320] {processor.py:161} INFO - Processing /opt/airflow/dags/3-dependencies.py took 0.051 seconds
[2024-08-14 01:47:19,732] {processor.py:153} INFO - Started process (PID=46993) to work on /opt/airflow/dags/3-dependencies.py
[2024-08-14 01:47:19,733] {processor.py:641} INFO - Processing file /opt/airflow/dags/3-dependencies.py for tasks to queue
[2024-08-14 01:47:19,733] {logging_mixin.py:115} INFO - [2024-08-14 01:47:19,733] {dagbag.py:508} INFO - Filling up the DagBag from /opt/airflow/dags/3-dependencies.py
[2024-08-14 01:47:19,740] {processor.py:651} INFO - DAG(s) dict_keys(['dependencies']) retrieved from /opt/airflow/dags/3-dependencies.py
[2024-08-14 01:47:19,758] {logging_mixin.py:115} INFO - [2024-08-14 01:47:19,758] {dag.py:2420} INFO - Sync 1 DAGs
[2024-08-14 01:47:19,771] {logging_mixin.py:115} INFO - [2024-08-14 01:47:19,771] {dag.py:2972} INFO - Setting next_dagrun for dependencies to 2024-05-20T00:00:00+00:00, run_after=2024-05-20T00:00:00+00:00
[2024-08-14 01:47:19,779] {processor.py:161} INFO - Processing /opt/airflow/dags/3-dependencies.py took 0.049 seconds
[2024-08-14 01:47:50,224] {processor.py:153} INFO - Started process (PID=47031) to work on /opt/airflow/dags/3-dependencies.py
[2024-08-14 01:47:50,224] {processor.py:641} INFO - Processing file /opt/airflow/dags/3-dependencies.py for tasks to queue
[2024-08-14 01:47:50,224] {logging_mixin.py:115} INFO - [2024-08-14 01:47:50,224] {dagbag.py:508} INFO - Filling up the DagBag from /opt/airflow/dags/3-dependencies.py
[2024-08-14 01:47:50,230] {processor.py:651} INFO - DAG(s) dict_keys(['dependencies']) retrieved from /opt/airflow/dags/3-dependencies.py
[2024-08-14 01:47:50,249] {logging_mixin.py:115} INFO - [2024-08-14 01:47:50,249] {dag.py:2420} INFO - Sync 1 DAGs
[2024-08-14 01:47:50,264] {logging_mixin.py:115} INFO - [2024-08-14 01:47:50,264] {dag.py:2972} INFO - Setting next_dagrun for dependencies to 2024-05-20T00:00:00+00:00, run_after=2024-05-20T00:00:00+00:00
[2024-08-14 01:47:50,272] {processor.py:161} INFO - Processing /opt/airflow/dags/3-dependencies.py took 0.051 seconds
[2024-08-14 01:48:20,704] {processor.py:153} INFO - Started process (PID=47070) to work on /opt/airflow/dags/3-dependencies.py
[2024-08-14 01:48:20,705] {processor.py:641} INFO - Processing file /opt/airflow/dags/3-dependencies.py for tasks to queue
[2024-08-14 01:48:20,705] {logging_mixin.py:115} INFO - [2024-08-14 01:48:20,705] {dagbag.py:508} INFO - Filling up the DagBag from /opt/airflow/dags/3-dependencies.py
[2024-08-14 01:48:20,712] {processor.py:651} INFO - DAG(s) dict_keys(['dependencies']) retrieved from /opt/airflow/dags/3-dependencies.py
[2024-08-14 01:48:20,728] {logging_mixin.py:115} INFO - [2024-08-14 01:48:20,728] {dag.py:2420} INFO - Sync 1 DAGs
[2024-08-14 01:48:20,743] {logging_mixin.py:115} INFO - [2024-08-14 01:48:20,743] {dag.py:2972} INFO - Setting next_dagrun for dependencies to 2024-05-20T00:00:00+00:00, run_after=2024-05-20T00:00:00+00:00
[2024-08-14 01:48:20,751] {processor.py:161} INFO - Processing /opt/airflow/dags/3-dependencies.py took 0.050 seconds
[2024-08-14 01:48:51,149] {processor.py:153} INFO - Started process (PID=47100) to work on /opt/airflow/dags/3-dependencies.py
[2024-08-14 01:48:51,149] {processor.py:641} INFO - Processing file /opt/airflow/dags/3-dependencies.py for tasks to queue
[2024-08-14 01:48:51,150] {logging_mixin.py:115} INFO - [2024-08-14 01:48:51,149] {dagbag.py:508} INFO - Filling up the DagBag from /opt/airflow/dags/3-dependencies.py
[2024-08-14 01:48:51,156] {processor.py:651} INFO - DAG(s) dict_keys(['dependencies']) retrieved from /opt/airflow/dags/3-dependencies.py
[2024-08-14 01:48:51,179] {logging_mixin.py:115} INFO - [2024-08-14 01:48:51,179] {dag.py:2420} INFO - Sync 1 DAGs
[2024-08-14 01:48:51,193] {logging_mixin.py:115} INFO - [2024-08-14 01:48:51,193] {dag.py:2972} INFO - Setting next_dagrun for dependencies to 2024-05-20T00:00:00+00:00, run_after=2024-05-20T00:00:00+00:00
[2024-08-14 01:48:51,202] {processor.py:161} INFO - Processing /opt/airflow/dags/3-dependencies.py took 0.055 seconds
[2024-08-14 01:49:21,627] {processor.py:153} INFO - Started process (PID=47139) to work on /opt/airflow/dags/3-dependencies.py
[2024-08-14 01:49:21,628] {processor.py:641} INFO - Processing file /opt/airflow/dags/3-dependencies.py for tasks to queue
[2024-08-14 01:49:21,628] {logging_mixin.py:115} INFO - [2024-08-14 01:49:21,628] {dagbag.py:508} INFO - Filling up the DagBag from /opt/airflow/dags/3-dependencies.py
[2024-08-14 01:49:21,634] {processor.py:651} INFO - DAG(s) dict_keys(['dependencies']) retrieved from /opt/airflow/dags/3-dependencies.py
[2024-08-14 01:49:21,651] {logging_mixin.py:115} INFO - [2024-08-14 01:49:21,651] {dag.py:2420} INFO - Sync 1 DAGs
[2024-08-14 01:49:21,664] {logging_mixin.py:115} INFO - [2024-08-14 01:49:21,664] {dag.py:2972} INFO - Setting next_dagrun for dependencies to 2024-05-20T00:00:00+00:00, run_after=2024-05-20T00:00:00+00:00
[2024-08-14 01:49:21,673] {processor.py:161} INFO - Processing /opt/airflow/dags/3-dependencies.py took 0.047 seconds
[2024-08-14 01:49:52,096] {processor.py:153} INFO - Started process (PID=47178) to work on /opt/airflow/dags/3-dependencies.py
[2024-08-14 01:49:52,096] {processor.py:641} INFO - Processing file /opt/airflow/dags/3-dependencies.py for tasks to queue
[2024-08-14 01:49:52,097] {logging_mixin.py:115} INFO - [2024-08-14 01:49:52,097] {dagbag.py:508} INFO - Filling up the DagBag from /opt/airflow/dags/3-dependencies.py
[2024-08-14 01:49:52,103] {processor.py:651} INFO - DAG(s) dict_keys(['dependencies']) retrieved from /opt/airflow/dags/3-dependencies.py
[2024-08-14 01:49:52,120] {logging_mixin.py:115} INFO - [2024-08-14 01:49:52,120] {dag.py:2420} INFO - Sync 1 DAGs
[2024-08-14 01:49:52,135] {logging_mixin.py:115} INFO - [2024-08-14 01:49:52,135] {dag.py:2972} INFO - Setting next_dagrun for dependencies to 2024-05-20T00:00:00+00:00, run_after=2024-05-20T00:00:00+00:00
[2024-08-14 01:49:52,144] {processor.py:161} INFO - Processing /opt/airflow/dags/3-dependencies.py took 0.051 seconds
[2024-08-14 01:50:22,609] {processor.py:153} INFO - Started process (PID=47217) to work on /opt/airflow/dags/3-dependencies.py
[2024-08-14 01:50:22,609] {processor.py:641} INFO - Processing file /opt/airflow/dags/3-dependencies.py for tasks to queue
[2024-08-14 01:50:22,610] {logging_mixin.py:115} INFO - [2024-08-14 01:50:22,610] {dagbag.py:508} INFO - Filling up the DagBag from /opt/airflow/dags/3-dependencies.py
[2024-08-14 01:50:22,615] {processor.py:651} INFO - DAG(s) dict_keys(['dependencies']) retrieved from /opt/airflow/dags/3-dependencies.py
[2024-08-14 01:50:22,631] {logging_mixin.py:115} INFO - [2024-08-14 01:50:22,631] {dag.py:2420} INFO - Sync 1 DAGs
[2024-08-14 01:50:22,645] {logging_mixin.py:115} INFO - [2024-08-14 01:50:22,645] {dag.py:2972} INFO - Setting next_dagrun for dependencies to 2024-05-20T00:00:00+00:00, run_after=2024-05-20T00:00:00+00:00
[2024-08-14 01:50:22,653] {processor.py:161} INFO - Processing /opt/airflow/dags/3-dependencies.py took 0.046 seconds
[2024-08-14 01:50:53,049] {processor.py:153} INFO - Started process (PID=47256) to work on /opt/airflow/dags/3-dependencies.py
[2024-08-14 01:50:53,049] {processor.py:641} INFO - Processing file /opt/airflow/dags/3-dependencies.py for tasks to queue
[2024-08-14 01:50:53,049] {logging_mixin.py:115} INFO - [2024-08-14 01:50:53,049] {dagbag.py:508} INFO - Filling up the DagBag from /opt/airflow/dags/3-dependencies.py
[2024-08-14 01:50:53,056] {processor.py:651} INFO - DAG(s) dict_keys(['dependencies']) retrieved from /opt/airflow/dags/3-dependencies.py
[2024-08-14 01:50:53,072] {logging_mixin.py:115} INFO - [2024-08-14 01:50:53,072] {dag.py:2420} INFO - Sync 1 DAGs
[2024-08-14 01:50:53,086] {logging_mixin.py:115} INFO - [2024-08-14 01:50:53,085] {dag.py:2972} INFO - Setting next_dagrun for dependencies to 2024-05-20T00:00:00+00:00, run_after=2024-05-20T00:00:00+00:00
[2024-08-14 01:50:53,095] {processor.py:161} INFO - Processing /opt/airflow/dags/3-dependencies.py took 0.049 seconds
[2024-08-14 01:51:23,502] {processor.py:153} INFO - Started process (PID=47295) to work on /opt/airflow/dags/3-dependencies.py
[2024-08-14 01:51:23,502] {processor.py:641} INFO - Processing file /opt/airflow/dags/3-dependencies.py for tasks to queue
[2024-08-14 01:51:23,502] {logging_mixin.py:115} INFO - [2024-08-14 01:51:23,502] {dagbag.py:508} INFO - Filling up the DagBag from /opt/airflow/dags/3-dependencies.py
[2024-08-14 01:51:23,509] {processor.py:651} INFO - DAG(s) dict_keys(['dependencies']) retrieved from /opt/airflow/dags/3-dependencies.py
[2024-08-14 01:51:23,527] {logging_mixin.py:115} INFO - [2024-08-14 01:51:23,527] {dag.py:2420} INFO - Sync 1 DAGs
[2024-08-14 01:51:23,545] {logging_mixin.py:115} INFO - [2024-08-14 01:51:23,545] {dag.py:2972} INFO - Setting next_dagrun for dependencies to 2024-05-20T00:00:00+00:00, run_after=2024-05-20T00:00:00+00:00
[2024-08-14 01:51:23,554] {processor.py:161} INFO - Processing /opt/airflow/dags/3-dependencies.py took 0.054 seconds
[2024-08-14 01:51:54,018] {processor.py:153} INFO - Started process (PID=47325) to work on /opt/airflow/dags/3-dependencies.py
[2024-08-14 01:51:54,018] {processor.py:641} INFO - Processing file /opt/airflow/dags/3-dependencies.py for tasks to queue
[2024-08-14 01:51:54,019] {logging_mixin.py:115} INFO - [2024-08-14 01:51:54,019] {dagbag.py:508} INFO - Filling up the DagBag from /opt/airflow/dags/3-dependencies.py
[2024-08-14 01:51:54,025] {processor.py:651} INFO - DAG(s) dict_keys(['dependencies']) retrieved from /opt/airflow/dags/3-dependencies.py
[2024-08-14 01:51:54,042] {logging_mixin.py:115} INFO - [2024-08-14 01:51:54,042] {dag.py:2420} INFO - Sync 1 DAGs
[2024-08-14 01:51:54,055] {logging_mixin.py:115} INFO - [2024-08-14 01:51:54,055] {dag.py:2972} INFO - Setting next_dagrun for dependencies to 2024-05-20T00:00:00+00:00, run_after=2024-05-20T00:00:00+00:00
[2024-08-14 01:51:54,063] {processor.py:161} INFO - Processing /opt/airflow/dags/3-dependencies.py took 0.048 seconds
[2024-08-14 01:52:24,505] {processor.py:153} INFO - Started process (PID=47363) to work on /opt/airflow/dags/3-dependencies.py
[2024-08-14 01:52:24,506] {processor.py:641} INFO - Processing file /opt/airflow/dags/3-dependencies.py for tasks to queue
[2024-08-14 01:52:24,506] {logging_mixin.py:115} INFO - [2024-08-14 01:52:24,506] {dagbag.py:508} INFO - Filling up the DagBag from /opt/airflow/dags/3-dependencies.py
[2024-08-14 01:52:24,514] {processor.py:651} INFO - DAG(s) dict_keys(['dependencies']) retrieved from /opt/airflow/dags/3-dependencies.py
[2024-08-14 01:52:24,530] {logging_mixin.py:115} INFO - [2024-08-14 01:52:24,530] {dag.py:2420} INFO - Sync 1 DAGs
[2024-08-14 01:52:24,545] {logging_mixin.py:115} INFO - [2024-08-14 01:52:24,545] {dag.py:2972} INFO - Setting next_dagrun for dependencies to 2024-05-20T00:00:00+00:00, run_after=2024-05-20T00:00:00+00:00
[2024-08-14 01:52:24,554] {processor.py:161} INFO - Processing /opt/airflow/dags/3-dependencies.py took 0.051 seconds
[2024-08-14 01:52:54,956] {processor.py:153} INFO - Started process (PID=47401) to work on /opt/airflow/dags/3-dependencies.py
[2024-08-14 01:52:54,957] {processor.py:641} INFO - Processing file /opt/airflow/dags/3-dependencies.py for tasks to queue
[2024-08-14 01:52:54,957] {logging_mixin.py:115} INFO - [2024-08-14 01:52:54,957] {dagbag.py:508} INFO - Filling up the DagBag from /opt/airflow/dags/3-dependencies.py
[2024-08-14 01:52:54,964] {processor.py:651} INFO - DAG(s) dict_keys(['dependencies']) retrieved from /opt/airflow/dags/3-dependencies.py
[2024-08-14 01:52:54,981] {logging_mixin.py:115} INFO - [2024-08-14 01:52:54,981] {dag.py:2420} INFO - Sync 1 DAGs
[2024-08-14 01:52:54,998] {logging_mixin.py:115} INFO - [2024-08-14 01:52:54,998] {dag.py:2972} INFO - Setting next_dagrun for dependencies to 2024-05-20T00:00:00+00:00, run_after=2024-05-20T00:00:00+00:00
[2024-08-14 01:52:55,007] {processor.py:161} INFO - Processing /opt/airflow/dags/3-dependencies.py took 0.054 seconds
[2024-08-14 01:53:25,394] {processor.py:153} INFO - Started process (PID=47440) to work on /opt/airflow/dags/3-dependencies.py
[2024-08-14 01:53:25,395] {processor.py:641} INFO - Processing file /opt/airflow/dags/3-dependencies.py for tasks to queue
[2024-08-14 01:53:25,395] {logging_mixin.py:115} INFO - [2024-08-14 01:53:25,395] {dagbag.py:508} INFO - Filling up the DagBag from /opt/airflow/dags/3-dependencies.py
[2024-08-14 01:53:25,403] {processor.py:651} INFO - DAG(s) dict_keys(['dependencies']) retrieved from /opt/airflow/dags/3-dependencies.py
[2024-08-14 01:53:25,419] {logging_mixin.py:115} INFO - [2024-08-14 01:53:25,418] {dag.py:2420} INFO - Sync 1 DAGs
[2024-08-14 01:53:25,433] {logging_mixin.py:115} INFO - [2024-08-14 01:53:25,432] {dag.py:2972} INFO - Setting next_dagrun for dependencies to 2024-05-20T00:00:00+00:00, run_after=2024-05-20T00:00:00+00:00
[2024-08-14 01:53:25,441] {processor.py:161} INFO - Processing /opt/airflow/dags/3-dependencies.py took 0.049 seconds
[2024-08-14 01:53:55,894] {processor.py:153} INFO - Started process (PID=47479) to work on /opt/airflow/dags/3-dependencies.py
[2024-08-14 01:53:55,894] {processor.py:641} INFO - Processing file /opt/airflow/dags/3-dependencies.py for tasks to queue
[2024-08-14 01:53:55,895] {logging_mixin.py:115} INFO - [2024-08-14 01:53:55,895] {dagbag.py:508} INFO - Filling up the DagBag from /opt/airflow/dags/3-dependencies.py
[2024-08-14 01:53:55,901] {processor.py:651} INFO - DAG(s) dict_keys(['dependencies']) retrieved from /opt/airflow/dags/3-dependencies.py
[2024-08-14 01:53:55,918] {logging_mixin.py:115} INFO - [2024-08-14 01:53:55,918] {dag.py:2420} INFO - Sync 1 DAGs
[2024-08-14 01:53:55,932] {logging_mixin.py:115} INFO - [2024-08-14 01:53:55,932] {dag.py:2972} INFO - Setting next_dagrun for dependencies to 2024-05-20T00:00:00+00:00, run_after=2024-05-20T00:00:00+00:00
[2024-08-14 01:53:55,941] {processor.py:161} INFO - Processing /opt/airflow/dags/3-dependencies.py took 0.049 seconds
[2024-08-14 01:54:26,343] {processor.py:153} INFO - Started process (PID=47509) to work on /opt/airflow/dags/3-dependencies.py
[2024-08-14 01:54:26,344] {processor.py:641} INFO - Processing file /opt/airflow/dags/3-dependencies.py for tasks to queue
[2024-08-14 01:54:26,344] {logging_mixin.py:115} INFO - [2024-08-14 01:54:26,344] {dagbag.py:508} INFO - Filling up the DagBag from /opt/airflow/dags/3-dependencies.py
[2024-08-14 01:54:26,351] {processor.py:651} INFO - DAG(s) dict_keys(['dependencies']) retrieved from /opt/airflow/dags/3-dependencies.py
[2024-08-14 01:54:26,372] {logging_mixin.py:115} INFO - [2024-08-14 01:54:26,372] {dag.py:2420} INFO - Sync 1 DAGs
[2024-08-14 01:54:26,392] {logging_mixin.py:115} INFO - [2024-08-14 01:54:26,392] {dag.py:2972} INFO - Setting next_dagrun for dependencies to 2024-05-20T00:00:00+00:00, run_after=2024-05-20T00:00:00+00:00
[2024-08-14 01:54:26,403] {processor.py:161} INFO - Processing /opt/airflow/dags/3-dependencies.py took 0.062 seconds
[2024-08-14 01:54:56,846] {processor.py:153} INFO - Started process (PID=47547) to work on /opt/airflow/dags/3-dependencies.py
[2024-08-14 01:54:56,846] {processor.py:641} INFO - Processing file /opt/airflow/dags/3-dependencies.py for tasks to queue
[2024-08-14 01:54:56,847] {logging_mixin.py:115} INFO - [2024-08-14 01:54:56,846] {dagbag.py:508} INFO - Filling up the DagBag from /opt/airflow/dags/3-dependencies.py
[2024-08-14 01:54:56,853] {processor.py:651} INFO - DAG(s) dict_keys(['dependencies']) retrieved from /opt/airflow/dags/3-dependencies.py
[2024-08-14 01:54:56,869] {logging_mixin.py:115} INFO - [2024-08-14 01:54:56,868] {dag.py:2420} INFO - Sync 1 DAGs
[2024-08-14 01:54:56,881] {logging_mixin.py:115} INFO - [2024-08-14 01:54:56,881] {dag.py:2972} INFO - Setting next_dagrun for dependencies to 2024-05-20T00:00:00+00:00, run_after=2024-05-20T00:00:00+00:00
[2024-08-14 01:54:56,891] {processor.py:161} INFO - Processing /opt/airflow/dags/3-dependencies.py took 0.047 seconds
[2024-08-14 01:55:27,348] {processor.py:153} INFO - Started process (PID=47586) to work on /opt/airflow/dags/3-dependencies.py
[2024-08-14 01:55:27,349] {processor.py:641} INFO - Processing file /opt/airflow/dags/3-dependencies.py for tasks to queue
[2024-08-14 01:55:27,349] {logging_mixin.py:115} INFO - [2024-08-14 01:55:27,349] {dagbag.py:508} INFO - Filling up the DagBag from /opt/airflow/dags/3-dependencies.py
[2024-08-14 01:55:27,356] {processor.py:651} INFO - DAG(s) dict_keys(['dependencies']) retrieved from /opt/airflow/dags/3-dependencies.py
[2024-08-14 01:55:27,373] {logging_mixin.py:115} INFO - [2024-08-14 01:55:27,373] {dag.py:2420} INFO - Sync 1 DAGs
[2024-08-14 01:55:27,389] {logging_mixin.py:115} INFO - [2024-08-14 01:55:27,389] {dag.py:2972} INFO - Setting next_dagrun for dependencies to 2024-05-20T00:00:00+00:00, run_after=2024-05-20T00:00:00+00:00
[2024-08-14 01:55:27,398] {processor.py:161} INFO - Processing /opt/airflow/dags/3-dependencies.py took 0.053 seconds
[2024-08-14 01:55:57,795] {processor.py:153} INFO - Started process (PID=47624) to work on /opt/airflow/dags/3-dependencies.py
[2024-08-14 01:55:57,795] {processor.py:641} INFO - Processing file /opt/airflow/dags/3-dependencies.py for tasks to queue
[2024-08-14 01:55:57,796] {logging_mixin.py:115} INFO - [2024-08-14 01:55:57,795] {dagbag.py:508} INFO - Filling up the DagBag from /opt/airflow/dags/3-dependencies.py
[2024-08-14 01:55:57,802] {processor.py:651} INFO - DAG(s) dict_keys(['dependencies']) retrieved from /opt/airflow/dags/3-dependencies.py
[2024-08-14 01:55:57,817] {logging_mixin.py:115} INFO - [2024-08-14 01:55:57,817] {dag.py:2420} INFO - Sync 1 DAGs
[2024-08-14 01:55:57,830] {logging_mixin.py:115} INFO - [2024-08-14 01:55:57,830] {dag.py:2972} INFO - Setting next_dagrun for dependencies to 2024-05-20T00:00:00+00:00, run_after=2024-05-20T00:00:00+00:00
[2024-08-14 01:55:57,838] {processor.py:161} INFO - Processing /opt/airflow/dags/3-dependencies.py took 0.045 seconds
[2024-08-14 01:56:28,390] {processor.py:153} INFO - Started process (PID=47663) to work on /opt/airflow/dags/3-dependencies.py
[2024-08-14 01:56:28,390] {processor.py:641} INFO - Processing file /opt/airflow/dags/3-dependencies.py for tasks to queue
[2024-08-14 01:56:28,391] {logging_mixin.py:115} INFO - [2024-08-14 01:56:28,391] {dagbag.py:508} INFO - Filling up the DagBag from /opt/airflow/dags/3-dependencies.py
[2024-08-14 01:56:28,398] {processor.py:651} INFO - DAG(s) dict_keys(['dependencies']) retrieved from /opt/airflow/dags/3-dependencies.py
[2024-08-14 01:56:28,416] {logging_mixin.py:115} INFO - [2024-08-14 01:56:28,416] {dag.py:2420} INFO - Sync 1 DAGs
[2024-08-14 01:56:28,430] {logging_mixin.py:115} INFO - [2024-08-14 01:56:28,430] {dag.py:2972} INFO - Setting next_dagrun for dependencies to 2024-05-20T00:00:00+00:00, run_after=2024-05-20T00:00:00+00:00
[2024-08-14 01:56:28,438] {processor.py:161} INFO - Processing /opt/airflow/dags/3-dependencies.py took 0.050 seconds
[2024-08-14 01:56:58,923] {processor.py:153} INFO - Started process (PID=47702) to work on /opt/airflow/dags/3-dependencies.py
[2024-08-14 01:56:58,923] {processor.py:641} INFO - Processing file /opt/airflow/dags/3-dependencies.py for tasks to queue
[2024-08-14 01:56:58,924] {logging_mixin.py:115} INFO - [2024-08-14 01:56:58,924] {dagbag.py:508} INFO - Filling up the DagBag from /opt/airflow/dags/3-dependencies.py
[2024-08-14 01:56:58,930] {processor.py:651} INFO - DAG(s) dict_keys(['dependencies']) retrieved from /opt/airflow/dags/3-dependencies.py
[2024-08-14 01:56:58,956] {logging_mixin.py:115} INFO - [2024-08-14 01:56:58,956] {dag.py:2420} INFO - Sync 1 DAGs
[2024-08-14 01:56:58,973] {logging_mixin.py:115} INFO - [2024-08-14 01:56:58,973] {dag.py:2972} INFO - Setting next_dagrun for dependencies to 2024-05-20T00:00:00+00:00, run_after=2024-05-20T00:00:00+00:00
[2024-08-14 01:56:58,983] {processor.py:161} INFO - Processing /opt/airflow/dags/3-dependencies.py took 0.063 seconds
[2024-08-14 01:57:29,410] {processor.py:153} INFO - Started process (PID=47731) to work on /opt/airflow/dags/3-dependencies.py
[2024-08-14 01:57:29,411] {processor.py:641} INFO - Processing file /opt/airflow/dags/3-dependencies.py for tasks to queue
[2024-08-14 01:57:29,411] {logging_mixin.py:115} INFO - [2024-08-14 01:57:29,411] {dagbag.py:508} INFO - Filling up the DagBag from /opt/airflow/dags/3-dependencies.py
[2024-08-14 01:57:29,417] {processor.py:651} INFO - DAG(s) dict_keys(['dependencies']) retrieved from /opt/airflow/dags/3-dependencies.py
[2024-08-14 01:57:29,433] {logging_mixin.py:115} INFO - [2024-08-14 01:57:29,432] {dag.py:2420} INFO - Sync 1 DAGs
[2024-08-14 01:57:29,446] {logging_mixin.py:115} INFO - [2024-08-14 01:57:29,446] {dag.py:2972} INFO - Setting next_dagrun for dependencies to 2024-05-20T00:00:00+00:00, run_after=2024-05-20T00:00:00+00:00
[2024-08-14 01:57:29,455] {processor.py:161} INFO - Processing /opt/airflow/dags/3-dependencies.py took 0.047 seconds
[2024-08-14 01:57:59,879] {processor.py:153} INFO - Started process (PID=47770) to work on /opt/airflow/dags/3-dependencies.py
[2024-08-14 01:57:59,879] {processor.py:641} INFO - Processing file /opt/airflow/dags/3-dependencies.py for tasks to queue
[2024-08-14 01:57:59,880] {logging_mixin.py:115} INFO - [2024-08-14 01:57:59,880] {dagbag.py:508} INFO - Filling up the DagBag from /opt/airflow/dags/3-dependencies.py
[2024-08-14 01:57:59,886] {processor.py:651} INFO - DAG(s) dict_keys(['dependencies']) retrieved from /opt/airflow/dags/3-dependencies.py
[2024-08-14 01:57:59,904] {logging_mixin.py:115} INFO - [2024-08-14 01:57:59,904] {dag.py:2420} INFO - Sync 1 DAGs
[2024-08-14 01:57:59,920] {logging_mixin.py:115} INFO - [2024-08-14 01:57:59,920] {dag.py:2972} INFO - Setting next_dagrun for dependencies to 2024-05-20T00:00:00+00:00, run_after=2024-05-20T00:00:00+00:00
[2024-08-14 01:57:59,934] {processor.py:161} INFO - Processing /opt/airflow/dags/3-dependencies.py took 0.058 seconds
[2024-08-14 01:58:30,367] {processor.py:153} INFO - Started process (PID=47809) to work on /opt/airflow/dags/3-dependencies.py
[2024-08-14 01:58:30,368] {processor.py:641} INFO - Processing file /opt/airflow/dags/3-dependencies.py for tasks to queue
[2024-08-14 01:58:30,368] {logging_mixin.py:115} INFO - [2024-08-14 01:58:30,368] {dagbag.py:508} INFO - Filling up the DagBag from /opt/airflow/dags/3-dependencies.py
[2024-08-14 01:58:30,376] {processor.py:651} INFO - DAG(s) dict_keys(['dependencies']) retrieved from /opt/airflow/dags/3-dependencies.py
[2024-08-14 01:58:30,392] {logging_mixin.py:115} INFO - [2024-08-14 01:58:30,392] {dag.py:2420} INFO - Sync 1 DAGs
[2024-08-14 01:58:30,407] {logging_mixin.py:115} INFO - [2024-08-14 01:58:30,407] {dag.py:2972} INFO - Setting next_dagrun for dependencies to 2024-05-20T00:00:00+00:00, run_after=2024-05-20T00:00:00+00:00
[2024-08-14 01:58:30,417] {processor.py:161} INFO - Processing /opt/airflow/dags/3-dependencies.py took 0.052 seconds
[2024-08-14 01:59:00,832] {processor.py:153} INFO - Started process (PID=47848) to work on /opt/airflow/dags/3-dependencies.py
[2024-08-14 01:59:00,832] {processor.py:641} INFO - Processing file /opt/airflow/dags/3-dependencies.py for tasks to queue
[2024-08-14 01:59:00,833] {logging_mixin.py:115} INFO - [2024-08-14 01:59:00,832] {dagbag.py:508} INFO - Filling up the DagBag from /opt/airflow/dags/3-dependencies.py
[2024-08-14 01:59:00,839] {processor.py:651} INFO - DAG(s) dict_keys(['dependencies']) retrieved from /opt/airflow/dags/3-dependencies.py
[2024-08-14 01:59:00,854] {logging_mixin.py:115} INFO - [2024-08-14 01:59:00,854] {dag.py:2420} INFO - Sync 1 DAGs
[2024-08-14 01:59:00,869] {logging_mixin.py:115} INFO - [2024-08-14 01:59:00,869] {dag.py:2972} INFO - Setting next_dagrun for dependencies to 2024-05-20T00:00:00+00:00, run_after=2024-05-20T00:00:00+00:00
[2024-08-14 01:59:00,877] {processor.py:161} INFO - Processing /opt/airflow/dags/3-dependencies.py took 0.048 seconds
[2024-08-14 01:59:31,297] {processor.py:153} INFO - Started process (PID=47887) to work on /opt/airflow/dags/3-dependencies.py
[2024-08-14 01:59:31,297] {processor.py:641} INFO - Processing file /opt/airflow/dags/3-dependencies.py for tasks to queue
[2024-08-14 01:59:31,298] {logging_mixin.py:115} INFO - [2024-08-14 01:59:31,298] {dagbag.py:508} INFO - Filling up the DagBag from /opt/airflow/dags/3-dependencies.py
[2024-08-14 01:59:31,304] {processor.py:651} INFO - DAG(s) dict_keys(['dependencies']) retrieved from /opt/airflow/dags/3-dependencies.py
[2024-08-14 01:59:31,322] {logging_mixin.py:115} INFO - [2024-08-14 01:59:31,322] {dag.py:2420} INFO - Sync 1 DAGs
[2024-08-14 01:59:31,335] {logging_mixin.py:115} INFO - [2024-08-14 01:59:31,335] {dag.py:2972} INFO - Setting next_dagrun for dependencies to 2024-05-20T00:00:00+00:00, run_after=2024-05-20T00:00:00+00:00
[2024-08-14 01:59:31,344] {processor.py:161} INFO - Processing /opt/airflow/dags/3-dependencies.py took 0.050 seconds
[2024-08-14 02:00:01,813] {processor.py:153} INFO - Started process (PID=47916) to work on /opt/airflow/dags/3-dependencies.py
[2024-08-14 02:00:01,814] {processor.py:641} INFO - Processing file /opt/airflow/dags/3-dependencies.py for tasks to queue
[2024-08-14 02:00:01,814] {logging_mixin.py:115} INFO - [2024-08-14 02:00:01,814] {dagbag.py:508} INFO - Filling up the DagBag from /opt/airflow/dags/3-dependencies.py
[2024-08-14 02:00:01,820] {processor.py:651} INFO - DAG(s) dict_keys(['dependencies']) retrieved from /opt/airflow/dags/3-dependencies.py
[2024-08-14 02:00:01,836] {logging_mixin.py:115} INFO - [2024-08-14 02:00:01,836] {dag.py:2420} INFO - Sync 1 DAGs
[2024-08-14 02:00:01,849] {logging_mixin.py:115} INFO - [2024-08-14 02:00:01,849] {dag.py:2972} INFO - Setting next_dagrun for dependencies to 2024-05-20T00:00:00+00:00, run_after=2024-05-20T00:00:00+00:00
[2024-08-14 02:00:01,856] {processor.py:161} INFO - Processing /opt/airflow/dags/3-dependencies.py took 0.045 seconds
[2024-08-14 02:00:32,244] {processor.py:153} INFO - Started process (PID=47955) to work on /opt/airflow/dags/3-dependencies.py
[2024-08-14 02:00:32,244] {processor.py:641} INFO - Processing file /opt/airflow/dags/3-dependencies.py for tasks to queue
[2024-08-14 02:00:32,245] {logging_mixin.py:115} INFO - [2024-08-14 02:00:32,245] {dagbag.py:508} INFO - Filling up the DagBag from /opt/airflow/dags/3-dependencies.py
[2024-08-14 02:00:32,250] {processor.py:651} INFO - DAG(s) dict_keys(['dependencies']) retrieved from /opt/airflow/dags/3-dependencies.py
[2024-08-14 02:00:32,265] {logging_mixin.py:115} INFO - [2024-08-14 02:00:32,265] {dag.py:2420} INFO - Sync 1 DAGs
[2024-08-14 02:00:32,280] {logging_mixin.py:115} INFO - [2024-08-14 02:00:32,280] {dag.py:2972} INFO - Setting next_dagrun for dependencies to 2024-05-20T00:00:00+00:00, run_after=2024-05-20T00:00:00+00:00
[2024-08-14 02:00:32,289] {processor.py:161} INFO - Processing /opt/airflow/dags/3-dependencies.py took 0.047 seconds
[2024-08-14 02:01:02,714] {processor.py:153} INFO - Started process (PID=47994) to work on /opt/airflow/dags/3-dependencies.py
[2024-08-14 02:01:02,714] {processor.py:641} INFO - Processing file /opt/airflow/dags/3-dependencies.py for tasks to queue
[2024-08-14 02:01:02,714] {logging_mixin.py:115} INFO - [2024-08-14 02:01:02,714] {dagbag.py:508} INFO - Filling up the DagBag from /opt/airflow/dags/3-dependencies.py
[2024-08-14 02:01:02,720] {processor.py:651} INFO - DAG(s) dict_keys(['dependencies']) retrieved from /opt/airflow/dags/3-dependencies.py
[2024-08-14 02:01:02,736] {logging_mixin.py:115} INFO - [2024-08-14 02:01:02,736] {dag.py:2420} INFO - Sync 1 DAGs
[2024-08-14 02:01:02,751] {logging_mixin.py:115} INFO - [2024-08-14 02:01:02,751] {dag.py:2972} INFO - Setting next_dagrun for dependencies to 2024-05-20T00:00:00+00:00, run_after=2024-05-20T00:00:00+00:00
[2024-08-14 02:01:02,759] {processor.py:161} INFO - Processing /opt/airflow/dags/3-dependencies.py took 0.048 seconds
[2024-08-14 02:01:33,222] {processor.py:153} INFO - Started process (PID=48033) to work on /opt/airflow/dags/3-dependencies.py
[2024-08-14 02:01:33,223] {processor.py:641} INFO - Processing file /opt/airflow/dags/3-dependencies.py for tasks to queue
[2024-08-14 02:01:33,223] {logging_mixin.py:115} INFO - [2024-08-14 02:01:33,223] {dagbag.py:508} INFO - Filling up the DagBag from /opt/airflow/dags/3-dependencies.py
[2024-08-14 02:01:33,229] {processor.py:651} INFO - DAG(s) dict_keys(['dependencies']) retrieved from /opt/airflow/dags/3-dependencies.py
[2024-08-14 02:01:33,248] {logging_mixin.py:115} INFO - [2024-08-14 02:01:33,248] {dag.py:2420} INFO - Sync 1 DAGs
[2024-08-14 02:01:33,262] {logging_mixin.py:115} INFO - [2024-08-14 02:01:33,262] {dag.py:2972} INFO - Setting next_dagrun for dependencies to 2024-05-20T00:00:00+00:00, run_after=2024-05-20T00:00:00+00:00
[2024-08-14 02:01:33,272] {processor.py:161} INFO - Processing /opt/airflow/dags/3-dependencies.py took 0.052 seconds
[2024-08-14 02:02:03,706] {processor.py:153} INFO - Started process (PID=48071) to work on /opt/airflow/dags/3-dependencies.py
[2024-08-14 02:02:03,706] {processor.py:641} INFO - Processing file /opt/airflow/dags/3-dependencies.py for tasks to queue
[2024-08-14 02:02:03,707] {logging_mixin.py:115} INFO - [2024-08-14 02:02:03,707] {dagbag.py:508} INFO - Filling up the DagBag from /opt/airflow/dags/3-dependencies.py
[2024-08-14 02:02:03,713] {processor.py:651} INFO - DAG(s) dict_keys(['dependencies']) retrieved from /opt/airflow/dags/3-dependencies.py
[2024-08-14 02:02:03,728] {logging_mixin.py:115} INFO - [2024-08-14 02:02:03,728] {dag.py:2420} INFO - Sync 1 DAGs
[2024-08-14 02:02:03,742] {logging_mixin.py:115} INFO - [2024-08-14 02:02:03,742] {dag.py:2972} INFO - Setting next_dagrun for dependencies to 2024-05-20T00:00:00+00:00, run_after=2024-05-20T00:00:00+00:00
[2024-08-14 02:02:03,751] {processor.py:161} INFO - Processing /opt/airflow/dags/3-dependencies.py took 0.047 seconds
[2024-08-14 02:02:34,135] {processor.py:153} INFO - Started process (PID=48110) to work on /opt/airflow/dags/3-dependencies.py
[2024-08-14 02:02:34,135] {processor.py:641} INFO - Processing file /opt/airflow/dags/3-dependencies.py for tasks to queue
[2024-08-14 02:02:34,135] {logging_mixin.py:115} INFO - [2024-08-14 02:02:34,135] {dagbag.py:508} INFO - Filling up the DagBag from /opt/airflow/dags/3-dependencies.py
[2024-08-14 02:02:34,141] {processor.py:651} INFO - DAG(s) dict_keys(['dependencies']) retrieved from /opt/airflow/dags/3-dependencies.py
[2024-08-14 02:02:34,161] {logging_mixin.py:115} INFO - [2024-08-14 02:02:34,160] {dag.py:2420} INFO - Sync 1 DAGs
[2024-08-14 02:02:34,174] {logging_mixin.py:115} INFO - [2024-08-14 02:02:34,174] {dag.py:2972} INFO - Setting next_dagrun for dependencies to 2024-05-20T00:00:00+00:00, run_after=2024-05-20T00:00:00+00:00
[2024-08-14 02:02:34,183] {processor.py:161} INFO - Processing /opt/airflow/dags/3-dependencies.py took 0.051 seconds
[2024-08-14 02:03:04,576] {processor.py:153} INFO - Started process (PID=48140) to work on /opt/airflow/dags/3-dependencies.py
[2024-08-14 02:03:04,577] {processor.py:641} INFO - Processing file /opt/airflow/dags/3-dependencies.py for tasks to queue
[2024-08-14 02:03:04,577] {logging_mixin.py:115} INFO - [2024-08-14 02:03:04,577] {dagbag.py:508} INFO - Filling up the DagBag from /opt/airflow/dags/3-dependencies.py
[2024-08-14 02:03:04,583] {processor.py:651} INFO - DAG(s) dict_keys(['dependencies']) retrieved from /opt/airflow/dags/3-dependencies.py
[2024-08-14 02:03:04,598] {logging_mixin.py:115} INFO - [2024-08-14 02:03:04,597] {dag.py:2420} INFO - Sync 1 DAGs
[2024-08-14 02:03:04,611] {logging_mixin.py:115} INFO - [2024-08-14 02:03:04,610] {dag.py:2972} INFO - Setting next_dagrun for dependencies to 2024-05-20T00:00:00+00:00, run_after=2024-05-20T00:00:00+00:00
[2024-08-14 02:03:04,620] {processor.py:161} INFO - Processing /opt/airflow/dags/3-dependencies.py took 0.045 seconds
[2024-08-14 02:03:35,098] {processor.py:153} INFO - Started process (PID=48179) to work on /opt/airflow/dags/3-dependencies.py
[2024-08-14 02:03:35,098] {processor.py:641} INFO - Processing file /opt/airflow/dags/3-dependencies.py for tasks to queue
[2024-08-14 02:03:35,099] {logging_mixin.py:115} INFO - [2024-08-14 02:03:35,099] {dagbag.py:508} INFO - Filling up the DagBag from /opt/airflow/dags/3-dependencies.py
[2024-08-14 02:03:35,106] {processor.py:651} INFO - DAG(s) dict_keys(['dependencies']) retrieved from /opt/airflow/dags/3-dependencies.py
[2024-08-14 02:03:35,122] {logging_mixin.py:115} INFO - [2024-08-14 02:03:35,122] {dag.py:2420} INFO - Sync 1 DAGs
[2024-08-14 02:03:35,135] {logging_mixin.py:115} INFO - [2024-08-14 02:03:35,135] {dag.py:2972} INFO - Setting next_dagrun for dependencies to 2024-05-20T00:00:00+00:00, run_after=2024-05-20T00:00:00+00:00
[2024-08-14 02:03:35,142] {processor.py:161} INFO - Processing /opt/airflow/dags/3-dependencies.py took 0.047 seconds
[2024-08-14 02:04:05,581] {processor.py:153} INFO - Started process (PID=48218) to work on /opt/airflow/dags/3-dependencies.py
[2024-08-14 02:04:05,582] {processor.py:641} INFO - Processing file /opt/airflow/dags/3-dependencies.py for tasks to queue
[2024-08-14 02:04:05,582] {logging_mixin.py:115} INFO - [2024-08-14 02:04:05,582] {dagbag.py:508} INFO - Filling up the DagBag from /opt/airflow/dags/3-dependencies.py
[2024-08-14 02:04:05,588] {processor.py:651} INFO - DAG(s) dict_keys(['dependencies']) retrieved from /opt/airflow/dags/3-dependencies.py
[2024-08-14 02:04:05,604] {logging_mixin.py:115} INFO - [2024-08-14 02:04:05,604] {dag.py:2420} INFO - Sync 1 DAGs
[2024-08-14 02:04:05,616] {logging_mixin.py:115} INFO - [2024-08-14 02:04:05,616] {dag.py:2972} INFO - Setting next_dagrun for dependencies to 2024-05-20T00:00:00+00:00, run_after=2024-05-20T00:00:00+00:00
[2024-08-14 02:04:05,624] {processor.py:161} INFO - Processing /opt/airflow/dags/3-dependencies.py took 0.044 seconds
[2024-08-14 02:04:36,006] {processor.py:153} INFO - Started process (PID=48257) to work on /opt/airflow/dags/3-dependencies.py
[2024-08-14 02:04:36,006] {processor.py:641} INFO - Processing file /opt/airflow/dags/3-dependencies.py for tasks to queue
[2024-08-14 02:04:36,006] {logging_mixin.py:115} INFO - [2024-08-14 02:04:36,006] {dagbag.py:508} INFO - Filling up the DagBag from /opt/airflow/dags/3-dependencies.py
[2024-08-14 02:04:36,012] {processor.py:651} INFO - DAG(s) dict_keys(['dependencies']) retrieved from /opt/airflow/dags/3-dependencies.py
[2024-08-14 02:04:36,027] {logging_mixin.py:115} INFO - [2024-08-14 02:04:36,027] {dag.py:2420} INFO - Sync 1 DAGs
[2024-08-14 02:04:36,040] {logging_mixin.py:115} INFO - [2024-08-14 02:04:36,040] {dag.py:2972} INFO - Setting next_dagrun for dependencies to 2024-05-20T00:00:00+00:00, run_after=2024-05-20T00:00:00+00:00
[2024-08-14 02:04:36,048] {processor.py:161} INFO - Processing /opt/airflow/dags/3-dependencies.py took 0.044 seconds
[2024-08-14 02:05:06,460] {processor.py:153} INFO - Started process (PID=48295) to work on /opt/airflow/dags/3-dependencies.py
[2024-08-14 02:05:06,460] {processor.py:641} INFO - Processing file /opt/airflow/dags/3-dependencies.py for tasks to queue
[2024-08-14 02:05:06,461] {logging_mixin.py:115} INFO - [2024-08-14 02:05:06,460] {dagbag.py:508} INFO - Filling up the DagBag from /opt/airflow/dags/3-dependencies.py
[2024-08-14 02:05:06,467] {processor.py:651} INFO - DAG(s) dict_keys(['dependencies']) retrieved from /opt/airflow/dags/3-dependencies.py
[2024-08-14 02:05:06,487] {logging_mixin.py:115} INFO - [2024-08-14 02:05:06,487] {dag.py:2420} INFO - Sync 1 DAGs
[2024-08-14 02:05:06,502] {logging_mixin.py:115} INFO - [2024-08-14 02:05:06,502] {dag.py:2972} INFO - Setting next_dagrun for dependencies to 2024-05-20T00:00:00+00:00, run_after=2024-05-20T00:00:00+00:00
[2024-08-14 02:05:06,511] {processor.py:161} INFO - Processing /opt/airflow/dags/3-dependencies.py took 0.054 seconds
[2024-08-14 02:05:36,906] {processor.py:153} INFO - Started process (PID=48334) to work on /opt/airflow/dags/3-dependencies.py
[2024-08-14 02:05:36,906] {processor.py:641} INFO - Processing file /opt/airflow/dags/3-dependencies.py for tasks to queue
[2024-08-14 02:05:36,906] {logging_mixin.py:115} INFO - [2024-08-14 02:05:36,906] {dagbag.py:508} INFO - Filling up the DagBag from /opt/airflow/dags/3-dependencies.py
[2024-08-14 02:05:36,912] {processor.py:651} INFO - DAG(s) dict_keys(['dependencies']) retrieved from /opt/airflow/dags/3-dependencies.py
[2024-08-14 02:05:36,930] {logging_mixin.py:115} INFO - [2024-08-14 02:05:36,930] {dag.py:2420} INFO - Sync 1 DAGs
[2024-08-14 02:05:36,946] {logging_mixin.py:115} INFO - [2024-08-14 02:05:36,946] {dag.py:2972} INFO - Setting next_dagrun for dependencies to 2024-05-20T00:00:00+00:00, run_after=2024-05-20T00:00:00+00:00
[2024-08-14 02:05:36,954] {processor.py:161} INFO - Processing /opt/airflow/dags/3-dependencies.py took 0.050 seconds
[2024-08-14 02:06:07,403] {processor.py:153} INFO - Started process (PID=48364) to work on /opt/airflow/dags/3-dependencies.py
[2024-08-14 02:06:07,404] {processor.py:641} INFO - Processing file /opt/airflow/dags/3-dependencies.py for tasks to queue
[2024-08-14 02:06:07,404] {logging_mixin.py:115} INFO - [2024-08-14 02:06:07,404] {dagbag.py:508} INFO - Filling up the DagBag from /opt/airflow/dags/3-dependencies.py
[2024-08-14 02:06:07,410] {processor.py:651} INFO - DAG(s) dict_keys(['dependencies']) retrieved from /opt/airflow/dags/3-dependencies.py
[2024-08-14 02:06:07,424] {logging_mixin.py:115} INFO - [2024-08-14 02:06:07,424] {dag.py:2420} INFO - Sync 1 DAGs
[2024-08-14 02:06:07,437] {logging_mixin.py:115} INFO - [2024-08-14 02:06:07,437] {dag.py:2972} INFO - Setting next_dagrun for dependencies to 2024-05-20T00:00:00+00:00, run_after=2024-05-20T00:00:00+00:00
[2024-08-14 02:06:07,445] {processor.py:161} INFO - Processing /opt/airflow/dags/3-dependencies.py took 0.044 seconds
[2024-08-14 02:06:37,877] {processor.py:153} INFO - Started process (PID=48403) to work on /opt/airflow/dags/3-dependencies.py
[2024-08-14 02:06:37,877] {processor.py:641} INFO - Processing file /opt/airflow/dags/3-dependencies.py for tasks to queue
[2024-08-14 02:06:37,877] {logging_mixin.py:115} INFO - [2024-08-14 02:06:37,877] {dagbag.py:508} INFO - Filling up the DagBag from /opt/airflow/dags/3-dependencies.py
[2024-08-14 02:06:37,883] {processor.py:651} INFO - DAG(s) dict_keys(['dependencies']) retrieved from /opt/airflow/dags/3-dependencies.py
[2024-08-14 02:06:37,898] {logging_mixin.py:115} INFO - [2024-08-14 02:06:37,898] {dag.py:2420} INFO - Sync 1 DAGs
[2024-08-14 02:06:37,910] {logging_mixin.py:115} INFO - [2024-08-14 02:06:37,910] {dag.py:2972} INFO - Setting next_dagrun for dependencies to 2024-05-20T00:00:00+00:00, run_after=2024-05-20T00:00:00+00:00
[2024-08-14 02:06:37,917] {processor.py:161} INFO - Processing /opt/airflow/dags/3-dependencies.py took 0.043 seconds
[2024-08-14 02:07:08,321] {processor.py:153} INFO - Started process (PID=48441) to work on /opt/airflow/dags/3-dependencies.py
[2024-08-14 02:07:08,322] {processor.py:641} INFO - Processing file /opt/airflow/dags/3-dependencies.py for tasks to queue
[2024-08-14 02:07:08,322] {logging_mixin.py:115} INFO - [2024-08-14 02:07:08,322] {dagbag.py:508} INFO - Filling up the DagBag from /opt/airflow/dags/3-dependencies.py
[2024-08-14 02:07:08,328] {processor.py:651} INFO - DAG(s) dict_keys(['dependencies']) retrieved from /opt/airflow/dags/3-dependencies.py
[2024-08-14 02:07:08,345] {logging_mixin.py:115} INFO - [2024-08-14 02:07:08,345] {dag.py:2420} INFO - Sync 1 DAGs
[2024-08-14 02:07:08,359] {logging_mixin.py:115} INFO - [2024-08-14 02:07:08,359] {dag.py:2972} INFO - Setting next_dagrun for dependencies to 2024-05-20T00:00:00+00:00, run_after=2024-05-20T00:00:00+00:00
[2024-08-14 02:07:08,367] {processor.py:161} INFO - Processing /opt/airflow/dags/3-dependencies.py took 0.047 seconds
[2024-08-14 02:07:38,775] {processor.py:153} INFO - Started process (PID=48480) to work on /opt/airflow/dags/3-dependencies.py
[2024-08-14 02:07:38,775] {processor.py:641} INFO - Processing file /opt/airflow/dags/3-dependencies.py for tasks to queue
[2024-08-14 02:07:38,776] {logging_mixin.py:115} INFO - [2024-08-14 02:07:38,776] {dagbag.py:508} INFO - Filling up the DagBag from /opt/airflow/dags/3-dependencies.py
[2024-08-14 02:07:38,781] {processor.py:651} INFO - DAG(s) dict_keys(['dependencies']) retrieved from /opt/airflow/dags/3-dependencies.py
[2024-08-14 02:07:38,797] {logging_mixin.py:115} INFO - [2024-08-14 02:07:38,797] {dag.py:2420} INFO - Sync 1 DAGs
[2024-08-14 02:07:38,810] {logging_mixin.py:115} INFO - [2024-08-14 02:07:38,810] {dag.py:2972} INFO - Setting next_dagrun for dependencies to 2024-05-20T00:00:00+00:00, run_after=2024-05-20T00:00:00+00:00
[2024-08-14 02:07:38,818] {processor.py:161} INFO - Processing /opt/airflow/dags/3-dependencies.py took 0.045 seconds
[2024-08-14 02:08:09,305] {processor.py:153} INFO - Started process (PID=48519) to work on /opt/airflow/dags/3-dependencies.py
[2024-08-14 02:08:09,306] {processor.py:641} INFO - Processing file /opt/airflow/dags/3-dependencies.py for tasks to queue
[2024-08-14 02:08:09,306] {logging_mixin.py:115} INFO - [2024-08-14 02:08:09,306] {dagbag.py:508} INFO - Filling up the DagBag from /opt/airflow/dags/3-dependencies.py
[2024-08-14 02:08:09,312] {processor.py:651} INFO - DAG(s) dict_keys(['dependencies']) retrieved from /opt/airflow/dags/3-dependencies.py
[2024-08-14 02:08:09,330] {logging_mixin.py:115} INFO - [2024-08-14 02:08:09,330] {dag.py:2420} INFO - Sync 1 DAGs
[2024-08-14 02:08:09,345] {logging_mixin.py:115} INFO - [2024-08-14 02:08:09,345] {dag.py:2972} INFO - Setting next_dagrun for dependencies to 2024-05-20T00:00:00+00:00, run_after=2024-05-20T00:00:00+00:00
[2024-08-14 02:08:09,353] {processor.py:161} INFO - Processing /opt/airflow/dags/3-dependencies.py took 0.050 seconds
[2024-08-14 02:08:39,804] {processor.py:153} INFO - Started process (PID=48558) to work on /opt/airflow/dags/3-dependencies.py
[2024-08-14 02:08:39,805] {processor.py:641} INFO - Processing file /opt/airflow/dags/3-dependencies.py for tasks to queue
[2024-08-14 02:08:39,805] {logging_mixin.py:115} INFO - [2024-08-14 02:08:39,805] {dagbag.py:508} INFO - Filling up the DagBag from /opt/airflow/dags/3-dependencies.py
[2024-08-14 02:08:39,811] {processor.py:651} INFO - DAG(s) dict_keys(['dependencies']) retrieved from /opt/airflow/dags/3-dependencies.py
[2024-08-14 02:08:39,827] {logging_mixin.py:115} INFO - [2024-08-14 02:08:39,827] {dag.py:2420} INFO - Sync 1 DAGs
[2024-08-14 02:08:39,842] {logging_mixin.py:115} INFO - [2024-08-14 02:08:39,842] {dag.py:2972} INFO - Setting next_dagrun for dependencies to 2024-05-20T00:00:00+00:00, run_after=2024-05-20T00:00:00+00:00
[2024-08-14 02:08:39,850] {processor.py:161} INFO - Processing /opt/airflow/dags/3-dependencies.py took 0.048 seconds
[2024-08-14 02:09:10,311] {processor.py:153} INFO - Started process (PID=48588) to work on /opt/airflow/dags/3-dependencies.py
[2024-08-14 02:09:10,312] {processor.py:641} INFO - Processing file /opt/airflow/dags/3-dependencies.py for tasks to queue
[2024-08-14 02:09:10,312] {logging_mixin.py:115} INFO - [2024-08-14 02:09:10,312] {dagbag.py:508} INFO - Filling up the DagBag from /opt/airflow/dags/3-dependencies.py
[2024-08-14 02:09:10,320] {processor.py:651} INFO - DAG(s) dict_keys(['dependencies']) retrieved from /opt/airflow/dags/3-dependencies.py
[2024-08-14 02:09:10,339] {logging_mixin.py:115} INFO - [2024-08-14 02:09:10,339] {dag.py:2420} INFO - Sync 1 DAGs
[2024-08-14 02:09:10,354] {logging_mixin.py:115} INFO - [2024-08-14 02:09:10,354] {dag.py:2972} INFO - Setting next_dagrun for dependencies to 2024-05-20T00:00:00+00:00, run_after=2024-05-20T00:00:00+00:00
[2024-08-14 02:09:10,363] {processor.py:161} INFO - Processing /opt/airflow/dags/3-dependencies.py took 0.056 seconds
[2024-08-14 02:09:40,749] {processor.py:153} INFO - Started process (PID=48627) to work on /opt/airflow/dags/3-dependencies.py
[2024-08-14 02:09:40,750] {processor.py:641} INFO - Processing file /opt/airflow/dags/3-dependencies.py for tasks to queue
[2024-08-14 02:09:40,750] {logging_mixin.py:115} INFO - [2024-08-14 02:09:40,750] {dagbag.py:508} INFO - Filling up the DagBag from /opt/airflow/dags/3-dependencies.py
[2024-08-14 02:09:40,758] {processor.py:651} INFO - DAG(s) dict_keys(['dependencies']) retrieved from /opt/airflow/dags/3-dependencies.py
[2024-08-14 02:09:40,773] {logging_mixin.py:115} INFO - [2024-08-14 02:09:40,773] {dag.py:2420} INFO - Sync 1 DAGs
[2024-08-14 02:09:40,786] {logging_mixin.py:115} INFO - [2024-08-14 02:09:40,786] {dag.py:2972} INFO - Setting next_dagrun for dependencies to 2024-05-20T00:00:00+00:00, run_after=2024-05-20T00:00:00+00:00
[2024-08-14 02:09:40,794] {processor.py:161} INFO - Processing /opt/airflow/dags/3-dependencies.py took 0.047 seconds
[2024-08-14 02:10:11,206] {processor.py:153} INFO - Started process (PID=48666) to work on /opt/airflow/dags/3-dependencies.py
[2024-08-14 02:10:11,206] {processor.py:641} INFO - Processing file /opt/airflow/dags/3-dependencies.py for tasks to queue
[2024-08-14 02:10:11,207] {logging_mixin.py:115} INFO - [2024-08-14 02:10:11,207] {dagbag.py:508} INFO - Filling up the DagBag from /opt/airflow/dags/3-dependencies.py
[2024-08-14 02:10:11,214] {processor.py:651} INFO - DAG(s) dict_keys(['dependencies']) retrieved from /opt/airflow/dags/3-dependencies.py
[2024-08-14 02:10:11,232] {logging_mixin.py:115} INFO - [2024-08-14 02:10:11,232] {dag.py:2420} INFO - Sync 1 DAGs
[2024-08-14 02:10:11,246] {logging_mixin.py:115} INFO - [2024-08-14 02:10:11,246] {dag.py:2972} INFO - Setting next_dagrun for dependencies to 2024-05-20T00:00:00+00:00, run_after=2024-05-20T00:00:00+00:00
[2024-08-14 02:10:11,254] {processor.py:161} INFO - Processing /opt/airflow/dags/3-dependencies.py took 0.050 seconds
[2024-08-14 02:10:41,645] {processor.py:153} INFO - Started process (PID=48704) to work on /opt/airflow/dags/3-dependencies.py
[2024-08-14 02:10:41,645] {processor.py:641} INFO - Processing file /opt/airflow/dags/3-dependencies.py for tasks to queue
[2024-08-14 02:10:41,646] {logging_mixin.py:115} INFO - [2024-08-14 02:10:41,646] {dagbag.py:508} INFO - Filling up the DagBag from /opt/airflow/dags/3-dependencies.py
[2024-08-14 02:10:41,653] {processor.py:651} INFO - DAG(s) dict_keys(['dependencies']) retrieved from /opt/airflow/dags/3-dependencies.py
[2024-08-14 02:10:41,669] {logging_mixin.py:115} INFO - [2024-08-14 02:10:41,669] {dag.py:2420} INFO - Sync 1 DAGs
[2024-08-14 02:10:41,683] {logging_mixin.py:115} INFO - [2024-08-14 02:10:41,683] {dag.py:2972} INFO - Setting next_dagrun for dependencies to 2024-05-20T00:00:00+00:00, run_after=2024-05-20T00:00:00+00:00
[2024-08-14 02:10:41,690] {processor.py:161} INFO - Processing /opt/airflow/dags/3-dependencies.py took 0.049 seconds
[2024-08-14 02:11:12,120] {processor.py:153} INFO - Started process (PID=48743) to work on /opt/airflow/dags/3-dependencies.py
[2024-08-14 02:11:12,120] {processor.py:641} INFO - Processing file /opt/airflow/dags/3-dependencies.py for tasks to queue
[2024-08-14 02:11:12,120] {logging_mixin.py:115} INFO - [2024-08-14 02:11:12,120] {dagbag.py:508} INFO - Filling up the DagBag from /opt/airflow/dags/3-dependencies.py
[2024-08-14 02:11:12,129] {processor.py:651} INFO - DAG(s) dict_keys(['dependencies']) retrieved from /opt/airflow/dags/3-dependencies.py
[2024-08-14 02:11:12,143] {logging_mixin.py:115} INFO - [2024-08-14 02:11:12,143] {dag.py:2420} INFO - Sync 1 DAGs
[2024-08-14 02:11:12,157] {logging_mixin.py:115} INFO - [2024-08-14 02:11:12,157] {dag.py:2972} INFO - Setting next_dagrun for dependencies to 2024-05-20T00:00:00+00:00, run_after=2024-05-20T00:00:00+00:00
[2024-08-14 02:11:12,165] {processor.py:161} INFO - Processing /opt/airflow/dags/3-dependencies.py took 0.047 seconds
[2024-08-14 02:11:42,586] {processor.py:153} INFO - Started process (PID=48773) to work on /opt/airflow/dags/3-dependencies.py
[2024-08-14 02:11:42,587] {processor.py:641} INFO - Processing file /opt/airflow/dags/3-dependencies.py for tasks to queue
[2024-08-14 02:11:42,587] {logging_mixin.py:115} INFO - [2024-08-14 02:11:42,587] {dagbag.py:508} INFO - Filling up the DagBag from /opt/airflow/dags/3-dependencies.py
[2024-08-14 02:11:42,593] {processor.py:651} INFO - DAG(s) dict_keys(['dependencies']) retrieved from /opt/airflow/dags/3-dependencies.py
[2024-08-14 02:11:42,608] {logging_mixin.py:115} INFO - [2024-08-14 02:11:42,608] {dag.py:2420} INFO - Sync 1 DAGs
[2024-08-14 02:11:42,622] {logging_mixin.py:115} INFO - [2024-08-14 02:11:42,622] {dag.py:2972} INFO - Setting next_dagrun for dependencies to 2024-05-20T00:00:00+00:00, run_after=2024-05-20T00:00:00+00:00
[2024-08-14 02:11:42,632] {processor.py:161} INFO - Processing /opt/airflow/dags/3-dependencies.py took 0.048 seconds
[2024-08-14 02:12:13,120] {processor.py:153} INFO - Started process (PID=48810) to work on /opt/airflow/dags/3-dependencies.py
[2024-08-14 02:12:13,121] {processor.py:641} INFO - Processing file /opt/airflow/dags/3-dependencies.py for tasks to queue
[2024-08-14 02:12:13,122] {logging_mixin.py:115} INFO - [2024-08-14 02:12:13,122] {dagbag.py:508} INFO - Filling up the DagBag from /opt/airflow/dags/3-dependencies.py
[2024-08-14 02:12:13,131] {processor.py:651} INFO - DAG(s) dict_keys(['dependencies']) retrieved from /opt/airflow/dags/3-dependencies.py
[2024-08-14 02:12:13,147] {logging_mixin.py:115} INFO - [2024-08-14 02:12:13,147] {dag.py:2420} INFO - Sync 1 DAGs
[2024-08-14 02:12:13,159] {logging_mixin.py:115} INFO - [2024-08-14 02:12:13,159] {dag.py:2972} INFO - Setting next_dagrun for dependencies to 2024-05-20T00:00:00+00:00, run_after=2024-05-20T00:00:00+00:00
[2024-08-14 02:12:13,167] {processor.py:161} INFO - Processing /opt/airflow/dags/3-dependencies.py took 0.051 seconds
[2024-08-14 02:12:43,546] {processor.py:153} INFO - Started process (PID=48848) to work on /opt/airflow/dags/3-dependencies.py
[2024-08-14 02:12:43,546] {processor.py:641} INFO - Processing file /opt/airflow/dags/3-dependencies.py for tasks to queue
[2024-08-14 02:12:43,547] {logging_mixin.py:115} INFO - [2024-08-14 02:12:43,546] {dagbag.py:508} INFO - Filling up the DagBag from /opt/airflow/dags/3-dependencies.py
[2024-08-14 02:12:43,552] {processor.py:651} INFO - DAG(s) dict_keys(['dependencies']) retrieved from /opt/airflow/dags/3-dependencies.py
[2024-08-14 02:12:43,568] {logging_mixin.py:115} INFO - [2024-08-14 02:12:43,568] {dag.py:2420} INFO - Sync 1 DAGs
[2024-08-14 02:12:43,581] {logging_mixin.py:115} INFO - [2024-08-14 02:12:43,581] {dag.py:2972} INFO - Setting next_dagrun for dependencies to 2024-05-20T00:00:00+00:00, run_after=2024-05-20T00:00:00+00:00
[2024-08-14 02:12:43,588] {processor.py:161} INFO - Processing /opt/airflow/dags/3-dependencies.py took 0.045 seconds
[2024-08-14 02:13:13,970] {processor.py:153} INFO - Started process (PID=48886) to work on /opt/airflow/dags/3-dependencies.py
[2024-08-14 02:13:13,971] {processor.py:641} INFO - Processing file /opt/airflow/dags/3-dependencies.py for tasks to queue
[2024-08-14 02:13:13,971] {logging_mixin.py:115} INFO - [2024-08-14 02:13:13,971] {dagbag.py:508} INFO - Filling up the DagBag from /opt/airflow/dags/3-dependencies.py
[2024-08-14 02:13:13,977] {processor.py:651} INFO - DAG(s) dict_keys(['dependencies']) retrieved from /opt/airflow/dags/3-dependencies.py
[2024-08-14 02:13:13,994] {logging_mixin.py:115} INFO - [2024-08-14 02:13:13,993] {dag.py:2420} INFO - Sync 1 DAGs
[2024-08-14 02:13:14,007] {logging_mixin.py:115} INFO - [2024-08-14 02:13:14,006] {dag.py:2972} INFO - Setting next_dagrun for dependencies to 2024-05-20T00:00:00+00:00, run_after=2024-05-20T00:00:00+00:00
[2024-08-14 02:13:14,014] {processor.py:161} INFO - Processing /opt/airflow/dags/3-dependencies.py took 0.048 seconds
[2024-08-14 02:13:44,413] {processor.py:153} INFO - Started process (PID=48924) to work on /opt/airflow/dags/3-dependencies.py
[2024-08-14 02:13:44,414] {processor.py:641} INFO - Processing file /opt/airflow/dags/3-dependencies.py for tasks to queue
[2024-08-14 02:13:44,414] {logging_mixin.py:115} INFO - [2024-08-14 02:13:44,414] {dagbag.py:508} INFO - Filling up the DagBag from /opt/airflow/dags/3-dependencies.py
[2024-08-14 02:13:44,422] {processor.py:651} INFO - DAG(s) dict_keys(['dependencies']) retrieved from /opt/airflow/dags/3-dependencies.py
[2024-08-14 02:13:44,437] {logging_mixin.py:115} INFO - [2024-08-14 02:13:44,437] {dag.py:2420} INFO - Sync 1 DAGs
[2024-08-14 02:13:44,453] {logging_mixin.py:115} INFO - [2024-08-14 02:13:44,453] {dag.py:2972} INFO - Setting next_dagrun for dependencies to 2024-05-20T00:00:00+00:00, run_after=2024-05-20T00:00:00+00:00
[2024-08-14 02:13:44,463] {processor.py:161} INFO - Processing /opt/airflow/dags/3-dependencies.py took 0.052 seconds
[2024-08-14 02:14:14,852] {processor.py:153} INFO - Started process (PID=48963) to work on /opt/airflow/dags/3-dependencies.py
[2024-08-14 02:14:14,852] {processor.py:641} INFO - Processing file /opt/airflow/dags/3-dependencies.py for tasks to queue
[2024-08-14 02:14:14,853] {logging_mixin.py:115} INFO - [2024-08-14 02:14:14,853] {dagbag.py:508} INFO - Filling up the DagBag from /opt/airflow/dags/3-dependencies.py
[2024-08-14 02:14:14,859] {processor.py:651} INFO - DAG(s) dict_keys(['dependencies']) retrieved from /opt/airflow/dags/3-dependencies.py
[2024-08-14 02:14:14,879] {logging_mixin.py:115} INFO - [2024-08-14 02:14:14,879] {dag.py:2420} INFO - Sync 1 DAGs
[2024-08-14 02:14:14,892] {logging_mixin.py:115} INFO - [2024-08-14 02:14:14,892] {dag.py:2972} INFO - Setting next_dagrun for dependencies to 2024-05-20T00:00:00+00:00, run_after=2024-05-20T00:00:00+00:00
[2024-08-14 02:14:14,901] {processor.py:161} INFO - Processing /opt/airflow/dags/3-dependencies.py took 0.053 seconds
[2024-08-14 02:14:45,304] {processor.py:153} INFO - Started process (PID=48993) to work on /opt/airflow/dags/3-dependencies.py
[2024-08-14 02:14:45,305] {processor.py:641} INFO - Processing file /opt/airflow/dags/3-dependencies.py for tasks to queue
[2024-08-14 02:14:45,305] {logging_mixin.py:115} INFO - [2024-08-14 02:14:45,305] {dagbag.py:508} INFO - Filling up the DagBag from /opt/airflow/dags/3-dependencies.py
[2024-08-14 02:14:45,311] {processor.py:651} INFO - DAG(s) dict_keys(['dependencies']) retrieved from /opt/airflow/dags/3-dependencies.py
[2024-08-14 02:14:45,330] {logging_mixin.py:115} INFO - [2024-08-14 02:14:45,330] {dag.py:2420} INFO - Sync 1 DAGs
[2024-08-14 02:14:45,345] {logging_mixin.py:115} INFO - [2024-08-14 02:14:45,345] {dag.py:2972} INFO - Setting next_dagrun for dependencies to 2024-05-20T00:00:00+00:00, run_after=2024-05-20T00:00:00+00:00
[2024-08-14 02:14:45,353] {processor.py:161} INFO - Processing /opt/airflow/dags/3-dependencies.py took 0.051 seconds
[2024-08-14 02:15:15,741] {processor.py:153} INFO - Started process (PID=49032) to work on /opt/airflow/dags/3-dependencies.py
[2024-08-14 02:15:15,742] {processor.py:641} INFO - Processing file /opt/airflow/dags/3-dependencies.py for tasks to queue
[2024-08-14 02:15:15,743] {logging_mixin.py:115} INFO - [2024-08-14 02:15:15,743] {dagbag.py:508} INFO - Filling up the DagBag from /opt/airflow/dags/3-dependencies.py
[2024-08-14 02:15:15,750] {processor.py:651} INFO - DAG(s) dict_keys(['dependencies']) retrieved from /opt/airflow/dags/3-dependencies.py
[2024-08-14 02:15:15,767] {logging_mixin.py:115} INFO - [2024-08-14 02:15:15,767] {dag.py:2420} INFO - Sync 1 DAGs
[2024-08-14 02:15:15,784] {logging_mixin.py:115} INFO - [2024-08-14 02:15:15,784] {dag.py:2972} INFO - Setting next_dagrun for dependencies to 2024-05-20T00:00:00+00:00, run_after=2024-05-20T00:00:00+00:00
[2024-08-14 02:15:15,792] {processor.py:161} INFO - Processing /opt/airflow/dags/3-dependencies.py took 0.053 seconds
[2024-08-14 02:15:46,173] {processor.py:153} INFO - Started process (PID=49071) to work on /opt/airflow/dags/3-dependencies.py
[2024-08-14 02:15:46,174] {processor.py:641} INFO - Processing file /opt/airflow/dags/3-dependencies.py for tasks to queue
[2024-08-14 02:15:46,174] {logging_mixin.py:115} INFO - [2024-08-14 02:15:46,174] {dagbag.py:508} INFO - Filling up the DagBag from /opt/airflow/dags/3-dependencies.py
[2024-08-14 02:15:46,180] {processor.py:651} INFO - DAG(s) dict_keys(['dependencies']) retrieved from /opt/airflow/dags/3-dependencies.py
[2024-08-14 02:15:46,195] {logging_mixin.py:115} INFO - [2024-08-14 02:15:46,195] {dag.py:2420} INFO - Sync 1 DAGs
[2024-08-14 02:15:46,208] {logging_mixin.py:115} INFO - [2024-08-14 02:15:46,208] {dag.py:2972} INFO - Setting next_dagrun for dependencies to 2024-05-20T00:00:00+00:00, run_after=2024-05-20T00:00:00+00:00
[2024-08-14 02:15:46,215] {processor.py:161} INFO - Processing /opt/airflow/dags/3-dependencies.py took 0.044 seconds
[2024-08-14 02:16:16,596] {processor.py:153} INFO - Started process (PID=49110) to work on /opt/airflow/dags/3-dependencies.py
[2024-08-14 02:16:16,596] {processor.py:641} INFO - Processing file /opt/airflow/dags/3-dependencies.py for tasks to queue
[2024-08-14 02:16:16,596] {logging_mixin.py:115} INFO - [2024-08-14 02:16:16,596] {dagbag.py:508} INFO - Filling up the DagBag from /opt/airflow/dags/3-dependencies.py
[2024-08-14 02:16:16,604] {processor.py:651} INFO - DAG(s) dict_keys(['dependencies']) retrieved from /opt/airflow/dags/3-dependencies.py
[2024-08-14 02:16:16,619] {logging_mixin.py:115} INFO - [2024-08-14 02:16:16,619] {dag.py:2420} INFO - Sync 1 DAGs
[2024-08-14 02:16:16,633] {logging_mixin.py:115} INFO - [2024-08-14 02:16:16,633] {dag.py:2972} INFO - Setting next_dagrun for dependencies to 2024-05-20T00:00:00+00:00, run_after=2024-05-20T00:00:00+00:00
[2024-08-14 02:16:16,644] {processor.py:161} INFO - Processing /opt/airflow/dags/3-dependencies.py took 0.050 seconds
[2024-08-14 02:16:47,033] {processor.py:153} INFO - Started process (PID=49149) to work on /opt/airflow/dags/3-dependencies.py
[2024-08-14 02:16:47,033] {processor.py:641} INFO - Processing file /opt/airflow/dags/3-dependencies.py for tasks to queue
[2024-08-14 02:16:47,034] {logging_mixin.py:115} INFO - [2024-08-14 02:16:47,034] {dagbag.py:508} INFO - Filling up the DagBag from /opt/airflow/dags/3-dependencies.py
[2024-08-14 02:16:47,040] {processor.py:651} INFO - DAG(s) dict_keys(['dependencies']) retrieved from /opt/airflow/dags/3-dependencies.py
[2024-08-14 02:16:47,056] {logging_mixin.py:115} INFO - [2024-08-14 02:16:47,056] {dag.py:2420} INFO - Sync 1 DAGs
[2024-08-14 02:16:47,069] {logging_mixin.py:115} INFO - [2024-08-14 02:16:47,069] {dag.py:2972} INFO - Setting next_dagrun for dependencies to 2024-05-20T00:00:00+00:00, run_after=2024-05-20T00:00:00+00:00
[2024-08-14 02:16:47,077] {processor.py:161} INFO - Processing /opt/airflow/dags/3-dependencies.py took 0.046 seconds
[2024-08-14 02:17:17,514] {processor.py:153} INFO - Started process (PID=49188) to work on /opt/airflow/dags/3-dependencies.py
[2024-08-14 02:17:17,514] {processor.py:641} INFO - Processing file /opt/airflow/dags/3-dependencies.py for tasks to queue
[2024-08-14 02:17:17,514] {logging_mixin.py:115} INFO - [2024-08-14 02:17:17,514] {dagbag.py:508} INFO - Filling up the DagBag from /opt/airflow/dags/3-dependencies.py
[2024-08-14 02:17:17,520] {processor.py:651} INFO - DAG(s) dict_keys(['dependencies']) retrieved from /opt/airflow/dags/3-dependencies.py
[2024-08-14 02:17:17,541] {logging_mixin.py:115} INFO - [2024-08-14 02:17:17,541] {dag.py:2420} INFO - Sync 1 DAGs
[2024-08-14 02:17:17,559] {logging_mixin.py:115} INFO - [2024-08-14 02:17:17,559] {dag.py:2972} INFO - Setting next_dagrun for dependencies to 2024-05-20T00:00:00+00:00, run_after=2024-05-20T00:00:00+00:00
[2024-08-14 02:17:17,569] {processor.py:161} INFO - Processing /opt/airflow/dags/3-dependencies.py took 0.057 seconds
[2024-08-14 02:17:47,941] {processor.py:153} INFO - Started process (PID=49218) to work on /opt/airflow/dags/3-dependencies.py
[2024-08-14 02:17:47,941] {processor.py:641} INFO - Processing file /opt/airflow/dags/3-dependencies.py for tasks to queue
[2024-08-14 02:17:47,942] {logging_mixin.py:115} INFO - [2024-08-14 02:17:47,942] {dagbag.py:508} INFO - Filling up the DagBag from /opt/airflow/dags/3-dependencies.py
[2024-08-14 02:17:47,947] {processor.py:651} INFO - DAG(s) dict_keys(['dependencies']) retrieved from /opt/airflow/dags/3-dependencies.py
[2024-08-14 02:17:47,963] {logging_mixin.py:115} INFO - [2024-08-14 02:17:47,963] {dag.py:2420} INFO - Sync 1 DAGs
[2024-08-14 02:17:47,976] {logging_mixin.py:115} INFO - [2024-08-14 02:17:47,976] {dag.py:2972} INFO - Setting next_dagrun for dependencies to 2024-05-20T00:00:00+00:00, run_after=2024-05-20T00:00:00+00:00
[2024-08-14 02:17:47,984] {processor.py:161} INFO - Processing /opt/airflow/dags/3-dependencies.py took 0.045 seconds
[2024-08-14 02:18:18,382] {processor.py:153} INFO - Started process (PID=49257) to work on /opt/airflow/dags/3-dependencies.py
[2024-08-14 02:18:18,383] {processor.py:641} INFO - Processing file /opt/airflow/dags/3-dependencies.py for tasks to queue
[2024-08-14 02:18:18,383] {logging_mixin.py:115} INFO - [2024-08-14 02:18:18,383] {dagbag.py:508} INFO - Filling up the DagBag from /opt/airflow/dags/3-dependencies.py
[2024-08-14 02:18:18,389] {processor.py:651} INFO - DAG(s) dict_keys(['dependencies']) retrieved from /opt/airflow/dags/3-dependencies.py
[2024-08-14 02:18:18,408] {logging_mixin.py:115} INFO - [2024-08-14 02:18:18,408] {dag.py:2420} INFO - Sync 1 DAGs
[2024-08-14 02:18:18,421] {logging_mixin.py:115} INFO - [2024-08-14 02:18:18,421] {dag.py:2972} INFO - Setting next_dagrun for dependencies to 2024-05-20T00:00:00+00:00, run_after=2024-05-20T00:00:00+00:00
[2024-08-14 02:18:18,429] {processor.py:161} INFO - Processing /opt/airflow/dags/3-dependencies.py took 0.049 seconds
[2024-08-14 02:18:48,879] {processor.py:153} INFO - Started process (PID=49295) to work on /opt/airflow/dags/3-dependencies.py
[2024-08-14 02:18:48,879] {processor.py:641} INFO - Processing file /opt/airflow/dags/3-dependencies.py for tasks to queue
[2024-08-14 02:18:48,879] {logging_mixin.py:115} INFO - [2024-08-14 02:18:48,879] {dagbag.py:508} INFO - Filling up the DagBag from /opt/airflow/dags/3-dependencies.py
[2024-08-14 02:18:48,885] {processor.py:651} INFO - DAG(s) dict_keys(['dependencies']) retrieved from /opt/airflow/dags/3-dependencies.py
[2024-08-14 02:18:48,900] {logging_mixin.py:115} INFO - [2024-08-14 02:18:48,900] {dag.py:2420} INFO - Sync 1 DAGs
[2024-08-14 02:18:48,912] {logging_mixin.py:115} INFO - [2024-08-14 02:18:48,912] {dag.py:2972} INFO - Setting next_dagrun for dependencies to 2024-05-20T00:00:00+00:00, run_after=2024-05-20T00:00:00+00:00
[2024-08-14 02:18:48,920] {processor.py:161} INFO - Processing /opt/airflow/dags/3-dependencies.py took 0.044 seconds
[2024-08-14 02:19:19,343] {processor.py:153} INFO - Started process (PID=49333) to work on /opt/airflow/dags/3-dependencies.py
[2024-08-14 02:19:19,343] {processor.py:641} INFO - Processing file /opt/airflow/dags/3-dependencies.py for tasks to queue
[2024-08-14 02:19:19,343] {logging_mixin.py:115} INFO - [2024-08-14 02:19:19,343] {dagbag.py:508} INFO - Filling up the DagBag from /opt/airflow/dags/3-dependencies.py
[2024-08-14 02:19:19,349] {processor.py:651} INFO - DAG(s) dict_keys(['dependencies']) retrieved from /opt/airflow/dags/3-dependencies.py
[2024-08-14 02:19:19,368] {logging_mixin.py:115} INFO - [2024-08-14 02:19:19,368] {dag.py:2420} INFO - Sync 1 DAGs
[2024-08-14 02:19:19,381] {logging_mixin.py:115} INFO - [2024-08-14 02:19:19,381] {dag.py:2972} INFO - Setting next_dagrun for dependencies to 2024-05-20T00:00:00+00:00, run_after=2024-05-20T00:00:00+00:00
[2024-08-14 02:19:19,388] {processor.py:161} INFO - Processing /opt/airflow/dags/3-dependencies.py took 0.048 seconds
[2024-08-14 02:19:49,776] {processor.py:153} INFO - Started process (PID=49372) to work on /opt/airflow/dags/3-dependencies.py
[2024-08-14 02:19:49,776] {processor.py:641} INFO - Processing file /opt/airflow/dags/3-dependencies.py for tasks to queue
[2024-08-14 02:19:49,777] {logging_mixin.py:115} INFO - [2024-08-14 02:19:49,777] {dagbag.py:508} INFO - Filling up the DagBag from /opt/airflow/dags/3-dependencies.py
[2024-08-14 02:19:49,782] {processor.py:651} INFO - DAG(s) dict_keys(['dependencies']) retrieved from /opt/airflow/dags/3-dependencies.py
[2024-08-14 02:19:49,797] {logging_mixin.py:115} INFO - [2024-08-14 02:19:49,797] {dag.py:2420} INFO - Sync 1 DAGs
[2024-08-14 02:19:49,809] {logging_mixin.py:115} INFO - [2024-08-14 02:19:49,809] {dag.py:2972} INFO - Setting next_dagrun for dependencies to 2024-05-20T00:00:00+00:00, run_after=2024-05-20T00:00:00+00:00
[2024-08-14 02:19:49,819] {processor.py:161} INFO - Processing /opt/airflow/dags/3-dependencies.py took 0.045 seconds
[2024-08-14 02:20:20,294] {processor.py:153} INFO - Started process (PID=49411) to work on /opt/airflow/dags/3-dependencies.py
[2024-08-14 02:20:20,295] {processor.py:641} INFO - Processing file /opt/airflow/dags/3-dependencies.py for tasks to queue
[2024-08-14 02:20:20,295] {logging_mixin.py:115} INFO - [2024-08-14 02:20:20,295] {dagbag.py:508} INFO - Filling up the DagBag from /opt/airflow/dags/3-dependencies.py
[2024-08-14 02:20:20,301] {processor.py:651} INFO - DAG(s) dict_keys(['dependencies']) retrieved from /opt/airflow/dags/3-dependencies.py
[2024-08-14 02:20:20,317] {logging_mixin.py:115} INFO - [2024-08-14 02:20:20,317] {dag.py:2420} INFO - Sync 1 DAGs
[2024-08-14 02:20:20,331] {logging_mixin.py:115} INFO - [2024-08-14 02:20:20,331] {dag.py:2972} INFO - Setting next_dagrun for dependencies to 2024-05-20T00:00:00+00:00, run_after=2024-05-20T00:00:00+00:00
[2024-08-14 02:20:20,339] {processor.py:161} INFO - Processing /opt/airflow/dags/3-dependencies.py took 0.046 seconds
[2024-08-14 02:20:50,711] {processor.py:153} INFO - Started process (PID=49441) to work on /opt/airflow/dags/3-dependencies.py
[2024-08-14 02:20:50,711] {processor.py:641} INFO - Processing file /opt/airflow/dags/3-dependencies.py for tasks to queue
[2024-08-14 02:20:50,712] {logging_mixin.py:115} INFO - [2024-08-14 02:20:50,712] {dagbag.py:508} INFO - Filling up the DagBag from /opt/airflow/dags/3-dependencies.py
[2024-08-14 02:20:50,718] {processor.py:651} INFO - DAG(s) dict_keys(['dependencies']) retrieved from /opt/airflow/dags/3-dependencies.py
[2024-08-14 02:20:50,735] {logging_mixin.py:115} INFO - [2024-08-14 02:20:50,735] {dag.py:2420} INFO - Sync 1 DAGs
[2024-08-14 02:20:50,749] {logging_mixin.py:115} INFO - [2024-08-14 02:20:50,749] {dag.py:2972} INFO - Setting next_dagrun for dependencies to 2024-05-20T00:00:00+00:00, run_after=2024-05-20T00:00:00+00:00
[2024-08-14 02:20:50,757] {processor.py:161} INFO - Processing /opt/airflow/dags/3-dependencies.py took 0.048 seconds
[2024-08-14 02:21:21,191] {processor.py:153} INFO - Started process (PID=49480) to work on /opt/airflow/dags/3-dependencies.py
[2024-08-14 02:21:21,191] {processor.py:641} INFO - Processing file /opt/airflow/dags/3-dependencies.py for tasks to queue
[2024-08-14 02:21:21,192] {logging_mixin.py:115} INFO - [2024-08-14 02:21:21,192] {dagbag.py:508} INFO - Filling up the DagBag from /opt/airflow/dags/3-dependencies.py
[2024-08-14 02:21:21,197] {processor.py:651} INFO - DAG(s) dict_keys(['dependencies']) retrieved from /opt/airflow/dags/3-dependencies.py
[2024-08-14 02:21:21,212] {logging_mixin.py:115} INFO - [2024-08-14 02:21:21,212] {dag.py:2420} INFO - Sync 1 DAGs
[2024-08-14 02:21:21,225] {logging_mixin.py:115} INFO - [2024-08-14 02:21:21,225] {dag.py:2972} INFO - Setting next_dagrun for dependencies to 2024-05-20T00:00:00+00:00, run_after=2024-05-20T00:00:00+00:00
[2024-08-14 02:21:21,232] {processor.py:161} INFO - Processing /opt/airflow/dags/3-dependencies.py took 0.043 seconds
[2024-08-14 02:21:51,659] {processor.py:153} INFO - Started process (PID=49519) to work on /opt/airflow/dags/3-dependencies.py
[2024-08-14 02:21:51,660] {processor.py:641} INFO - Processing file /opt/airflow/dags/3-dependencies.py for tasks to queue
[2024-08-14 02:21:51,660] {logging_mixin.py:115} INFO - [2024-08-14 02:21:51,660] {dagbag.py:508} INFO - Filling up the DagBag from /opt/airflow/dags/3-dependencies.py
[2024-08-14 02:21:51,666] {processor.py:651} INFO - DAG(s) dict_keys(['dependencies']) retrieved from /opt/airflow/dags/3-dependencies.py
[2024-08-14 02:21:51,682] {logging_mixin.py:115} INFO - [2024-08-14 02:21:51,682] {dag.py:2420} INFO - Sync 1 DAGs
[2024-08-14 02:21:51,695] {logging_mixin.py:115} INFO - [2024-08-14 02:21:51,695] {dag.py:2972} INFO - Setting next_dagrun for dependencies to 2024-05-20T00:00:00+00:00, run_after=2024-05-20T00:00:00+00:00
[2024-08-14 02:21:51,703] {processor.py:161} INFO - Processing /opt/airflow/dags/3-dependencies.py took 0.045 seconds
[2024-08-14 02:22:22,099] {processor.py:153} INFO - Started process (PID=49558) to work on /opt/airflow/dags/3-dependencies.py
[2024-08-14 02:22:22,099] {processor.py:641} INFO - Processing file /opt/airflow/dags/3-dependencies.py for tasks to queue
[2024-08-14 02:22:22,100] {logging_mixin.py:115} INFO - [2024-08-14 02:22:22,099] {dagbag.py:508} INFO - Filling up the DagBag from /opt/airflow/dags/3-dependencies.py
[2024-08-14 02:22:22,106] {processor.py:651} INFO - DAG(s) dict_keys(['dependencies']) retrieved from /opt/airflow/dags/3-dependencies.py
[2024-08-14 02:22:22,133] {logging_mixin.py:115} INFO - [2024-08-14 02:22:22,133] {dag.py:2420} INFO - Sync 1 DAGs
[2024-08-14 02:22:22,150] {logging_mixin.py:115} INFO - [2024-08-14 02:22:22,150] {dag.py:2972} INFO - Setting next_dagrun for dependencies to 2024-05-20T00:00:00+00:00, run_after=2024-05-20T00:00:00+00:00
[2024-08-14 02:22:22,158] {processor.py:161} INFO - Processing /opt/airflow/dags/3-dependencies.py took 0.062 seconds
[2024-08-14 02:22:52,566] {processor.py:153} INFO - Started process (PID=49596) to work on /opt/airflow/dags/3-dependencies.py
[2024-08-14 02:22:52,567] {processor.py:641} INFO - Processing file /opt/airflow/dags/3-dependencies.py for tasks to queue
[2024-08-14 02:22:52,567] {logging_mixin.py:115} INFO - [2024-08-14 02:22:52,567] {dagbag.py:508} INFO - Filling up the DagBag from /opt/airflow/dags/3-dependencies.py
[2024-08-14 02:22:52,574] {processor.py:651} INFO - DAG(s) dict_keys(['dependencies']) retrieved from /opt/airflow/dags/3-dependencies.py
[2024-08-14 02:22:52,590] {logging_mixin.py:115} INFO - [2024-08-14 02:22:52,589] {dag.py:2420} INFO - Sync 1 DAGs
[2024-08-14 02:22:52,602] {logging_mixin.py:115} INFO - [2024-08-14 02:22:52,602] {dag.py:2972} INFO - Setting next_dagrun for dependencies to 2024-05-20T00:00:00+00:00, run_after=2024-05-20T00:00:00+00:00
[2024-08-14 02:22:52,610] {processor.py:161} INFO - Processing /opt/airflow/dags/3-dependencies.py took 0.047 seconds
[2024-08-14 02:23:22,998] {processor.py:153} INFO - Started process (PID=49635) to work on /opt/airflow/dags/3-dependencies.py
[2024-08-14 02:23:22,998] {processor.py:641} INFO - Processing file /opt/airflow/dags/3-dependencies.py for tasks to queue
[2024-08-14 02:23:22,999] {logging_mixin.py:115} INFO - [2024-08-14 02:23:22,999] {dagbag.py:508} INFO - Filling up the DagBag from /opt/airflow/dags/3-dependencies.py
[2024-08-14 02:23:23,004] {processor.py:651} INFO - DAG(s) dict_keys(['dependencies']) retrieved from /opt/airflow/dags/3-dependencies.py
[2024-08-14 02:23:23,020] {logging_mixin.py:115} INFO - [2024-08-14 02:23:23,019] {dag.py:2420} INFO - Sync 1 DAGs
[2024-08-14 02:23:23,032] {logging_mixin.py:115} INFO - [2024-08-14 02:23:23,032] {dag.py:2972} INFO - Setting next_dagrun for dependencies to 2024-05-20T00:00:00+00:00, run_after=2024-05-20T00:00:00+00:00
[2024-08-14 02:23:23,041] {processor.py:161} INFO - Processing /opt/airflow/dags/3-dependencies.py took 0.045 seconds
[2024-08-14 02:23:53,477] {processor.py:153} INFO - Started process (PID=49665) to work on /opt/airflow/dags/3-dependencies.py
[2024-08-14 02:23:53,477] {processor.py:641} INFO - Processing file /opt/airflow/dags/3-dependencies.py for tasks to queue
[2024-08-14 02:23:53,477] {logging_mixin.py:115} INFO - [2024-08-14 02:23:53,477] {dagbag.py:508} INFO - Filling up the DagBag from /opt/airflow/dags/3-dependencies.py
[2024-08-14 02:23:53,483] {processor.py:651} INFO - DAG(s) dict_keys(['dependencies']) retrieved from /opt/airflow/dags/3-dependencies.py
[2024-08-14 02:23:53,498] {logging_mixin.py:115} INFO - [2024-08-14 02:23:53,498] {dag.py:2420} INFO - Sync 1 DAGs
[2024-08-14 02:23:53,511] {logging_mixin.py:115} INFO - [2024-08-14 02:23:53,510] {dag.py:2972} INFO - Setting next_dagrun for dependencies to 2024-05-20T00:00:00+00:00, run_after=2024-05-20T00:00:00+00:00
[2024-08-14 02:23:53,519] {processor.py:161} INFO - Processing /opt/airflow/dags/3-dependencies.py took 0.045 seconds
[2024-08-14 02:24:23,951] {processor.py:153} INFO - Started process (PID=49704) to work on /opt/airflow/dags/3-dependencies.py
[2024-08-14 02:24:23,952] {processor.py:641} INFO - Processing file /opt/airflow/dags/3-dependencies.py for tasks to queue
[2024-08-14 02:24:23,952] {logging_mixin.py:115} INFO - [2024-08-14 02:24:23,952] {dagbag.py:508} INFO - Filling up the DagBag from /opt/airflow/dags/3-dependencies.py
[2024-08-14 02:24:23,958] {processor.py:651} INFO - DAG(s) dict_keys(['dependencies']) retrieved from /opt/airflow/dags/3-dependencies.py
[2024-08-14 02:24:23,973] {logging_mixin.py:115} INFO - [2024-08-14 02:24:23,973] {dag.py:2420} INFO - Sync 1 DAGs
[2024-08-14 02:24:23,985] {logging_mixin.py:115} INFO - [2024-08-14 02:24:23,985] {dag.py:2972} INFO - Setting next_dagrun for dependencies to 2024-05-20T00:00:00+00:00, run_after=2024-05-20T00:00:00+00:00
[2024-08-14 02:24:23,993] {processor.py:161} INFO - Processing /opt/airflow/dags/3-dependencies.py took 0.043 seconds
[2024-08-14 02:24:54,382] {processor.py:153} INFO - Started process (PID=49743) to work on /opt/airflow/dags/3-dependencies.py
[2024-08-14 02:24:54,382] {processor.py:641} INFO - Processing file /opt/airflow/dags/3-dependencies.py for tasks to queue
[2024-08-14 02:24:54,382] {logging_mixin.py:115} INFO - [2024-08-14 02:24:54,382] {dagbag.py:508} INFO - Filling up the DagBag from /opt/airflow/dags/3-dependencies.py
[2024-08-14 02:24:54,388] {processor.py:651} INFO - DAG(s) dict_keys(['dependencies']) retrieved from /opt/airflow/dags/3-dependencies.py
[2024-08-14 02:24:54,404] {logging_mixin.py:115} INFO - [2024-08-14 02:24:54,404] {dag.py:2420} INFO - Sync 1 DAGs
[2024-08-14 02:24:54,418] {logging_mixin.py:115} INFO - [2024-08-14 02:24:54,418] {dag.py:2972} INFO - Setting next_dagrun for dependencies to 2024-05-20T00:00:00+00:00, run_after=2024-05-20T00:00:00+00:00
[2024-08-14 02:24:54,427] {processor.py:161} INFO - Processing /opt/airflow/dags/3-dependencies.py took 0.047 seconds
[2024-08-14 02:25:24,866] {processor.py:153} INFO - Started process (PID=49782) to work on /opt/airflow/dags/3-dependencies.py
[2024-08-14 02:25:24,866] {processor.py:641} INFO - Processing file /opt/airflow/dags/3-dependencies.py for tasks to queue
[2024-08-14 02:25:24,866] {logging_mixin.py:115} INFO - [2024-08-14 02:25:24,866] {dagbag.py:508} INFO - Filling up the DagBag from /opt/airflow/dags/3-dependencies.py
[2024-08-14 02:25:24,872] {processor.py:651} INFO - DAG(s) dict_keys(['dependencies']) retrieved from /opt/airflow/dags/3-dependencies.py
[2024-08-14 02:25:24,887] {logging_mixin.py:115} INFO - [2024-08-14 02:25:24,887] {dag.py:2420} INFO - Sync 1 DAGs
[2024-08-14 02:25:24,900] {logging_mixin.py:115} INFO - [2024-08-14 02:25:24,900] {dag.py:2972} INFO - Setting next_dagrun for dependencies to 2024-05-20T00:00:00+00:00, run_after=2024-05-20T00:00:00+00:00
[2024-08-14 02:25:24,907] {processor.py:161} INFO - Processing /opt/airflow/dags/3-dependencies.py took 0.044 seconds
[2024-08-14 02:25:55,358] {processor.py:153} INFO - Started process (PID=49821) to work on /opt/airflow/dags/3-dependencies.py
[2024-08-14 02:25:55,359] {processor.py:641} INFO - Processing file /opt/airflow/dags/3-dependencies.py for tasks to queue
[2024-08-14 02:25:55,362] {logging_mixin.py:115} INFO - [2024-08-14 02:25:55,362] {dagbag.py:508} INFO - Filling up the DagBag from /opt/airflow/dags/3-dependencies.py
[2024-08-14 02:25:55,368] {processor.py:651} INFO - DAG(s) dict_keys(['dependencies']) retrieved from /opt/airflow/dags/3-dependencies.py
[2024-08-14 02:25:55,387] {logging_mixin.py:115} INFO - [2024-08-14 02:25:55,387] {dag.py:2420} INFO - Sync 1 DAGs
[2024-08-14 02:25:55,401] {logging_mixin.py:115} INFO - [2024-08-14 02:25:55,401] {dag.py:2972} INFO - Setting next_dagrun for dependencies to 2024-05-20T00:00:00+00:00, run_after=2024-05-20T00:00:00+00:00
[2024-08-14 02:25:55,409] {processor.py:161} INFO - Processing /opt/airflow/dags/3-dependencies.py took 0.053 seconds
[2024-08-14 02:26:25,787] {processor.py:153} INFO - Started process (PID=49859) to work on /opt/airflow/dags/3-dependencies.py
[2024-08-14 02:26:25,787] {processor.py:641} INFO - Processing file /opt/airflow/dags/3-dependencies.py for tasks to queue
[2024-08-14 02:26:25,788] {logging_mixin.py:115} INFO - [2024-08-14 02:26:25,788] {dagbag.py:508} INFO - Filling up the DagBag from /opt/airflow/dags/3-dependencies.py
[2024-08-14 02:26:25,794] {processor.py:651} INFO - DAG(s) dict_keys(['dependencies']) retrieved from /opt/airflow/dags/3-dependencies.py
[2024-08-14 02:26:25,808] {logging_mixin.py:115} INFO - [2024-08-14 02:26:25,808] {dag.py:2420} INFO - Sync 1 DAGs
[2024-08-14 02:26:25,821] {logging_mixin.py:115} INFO - [2024-08-14 02:26:25,821] {dag.py:2972} INFO - Setting next_dagrun for dependencies to 2024-05-20T00:00:00+00:00, run_after=2024-05-20T00:00:00+00:00
[2024-08-14 02:26:25,828] {processor.py:161} INFO - Processing /opt/airflow/dags/3-dependencies.py took 0.043 seconds
[2024-08-14 02:26:56,235] {processor.py:153} INFO - Started process (PID=49889) to work on /opt/airflow/dags/3-dependencies.py
[2024-08-14 02:26:56,235] {processor.py:641} INFO - Processing file /opt/airflow/dags/3-dependencies.py for tasks to queue
[2024-08-14 02:26:56,235] {logging_mixin.py:115} INFO - [2024-08-14 02:26:56,235] {dagbag.py:508} INFO - Filling up the DagBag from /opt/airflow/dags/3-dependencies.py
[2024-08-14 02:26:56,241] {processor.py:651} INFO - DAG(s) dict_keys(['dependencies']) retrieved from /opt/airflow/dags/3-dependencies.py
[2024-08-14 02:26:56,258] {logging_mixin.py:115} INFO - [2024-08-14 02:26:56,258] {dag.py:2420} INFO - Sync 1 DAGs
[2024-08-14 02:26:56,275] {logging_mixin.py:115} INFO - [2024-08-14 02:26:56,275] {dag.py:2972} INFO - Setting next_dagrun for dependencies to 2024-05-20T00:00:00+00:00, run_after=2024-05-20T00:00:00+00:00
[2024-08-14 02:26:56,282] {processor.py:161} INFO - Processing /opt/airflow/dags/3-dependencies.py took 0.050 seconds
[2024-08-14 02:27:26,674] {processor.py:153} INFO - Started process (PID=49927) to work on /opt/airflow/dags/3-dependencies.py
[2024-08-14 02:27:26,674] {processor.py:641} INFO - Processing file /opt/airflow/dags/3-dependencies.py for tasks to queue
[2024-08-14 02:27:26,675] {logging_mixin.py:115} INFO - [2024-08-14 02:27:26,675] {dagbag.py:508} INFO - Filling up the DagBag from /opt/airflow/dags/3-dependencies.py
[2024-08-14 02:27:26,681] {processor.py:651} INFO - DAG(s) dict_keys(['dependencies']) retrieved from /opt/airflow/dags/3-dependencies.py
[2024-08-14 02:27:26,696] {logging_mixin.py:115} INFO - [2024-08-14 02:27:26,696] {dag.py:2420} INFO - Sync 1 DAGs
[2024-08-14 02:27:26,709] {logging_mixin.py:115} INFO - [2024-08-14 02:27:26,709] {dag.py:2972} INFO - Setting next_dagrun for dependencies to 2024-05-20T00:00:00+00:00, run_after=2024-05-20T00:00:00+00:00
[2024-08-14 02:27:26,716] {processor.py:161} INFO - Processing /opt/airflow/dags/3-dependencies.py took 0.045 seconds
[2024-08-14 02:27:57,086] {processor.py:153} INFO - Started process (PID=49966) to work on /opt/airflow/dags/3-dependencies.py
[2024-08-14 02:27:57,086] {processor.py:641} INFO - Processing file /opt/airflow/dags/3-dependencies.py for tasks to queue
[2024-08-14 02:27:57,086] {logging_mixin.py:115} INFO - [2024-08-14 02:27:57,086] {dagbag.py:508} INFO - Filling up the DagBag from /opt/airflow/dags/3-dependencies.py
[2024-08-14 02:27:57,092] {processor.py:651} INFO - DAG(s) dict_keys(['dependencies']) retrieved from /opt/airflow/dags/3-dependencies.py
[2024-08-14 02:27:57,108] {logging_mixin.py:115} INFO - [2024-08-14 02:27:57,108] {dag.py:2420} INFO - Sync 1 DAGs
[2024-08-14 02:27:57,121] {logging_mixin.py:115} INFO - [2024-08-14 02:27:57,121] {dag.py:2972} INFO - Setting next_dagrun for dependencies to 2024-05-20T00:00:00+00:00, run_after=2024-05-20T00:00:00+00:00
[2024-08-14 02:27:57,129] {processor.py:161} INFO - Processing /opt/airflow/dags/3-dependencies.py took 0.046 seconds
[2024-08-14 02:28:27,509] {processor.py:153} INFO - Started process (PID=50005) to work on /opt/airflow/dags/3-dependencies.py
[2024-08-14 02:28:27,509] {processor.py:641} INFO - Processing file /opt/airflow/dags/3-dependencies.py for tasks to queue
[2024-08-14 02:28:27,509] {logging_mixin.py:115} INFO - [2024-08-14 02:28:27,509] {dagbag.py:508} INFO - Filling up the DagBag from /opt/airflow/dags/3-dependencies.py
[2024-08-14 02:28:27,515] {processor.py:651} INFO - DAG(s) dict_keys(['dependencies']) retrieved from /opt/airflow/dags/3-dependencies.py
[2024-08-14 02:28:27,530] {logging_mixin.py:115} INFO - [2024-08-14 02:28:27,530] {dag.py:2420} INFO - Sync 1 DAGs
[2024-08-14 02:28:27,543] {logging_mixin.py:115} INFO - [2024-08-14 02:28:27,543] {dag.py:2972} INFO - Setting next_dagrun for dependencies to 2024-05-20T00:00:00+00:00, run_after=2024-05-20T00:00:00+00:00
[2024-08-14 02:28:27,550] {processor.py:161} INFO - Processing /opt/airflow/dags/3-dependencies.py took 0.043 seconds
[2024-08-14 02:28:58,041] {processor.py:153} INFO - Started process (PID=50044) to work on /opt/airflow/dags/3-dependencies.py
[2024-08-14 02:28:58,042] {processor.py:641} INFO - Processing file /opt/airflow/dags/3-dependencies.py for tasks to queue
[2024-08-14 02:28:58,042] {logging_mixin.py:115} INFO - [2024-08-14 02:28:58,042] {dagbag.py:508} INFO - Filling up the DagBag from /opt/airflow/dags/3-dependencies.py
[2024-08-14 02:28:58,048] {processor.py:651} INFO - DAG(s) dict_keys(['dependencies']) retrieved from /opt/airflow/dags/3-dependencies.py
[2024-08-14 02:28:58,064] {logging_mixin.py:115} INFO - [2024-08-14 02:28:58,064] {dag.py:2420} INFO - Sync 1 DAGs
[2024-08-14 02:28:58,076] {logging_mixin.py:115} INFO - [2024-08-14 02:28:58,076] {dag.py:2972} INFO - Setting next_dagrun for dependencies to 2024-05-20T00:00:00+00:00, run_after=2024-05-20T00:00:00+00:00
[2024-08-14 02:28:58,084] {processor.py:161} INFO - Processing /opt/airflow/dags/3-dependencies.py took 0.046 seconds
[2024-08-14 02:29:28,475] {processor.py:153} INFO - Started process (PID=50082) to work on /opt/airflow/dags/3-dependencies.py
[2024-08-14 02:29:28,476] {processor.py:641} INFO - Processing file /opt/airflow/dags/3-dependencies.py for tasks to queue
[2024-08-14 02:29:28,476] {logging_mixin.py:115} INFO - [2024-08-14 02:29:28,476] {dagbag.py:508} INFO - Filling up the DagBag from /opt/airflow/dags/3-dependencies.py
[2024-08-14 02:29:28,482] {processor.py:651} INFO - DAG(s) dict_keys(['dependencies']) retrieved from /opt/airflow/dags/3-dependencies.py
[2024-08-14 02:29:28,501] {logging_mixin.py:115} INFO - [2024-08-14 02:29:28,501] {dag.py:2420} INFO - Sync 1 DAGs
[2024-08-14 02:29:28,517] {logging_mixin.py:115} INFO - [2024-08-14 02:29:28,517] {dag.py:2972} INFO - Setting next_dagrun for dependencies to 2024-05-20T00:00:00+00:00, run_after=2024-05-20T00:00:00+00:00
[2024-08-14 02:29:28,527] {processor.py:161} INFO - Processing /opt/airflow/dags/3-dependencies.py took 0.056 seconds
[2024-08-14 02:29:58,905] {processor.py:153} INFO - Started process (PID=50112) to work on /opt/airflow/dags/3-dependencies.py
[2024-08-14 02:29:58,907] {processor.py:641} INFO - Processing file /opt/airflow/dags/3-dependencies.py for tasks to queue
[2024-08-14 02:29:58,908] {logging_mixin.py:115} INFO - [2024-08-14 02:29:58,908] {dagbag.py:508} INFO - Filling up the DagBag from /opt/airflow/dags/3-dependencies.py
[2024-08-14 02:29:58,914] {processor.py:651} INFO - DAG(s) dict_keys(['dependencies']) retrieved from /opt/airflow/dags/3-dependencies.py
[2024-08-14 02:29:58,930] {logging_mixin.py:115} INFO - [2024-08-14 02:29:58,929] {dag.py:2420} INFO - Sync 1 DAGs
[2024-08-14 02:29:58,944] {logging_mixin.py:115} INFO - [2024-08-14 02:29:58,943] {dag.py:2972} INFO - Setting next_dagrun for dependencies to 2024-05-20T00:00:00+00:00, run_after=2024-05-20T00:00:00+00:00
[2024-08-14 02:29:58,952] {processor.py:161} INFO - Processing /opt/airflow/dags/3-dependencies.py took 0.049 seconds
[2024-08-14 02:30:29,388] {processor.py:153} INFO - Started process (PID=50150) to work on /opt/airflow/dags/3-dependencies.py
[2024-08-14 02:30:29,388] {processor.py:641} INFO - Processing file /opt/airflow/dags/3-dependencies.py for tasks to queue
[2024-08-14 02:30:29,388] {logging_mixin.py:115} INFO - [2024-08-14 02:30:29,388] {dagbag.py:508} INFO - Filling up the DagBag from /opt/airflow/dags/3-dependencies.py
[2024-08-14 02:30:29,395] {processor.py:651} INFO - DAG(s) dict_keys(['dependencies']) retrieved from /opt/airflow/dags/3-dependencies.py
[2024-08-14 02:30:29,413] {logging_mixin.py:115} INFO - [2024-08-14 02:30:29,413] {dag.py:2420} INFO - Sync 1 DAGs
[2024-08-14 02:30:29,427] {logging_mixin.py:115} INFO - [2024-08-14 02:30:29,427] {dag.py:2972} INFO - Setting next_dagrun for dependencies to 2024-05-20T00:00:00+00:00, run_after=2024-05-20T00:00:00+00:00
[2024-08-14 02:30:29,441] {processor.py:161} INFO - Processing /opt/airflow/dags/3-dependencies.py took 0.056 seconds
[2024-08-14 02:30:59,827] {processor.py:153} INFO - Started process (PID=50188) to work on /opt/airflow/dags/3-dependencies.py
[2024-08-14 02:30:59,827] {processor.py:641} INFO - Processing file /opt/airflow/dags/3-dependencies.py for tasks to queue
[2024-08-14 02:30:59,828] {logging_mixin.py:115} INFO - [2024-08-14 02:30:59,828] {dagbag.py:508} INFO - Filling up the DagBag from /opt/airflow/dags/3-dependencies.py
[2024-08-14 02:30:59,833] {processor.py:651} INFO - DAG(s) dict_keys(['dependencies']) retrieved from /opt/airflow/dags/3-dependencies.py
[2024-08-14 02:30:59,849] {logging_mixin.py:115} INFO - [2024-08-14 02:30:59,849] {dag.py:2420} INFO - Sync 1 DAGs
[2024-08-14 02:30:59,864] {logging_mixin.py:115} INFO - [2024-08-14 02:30:59,864] {dag.py:2972} INFO - Setting next_dagrun for dependencies to 2024-05-20T00:00:00+00:00, run_after=2024-05-20T00:00:00+00:00
[2024-08-14 02:30:59,872] {processor.py:161} INFO - Processing /opt/airflow/dags/3-dependencies.py took 0.047 seconds
[2024-08-14 02:31:30,246] {processor.py:153} INFO - Started process (PID=50227) to work on /opt/airflow/dags/3-dependencies.py
[2024-08-14 02:31:30,247] {processor.py:641} INFO - Processing file /opt/airflow/dags/3-dependencies.py for tasks to queue
[2024-08-14 02:31:30,247] {logging_mixin.py:115} INFO - [2024-08-14 02:31:30,247] {dagbag.py:508} INFO - Filling up the DagBag from /opt/airflow/dags/3-dependencies.py
[2024-08-14 02:31:30,253] {processor.py:651} INFO - DAG(s) dict_keys(['dependencies']) retrieved from /opt/airflow/dags/3-dependencies.py
[2024-08-14 02:31:30,268] {logging_mixin.py:115} INFO - [2024-08-14 02:31:30,268] {dag.py:2420} INFO - Sync 1 DAGs
[2024-08-14 02:31:30,281] {logging_mixin.py:115} INFO - [2024-08-14 02:31:30,281] {dag.py:2972} INFO - Setting next_dagrun for dependencies to 2024-05-20T00:00:00+00:00, run_after=2024-05-20T00:00:00+00:00
[2024-08-14 02:31:30,289] {processor.py:161} INFO - Processing /opt/airflow/dags/3-dependencies.py took 0.045 seconds
[2024-08-14 02:32:00,673] {processor.py:153} INFO - Started process (PID=50266) to work on /opt/airflow/dags/3-dependencies.py
[2024-08-14 02:32:00,674] {processor.py:641} INFO - Processing file /opt/airflow/dags/3-dependencies.py for tasks to queue
[2024-08-14 02:32:00,674] {logging_mixin.py:115} INFO - [2024-08-14 02:32:00,674] {dagbag.py:508} INFO - Filling up the DagBag from /opt/airflow/dags/3-dependencies.py
[2024-08-14 02:32:00,680] {processor.py:651} INFO - DAG(s) dict_keys(['dependencies']) retrieved from /opt/airflow/dags/3-dependencies.py
[2024-08-14 02:32:00,695] {logging_mixin.py:115} INFO - [2024-08-14 02:32:00,695] {dag.py:2420} INFO - Sync 1 DAGs
[2024-08-14 02:32:00,708] {logging_mixin.py:115} INFO - [2024-08-14 02:32:00,708] {dag.py:2972} INFO - Setting next_dagrun for dependencies to 2024-05-20T00:00:00+00:00, run_after=2024-05-20T00:00:00+00:00
[2024-08-14 02:32:00,720] {processor.py:161} INFO - Processing /opt/airflow/dags/3-dependencies.py took 0.050 seconds
[2024-08-14 02:32:31,159] {processor.py:153} INFO - Started process (PID=50305) to work on /opt/airflow/dags/3-dependencies.py
[2024-08-14 02:32:31,160] {processor.py:641} INFO - Processing file /opt/airflow/dags/3-dependencies.py for tasks to queue
[2024-08-14 02:32:31,160] {logging_mixin.py:115} INFO - [2024-08-14 02:32:31,160] {dagbag.py:508} INFO - Filling up the DagBag from /opt/airflow/dags/3-dependencies.py
[2024-08-14 02:32:31,166] {processor.py:651} INFO - DAG(s) dict_keys(['dependencies']) retrieved from /opt/airflow/dags/3-dependencies.py
[2024-08-14 02:32:31,181] {logging_mixin.py:115} INFO - [2024-08-14 02:32:31,181] {dag.py:2420} INFO - Sync 1 DAGs
[2024-08-14 02:32:31,194] {logging_mixin.py:115} INFO - [2024-08-14 02:32:31,194] {dag.py:2972} INFO - Setting next_dagrun for dependencies to 2024-05-20T00:00:00+00:00, run_after=2024-05-20T00:00:00+00:00
[2024-08-14 02:32:31,203] {processor.py:161} INFO - Processing /opt/airflow/dags/3-dependencies.py took 0.045 seconds
[2024-08-14 02:33:01,609] {processor.py:153} INFO - Started process (PID=50334) to work on /opt/airflow/dags/3-dependencies.py
[2024-08-14 02:33:01,609] {processor.py:641} INFO - Processing file /opt/airflow/dags/3-dependencies.py for tasks to queue
[2024-08-14 02:33:01,609] {logging_mixin.py:115} INFO - [2024-08-14 02:33:01,609] {dagbag.py:508} INFO - Filling up the DagBag from /opt/airflow/dags/3-dependencies.py
[2024-08-14 02:33:01,616] {processor.py:651} INFO - DAG(s) dict_keys(['dependencies']) retrieved from /opt/airflow/dags/3-dependencies.py
[2024-08-14 02:33:01,633] {logging_mixin.py:115} INFO - [2024-08-14 02:33:01,633] {dag.py:2420} INFO - Sync 1 DAGs
[2024-08-14 02:33:01,646] {logging_mixin.py:115} INFO - [2024-08-14 02:33:01,646] {dag.py:2972} INFO - Setting next_dagrun for dependencies to 2024-05-20T00:00:00+00:00, run_after=2024-05-20T00:00:00+00:00
[2024-08-14 02:33:01,654] {processor.py:161} INFO - Processing /opt/airflow/dags/3-dependencies.py took 0.048 seconds
[2024-08-14 02:33:32,080] {processor.py:153} INFO - Started process (PID=50373) to work on /opt/airflow/dags/3-dependencies.py
[2024-08-14 02:33:32,080] {processor.py:641} INFO - Processing file /opt/airflow/dags/3-dependencies.py for tasks to queue
[2024-08-14 02:33:32,081] {logging_mixin.py:115} INFO - [2024-08-14 02:33:32,081] {dagbag.py:508} INFO - Filling up the DagBag from /opt/airflow/dags/3-dependencies.py
[2024-08-14 02:33:32,086] {processor.py:651} INFO - DAG(s) dict_keys(['dependencies']) retrieved from /opt/airflow/dags/3-dependencies.py
[2024-08-14 02:33:32,101] {logging_mixin.py:115} INFO - [2024-08-14 02:33:32,101] {dag.py:2420} INFO - Sync 1 DAGs
[2024-08-14 02:33:32,113] {logging_mixin.py:115} INFO - [2024-08-14 02:33:32,113] {dag.py:2972} INFO - Setting next_dagrun for dependencies to 2024-05-20T00:00:00+00:00, run_after=2024-05-20T00:00:00+00:00
[2024-08-14 02:33:32,121] {processor.py:161} INFO - Processing /opt/airflow/dags/3-dependencies.py took 0.044 seconds
[2024-08-14 02:34:02,592] {processor.py:153} INFO - Started process (PID=50412) to work on /opt/airflow/dags/3-dependencies.py
[2024-08-14 02:34:02,593] {processor.py:641} INFO - Processing file /opt/airflow/dags/3-dependencies.py for tasks to queue
[2024-08-14 02:34:02,593] {logging_mixin.py:115} INFO - [2024-08-14 02:34:02,593] {dagbag.py:508} INFO - Filling up the DagBag from /opt/airflow/dags/3-dependencies.py
[2024-08-14 02:34:02,599] {processor.py:651} INFO - DAG(s) dict_keys(['dependencies']) retrieved from /opt/airflow/dags/3-dependencies.py
[2024-08-14 02:34:02,614] {logging_mixin.py:115} INFO - [2024-08-14 02:34:02,614] {dag.py:2420} INFO - Sync 1 DAGs
[2024-08-14 02:34:02,627] {logging_mixin.py:115} INFO - [2024-08-14 02:34:02,627] {dag.py:2972} INFO - Setting next_dagrun for dependencies to 2024-05-20T00:00:00+00:00, run_after=2024-05-20T00:00:00+00:00
[2024-08-14 02:34:02,634] {processor.py:161} INFO - Processing /opt/airflow/dags/3-dependencies.py took 0.043 seconds
[2024-08-14 02:34:33,032] {processor.py:153} INFO - Started process (PID=50451) to work on /opt/airflow/dags/3-dependencies.py
[2024-08-14 02:34:33,033] {processor.py:641} INFO - Processing file /opt/airflow/dags/3-dependencies.py for tasks to queue
[2024-08-14 02:34:33,033] {logging_mixin.py:115} INFO - [2024-08-14 02:34:33,033] {dagbag.py:508} INFO - Filling up the DagBag from /opt/airflow/dags/3-dependencies.py
[2024-08-14 02:34:33,039] {processor.py:651} INFO - DAG(s) dict_keys(['dependencies']) retrieved from /opt/airflow/dags/3-dependencies.py
[2024-08-14 02:34:33,055] {logging_mixin.py:115} INFO - [2024-08-14 02:34:33,055] {dag.py:2420} INFO - Sync 1 DAGs
[2024-08-14 02:34:33,068] {logging_mixin.py:115} INFO - [2024-08-14 02:34:33,068] {dag.py:2972} INFO - Setting next_dagrun for dependencies to 2024-05-20T00:00:00+00:00, run_after=2024-05-20T00:00:00+00:00
[2024-08-14 02:34:33,075] {processor.py:161} INFO - Processing /opt/airflow/dags/3-dependencies.py took 0.045 seconds
[2024-08-14 02:35:03,476] {processor.py:153} INFO - Started process (PID=50490) to work on /opt/airflow/dags/3-dependencies.py
[2024-08-14 02:35:03,477] {processor.py:641} INFO - Processing file /opt/airflow/dags/3-dependencies.py for tasks to queue
[2024-08-14 02:35:03,477] {logging_mixin.py:115} INFO - [2024-08-14 02:35:03,477] {dagbag.py:508} INFO - Filling up the DagBag from /opt/airflow/dags/3-dependencies.py
[2024-08-14 02:35:03,483] {processor.py:651} INFO - DAG(s) dict_keys(['dependencies']) retrieved from /opt/airflow/dags/3-dependencies.py
[2024-08-14 02:35:03,498] {logging_mixin.py:115} INFO - [2024-08-14 02:35:03,498] {dag.py:2420} INFO - Sync 1 DAGs
[2024-08-14 02:35:03,518] {logging_mixin.py:115} INFO - [2024-08-14 02:35:03,518] {dag.py:2972} INFO - Setting next_dagrun for dependencies to 2024-05-20T00:00:00+00:00, run_after=2024-05-20T00:00:00+00:00
[2024-08-14 02:35:03,529] {processor.py:161} INFO - Processing /opt/airflow/dags/3-dependencies.py took 0.055 seconds
[2024-08-14 02:35:33,922] {processor.py:153} INFO - Started process (PID=50529) to work on /opt/airflow/dags/3-dependencies.py
[2024-08-14 02:35:33,922] {processor.py:641} INFO - Processing file /opt/airflow/dags/3-dependencies.py for tasks to queue
[2024-08-14 02:35:33,922] {logging_mixin.py:115} INFO - [2024-08-14 02:35:33,922] {dagbag.py:508} INFO - Filling up the DagBag from /opt/airflow/dags/3-dependencies.py
[2024-08-14 02:35:33,928] {processor.py:651} INFO - DAG(s) dict_keys(['dependencies']) retrieved from /opt/airflow/dags/3-dependencies.py
[2024-08-14 02:35:33,946] {logging_mixin.py:115} INFO - [2024-08-14 02:35:33,946] {dag.py:2420} INFO - Sync 1 DAGs
[2024-08-14 02:35:33,960] {logging_mixin.py:115} INFO - [2024-08-14 02:35:33,960] {dag.py:2972} INFO - Setting next_dagrun for dependencies to 2024-05-20T00:00:00+00:00, run_after=2024-05-20T00:00:00+00:00
[2024-08-14 02:35:33,968] {processor.py:161} INFO - Processing /opt/airflow/dags/3-dependencies.py took 0.049 seconds
[2024-08-14 02:36:04,355] {processor.py:153} INFO - Started process (PID=50559) to work on /opt/airflow/dags/3-dependencies.py
[2024-08-14 02:36:04,356] {processor.py:641} INFO - Processing file /opt/airflow/dags/3-dependencies.py for tasks to queue
[2024-08-14 02:36:04,356] {logging_mixin.py:115} INFO - [2024-08-14 02:36:04,356] {dagbag.py:508} INFO - Filling up the DagBag from /opt/airflow/dags/3-dependencies.py
[2024-08-14 02:36:04,362] {processor.py:651} INFO - DAG(s) dict_keys(['dependencies']) retrieved from /opt/airflow/dags/3-dependencies.py
[2024-08-14 02:36:04,376] {logging_mixin.py:115} INFO - [2024-08-14 02:36:04,376] {dag.py:2420} INFO - Sync 1 DAGs
[2024-08-14 02:36:04,389] {logging_mixin.py:115} INFO - [2024-08-14 02:36:04,389] {dag.py:2972} INFO - Setting next_dagrun for dependencies to 2024-05-20T00:00:00+00:00, run_after=2024-05-20T00:00:00+00:00
[2024-08-14 02:36:04,397] {processor.py:161} INFO - Processing /opt/airflow/dags/3-dependencies.py took 0.044 seconds
[2024-08-14 02:36:34,834] {processor.py:153} INFO - Started process (PID=50598) to work on /opt/airflow/dags/3-dependencies.py
[2024-08-14 02:36:34,834] {processor.py:641} INFO - Processing file /opt/airflow/dags/3-dependencies.py for tasks to queue
[2024-08-14 02:36:34,835] {logging_mixin.py:115} INFO - [2024-08-14 02:36:34,835] {dagbag.py:508} INFO - Filling up the DagBag from /opt/airflow/dags/3-dependencies.py
[2024-08-14 02:36:34,841] {processor.py:651} INFO - DAG(s) dict_keys(['dependencies']) retrieved from /opt/airflow/dags/3-dependencies.py
[2024-08-14 02:36:34,858] {logging_mixin.py:115} INFO - [2024-08-14 02:36:34,857] {dag.py:2420} INFO - Sync 1 DAGs
[2024-08-14 02:36:34,871] {logging_mixin.py:115} INFO - [2024-08-14 02:36:34,871] {dag.py:2972} INFO - Setting next_dagrun for dependencies to 2024-05-20T00:00:00+00:00, run_after=2024-05-20T00:00:00+00:00
[2024-08-14 02:36:34,879] {processor.py:161} INFO - Processing /opt/airflow/dags/3-dependencies.py took 0.047 seconds
[2024-08-14 02:37:05,312] {processor.py:153} INFO - Started process (PID=50636) to work on /opt/airflow/dags/3-dependencies.py
[2024-08-14 02:37:05,313] {processor.py:641} INFO - Processing file /opt/airflow/dags/3-dependencies.py for tasks to queue
[2024-08-14 02:37:05,313] {logging_mixin.py:115} INFO - [2024-08-14 02:37:05,313] {dagbag.py:508} INFO - Filling up the DagBag from /opt/airflow/dags/3-dependencies.py
[2024-08-14 02:37:05,319] {processor.py:651} INFO - DAG(s) dict_keys(['dependencies']) retrieved from /opt/airflow/dags/3-dependencies.py
[2024-08-14 02:37:05,335] {logging_mixin.py:115} INFO - [2024-08-14 02:37:05,335] {dag.py:2420} INFO - Sync 1 DAGs
[2024-08-14 02:37:05,348] {logging_mixin.py:115} INFO - [2024-08-14 02:37:05,348] {dag.py:2972} INFO - Setting next_dagrun for dependencies to 2024-05-20T00:00:00+00:00, run_after=2024-05-20T00:00:00+00:00
[2024-08-14 02:37:05,355] {processor.py:161} INFO - Processing /opt/airflow/dags/3-dependencies.py took 0.046 seconds
[2024-08-14 02:37:35,739] {processor.py:153} INFO - Started process (PID=50674) to work on /opt/airflow/dags/3-dependencies.py
[2024-08-14 02:37:35,739] {processor.py:641} INFO - Processing file /opt/airflow/dags/3-dependencies.py for tasks to queue
[2024-08-14 02:37:35,740] {logging_mixin.py:115} INFO - [2024-08-14 02:37:35,740] {dagbag.py:508} INFO - Filling up the DagBag from /opt/airflow/dags/3-dependencies.py
[2024-08-14 02:37:35,745] {processor.py:651} INFO - DAG(s) dict_keys(['dependencies']) retrieved from /opt/airflow/dags/3-dependencies.py
[2024-08-14 02:37:35,762] {logging_mixin.py:115} INFO - [2024-08-14 02:37:35,762] {dag.py:2420} INFO - Sync 1 DAGs
[2024-08-14 02:37:35,774] {logging_mixin.py:115} INFO - [2024-08-14 02:37:35,774] {dag.py:2972} INFO - Setting next_dagrun for dependencies to 2024-05-20T00:00:00+00:00, run_after=2024-05-20T00:00:00+00:00
[2024-08-14 02:37:35,782] {processor.py:161} INFO - Processing /opt/airflow/dags/3-dependencies.py took 0.045 seconds
[2024-08-14 02:38:06,218] {processor.py:153} INFO - Started process (PID=50713) to work on /opt/airflow/dags/3-dependencies.py
[2024-08-14 02:38:06,218] {processor.py:641} INFO - Processing file /opt/airflow/dags/3-dependencies.py for tasks to queue
[2024-08-14 02:38:06,219] {logging_mixin.py:115} INFO - [2024-08-14 02:38:06,219] {dagbag.py:508} INFO - Filling up the DagBag from /opt/airflow/dags/3-dependencies.py
[2024-08-14 02:38:06,225] {processor.py:651} INFO - DAG(s) dict_keys(['dependencies']) retrieved from /opt/airflow/dags/3-dependencies.py
[2024-08-14 02:38:06,240] {logging_mixin.py:115} INFO - [2024-08-14 02:38:06,240] {dag.py:2420} INFO - Sync 1 DAGs
[2024-08-14 02:38:06,253] {logging_mixin.py:115} INFO - [2024-08-14 02:38:06,253] {dag.py:2972} INFO - Setting next_dagrun for dependencies to 2024-05-20T00:00:00+00:00, run_after=2024-05-20T00:00:00+00:00
[2024-08-14 02:38:06,260] {processor.py:161} INFO - Processing /opt/airflow/dags/3-dependencies.py took 0.044 seconds
[2024-08-14 02:38:36,643] {processor.py:153} INFO - Started process (PID=50743) to work on /opt/airflow/dags/3-dependencies.py
[2024-08-14 02:38:36,644] {processor.py:641} INFO - Processing file /opt/airflow/dags/3-dependencies.py for tasks to queue
[2024-08-14 02:38:36,644] {logging_mixin.py:115} INFO - [2024-08-14 02:38:36,644] {dagbag.py:508} INFO - Filling up the DagBag from /opt/airflow/dags/3-dependencies.py
[2024-08-14 02:38:36,650] {processor.py:651} INFO - DAG(s) dict_keys(['dependencies']) retrieved from /opt/airflow/dags/3-dependencies.py
[2024-08-14 02:38:36,666] {logging_mixin.py:115} INFO - [2024-08-14 02:38:36,666] {dag.py:2420} INFO - Sync 1 DAGs
[2024-08-14 02:38:36,679] {logging_mixin.py:115} INFO - [2024-08-14 02:38:36,678] {dag.py:2972} INFO - Setting next_dagrun for dependencies to 2024-05-20T00:00:00+00:00, run_after=2024-05-20T00:00:00+00:00
[2024-08-14 02:38:36,686] {processor.py:161} INFO - Processing /opt/airflow/dags/3-dependencies.py took 0.045 seconds
[2024-08-14 02:39:07,108] {processor.py:153} INFO - Started process (PID=50782) to work on /opt/airflow/dags/3-dependencies.py
[2024-08-14 02:39:07,108] {processor.py:641} INFO - Processing file /opt/airflow/dags/3-dependencies.py for tasks to queue
[2024-08-14 02:39:07,108] {logging_mixin.py:115} INFO - [2024-08-14 02:39:07,108] {dagbag.py:508} INFO - Filling up the DagBag from /opt/airflow/dags/3-dependencies.py
[2024-08-14 02:39:07,114] {processor.py:651} INFO - DAG(s) dict_keys(['dependencies']) retrieved from /opt/airflow/dags/3-dependencies.py
[2024-08-14 02:39:07,129] {logging_mixin.py:115} INFO - [2024-08-14 02:39:07,128] {dag.py:2420} INFO - Sync 1 DAGs
[2024-08-14 02:39:07,141] {logging_mixin.py:115} INFO - [2024-08-14 02:39:07,141] {dag.py:2972} INFO - Setting next_dagrun for dependencies to 2024-05-20T00:00:00+00:00, run_after=2024-05-20T00:00:00+00:00
[2024-08-14 02:39:07,149] {processor.py:161} INFO - Processing /opt/airflow/dags/3-dependencies.py took 0.043 seconds
[2024-08-14 02:39:37,531] {processor.py:153} INFO - Started process (PID=50821) to work on /opt/airflow/dags/3-dependencies.py
[2024-08-14 02:39:37,531] {processor.py:641} INFO - Processing file /opt/airflow/dags/3-dependencies.py for tasks to queue
[2024-08-14 02:39:37,532] {logging_mixin.py:115} INFO - [2024-08-14 02:39:37,532] {dagbag.py:508} INFO - Filling up the DagBag from /opt/airflow/dags/3-dependencies.py
[2024-08-14 02:39:37,538] {processor.py:651} INFO - DAG(s) dict_keys(['dependencies']) retrieved from /opt/airflow/dags/3-dependencies.py
[2024-08-14 02:39:37,553] {logging_mixin.py:115} INFO - [2024-08-14 02:39:37,553] {dag.py:2420} INFO - Sync 1 DAGs
[2024-08-14 02:39:37,565] {logging_mixin.py:115} INFO - [2024-08-14 02:39:37,565] {dag.py:2972} INFO - Setting next_dagrun for dependencies to 2024-05-20T00:00:00+00:00, run_after=2024-05-20T00:00:00+00:00
[2024-08-14 02:39:37,573] {processor.py:161} INFO - Processing /opt/airflow/dags/3-dependencies.py took 0.044 seconds
[2024-08-14 02:40:08,040] {processor.py:153} INFO - Started process (PID=50860) to work on /opt/airflow/dags/3-dependencies.py
[2024-08-14 02:40:08,041] {processor.py:641} INFO - Processing file /opt/airflow/dags/3-dependencies.py for tasks to queue
[2024-08-14 02:40:08,041] {logging_mixin.py:115} INFO - [2024-08-14 02:40:08,041] {dagbag.py:508} INFO - Filling up the DagBag from /opt/airflow/dags/3-dependencies.py
[2024-08-14 02:40:08,047] {processor.py:651} INFO - DAG(s) dict_keys(['dependencies']) retrieved from /opt/airflow/dags/3-dependencies.py
[2024-08-14 02:40:08,062] {logging_mixin.py:115} INFO - [2024-08-14 02:40:08,062] {dag.py:2420} INFO - Sync 1 DAGs
[2024-08-14 02:40:08,074] {logging_mixin.py:115} INFO - [2024-08-14 02:40:08,074] {dag.py:2972} INFO - Setting next_dagrun for dependencies to 2024-05-20T00:00:00+00:00, run_after=2024-05-20T00:00:00+00:00
[2024-08-14 02:40:08,082] {processor.py:161} INFO - Processing /opt/airflow/dags/3-dependencies.py took 0.044 seconds
[2024-08-14 02:40:38,518] {processor.py:153} INFO - Started process (PID=50899) to work on /opt/airflow/dags/3-dependencies.py
[2024-08-14 02:40:38,518] {processor.py:641} INFO - Processing file /opt/airflow/dags/3-dependencies.py for tasks to queue
[2024-08-14 02:40:38,519] {logging_mixin.py:115} INFO - [2024-08-14 02:40:38,518] {dagbag.py:508} INFO - Filling up the DagBag from /opt/airflow/dags/3-dependencies.py
[2024-08-14 02:40:38,524] {processor.py:651} INFO - DAG(s) dict_keys(['dependencies']) retrieved from /opt/airflow/dags/3-dependencies.py
[2024-08-14 02:40:38,540] {logging_mixin.py:115} INFO - [2024-08-14 02:40:38,540] {dag.py:2420} INFO - Sync 1 DAGs
[2024-08-14 02:40:38,553] {logging_mixin.py:115} INFO - [2024-08-14 02:40:38,553] {dag.py:2972} INFO - Setting next_dagrun for dependencies to 2024-05-20T00:00:00+00:00, run_after=2024-05-20T00:00:00+00:00
[2024-08-14 02:40:38,560] {processor.py:161} INFO - Processing /opt/airflow/dags/3-dependencies.py took 0.044 seconds
[2024-08-14 02:41:08,947] {processor.py:153} INFO - Started process (PID=50938) to work on /opt/airflow/dags/3-dependencies.py
[2024-08-14 02:41:08,947] {processor.py:641} INFO - Processing file /opt/airflow/dags/3-dependencies.py for tasks to queue
[2024-08-14 02:41:08,948] {logging_mixin.py:115} INFO - [2024-08-14 02:41:08,947] {dagbag.py:508} INFO - Filling up the DagBag from /opt/airflow/dags/3-dependencies.py
[2024-08-14 02:41:08,953] {processor.py:651} INFO - DAG(s) dict_keys(['dependencies']) retrieved from /opt/airflow/dags/3-dependencies.py
[2024-08-14 02:41:08,969] {logging_mixin.py:115} INFO - [2024-08-14 02:41:08,969] {dag.py:2420} INFO - Sync 1 DAGs
[2024-08-14 02:41:08,982] {logging_mixin.py:115} INFO - [2024-08-14 02:41:08,981] {dag.py:2972} INFO - Setting next_dagrun for dependencies to 2024-05-20T00:00:00+00:00, run_after=2024-05-20T00:00:00+00:00
[2024-08-14 02:41:08,989] {processor.py:161} INFO - Processing /opt/airflow/dags/3-dependencies.py took 0.045 seconds
[2024-08-14 02:41:39,408] {processor.py:153} INFO - Started process (PID=50968) to work on /opt/airflow/dags/3-dependencies.py
[2024-08-14 02:41:39,409] {processor.py:641} INFO - Processing file /opt/airflow/dags/3-dependencies.py for tasks to queue
[2024-08-14 02:41:39,409] {logging_mixin.py:115} INFO - [2024-08-14 02:41:39,409] {dagbag.py:508} INFO - Filling up the DagBag from /opt/airflow/dags/3-dependencies.py
[2024-08-14 02:41:39,415] {processor.py:651} INFO - DAG(s) dict_keys(['dependencies']) retrieved from /opt/airflow/dags/3-dependencies.py
[2024-08-14 02:41:39,431] {logging_mixin.py:115} INFO - [2024-08-14 02:41:39,430] {dag.py:2420} INFO - Sync 1 DAGs
[2024-08-14 02:41:39,444] {logging_mixin.py:115} INFO - [2024-08-14 02:41:39,444] {dag.py:2972} INFO - Setting next_dagrun for dependencies to 2024-05-20T00:00:00+00:00, run_after=2024-05-20T00:00:00+00:00
[2024-08-14 02:41:39,452] {processor.py:161} INFO - Processing /opt/airflow/dags/3-dependencies.py took 0.046 seconds
[2024-08-14 02:42:09,834] {processor.py:153} INFO - Started process (PID=51007) to work on /opt/airflow/dags/3-dependencies.py
[2024-08-14 02:42:09,834] {processor.py:641} INFO - Processing file /opt/airflow/dags/3-dependencies.py for tasks to queue
[2024-08-14 02:42:09,835] {logging_mixin.py:115} INFO - [2024-08-14 02:42:09,835] {dagbag.py:508} INFO - Filling up the DagBag from /opt/airflow/dags/3-dependencies.py
[2024-08-14 02:42:09,840] {processor.py:651} INFO - DAG(s) dict_keys(['dependencies']) retrieved from /opt/airflow/dags/3-dependencies.py
[2024-08-14 02:42:09,857] {logging_mixin.py:115} INFO - [2024-08-14 02:42:09,857] {dag.py:2420} INFO - Sync 1 DAGs
[2024-08-14 02:42:09,870] {logging_mixin.py:115} INFO - [2024-08-14 02:42:09,870] {dag.py:2972} INFO - Setting next_dagrun for dependencies to 2024-05-20T00:00:00+00:00, run_after=2024-05-20T00:00:00+00:00
[2024-08-14 02:42:09,878] {processor.py:161} INFO - Processing /opt/airflow/dags/3-dependencies.py took 0.046 seconds
[2024-08-14 02:42:40,343] {processor.py:153} INFO - Started process (PID=51046) to work on /opt/airflow/dags/3-dependencies.py
[2024-08-14 02:42:40,343] {processor.py:641} INFO - Processing file /opt/airflow/dags/3-dependencies.py for tasks to queue
[2024-08-14 02:42:40,344] {logging_mixin.py:115} INFO - [2024-08-14 02:42:40,344] {dagbag.py:508} INFO - Filling up the DagBag from /opt/airflow/dags/3-dependencies.py
[2024-08-14 02:42:40,350] {processor.py:651} INFO - DAG(s) dict_keys(['dependencies']) retrieved from /opt/airflow/dags/3-dependencies.py
[2024-08-14 02:42:40,365] {logging_mixin.py:115} INFO - [2024-08-14 02:42:40,365] {dag.py:2420} INFO - Sync 1 DAGs
[2024-08-14 02:42:40,378] {logging_mixin.py:115} INFO - [2024-08-14 02:42:40,378] {dag.py:2972} INFO - Setting next_dagrun for dependencies to 2024-05-20T00:00:00+00:00, run_after=2024-05-20T00:00:00+00:00
[2024-08-14 02:42:40,386] {processor.py:161} INFO - Processing /opt/airflow/dags/3-dependencies.py took 0.047 seconds
[2024-08-14 02:43:10,767] {processor.py:153} INFO - Started process (PID=51085) to work on /opt/airflow/dags/3-dependencies.py
[2024-08-14 02:43:10,768] {processor.py:641} INFO - Processing file /opt/airflow/dags/3-dependencies.py for tasks to queue
[2024-08-14 02:43:10,768] {logging_mixin.py:115} INFO - [2024-08-14 02:43:10,768] {dagbag.py:508} INFO - Filling up the DagBag from /opt/airflow/dags/3-dependencies.py
[2024-08-14 02:43:10,776] {processor.py:651} INFO - DAG(s) dict_keys(['dependencies']) retrieved from /opt/airflow/dags/3-dependencies.py
[2024-08-14 02:43:10,793] {logging_mixin.py:115} INFO - [2024-08-14 02:43:10,793] {dag.py:2420} INFO - Sync 1 DAGs
[2024-08-14 02:43:10,806] {logging_mixin.py:115} INFO - [2024-08-14 02:43:10,806] {dag.py:2972} INFO - Setting next_dagrun for dependencies to 2024-05-20T00:00:00+00:00, run_after=2024-05-20T00:00:00+00:00
[2024-08-14 02:43:10,813] {processor.py:161} INFO - Processing /opt/airflow/dags/3-dependencies.py took 0.049 seconds
[2024-08-14 02:43:41,192] {processor.py:153} INFO - Started process (PID=51124) to work on /opt/airflow/dags/3-dependencies.py
[2024-08-14 02:43:41,193] {processor.py:641} INFO - Processing file /opt/airflow/dags/3-dependencies.py for tasks to queue
[2024-08-14 02:43:41,193] {logging_mixin.py:115} INFO - [2024-08-14 02:43:41,193] {dagbag.py:508} INFO - Filling up the DagBag from /opt/airflow/dags/3-dependencies.py
[2024-08-14 02:43:41,199] {processor.py:651} INFO - DAG(s) dict_keys(['dependencies']) retrieved from /opt/airflow/dags/3-dependencies.py
[2024-08-14 02:43:41,215] {logging_mixin.py:115} INFO - [2024-08-14 02:43:41,215] {dag.py:2420} INFO - Sync 1 DAGs
[2024-08-14 02:43:41,228] {logging_mixin.py:115} INFO - [2024-08-14 02:43:41,228] {dag.py:2972} INFO - Setting next_dagrun for dependencies to 2024-05-20T00:00:00+00:00, run_after=2024-05-20T00:00:00+00:00
[2024-08-14 02:43:41,236] {processor.py:161} INFO - Processing /opt/airflow/dags/3-dependencies.py took 0.045 seconds
[2024-08-14 02:44:11,672] {processor.py:153} INFO - Started process (PID=51163) to work on /opt/airflow/dags/3-dependencies.py
[2024-08-14 02:44:11,672] {processor.py:641} INFO - Processing file /opt/airflow/dags/3-dependencies.py for tasks to queue
[2024-08-14 02:44:11,672] {logging_mixin.py:115} INFO - [2024-08-14 02:44:11,672] {dagbag.py:508} INFO - Filling up the DagBag from /opt/airflow/dags/3-dependencies.py
[2024-08-14 02:44:11,678] {processor.py:651} INFO - DAG(s) dict_keys(['dependencies']) retrieved from /opt/airflow/dags/3-dependencies.py
[2024-08-14 02:44:11,692] {logging_mixin.py:115} INFO - [2024-08-14 02:44:11,692] {dag.py:2420} INFO - Sync 1 DAGs
[2024-08-14 02:44:11,704] {logging_mixin.py:115} INFO - [2024-08-14 02:44:11,704] {dag.py:2972} INFO - Setting next_dagrun for dependencies to 2024-05-20T00:00:00+00:00, run_after=2024-05-20T00:00:00+00:00
[2024-08-14 02:44:11,712] {processor.py:161} INFO - Processing /opt/airflow/dags/3-dependencies.py took 0.042 seconds
[2024-08-14 02:44:42,107] {processor.py:153} INFO - Started process (PID=51193) to work on /opt/airflow/dags/3-dependencies.py
[2024-08-14 02:44:42,108] {processor.py:641} INFO - Processing file /opt/airflow/dags/3-dependencies.py for tasks to queue
[2024-08-14 02:44:42,108] {logging_mixin.py:115} INFO - [2024-08-14 02:44:42,108] {dagbag.py:508} INFO - Filling up the DagBag from /opt/airflow/dags/3-dependencies.py
[2024-08-14 02:44:42,118] {processor.py:651} INFO - DAG(s) dict_keys(['dependencies']) retrieved from /opt/airflow/dags/3-dependencies.py
[2024-08-14 02:44:42,135] {logging_mixin.py:115} INFO - [2024-08-14 02:44:42,135] {dag.py:2420} INFO - Sync 1 DAGs
[2024-08-14 02:44:42,148] {logging_mixin.py:115} INFO - [2024-08-14 02:44:42,148] {dag.py:2972} INFO - Setting next_dagrun for dependencies to 2024-05-20T00:00:00+00:00, run_after=2024-05-20T00:00:00+00:00
[2024-08-14 02:44:42,156] {processor.py:161} INFO - Processing /opt/airflow/dags/3-dependencies.py took 0.051 seconds
[2024-08-14 02:45:12,586] {processor.py:153} INFO - Started process (PID=51232) to work on /opt/airflow/dags/3-dependencies.py
[2024-08-14 02:45:12,586] {processor.py:641} INFO - Processing file /opt/airflow/dags/3-dependencies.py for tasks to queue
[2024-08-14 02:45:12,587] {logging_mixin.py:115} INFO - [2024-08-14 02:45:12,587] {dagbag.py:508} INFO - Filling up the DagBag from /opt/airflow/dags/3-dependencies.py
[2024-08-14 02:45:12,593] {processor.py:651} INFO - DAG(s) dict_keys(['dependencies']) retrieved from /opt/airflow/dags/3-dependencies.py
[2024-08-14 02:45:12,609] {logging_mixin.py:115} INFO - [2024-08-14 02:45:12,608] {dag.py:2420} INFO - Sync 1 DAGs
[2024-08-14 02:45:12,621] {logging_mixin.py:115} INFO - [2024-08-14 02:45:12,621] {dag.py:2972} INFO - Setting next_dagrun for dependencies to 2024-05-20T00:00:00+00:00, run_after=2024-05-20T00:00:00+00:00
[2024-08-14 02:45:12,629] {processor.py:161} INFO - Processing /opt/airflow/dags/3-dependencies.py took 0.045 seconds
[2024-08-14 02:45:43,064] {processor.py:153} INFO - Started process (PID=51271) to work on /opt/airflow/dags/3-dependencies.py
[2024-08-14 02:45:43,065] {processor.py:641} INFO - Processing file /opt/airflow/dags/3-dependencies.py for tasks to queue
[2024-08-14 02:45:43,065] {logging_mixin.py:115} INFO - [2024-08-14 02:45:43,065] {dagbag.py:508} INFO - Filling up the DagBag from /opt/airflow/dags/3-dependencies.py
[2024-08-14 02:45:43,071] {processor.py:651} INFO - DAG(s) dict_keys(['dependencies']) retrieved from /opt/airflow/dags/3-dependencies.py
[2024-08-14 02:45:43,087] {logging_mixin.py:115} INFO - [2024-08-14 02:45:43,087] {dag.py:2420} INFO - Sync 1 DAGs
[2024-08-14 02:45:43,100] {logging_mixin.py:115} INFO - [2024-08-14 02:45:43,100] {dag.py:2972} INFO - Setting next_dagrun for dependencies to 2024-05-20T00:00:00+00:00, run_after=2024-05-20T00:00:00+00:00
[2024-08-14 02:45:43,107] {processor.py:161} INFO - Processing /opt/airflow/dags/3-dependencies.py took 0.045 seconds
[2024-08-14 02:46:13,557] {processor.py:153} INFO - Started process (PID=51310) to work on /opt/airflow/dags/3-dependencies.py
[2024-08-14 02:46:13,557] {processor.py:641} INFO - Processing file /opt/airflow/dags/3-dependencies.py for tasks to queue
[2024-08-14 02:46:13,558] {logging_mixin.py:115} INFO - [2024-08-14 02:46:13,558] {dagbag.py:508} INFO - Filling up the DagBag from /opt/airflow/dags/3-dependencies.py
[2024-08-14 02:46:13,567] {processor.py:651} INFO - DAG(s) dict_keys(['dependencies']) retrieved from /opt/airflow/dags/3-dependencies.py
[2024-08-14 02:46:13,583] {logging_mixin.py:115} INFO - [2024-08-14 02:46:13,583] {dag.py:2420} INFO - Sync 1 DAGs
[2024-08-14 02:46:13,597] {logging_mixin.py:115} INFO - [2024-08-14 02:46:13,597] {dag.py:2972} INFO - Setting next_dagrun for dependencies to 2024-05-20T00:00:00+00:00, run_after=2024-05-20T00:00:00+00:00
[2024-08-14 02:46:13,607] {processor.py:161} INFO - Processing /opt/airflow/dags/3-dependencies.py took 0.054 seconds
[2024-08-14 02:46:44,010] {processor.py:153} INFO - Started process (PID=51349) to work on /opt/airflow/dags/3-dependencies.py
[2024-08-14 02:46:44,010] {processor.py:641} INFO - Processing file /opt/airflow/dags/3-dependencies.py for tasks to queue
[2024-08-14 02:46:44,011] {logging_mixin.py:115} INFO - [2024-08-14 02:46:44,011] {dagbag.py:508} INFO - Filling up the DagBag from /opt/airflow/dags/3-dependencies.py
[2024-08-14 02:46:44,016] {processor.py:651} INFO - DAG(s) dict_keys(['dependencies']) retrieved from /opt/airflow/dags/3-dependencies.py
[2024-08-14 02:46:44,031] {logging_mixin.py:115} INFO - [2024-08-14 02:46:44,031] {dag.py:2420} INFO - Sync 1 DAGs
[2024-08-14 02:46:44,044] {logging_mixin.py:115} INFO - [2024-08-14 02:46:44,044] {dag.py:2972} INFO - Setting next_dagrun for dependencies to 2024-05-20T00:00:00+00:00, run_after=2024-05-20T00:00:00+00:00
[2024-08-14 02:46:44,052] {processor.py:161} INFO - Processing /opt/airflow/dags/3-dependencies.py took 0.044 seconds
[2024-08-14 02:47:14,452] {processor.py:153} INFO - Started process (PID=51387) to work on /opt/airflow/dags/3-dependencies.py
[2024-08-14 02:47:14,452] {processor.py:641} INFO - Processing file /opt/airflow/dags/3-dependencies.py for tasks to queue
[2024-08-14 02:47:14,453] {logging_mixin.py:115} INFO - [2024-08-14 02:47:14,453] {dagbag.py:508} INFO - Filling up the DagBag from /opt/airflow/dags/3-dependencies.py
[2024-08-14 02:47:14,460] {processor.py:651} INFO - DAG(s) dict_keys(['dependencies']) retrieved from /opt/airflow/dags/3-dependencies.py
[2024-08-14 02:47:14,476] {logging_mixin.py:115} INFO - [2024-08-14 02:47:14,476] {dag.py:2420} INFO - Sync 1 DAGs
[2024-08-14 02:47:14,490] {logging_mixin.py:115} INFO - [2024-08-14 02:47:14,490] {dag.py:2972} INFO - Setting next_dagrun for dependencies to 2024-05-20T00:00:00+00:00, run_after=2024-05-20T00:00:00+00:00
[2024-08-14 02:47:14,497] {processor.py:161} INFO - Processing /opt/airflow/dags/3-dependencies.py took 0.047 seconds
[2024-08-14 02:47:44,892] {processor.py:153} INFO - Started process (PID=51417) to work on /opt/airflow/dags/3-dependencies.py
[2024-08-14 02:47:44,892] {processor.py:641} INFO - Processing file /opt/airflow/dags/3-dependencies.py for tasks to queue
[2024-08-14 02:47:44,893] {logging_mixin.py:115} INFO - [2024-08-14 02:47:44,893] {dagbag.py:508} INFO - Filling up the DagBag from /opt/airflow/dags/3-dependencies.py
[2024-08-14 02:47:44,898] {processor.py:651} INFO - DAG(s) dict_keys(['dependencies']) retrieved from /opt/airflow/dags/3-dependencies.py
[2024-08-14 02:47:44,915] {logging_mixin.py:115} INFO - [2024-08-14 02:47:44,915] {dag.py:2420} INFO - Sync 1 DAGs
[2024-08-14 02:47:44,929] {logging_mixin.py:115} INFO - [2024-08-14 02:47:44,929] {dag.py:2972} INFO - Setting next_dagrun for dependencies to 2024-05-20T00:00:00+00:00, run_after=2024-05-20T00:00:00+00:00
[2024-08-14 02:47:44,937] {processor.py:161} INFO - Processing /opt/airflow/dags/3-dependencies.py took 0.047 seconds
[2024-08-14 02:48:15,312] {processor.py:153} INFO - Started process (PID=51455) to work on /opt/airflow/dags/3-dependencies.py
[2024-08-14 02:48:15,312] {processor.py:641} INFO - Processing file /opt/airflow/dags/3-dependencies.py for tasks to queue
[2024-08-14 02:48:15,312] {logging_mixin.py:115} INFO - [2024-08-14 02:48:15,312] {dagbag.py:508} INFO - Filling up the DagBag from /opt/airflow/dags/3-dependencies.py
[2024-08-14 02:48:15,318] {processor.py:651} INFO - DAG(s) dict_keys(['dependencies']) retrieved from /opt/airflow/dags/3-dependencies.py
[2024-08-14 02:48:15,333] {logging_mixin.py:115} INFO - [2024-08-14 02:48:15,333] {dag.py:2420} INFO - Sync 1 DAGs
[2024-08-14 02:48:15,346] {logging_mixin.py:115} INFO - [2024-08-14 02:48:15,346] {dag.py:2972} INFO - Setting next_dagrun for dependencies to 2024-05-20T00:00:00+00:00, run_after=2024-05-20T00:00:00+00:00
[2024-08-14 02:48:15,354] {processor.py:161} INFO - Processing /opt/airflow/dags/3-dependencies.py took 0.044 seconds
[2024-08-14 02:48:45,769] {processor.py:153} INFO - Started process (PID=51495) to work on /opt/airflow/dags/3-dependencies.py
[2024-08-14 02:48:45,770] {processor.py:641} INFO - Processing file /opt/airflow/dags/3-dependencies.py for tasks to queue
[2024-08-14 02:48:45,770] {logging_mixin.py:115} INFO - [2024-08-14 02:48:45,770] {dagbag.py:508} INFO - Filling up the DagBag from /opt/airflow/dags/3-dependencies.py
[2024-08-14 02:48:45,776] {processor.py:651} INFO - DAG(s) dict_keys(['dependencies']) retrieved from /opt/airflow/dags/3-dependencies.py
[2024-08-14 02:48:45,792] {logging_mixin.py:115} INFO - [2024-08-14 02:48:45,792] {dag.py:2420} INFO - Sync 1 DAGs
[2024-08-14 02:48:45,804] {logging_mixin.py:115} INFO - [2024-08-14 02:48:45,804] {dag.py:2972} INFO - Setting next_dagrun for dependencies to 2024-05-20T00:00:00+00:00, run_after=2024-05-20T00:00:00+00:00
[2024-08-14 02:48:45,811] {processor.py:161} INFO - Processing /opt/airflow/dags/3-dependencies.py took 0.044 seconds
[2024-08-14 02:49:16,227] {processor.py:153} INFO - Started process (PID=51534) to work on /opt/airflow/dags/3-dependencies.py
[2024-08-14 02:49:16,227] {processor.py:641} INFO - Processing file /opt/airflow/dags/3-dependencies.py for tasks to queue
[2024-08-14 02:49:16,227] {logging_mixin.py:115} INFO - [2024-08-14 02:49:16,227] {dagbag.py:508} INFO - Filling up the DagBag from /opt/airflow/dags/3-dependencies.py
[2024-08-14 02:49:16,233] {processor.py:651} INFO - DAG(s) dict_keys(['dependencies']) retrieved from /opt/airflow/dags/3-dependencies.py
[2024-08-14 02:49:16,251] {logging_mixin.py:115} INFO - [2024-08-14 02:49:16,251] {dag.py:2420} INFO - Sync 1 DAGs
[2024-08-14 02:49:16,265] {logging_mixin.py:115} INFO - [2024-08-14 02:49:16,264] {dag.py:2972} INFO - Setting next_dagrun for dependencies to 2024-05-20T00:00:00+00:00, run_after=2024-05-20T00:00:00+00:00
[2024-08-14 02:49:16,273] {processor.py:161} INFO - Processing /opt/airflow/dags/3-dependencies.py took 0.048 seconds
[2024-08-14 02:49:46,661] {processor.py:153} INFO - Started process (PID=51573) to work on /opt/airflow/dags/3-dependencies.py
[2024-08-14 02:49:46,661] {processor.py:641} INFO - Processing file /opt/airflow/dags/3-dependencies.py for tasks to queue
[2024-08-14 02:49:46,661] {logging_mixin.py:115} INFO - [2024-08-14 02:49:46,661] {dagbag.py:508} INFO - Filling up the DagBag from /opt/airflow/dags/3-dependencies.py
[2024-08-14 02:49:46,667] {processor.py:651} INFO - DAG(s) dict_keys(['dependencies']) retrieved from /opt/airflow/dags/3-dependencies.py
[2024-08-14 02:49:46,682] {logging_mixin.py:115} INFO - [2024-08-14 02:49:46,682] {dag.py:2420} INFO - Sync 1 DAGs
[2024-08-14 02:49:46,695] {logging_mixin.py:115} INFO - [2024-08-14 02:49:46,695] {dag.py:2972} INFO - Setting next_dagrun for dependencies to 2024-05-20T00:00:00+00:00, run_after=2024-05-20T00:00:00+00:00
[2024-08-14 02:49:46,703] {processor.py:161} INFO - Processing /opt/airflow/dags/3-dependencies.py took 0.044 seconds
[2024-08-14 02:50:17,123] {processor.py:153} INFO - Started process (PID=51611) to work on /opt/airflow/dags/3-dependencies.py
[2024-08-14 02:50:17,124] {processor.py:641} INFO - Processing file /opt/airflow/dags/3-dependencies.py for tasks to queue
[2024-08-14 02:50:17,124] {logging_mixin.py:115} INFO - [2024-08-14 02:50:17,124] {dagbag.py:508} INFO - Filling up the DagBag from /opt/airflow/dags/3-dependencies.py
[2024-08-14 02:50:17,132] {processor.py:651} INFO - DAG(s) dict_keys(['dependencies']) retrieved from /opt/airflow/dags/3-dependencies.py
[2024-08-14 02:50:17,147] {logging_mixin.py:115} INFO - [2024-08-14 02:50:17,147] {dag.py:2420} INFO - Sync 1 DAGs
[2024-08-14 02:50:17,161] {logging_mixin.py:115} INFO - [2024-08-14 02:50:17,160] {dag.py:2972} INFO - Setting next_dagrun for dependencies to 2024-05-20T00:00:00+00:00, run_after=2024-05-20T00:00:00+00:00
[2024-08-14 02:50:17,169] {processor.py:161} INFO - Processing /opt/airflow/dags/3-dependencies.py took 0.048 seconds
[2024-08-14 02:50:47,628] {processor.py:153} INFO - Started process (PID=51641) to work on /opt/airflow/dags/3-dependencies.py
[2024-08-14 02:50:47,628] {processor.py:641} INFO - Processing file /opt/airflow/dags/3-dependencies.py for tasks to queue
[2024-08-14 02:50:47,629] {logging_mixin.py:115} INFO - [2024-08-14 02:50:47,629] {dagbag.py:508} INFO - Filling up the DagBag from /opt/airflow/dags/3-dependencies.py
[2024-08-14 02:50:47,635] {processor.py:651} INFO - DAG(s) dict_keys(['dependencies']) retrieved from /opt/airflow/dags/3-dependencies.py
[2024-08-14 02:50:47,650] {logging_mixin.py:115} INFO - [2024-08-14 02:50:47,650] {dag.py:2420} INFO - Sync 1 DAGs
[2024-08-14 02:50:47,663] {logging_mixin.py:115} INFO - [2024-08-14 02:50:47,663] {dag.py:2972} INFO - Setting next_dagrun for dependencies to 2024-05-20T00:00:00+00:00, run_after=2024-05-20T00:00:00+00:00
[2024-08-14 02:50:47,670] {processor.py:161} INFO - Processing /opt/airflow/dags/3-dependencies.py took 0.046 seconds
[2024-08-14 02:51:18,134] {processor.py:153} INFO - Started process (PID=51681) to work on /opt/airflow/dags/3-dependencies.py
[2024-08-14 02:51:18,134] {processor.py:641} INFO - Processing file /opt/airflow/dags/3-dependencies.py for tasks to queue
[2024-08-14 02:51:18,135] {logging_mixin.py:115} INFO - [2024-08-14 02:51:18,135] {dagbag.py:508} INFO - Filling up the DagBag from /opt/airflow/dags/3-dependencies.py
[2024-08-14 02:51:18,145] {processor.py:651} INFO - DAG(s) dict_keys(['dependencies']) retrieved from /opt/airflow/dags/3-dependencies.py
[2024-08-14 02:51:18,169] {logging_mixin.py:115} INFO - [2024-08-14 02:51:18,169] {dag.py:2420} INFO - Sync 1 DAGs
[2024-08-14 02:51:18,183] {logging_mixin.py:115} INFO - [2024-08-14 02:51:18,183] {dag.py:2972} INFO - Setting next_dagrun for dependencies to 2024-05-20T00:00:00+00:00, run_after=2024-05-20T00:00:00+00:00
[2024-08-14 02:51:18,191] {processor.py:161} INFO - Processing /opt/airflow/dags/3-dependencies.py took 0.059 seconds
[2024-08-14 02:51:48,561] {processor.py:153} INFO - Started process (PID=51719) to work on /opt/airflow/dags/3-dependencies.py
[2024-08-14 02:51:48,561] {processor.py:641} INFO - Processing file /opt/airflow/dags/3-dependencies.py for tasks to queue
[2024-08-14 02:51:48,562] {logging_mixin.py:115} INFO - [2024-08-14 02:51:48,562] {dagbag.py:508} INFO - Filling up the DagBag from /opt/airflow/dags/3-dependencies.py
[2024-08-14 02:51:48,568] {processor.py:651} INFO - DAG(s) dict_keys(['dependencies']) retrieved from /opt/airflow/dags/3-dependencies.py
[2024-08-14 02:51:48,584] {logging_mixin.py:115} INFO - [2024-08-14 02:51:48,584] {dag.py:2420} INFO - Sync 1 DAGs
[2024-08-14 02:51:48,597] {logging_mixin.py:115} INFO - [2024-08-14 02:51:48,597] {dag.py:2972} INFO - Setting next_dagrun for dependencies to 2024-05-20T00:00:00+00:00, run_after=2024-05-20T00:00:00+00:00
[2024-08-14 02:51:48,605] {processor.py:161} INFO - Processing /opt/airflow/dags/3-dependencies.py took 0.046 seconds
[2024-08-14 02:52:19,000] {processor.py:153} INFO - Started process (PID=51757) to work on /opt/airflow/dags/3-dependencies.py
[2024-08-14 02:52:19,001] {processor.py:641} INFO - Processing file /opt/airflow/dags/3-dependencies.py for tasks to queue
[2024-08-14 02:52:19,001] {logging_mixin.py:115} INFO - [2024-08-14 02:52:19,001] {dagbag.py:508} INFO - Filling up the DagBag from /opt/airflow/dags/3-dependencies.py
[2024-08-14 02:52:19,008] {processor.py:651} INFO - DAG(s) dict_keys(['dependencies']) retrieved from /opt/airflow/dags/3-dependencies.py
[2024-08-14 02:52:19,023] {logging_mixin.py:115} INFO - [2024-08-14 02:52:19,023] {dag.py:2420} INFO - Sync 1 DAGs
[2024-08-14 02:52:19,035] {logging_mixin.py:115} INFO - [2024-08-14 02:52:19,035] {dag.py:2972} INFO - Setting next_dagrun for dependencies to 2024-05-20T00:00:00+00:00, run_after=2024-05-20T00:00:00+00:00
[2024-08-14 02:52:19,043] {processor.py:161} INFO - Processing /opt/airflow/dags/3-dependencies.py took 0.045 seconds
[2024-08-14 02:52:49,497] {processor.py:153} INFO - Started process (PID=51794) to work on /opt/airflow/dags/3-dependencies.py
[2024-08-14 02:52:49,497] {processor.py:641} INFO - Processing file /opt/airflow/dags/3-dependencies.py for tasks to queue
[2024-08-14 02:52:49,497] {logging_mixin.py:115} INFO - [2024-08-14 02:52:49,497] {dagbag.py:508} INFO - Filling up the DagBag from /opt/airflow/dags/3-dependencies.py
[2024-08-14 02:52:49,503] {processor.py:651} INFO - DAG(s) dict_keys(['dependencies']) retrieved from /opt/airflow/dags/3-dependencies.py
[2024-08-14 02:52:49,519] {logging_mixin.py:115} INFO - [2024-08-14 02:52:49,519] {dag.py:2420} INFO - Sync 1 DAGs
[2024-08-14 02:52:49,532] {logging_mixin.py:115} INFO - [2024-08-14 02:52:49,531] {dag.py:2972} INFO - Setting next_dagrun for dependencies to 2024-05-20T00:00:00+00:00, run_after=2024-05-20T00:00:00+00:00
[2024-08-14 02:52:49,539] {processor.py:161} INFO - Processing /opt/airflow/dags/3-dependencies.py took 0.045 seconds
[2024-08-14 02:53:19,963] {processor.py:153} INFO - Started process (PID=51833) to work on /opt/airflow/dags/3-dependencies.py
[2024-08-14 02:53:19,964] {processor.py:641} INFO - Processing file /opt/airflow/dags/3-dependencies.py for tasks to queue
[2024-08-14 02:53:19,964] {logging_mixin.py:115} INFO - [2024-08-14 02:53:19,964] {dagbag.py:508} INFO - Filling up the DagBag from /opt/airflow/dags/3-dependencies.py
[2024-08-14 02:53:19,970] {processor.py:651} INFO - DAG(s) dict_keys(['dependencies']) retrieved from /opt/airflow/dags/3-dependencies.py
[2024-08-14 02:53:19,985] {logging_mixin.py:115} INFO - [2024-08-14 02:53:19,985] {dag.py:2420} INFO - Sync 1 DAGs
[2024-08-14 02:53:20,000] {logging_mixin.py:115} INFO - [2024-08-14 02:53:20,000] {dag.py:2972} INFO - Setting next_dagrun for dependencies to 2024-05-20T00:00:00+00:00, run_after=2024-05-20T00:00:00+00:00
[2024-08-14 02:53:20,009] {processor.py:161} INFO - Processing /opt/airflow/dags/3-dependencies.py took 0.048 seconds
[2024-08-14 02:53:50,458] {processor.py:153} INFO - Started process (PID=51862) to work on /opt/airflow/dags/3-dependencies.py
[2024-08-14 02:53:50,458] {processor.py:641} INFO - Processing file /opt/airflow/dags/3-dependencies.py for tasks to queue
[2024-08-14 02:53:50,459] {logging_mixin.py:115} INFO - [2024-08-14 02:53:50,459] {dagbag.py:508} INFO - Filling up the DagBag from /opt/airflow/dags/3-dependencies.py
[2024-08-14 02:53:50,465] {processor.py:651} INFO - DAG(s) dict_keys(['dependencies']) retrieved from /opt/airflow/dags/3-dependencies.py
[2024-08-14 02:53:50,482] {logging_mixin.py:115} INFO - [2024-08-14 02:53:50,482] {dag.py:2420} INFO - Sync 1 DAGs
[2024-08-14 02:53:50,494] {logging_mixin.py:115} INFO - [2024-08-14 02:53:50,494] {dag.py:2972} INFO - Setting next_dagrun for dependencies to 2024-05-20T00:00:00+00:00, run_after=2024-05-20T00:00:00+00:00
[2024-08-14 02:53:50,502] {processor.py:161} INFO - Processing /opt/airflow/dags/3-dependencies.py took 0.048 seconds
[2024-08-14 02:54:20,943] {processor.py:153} INFO - Started process (PID=51901) to work on /opt/airflow/dags/3-dependencies.py
[2024-08-14 02:54:20,943] {processor.py:641} INFO - Processing file /opt/airflow/dags/3-dependencies.py for tasks to queue
[2024-08-14 02:54:20,943] {logging_mixin.py:115} INFO - [2024-08-14 02:54:20,943] {dagbag.py:508} INFO - Filling up the DagBag from /opt/airflow/dags/3-dependencies.py
[2024-08-14 02:54:20,949] {processor.py:651} INFO - DAG(s) dict_keys(['dependencies']) retrieved from /opt/airflow/dags/3-dependencies.py
[2024-08-14 02:54:20,964] {logging_mixin.py:115} INFO - [2024-08-14 02:54:20,964] {dag.py:2420} INFO - Sync 1 DAGs
[2024-08-14 02:54:20,977] {logging_mixin.py:115} INFO - [2024-08-14 02:54:20,977] {dag.py:2972} INFO - Setting next_dagrun for dependencies to 2024-05-20T00:00:00+00:00, run_after=2024-05-20T00:00:00+00:00
[2024-08-14 02:54:20,985] {processor.py:161} INFO - Processing /opt/airflow/dags/3-dependencies.py took 0.044 seconds
[2024-08-14 02:54:51,425] {processor.py:153} INFO - Started process (PID=51940) to work on /opt/airflow/dags/3-dependencies.py
[2024-08-14 02:54:51,425] {processor.py:641} INFO - Processing file /opt/airflow/dags/3-dependencies.py for tasks to queue
[2024-08-14 02:54:51,425] {logging_mixin.py:115} INFO - [2024-08-14 02:54:51,425] {dagbag.py:508} INFO - Filling up the DagBag from /opt/airflow/dags/3-dependencies.py
[2024-08-14 02:54:51,431] {processor.py:651} INFO - DAG(s) dict_keys(['dependencies']) retrieved from /opt/airflow/dags/3-dependencies.py
[2024-08-14 02:54:51,447] {logging_mixin.py:115} INFO - [2024-08-14 02:54:51,447] {dag.py:2420} INFO - Sync 1 DAGs
[2024-08-14 02:54:51,460] {logging_mixin.py:115} INFO - [2024-08-14 02:54:51,460] {dag.py:2972} INFO - Setting next_dagrun for dependencies to 2024-05-20T00:00:00+00:00, run_after=2024-05-20T00:00:00+00:00
[2024-08-14 02:54:51,467] {processor.py:161} INFO - Processing /opt/airflow/dags/3-dependencies.py took 0.045 seconds
[2024-08-14 02:55:21,827] {processor.py:153} INFO - Started process (PID=51979) to work on /opt/airflow/dags/3-dependencies.py
[2024-08-14 02:55:21,827] {processor.py:641} INFO - Processing file /opt/airflow/dags/3-dependencies.py for tasks to queue
[2024-08-14 02:55:21,827] {logging_mixin.py:115} INFO - [2024-08-14 02:55:21,827] {dagbag.py:508} INFO - Filling up the DagBag from /opt/airflow/dags/3-dependencies.py
[2024-08-14 02:55:21,833] {processor.py:651} INFO - DAG(s) dict_keys(['dependencies']) retrieved from /opt/airflow/dags/3-dependencies.py
[2024-08-14 02:55:21,849] {logging_mixin.py:115} INFO - [2024-08-14 02:55:21,849] {dag.py:2420} INFO - Sync 1 DAGs
[2024-08-14 02:55:21,862] {logging_mixin.py:115} INFO - [2024-08-14 02:55:21,862] {dag.py:2972} INFO - Setting next_dagrun for dependencies to 2024-05-20T00:00:00+00:00, run_after=2024-05-20T00:00:00+00:00
[2024-08-14 02:55:21,871] {processor.py:161} INFO - Processing /opt/airflow/dags/3-dependencies.py took 0.046 seconds
[2024-08-14 02:55:52,256] {processor.py:153} INFO - Started process (PID=52018) to work on /opt/airflow/dags/3-dependencies.py
[2024-08-14 02:55:52,257] {processor.py:641} INFO - Processing file /opt/airflow/dags/3-dependencies.py for tasks to queue
[2024-08-14 02:55:52,257] {logging_mixin.py:115} INFO - [2024-08-14 02:55:52,257] {dagbag.py:508} INFO - Filling up the DagBag from /opt/airflow/dags/3-dependencies.py
[2024-08-14 02:55:52,263] {processor.py:651} INFO - DAG(s) dict_keys(['dependencies']) retrieved from /opt/airflow/dags/3-dependencies.py
[2024-08-14 02:55:52,278] {logging_mixin.py:115} INFO - [2024-08-14 02:55:52,277] {dag.py:2420} INFO - Sync 1 DAGs
[2024-08-14 02:55:52,291] {logging_mixin.py:115} INFO - [2024-08-14 02:55:52,291] {dag.py:2972} INFO - Setting next_dagrun for dependencies to 2024-05-20T00:00:00+00:00, run_after=2024-05-20T00:00:00+00:00
[2024-08-14 02:55:52,298] {processor.py:161} INFO - Processing /opt/airflow/dags/3-dependencies.py took 0.044 seconds
[2024-08-14 02:56:22,726] {processor.py:153} INFO - Started process (PID=52057) to work on /opt/airflow/dags/3-dependencies.py
[2024-08-14 02:56:22,727] {processor.py:641} INFO - Processing file /opt/airflow/dags/3-dependencies.py for tasks to queue
[2024-08-14 02:56:22,727] {logging_mixin.py:115} INFO - [2024-08-14 02:56:22,727] {dagbag.py:508} INFO - Filling up the DagBag from /opt/airflow/dags/3-dependencies.py
[2024-08-14 02:56:22,733] {processor.py:651} INFO - DAG(s) dict_keys(['dependencies']) retrieved from /opt/airflow/dags/3-dependencies.py
[2024-08-14 02:56:22,751] {logging_mixin.py:115} INFO - [2024-08-14 02:56:22,751] {dag.py:2420} INFO - Sync 1 DAGs
[2024-08-14 02:56:22,764] {logging_mixin.py:115} INFO - [2024-08-14 02:56:22,764] {dag.py:2972} INFO - Setting next_dagrun for dependencies to 2024-05-20T00:00:00+00:00, run_after=2024-05-20T00:00:00+00:00
[2024-08-14 02:56:22,772] {processor.py:161} INFO - Processing /opt/airflow/dags/3-dependencies.py took 0.048 seconds
[2024-08-14 02:56:53,196] {processor.py:153} INFO - Started process (PID=52087) to work on /opt/airflow/dags/3-dependencies.py
[2024-08-14 02:56:53,196] {processor.py:641} INFO - Processing file /opt/airflow/dags/3-dependencies.py for tasks to queue
[2024-08-14 02:56:53,196] {logging_mixin.py:115} INFO - [2024-08-14 02:56:53,196] {dagbag.py:508} INFO - Filling up the DagBag from /opt/airflow/dags/3-dependencies.py
[2024-08-14 02:56:53,202] {processor.py:651} INFO - DAG(s) dict_keys(['dependencies']) retrieved from /opt/airflow/dags/3-dependencies.py
[2024-08-14 02:56:53,220] {logging_mixin.py:115} INFO - [2024-08-14 02:56:53,220] {dag.py:2420} INFO - Sync 1 DAGs
[2024-08-14 02:56:53,235] {logging_mixin.py:115} INFO - [2024-08-14 02:56:53,234] {dag.py:2972} INFO - Setting next_dagrun for dependencies to 2024-05-20T00:00:00+00:00, run_after=2024-05-20T00:00:00+00:00
[2024-08-14 02:56:53,242] {processor.py:161} INFO - Processing /opt/airflow/dags/3-dependencies.py took 0.049 seconds
[2024-08-14 02:57:23,615] {processor.py:153} INFO - Started process (PID=52125) to work on /opt/airflow/dags/3-dependencies.py
[2024-08-14 02:57:23,615] {processor.py:641} INFO - Processing file /opt/airflow/dags/3-dependencies.py for tasks to queue
[2024-08-14 02:57:23,615] {logging_mixin.py:115} INFO - [2024-08-14 02:57:23,615] {dagbag.py:508} INFO - Filling up the DagBag from /opt/airflow/dags/3-dependencies.py
[2024-08-14 02:57:23,621] {processor.py:651} INFO - DAG(s) dict_keys(['dependencies']) retrieved from /opt/airflow/dags/3-dependencies.py
[2024-08-14 02:57:23,636] {logging_mixin.py:115} INFO - [2024-08-14 02:57:23,636] {dag.py:2420} INFO - Sync 1 DAGs
[2024-08-14 02:57:23,650] {logging_mixin.py:115} INFO - [2024-08-14 02:57:23,650] {dag.py:2972} INFO - Setting next_dagrun for dependencies to 2024-05-20T00:00:00+00:00, run_after=2024-05-20T00:00:00+00:00
[2024-08-14 02:57:23,657] {processor.py:161} INFO - Processing /opt/airflow/dags/3-dependencies.py took 0.045 seconds
[2024-08-14 02:57:54,093] {processor.py:153} INFO - Started process (PID=52164) to work on /opt/airflow/dags/3-dependencies.py
[2024-08-14 02:57:54,093] {processor.py:641} INFO - Processing file /opt/airflow/dags/3-dependencies.py for tasks to queue
[2024-08-14 02:57:54,093] {logging_mixin.py:115} INFO - [2024-08-14 02:57:54,093] {dagbag.py:508} INFO - Filling up the DagBag from /opt/airflow/dags/3-dependencies.py
[2024-08-14 02:57:54,099] {processor.py:651} INFO - DAG(s) dict_keys(['dependencies']) retrieved from /opt/airflow/dags/3-dependencies.py
[2024-08-14 02:57:54,114] {logging_mixin.py:115} INFO - [2024-08-14 02:57:54,114] {dag.py:2420} INFO - Sync 1 DAGs
[2024-08-14 02:57:54,128] {logging_mixin.py:115} INFO - [2024-08-14 02:57:54,128] {dag.py:2972} INFO - Setting next_dagrun for dependencies to 2024-05-20T00:00:00+00:00, run_after=2024-05-20T00:00:00+00:00
[2024-08-14 02:57:54,135] {processor.py:161} INFO - Processing /opt/airflow/dags/3-dependencies.py took 0.045 seconds
[2024-08-14 02:58:24,553] {processor.py:153} INFO - Started process (PID=52202) to work on /opt/airflow/dags/3-dependencies.py
[2024-08-14 02:58:24,553] {processor.py:641} INFO - Processing file /opt/airflow/dags/3-dependencies.py for tasks to queue
[2024-08-14 02:58:24,553] {logging_mixin.py:115} INFO - [2024-08-14 02:58:24,553] {dagbag.py:508} INFO - Filling up the DagBag from /opt/airflow/dags/3-dependencies.py
[2024-08-14 02:58:24,559] {processor.py:651} INFO - DAG(s) dict_keys(['dependencies']) retrieved from /opt/airflow/dags/3-dependencies.py
[2024-08-14 02:58:24,575] {logging_mixin.py:115} INFO - [2024-08-14 02:58:24,574] {dag.py:2420} INFO - Sync 1 DAGs
[2024-08-14 02:58:24,588] {logging_mixin.py:115} INFO - [2024-08-14 02:58:24,588] {dag.py:2972} INFO - Setting next_dagrun for dependencies to 2024-05-20T00:00:00+00:00, run_after=2024-05-20T00:00:00+00:00
[2024-08-14 02:58:24,596] {processor.py:161} INFO - Processing /opt/airflow/dags/3-dependencies.py took 0.046 seconds
[2024-08-14 02:58:54,977] {processor.py:153} INFO - Started process (PID=52241) to work on /opt/airflow/dags/3-dependencies.py
[2024-08-14 02:58:54,977] {processor.py:641} INFO - Processing file /opt/airflow/dags/3-dependencies.py for tasks to queue
[2024-08-14 02:58:54,980] {logging_mixin.py:115} INFO - [2024-08-14 02:58:54,979] {dagbag.py:508} INFO - Filling up the DagBag from /opt/airflow/dags/3-dependencies.py
[2024-08-14 02:58:54,986] {processor.py:651} INFO - DAG(s) dict_keys(['dependencies']) retrieved from /opt/airflow/dags/3-dependencies.py
[2024-08-14 02:58:55,005] {logging_mixin.py:115} INFO - [2024-08-14 02:58:55,005] {dag.py:2420} INFO - Sync 1 DAGs
[2024-08-14 02:58:55,020] {logging_mixin.py:115} INFO - [2024-08-14 02:58:55,020] {dag.py:2972} INFO - Setting next_dagrun for dependencies to 2024-05-20T00:00:00+00:00, run_after=2024-05-20T00:00:00+00:00
[2024-08-14 02:58:55,028] {processor.py:161} INFO - Processing /opt/airflow/dags/3-dependencies.py took 0.054 seconds
[2024-08-14 02:59:25,426] {processor.py:153} INFO - Started process (PID=52278) to work on /opt/airflow/dags/3-dependencies.py
[2024-08-14 02:59:25,429] {processor.py:641} INFO - Processing file /opt/airflow/dags/3-dependencies.py for tasks to queue
[2024-08-14 02:59:25,429] {logging_mixin.py:115} INFO - [2024-08-14 02:59:25,429] {dagbag.py:508} INFO - Filling up the DagBag from /opt/airflow/dags/3-dependencies.py
[2024-08-14 02:59:25,437] {processor.py:651} INFO - DAG(s) dict_keys(['dependencies']) retrieved from /opt/airflow/dags/3-dependencies.py
[2024-08-14 02:59:25,457] {logging_mixin.py:115} INFO - [2024-08-14 02:59:25,457] {dag.py:2420} INFO - Sync 1 DAGs
[2024-08-14 02:59:25,472] {logging_mixin.py:115} INFO - [2024-08-14 02:59:25,472] {dag.py:2972} INFO - Setting next_dagrun for dependencies to 2024-05-20T00:00:00+00:00, run_after=2024-05-20T00:00:00+00:00
[2024-08-14 02:59:25,484] {processor.py:161} INFO - Processing /opt/airflow/dags/3-dependencies.py took 0.060 seconds
[2024-08-14 02:59:55,864] {processor.py:153} INFO - Started process (PID=52308) to work on /opt/airflow/dags/3-dependencies.py
[2024-08-14 02:59:55,864] {processor.py:641} INFO - Processing file /opt/airflow/dags/3-dependencies.py for tasks to queue
[2024-08-14 02:59:55,865] {logging_mixin.py:115} INFO - [2024-08-14 02:59:55,865] {dagbag.py:508} INFO - Filling up the DagBag from /opt/airflow/dags/3-dependencies.py
[2024-08-14 02:59:55,870] {processor.py:651} INFO - DAG(s) dict_keys(['dependencies']) retrieved from /opt/airflow/dags/3-dependencies.py
[2024-08-14 02:59:55,886] {logging_mixin.py:115} INFO - [2024-08-14 02:59:55,886] {dag.py:2420} INFO - Sync 1 DAGs
[2024-08-14 02:59:55,899] {logging_mixin.py:115} INFO - [2024-08-14 02:59:55,899] {dag.py:2972} INFO - Setting next_dagrun for dependencies to 2024-05-20T00:00:00+00:00, run_after=2024-05-20T00:00:00+00:00
[2024-08-14 02:59:55,906] {processor.py:161} INFO - Processing /opt/airflow/dags/3-dependencies.py took 0.045 seconds
[2024-08-14 03:00:26,331] {processor.py:153} INFO - Started process (PID=52347) to work on /opt/airflow/dags/3-dependencies.py
[2024-08-14 03:00:26,331] {processor.py:641} INFO - Processing file /opt/airflow/dags/3-dependencies.py for tasks to queue
[2024-08-14 03:00:26,331] {logging_mixin.py:115} INFO - [2024-08-14 03:00:26,331] {dagbag.py:508} INFO - Filling up the DagBag from /opt/airflow/dags/3-dependencies.py
[2024-08-14 03:00:26,337] {processor.py:651} INFO - DAG(s) dict_keys(['dependencies']) retrieved from /opt/airflow/dags/3-dependencies.py
[2024-08-14 03:00:26,353] {logging_mixin.py:115} INFO - [2024-08-14 03:00:26,353] {dag.py:2420} INFO - Sync 1 DAGs
[2024-08-14 03:00:26,365] {logging_mixin.py:115} INFO - [2024-08-14 03:00:26,365] {dag.py:2972} INFO - Setting next_dagrun for dependencies to 2024-05-20T00:00:00+00:00, run_after=2024-05-20T00:00:00+00:00
[2024-08-14 03:00:26,373] {processor.py:161} INFO - Processing /opt/airflow/dags/3-dependencies.py took 0.045 seconds
[2024-08-14 03:00:56,745] {processor.py:153} INFO - Started process (PID=52385) to work on /opt/airflow/dags/3-dependencies.py
[2024-08-14 03:00:56,745] {processor.py:641} INFO - Processing file /opt/airflow/dags/3-dependencies.py for tasks to queue
[2024-08-14 03:00:56,746] {logging_mixin.py:115} INFO - [2024-08-14 03:00:56,746] {dagbag.py:508} INFO - Filling up the DagBag from /opt/airflow/dags/3-dependencies.py
[2024-08-14 03:00:56,751] {processor.py:651} INFO - DAG(s) dict_keys(['dependencies']) retrieved from /opt/airflow/dags/3-dependencies.py
[2024-08-14 03:00:56,767] {logging_mixin.py:115} INFO - [2024-08-14 03:00:56,766] {dag.py:2420} INFO - Sync 1 DAGs
[2024-08-14 03:00:56,779] {logging_mixin.py:115} INFO - [2024-08-14 03:00:56,779] {dag.py:2972} INFO - Setting next_dagrun for dependencies to 2024-05-20T00:00:00+00:00, run_after=2024-05-20T00:00:00+00:00
[2024-08-14 03:00:56,787] {processor.py:161} INFO - Processing /opt/airflow/dags/3-dependencies.py took 0.044 seconds
[2024-08-14 03:01:27,223] {processor.py:153} INFO - Started process (PID=52424) to work on /opt/airflow/dags/3-dependencies.py
[2024-08-14 03:01:27,224] {processor.py:641} INFO - Processing file /opt/airflow/dags/3-dependencies.py for tasks to queue
[2024-08-14 03:01:27,224] {logging_mixin.py:115} INFO - [2024-08-14 03:01:27,224] {dagbag.py:508} INFO - Filling up the DagBag from /opt/airflow/dags/3-dependencies.py
[2024-08-14 03:01:27,232] {processor.py:651} INFO - DAG(s) dict_keys(['dependencies']) retrieved from /opt/airflow/dags/3-dependencies.py
[2024-08-14 03:01:27,248] {logging_mixin.py:115} INFO - [2024-08-14 03:01:27,248] {dag.py:2420} INFO - Sync 1 DAGs
[2024-08-14 03:01:27,261] {logging_mixin.py:115} INFO - [2024-08-14 03:01:27,261] {dag.py:2972} INFO - Setting next_dagrun for dependencies to 2024-05-20T00:00:00+00:00, run_after=2024-05-20T00:00:00+00:00
[2024-08-14 03:01:27,268] {processor.py:161} INFO - Processing /opt/airflow/dags/3-dependencies.py took 0.047 seconds
[2024-08-14 03:01:57,664] {processor.py:153} INFO - Started process (PID=52462) to work on /opt/airflow/dags/3-dependencies.py
[2024-08-14 03:01:57,664] {processor.py:641} INFO - Processing file /opt/airflow/dags/3-dependencies.py for tasks to queue
[2024-08-14 03:01:57,665] {logging_mixin.py:115} INFO - [2024-08-14 03:01:57,665] {dagbag.py:508} INFO - Filling up the DagBag from /opt/airflow/dags/3-dependencies.py
[2024-08-14 03:01:57,670] {processor.py:651} INFO - DAG(s) dict_keys(['dependencies']) retrieved from /opt/airflow/dags/3-dependencies.py
[2024-08-14 03:01:57,686] {logging_mixin.py:115} INFO - [2024-08-14 03:01:57,686] {dag.py:2420} INFO - Sync 1 DAGs
[2024-08-14 03:01:57,699] {logging_mixin.py:115} INFO - [2024-08-14 03:01:57,698] {dag.py:2972} INFO - Setting next_dagrun for dependencies to 2024-05-20T00:00:00+00:00, run_after=2024-05-20T00:00:00+00:00
[2024-08-14 03:01:57,706] {processor.py:161} INFO - Processing /opt/airflow/dags/3-dependencies.py took 0.044 seconds
[2024-08-14 03:02:28,081] {processor.py:153} INFO - Started process (PID=52499) to work on /opt/airflow/dags/3-dependencies.py
[2024-08-14 03:02:28,082] {processor.py:641} INFO - Processing file /opt/airflow/dags/3-dependencies.py for tasks to queue
[2024-08-14 03:02:28,082] {logging_mixin.py:115} INFO - [2024-08-14 03:02:28,082] {dagbag.py:508} INFO - Filling up the DagBag from /opt/airflow/dags/3-dependencies.py
[2024-08-14 03:02:28,090] {processor.py:651} INFO - DAG(s) dict_keys(['dependencies']) retrieved from /opt/airflow/dags/3-dependencies.py
[2024-08-14 03:02:28,106] {logging_mixin.py:115} INFO - [2024-08-14 03:02:28,106] {dag.py:2420} INFO - Sync 1 DAGs
[2024-08-14 03:02:28,120] {logging_mixin.py:115} INFO - [2024-08-14 03:02:28,120] {dag.py:2972} INFO - Setting next_dagrun for dependencies to 2024-05-20T00:00:00+00:00, run_after=2024-05-20T00:00:00+00:00
[2024-08-14 03:02:28,129] {processor.py:161} INFO - Processing /opt/airflow/dags/3-dependencies.py took 0.050 seconds
[2024-08-14 03:02:58,529] {processor.py:153} INFO - Started process (PID=52531) to work on /opt/airflow/dags/3-dependencies.py
[2024-08-14 03:02:58,529] {processor.py:641} INFO - Processing file /opt/airflow/dags/3-dependencies.py for tasks to queue
[2024-08-14 03:02:58,530] {logging_mixin.py:115} INFO - [2024-08-14 03:02:58,530] {dagbag.py:508} INFO - Filling up the DagBag from /opt/airflow/dags/3-dependencies.py
[2024-08-14 03:02:58,536] {processor.py:651} INFO - DAG(s) dict_keys(['dependencies']) retrieved from /opt/airflow/dags/3-dependencies.py
[2024-08-14 03:02:58,553] {logging_mixin.py:115} INFO - [2024-08-14 03:02:58,553] {dag.py:2420} INFO - Sync 1 DAGs
[2024-08-14 03:02:58,566] {logging_mixin.py:115} INFO - [2024-08-14 03:02:58,566] {dag.py:2972} INFO - Setting next_dagrun for dependencies to 2024-05-20T00:00:00+00:00, run_after=2024-05-20T00:00:00+00:00
[2024-08-14 03:02:58,574] {processor.py:161} INFO - Processing /opt/airflow/dags/3-dependencies.py took 0.047 seconds
[2024-08-14 03:03:28,947] {processor.py:153} INFO - Started process (PID=52570) to work on /opt/airflow/dags/3-dependencies.py
[2024-08-14 03:03:28,947] {processor.py:641} INFO - Processing file /opt/airflow/dags/3-dependencies.py for tasks to queue
[2024-08-14 03:03:28,948] {logging_mixin.py:115} INFO - [2024-08-14 03:03:28,948] {dagbag.py:508} INFO - Filling up the DagBag from /opt/airflow/dags/3-dependencies.py
[2024-08-14 03:03:28,954] {processor.py:651} INFO - DAG(s) dict_keys(['dependencies']) retrieved from /opt/airflow/dags/3-dependencies.py
[2024-08-14 03:03:28,970] {logging_mixin.py:115} INFO - [2024-08-14 03:03:28,970] {dag.py:2420} INFO - Sync 1 DAGs
[2024-08-14 03:03:28,982] {logging_mixin.py:115} INFO - [2024-08-14 03:03:28,982] {dag.py:2972} INFO - Setting next_dagrun for dependencies to 2024-05-20T00:00:00+00:00, run_after=2024-05-20T00:00:00+00:00
[2024-08-14 03:03:28,990] {processor.py:161} INFO - Processing /opt/airflow/dags/3-dependencies.py took 0.045 seconds
[2024-08-14 03:03:59,420] {processor.py:153} INFO - Started process (PID=52609) to work on /opt/airflow/dags/3-dependencies.py
[2024-08-14 03:03:59,420] {processor.py:641} INFO - Processing file /opt/airflow/dags/3-dependencies.py for tasks to queue
[2024-08-14 03:03:59,420] {logging_mixin.py:115} INFO - [2024-08-14 03:03:59,420] {dagbag.py:508} INFO - Filling up the DagBag from /opt/airflow/dags/3-dependencies.py
[2024-08-14 03:03:59,427] {processor.py:651} INFO - DAG(s) dict_keys(['dependencies']) retrieved from /opt/airflow/dags/3-dependencies.py
[2024-08-14 03:03:59,447] {logging_mixin.py:115} INFO - [2024-08-14 03:03:59,447] {dag.py:2420} INFO - Sync 1 DAGs
[2024-08-14 03:03:59,460] {logging_mixin.py:115} INFO - [2024-08-14 03:03:59,460] {dag.py:2972} INFO - Setting next_dagrun for dependencies to 2024-05-20T00:00:00+00:00, run_after=2024-05-20T00:00:00+00:00
[2024-08-14 03:03:59,468] {processor.py:161} INFO - Processing /opt/airflow/dags/3-dependencies.py took 0.050 seconds
[2024-08-14 03:04:29,883] {processor.py:153} INFO - Started process (PID=52648) to work on /opt/airflow/dags/3-dependencies.py
[2024-08-14 03:04:29,883] {processor.py:641} INFO - Processing file /opt/airflow/dags/3-dependencies.py for tasks to queue
[2024-08-14 03:04:29,883] {logging_mixin.py:115} INFO - [2024-08-14 03:04:29,883] {dagbag.py:508} INFO - Filling up the DagBag from /opt/airflow/dags/3-dependencies.py
[2024-08-14 03:04:29,889] {processor.py:651} INFO - DAG(s) dict_keys(['dependencies']) retrieved from /opt/airflow/dags/3-dependencies.py
[2024-08-14 03:04:29,904] {logging_mixin.py:115} INFO - [2024-08-14 03:04:29,904] {dag.py:2420} INFO - Sync 1 DAGs
[2024-08-14 03:04:29,917] {logging_mixin.py:115} INFO - [2024-08-14 03:04:29,917] {dag.py:2972} INFO - Setting next_dagrun for dependencies to 2024-05-20T00:00:00+00:00, run_after=2024-05-20T00:00:00+00:00
[2024-08-14 03:04:29,925] {processor.py:161} INFO - Processing /opt/airflow/dags/3-dependencies.py took 0.045 seconds
[2024-08-14 03:05:00,316] {processor.py:153} INFO - Started process (PID=52687) to work on /opt/airflow/dags/3-dependencies.py
[2024-08-14 03:05:00,316] {processor.py:641} INFO - Processing file /opt/airflow/dags/3-dependencies.py for tasks to queue
[2024-08-14 03:05:00,319] {logging_mixin.py:115} INFO - [2024-08-14 03:05:00,319] {dagbag.py:508} INFO - Filling up the DagBag from /opt/airflow/dags/3-dependencies.py
[2024-08-14 03:05:00,326] {processor.py:651} INFO - DAG(s) dict_keys(['dependencies']) retrieved from /opt/airflow/dags/3-dependencies.py
[2024-08-14 03:05:00,346] {logging_mixin.py:115} INFO - [2024-08-14 03:05:00,346] {dag.py:2420} INFO - Sync 1 DAGs
[2024-08-14 03:05:00,362] {logging_mixin.py:115} INFO - [2024-08-14 03:05:00,362] {dag.py:2972} INFO - Setting next_dagrun for dependencies to 2024-05-20T00:00:00+00:00, run_after=2024-05-20T00:00:00+00:00
[2024-08-14 03:05:00,371] {processor.py:161} INFO - Processing /opt/airflow/dags/3-dependencies.py took 0.057 seconds
[2024-08-14 03:05:30,797] {processor.py:153} INFO - Started process (PID=52717) to work on /opt/airflow/dags/3-dependencies.py
[2024-08-14 03:05:30,797] {processor.py:641} INFO - Processing file /opt/airflow/dags/3-dependencies.py for tasks to queue
[2024-08-14 03:05:30,797] {logging_mixin.py:115} INFO - [2024-08-14 03:05:30,797] {dagbag.py:508} INFO - Filling up the DagBag from /opt/airflow/dags/3-dependencies.py
[2024-08-14 03:05:30,803] {processor.py:651} INFO - DAG(s) dict_keys(['dependencies']) retrieved from /opt/airflow/dags/3-dependencies.py
[2024-08-14 03:05:30,818] {logging_mixin.py:115} INFO - [2024-08-14 03:05:30,818] {dag.py:2420} INFO - Sync 1 DAGs
[2024-08-14 03:05:30,832] {logging_mixin.py:115} INFO - [2024-08-14 03:05:30,832] {dag.py:2972} INFO - Setting next_dagrun for dependencies to 2024-05-20T00:00:00+00:00, run_after=2024-05-20T00:00:00+00:00
[2024-08-14 03:05:30,841] {processor.py:161} INFO - Processing /opt/airflow/dags/3-dependencies.py took 0.046 seconds
[2024-08-14 03:06:01,272] {processor.py:153} INFO - Started process (PID=52756) to work on /opt/airflow/dags/3-dependencies.py
[2024-08-14 03:06:01,272] {processor.py:641} INFO - Processing file /opt/airflow/dags/3-dependencies.py for tasks to queue
[2024-08-14 03:06:01,272] {logging_mixin.py:115} INFO - [2024-08-14 03:06:01,272] {dagbag.py:508} INFO - Filling up the DagBag from /opt/airflow/dags/3-dependencies.py
[2024-08-14 03:06:01,278] {processor.py:651} INFO - DAG(s) dict_keys(['dependencies']) retrieved from /opt/airflow/dags/3-dependencies.py
[2024-08-14 03:06:01,293] {logging_mixin.py:115} INFO - [2024-08-14 03:06:01,293] {dag.py:2420} INFO - Sync 1 DAGs
[2024-08-14 03:06:01,306] {logging_mixin.py:115} INFO - [2024-08-14 03:06:01,305] {dag.py:2972} INFO - Setting next_dagrun for dependencies to 2024-05-20T00:00:00+00:00, run_after=2024-05-20T00:00:00+00:00
[2024-08-14 03:06:01,313] {processor.py:161} INFO - Processing /opt/airflow/dags/3-dependencies.py took 0.043 seconds
[2024-08-14 03:06:31,743] {processor.py:153} INFO - Started process (PID=52795) to work on /opt/airflow/dags/3-dependencies.py
[2024-08-14 03:06:31,744] {processor.py:641} INFO - Processing file /opt/airflow/dags/3-dependencies.py for tasks to queue
[2024-08-14 03:06:31,744] {logging_mixin.py:115} INFO - [2024-08-14 03:06:31,744] {dagbag.py:508} INFO - Filling up the DagBag from /opt/airflow/dags/3-dependencies.py
[2024-08-14 03:06:31,750] {processor.py:651} INFO - DAG(s) dict_keys(['dependencies']) retrieved from /opt/airflow/dags/3-dependencies.py
[2024-08-14 03:06:31,765] {logging_mixin.py:115} INFO - [2024-08-14 03:06:31,765] {dag.py:2420} INFO - Sync 1 DAGs
[2024-08-14 03:06:31,777] {logging_mixin.py:115} INFO - [2024-08-14 03:06:31,777] {dag.py:2972} INFO - Setting next_dagrun for dependencies to 2024-05-20T00:00:00+00:00, run_after=2024-05-20T00:00:00+00:00
[2024-08-14 03:06:31,785] {processor.py:161} INFO - Processing /opt/airflow/dags/3-dependencies.py took 0.045 seconds
[2024-08-14 03:07:02,158] {processor.py:153} INFO - Started process (PID=52832) to work on /opt/airflow/dags/3-dependencies.py
[2024-08-14 03:07:02,159] {processor.py:641} INFO - Processing file /opt/airflow/dags/3-dependencies.py for tasks to queue
[2024-08-14 03:07:02,159] {logging_mixin.py:115} INFO - [2024-08-14 03:07:02,159] {dagbag.py:508} INFO - Filling up the DagBag from /opt/airflow/dags/3-dependencies.py
[2024-08-14 03:07:02,165] {processor.py:651} INFO - DAG(s) dict_keys(['dependencies']) retrieved from /opt/airflow/dags/3-dependencies.py
[2024-08-14 03:07:02,184] {logging_mixin.py:115} INFO - [2024-08-14 03:07:02,184] {dag.py:2420} INFO - Sync 1 DAGs
[2024-08-14 03:07:02,198] {logging_mixin.py:115} INFO - [2024-08-14 03:07:02,198] {dag.py:2972} INFO - Setting next_dagrun for dependencies to 2024-05-20T00:00:00+00:00, run_after=2024-05-20T00:00:00+00:00
[2024-08-14 03:07:02,219] {processor.py:161} INFO - Processing /opt/airflow/dags/3-dependencies.py took 0.063 seconds
[2024-08-14 03:07:32,599] {processor.py:153} INFO - Started process (PID=52871) to work on /opt/airflow/dags/3-dependencies.py
[2024-08-14 03:07:32,599] {processor.py:641} INFO - Processing file /opt/airflow/dags/3-dependencies.py for tasks to queue
[2024-08-14 03:07:32,599] {logging_mixin.py:115} INFO - [2024-08-14 03:07:32,599] {dagbag.py:508} INFO - Filling up the DagBag from /opt/airflow/dags/3-dependencies.py
[2024-08-14 03:07:32,605] {processor.py:651} INFO - DAG(s) dict_keys(['dependencies']) retrieved from /opt/airflow/dags/3-dependencies.py
[2024-08-14 03:07:32,620] {logging_mixin.py:115} INFO - [2024-08-14 03:07:32,620] {dag.py:2420} INFO - Sync 1 DAGs
[2024-08-14 03:07:32,633] {logging_mixin.py:115} INFO - [2024-08-14 03:07:32,633] {dag.py:2972} INFO - Setting next_dagrun for dependencies to 2024-05-20T00:00:00+00:00, run_after=2024-05-20T00:00:00+00:00
[2024-08-14 03:07:32,640] {processor.py:161} INFO - Processing /opt/airflow/dags/3-dependencies.py took 0.045 seconds
[2024-08-14 03:08:03,027] {processor.py:153} INFO - Started process (PID=52909) to work on /opt/airflow/dags/3-dependencies.py
[2024-08-14 03:08:03,028] {processor.py:641} INFO - Processing file /opt/airflow/dags/3-dependencies.py for tasks to queue
[2024-08-14 03:08:03,028] {logging_mixin.py:115} INFO - [2024-08-14 03:08:03,028] {dagbag.py:508} INFO - Filling up the DagBag from /opt/airflow/dags/3-dependencies.py
[2024-08-14 03:08:03,034] {processor.py:651} INFO - DAG(s) dict_keys(['dependencies']) retrieved from /opt/airflow/dags/3-dependencies.py
[2024-08-14 03:08:03,053] {logging_mixin.py:115} INFO - [2024-08-14 03:08:03,053] {dag.py:2420} INFO - Sync 1 DAGs
[2024-08-14 03:08:03,066] {logging_mixin.py:115} INFO - [2024-08-14 03:08:03,066] {dag.py:2972} INFO - Setting next_dagrun for dependencies to 2024-05-20T00:00:00+00:00, run_after=2024-05-20T00:00:00+00:00
[2024-08-14 03:08:03,073] {processor.py:161} INFO - Processing /opt/airflow/dags/3-dependencies.py took 0.048 seconds
[2024-08-14 03:08:33,497] {processor.py:153} INFO - Started process (PID=52938) to work on /opt/airflow/dags/3-dependencies.py
[2024-08-14 03:08:33,497] {processor.py:641} INFO - Processing file /opt/airflow/dags/3-dependencies.py for tasks to queue
[2024-08-14 03:08:33,498] {logging_mixin.py:115} INFO - [2024-08-14 03:08:33,498] {dagbag.py:508} INFO - Filling up the DagBag from /opt/airflow/dags/3-dependencies.py
[2024-08-14 03:08:33,503] {processor.py:651} INFO - DAG(s) dict_keys(['dependencies']) retrieved from /opt/airflow/dags/3-dependencies.py
[2024-08-14 03:08:33,520] {logging_mixin.py:115} INFO - [2024-08-14 03:08:33,520] {dag.py:2420} INFO - Sync 1 DAGs
[2024-08-14 03:08:33,533] {logging_mixin.py:115} INFO - [2024-08-14 03:08:33,533] {dag.py:2972} INFO - Setting next_dagrun for dependencies to 2024-05-20T00:00:00+00:00, run_after=2024-05-20T00:00:00+00:00
[2024-08-14 03:08:33,542] {processor.py:161} INFO - Processing /opt/airflow/dags/3-dependencies.py took 0.047 seconds
[2024-08-14 03:09:03,915] {processor.py:153} INFO - Started process (PID=52977) to work on /opt/airflow/dags/3-dependencies.py
[2024-08-14 03:09:03,916] {processor.py:641} INFO - Processing file /opt/airflow/dags/3-dependencies.py for tasks to queue
[2024-08-14 03:09:03,916] {logging_mixin.py:115} INFO - [2024-08-14 03:09:03,916] {dagbag.py:508} INFO - Filling up the DagBag from /opt/airflow/dags/3-dependencies.py
[2024-08-14 03:09:03,922] {processor.py:651} INFO - DAG(s) dict_keys(['dependencies']) retrieved from /opt/airflow/dags/3-dependencies.py
[2024-08-14 03:09:03,938] {logging_mixin.py:115} INFO - [2024-08-14 03:09:03,938] {dag.py:2420} INFO - Sync 1 DAGs
[2024-08-14 03:09:03,950] {logging_mixin.py:115} INFO - [2024-08-14 03:09:03,950] {dag.py:2972} INFO - Setting next_dagrun for dependencies to 2024-05-20T00:00:00+00:00, run_after=2024-05-20T00:00:00+00:00
[2024-08-14 03:09:03,958] {processor.py:161} INFO - Processing /opt/airflow/dags/3-dependencies.py took 0.045 seconds
[2024-08-14 03:09:34,337] {processor.py:153} INFO - Started process (PID=53016) to work on /opt/airflow/dags/3-dependencies.py
[2024-08-14 03:09:34,337] {processor.py:641} INFO - Processing file /opt/airflow/dags/3-dependencies.py for tasks to queue
[2024-08-14 03:09:34,337] {logging_mixin.py:115} INFO - [2024-08-14 03:09:34,337] {dagbag.py:508} INFO - Filling up the DagBag from /opt/airflow/dags/3-dependencies.py
[2024-08-14 03:09:34,343] {processor.py:651} INFO - DAG(s) dict_keys(['dependencies']) retrieved from /opt/airflow/dags/3-dependencies.py
[2024-08-14 03:09:34,358] {logging_mixin.py:115} INFO - [2024-08-14 03:09:34,358] {dag.py:2420} INFO - Sync 1 DAGs
[2024-08-14 03:09:34,370] {logging_mixin.py:115} INFO - [2024-08-14 03:09:34,370] {dag.py:2972} INFO - Setting next_dagrun for dependencies to 2024-05-20T00:00:00+00:00, run_after=2024-05-20T00:00:00+00:00
[2024-08-14 03:09:34,378] {processor.py:161} INFO - Processing /opt/airflow/dags/3-dependencies.py took 0.043 seconds
[2024-08-14 03:10:04,757] {processor.py:153} INFO - Started process (PID=53055) to work on /opt/airflow/dags/3-dependencies.py
[2024-08-14 03:10:04,758] {processor.py:641} INFO - Processing file /opt/airflow/dags/3-dependencies.py for tasks to queue
[2024-08-14 03:10:04,758] {logging_mixin.py:115} INFO - [2024-08-14 03:10:04,758] {dagbag.py:508} INFO - Filling up the DagBag from /opt/airflow/dags/3-dependencies.py
[2024-08-14 03:10:04,766] {processor.py:651} INFO - DAG(s) dict_keys(['dependencies']) retrieved from /opt/airflow/dags/3-dependencies.py
[2024-08-14 03:10:04,781] {logging_mixin.py:115} INFO - [2024-08-14 03:10:04,781] {dag.py:2420} INFO - Sync 1 DAGs
[2024-08-14 03:10:04,795] {logging_mixin.py:115} INFO - [2024-08-14 03:10:04,795] {dag.py:2972} INFO - Setting next_dagrun for dependencies to 2024-05-20T00:00:00+00:00, run_after=2024-05-20T00:00:00+00:00
[2024-08-14 03:10:04,804] {processor.py:161} INFO - Processing /opt/airflow/dags/3-dependencies.py took 0.049 seconds
[2024-08-14 03:10:35,203] {processor.py:153} INFO - Started process (PID=53094) to work on /opt/airflow/dags/3-dependencies.py
[2024-08-14 03:10:35,204] {processor.py:641} INFO - Processing file /opt/airflow/dags/3-dependencies.py for tasks to queue
[2024-08-14 03:10:35,204] {logging_mixin.py:115} INFO - [2024-08-14 03:10:35,204] {dagbag.py:508} INFO - Filling up the DagBag from /opt/airflow/dags/3-dependencies.py
[2024-08-14 03:10:35,210] {processor.py:651} INFO - DAG(s) dict_keys(['dependencies']) retrieved from /opt/airflow/dags/3-dependencies.py
[2024-08-14 03:10:35,227] {logging_mixin.py:115} INFO - [2024-08-14 03:10:35,227] {dag.py:2420} INFO - Sync 1 DAGs
[2024-08-14 03:10:35,242] {logging_mixin.py:115} INFO - [2024-08-14 03:10:35,241] {dag.py:2972} INFO - Setting next_dagrun for dependencies to 2024-05-20T00:00:00+00:00, run_after=2024-05-20T00:00:00+00:00
[2024-08-14 03:10:35,252] {processor.py:161} INFO - Processing /opt/airflow/dags/3-dependencies.py took 0.050 seconds
[2024-08-14 03:11:05,675] {processor.py:153} INFO - Started process (PID=53133) to work on /opt/airflow/dags/3-dependencies.py
[2024-08-14 03:11:05,676] {processor.py:641} INFO - Processing file /opt/airflow/dags/3-dependencies.py for tasks to queue
[2024-08-14 03:11:05,676] {logging_mixin.py:115} INFO - [2024-08-14 03:11:05,676] {dagbag.py:508} INFO - Filling up the DagBag from /opt/airflow/dags/3-dependencies.py
[2024-08-14 03:11:05,682] {processor.py:651} INFO - DAG(s) dict_keys(['dependencies']) retrieved from /opt/airflow/dags/3-dependencies.py
[2024-08-14 03:11:05,697] {logging_mixin.py:115} INFO - [2024-08-14 03:11:05,697] {dag.py:2420} INFO - Sync 1 DAGs
[2024-08-14 03:11:05,710] {logging_mixin.py:115} INFO - [2024-08-14 03:11:05,710] {dag.py:2972} INFO - Setting next_dagrun for dependencies to 2024-05-20T00:00:00+00:00, run_after=2024-05-20T00:00:00+00:00
[2024-08-14 03:11:05,719] {processor.py:161} INFO - Processing /opt/airflow/dags/3-dependencies.py took 0.046 seconds
[2024-08-14 03:11:36,139] {processor.py:153} INFO - Started process (PID=53162) to work on /opt/airflow/dags/3-dependencies.py
[2024-08-14 03:11:36,140] {processor.py:641} INFO - Processing file /opt/airflow/dags/3-dependencies.py for tasks to queue
[2024-08-14 03:11:36,140] {logging_mixin.py:115} INFO - [2024-08-14 03:11:36,140] {dagbag.py:508} INFO - Filling up the DagBag from /opt/airflow/dags/3-dependencies.py
[2024-08-14 03:11:36,147] {processor.py:651} INFO - DAG(s) dict_keys(['dependencies']) retrieved from /opt/airflow/dags/3-dependencies.py
[2024-08-14 03:11:36,162] {logging_mixin.py:115} INFO - [2024-08-14 03:11:36,162] {dag.py:2420} INFO - Sync 1 DAGs
[2024-08-14 03:11:36,177] {logging_mixin.py:115} INFO - [2024-08-14 03:11:36,177] {dag.py:2972} INFO - Setting next_dagrun for dependencies to 2024-05-20T00:00:00+00:00, run_after=2024-05-20T00:00:00+00:00
[2024-08-14 03:11:36,188] {processor.py:161} INFO - Processing /opt/airflow/dags/3-dependencies.py took 0.051 seconds
[2024-08-14 03:12:06,595] {processor.py:153} INFO - Started process (PID=53201) to work on /opt/airflow/dags/3-dependencies.py
[2024-08-14 03:12:06,596] {processor.py:641} INFO - Processing file /opt/airflow/dags/3-dependencies.py for tasks to queue
[2024-08-14 03:12:06,596] {logging_mixin.py:115} INFO - [2024-08-14 03:12:06,596] {dagbag.py:508} INFO - Filling up the DagBag from /opt/airflow/dags/3-dependencies.py
[2024-08-14 03:12:06,602] {processor.py:651} INFO - DAG(s) dict_keys(['dependencies']) retrieved from /opt/airflow/dags/3-dependencies.py
[2024-08-14 03:12:06,619] {logging_mixin.py:115} INFO - [2024-08-14 03:12:06,619] {dag.py:2420} INFO - Sync 1 DAGs
[2024-08-14 03:12:06,632] {logging_mixin.py:115} INFO - [2024-08-14 03:12:06,632] {dag.py:2972} INFO - Setting next_dagrun for dependencies to 2024-05-20T00:00:00+00:00, run_after=2024-05-20T00:00:00+00:00
[2024-08-14 03:12:06,639] {processor.py:161} INFO - Processing /opt/airflow/dags/3-dependencies.py took 0.046 seconds
[2024-08-14 03:12:37,067] {processor.py:153} INFO - Started process (PID=53241) to work on /opt/airflow/dags/3-dependencies.py
[2024-08-14 03:12:37,067] {processor.py:641} INFO - Processing file /opt/airflow/dags/3-dependencies.py for tasks to queue
[2024-08-14 03:12:37,068] {logging_mixin.py:115} INFO - [2024-08-14 03:12:37,068] {dagbag.py:508} INFO - Filling up the DagBag from /opt/airflow/dags/3-dependencies.py
[2024-08-14 03:12:37,073] {processor.py:651} INFO - DAG(s) dict_keys(['dependencies']) retrieved from /opt/airflow/dags/3-dependencies.py
[2024-08-14 03:12:37,088] {logging_mixin.py:115} INFO - [2024-08-14 03:12:37,088] {dag.py:2420} INFO - Sync 1 DAGs
[2024-08-14 03:12:37,100] {logging_mixin.py:115} INFO - [2024-08-14 03:12:37,100] {dag.py:2972} INFO - Setting next_dagrun for dependencies to 2024-05-20T00:00:00+00:00, run_after=2024-05-20T00:00:00+00:00
[2024-08-14 03:12:37,107] {processor.py:161} INFO - Processing /opt/airflow/dags/3-dependencies.py took 0.042 seconds
[2024-08-14 03:13:07,495] {processor.py:153} INFO - Started process (PID=53280) to work on /opt/airflow/dags/3-dependencies.py
[2024-08-14 03:13:07,496] {processor.py:641} INFO - Processing file /opt/airflow/dags/3-dependencies.py for tasks to queue
[2024-08-14 03:13:07,496] {logging_mixin.py:115} INFO - [2024-08-14 03:13:07,496] {dagbag.py:508} INFO - Filling up the DagBag from /opt/airflow/dags/3-dependencies.py
[2024-08-14 03:13:07,502] {processor.py:651} INFO - DAG(s) dict_keys(['dependencies']) retrieved from /opt/airflow/dags/3-dependencies.py
[2024-08-14 03:13:07,517] {logging_mixin.py:115} INFO - [2024-08-14 03:13:07,516] {dag.py:2420} INFO - Sync 1 DAGs
[2024-08-14 03:13:07,529] {logging_mixin.py:115} INFO - [2024-08-14 03:13:07,529] {dag.py:2972} INFO - Setting next_dagrun for dependencies to 2024-05-20T00:00:00+00:00, run_after=2024-05-20T00:00:00+00:00
[2024-08-14 03:13:07,538] {processor.py:161} INFO - Processing /opt/airflow/dags/3-dependencies.py took 0.045 seconds
[2024-08-14 03:13:37,975] {processor.py:153} INFO - Started process (PID=53319) to work on /opt/airflow/dags/3-dependencies.py
[2024-08-14 03:13:37,975] {processor.py:641} INFO - Processing file /opt/airflow/dags/3-dependencies.py for tasks to queue
[2024-08-14 03:13:37,976] {logging_mixin.py:115} INFO - [2024-08-14 03:13:37,975] {dagbag.py:508} INFO - Filling up the DagBag from /opt/airflow/dags/3-dependencies.py
[2024-08-14 03:13:37,982] {processor.py:651} INFO - DAG(s) dict_keys(['dependencies']) retrieved from /opt/airflow/dags/3-dependencies.py
[2024-08-14 03:13:37,997] {logging_mixin.py:115} INFO - [2024-08-14 03:13:37,997] {dag.py:2420} INFO - Sync 1 DAGs
[2024-08-14 03:13:38,009] {logging_mixin.py:115} INFO - [2024-08-14 03:13:38,009] {dag.py:2972} INFO - Setting next_dagrun for dependencies to 2024-05-20T00:00:00+00:00, run_after=2024-05-20T00:00:00+00:00
[2024-08-14 03:13:38,017] {processor.py:161} INFO - Processing /opt/airflow/dags/3-dependencies.py took 0.044 seconds
[2024-08-14 03:14:08,480] {processor.py:153} INFO - Started process (PID=53357) to work on /opt/airflow/dags/3-dependencies.py
[2024-08-14 03:14:08,481] {processor.py:641} INFO - Processing file /opt/airflow/dags/3-dependencies.py for tasks to queue
[2024-08-14 03:14:08,481] {logging_mixin.py:115} INFO - [2024-08-14 03:14:08,481] {dagbag.py:508} INFO - Filling up the DagBag from /opt/airflow/dags/3-dependencies.py
[2024-08-14 03:14:08,489] {processor.py:651} INFO - DAG(s) dict_keys(['dependencies']) retrieved from /opt/airflow/dags/3-dependencies.py
[2024-08-14 03:14:08,505] {logging_mixin.py:115} INFO - [2024-08-14 03:14:08,505] {dag.py:2420} INFO - Sync 1 DAGs
[2024-08-14 03:14:08,518] {logging_mixin.py:115} INFO - [2024-08-14 03:14:08,518] {dag.py:2972} INFO - Setting next_dagrun for dependencies to 2024-05-20T00:00:00+00:00, run_after=2024-05-20T00:00:00+00:00
[2024-08-14 03:14:08,525] {processor.py:161} INFO - Processing /opt/airflow/dags/3-dependencies.py took 0.047 seconds
[2024-08-14 03:14:38,938] {processor.py:153} INFO - Started process (PID=53387) to work on /opt/airflow/dags/3-dependencies.py
[2024-08-14 03:14:38,939] {processor.py:641} INFO - Processing file /opt/airflow/dags/3-dependencies.py for tasks to queue
[2024-08-14 03:14:38,939] {logging_mixin.py:115} INFO - [2024-08-14 03:14:38,939] {dagbag.py:508} INFO - Filling up the DagBag from /opt/airflow/dags/3-dependencies.py
[2024-08-14 03:14:38,945] {processor.py:651} INFO - DAG(s) dict_keys(['dependencies']) retrieved from /opt/airflow/dags/3-dependencies.py
[2024-08-14 03:14:38,959] {logging_mixin.py:115} INFO - [2024-08-14 03:14:38,959] {dag.py:2420} INFO - Sync 1 DAGs
[2024-08-14 03:14:38,973] {logging_mixin.py:115} INFO - [2024-08-14 03:14:38,973] {dag.py:2972} INFO - Setting next_dagrun for dependencies to 2024-05-20T00:00:00+00:00, run_after=2024-05-20T00:00:00+00:00
[2024-08-14 03:14:38,981] {processor.py:161} INFO - Processing /opt/airflow/dags/3-dependencies.py took 0.044 seconds
[2024-08-14 03:15:09,372] {processor.py:153} INFO - Started process (PID=53426) to work on /opt/airflow/dags/3-dependencies.py
[2024-08-14 03:15:09,373] {processor.py:641} INFO - Processing file /opt/airflow/dags/3-dependencies.py for tasks to queue
[2024-08-14 03:15:09,373] {logging_mixin.py:115} INFO - [2024-08-14 03:15:09,373] {dagbag.py:508} INFO - Filling up the DagBag from /opt/airflow/dags/3-dependencies.py
[2024-08-14 03:15:09,379] {processor.py:651} INFO - DAG(s) dict_keys(['dependencies']) retrieved from /opt/airflow/dags/3-dependencies.py
[2024-08-14 03:15:09,394] {logging_mixin.py:115} INFO - [2024-08-14 03:15:09,394] {dag.py:2420} INFO - Sync 1 DAGs
[2024-08-14 03:15:09,407] {logging_mixin.py:115} INFO - [2024-08-14 03:15:09,407] {dag.py:2972} INFO - Setting next_dagrun for dependencies to 2024-05-20T00:00:00+00:00, run_after=2024-05-20T00:00:00+00:00
[2024-08-14 03:15:09,414] {processor.py:161} INFO - Processing /opt/airflow/dags/3-dependencies.py took 0.044 seconds
[2024-08-14 03:15:39,846] {processor.py:153} INFO - Started process (PID=53465) to work on /opt/airflow/dags/3-dependencies.py
[2024-08-14 03:15:39,846] {processor.py:641} INFO - Processing file /opt/airflow/dags/3-dependencies.py for tasks to queue
[2024-08-14 03:15:39,847] {logging_mixin.py:115} INFO - [2024-08-14 03:15:39,847] {dagbag.py:508} INFO - Filling up the DagBag from /opt/airflow/dags/3-dependencies.py
[2024-08-14 03:15:39,853] {processor.py:651} INFO - DAG(s) dict_keys(['dependencies']) retrieved from /opt/airflow/dags/3-dependencies.py
[2024-08-14 03:15:39,871] {logging_mixin.py:115} INFO - [2024-08-14 03:15:39,871] {dag.py:2420} INFO - Sync 1 DAGs
[2024-08-14 03:15:39,885] {logging_mixin.py:115} INFO - [2024-08-14 03:15:39,885] {dag.py:2972} INFO - Setting next_dagrun for dependencies to 2024-05-20T00:00:00+00:00, run_after=2024-05-20T00:00:00+00:00
[2024-08-14 03:15:39,895] {processor.py:161} INFO - Processing /opt/airflow/dags/3-dependencies.py took 0.051 seconds
[2024-08-14 03:16:10,280] {processor.py:153} INFO - Started process (PID=53504) to work on /opt/airflow/dags/3-dependencies.py
[2024-08-14 03:16:10,280] {processor.py:641} INFO - Processing file /opt/airflow/dags/3-dependencies.py for tasks to queue
[2024-08-14 03:16:10,281] {logging_mixin.py:115} INFO - [2024-08-14 03:16:10,281] {dagbag.py:508} INFO - Filling up the DagBag from /opt/airflow/dags/3-dependencies.py
[2024-08-14 03:16:10,287] {processor.py:651} INFO - DAG(s) dict_keys(['dependencies']) retrieved from /opt/airflow/dags/3-dependencies.py
[2024-08-14 03:16:10,305] {logging_mixin.py:115} INFO - [2024-08-14 03:16:10,304] {dag.py:2420} INFO - Sync 1 DAGs
[2024-08-14 03:16:10,317] {logging_mixin.py:115} INFO - [2024-08-14 03:16:10,317] {dag.py:2972} INFO - Setting next_dagrun for dependencies to 2024-05-20T00:00:00+00:00, run_after=2024-05-20T00:00:00+00:00
[2024-08-14 03:16:10,325] {processor.py:161} INFO - Processing /opt/airflow/dags/3-dependencies.py took 0.049 seconds
[2024-08-14 03:16:40,744] {processor.py:153} INFO - Started process (PID=53543) to work on /opt/airflow/dags/3-dependencies.py
[2024-08-14 03:16:40,745] {processor.py:641} INFO - Processing file /opt/airflow/dags/3-dependencies.py for tasks to queue
[2024-08-14 03:16:40,745] {logging_mixin.py:115} INFO - [2024-08-14 03:16:40,745] {dagbag.py:508} INFO - Filling up the DagBag from /opt/airflow/dags/3-dependencies.py
[2024-08-14 03:16:40,750] {processor.py:651} INFO - DAG(s) dict_keys(['dependencies']) retrieved from /opt/airflow/dags/3-dependencies.py
[2024-08-14 03:16:40,766] {logging_mixin.py:115} INFO - [2024-08-14 03:16:40,766] {dag.py:2420} INFO - Sync 1 DAGs
[2024-08-14 03:16:40,779] {logging_mixin.py:115} INFO - [2024-08-14 03:16:40,778] {dag.py:2972} INFO - Setting next_dagrun for dependencies to 2024-05-20T00:00:00+00:00, run_after=2024-05-20T00:00:00+00:00
[2024-08-14 03:16:40,786] {processor.py:161} INFO - Processing /opt/airflow/dags/3-dependencies.py took 0.044 seconds
[2024-08-14 03:17:11,171] {processor.py:153} INFO - Started process (PID=53582) to work on /opt/airflow/dags/3-dependencies.py
[2024-08-14 03:17:11,172] {processor.py:641} INFO - Processing file /opt/airflow/dags/3-dependencies.py for tasks to queue
[2024-08-14 03:17:11,172] {logging_mixin.py:115} INFO - [2024-08-14 03:17:11,172] {dagbag.py:508} INFO - Filling up the DagBag from /opt/airflow/dags/3-dependencies.py
[2024-08-14 03:17:11,179] {processor.py:651} INFO - DAG(s) dict_keys(['dependencies']) retrieved from /opt/airflow/dags/3-dependencies.py
[2024-08-14 03:17:11,198] {logging_mixin.py:115} INFO - [2024-08-14 03:17:11,198] {dag.py:2420} INFO - Sync 1 DAGs
[2024-08-14 03:17:11,211] {logging_mixin.py:115} INFO - [2024-08-14 03:17:11,211] {dag.py:2972} INFO - Setting next_dagrun for dependencies to 2024-05-20T00:00:00+00:00, run_after=2024-05-20T00:00:00+00:00
[2024-08-14 03:17:11,219] {processor.py:161} INFO - Processing /opt/airflow/dags/3-dependencies.py took 0.050 seconds
[2024-08-14 03:17:41,690] {processor.py:153} INFO - Started process (PID=53611) to work on /opt/airflow/dags/3-dependencies.py
[2024-08-14 03:17:41,690] {processor.py:641} INFO - Processing file /opt/airflow/dags/3-dependencies.py for tasks to queue
[2024-08-14 03:17:41,690] {logging_mixin.py:115} INFO - [2024-08-14 03:17:41,690] {dagbag.py:508} INFO - Filling up the DagBag from /opt/airflow/dags/3-dependencies.py
[2024-08-14 03:17:41,697] {processor.py:651} INFO - DAG(s) dict_keys(['dependencies']) retrieved from /opt/airflow/dags/3-dependencies.py
[2024-08-14 03:17:41,713] {logging_mixin.py:115} INFO - [2024-08-14 03:17:41,713] {dag.py:2420} INFO - Sync 1 DAGs
[2024-08-14 03:17:41,726] {logging_mixin.py:115} INFO - [2024-08-14 03:17:41,726] {dag.py:2972} INFO - Setting next_dagrun for dependencies to 2024-05-20T00:00:00+00:00, run_after=2024-05-20T00:00:00+00:00
[2024-08-14 03:17:41,734] {processor.py:161} INFO - Processing /opt/airflow/dags/3-dependencies.py took 0.047 seconds
[2024-08-14 03:18:12,114] {processor.py:153} INFO - Started process (PID=53650) to work on /opt/airflow/dags/3-dependencies.py
[2024-08-14 03:18:12,115] {processor.py:641} INFO - Processing file /opt/airflow/dags/3-dependencies.py for tasks to queue
[2024-08-14 03:18:12,115] {logging_mixin.py:115} INFO - [2024-08-14 03:18:12,115] {dagbag.py:508} INFO - Filling up the DagBag from /opt/airflow/dags/3-dependencies.py
[2024-08-14 03:18:12,121] {processor.py:651} INFO - DAG(s) dict_keys(['dependencies']) retrieved from /opt/airflow/dags/3-dependencies.py
[2024-08-14 03:18:12,136] {logging_mixin.py:115} INFO - [2024-08-14 03:18:12,136] {dag.py:2420} INFO - Sync 1 DAGs
[2024-08-14 03:18:12,148] {logging_mixin.py:115} INFO - [2024-08-14 03:18:12,148] {dag.py:2972} INFO - Setting next_dagrun for dependencies to 2024-05-20T00:00:00+00:00, run_after=2024-05-20T00:00:00+00:00
[2024-08-14 03:18:12,157] {processor.py:161} INFO - Processing /opt/airflow/dags/3-dependencies.py took 0.044 seconds
[2024-08-14 03:18:42,535] {processor.py:153} INFO - Started process (PID=53689) to work on /opt/airflow/dags/3-dependencies.py
[2024-08-14 03:18:42,535] {processor.py:641} INFO - Processing file /opt/airflow/dags/3-dependencies.py for tasks to queue
[2024-08-14 03:18:42,536] {logging_mixin.py:115} INFO - [2024-08-14 03:18:42,536] {dagbag.py:508} INFO - Filling up the DagBag from /opt/airflow/dags/3-dependencies.py
[2024-08-14 03:18:42,541] {processor.py:651} INFO - DAG(s) dict_keys(['dependencies']) retrieved from /opt/airflow/dags/3-dependencies.py
[2024-08-14 03:18:42,558] {logging_mixin.py:115} INFO - [2024-08-14 03:18:42,558] {dag.py:2420} INFO - Sync 1 DAGs
[2024-08-14 03:18:42,571] {logging_mixin.py:115} INFO - [2024-08-14 03:18:42,571] {dag.py:2972} INFO - Setting next_dagrun for dependencies to 2024-05-20T00:00:00+00:00, run_after=2024-05-20T00:00:00+00:00
[2024-08-14 03:18:42,579] {processor.py:161} INFO - Processing /opt/airflow/dags/3-dependencies.py took 0.046 seconds
[2024-08-14 03:19:12,966] {processor.py:153} INFO - Started process (PID=53727) to work on /opt/airflow/dags/3-dependencies.py
[2024-08-14 03:19:12,966] {processor.py:641} INFO - Processing file /opt/airflow/dags/3-dependencies.py for tasks to queue
[2024-08-14 03:19:12,967] {logging_mixin.py:115} INFO - [2024-08-14 03:19:12,967] {dagbag.py:508} INFO - Filling up the DagBag from /opt/airflow/dags/3-dependencies.py
[2024-08-14 03:19:12,973] {processor.py:651} INFO - DAG(s) dict_keys(['dependencies']) retrieved from /opt/airflow/dags/3-dependencies.py
[2024-08-14 03:19:12,989] {logging_mixin.py:115} INFO - [2024-08-14 03:19:12,989] {dag.py:2420} INFO - Sync 1 DAGs
[2024-08-14 03:19:13,001] {logging_mixin.py:115} INFO - [2024-08-14 03:19:13,001] {dag.py:2972} INFO - Setting next_dagrun for dependencies to 2024-05-20T00:00:00+00:00, run_after=2024-05-20T00:00:00+00:00
[2024-08-14 03:19:13,009] {processor.py:161} INFO - Processing /opt/airflow/dags/3-dependencies.py took 0.045 seconds
[2024-08-14 03:19:43,440] {processor.py:153} INFO - Started process (PID=53766) to work on /opt/airflow/dags/3-dependencies.py
[2024-08-14 03:19:43,441] {processor.py:641} INFO - Processing file /opt/airflow/dags/3-dependencies.py for tasks to queue
[2024-08-14 03:19:43,441] {logging_mixin.py:115} INFO - [2024-08-14 03:19:43,441] {dagbag.py:508} INFO - Filling up the DagBag from /opt/airflow/dags/3-dependencies.py
[2024-08-14 03:19:43,447] {processor.py:651} INFO - DAG(s) dict_keys(['dependencies']) retrieved from /opt/airflow/dags/3-dependencies.py
[2024-08-14 03:19:43,462] {logging_mixin.py:115} INFO - [2024-08-14 03:19:43,462] {dag.py:2420} INFO - Sync 1 DAGs
[2024-08-14 03:19:43,476] {logging_mixin.py:115} INFO - [2024-08-14 03:19:43,476] {dag.py:2972} INFO - Setting next_dagrun for dependencies to 2024-05-20T00:00:00+00:00, run_after=2024-05-20T00:00:00+00:00
[2024-08-14 03:19:43,484] {processor.py:161} INFO - Processing /opt/airflow/dags/3-dependencies.py took 0.046 seconds
[2024-08-14 03:20:13,923] {processor.py:153} INFO - Started process (PID=53803) to work on /opt/airflow/dags/3-dependencies.py
[2024-08-14 03:20:13,923] {processor.py:641} INFO - Processing file /opt/airflow/dags/3-dependencies.py for tasks to queue
[2024-08-14 03:20:13,924] {logging_mixin.py:115} INFO - [2024-08-14 03:20:13,923] {dagbag.py:508} INFO - Filling up the DagBag from /opt/airflow/dags/3-dependencies.py
[2024-08-14 03:20:13,930] {processor.py:651} INFO - DAG(s) dict_keys(['dependencies']) retrieved from /opt/airflow/dags/3-dependencies.py
[2024-08-14 03:20:13,947] {logging_mixin.py:115} INFO - [2024-08-14 03:20:13,946] {dag.py:2420} INFO - Sync 1 DAGs
[2024-08-14 03:20:13,962] {logging_mixin.py:115} INFO - [2024-08-14 03:20:13,962] {dag.py:2972} INFO - Setting next_dagrun for dependencies to 2024-05-20T00:00:00+00:00, run_after=2024-05-20T00:00:00+00:00
[2024-08-14 03:20:13,972] {processor.py:161} INFO - Processing /opt/airflow/dags/3-dependencies.py took 0.053 seconds
[2024-08-14 03:20:44,415] {processor.py:153} INFO - Started process (PID=53833) to work on /opt/airflow/dags/3-dependencies.py
[2024-08-14 03:20:44,416] {processor.py:641} INFO - Processing file /opt/airflow/dags/3-dependencies.py for tasks to queue
[2024-08-14 03:20:44,416] {logging_mixin.py:115} INFO - [2024-08-14 03:20:44,416] {dagbag.py:508} INFO - Filling up the DagBag from /opt/airflow/dags/3-dependencies.py
[2024-08-14 03:20:44,422] {processor.py:651} INFO - DAG(s) dict_keys(['dependencies']) retrieved from /opt/airflow/dags/3-dependencies.py
[2024-08-14 03:20:44,441] {logging_mixin.py:115} INFO - [2024-08-14 03:20:44,441] {dag.py:2420} INFO - Sync 1 DAGs
[2024-08-14 03:20:44,453] {logging_mixin.py:115} INFO - [2024-08-14 03:20:44,453] {dag.py:2972} INFO - Setting next_dagrun for dependencies to 2024-05-20T00:00:00+00:00, run_after=2024-05-20T00:00:00+00:00
[2024-08-14 03:20:44,462] {processor.py:161} INFO - Processing /opt/airflow/dags/3-dependencies.py took 0.049 seconds
[2024-08-14 03:21:14,888] {processor.py:153} INFO - Started process (PID=53871) to work on /opt/airflow/dags/3-dependencies.py
[2024-08-14 03:21:14,888] {processor.py:641} INFO - Processing file /opt/airflow/dags/3-dependencies.py for tasks to queue
[2024-08-14 03:21:14,888] {logging_mixin.py:115} INFO - [2024-08-14 03:21:14,888] {dagbag.py:508} INFO - Filling up the DagBag from /opt/airflow/dags/3-dependencies.py
[2024-08-14 03:21:14,895] {processor.py:651} INFO - DAG(s) dict_keys(['dependencies']) retrieved from /opt/airflow/dags/3-dependencies.py
[2024-08-14 03:21:14,910] {logging_mixin.py:115} INFO - [2024-08-14 03:21:14,910] {dag.py:2420} INFO - Sync 1 DAGs
[2024-08-14 03:21:14,926] {logging_mixin.py:115} INFO - [2024-08-14 03:21:14,926] {dag.py:2972} INFO - Setting next_dagrun for dependencies to 2024-05-20T00:00:00+00:00, run_after=2024-05-20T00:00:00+00:00
[2024-08-14 03:21:14,934] {processor.py:161} INFO - Processing /opt/airflow/dags/3-dependencies.py took 0.048 seconds
[2024-08-14 03:21:45,333] {processor.py:153} INFO - Started process (PID=53910) to work on /opt/airflow/dags/3-dependencies.py
[2024-08-14 03:21:45,333] {processor.py:641} INFO - Processing file /opt/airflow/dags/3-dependencies.py for tasks to queue
[2024-08-14 03:21:45,334] {logging_mixin.py:115} INFO - [2024-08-14 03:21:45,334] {dagbag.py:508} INFO - Filling up the DagBag from /opt/airflow/dags/3-dependencies.py
[2024-08-14 03:21:45,340] {processor.py:651} INFO - DAG(s) dict_keys(['dependencies']) retrieved from /opt/airflow/dags/3-dependencies.py
[2024-08-14 03:21:45,357] {logging_mixin.py:115} INFO - [2024-08-14 03:21:45,357] {dag.py:2420} INFO - Sync 1 DAGs
[2024-08-14 03:21:45,371] {logging_mixin.py:115} INFO - [2024-08-14 03:21:45,371] {dag.py:2972} INFO - Setting next_dagrun for dependencies to 2024-05-20T00:00:00+00:00, run_after=2024-05-20T00:00:00+00:00
[2024-08-14 03:21:45,379] {processor.py:161} INFO - Processing /opt/airflow/dags/3-dependencies.py took 0.048 seconds
[2024-08-14 03:22:15,760] {processor.py:153} INFO - Started process (PID=53949) to work on /opt/airflow/dags/3-dependencies.py
[2024-08-14 03:22:15,760] {processor.py:641} INFO - Processing file /opt/airflow/dags/3-dependencies.py for tasks to queue
[2024-08-14 03:22:15,761] {logging_mixin.py:115} INFO - [2024-08-14 03:22:15,761] {dagbag.py:508} INFO - Filling up the DagBag from /opt/airflow/dags/3-dependencies.py
[2024-08-14 03:22:15,767] {processor.py:651} INFO - DAG(s) dict_keys(['dependencies']) retrieved from /opt/airflow/dags/3-dependencies.py
[2024-08-14 03:22:15,782] {logging_mixin.py:115} INFO - [2024-08-14 03:22:15,782] {dag.py:2420} INFO - Sync 1 DAGs
[2024-08-14 03:22:15,795] {logging_mixin.py:115} INFO - [2024-08-14 03:22:15,795] {dag.py:2972} INFO - Setting next_dagrun for dependencies to 2024-05-20T00:00:00+00:00, run_after=2024-05-20T00:00:00+00:00
[2024-08-14 03:22:15,802] {processor.py:161} INFO - Processing /opt/airflow/dags/3-dependencies.py took 0.045 seconds
[2024-08-14 03:22:46,216] {processor.py:153} INFO - Started process (PID=53986) to work on /opt/airflow/dags/3-dependencies.py
[2024-08-14 03:22:46,219] {processor.py:641} INFO - Processing file /opt/airflow/dags/3-dependencies.py for tasks to queue
[2024-08-14 03:22:46,220] {logging_mixin.py:115} INFO - [2024-08-14 03:22:46,220] {dagbag.py:508} INFO - Filling up the DagBag from /opt/airflow/dags/3-dependencies.py
[2024-08-14 03:22:46,226] {processor.py:651} INFO - DAG(s) dict_keys(['dependencies']) retrieved from /opt/airflow/dags/3-dependencies.py
[2024-08-14 03:22:46,244] {logging_mixin.py:115} INFO - [2024-08-14 03:22:46,244] {dag.py:2420} INFO - Sync 1 DAGs
[2024-08-14 03:22:46,257] {logging_mixin.py:115} INFO - [2024-08-14 03:22:46,257] {dag.py:2972} INFO - Setting next_dagrun for dependencies to 2024-05-20T00:00:00+00:00, run_after=2024-05-20T00:00:00+00:00
[2024-08-14 03:22:46,267] {processor.py:161} INFO - Processing /opt/airflow/dags/3-dependencies.py took 0.054 seconds
[2024-08-14 03:23:16,647] {processor.py:153} INFO - Started process (PID=54025) to work on /opt/airflow/dags/3-dependencies.py
[2024-08-14 03:23:16,647] {processor.py:641} INFO - Processing file /opt/airflow/dags/3-dependencies.py for tasks to queue
[2024-08-14 03:23:16,648] {logging_mixin.py:115} INFO - [2024-08-14 03:23:16,647] {dagbag.py:508} INFO - Filling up the DagBag from /opt/airflow/dags/3-dependencies.py
[2024-08-14 03:23:16,654] {processor.py:651} INFO - DAG(s) dict_keys(['dependencies']) retrieved from /opt/airflow/dags/3-dependencies.py
[2024-08-14 03:23:16,671] {logging_mixin.py:115} INFO - [2024-08-14 03:23:16,671] {dag.py:2420} INFO - Sync 1 DAGs
[2024-08-14 03:23:16,685] {logging_mixin.py:115} INFO - [2024-08-14 03:23:16,685] {dag.py:2972} INFO - Setting next_dagrun for dependencies to 2024-05-20T00:00:00+00:00, run_after=2024-05-20T00:00:00+00:00
[2024-08-14 03:23:16,697] {processor.py:161} INFO - Processing /opt/airflow/dags/3-dependencies.py took 0.052 seconds
[2024-08-14 03:23:47,131] {processor.py:153} INFO - Started process (PID=54055) to work on /opt/airflow/dags/3-dependencies.py
[2024-08-14 03:23:47,131] {processor.py:641} INFO - Processing file /opt/airflow/dags/3-dependencies.py for tasks to queue
[2024-08-14 03:23:47,132] {logging_mixin.py:115} INFO - [2024-08-14 03:23:47,132] {dagbag.py:508} INFO - Filling up the DagBag from /opt/airflow/dags/3-dependencies.py
[2024-08-14 03:23:47,138] {processor.py:651} INFO - DAG(s) dict_keys(['dependencies']) retrieved from /opt/airflow/dags/3-dependencies.py
[2024-08-14 03:23:47,157] {logging_mixin.py:115} INFO - [2024-08-14 03:23:47,157] {dag.py:2420} INFO - Sync 1 DAGs
[2024-08-14 03:23:47,171] {logging_mixin.py:115} INFO - [2024-08-14 03:23:47,171] {dag.py:2972} INFO - Setting next_dagrun for dependencies to 2024-05-20T00:00:00+00:00, run_after=2024-05-20T00:00:00+00:00
[2024-08-14 03:23:47,180] {processor.py:161} INFO - Processing /opt/airflow/dags/3-dependencies.py took 0.051 seconds
[2024-08-14 03:24:17,647] {processor.py:153} INFO - Started process (PID=54094) to work on /opt/airflow/dags/3-dependencies.py
[2024-08-14 03:24:17,648] {processor.py:641} INFO - Processing file /opt/airflow/dags/3-dependencies.py for tasks to queue
[2024-08-14 03:24:17,648] {logging_mixin.py:115} INFO - [2024-08-14 03:24:17,648] {dagbag.py:508} INFO - Filling up the DagBag from /opt/airflow/dags/3-dependencies.py
[2024-08-14 03:24:17,654] {processor.py:651} INFO - DAG(s) dict_keys(['dependencies']) retrieved from /opt/airflow/dags/3-dependencies.py
[2024-08-14 03:24:17,670] {logging_mixin.py:115} INFO - [2024-08-14 03:24:17,670] {dag.py:2420} INFO - Sync 1 DAGs
[2024-08-14 03:24:17,683] {logging_mixin.py:115} INFO - [2024-08-14 03:24:17,683] {dag.py:2972} INFO - Setting next_dagrun for dependencies to 2024-05-20T00:00:00+00:00, run_after=2024-05-20T00:00:00+00:00
[2024-08-14 03:24:17,690] {processor.py:161} INFO - Processing /opt/airflow/dags/3-dependencies.py took 0.045 seconds
[2024-08-14 03:24:48,102] {processor.py:153} INFO - Started process (PID=54133) to work on /opt/airflow/dags/3-dependencies.py
[2024-08-14 03:24:48,102] {processor.py:641} INFO - Processing file /opt/airflow/dags/3-dependencies.py for tasks to queue
[2024-08-14 03:24:48,103] {logging_mixin.py:115} INFO - [2024-08-14 03:24:48,103] {dagbag.py:508} INFO - Filling up the DagBag from /opt/airflow/dags/3-dependencies.py
[2024-08-14 03:24:48,108] {processor.py:651} INFO - DAG(s) dict_keys(['dependencies']) retrieved from /opt/airflow/dags/3-dependencies.py
[2024-08-14 03:24:48,125] {logging_mixin.py:115} INFO - [2024-08-14 03:24:48,125] {dag.py:2420} INFO - Sync 1 DAGs
[2024-08-14 03:24:48,138] {logging_mixin.py:115} INFO - [2024-08-14 03:24:48,138] {dag.py:2972} INFO - Setting next_dagrun for dependencies to 2024-05-20T00:00:00+00:00, run_after=2024-05-20T00:00:00+00:00
[2024-08-14 03:24:48,146] {processor.py:161} INFO - Processing /opt/airflow/dags/3-dependencies.py took 0.046 seconds
[2024-08-14 03:25:18,565] {processor.py:153} INFO - Started process (PID=54172) to work on /opt/airflow/dags/3-dependencies.py
[2024-08-14 03:25:18,568] {processor.py:641} INFO - Processing file /opt/airflow/dags/3-dependencies.py for tasks to queue
[2024-08-14 03:25:18,569] {logging_mixin.py:115} INFO - [2024-08-14 03:25:18,568] {dagbag.py:508} INFO - Filling up the DagBag from /opt/airflow/dags/3-dependencies.py
[2024-08-14 03:25:18,574] {processor.py:651} INFO - DAG(s) dict_keys(['dependencies']) retrieved from /opt/airflow/dags/3-dependencies.py
[2024-08-14 03:25:18,589] {logging_mixin.py:115} INFO - [2024-08-14 03:25:18,589] {dag.py:2420} INFO - Sync 1 DAGs
[2024-08-14 03:25:18,602] {logging_mixin.py:115} INFO - [2024-08-14 03:25:18,602] {dag.py:2972} INFO - Setting next_dagrun for dependencies to 2024-05-20T00:00:00+00:00, run_after=2024-05-20T00:00:00+00:00
[2024-08-14 03:25:18,609] {processor.py:161} INFO - Processing /opt/airflow/dags/3-dependencies.py took 0.047 seconds
[2024-08-14 03:25:49,050] {processor.py:153} INFO - Started process (PID=54211) to work on /opt/airflow/dags/3-dependencies.py
[2024-08-14 03:25:49,050] {processor.py:641} INFO - Processing file /opt/airflow/dags/3-dependencies.py for tasks to queue
[2024-08-14 03:25:49,051] {logging_mixin.py:115} INFO - [2024-08-14 03:25:49,051] {dagbag.py:508} INFO - Filling up the DagBag from /opt/airflow/dags/3-dependencies.py
[2024-08-14 03:25:49,057] {processor.py:651} INFO - DAG(s) dict_keys(['dependencies']) retrieved from /opt/airflow/dags/3-dependencies.py
[2024-08-14 03:25:49,072] {logging_mixin.py:115} INFO - [2024-08-14 03:25:49,072] {dag.py:2420} INFO - Sync 1 DAGs
[2024-08-14 03:25:49,085] {logging_mixin.py:115} INFO - [2024-08-14 03:25:49,085] {dag.py:2972} INFO - Setting next_dagrun for dependencies to 2024-05-20T00:00:00+00:00, run_after=2024-05-20T00:00:00+00:00
[2024-08-14 03:25:49,093] {processor.py:161} INFO - Processing /opt/airflow/dags/3-dependencies.py took 0.046 seconds
[2024-08-14 03:26:19,516] {processor.py:153} INFO - Started process (PID=54250) to work on /opt/airflow/dags/3-dependencies.py
[2024-08-14 03:26:19,516] {processor.py:641} INFO - Processing file /opt/airflow/dags/3-dependencies.py for tasks to queue
[2024-08-14 03:26:19,517] {logging_mixin.py:115} INFO - [2024-08-14 03:26:19,517] {dagbag.py:508} INFO - Filling up the DagBag from /opt/airflow/dags/3-dependencies.py
[2024-08-14 03:26:19,523] {processor.py:651} INFO - DAG(s) dict_keys(['dependencies']) retrieved from /opt/airflow/dags/3-dependencies.py
[2024-08-14 03:26:19,539] {logging_mixin.py:115} INFO - [2024-08-14 03:26:19,539] {dag.py:2420} INFO - Sync 1 DAGs
[2024-08-14 03:26:19,552] {logging_mixin.py:115} INFO - [2024-08-14 03:26:19,552] {dag.py:2972} INFO - Setting next_dagrun for dependencies to 2024-05-20T00:00:00+00:00, run_after=2024-05-20T00:00:00+00:00
[2024-08-14 03:26:19,560] {processor.py:161} INFO - Processing /opt/airflow/dags/3-dependencies.py took 0.047 seconds
[2024-08-14 03:26:49,949] {processor.py:153} INFO - Started process (PID=54280) to work on /opt/airflow/dags/3-dependencies.py
[2024-08-14 03:26:49,949] {processor.py:641} INFO - Processing file /opt/airflow/dags/3-dependencies.py for tasks to queue
[2024-08-14 03:26:49,950] {logging_mixin.py:115} INFO - [2024-08-14 03:26:49,950] {dagbag.py:508} INFO - Filling up the DagBag from /opt/airflow/dags/3-dependencies.py
[2024-08-14 03:26:49,960] {processor.py:651} INFO - DAG(s) dict_keys(['dependencies']) retrieved from /opt/airflow/dags/3-dependencies.py
[2024-08-14 03:26:49,976] {logging_mixin.py:115} INFO - [2024-08-14 03:26:49,976] {dag.py:2420} INFO - Sync 1 DAGs
[2024-08-14 03:26:49,990] {logging_mixin.py:115} INFO - [2024-08-14 03:26:49,990] {dag.py:2972} INFO - Setting next_dagrun for dependencies to 2024-05-20T00:00:00+00:00, run_after=2024-05-20T00:00:00+00:00
[2024-08-14 03:26:49,997] {processor.py:161} INFO - Processing /opt/airflow/dags/3-dependencies.py took 0.051 seconds
[2024-08-14 03:27:20,378] {processor.py:153} INFO - Started process (PID=54318) to work on /opt/airflow/dags/3-dependencies.py
[2024-08-14 03:27:20,378] {processor.py:641} INFO - Processing file /opt/airflow/dags/3-dependencies.py for tasks to queue
[2024-08-14 03:27:20,378] {logging_mixin.py:115} INFO - [2024-08-14 03:27:20,378] {dagbag.py:508} INFO - Filling up the DagBag from /opt/airflow/dags/3-dependencies.py
[2024-08-14 03:27:20,386] {processor.py:651} INFO - DAG(s) dict_keys(['dependencies']) retrieved from /opt/airflow/dags/3-dependencies.py
[2024-08-14 03:27:20,401] {logging_mixin.py:115} INFO - [2024-08-14 03:27:20,401] {dag.py:2420} INFO - Sync 1 DAGs
[2024-08-14 03:27:20,414] {logging_mixin.py:115} INFO - [2024-08-14 03:27:20,414] {dag.py:2972} INFO - Setting next_dagrun for dependencies to 2024-05-20T00:00:00+00:00, run_after=2024-05-20T00:00:00+00:00
[2024-08-14 03:27:20,421] {processor.py:161} INFO - Processing /opt/airflow/dags/3-dependencies.py took 0.046 seconds
[2024-08-14 03:27:50,792] {processor.py:153} INFO - Started process (PID=54357) to work on /opt/airflow/dags/3-dependencies.py
[2024-08-14 03:27:50,792] {processor.py:641} INFO - Processing file /opt/airflow/dags/3-dependencies.py for tasks to queue
[2024-08-14 03:27:50,792] {logging_mixin.py:115} INFO - [2024-08-14 03:27:50,792] {dagbag.py:508} INFO - Filling up the DagBag from /opt/airflow/dags/3-dependencies.py
[2024-08-14 03:27:50,798] {processor.py:651} INFO - DAG(s) dict_keys(['dependencies']) retrieved from /opt/airflow/dags/3-dependencies.py
[2024-08-14 03:27:50,813] {logging_mixin.py:115} INFO - [2024-08-14 03:27:50,813] {dag.py:2420} INFO - Sync 1 DAGs
[2024-08-14 03:27:50,826] {logging_mixin.py:115} INFO - [2024-08-14 03:27:50,826] {dag.py:2972} INFO - Setting next_dagrun for dependencies to 2024-05-20T00:00:00+00:00, run_after=2024-05-20T00:00:00+00:00
[2024-08-14 03:27:50,833] {processor.py:161} INFO - Processing /opt/airflow/dags/3-dependencies.py took 0.045 seconds
[2024-08-14 03:28:21,210] {processor.py:153} INFO - Started process (PID=54396) to work on /opt/airflow/dags/3-dependencies.py
[2024-08-14 03:28:21,210] {processor.py:641} INFO - Processing file /opt/airflow/dags/3-dependencies.py for tasks to queue
[2024-08-14 03:28:21,211] {logging_mixin.py:115} INFO - [2024-08-14 03:28:21,211] {dagbag.py:508} INFO - Filling up the DagBag from /opt/airflow/dags/3-dependencies.py
[2024-08-14 03:28:21,216] {processor.py:651} INFO - DAG(s) dict_keys(['dependencies']) retrieved from /opt/airflow/dags/3-dependencies.py
[2024-08-14 03:28:21,231] {logging_mixin.py:115} INFO - [2024-08-14 03:28:21,231] {dag.py:2420} INFO - Sync 1 DAGs
[2024-08-14 03:28:21,244] {logging_mixin.py:115} INFO - [2024-08-14 03:28:21,244] {dag.py:2972} INFO - Setting next_dagrun for dependencies to 2024-05-20T00:00:00+00:00, run_after=2024-05-20T00:00:00+00:00
[2024-08-14 03:28:21,251] {processor.py:161} INFO - Processing /opt/airflow/dags/3-dependencies.py took 0.043 seconds
[2024-08-14 03:28:51,670] {processor.py:153} INFO - Started process (PID=54435) to work on /opt/airflow/dags/3-dependencies.py
[2024-08-14 03:28:51,670] {processor.py:641} INFO - Processing file /opt/airflow/dags/3-dependencies.py for tasks to queue
[2024-08-14 03:28:51,671] {logging_mixin.py:115} INFO - [2024-08-14 03:28:51,670] {dagbag.py:508} INFO - Filling up the DagBag from /opt/airflow/dags/3-dependencies.py
[2024-08-14 03:28:51,676] {processor.py:651} INFO - DAG(s) dict_keys(['dependencies']) retrieved from /opt/airflow/dags/3-dependencies.py
[2024-08-14 03:28:51,695] {logging_mixin.py:115} INFO - [2024-08-14 03:28:51,695] {dag.py:2420} INFO - Sync 1 DAGs
[2024-08-14 03:28:51,708] {logging_mixin.py:115} INFO - [2024-08-14 03:28:51,707] {dag.py:2972} INFO - Setting next_dagrun for dependencies to 2024-05-20T00:00:00+00:00, run_after=2024-05-20T00:00:00+00:00
[2024-08-14 03:28:51,716] {processor.py:161} INFO - Processing /opt/airflow/dags/3-dependencies.py took 0.048 seconds
[2024-08-14 03:29:22,106] {processor.py:153} INFO - Started process (PID=54463) to work on /opt/airflow/dags/3-dependencies.py
[2024-08-14 03:29:22,107] {processor.py:641} INFO - Processing file /opt/airflow/dags/3-dependencies.py for tasks to queue
[2024-08-14 03:29:22,107] {logging_mixin.py:115} INFO - [2024-08-14 03:29:22,107] {dagbag.py:508} INFO - Filling up the DagBag from /opt/airflow/dags/3-dependencies.py
[2024-08-14 03:29:22,113] {processor.py:651} INFO - DAG(s) dict_keys(['dependencies']) retrieved from /opt/airflow/dags/3-dependencies.py
[2024-08-14 03:29:22,129] {logging_mixin.py:115} INFO - [2024-08-14 03:29:22,129] {dag.py:2420} INFO - Sync 1 DAGs
[2024-08-14 03:29:22,142] {logging_mixin.py:115} INFO - [2024-08-14 03:29:22,142] {dag.py:2972} INFO - Setting next_dagrun for dependencies to 2024-05-20T00:00:00+00:00, run_after=2024-05-20T00:00:00+00:00
[2024-08-14 03:29:22,149] {processor.py:161} INFO - Processing /opt/airflow/dags/3-dependencies.py took 0.045 seconds
[2024-08-14 03:29:52,529] {processor.py:153} INFO - Started process (PID=54501) to work on /opt/airflow/dags/3-dependencies.py
[2024-08-14 03:29:52,530] {processor.py:641} INFO - Processing file /opt/airflow/dags/3-dependencies.py for tasks to queue
[2024-08-14 03:29:52,530] {logging_mixin.py:115} INFO - [2024-08-14 03:29:52,530] {dagbag.py:508} INFO - Filling up the DagBag from /opt/airflow/dags/3-dependencies.py
[2024-08-14 03:29:52,536] {processor.py:651} INFO - DAG(s) dict_keys(['dependencies']) retrieved from /opt/airflow/dags/3-dependencies.py
[2024-08-14 03:29:52,551] {logging_mixin.py:115} INFO - [2024-08-14 03:29:52,551] {dag.py:2420} INFO - Sync 1 DAGs
[2024-08-14 03:29:52,564] {logging_mixin.py:115} INFO - [2024-08-14 03:29:52,564] {dag.py:2972} INFO - Setting next_dagrun for dependencies to 2024-05-20T00:00:00+00:00, run_after=2024-05-20T00:00:00+00:00
[2024-08-14 03:29:52,572] {processor.py:161} INFO - Processing /opt/airflow/dags/3-dependencies.py took 0.046 seconds
[2024-08-14 03:30:22,942] {processor.py:153} INFO - Started process (PID=54540) to work on /opt/airflow/dags/3-dependencies.py
[2024-08-14 03:30:22,943] {processor.py:641} INFO - Processing file /opt/airflow/dags/3-dependencies.py for tasks to queue
[2024-08-14 03:30:22,943] {logging_mixin.py:115} INFO - [2024-08-14 03:30:22,943] {dagbag.py:508} INFO - Filling up the DagBag from /opt/airflow/dags/3-dependencies.py
[2024-08-14 03:30:22,950] {processor.py:651} INFO - DAG(s) dict_keys(['dependencies']) retrieved from /opt/airflow/dags/3-dependencies.py
[2024-08-14 03:30:22,965] {logging_mixin.py:115} INFO - [2024-08-14 03:30:22,965] {dag.py:2420} INFO - Sync 1 DAGs
[2024-08-14 03:30:22,978] {logging_mixin.py:115} INFO - [2024-08-14 03:30:22,978] {dag.py:2972} INFO - Setting next_dagrun for dependencies to 2024-05-20T00:00:00+00:00, run_after=2024-05-20T00:00:00+00:00
[2024-08-14 03:30:22,985] {processor.py:161} INFO - Processing /opt/airflow/dags/3-dependencies.py took 0.045 seconds
[2024-08-14 03:30:53,353] {processor.py:153} INFO - Started process (PID=54579) to work on /opt/airflow/dags/3-dependencies.py
[2024-08-14 03:30:53,354] {processor.py:641} INFO - Processing file /opt/airflow/dags/3-dependencies.py for tasks to queue
[2024-08-14 03:30:53,354] {logging_mixin.py:115} INFO - [2024-08-14 03:30:53,354] {dagbag.py:508} INFO - Filling up the DagBag from /opt/airflow/dags/3-dependencies.py
[2024-08-14 03:30:53,360] {processor.py:651} INFO - DAG(s) dict_keys(['dependencies']) retrieved from /opt/airflow/dags/3-dependencies.py
[2024-08-14 03:30:53,375] {logging_mixin.py:115} INFO - [2024-08-14 03:30:53,375] {dag.py:2420} INFO - Sync 1 DAGs
[2024-08-14 03:30:53,390] {logging_mixin.py:115} INFO - [2024-08-14 03:30:53,390] {dag.py:2972} INFO - Setting next_dagrun for dependencies to 2024-05-20T00:00:00+00:00, run_after=2024-05-20T00:00:00+00:00
[2024-08-14 03:30:53,404] {processor.py:161} INFO - Processing /opt/airflow/dags/3-dependencies.py took 0.053 seconds
[2024-08-14 03:31:23,785] {processor.py:153} INFO - Started process (PID=54617) to work on /opt/airflow/dags/3-dependencies.py
[2024-08-14 03:31:23,785] {processor.py:641} INFO - Processing file /opt/airflow/dags/3-dependencies.py for tasks to queue
[2024-08-14 03:31:23,786] {logging_mixin.py:115} INFO - [2024-08-14 03:31:23,786] {dagbag.py:508} INFO - Filling up the DagBag from /opt/airflow/dags/3-dependencies.py
[2024-08-14 03:31:23,791] {processor.py:651} INFO - DAG(s) dict_keys(['dependencies']) retrieved from /opt/airflow/dags/3-dependencies.py
[2024-08-14 03:31:23,807] {logging_mixin.py:115} INFO - [2024-08-14 03:31:23,807] {dag.py:2420} INFO - Sync 1 DAGs
[2024-08-14 03:31:23,820] {logging_mixin.py:115} INFO - [2024-08-14 03:31:23,820] {dag.py:2972} INFO - Setting next_dagrun for dependencies to 2024-05-20T00:00:00+00:00, run_after=2024-05-20T00:00:00+00:00
[2024-08-14 03:31:23,828] {processor.py:161} INFO - Processing /opt/airflow/dags/3-dependencies.py took 0.045 seconds
[2024-08-14 03:31:54,267] {processor.py:153} INFO - Started process (PID=54654) to work on /opt/airflow/dags/3-dependencies.py
[2024-08-14 03:31:54,268] {processor.py:641} INFO - Processing file /opt/airflow/dags/3-dependencies.py for tasks to queue
[2024-08-14 03:31:54,268] {logging_mixin.py:115} INFO - [2024-08-14 03:31:54,268] {dagbag.py:508} INFO - Filling up the DagBag from /opt/airflow/dags/3-dependencies.py
[2024-08-14 03:31:54,274] {processor.py:651} INFO - DAG(s) dict_keys(['dependencies']) retrieved from /opt/airflow/dags/3-dependencies.py
[2024-08-14 03:31:54,290] {logging_mixin.py:115} INFO - [2024-08-14 03:31:54,290] {dag.py:2420} INFO - Sync 1 DAGs
[2024-08-14 03:31:54,303] {logging_mixin.py:115} INFO - [2024-08-14 03:31:54,303] {dag.py:2972} INFO - Setting next_dagrun for dependencies to 2024-05-20T00:00:00+00:00, run_after=2024-05-20T00:00:00+00:00
[2024-08-14 03:31:54,311] {processor.py:161} INFO - Processing /opt/airflow/dags/3-dependencies.py took 0.045 seconds
[2024-08-14 03:32:24,760] {processor.py:153} INFO - Started process (PID=54684) to work on /opt/airflow/dags/3-dependencies.py
[2024-08-14 03:32:24,760] {processor.py:641} INFO - Processing file /opt/airflow/dags/3-dependencies.py for tasks to queue
[2024-08-14 03:32:24,763] {logging_mixin.py:115} INFO - [2024-08-14 03:32:24,763] {dagbag.py:508} INFO - Filling up the DagBag from /opt/airflow/dags/3-dependencies.py
[2024-08-14 03:32:24,769] {processor.py:651} INFO - DAG(s) dict_keys(['dependencies']) retrieved from /opt/airflow/dags/3-dependencies.py
[2024-08-14 03:32:24,788] {logging_mixin.py:115} INFO - [2024-08-14 03:32:24,788] {dag.py:2420} INFO - Sync 1 DAGs
[2024-08-14 03:32:24,802] {logging_mixin.py:115} INFO - [2024-08-14 03:32:24,802] {dag.py:2972} INFO - Setting next_dagrun for dependencies to 2024-05-20T00:00:00+00:00, run_after=2024-05-20T00:00:00+00:00
[2024-08-14 03:32:24,809] {processor.py:161} INFO - Processing /opt/airflow/dags/3-dependencies.py took 0.052 seconds
[2024-08-14 03:32:55,190] {processor.py:153} INFO - Started process (PID=54722) to work on /opt/airflow/dags/3-dependencies.py
[2024-08-14 03:32:55,190] {processor.py:641} INFO - Processing file /opt/airflow/dags/3-dependencies.py for tasks to queue
[2024-08-14 03:32:55,191] {logging_mixin.py:115} INFO - [2024-08-14 03:32:55,191] {dagbag.py:508} INFO - Filling up the DagBag from /opt/airflow/dags/3-dependencies.py
[2024-08-14 03:32:55,197] {processor.py:651} INFO - DAG(s) dict_keys(['dependencies']) retrieved from /opt/airflow/dags/3-dependencies.py
[2024-08-14 03:32:55,212] {logging_mixin.py:115} INFO - [2024-08-14 03:32:55,212] {dag.py:2420} INFO - Sync 1 DAGs
[2024-08-14 03:32:55,225] {logging_mixin.py:115} INFO - [2024-08-14 03:32:55,225] {dag.py:2972} INFO - Setting next_dagrun for dependencies to 2024-05-20T00:00:00+00:00, run_after=2024-05-20T00:00:00+00:00
[2024-08-14 03:32:55,232] {processor.py:161} INFO - Processing /opt/airflow/dags/3-dependencies.py took 0.046 seconds
[2024-08-14 03:33:25,603] {processor.py:153} INFO - Started process (PID=54761) to work on /opt/airflow/dags/3-dependencies.py
[2024-08-14 03:33:25,604] {processor.py:641} INFO - Processing file /opt/airflow/dags/3-dependencies.py for tasks to queue
[2024-08-14 03:33:25,605] {logging_mixin.py:115} INFO - [2024-08-14 03:33:25,605] {dagbag.py:508} INFO - Filling up the DagBag from /opt/airflow/dags/3-dependencies.py
[2024-08-14 03:33:25,612] {processor.py:651} INFO - DAG(s) dict_keys(['dependencies']) retrieved from /opt/airflow/dags/3-dependencies.py
[2024-08-14 03:33:25,628] {logging_mixin.py:115} INFO - [2024-08-14 03:33:25,628] {dag.py:2420} INFO - Sync 1 DAGs
[2024-08-14 03:33:25,641] {logging_mixin.py:115} INFO - [2024-08-14 03:33:25,641] {dag.py:2972} INFO - Setting next_dagrun for dependencies to 2024-05-20T00:00:00+00:00, run_after=2024-05-20T00:00:00+00:00
[2024-08-14 03:33:25,649] {processor.py:161} INFO - Processing /opt/airflow/dags/3-dependencies.py took 0.048 seconds
[2024-08-14 03:33:56,032] {processor.py:153} INFO - Started process (PID=54800) to work on /opt/airflow/dags/3-dependencies.py
[2024-08-14 03:33:56,032] {processor.py:641} INFO - Processing file /opt/airflow/dags/3-dependencies.py for tasks to queue
[2024-08-14 03:33:56,032] {logging_mixin.py:115} INFO - [2024-08-14 03:33:56,032] {dagbag.py:508} INFO - Filling up the DagBag from /opt/airflow/dags/3-dependencies.py
[2024-08-14 03:33:56,038] {processor.py:651} INFO - DAG(s) dict_keys(['dependencies']) retrieved from /opt/airflow/dags/3-dependencies.py
[2024-08-14 03:33:56,055] {logging_mixin.py:115} INFO - [2024-08-14 03:33:56,055] {dag.py:2420} INFO - Sync 1 DAGs
[2024-08-14 03:33:56,068] {logging_mixin.py:115} INFO - [2024-08-14 03:33:56,067] {dag.py:2972} INFO - Setting next_dagrun for dependencies to 2024-05-20T00:00:00+00:00, run_after=2024-05-20T00:00:00+00:00
[2024-08-14 03:33:56,075] {processor.py:161} INFO - Processing /opt/airflow/dags/3-dependencies.py took 0.046 seconds
[2024-08-14 03:34:26,463] {processor.py:153} INFO - Started process (PID=54839) to work on /opt/airflow/dags/3-dependencies.py
[2024-08-14 03:34:26,463] {processor.py:641} INFO - Processing file /opt/airflow/dags/3-dependencies.py for tasks to queue
[2024-08-14 03:34:26,464] {logging_mixin.py:115} INFO - [2024-08-14 03:34:26,463] {dagbag.py:508} INFO - Filling up the DagBag from /opt/airflow/dags/3-dependencies.py
[2024-08-14 03:34:26,469] {processor.py:651} INFO - DAG(s) dict_keys(['dependencies']) retrieved from /opt/airflow/dags/3-dependencies.py
[2024-08-14 03:34:26,484] {logging_mixin.py:115} INFO - [2024-08-14 03:34:26,484] {dag.py:2420} INFO - Sync 1 DAGs
[2024-08-14 03:34:26,496] {logging_mixin.py:115} INFO - [2024-08-14 03:34:26,496] {dag.py:2972} INFO - Setting next_dagrun for dependencies to 2024-05-20T00:00:00+00:00, run_after=2024-05-20T00:00:00+00:00
[2024-08-14 03:34:26,505] {processor.py:161} INFO - Processing /opt/airflow/dags/3-dependencies.py took 0.044 seconds
[2024-08-14 03:34:56,883] {processor.py:153} INFO - Started process (PID=54877) to work on /opt/airflow/dags/3-dependencies.py
[2024-08-14 03:34:56,885] {processor.py:641} INFO - Processing file /opt/airflow/dags/3-dependencies.py for tasks to queue
[2024-08-14 03:34:56,886] {logging_mixin.py:115} INFO - [2024-08-14 03:34:56,886] {dagbag.py:508} INFO - Filling up the DagBag from /opt/airflow/dags/3-dependencies.py
[2024-08-14 03:34:56,892] {processor.py:651} INFO - DAG(s) dict_keys(['dependencies']) retrieved from /opt/airflow/dags/3-dependencies.py
[2024-08-14 03:34:56,908] {logging_mixin.py:115} INFO - [2024-08-14 03:34:56,908] {dag.py:2420} INFO - Sync 1 DAGs
[2024-08-14 03:34:56,922] {logging_mixin.py:115} INFO - [2024-08-14 03:34:56,922] {dag.py:2972} INFO - Setting next_dagrun for dependencies to 2024-05-20T00:00:00+00:00, run_after=2024-05-20T00:00:00+00:00
[2024-08-14 03:34:56,930] {processor.py:161} INFO - Processing /opt/airflow/dags/3-dependencies.py took 0.050 seconds
[2024-08-14 03:35:27,361] {processor.py:153} INFO - Started process (PID=54907) to work on /opt/airflow/dags/3-dependencies.py
[2024-08-14 03:35:27,361] {processor.py:641} INFO - Processing file /opt/airflow/dags/3-dependencies.py for tasks to queue
[2024-08-14 03:35:27,362] {logging_mixin.py:115} INFO - [2024-08-14 03:35:27,361] {dagbag.py:508} INFO - Filling up the DagBag from /opt/airflow/dags/3-dependencies.py
[2024-08-14 03:35:27,367] {processor.py:651} INFO - DAG(s) dict_keys(['dependencies']) retrieved from /opt/airflow/dags/3-dependencies.py
[2024-08-14 03:35:27,385] {logging_mixin.py:115} INFO - [2024-08-14 03:35:27,384] {dag.py:2420} INFO - Sync 1 DAGs
[2024-08-14 03:35:27,397] {logging_mixin.py:115} INFO - [2024-08-14 03:35:27,397] {dag.py:2972} INFO - Setting next_dagrun for dependencies to 2024-05-20T00:00:00+00:00, run_after=2024-05-20T00:00:00+00:00
[2024-08-14 03:35:27,404] {processor.py:161} INFO - Processing /opt/airflow/dags/3-dependencies.py took 0.046 seconds
[2024-08-14 03:35:57,776] {processor.py:153} INFO - Started process (PID=54946) to work on /opt/airflow/dags/3-dependencies.py
[2024-08-14 03:35:57,776] {processor.py:641} INFO - Processing file /opt/airflow/dags/3-dependencies.py for tasks to queue
[2024-08-14 03:35:57,777] {logging_mixin.py:115} INFO - [2024-08-14 03:35:57,776] {dagbag.py:508} INFO - Filling up the DagBag from /opt/airflow/dags/3-dependencies.py
[2024-08-14 03:35:57,783] {processor.py:651} INFO - DAG(s) dict_keys(['dependencies']) retrieved from /opt/airflow/dags/3-dependencies.py
[2024-08-14 03:35:57,798] {logging_mixin.py:115} INFO - [2024-08-14 03:35:57,798] {dag.py:2420} INFO - Sync 1 DAGs
[2024-08-14 03:35:57,813] {logging_mixin.py:115} INFO - [2024-08-14 03:35:57,812] {dag.py:2972} INFO - Setting next_dagrun for dependencies to 2024-05-20T00:00:00+00:00, run_after=2024-05-20T00:00:00+00:00
[2024-08-14 03:35:57,822] {processor.py:161} INFO - Processing /opt/airflow/dags/3-dependencies.py took 0.048 seconds
[2024-08-14 03:36:28,205] {processor.py:153} INFO - Started process (PID=54984) to work on /opt/airflow/dags/3-dependencies.py
[2024-08-14 03:36:28,205] {processor.py:641} INFO - Processing file /opt/airflow/dags/3-dependencies.py for tasks to queue
[2024-08-14 03:36:28,206] {logging_mixin.py:115} INFO - [2024-08-14 03:36:28,206] {dagbag.py:508} INFO - Filling up the DagBag from /opt/airflow/dags/3-dependencies.py
[2024-08-14 03:36:28,212] {processor.py:651} INFO - DAG(s) dict_keys(['dependencies']) retrieved from /opt/airflow/dags/3-dependencies.py
[2024-08-14 03:36:28,227] {logging_mixin.py:115} INFO - [2024-08-14 03:36:28,227] {dag.py:2420} INFO - Sync 1 DAGs
[2024-08-14 03:36:28,240] {logging_mixin.py:115} INFO - [2024-08-14 03:36:28,240] {dag.py:2972} INFO - Setting next_dagrun for dependencies to 2024-05-20T00:00:00+00:00, run_after=2024-05-20T00:00:00+00:00
[2024-08-14 03:36:28,247] {processor.py:161} INFO - Processing /opt/airflow/dags/3-dependencies.py took 0.045 seconds
[2024-08-14 03:36:58,675] {processor.py:153} INFO - Started process (PID=55023) to work on /opt/airflow/dags/3-dependencies.py
[2024-08-14 03:36:58,675] {processor.py:641} INFO - Processing file /opt/airflow/dags/3-dependencies.py for tasks to queue
[2024-08-14 03:36:58,675] {logging_mixin.py:115} INFO - [2024-08-14 03:36:58,675] {dagbag.py:508} INFO - Filling up the DagBag from /opt/airflow/dags/3-dependencies.py
[2024-08-14 03:36:58,682] {processor.py:651} INFO - DAG(s) dict_keys(['dependencies']) retrieved from /opt/airflow/dags/3-dependencies.py
[2024-08-14 03:36:58,698] {logging_mixin.py:115} INFO - [2024-08-14 03:36:58,698] {dag.py:2420} INFO - Sync 1 DAGs
[2024-08-14 03:36:58,712] {logging_mixin.py:115} INFO - [2024-08-14 03:36:58,712] {dag.py:2972} INFO - Setting next_dagrun for dependencies to 2024-05-20T00:00:00+00:00, run_after=2024-05-20T00:00:00+00:00
[2024-08-14 03:36:58,721] {processor.py:161} INFO - Processing /opt/airflow/dags/3-dependencies.py took 0.049 seconds
[2024-08-14 03:37:29,151] {processor.py:153} INFO - Started process (PID=55062) to work on /opt/airflow/dags/3-dependencies.py
[2024-08-14 03:37:29,151] {processor.py:641} INFO - Processing file /opt/airflow/dags/3-dependencies.py for tasks to queue
[2024-08-14 03:37:29,152] {logging_mixin.py:115} INFO - [2024-08-14 03:37:29,152] {dagbag.py:508} INFO - Filling up the DagBag from /opt/airflow/dags/3-dependencies.py
[2024-08-14 03:37:29,157] {processor.py:651} INFO - DAG(s) dict_keys(['dependencies']) retrieved from /opt/airflow/dags/3-dependencies.py
[2024-08-14 03:37:29,173] {logging_mixin.py:115} INFO - [2024-08-14 03:37:29,173] {dag.py:2420} INFO - Sync 1 DAGs
[2024-08-14 03:37:29,186] {logging_mixin.py:115} INFO - [2024-08-14 03:37:29,186] {dag.py:2972} INFO - Setting next_dagrun for dependencies to 2024-05-20T00:00:00+00:00, run_after=2024-05-20T00:00:00+00:00
[2024-08-14 03:37:29,193] {processor.py:161} INFO - Processing /opt/airflow/dags/3-dependencies.py took 0.046 seconds
[2024-08-14 03:37:59,568] {processor.py:153} INFO - Started process (PID=55101) to work on /opt/airflow/dags/3-dependencies.py
[2024-08-14 03:37:59,569] {processor.py:641} INFO - Processing file /opt/airflow/dags/3-dependencies.py for tasks to queue
[2024-08-14 03:37:59,569] {logging_mixin.py:115} INFO - [2024-08-14 03:37:59,569] {dagbag.py:508} INFO - Filling up the DagBag from /opt/airflow/dags/3-dependencies.py
[2024-08-14 03:37:59,575] {processor.py:651} INFO - DAG(s) dict_keys(['dependencies']) retrieved from /opt/airflow/dags/3-dependencies.py
[2024-08-14 03:37:59,591] {logging_mixin.py:115} INFO - [2024-08-14 03:37:59,591] {dag.py:2420} INFO - Sync 1 DAGs
[2024-08-14 03:37:59,605] {logging_mixin.py:115} INFO - [2024-08-14 03:37:59,605] {dag.py:2972} INFO - Setting next_dagrun for dependencies to 2024-05-20T00:00:00+00:00, run_after=2024-05-20T00:00:00+00:00
[2024-08-14 03:37:59,612] {processor.py:161} INFO - Processing /opt/airflow/dags/3-dependencies.py took 0.046 seconds
[2024-08-14 03:38:29,991] {processor.py:153} INFO - Started process (PID=55131) to work on /opt/airflow/dags/3-dependencies.py
[2024-08-14 03:38:29,992] {processor.py:641} INFO - Processing file /opt/airflow/dags/3-dependencies.py for tasks to queue
[2024-08-14 03:38:29,992] {logging_mixin.py:115} INFO - [2024-08-14 03:38:29,992] {dagbag.py:508} INFO - Filling up the DagBag from /opt/airflow/dags/3-dependencies.py
[2024-08-14 03:38:29,999] {processor.py:651} INFO - DAG(s) dict_keys(['dependencies']) retrieved from /opt/airflow/dags/3-dependencies.py
[2024-08-14 03:38:30,014] {logging_mixin.py:115} INFO - [2024-08-14 03:38:30,014] {dag.py:2420} INFO - Sync 1 DAGs
[2024-08-14 03:38:30,026] {logging_mixin.py:115} INFO - [2024-08-14 03:38:30,026] {dag.py:2972} INFO - Setting next_dagrun for dependencies to 2024-05-20T00:00:00+00:00, run_after=2024-05-20T00:00:00+00:00
[2024-08-14 03:38:30,035] {processor.py:161} INFO - Processing /opt/airflow/dags/3-dependencies.py took 0.046 seconds
[2024-08-14 03:39:00,470] {processor.py:153} INFO - Started process (PID=55170) to work on /opt/airflow/dags/3-dependencies.py
[2024-08-14 03:39:00,471] {processor.py:641} INFO - Processing file /opt/airflow/dags/3-dependencies.py for tasks to queue
[2024-08-14 03:39:00,471] {logging_mixin.py:115} INFO - [2024-08-14 03:39:00,471] {dagbag.py:508} INFO - Filling up the DagBag from /opt/airflow/dags/3-dependencies.py
[2024-08-14 03:39:00,477] {processor.py:651} INFO - DAG(s) dict_keys(['dependencies']) retrieved from /opt/airflow/dags/3-dependencies.py
[2024-08-14 03:39:00,492] {logging_mixin.py:115} INFO - [2024-08-14 03:39:00,492] {dag.py:2420} INFO - Sync 1 DAGs
[2024-08-14 03:39:00,503] {logging_mixin.py:115} INFO - [2024-08-14 03:39:00,503] {dag.py:2972} INFO - Setting next_dagrun for dependencies to 2024-05-20T00:00:00+00:00, run_after=2024-05-20T00:00:00+00:00
[2024-08-14 03:39:00,519] {processor.py:161} INFO - Processing /opt/airflow/dags/3-dependencies.py took 0.051 seconds
[2024-08-14 03:39:30,913] {processor.py:153} INFO - Started process (PID=55209) to work on /opt/airflow/dags/3-dependencies.py
[2024-08-14 03:39:30,913] {processor.py:641} INFO - Processing file /opt/airflow/dags/3-dependencies.py for tasks to queue
[2024-08-14 03:39:30,913] {logging_mixin.py:115} INFO - [2024-08-14 03:39:30,913] {dagbag.py:508} INFO - Filling up the DagBag from /opt/airflow/dags/3-dependencies.py
[2024-08-14 03:39:30,919] {processor.py:651} INFO - DAG(s) dict_keys(['dependencies']) retrieved from /opt/airflow/dags/3-dependencies.py
[2024-08-14 03:39:30,934] {logging_mixin.py:115} INFO - [2024-08-14 03:39:30,934] {dag.py:2420} INFO - Sync 1 DAGs
[2024-08-14 03:39:30,946] {logging_mixin.py:115} INFO - [2024-08-14 03:39:30,946] {dag.py:2972} INFO - Setting next_dagrun for dependencies to 2024-05-20T00:00:00+00:00, run_after=2024-05-20T00:00:00+00:00
[2024-08-14 03:39:30,953] {processor.py:161} INFO - Processing /opt/airflow/dags/3-dependencies.py took 0.043 seconds
[2024-08-14 03:40:01,364] {processor.py:153} INFO - Started process (PID=55248) to work on /opt/airflow/dags/3-dependencies.py
[2024-08-14 03:40:01,364] {processor.py:641} INFO - Processing file /opt/airflow/dags/3-dependencies.py for tasks to queue
[2024-08-14 03:40:01,365] {logging_mixin.py:115} INFO - [2024-08-14 03:40:01,365] {dagbag.py:508} INFO - Filling up the DagBag from /opt/airflow/dags/3-dependencies.py
[2024-08-14 03:40:01,371] {processor.py:651} INFO - DAG(s) dict_keys(['dependencies']) retrieved from /opt/airflow/dags/3-dependencies.py
[2024-08-14 03:40:01,385] {logging_mixin.py:115} INFO - [2024-08-14 03:40:01,385] {dag.py:2420} INFO - Sync 1 DAGs
[2024-08-14 03:40:01,397] {logging_mixin.py:115} INFO - [2024-08-14 03:40:01,397] {dag.py:2972} INFO - Setting next_dagrun for dependencies to 2024-05-20T00:00:00+00:00, run_after=2024-05-20T00:00:00+00:00
[2024-08-14 03:40:01,405] {processor.py:161} INFO - Processing /opt/airflow/dags/3-dependencies.py took 0.043 seconds
[2024-08-14 03:40:31,788] {processor.py:153} INFO - Started process (PID=55287) to work on /opt/airflow/dags/3-dependencies.py
[2024-08-14 03:40:31,791] {processor.py:641} INFO - Processing file /opt/airflow/dags/3-dependencies.py for tasks to queue
[2024-08-14 03:40:31,792] {logging_mixin.py:115} INFO - [2024-08-14 03:40:31,792] {dagbag.py:508} INFO - Filling up the DagBag from /opt/airflow/dags/3-dependencies.py
[2024-08-14 03:40:31,798] {processor.py:651} INFO - DAG(s) dict_keys(['dependencies']) retrieved from /opt/airflow/dags/3-dependencies.py
[2024-08-14 03:40:31,816] {logging_mixin.py:115} INFO - [2024-08-14 03:40:31,816] {dag.py:2420} INFO - Sync 1 DAGs
[2024-08-14 03:40:31,829] {logging_mixin.py:115} INFO - [2024-08-14 03:40:31,829] {dag.py:2972} INFO - Setting next_dagrun for dependencies to 2024-05-20T00:00:00+00:00, run_after=2024-05-20T00:00:00+00:00
[2024-08-14 03:40:31,838] {processor.py:161} INFO - Processing /opt/airflow/dags/3-dependencies.py took 0.052 seconds
[2024-08-14 03:41:02,215] {processor.py:153} INFO - Started process (PID=55326) to work on /opt/airflow/dags/3-dependencies.py
[2024-08-14 03:41:02,215] {processor.py:641} INFO - Processing file /opt/airflow/dags/3-dependencies.py for tasks to queue
[2024-08-14 03:41:02,215] {logging_mixin.py:115} INFO - [2024-08-14 03:41:02,215] {dagbag.py:508} INFO - Filling up the DagBag from /opt/airflow/dags/3-dependencies.py
[2024-08-14 03:41:02,221] {processor.py:651} INFO - DAG(s) dict_keys(['dependencies']) retrieved from /opt/airflow/dags/3-dependencies.py
[2024-08-14 03:41:02,238] {logging_mixin.py:115} INFO - [2024-08-14 03:41:02,238] {dag.py:2420} INFO - Sync 1 DAGs
[2024-08-14 03:41:02,254] {logging_mixin.py:115} INFO - [2024-08-14 03:41:02,254] {dag.py:2972} INFO - Setting next_dagrun for dependencies to 2024-05-20T00:00:00+00:00, run_after=2024-05-20T00:00:00+00:00
[2024-08-14 03:41:02,263] {processor.py:161} INFO - Processing /opt/airflow/dags/3-dependencies.py took 0.050 seconds
[2024-08-14 03:41:32,663] {processor.py:153} INFO - Started process (PID=55356) to work on /opt/airflow/dags/3-dependencies.py
[2024-08-14 03:41:32,664] {processor.py:641} INFO - Processing file /opt/airflow/dags/3-dependencies.py for tasks to queue
[2024-08-14 03:41:32,664] {logging_mixin.py:115} INFO - [2024-08-14 03:41:32,664] {dagbag.py:508} INFO - Filling up the DagBag from /opt/airflow/dags/3-dependencies.py
[2024-08-14 03:41:32,672] {processor.py:651} INFO - DAG(s) dict_keys(['dependencies']) retrieved from /opt/airflow/dags/3-dependencies.py
[2024-08-14 03:41:32,691] {logging_mixin.py:115} INFO - [2024-08-14 03:41:32,691] {dag.py:2420} INFO - Sync 1 DAGs
[2024-08-14 03:41:32,707] {logging_mixin.py:115} INFO - [2024-08-14 03:41:32,707] {dag.py:2972} INFO - Setting next_dagrun for dependencies to 2024-05-20T00:00:00+00:00, run_after=2024-05-20T00:00:00+00:00
[2024-08-14 03:41:32,715] {processor.py:161} INFO - Processing /opt/airflow/dags/3-dependencies.py took 0.054 seconds
[2024-08-14 03:42:03,153] {processor.py:153} INFO - Started process (PID=55395) to work on /opt/airflow/dags/3-dependencies.py
[2024-08-14 03:42:03,153] {processor.py:641} INFO - Processing file /opt/airflow/dags/3-dependencies.py for tasks to queue
[2024-08-14 03:42:03,154] {logging_mixin.py:115} INFO - [2024-08-14 03:42:03,154] {dagbag.py:508} INFO - Filling up the DagBag from /opt/airflow/dags/3-dependencies.py
[2024-08-14 03:42:03,159] {processor.py:651} INFO - DAG(s) dict_keys(['dependencies']) retrieved from /opt/airflow/dags/3-dependencies.py
[2024-08-14 03:42:03,175] {logging_mixin.py:115} INFO - [2024-08-14 03:42:03,175] {dag.py:2420} INFO - Sync 1 DAGs
[2024-08-14 03:42:03,187] {logging_mixin.py:115} INFO - [2024-08-14 03:42:03,187] {dag.py:2972} INFO - Setting next_dagrun for dependencies to 2024-05-20T00:00:00+00:00, run_after=2024-05-20T00:00:00+00:00
[2024-08-14 03:42:03,195] {processor.py:161} INFO - Processing /opt/airflow/dags/3-dependencies.py took 0.044 seconds
[2024-08-14 03:42:33,571] {processor.py:153} INFO - Started process (PID=55434) to work on /opt/airflow/dags/3-dependencies.py
[2024-08-14 03:42:33,571] {processor.py:641} INFO - Processing file /opt/airflow/dags/3-dependencies.py for tasks to queue
[2024-08-14 03:42:33,572] {logging_mixin.py:115} INFO - [2024-08-14 03:42:33,572] {dagbag.py:508} INFO - Filling up the DagBag from /opt/airflow/dags/3-dependencies.py
[2024-08-14 03:42:33,578] {processor.py:651} INFO - DAG(s) dict_keys(['dependencies']) retrieved from /opt/airflow/dags/3-dependencies.py
[2024-08-14 03:42:33,592] {logging_mixin.py:115} INFO - [2024-08-14 03:42:33,592] {dag.py:2420} INFO - Sync 1 DAGs
[2024-08-14 03:42:33,605] {logging_mixin.py:115} INFO - [2024-08-14 03:42:33,605] {dag.py:2972} INFO - Setting next_dagrun for dependencies to 2024-05-20T00:00:00+00:00, run_after=2024-05-20T00:00:00+00:00
[2024-08-14 03:42:33,612] {processor.py:161} INFO - Processing /opt/airflow/dags/3-dependencies.py took 0.043 seconds
[2024-08-14 03:43:03,977] {processor.py:153} INFO - Started process (PID=55473) to work on /opt/airflow/dags/3-dependencies.py
[2024-08-14 03:43:03,977] {processor.py:641} INFO - Processing file /opt/airflow/dags/3-dependencies.py for tasks to queue
[2024-08-14 03:43:03,978] {logging_mixin.py:115} INFO - [2024-08-14 03:43:03,978] {dagbag.py:508} INFO - Filling up the DagBag from /opt/airflow/dags/3-dependencies.py
[2024-08-14 03:43:03,983] {processor.py:651} INFO - DAG(s) dict_keys(['dependencies']) retrieved from /opt/airflow/dags/3-dependencies.py
[2024-08-14 03:43:04,003] {logging_mixin.py:115} INFO - [2024-08-14 03:43:04,003] {dag.py:2420} INFO - Sync 1 DAGs
[2024-08-14 03:43:04,016] {logging_mixin.py:115} INFO - [2024-08-14 03:43:04,016] {dag.py:2972} INFO - Setting next_dagrun for dependencies to 2024-05-20T00:00:00+00:00, run_after=2024-05-20T00:00:00+00:00
[2024-08-14 03:43:04,023] {processor.py:161} INFO - Processing /opt/airflow/dags/3-dependencies.py took 0.048 seconds
[2024-08-14 03:43:34,460] {processor.py:153} INFO - Started process (PID=55511) to work on /opt/airflow/dags/3-dependencies.py
[2024-08-14 03:43:34,460] {processor.py:641} INFO - Processing file /opt/airflow/dags/3-dependencies.py for tasks to queue
[2024-08-14 03:43:34,461] {logging_mixin.py:115} INFO - [2024-08-14 03:43:34,461] {dagbag.py:508} INFO - Filling up the DagBag from /opt/airflow/dags/3-dependencies.py
[2024-08-14 03:43:34,466] {processor.py:651} INFO - DAG(s) dict_keys(['dependencies']) retrieved from /opt/airflow/dags/3-dependencies.py
[2024-08-14 03:43:34,481] {logging_mixin.py:115} INFO - [2024-08-14 03:43:34,481] {dag.py:2420} INFO - Sync 1 DAGs
[2024-08-14 03:43:34,493] {logging_mixin.py:115} INFO - [2024-08-14 03:43:34,493] {dag.py:2972} INFO - Setting next_dagrun for dependencies to 2024-05-20T00:00:00+00:00, run_after=2024-05-20T00:00:00+00:00
[2024-08-14 03:43:34,501] {processor.py:161} INFO - Processing /opt/airflow/dags/3-dependencies.py took 0.043 seconds
[2024-08-14 03:44:04,935] {processor.py:153} INFO - Started process (PID=55549) to work on /opt/airflow/dags/3-dependencies.py
[2024-08-14 03:44:04,935] {processor.py:641} INFO - Processing file /opt/airflow/dags/3-dependencies.py for tasks to queue
[2024-08-14 03:44:04,936] {logging_mixin.py:115} INFO - [2024-08-14 03:44:04,936] {dagbag.py:508} INFO - Filling up the DagBag from /opt/airflow/dags/3-dependencies.py
[2024-08-14 03:44:04,946] {processor.py:651} INFO - DAG(s) dict_keys(['dependencies']) retrieved from /opt/airflow/dags/3-dependencies.py
[2024-08-14 03:44:04,966] {logging_mixin.py:115} INFO - [2024-08-14 03:44:04,966] {dag.py:2420} INFO - Sync 1 DAGs
[2024-08-14 03:44:04,982] {logging_mixin.py:115} INFO - [2024-08-14 03:44:04,982] {dag.py:2972} INFO - Setting next_dagrun for dependencies to 2024-05-20T00:00:00+00:00, run_after=2024-05-20T00:00:00+00:00
[2024-08-14 03:44:04,993] {processor.py:161} INFO - Processing /opt/airflow/dags/3-dependencies.py took 0.060 seconds
[2024-08-14 03:44:35,384] {processor.py:153} INFO - Started process (PID=55579) to work on /opt/airflow/dags/3-dependencies.py
[2024-08-14 03:44:35,384] {processor.py:641} INFO - Processing file /opt/airflow/dags/3-dependencies.py for tasks to queue
[2024-08-14 03:44:35,385] {logging_mixin.py:115} INFO - [2024-08-14 03:44:35,385] {dagbag.py:508} INFO - Filling up the DagBag from /opt/airflow/dags/3-dependencies.py
[2024-08-14 03:44:35,390] {processor.py:651} INFO - DAG(s) dict_keys(['dependencies']) retrieved from /opt/airflow/dags/3-dependencies.py
[2024-08-14 03:44:35,406] {logging_mixin.py:115} INFO - [2024-08-14 03:44:35,406] {dag.py:2420} INFO - Sync 1 DAGs
[2024-08-14 03:44:35,418] {logging_mixin.py:115} INFO - [2024-08-14 03:44:35,418] {dag.py:2972} INFO - Setting next_dagrun for dependencies to 2024-05-20T00:00:00+00:00, run_after=2024-05-20T00:00:00+00:00
[2024-08-14 03:44:35,425] {processor.py:161} INFO - Processing /opt/airflow/dags/3-dependencies.py took 0.044 seconds
[2024-08-14 03:45:05,855] {processor.py:153} INFO - Started process (PID=55618) to work on /opt/airflow/dags/3-dependencies.py
[2024-08-14 03:45:05,856] {processor.py:641} INFO - Processing file /opt/airflow/dags/3-dependencies.py for tasks to queue
[2024-08-14 03:45:05,856] {logging_mixin.py:115} INFO - [2024-08-14 03:45:05,856] {dagbag.py:508} INFO - Filling up the DagBag from /opt/airflow/dags/3-dependencies.py
[2024-08-14 03:45:05,862] {processor.py:651} INFO - DAG(s) dict_keys(['dependencies']) retrieved from /opt/airflow/dags/3-dependencies.py
[2024-08-14 03:45:05,878] {logging_mixin.py:115} INFO - [2024-08-14 03:45:05,878] {dag.py:2420} INFO - Sync 1 DAGs
[2024-08-14 03:45:05,892] {logging_mixin.py:115} INFO - [2024-08-14 03:45:05,892] {dag.py:2972} INFO - Setting next_dagrun for dependencies to 2024-05-20T00:00:00+00:00, run_after=2024-05-20T00:00:00+00:00
[2024-08-14 03:45:05,900] {processor.py:161} INFO - Processing /opt/airflow/dags/3-dependencies.py took 0.047 seconds
[2024-08-14 03:45:36,308] {processor.py:153} INFO - Started process (PID=55657) to work on /opt/airflow/dags/3-dependencies.py
[2024-08-14 03:45:36,308] {processor.py:641} INFO - Processing file /opt/airflow/dags/3-dependencies.py for tasks to queue
[2024-08-14 03:45:36,309] {logging_mixin.py:115} INFO - [2024-08-14 03:45:36,309] {dagbag.py:508} INFO - Filling up the DagBag from /opt/airflow/dags/3-dependencies.py
[2024-08-14 03:45:36,314] {processor.py:651} INFO - DAG(s) dict_keys(['dependencies']) retrieved from /opt/airflow/dags/3-dependencies.py
[2024-08-14 03:45:36,331] {logging_mixin.py:115} INFO - [2024-08-14 03:45:36,331] {dag.py:2420} INFO - Sync 1 DAGs
[2024-08-14 03:45:36,344] {logging_mixin.py:115} INFO - [2024-08-14 03:45:36,344] {dag.py:2972} INFO - Setting next_dagrun for dependencies to 2024-05-20T00:00:00+00:00, run_after=2024-05-20T00:00:00+00:00
[2024-08-14 03:45:36,353] {processor.py:161} INFO - Processing /opt/airflow/dags/3-dependencies.py took 0.047 seconds
[2024-08-14 03:46:06,750] {processor.py:153} INFO - Started process (PID=55696) to work on /opt/airflow/dags/3-dependencies.py
[2024-08-14 03:46:06,750] {processor.py:641} INFO - Processing file /opt/airflow/dags/3-dependencies.py for tasks to queue
[2024-08-14 03:46:06,750] {logging_mixin.py:115} INFO - [2024-08-14 03:46:06,750] {dagbag.py:508} INFO - Filling up the DagBag from /opt/airflow/dags/3-dependencies.py
[2024-08-14 03:46:06,756] {processor.py:651} INFO - DAG(s) dict_keys(['dependencies']) retrieved from /opt/airflow/dags/3-dependencies.py
[2024-08-14 03:46:06,771] {logging_mixin.py:115} INFO - [2024-08-14 03:46:06,771] {dag.py:2420} INFO - Sync 1 DAGs
[2024-08-14 03:46:06,783] {logging_mixin.py:115} INFO - [2024-08-14 03:46:06,783] {dag.py:2972} INFO - Setting next_dagrun for dependencies to 2024-05-20T00:00:00+00:00, run_after=2024-05-20T00:00:00+00:00
[2024-08-14 03:46:06,791] {processor.py:161} INFO - Processing /opt/airflow/dags/3-dependencies.py took 0.043 seconds
[2024-08-14 03:46:37,174] {processor.py:153} INFO - Started process (PID=55735) to work on /opt/airflow/dags/3-dependencies.py
[2024-08-14 03:46:37,174] {processor.py:641} INFO - Processing file /opt/airflow/dags/3-dependencies.py for tasks to queue
[2024-08-14 03:46:37,175] {logging_mixin.py:115} INFO - [2024-08-14 03:46:37,174] {dagbag.py:508} INFO - Filling up the DagBag from /opt/airflow/dags/3-dependencies.py
[2024-08-14 03:46:37,180] {processor.py:651} INFO - DAG(s) dict_keys(['dependencies']) retrieved from /opt/airflow/dags/3-dependencies.py
[2024-08-14 03:46:37,195] {logging_mixin.py:115} INFO - [2024-08-14 03:46:37,195] {dag.py:2420} INFO - Sync 1 DAGs
[2024-08-14 03:46:37,208] {logging_mixin.py:115} INFO - [2024-08-14 03:46:37,208] {dag.py:2972} INFO - Setting next_dagrun for dependencies to 2024-05-20T00:00:00+00:00, run_after=2024-05-20T00:00:00+00:00
[2024-08-14 03:46:37,216] {processor.py:161} INFO - Processing /opt/airflow/dags/3-dependencies.py took 0.044 seconds
[2024-08-14 03:47:07,625] {processor.py:153} INFO - Started process (PID=55774) to work on /opt/airflow/dags/3-dependencies.py
[2024-08-14 03:47:07,625] {processor.py:641} INFO - Processing file /opt/airflow/dags/3-dependencies.py for tasks to queue
[2024-08-14 03:47:07,625] {logging_mixin.py:115} INFO - [2024-08-14 03:47:07,625] {dagbag.py:508} INFO - Filling up the DagBag from /opt/airflow/dags/3-dependencies.py
[2024-08-14 03:47:07,634] {processor.py:651} INFO - DAG(s) dict_keys(['dependencies']) retrieved from /opt/airflow/dags/3-dependencies.py
[2024-08-14 03:47:07,651] {logging_mixin.py:115} INFO - [2024-08-14 03:47:07,651] {dag.py:2420} INFO - Sync 1 DAGs
[2024-08-14 03:47:07,666] {logging_mixin.py:115} INFO - [2024-08-14 03:47:07,665] {dag.py:2972} INFO - Setting next_dagrun for dependencies to 2024-05-20T00:00:00+00:00, run_after=2024-05-20T00:00:00+00:00
[2024-08-14 03:47:07,675] {processor.py:161} INFO - Processing /opt/airflow/dags/3-dependencies.py took 0.052 seconds
[2024-08-14 03:47:38,070] {processor.py:153} INFO - Started process (PID=55804) to work on /opt/airflow/dags/3-dependencies.py
[2024-08-14 03:47:38,070] {processor.py:641} INFO - Processing file /opt/airflow/dags/3-dependencies.py for tasks to queue
[2024-08-14 03:47:38,070] {logging_mixin.py:115} INFO - [2024-08-14 03:47:38,070] {dagbag.py:508} INFO - Filling up the DagBag from /opt/airflow/dags/3-dependencies.py
[2024-08-14 03:47:38,076] {processor.py:651} INFO - DAG(s) dict_keys(['dependencies']) retrieved from /opt/airflow/dags/3-dependencies.py
[2024-08-14 03:47:38,092] {logging_mixin.py:115} INFO - [2024-08-14 03:47:38,092] {dag.py:2420} INFO - Sync 1 DAGs
[2024-08-14 03:47:38,106] {logging_mixin.py:115} INFO - [2024-08-14 03:47:38,106] {dag.py:2972} INFO - Setting next_dagrun for dependencies to 2024-05-20T00:00:00+00:00, run_after=2024-05-20T00:00:00+00:00
[2024-08-14 03:47:38,113] {processor.py:161} INFO - Processing /opt/airflow/dags/3-dependencies.py took 0.045 seconds
[2024-08-14 03:48:08,490] {processor.py:153} INFO - Started process (PID=55842) to work on /opt/airflow/dags/3-dependencies.py
[2024-08-14 03:48:08,490] {processor.py:641} INFO - Processing file /opt/airflow/dags/3-dependencies.py for tasks to queue
[2024-08-14 03:48:08,490] {logging_mixin.py:115} INFO - [2024-08-14 03:48:08,490] {dagbag.py:508} INFO - Filling up the DagBag from /opt/airflow/dags/3-dependencies.py
[2024-08-14 03:48:08,496] {processor.py:651} INFO - DAG(s) dict_keys(['dependencies']) retrieved from /opt/airflow/dags/3-dependencies.py
[2024-08-14 03:48:08,511] {logging_mixin.py:115} INFO - [2024-08-14 03:48:08,511] {dag.py:2420} INFO - Sync 1 DAGs
[2024-08-14 03:48:08,524] {logging_mixin.py:115} INFO - [2024-08-14 03:48:08,524] {dag.py:2972} INFO - Setting next_dagrun for dependencies to 2024-05-20T00:00:00+00:00, run_after=2024-05-20T00:00:00+00:00
[2024-08-14 03:48:08,531] {processor.py:161} INFO - Processing /opt/airflow/dags/3-dependencies.py took 0.044 seconds
[2024-08-14 03:48:38,916] {processor.py:153} INFO - Started process (PID=55881) to work on /opt/airflow/dags/3-dependencies.py
[2024-08-14 03:48:38,917] {processor.py:641} INFO - Processing file /opt/airflow/dags/3-dependencies.py for tasks to queue
[2024-08-14 03:48:38,917] {logging_mixin.py:115} INFO - [2024-08-14 03:48:38,917] {dagbag.py:508} INFO - Filling up the DagBag from /opt/airflow/dags/3-dependencies.py
[2024-08-14 03:48:38,923] {processor.py:651} INFO - DAG(s) dict_keys(['dependencies']) retrieved from /opt/airflow/dags/3-dependencies.py
[2024-08-14 03:48:38,938] {logging_mixin.py:115} INFO - [2024-08-14 03:48:38,938] {dag.py:2420} INFO - Sync 1 DAGs
[2024-08-14 03:48:38,950] {logging_mixin.py:115} INFO - [2024-08-14 03:48:38,950] {dag.py:2972} INFO - Setting next_dagrun for dependencies to 2024-05-20T00:00:00+00:00, run_after=2024-05-20T00:00:00+00:00
[2024-08-14 03:48:38,958] {processor.py:161} INFO - Processing /opt/airflow/dags/3-dependencies.py took 0.043 seconds
[2024-08-14 03:49:09,328] {processor.py:153} INFO - Started process (PID=55920) to work on /opt/airflow/dags/3-dependencies.py
[2024-08-14 03:49:09,329] {processor.py:641} INFO - Processing file /opt/airflow/dags/3-dependencies.py for tasks to queue
[2024-08-14 03:49:09,329] {logging_mixin.py:115} INFO - [2024-08-14 03:49:09,329] {dagbag.py:508} INFO - Filling up the DagBag from /opt/airflow/dags/3-dependencies.py
[2024-08-14 03:49:09,335] {processor.py:651} INFO - DAG(s) dict_keys(['dependencies']) retrieved from /opt/airflow/dags/3-dependencies.py
[2024-08-14 03:49:09,350] {logging_mixin.py:115} INFO - [2024-08-14 03:49:09,350] {dag.py:2420} INFO - Sync 1 DAGs
[2024-08-14 03:49:09,362] {logging_mixin.py:115} INFO - [2024-08-14 03:49:09,362] {dag.py:2972} INFO - Setting next_dagrun for dependencies to 2024-05-20T00:00:00+00:00, run_after=2024-05-20T00:00:00+00:00
[2024-08-14 03:49:09,369] {processor.py:161} INFO - Processing /opt/airflow/dags/3-dependencies.py took 0.043 seconds
[2024-08-14 03:49:39,784] {processor.py:153} INFO - Started process (PID=55959) to work on /opt/airflow/dags/3-dependencies.py
[2024-08-14 03:49:39,785] {processor.py:641} INFO - Processing file /opt/airflow/dags/3-dependencies.py for tasks to queue
[2024-08-14 03:49:39,785] {logging_mixin.py:115} INFO - [2024-08-14 03:49:39,785] {dagbag.py:508} INFO - Filling up the DagBag from /opt/airflow/dags/3-dependencies.py
[2024-08-14 03:49:39,791] {processor.py:651} INFO - DAG(s) dict_keys(['dependencies']) retrieved from /opt/airflow/dags/3-dependencies.py
[2024-08-14 03:49:39,806] {logging_mixin.py:115} INFO - [2024-08-14 03:49:39,806] {dag.py:2420} INFO - Sync 1 DAGs
[2024-08-14 03:49:39,818] {logging_mixin.py:115} INFO - [2024-08-14 03:49:39,818] {dag.py:2972} INFO - Setting next_dagrun for dependencies to 2024-05-20T00:00:00+00:00, run_after=2024-05-20T00:00:00+00:00
[2024-08-14 03:49:39,826] {processor.py:161} INFO - Processing /opt/airflow/dags/3-dependencies.py took 0.045 seconds
[2024-08-14 03:50:10,203] {processor.py:153} INFO - Started process (PID=55989) to work on /opt/airflow/dags/3-dependencies.py
[2024-08-14 03:50:10,203] {processor.py:641} INFO - Processing file /opt/airflow/dags/3-dependencies.py for tasks to queue
[2024-08-14 03:50:10,204] {logging_mixin.py:115} INFO - [2024-08-14 03:50:10,204] {dagbag.py:508} INFO - Filling up the DagBag from /opt/airflow/dags/3-dependencies.py
[2024-08-14 03:50:10,209] {processor.py:651} INFO - DAG(s) dict_keys(['dependencies']) retrieved from /opt/airflow/dags/3-dependencies.py
[2024-08-14 03:50:10,225] {logging_mixin.py:115} INFO - [2024-08-14 03:50:10,225] {dag.py:2420} INFO - Sync 1 DAGs
[2024-08-14 03:50:10,237] {logging_mixin.py:115} INFO - [2024-08-14 03:50:10,237] {dag.py:2972} INFO - Setting next_dagrun for dependencies to 2024-05-20T00:00:00+00:00, run_after=2024-05-20T00:00:00+00:00
[2024-08-14 03:50:10,244] {processor.py:161} INFO - Processing /opt/airflow/dags/3-dependencies.py took 0.043 seconds
[2024-08-14 03:50:40,602] {processor.py:153} INFO - Started process (PID=56028) to work on /opt/airflow/dags/3-dependencies.py
[2024-08-14 03:50:40,602] {processor.py:641} INFO - Processing file /opt/airflow/dags/3-dependencies.py for tasks to queue
[2024-08-14 03:50:40,603] {logging_mixin.py:115} INFO - [2024-08-14 03:50:40,603] {dagbag.py:508} INFO - Filling up the DagBag from /opt/airflow/dags/3-dependencies.py
[2024-08-14 03:50:40,608] {processor.py:651} INFO - DAG(s) dict_keys(['dependencies']) retrieved from /opt/airflow/dags/3-dependencies.py
[2024-08-14 03:50:40,623] {logging_mixin.py:115} INFO - [2024-08-14 03:50:40,623] {dag.py:2420} INFO - Sync 1 DAGs
[2024-08-14 03:50:40,635] {logging_mixin.py:115} INFO - [2024-08-14 03:50:40,635] {dag.py:2972} INFO - Setting next_dagrun for dependencies to 2024-05-20T00:00:00+00:00, run_after=2024-05-20T00:00:00+00:00
[2024-08-14 03:50:40,643] {processor.py:161} INFO - Processing /opt/airflow/dags/3-dependencies.py took 0.043 seconds
[2024-08-14 03:51:11,018] {processor.py:153} INFO - Started process (PID=56067) to work on /opt/airflow/dags/3-dependencies.py
[2024-08-14 03:51:11,018] {processor.py:641} INFO - Processing file /opt/airflow/dags/3-dependencies.py for tasks to queue
[2024-08-14 03:51:11,018] {logging_mixin.py:115} INFO - [2024-08-14 03:51:11,018] {dagbag.py:508} INFO - Filling up the DagBag from /opt/airflow/dags/3-dependencies.py
[2024-08-14 03:51:11,025] {processor.py:651} INFO - DAG(s) dict_keys(['dependencies']) retrieved from /opt/airflow/dags/3-dependencies.py
[2024-08-14 03:51:11,040] {logging_mixin.py:115} INFO - [2024-08-14 03:51:11,040] {dag.py:2420} INFO - Sync 1 DAGs
[2024-08-14 03:51:11,056] {logging_mixin.py:115} INFO - [2024-08-14 03:51:11,056] {dag.py:2972} INFO - Setting next_dagrun for dependencies to 2024-05-20T00:00:00+00:00, run_after=2024-05-20T00:00:00+00:00
[2024-08-14 03:51:11,067] {processor.py:161} INFO - Processing /opt/airflow/dags/3-dependencies.py took 0.051 seconds
[2024-08-14 03:51:41,464] {processor.py:153} INFO - Started process (PID=56106) to work on /opt/airflow/dags/3-dependencies.py
[2024-08-14 03:51:41,465] {processor.py:641} INFO - Processing file /opt/airflow/dags/3-dependencies.py for tasks to queue
[2024-08-14 03:51:41,467] {logging_mixin.py:115} INFO - [2024-08-14 03:51:41,467] {dagbag.py:508} INFO - Filling up the DagBag from /opt/airflow/dags/3-dependencies.py
[2024-08-14 03:51:41,474] {processor.py:651} INFO - DAG(s) dict_keys(['dependencies']) retrieved from /opt/airflow/dags/3-dependencies.py
[2024-08-14 03:51:41,492] {logging_mixin.py:115} INFO - [2024-08-14 03:51:41,492] {dag.py:2420} INFO - Sync 1 DAGs
[2024-08-14 03:51:41,507] {logging_mixin.py:115} INFO - [2024-08-14 03:51:41,507] {dag.py:2972} INFO - Setting next_dagrun for dependencies to 2024-05-20T00:00:00+00:00, run_after=2024-05-20T00:00:00+00:00
[2024-08-14 03:51:41,515] {processor.py:161} INFO - Processing /opt/airflow/dags/3-dependencies.py took 0.053 seconds
[2024-08-14 03:52:11,895] {processor.py:153} INFO - Started process (PID=56145) to work on /opt/airflow/dags/3-dependencies.py
[2024-08-14 03:52:11,896] {processor.py:641} INFO - Processing file /opt/airflow/dags/3-dependencies.py for tasks to queue
[2024-08-14 03:52:11,896] {logging_mixin.py:115} INFO - [2024-08-14 03:52:11,896] {dagbag.py:508} INFO - Filling up the DagBag from /opt/airflow/dags/3-dependencies.py
[2024-08-14 03:52:11,902] {processor.py:651} INFO - DAG(s) dict_keys(['dependencies']) retrieved from /opt/airflow/dags/3-dependencies.py
[2024-08-14 03:52:11,917] {logging_mixin.py:115} INFO - [2024-08-14 03:52:11,917] {dag.py:2420} INFO - Sync 1 DAGs
[2024-08-14 03:52:11,933] {logging_mixin.py:115} INFO - [2024-08-14 03:52:11,933] {dag.py:2972} INFO - Setting next_dagrun for dependencies to 2024-05-20T00:00:00+00:00, run_after=2024-05-20T00:00:00+00:00
[2024-08-14 03:52:11,942] {processor.py:161} INFO - Processing /opt/airflow/dags/3-dependencies.py took 0.049 seconds
[2024-08-14 03:52:42,383] {processor.py:153} INFO - Started process (PID=56184) to work on /opt/airflow/dags/3-dependencies.py
[2024-08-14 03:52:42,383] {processor.py:641} INFO - Processing file /opt/airflow/dags/3-dependencies.py for tasks to queue
[2024-08-14 03:52:42,383] {logging_mixin.py:115} INFO - [2024-08-14 03:52:42,383] {dagbag.py:508} INFO - Filling up the DagBag from /opt/airflow/dags/3-dependencies.py
[2024-08-14 03:52:42,389] {processor.py:651} INFO - DAG(s) dict_keys(['dependencies']) retrieved from /opt/airflow/dags/3-dependencies.py
[2024-08-14 03:52:42,404] {logging_mixin.py:115} INFO - [2024-08-14 03:52:42,404] {dag.py:2420} INFO - Sync 1 DAGs
[2024-08-14 03:52:42,418] {logging_mixin.py:115} INFO - [2024-08-14 03:52:42,418] {dag.py:2972} INFO - Setting next_dagrun for dependencies to 2024-05-20T00:00:00+00:00, run_after=2024-05-20T00:00:00+00:00
[2024-08-14 03:52:42,426] {processor.py:161} INFO - Processing /opt/airflow/dags/3-dependencies.py took 0.046 seconds
[2024-08-14 03:53:12,840] {processor.py:153} INFO - Started process (PID=56214) to work on /opt/airflow/dags/3-dependencies.py
[2024-08-14 03:53:12,840] {processor.py:641} INFO - Processing file /opt/airflow/dags/3-dependencies.py for tasks to queue
[2024-08-14 03:53:12,840] {logging_mixin.py:115} INFO - [2024-08-14 03:53:12,840] {dagbag.py:508} INFO - Filling up the DagBag from /opt/airflow/dags/3-dependencies.py
[2024-08-14 03:53:12,846] {processor.py:651} INFO - DAG(s) dict_keys(['dependencies']) retrieved from /opt/airflow/dags/3-dependencies.py
[2024-08-14 03:53:12,863] {logging_mixin.py:115} INFO - [2024-08-14 03:53:12,862] {dag.py:2420} INFO - Sync 1 DAGs
[2024-08-14 03:53:12,877] {logging_mixin.py:115} INFO - [2024-08-14 03:53:12,877] {dag.py:2972} INFO - Setting next_dagrun for dependencies to 2024-05-20T00:00:00+00:00, run_after=2024-05-20T00:00:00+00:00
[2024-08-14 03:53:12,885] {processor.py:161} INFO - Processing /opt/airflow/dags/3-dependencies.py took 0.048 seconds
[2024-08-14 03:53:43,252] {processor.py:153} INFO - Started process (PID=56252) to work on /opt/airflow/dags/3-dependencies.py
[2024-08-14 03:53:43,253] {processor.py:641} INFO - Processing file /opt/airflow/dags/3-dependencies.py for tasks to queue
[2024-08-14 03:53:43,253] {logging_mixin.py:115} INFO - [2024-08-14 03:53:43,253] {dagbag.py:508} INFO - Filling up the DagBag from /opt/airflow/dags/3-dependencies.py
[2024-08-14 03:53:43,260] {processor.py:651} INFO - DAG(s) dict_keys(['dependencies']) retrieved from /opt/airflow/dags/3-dependencies.py
[2024-08-14 03:53:43,275] {logging_mixin.py:115} INFO - [2024-08-14 03:53:43,275] {dag.py:2420} INFO - Sync 1 DAGs
[2024-08-14 03:53:43,290] {logging_mixin.py:115} INFO - [2024-08-14 03:53:43,290] {dag.py:2972} INFO - Setting next_dagrun for dependencies to 2024-05-20T00:00:00+00:00, run_after=2024-05-20T00:00:00+00:00
[2024-08-14 03:53:43,299] {processor.py:161} INFO - Processing /opt/airflow/dags/3-dependencies.py took 0.049 seconds
[2024-08-14 03:54:13,693] {processor.py:153} INFO - Started process (PID=56291) to work on /opt/airflow/dags/3-dependencies.py
[2024-08-14 03:54:13,693] {processor.py:641} INFO - Processing file /opt/airflow/dags/3-dependencies.py for tasks to queue
[2024-08-14 03:54:13,694] {logging_mixin.py:115} INFO - [2024-08-14 03:54:13,694] {dagbag.py:508} INFO - Filling up the DagBag from /opt/airflow/dags/3-dependencies.py
[2024-08-14 03:54:13,701] {processor.py:651} INFO - DAG(s) dict_keys(['dependencies']) retrieved from /opt/airflow/dags/3-dependencies.py
[2024-08-14 03:54:13,718] {logging_mixin.py:115} INFO - [2024-08-14 03:54:13,717] {dag.py:2420} INFO - Sync 1 DAGs
[2024-08-14 03:54:13,731] {logging_mixin.py:115} INFO - [2024-08-14 03:54:13,731] {dag.py:2972} INFO - Setting next_dagrun for dependencies to 2024-05-20T00:00:00+00:00, run_after=2024-05-20T00:00:00+00:00
[2024-08-14 03:54:13,740] {processor.py:161} INFO - Processing /opt/airflow/dags/3-dependencies.py took 0.049 seconds
[2024-08-14 03:54:44,261] {processor.py:153} INFO - Started process (PID=56330) to work on /opt/airflow/dags/3-dependencies.py
[2024-08-14 03:54:44,261] {processor.py:641} INFO - Processing file /opt/airflow/dags/3-dependencies.py for tasks to queue
[2024-08-14 03:54:44,262] {logging_mixin.py:115} INFO - [2024-08-14 03:54:44,262] {dagbag.py:508} INFO - Filling up the DagBag from /opt/airflow/dags/3-dependencies.py
[2024-08-14 03:54:44,270] {processor.py:651} INFO - DAG(s) dict_keys(['dependencies']) retrieved from /opt/airflow/dags/3-dependencies.py
[2024-08-14 03:54:44,289] {logging_mixin.py:115} INFO - [2024-08-14 03:54:44,289] {dag.py:2420} INFO - Sync 1 DAGs
[2024-08-14 03:54:44,302] {logging_mixin.py:115} INFO - [2024-08-14 03:54:44,302] {dag.py:2972} INFO - Setting next_dagrun for dependencies to 2024-05-20T00:00:00+00:00, run_after=2024-05-20T00:00:00+00:00
[2024-08-14 03:54:44,310] {processor.py:161} INFO - Processing /opt/airflow/dags/3-dependencies.py took 0.051 seconds
[2024-08-14 03:55:14,712] {processor.py:153} INFO - Started process (PID=56369) to work on /opt/airflow/dags/3-dependencies.py
[2024-08-14 03:55:14,712] {processor.py:641} INFO - Processing file /opt/airflow/dags/3-dependencies.py for tasks to queue
[2024-08-14 03:55:14,713] {logging_mixin.py:115} INFO - [2024-08-14 03:55:14,713] {dagbag.py:508} INFO - Filling up the DagBag from /opt/airflow/dags/3-dependencies.py
[2024-08-14 03:55:14,719] {processor.py:651} INFO - DAG(s) dict_keys(['dependencies']) retrieved from /opt/airflow/dags/3-dependencies.py
[2024-08-14 03:55:14,736] {logging_mixin.py:115} INFO - [2024-08-14 03:55:14,736] {dag.py:2420} INFO - Sync 1 DAGs
[2024-08-14 03:55:14,751] {logging_mixin.py:115} INFO - [2024-08-14 03:55:14,751] {dag.py:2972} INFO - Setting next_dagrun for dependencies to 2024-05-20T00:00:00+00:00, run_after=2024-05-20T00:00:00+00:00
[2024-08-14 03:55:14,760] {processor.py:161} INFO - Processing /opt/airflow/dags/3-dependencies.py took 0.052 seconds
[2024-08-14 03:55:45,151] {processor.py:153} INFO - Started process (PID=56407) to work on /opt/airflow/dags/3-dependencies.py
[2024-08-14 03:55:45,152] {processor.py:641} INFO - Processing file /opt/airflow/dags/3-dependencies.py for tasks to queue
[2024-08-14 03:55:45,153] {logging_mixin.py:115} INFO - [2024-08-14 03:55:45,153] {dagbag.py:508} INFO - Filling up the DagBag from /opt/airflow/dags/3-dependencies.py
[2024-08-14 03:55:45,160] {processor.py:651} INFO - DAG(s) dict_keys(['dependencies']) retrieved from /opt/airflow/dags/3-dependencies.py
[2024-08-14 03:55:45,180] {logging_mixin.py:115} INFO - [2024-08-14 03:55:45,180] {dag.py:2420} INFO - Sync 1 DAGs
[2024-08-14 03:55:45,197] {logging_mixin.py:115} INFO - [2024-08-14 03:55:45,197] {dag.py:2972} INFO - Setting next_dagrun for dependencies to 2024-05-20T00:00:00+00:00, run_after=2024-05-20T00:00:00+00:00
[2024-08-14 03:55:45,214] {processor.py:161} INFO - Processing /opt/airflow/dags/3-dependencies.py took 0.065 seconds
[2024-08-14 03:56:15,646] {processor.py:153} INFO - Started process (PID=56436) to work on /opt/airflow/dags/3-dependencies.py
[2024-08-14 03:56:15,647] {processor.py:641} INFO - Processing file /opt/airflow/dags/3-dependencies.py for tasks to queue
[2024-08-14 03:56:15,647] {logging_mixin.py:115} INFO - [2024-08-14 03:56:15,647] {dagbag.py:508} INFO - Filling up the DagBag from /opt/airflow/dags/3-dependencies.py
[2024-08-14 03:56:15,653] {processor.py:651} INFO - DAG(s) dict_keys(['dependencies']) retrieved from /opt/airflow/dags/3-dependencies.py
[2024-08-14 03:56:15,669] {logging_mixin.py:115} INFO - [2024-08-14 03:56:15,669] {dag.py:2420} INFO - Sync 1 DAGs
[2024-08-14 03:56:15,683] {logging_mixin.py:115} INFO - [2024-08-14 03:56:15,682] {dag.py:2972} INFO - Setting next_dagrun for dependencies to 2024-05-20T00:00:00+00:00, run_after=2024-05-20T00:00:00+00:00
[2024-08-14 03:56:15,691] {processor.py:161} INFO - Processing /opt/airflow/dags/3-dependencies.py took 0.047 seconds
