[2024-09-04 20:43:31,109] {processor.py:153} INFO - Started process (PID=47) to work on /opt/airflow/dags/1-bashoperator.py
[2024-09-04 20:43:31,109] {processor.py:641} INFO - Processing file /opt/airflow/dags/1-bashoperator.py for tasks to queue
[2024-09-04 20:43:31,110] {logging_mixin.py:115} INFO - [2024-09-04 20:43:31,110] {dagbag.py:508} INFO - Filling up the DagBag from /opt/airflow/dags/1-bashoperator.py
[2024-09-04 20:43:31,114] {processor.py:651} INFO - DAG(s) dict_keys(['bashoperator']) retrieved from /opt/airflow/dags/1-bashoperator.py
[2024-09-04 20:43:31,132] {logging_mixin.py:115} INFO - [2024-09-04 20:43:31,132] {dag.py:2420} INFO - Sync 1 DAGs
[2024-09-04 20:43:31,249] {logging_mixin.py:115} INFO - [2024-09-04 20:43:31,249] {dag.py:2972} INFO - Setting next_dagrun for bashoperator to 2024-05-15T00:00:00+00:00, run_after=2024-05-16T00:00:00+00:00
[2024-09-04 20:43:31,258] {processor.py:161} INFO - Processing /opt/airflow/dags/1-bashoperator.py took 0.151 seconds
[2024-09-04 20:44:02,271] {processor.py:153} INFO - Started process (PID=85) to work on /opt/airflow/dags/1-bashoperator.py
[2024-09-04 20:44:02,271] {processor.py:641} INFO - Processing file /opt/airflow/dags/1-bashoperator.py for tasks to queue
[2024-09-04 20:44:02,272] {logging_mixin.py:115} INFO - [2024-09-04 20:44:02,272] {dagbag.py:508} INFO - Filling up the DagBag from /opt/airflow/dags/1-bashoperator.py
[2024-09-04 20:44:02,278] {processor.py:651} INFO - DAG(s) dict_keys(['bashoperator']) retrieved from /opt/airflow/dags/1-bashoperator.py
[2024-09-04 20:44:02,302] {logging_mixin.py:115} INFO - [2024-09-04 20:44:02,302] {dag.py:2420} INFO - Sync 1 DAGs
[2024-09-04 20:44:02,396] {logging_mixin.py:115} INFO - [2024-09-04 20:44:02,396] {dag.py:2972} INFO - Setting next_dagrun for bashoperator to 2024-05-15T00:00:00+00:00, run_after=2024-05-16T00:00:00+00:00
[2024-09-04 20:44:02,404] {processor.py:161} INFO - Processing /opt/airflow/dags/1-bashoperator.py took 0.135 seconds
[2024-09-04 20:44:33,202] {processor.py:153} INFO - Started process (PID=124) to work on /opt/airflow/dags/1-bashoperator.py
[2024-09-04 20:44:33,204] {processor.py:641} INFO - Processing file /opt/airflow/dags/1-bashoperator.py for tasks to queue
[2024-09-04 20:44:33,204] {logging_mixin.py:115} INFO - [2024-09-04 20:44:33,204] {dagbag.py:508} INFO - Filling up the DagBag from /opt/airflow/dags/1-bashoperator.py
[2024-09-04 20:44:33,214] {processor.py:651} INFO - DAG(s) dict_keys(['bashoperator']) retrieved from /opt/airflow/dags/1-bashoperator.py
[2024-09-04 20:44:33,309] {logging_mixin.py:115} INFO - [2024-09-04 20:44:33,309] {dag.py:2420} INFO - Sync 1 DAGs
[2024-09-04 20:44:33,320] {logging_mixin.py:115} INFO - [2024-09-04 20:44:33,320] {dag.py:2972} INFO - Setting next_dagrun for bashoperator to 2024-05-15T00:00:00+00:00, run_after=2024-05-16T00:00:00+00:00
[2024-09-04 20:44:33,327] {processor.py:161} INFO - Processing /opt/airflow/dags/1-bashoperator.py took 0.128 seconds
[2024-09-04 20:45:03,843] {processor.py:153} INFO - Started process (PID=163) to work on /opt/airflow/dags/1-bashoperator.py
[2024-09-04 20:45:03,843] {processor.py:641} INFO - Processing file /opt/airflow/dags/1-bashoperator.py for tasks to queue
[2024-09-04 20:45:03,843] {logging_mixin.py:115} INFO - [2024-09-04 20:45:03,843] {dagbag.py:508} INFO - Filling up the DagBag from /opt/airflow/dags/1-bashoperator.py
[2024-09-04 20:45:03,848] {processor.py:651} INFO - DAG(s) dict_keys(['bashoperator']) retrieved from /opt/airflow/dags/1-bashoperator.py
[2024-09-04 20:45:03,864] {logging_mixin.py:115} INFO - [2024-09-04 20:45:03,864] {dag.py:2420} INFO - Sync 1 DAGs
[2024-09-04 20:45:03,878] {logging_mixin.py:115} INFO - [2024-09-04 20:45:03,878] {dag.py:2972} INFO - Setting next_dagrun for bashoperator to 2024-05-15T00:00:00+00:00, run_after=2024-05-16T00:00:00+00:00
[2024-09-04 20:45:03,886] {processor.py:161} INFO - Processing /opt/airflow/dags/1-bashoperator.py took 0.045 seconds
[2024-09-04 20:45:34,378] {processor.py:153} INFO - Started process (PID=202) to work on /opt/airflow/dags/1-bashoperator.py
[2024-09-04 20:45:34,378] {processor.py:641} INFO - Processing file /opt/airflow/dags/1-bashoperator.py for tasks to queue
[2024-09-04 20:45:34,379] {logging_mixin.py:115} INFO - [2024-09-04 20:45:34,378] {dagbag.py:508} INFO - Filling up the DagBag from /opt/airflow/dags/1-bashoperator.py
[2024-09-04 20:45:34,383] {processor.py:651} INFO - DAG(s) dict_keys(['bashoperator']) retrieved from /opt/airflow/dags/1-bashoperator.py
[2024-09-04 20:45:34,401] {logging_mixin.py:115} INFO - [2024-09-04 20:45:34,401] {dag.py:2420} INFO - Sync 1 DAGs
[2024-09-04 20:45:34,417] {logging_mixin.py:115} INFO - [2024-09-04 20:45:34,417] {dag.py:2972} INFO - Setting next_dagrun for bashoperator to 2024-05-15T00:00:00+00:00, run_after=2024-05-16T00:00:00+00:00
[2024-09-04 20:45:34,426] {processor.py:161} INFO - Processing /opt/airflow/dags/1-bashoperator.py took 0.051 seconds
[2024-09-04 20:46:04,873] {processor.py:153} INFO - Started process (PID=232) to work on /opt/airflow/dags/1-bashoperator.py
[2024-09-04 20:46:04,874] {processor.py:641} INFO - Processing file /opt/airflow/dags/1-bashoperator.py for tasks to queue
[2024-09-04 20:46:04,874] {logging_mixin.py:115} INFO - [2024-09-04 20:46:04,874] {dagbag.py:508} INFO - Filling up the DagBag from /opt/airflow/dags/1-bashoperator.py
[2024-09-04 20:46:04,880] {processor.py:651} INFO - DAG(s) dict_keys(['bashoperator']) retrieved from /opt/airflow/dags/1-bashoperator.py
[2024-09-04 20:46:04,898] {logging_mixin.py:115} INFO - [2024-09-04 20:46:04,898] {dag.py:2420} INFO - Sync 1 DAGs
[2024-09-04 20:46:04,918] {logging_mixin.py:115} INFO - [2024-09-04 20:46:04,918] {dag.py:2972} INFO - Setting next_dagrun for bashoperator to 2024-05-15T00:00:00+00:00, run_after=2024-05-16T00:00:00+00:00
[2024-09-04 20:46:04,934] {processor.py:161} INFO - Processing /opt/airflow/dags/1-bashoperator.py took 0.063 seconds
[2024-09-04 20:46:35,409] {processor.py:153} INFO - Started process (PID=271) to work on /opt/airflow/dags/1-bashoperator.py
[2024-09-04 20:46:35,409] {processor.py:641} INFO - Processing file /opt/airflow/dags/1-bashoperator.py for tasks to queue
[2024-09-04 20:46:35,410] {logging_mixin.py:115} INFO - [2024-09-04 20:46:35,410] {dagbag.py:508} INFO - Filling up the DagBag from /opt/airflow/dags/1-bashoperator.py
[2024-09-04 20:46:35,414] {processor.py:651} INFO - DAG(s) dict_keys(['bashoperator']) retrieved from /opt/airflow/dags/1-bashoperator.py
[2024-09-04 20:46:35,430] {logging_mixin.py:115} INFO - [2024-09-04 20:46:35,430] {dag.py:2420} INFO - Sync 1 DAGs
[2024-09-04 20:46:35,443] {logging_mixin.py:115} INFO - [2024-09-04 20:46:35,443] {dag.py:2972} INFO - Setting next_dagrun for bashoperator to 2024-05-15T00:00:00+00:00, run_after=2024-05-16T00:00:00+00:00
[2024-09-04 20:46:35,451] {processor.py:161} INFO - Processing /opt/airflow/dags/1-bashoperator.py took 0.044 seconds
[2024-09-04 20:47:05,897] {processor.py:153} INFO - Started process (PID=310) to work on /opt/airflow/dags/1-bashoperator.py
[2024-09-04 20:47:05,897] {processor.py:641} INFO - Processing file /opt/airflow/dags/1-bashoperator.py for tasks to queue
[2024-09-04 20:47:05,898] {logging_mixin.py:115} INFO - [2024-09-04 20:47:05,898] {dagbag.py:508} INFO - Filling up the DagBag from /opt/airflow/dags/1-bashoperator.py
[2024-09-04 20:47:05,902] {processor.py:651} INFO - DAG(s) dict_keys(['bashoperator']) retrieved from /opt/airflow/dags/1-bashoperator.py
[2024-09-04 20:47:05,920] {logging_mixin.py:115} INFO - [2024-09-04 20:47:05,920] {dag.py:2420} INFO - Sync 1 DAGs
[2024-09-04 20:47:05,934] {logging_mixin.py:115} INFO - [2024-09-04 20:47:05,934] {dag.py:2972} INFO - Setting next_dagrun for bashoperator to 2024-05-15T00:00:00+00:00, run_after=2024-05-16T00:00:00+00:00
[2024-09-04 20:47:05,943] {processor.py:161} INFO - Processing /opt/airflow/dags/1-bashoperator.py took 0.048 seconds
[2024-09-04 20:47:36,384] {processor.py:153} INFO - Started process (PID=348) to work on /opt/airflow/dags/1-bashoperator.py
[2024-09-04 20:47:36,384] {processor.py:641} INFO - Processing file /opt/airflow/dags/1-bashoperator.py for tasks to queue
[2024-09-04 20:47:36,385] {logging_mixin.py:115} INFO - [2024-09-04 20:47:36,385] {dagbag.py:508} INFO - Filling up the DagBag from /opt/airflow/dags/1-bashoperator.py
[2024-09-04 20:47:36,390] {processor.py:651} INFO - DAG(s) dict_keys(['bashoperator']) retrieved from /opt/airflow/dags/1-bashoperator.py
[2024-09-04 20:47:36,405] {logging_mixin.py:115} INFO - [2024-09-04 20:47:36,405] {dag.py:2420} INFO - Sync 1 DAGs
[2024-09-04 20:47:36,418] {logging_mixin.py:115} INFO - [2024-09-04 20:47:36,418] {dag.py:2972} INFO - Setting next_dagrun for bashoperator to 2024-05-15T00:00:00+00:00, run_after=2024-05-16T00:00:00+00:00
[2024-09-04 20:47:36,426] {processor.py:161} INFO - Processing /opt/airflow/dags/1-bashoperator.py took 0.044 seconds
[2024-09-04 20:48:06,886] {processor.py:153} INFO - Started process (PID=387) to work on /opt/airflow/dags/1-bashoperator.py
[2024-09-04 20:48:06,887] {processor.py:641} INFO - Processing file /opt/airflow/dags/1-bashoperator.py for tasks to queue
[2024-09-04 20:48:06,887] {logging_mixin.py:115} INFO - [2024-09-04 20:48:06,887] {dagbag.py:508} INFO - Filling up the DagBag from /opt/airflow/dags/1-bashoperator.py
[2024-09-04 20:48:06,892] {processor.py:651} INFO - DAG(s) dict_keys(['bashoperator']) retrieved from /opt/airflow/dags/1-bashoperator.py
[2024-09-04 20:48:06,908] {logging_mixin.py:115} INFO - [2024-09-04 20:48:06,908] {dag.py:2420} INFO - Sync 1 DAGs
[2024-09-04 20:48:06,924] {logging_mixin.py:115} INFO - [2024-09-04 20:48:06,924] {dag.py:2972} INFO - Setting next_dagrun for bashoperator to 2024-05-15T00:00:00+00:00, run_after=2024-05-16T00:00:00+00:00
[2024-09-04 20:48:06,932] {processor.py:161} INFO - Processing /opt/airflow/dags/1-bashoperator.py took 0.049 seconds
[2024-09-04 20:48:37,425] {processor.py:153} INFO - Started process (PID=426) to work on /opt/airflow/dags/1-bashoperator.py
[2024-09-04 20:48:37,425] {processor.py:641} INFO - Processing file /opt/airflow/dags/1-bashoperator.py for tasks to queue
[2024-09-04 20:48:37,425] {logging_mixin.py:115} INFO - [2024-09-04 20:48:37,425] {dagbag.py:508} INFO - Filling up the DagBag from /opt/airflow/dags/1-bashoperator.py
[2024-09-04 20:48:37,428] {processor.py:651} INFO - DAG(s) dict_keys(['bashoperator']) retrieved from /opt/airflow/dags/1-bashoperator.py
[2024-09-04 20:48:37,445] {logging_mixin.py:115} INFO - [2024-09-04 20:48:37,445] {dag.py:2420} INFO - Sync 1 DAGs
[2024-09-04 20:48:37,458] {logging_mixin.py:115} INFO - [2024-09-04 20:48:37,458] {dag.py:2972} INFO - Setting next_dagrun for bashoperator to 2024-05-15T00:00:00+00:00, run_after=2024-05-16T00:00:00+00:00
[2024-09-04 20:48:37,465] {processor.py:161} INFO - Processing /opt/airflow/dags/1-bashoperator.py took 0.044 seconds
[2024-09-04 20:49:07,891] {processor.py:153} INFO - Started process (PID=462) to work on /opt/airflow/dags/1-bashoperator.py
[2024-09-04 20:49:07,892] {processor.py:641} INFO - Processing file /opt/airflow/dags/1-bashoperator.py for tasks to queue
[2024-09-04 20:49:07,892] {logging_mixin.py:115} INFO - [2024-09-04 20:49:07,892] {dagbag.py:508} INFO - Filling up the DagBag from /opt/airflow/dags/1-bashoperator.py
[2024-09-04 20:49:07,896] {processor.py:651} INFO - DAG(s) dict_keys(['bashoperator']) retrieved from /opt/airflow/dags/1-bashoperator.py
[2024-09-04 20:49:07,914] {logging_mixin.py:115} INFO - [2024-09-04 20:49:07,914] {dag.py:2420} INFO - Sync 1 DAGs
[2024-09-04 20:49:07,929] {logging_mixin.py:115} INFO - [2024-09-04 20:49:07,929] {dag.py:2972} INFO - Setting next_dagrun for bashoperator to 2024-05-15T00:00:00+00:00, run_after=2024-05-16T00:00:00+00:00
[2024-09-04 20:49:07,938] {processor.py:161} INFO - Processing /opt/airflow/dags/1-bashoperator.py took 0.049 seconds
[2024-09-04 20:49:38,400] {processor.py:153} INFO - Started process (PID=493) to work on /opt/airflow/dags/1-bashoperator.py
[2024-09-04 20:49:38,400] {processor.py:641} INFO - Processing file /opt/airflow/dags/1-bashoperator.py for tasks to queue
[2024-09-04 20:49:38,401] {logging_mixin.py:115} INFO - [2024-09-04 20:49:38,401] {dagbag.py:508} INFO - Filling up the DagBag from /opt/airflow/dags/1-bashoperator.py
[2024-09-04 20:49:38,404] {processor.py:651} INFO - DAG(s) dict_keys(['bashoperator']) retrieved from /opt/airflow/dags/1-bashoperator.py
[2024-09-04 20:49:38,422] {logging_mixin.py:115} INFO - [2024-09-04 20:49:38,422] {dag.py:2420} INFO - Sync 1 DAGs
[2024-09-04 20:49:38,436] {logging_mixin.py:115} INFO - [2024-09-04 20:49:38,436] {dag.py:2972} INFO - Setting next_dagrun for bashoperator to 2024-05-15T00:00:00+00:00, run_after=2024-05-16T00:00:00+00:00
[2024-09-04 20:49:38,443] {processor.py:161} INFO - Processing /opt/airflow/dags/1-bashoperator.py took 0.046 seconds
[2024-09-04 20:50:08,895] {processor.py:153} INFO - Started process (PID=532) to work on /opt/airflow/dags/1-bashoperator.py
[2024-09-04 20:50:08,896] {processor.py:641} INFO - Processing file /opt/airflow/dags/1-bashoperator.py for tasks to queue
[2024-09-04 20:50:08,896] {logging_mixin.py:115} INFO - [2024-09-04 20:50:08,896] {dagbag.py:508} INFO - Filling up the DagBag from /opt/airflow/dags/1-bashoperator.py
[2024-09-04 20:50:08,902] {processor.py:651} INFO - DAG(s) dict_keys(['bashoperator']) retrieved from /opt/airflow/dags/1-bashoperator.py
[2024-09-04 20:50:08,919] {logging_mixin.py:115} INFO - [2024-09-04 20:50:08,919] {dag.py:2420} INFO - Sync 1 DAGs
[2024-09-04 20:50:08,932] {logging_mixin.py:115} INFO - [2024-09-04 20:50:08,932] {dag.py:2972} INFO - Setting next_dagrun for bashoperator to 2024-05-15T00:00:00+00:00, run_after=2024-05-16T00:00:00+00:00
[2024-09-04 20:50:08,939] {processor.py:161} INFO - Processing /opt/airflow/dags/1-bashoperator.py took 0.046 seconds
[2024-09-04 20:50:39,408] {processor.py:153} INFO - Started process (PID=571) to work on /opt/airflow/dags/1-bashoperator.py
[2024-09-04 20:50:39,409] {processor.py:641} INFO - Processing file /opt/airflow/dags/1-bashoperator.py for tasks to queue
[2024-09-04 20:50:39,409] {logging_mixin.py:115} INFO - [2024-09-04 20:50:39,409] {dagbag.py:508} INFO - Filling up the DagBag from /opt/airflow/dags/1-bashoperator.py
[2024-09-04 20:50:39,413] {processor.py:651} INFO - DAG(s) dict_keys(['bashoperator']) retrieved from /opt/airflow/dags/1-bashoperator.py
[2024-09-04 20:50:39,428] {logging_mixin.py:115} INFO - [2024-09-04 20:50:39,427] {dag.py:2420} INFO - Sync 1 DAGs
[2024-09-04 20:50:39,440] {logging_mixin.py:115} INFO - [2024-09-04 20:50:39,440] {dag.py:2972} INFO - Setting next_dagrun for bashoperator to 2024-05-15T00:00:00+00:00, run_after=2024-05-16T00:00:00+00:00
[2024-09-04 20:50:39,449] {processor.py:161} INFO - Processing /opt/airflow/dags/1-bashoperator.py took 0.043 seconds
[2024-09-04 20:51:09,882] {processor.py:153} INFO - Started process (PID=610) to work on /opt/airflow/dags/1-bashoperator.py
[2024-09-04 20:51:09,882] {processor.py:641} INFO - Processing file /opt/airflow/dags/1-bashoperator.py for tasks to queue
[2024-09-04 20:51:09,883] {logging_mixin.py:115} INFO - [2024-09-04 20:51:09,882] {dagbag.py:508} INFO - Filling up the DagBag from /opt/airflow/dags/1-bashoperator.py
[2024-09-04 20:51:09,887] {processor.py:651} INFO - DAG(s) dict_keys(['bashoperator']) retrieved from /opt/airflow/dags/1-bashoperator.py
[2024-09-04 20:51:09,904] {logging_mixin.py:115} INFO - [2024-09-04 20:51:09,904] {dag.py:2420} INFO - Sync 1 DAGs
[2024-09-04 20:51:09,919] {logging_mixin.py:115} INFO - [2024-09-04 20:51:09,919] {dag.py:2972} INFO - Setting next_dagrun for bashoperator to 2024-05-15T00:00:00+00:00, run_after=2024-05-16T00:00:00+00:00
[2024-09-04 20:51:09,927] {processor.py:161} INFO - Processing /opt/airflow/dags/1-bashoperator.py took 0.048 seconds
[2024-09-04 20:51:40,372] {processor.py:153} INFO - Started process (PID=649) to work on /opt/airflow/dags/1-bashoperator.py
[2024-09-04 20:51:40,372] {processor.py:641} INFO - Processing file /opt/airflow/dags/1-bashoperator.py for tasks to queue
[2024-09-04 20:51:40,373] {logging_mixin.py:115} INFO - [2024-09-04 20:51:40,373] {dagbag.py:508} INFO - Filling up the DagBag from /opt/airflow/dags/1-bashoperator.py
[2024-09-04 20:51:40,376] {processor.py:651} INFO - DAG(s) dict_keys(['bashoperator']) retrieved from /opt/airflow/dags/1-bashoperator.py
[2024-09-04 20:51:40,392] {logging_mixin.py:115} INFO - [2024-09-04 20:51:40,392] {dag.py:2420} INFO - Sync 1 DAGs
[2024-09-04 20:51:40,405] {logging_mixin.py:115} INFO - [2024-09-04 20:51:40,405] {dag.py:2972} INFO - Setting next_dagrun for bashoperator to 2024-05-15T00:00:00+00:00, run_after=2024-05-16T00:00:00+00:00
[2024-09-04 20:51:40,412] {processor.py:161} INFO - Processing /opt/airflow/dags/1-bashoperator.py took 0.042 seconds
[2024-09-04 20:52:10,878] {processor.py:153} INFO - Started process (PID=679) to work on /opt/airflow/dags/1-bashoperator.py
[2024-09-04 20:52:10,878] {processor.py:641} INFO - Processing file /opt/airflow/dags/1-bashoperator.py for tasks to queue
[2024-09-04 20:52:10,879] {logging_mixin.py:115} INFO - [2024-09-04 20:52:10,879] {dagbag.py:508} INFO - Filling up the DagBag from /opt/airflow/dags/1-bashoperator.py
[2024-09-04 20:52:10,883] {processor.py:651} INFO - DAG(s) dict_keys(['bashoperator']) retrieved from /opt/airflow/dags/1-bashoperator.py
[2024-09-04 20:52:10,898] {logging_mixin.py:115} INFO - [2024-09-04 20:52:10,898] {dag.py:2420} INFO - Sync 1 DAGs
[2024-09-04 20:52:10,912] {logging_mixin.py:115} INFO - [2024-09-04 20:52:10,912] {dag.py:2972} INFO - Setting next_dagrun for bashoperator to 2024-05-15T00:00:00+00:00, run_after=2024-05-16T00:00:00+00:00
[2024-09-04 20:52:10,920] {processor.py:161} INFO - Processing /opt/airflow/dags/1-bashoperator.py took 0.045 seconds
[2024-09-04 20:52:41,352] {processor.py:153} INFO - Started process (PID=718) to work on /opt/airflow/dags/1-bashoperator.py
[2024-09-04 20:52:41,353] {processor.py:641} INFO - Processing file /opt/airflow/dags/1-bashoperator.py for tasks to queue
[2024-09-04 20:52:41,353] {logging_mixin.py:115} INFO - [2024-09-04 20:52:41,353] {dagbag.py:508} INFO - Filling up the DagBag from /opt/airflow/dags/1-bashoperator.py
[2024-09-04 20:52:41,357] {processor.py:651} INFO - DAG(s) dict_keys(['bashoperator']) retrieved from /opt/airflow/dags/1-bashoperator.py
[2024-09-04 20:52:41,375] {logging_mixin.py:115} INFO - [2024-09-04 20:52:41,375] {dag.py:2420} INFO - Sync 1 DAGs
[2024-09-04 20:52:41,388] {logging_mixin.py:115} INFO - [2024-09-04 20:52:41,388] {dag.py:2972} INFO - Setting next_dagrun for bashoperator to 2024-05-15T00:00:00+00:00, run_after=2024-05-16T00:00:00+00:00
[2024-09-04 20:52:41,396] {processor.py:161} INFO - Processing /opt/airflow/dags/1-bashoperator.py took 0.045 seconds
[2024-09-04 20:53:11,862] {processor.py:153} INFO - Started process (PID=757) to work on /opt/airflow/dags/1-bashoperator.py
[2024-09-04 20:53:11,863] {processor.py:641} INFO - Processing file /opt/airflow/dags/1-bashoperator.py for tasks to queue
[2024-09-04 20:53:11,863] {logging_mixin.py:115} INFO - [2024-09-04 20:53:11,863] {dagbag.py:508} INFO - Filling up the DagBag from /opt/airflow/dags/1-bashoperator.py
[2024-09-04 20:53:11,867] {processor.py:651} INFO - DAG(s) dict_keys(['bashoperator']) retrieved from /opt/airflow/dags/1-bashoperator.py
[2024-09-04 20:53:11,882] {logging_mixin.py:115} INFO - [2024-09-04 20:53:11,882] {dag.py:2420} INFO - Sync 1 DAGs
[2024-09-04 20:53:11,896] {logging_mixin.py:115} INFO - [2024-09-04 20:53:11,896] {dag.py:2972} INFO - Setting next_dagrun for bashoperator to 2024-05-15T00:00:00+00:00, run_after=2024-05-16T00:00:00+00:00
[2024-09-04 20:53:11,903] {processor.py:161} INFO - Processing /opt/airflow/dags/1-bashoperator.py took 0.043 seconds
[2024-09-04 20:53:42,353] {processor.py:153} INFO - Started process (PID=796) to work on /opt/airflow/dags/1-bashoperator.py
[2024-09-04 20:53:42,354] {processor.py:641} INFO - Processing file /opt/airflow/dags/1-bashoperator.py for tasks to queue
[2024-09-04 20:53:42,354] {logging_mixin.py:115} INFO - [2024-09-04 20:53:42,354] {dagbag.py:508} INFO - Filling up the DagBag from /opt/airflow/dags/1-bashoperator.py
[2024-09-04 20:53:42,357] {processor.py:651} INFO - DAG(s) dict_keys(['bashoperator']) retrieved from /opt/airflow/dags/1-bashoperator.py
[2024-09-04 20:53:42,375] {logging_mixin.py:115} INFO - [2024-09-04 20:53:42,375] {dag.py:2420} INFO - Sync 1 DAGs
[2024-09-04 20:53:42,389] {logging_mixin.py:115} INFO - [2024-09-04 20:53:42,389] {dag.py:2972} INFO - Setting next_dagrun for bashoperator to 2024-05-15T00:00:00+00:00, run_after=2024-05-16T00:00:00+00:00
[2024-09-04 20:53:42,398] {processor.py:161} INFO - Processing /opt/airflow/dags/1-bashoperator.py took 0.047 seconds
[2024-09-04 20:54:12,817] {processor.py:153} INFO - Started process (PID=835) to work on /opt/airflow/dags/1-bashoperator.py
[2024-09-04 20:54:12,817] {processor.py:641} INFO - Processing file /opt/airflow/dags/1-bashoperator.py for tasks to queue
[2024-09-04 20:54:12,818] {logging_mixin.py:115} INFO - [2024-09-04 20:54:12,817] {dagbag.py:508} INFO - Filling up the DagBag from /opt/airflow/dags/1-bashoperator.py
[2024-09-04 20:54:12,821] {processor.py:651} INFO - DAG(s) dict_keys(['bashoperator']) retrieved from /opt/airflow/dags/1-bashoperator.py
[2024-09-04 20:54:12,837] {logging_mixin.py:115} INFO - [2024-09-04 20:54:12,837] {dag.py:2420} INFO - Sync 1 DAGs
[2024-09-04 20:54:12,853] {logging_mixin.py:115} INFO - [2024-09-04 20:54:12,853] {dag.py:2972} INFO - Setting next_dagrun for bashoperator to 2024-05-15T00:00:00+00:00, run_after=2024-05-16T00:00:00+00:00
[2024-09-04 20:54:12,869] {processor.py:161} INFO - Processing /opt/airflow/dags/1-bashoperator.py took 0.055 seconds
[2024-09-04 20:54:43,343] {processor.py:153} INFO - Started process (PID=874) to work on /opt/airflow/dags/1-bashoperator.py
[2024-09-04 20:54:43,343] {processor.py:641} INFO - Processing file /opt/airflow/dags/1-bashoperator.py for tasks to queue
[2024-09-04 20:54:43,344] {logging_mixin.py:115} INFO - [2024-09-04 20:54:43,344] {dagbag.py:508} INFO - Filling up the DagBag from /opt/airflow/dags/1-bashoperator.py
[2024-09-04 20:54:43,347] {processor.py:651} INFO - DAG(s) dict_keys(['bashoperator']) retrieved from /opt/airflow/dags/1-bashoperator.py
[2024-09-04 20:54:43,363] {logging_mixin.py:115} INFO - [2024-09-04 20:54:43,363] {dag.py:2420} INFO - Sync 1 DAGs
[2024-09-04 20:54:43,377] {logging_mixin.py:115} INFO - [2024-09-04 20:54:43,377] {dag.py:2972} INFO - Setting next_dagrun for bashoperator to 2024-05-15T00:00:00+00:00, run_after=2024-05-16T00:00:00+00:00
[2024-09-04 20:54:43,385] {processor.py:161} INFO - Processing /opt/airflow/dags/1-bashoperator.py took 0.044 seconds
[2024-09-04 20:55:13,760] {processor.py:153} INFO - Started process (PID=903) to work on /opt/airflow/dags/1-bashoperator.py
[2024-09-04 20:55:13,760] {processor.py:641} INFO - Processing file /opt/airflow/dags/1-bashoperator.py for tasks to queue
[2024-09-04 20:55:13,761] {logging_mixin.py:115} INFO - [2024-09-04 20:55:13,760] {dagbag.py:508} INFO - Filling up the DagBag from /opt/airflow/dags/1-bashoperator.py
[2024-09-04 20:55:13,764] {processor.py:651} INFO - DAG(s) dict_keys(['bashoperator']) retrieved from /opt/airflow/dags/1-bashoperator.py
[2024-09-04 20:55:13,780] {logging_mixin.py:115} INFO - [2024-09-04 20:55:13,780] {dag.py:2420} INFO - Sync 1 DAGs
[2024-09-04 20:55:13,793] {logging_mixin.py:115} INFO - [2024-09-04 20:55:13,793] {dag.py:2972} INFO - Setting next_dagrun for bashoperator to 2024-05-15T00:00:00+00:00, run_after=2024-05-16T00:00:00+00:00
[2024-09-04 20:55:13,801] {processor.py:161} INFO - Processing /opt/airflow/dags/1-bashoperator.py took 0.043 seconds
[2024-09-04 20:55:44,204] {processor.py:153} INFO - Started process (PID=942) to work on /opt/airflow/dags/1-bashoperator.py
[2024-09-04 20:55:44,204] {processor.py:641} INFO - Processing file /opt/airflow/dags/1-bashoperator.py for tasks to queue
[2024-09-04 20:55:44,205] {logging_mixin.py:115} INFO - [2024-09-04 20:55:44,205] {dagbag.py:508} INFO - Filling up the DagBag from /opt/airflow/dags/1-bashoperator.py
[2024-09-04 20:55:44,209] {processor.py:651} INFO - DAG(s) dict_keys(['bashoperator']) retrieved from /opt/airflow/dags/1-bashoperator.py
[2024-09-04 20:55:44,224] {logging_mixin.py:115} INFO - [2024-09-04 20:55:44,224] {dag.py:2420} INFO - Sync 1 DAGs
[2024-09-04 20:55:44,238] {logging_mixin.py:115} INFO - [2024-09-04 20:55:44,238] {dag.py:2972} INFO - Setting next_dagrun for bashoperator to 2024-05-15T00:00:00+00:00, run_after=2024-05-16T00:00:00+00:00
[2024-09-04 20:55:44,246] {processor.py:161} INFO - Processing /opt/airflow/dags/1-bashoperator.py took 0.044 seconds
[2024-09-04 20:56:14,700] {processor.py:153} INFO - Started process (PID=981) to work on /opt/airflow/dags/1-bashoperator.py
[2024-09-04 20:56:14,701] {processor.py:641} INFO - Processing file /opt/airflow/dags/1-bashoperator.py for tasks to queue
[2024-09-04 20:56:14,701] {logging_mixin.py:115} INFO - [2024-09-04 20:56:14,701] {dagbag.py:508} INFO - Filling up the DagBag from /opt/airflow/dags/1-bashoperator.py
[2024-09-04 20:56:14,708] {processor.py:651} INFO - DAG(s) dict_keys(['bashoperator']) retrieved from /opt/airflow/dags/1-bashoperator.py
[2024-09-04 20:56:14,726] {logging_mixin.py:115} INFO - [2024-09-04 20:56:14,726] {dag.py:2420} INFO - Sync 1 DAGs
[2024-09-04 20:56:14,740] {logging_mixin.py:115} INFO - [2024-09-04 20:56:14,740] {dag.py:2972} INFO - Setting next_dagrun for bashoperator to 2024-05-15T00:00:00+00:00, run_after=2024-05-16T00:00:00+00:00
[2024-09-04 20:56:14,748] {processor.py:161} INFO - Processing /opt/airflow/dags/1-bashoperator.py took 0.050 seconds
[2024-09-04 20:56:45,156] {processor.py:153} INFO - Started process (PID=1020) to work on /opt/airflow/dags/1-bashoperator.py
[2024-09-04 20:56:45,156] {processor.py:641} INFO - Processing file /opt/airflow/dags/1-bashoperator.py for tasks to queue
[2024-09-04 20:56:45,157] {logging_mixin.py:115} INFO - [2024-09-04 20:56:45,157] {dagbag.py:508} INFO - Filling up the DagBag from /opt/airflow/dags/1-bashoperator.py
[2024-09-04 20:56:45,161] {processor.py:651} INFO - DAG(s) dict_keys(['bashoperator']) retrieved from /opt/airflow/dags/1-bashoperator.py
[2024-09-04 20:56:45,176] {logging_mixin.py:115} INFO - [2024-09-04 20:56:45,176] {dag.py:2420} INFO - Sync 1 DAGs
[2024-09-04 20:56:45,189] {logging_mixin.py:115} INFO - [2024-09-04 20:56:45,189] {dag.py:2972} INFO - Setting next_dagrun for bashoperator to 2024-05-15T00:00:00+00:00, run_after=2024-05-16T00:00:00+00:00
[2024-09-04 20:56:45,197] {processor.py:161} INFO - Processing /opt/airflow/dags/1-bashoperator.py took 0.043 seconds
[2024-09-04 20:57:15,639] {processor.py:153} INFO - Started process (PID=1059) to work on /opt/airflow/dags/1-bashoperator.py
[2024-09-04 20:57:15,639] {processor.py:641} INFO - Processing file /opt/airflow/dags/1-bashoperator.py for tasks to queue
[2024-09-04 20:57:15,639] {logging_mixin.py:115} INFO - [2024-09-04 20:57:15,639] {dagbag.py:508} INFO - Filling up the DagBag from /opt/airflow/dags/1-bashoperator.py
[2024-09-04 20:57:15,644] {processor.py:651} INFO - DAG(s) dict_keys(['bashoperator']) retrieved from /opt/airflow/dags/1-bashoperator.py
[2024-09-04 20:57:15,662] {logging_mixin.py:115} INFO - [2024-09-04 20:57:15,662] {dag.py:2420} INFO - Sync 1 DAGs
[2024-09-04 20:57:15,676] {logging_mixin.py:115} INFO - [2024-09-04 20:57:15,676] {dag.py:2972} INFO - Setting next_dagrun for bashoperator to 2024-05-15T00:00:00+00:00, run_after=2024-05-16T00:00:00+00:00
[2024-09-04 20:57:15,690] {processor.py:161} INFO - Processing /opt/airflow/dags/1-bashoperator.py took 0.054 seconds
[2024-09-04 20:57:46,128] {processor.py:153} INFO - Started process (PID=1097) to work on /opt/airflow/dags/1-bashoperator.py
[2024-09-04 20:57:46,129] {processor.py:641} INFO - Processing file /opt/airflow/dags/1-bashoperator.py for tasks to queue
[2024-09-04 20:57:46,129] {logging_mixin.py:115} INFO - [2024-09-04 20:57:46,129] {dagbag.py:508} INFO - Filling up the DagBag from /opt/airflow/dags/1-bashoperator.py
[2024-09-04 20:57:46,133] {processor.py:651} INFO - DAG(s) dict_keys(['bashoperator']) retrieved from /opt/airflow/dags/1-bashoperator.py
[2024-09-04 20:57:46,148] {logging_mixin.py:115} INFO - [2024-09-04 20:57:46,148] {dag.py:2420} INFO - Sync 1 DAGs
[2024-09-04 20:57:46,161] {logging_mixin.py:115} INFO - [2024-09-04 20:57:46,161] {dag.py:2972} INFO - Setting next_dagrun for bashoperator to 2024-05-15T00:00:00+00:00, run_after=2024-05-16T00:00:00+00:00
[2024-09-04 20:57:46,170] {processor.py:161} INFO - Processing /opt/airflow/dags/1-bashoperator.py took 0.044 seconds
[2024-09-04 20:58:16,587] {processor.py:153} INFO - Started process (PID=1127) to work on /opt/airflow/dags/1-bashoperator.py
[2024-09-04 20:58:16,587] {processor.py:641} INFO - Processing file /opt/airflow/dags/1-bashoperator.py for tasks to queue
[2024-09-04 20:58:16,588] {logging_mixin.py:115} INFO - [2024-09-04 20:58:16,588] {dagbag.py:508} INFO - Filling up the DagBag from /opt/airflow/dags/1-bashoperator.py
[2024-09-04 20:58:16,593] {processor.py:651} INFO - DAG(s) dict_keys(['bashoperator']) retrieved from /opt/airflow/dags/1-bashoperator.py
[2024-09-04 20:58:16,609] {logging_mixin.py:115} INFO - [2024-09-04 20:58:16,609] {dag.py:2420} INFO - Sync 1 DAGs
[2024-09-04 20:58:16,622] {logging_mixin.py:115} INFO - [2024-09-04 20:58:16,622] {dag.py:2972} INFO - Setting next_dagrun for bashoperator to 2024-05-15T00:00:00+00:00, run_after=2024-05-16T00:00:00+00:00
[2024-09-04 20:58:16,631] {processor.py:161} INFO - Processing /opt/airflow/dags/1-bashoperator.py took 0.046 seconds
[2024-09-04 20:58:47,057] {processor.py:153} INFO - Started process (PID=1166) to work on /opt/airflow/dags/1-bashoperator.py
[2024-09-04 20:58:47,058] {processor.py:641} INFO - Processing file /opt/airflow/dags/1-bashoperator.py for tasks to queue
[2024-09-04 20:58:47,058] {logging_mixin.py:115} INFO - [2024-09-04 20:58:47,058] {dagbag.py:508} INFO - Filling up the DagBag from /opt/airflow/dags/1-bashoperator.py
[2024-09-04 20:58:47,062] {processor.py:651} INFO - DAG(s) dict_keys(['bashoperator']) retrieved from /opt/airflow/dags/1-bashoperator.py
[2024-09-04 20:58:47,084] {logging_mixin.py:115} INFO - [2024-09-04 20:58:47,084] {dag.py:2420} INFO - Sync 1 DAGs
[2024-09-04 20:58:47,100] {logging_mixin.py:115} INFO - [2024-09-04 20:58:47,100] {dag.py:2972} INFO - Setting next_dagrun for bashoperator to 2024-05-15T00:00:00+00:00, run_after=2024-05-16T00:00:00+00:00
[2024-09-04 20:58:47,111] {processor.py:161} INFO - Processing /opt/airflow/dags/1-bashoperator.py took 0.057 seconds
[2024-09-04 20:59:17,509] {processor.py:153} INFO - Started process (PID=1205) to work on /opt/airflow/dags/1-bashoperator.py
[2024-09-04 20:59:17,509] {processor.py:641} INFO - Processing file /opt/airflow/dags/1-bashoperator.py for tasks to queue
[2024-09-04 20:59:17,510] {logging_mixin.py:115} INFO - [2024-09-04 20:59:17,510] {dagbag.py:508} INFO - Filling up the DagBag from /opt/airflow/dags/1-bashoperator.py
[2024-09-04 20:59:17,513] {processor.py:651} INFO - DAG(s) dict_keys(['bashoperator']) retrieved from /opt/airflow/dags/1-bashoperator.py
[2024-09-04 20:59:17,530] {logging_mixin.py:115} INFO - [2024-09-04 20:59:17,530] {dag.py:2420} INFO - Sync 1 DAGs
[2024-09-04 20:59:17,543] {logging_mixin.py:115} INFO - [2024-09-04 20:59:17,543] {dag.py:2972} INFO - Setting next_dagrun for bashoperator to 2024-05-15T00:00:00+00:00, run_after=2024-05-16T00:00:00+00:00
[2024-09-04 20:59:17,551] {processor.py:161} INFO - Processing /opt/airflow/dags/1-bashoperator.py took 0.045 seconds
[2024-09-04 20:59:47,988] {processor.py:153} INFO - Started process (PID=1242) to work on /opt/airflow/dags/1-bashoperator.py
[2024-09-04 20:59:47,988] {processor.py:641} INFO - Processing file /opt/airflow/dags/1-bashoperator.py for tasks to queue
[2024-09-04 20:59:47,989] {logging_mixin.py:115} INFO - [2024-09-04 20:59:47,989] {dagbag.py:508} INFO - Filling up the DagBag from /opt/airflow/dags/1-bashoperator.py
[2024-09-04 20:59:47,993] {processor.py:651} INFO - DAG(s) dict_keys(['bashoperator']) retrieved from /opt/airflow/dags/1-bashoperator.py
[2024-09-04 20:59:48,011] {logging_mixin.py:115} INFO - [2024-09-04 20:59:48,011] {dag.py:2420} INFO - Sync 1 DAGs
[2024-09-04 20:59:48,024] {logging_mixin.py:115} INFO - [2024-09-04 20:59:48,024] {dag.py:2972} INFO - Setting next_dagrun for bashoperator to 2024-05-15T00:00:00+00:00, run_after=2024-05-16T00:00:00+00:00
[2024-09-04 20:59:48,032] {processor.py:161} INFO - Processing /opt/airflow/dags/1-bashoperator.py took 0.046 seconds
[2024-09-04 21:00:18,528] {processor.py:153} INFO - Started process (PID=1280) to work on /opt/airflow/dags/1-bashoperator.py
[2024-09-04 21:00:18,528] {processor.py:641} INFO - Processing file /opt/airflow/dags/1-bashoperator.py for tasks to queue
[2024-09-04 21:00:18,529] {logging_mixin.py:115} INFO - [2024-09-04 21:00:18,529] {dagbag.py:508} INFO - Filling up the DagBag from /opt/airflow/dags/1-bashoperator.py
[2024-09-04 21:00:18,533] {processor.py:651} INFO - DAG(s) dict_keys(['bashoperator']) retrieved from /opt/airflow/dags/1-bashoperator.py
[2024-09-04 21:00:18,550] {logging_mixin.py:115} INFO - [2024-09-04 21:00:18,550] {dag.py:2420} INFO - Sync 1 DAGs
[2024-09-04 21:00:18,564] {logging_mixin.py:115} INFO - [2024-09-04 21:00:18,564] {dag.py:2972} INFO - Setting next_dagrun for bashoperator to 2024-05-15T00:00:00+00:00, run_after=2024-05-16T00:00:00+00:00
[2024-09-04 21:00:18,573] {processor.py:161} INFO - Processing /opt/airflow/dags/1-bashoperator.py took 0.048 seconds
[2024-09-04 21:00:49,027] {processor.py:153} INFO - Started process (PID=1318) to work on /opt/airflow/dags/1-bashoperator.py
[2024-09-04 21:00:49,027] {processor.py:641} INFO - Processing file /opt/airflow/dags/1-bashoperator.py for tasks to queue
[2024-09-04 21:00:49,028] {logging_mixin.py:115} INFO - [2024-09-04 21:00:49,028] {dagbag.py:508} INFO - Filling up the DagBag from /opt/airflow/dags/1-bashoperator.py
[2024-09-04 21:00:49,033] {processor.py:651} INFO - DAG(s) dict_keys(['bashoperator']) retrieved from /opt/airflow/dags/1-bashoperator.py
[2024-09-04 21:00:49,050] {logging_mixin.py:115} INFO - [2024-09-04 21:00:49,050] {dag.py:2420} INFO - Sync 1 DAGs
[2024-09-04 21:00:49,064] {logging_mixin.py:115} INFO - [2024-09-04 21:00:49,064] {dag.py:2972} INFO - Setting next_dagrun for bashoperator to 2024-05-15T00:00:00+00:00, run_after=2024-05-16T00:00:00+00:00
[2024-09-04 21:00:49,072] {processor.py:161} INFO - Processing /opt/airflow/dags/1-bashoperator.py took 0.047 seconds
[2024-09-04 21:01:19,496] {processor.py:153} INFO - Started process (PID=1348) to work on /opt/airflow/dags/1-bashoperator.py
[2024-09-04 21:01:19,496] {processor.py:641} INFO - Processing file /opt/airflow/dags/1-bashoperator.py for tasks to queue
[2024-09-04 21:01:19,497] {logging_mixin.py:115} INFO - [2024-09-04 21:01:19,496] {dagbag.py:508} INFO - Filling up the DagBag from /opt/airflow/dags/1-bashoperator.py
[2024-09-04 21:01:19,500] {processor.py:651} INFO - DAG(s) dict_keys(['bashoperator']) retrieved from /opt/airflow/dags/1-bashoperator.py
[2024-09-04 21:01:19,518] {logging_mixin.py:115} INFO - [2024-09-04 21:01:19,518] {dag.py:2420} INFO - Sync 1 DAGs
[2024-09-04 21:01:19,530] {logging_mixin.py:115} INFO - [2024-09-04 21:01:19,530] {dag.py:2972} INFO - Setting next_dagrun for bashoperator to 2024-05-15T00:00:00+00:00, run_after=2024-05-16T00:00:00+00:00
[2024-09-04 21:01:19,539] {processor.py:161} INFO - Processing /opt/airflow/dags/1-bashoperator.py took 0.045 seconds
[2024-09-04 21:01:49,961] {processor.py:153} INFO - Started process (PID=1387) to work on /opt/airflow/dags/1-bashoperator.py
[2024-09-04 21:01:49,961] {processor.py:641} INFO - Processing file /opt/airflow/dags/1-bashoperator.py for tasks to queue
[2024-09-04 21:01:49,962] {logging_mixin.py:115} INFO - [2024-09-04 21:01:49,962] {dagbag.py:508} INFO - Filling up the DagBag from /opt/airflow/dags/1-bashoperator.py
[2024-09-04 21:01:49,967] {processor.py:651} INFO - DAG(s) dict_keys(['bashoperator']) retrieved from /opt/airflow/dags/1-bashoperator.py
[2024-09-04 21:01:49,985] {logging_mixin.py:115} INFO - [2024-09-04 21:01:49,985] {dag.py:2420} INFO - Sync 1 DAGs
[2024-09-04 21:01:49,998] {logging_mixin.py:115} INFO - [2024-09-04 21:01:49,998] {dag.py:2972} INFO - Setting next_dagrun for bashoperator to 2024-05-15T00:00:00+00:00, run_after=2024-05-16T00:00:00+00:00
[2024-09-04 21:01:50,005] {processor.py:161} INFO - Processing /opt/airflow/dags/1-bashoperator.py took 0.047 seconds
[2024-09-04 21:02:20,414] {processor.py:153} INFO - Started process (PID=1426) to work on /opt/airflow/dags/1-bashoperator.py
[2024-09-04 21:02:20,415] {processor.py:641} INFO - Processing file /opt/airflow/dags/1-bashoperator.py for tasks to queue
[2024-09-04 21:02:20,415] {logging_mixin.py:115} INFO - [2024-09-04 21:02:20,415] {dagbag.py:508} INFO - Filling up the DagBag from /opt/airflow/dags/1-bashoperator.py
[2024-09-04 21:02:20,419] {processor.py:651} INFO - DAG(s) dict_keys(['bashoperator']) retrieved from /opt/airflow/dags/1-bashoperator.py
[2024-09-04 21:02:20,435] {logging_mixin.py:115} INFO - [2024-09-04 21:02:20,435] {dag.py:2420} INFO - Sync 1 DAGs
[2024-09-04 21:02:20,450] {logging_mixin.py:115} INFO - [2024-09-04 21:02:20,450] {dag.py:2972} INFO - Setting next_dagrun for bashoperator to 2024-05-15T00:00:00+00:00, run_after=2024-05-16T00:00:00+00:00
[2024-09-04 21:02:20,459] {processor.py:161} INFO - Processing /opt/airflow/dags/1-bashoperator.py took 0.047 seconds
[2024-09-04 21:02:50,959] {processor.py:153} INFO - Started process (PID=1465) to work on /opt/airflow/dags/1-bashoperator.py
[2024-09-04 21:02:50,960] {processor.py:641} INFO - Processing file /opt/airflow/dags/1-bashoperator.py for tasks to queue
[2024-09-04 21:02:50,960] {logging_mixin.py:115} INFO - [2024-09-04 21:02:50,960] {dagbag.py:508} INFO - Filling up the DagBag from /opt/airflow/dags/1-bashoperator.py
[2024-09-04 21:02:50,964] {processor.py:651} INFO - DAG(s) dict_keys(['bashoperator']) retrieved from /opt/airflow/dags/1-bashoperator.py
[2024-09-04 21:02:50,982] {logging_mixin.py:115} INFO - [2024-09-04 21:02:50,982] {dag.py:2420} INFO - Sync 1 DAGs
[2024-09-04 21:02:50,999] {logging_mixin.py:115} INFO - [2024-09-04 21:02:50,999] {dag.py:2972} INFO - Setting next_dagrun for bashoperator to 2024-05-15T00:00:00+00:00, run_after=2024-05-16T00:00:00+00:00
[2024-09-04 21:02:51,009] {processor.py:161} INFO - Processing /opt/airflow/dags/1-bashoperator.py took 0.052 seconds
[2024-09-04 21:03:21,499] {processor.py:153} INFO - Started process (PID=1504) to work on /opt/airflow/dags/1-bashoperator.py
[2024-09-04 21:03:21,499] {processor.py:641} INFO - Processing file /opt/airflow/dags/1-bashoperator.py for tasks to queue
[2024-09-04 21:03:21,500] {logging_mixin.py:115} INFO - [2024-09-04 21:03:21,500] {dagbag.py:508} INFO - Filling up the DagBag from /opt/airflow/dags/1-bashoperator.py
[2024-09-04 21:03:21,504] {processor.py:651} INFO - DAG(s) dict_keys(['bashoperator']) retrieved from /opt/airflow/dags/1-bashoperator.py
[2024-09-04 21:03:21,521] {logging_mixin.py:115} INFO - [2024-09-04 21:03:21,521] {dag.py:2420} INFO - Sync 1 DAGs
[2024-09-04 21:03:21,534] {logging_mixin.py:115} INFO - [2024-09-04 21:03:21,534] {dag.py:2972} INFO - Setting next_dagrun for bashoperator to 2024-05-15T00:00:00+00:00, run_after=2024-05-16T00:00:00+00:00
[2024-09-04 21:03:21,543] {processor.py:161} INFO - Processing /opt/airflow/dags/1-bashoperator.py took 0.046 seconds
[2024-09-04 21:03:52,027] {processor.py:153} INFO - Started process (PID=1543) to work on /opt/airflow/dags/1-bashoperator.py
[2024-09-04 21:03:52,027] {processor.py:641} INFO - Processing file /opt/airflow/dags/1-bashoperator.py for tasks to queue
[2024-09-04 21:03:52,027] {logging_mixin.py:115} INFO - [2024-09-04 21:03:52,027] {dagbag.py:508} INFO - Filling up the DagBag from /opt/airflow/dags/1-bashoperator.py
[2024-09-04 21:03:52,033] {processor.py:651} INFO - DAG(s) dict_keys(['bashoperator']) retrieved from /opt/airflow/dags/1-bashoperator.py
[2024-09-04 21:03:52,053] {logging_mixin.py:115} INFO - [2024-09-04 21:03:52,053] {dag.py:2420} INFO - Sync 1 DAGs
[2024-09-04 21:03:52,069] {logging_mixin.py:115} INFO - [2024-09-04 21:03:52,069] {dag.py:2972} INFO - Setting next_dagrun for bashoperator to 2024-05-15T00:00:00+00:00, run_after=2024-05-16T00:00:00+00:00
[2024-09-04 21:03:52,078] {processor.py:161} INFO - Processing /opt/airflow/dags/1-bashoperator.py took 0.054 seconds
[2024-09-04 21:04:22,495] {processor.py:153} INFO - Started process (PID=1573) to work on /opt/airflow/dags/1-bashoperator.py
[2024-09-04 21:04:22,495] {processor.py:641} INFO - Processing file /opt/airflow/dags/1-bashoperator.py for tasks to queue
[2024-09-04 21:04:22,496] {logging_mixin.py:115} INFO - [2024-09-04 21:04:22,496] {dagbag.py:508} INFO - Filling up the DagBag from /opt/airflow/dags/1-bashoperator.py
[2024-09-04 21:04:22,500] {processor.py:651} INFO - DAG(s) dict_keys(['bashoperator']) retrieved from /opt/airflow/dags/1-bashoperator.py
[2024-09-04 21:04:22,519] {logging_mixin.py:115} INFO - [2024-09-04 21:04:22,519] {dag.py:2420} INFO - Sync 1 DAGs
[2024-09-04 21:04:22,535] {logging_mixin.py:115} INFO - [2024-09-04 21:04:22,535] {dag.py:2972} INFO - Setting next_dagrun for bashoperator to 2024-05-15T00:00:00+00:00, run_after=2024-05-16T00:00:00+00:00
[2024-09-04 21:04:22,545] {processor.py:161} INFO - Processing /opt/airflow/dags/1-bashoperator.py took 0.052 seconds
[2024-09-04 21:04:53,002] {processor.py:153} INFO - Started process (PID=1612) to work on /opt/airflow/dags/1-bashoperator.py
[2024-09-04 21:04:53,002] {processor.py:641} INFO - Processing file /opt/airflow/dags/1-bashoperator.py for tasks to queue
[2024-09-04 21:04:53,003] {logging_mixin.py:115} INFO - [2024-09-04 21:04:53,003] {dagbag.py:508} INFO - Filling up the DagBag from /opt/airflow/dags/1-bashoperator.py
[2024-09-04 21:04:53,007] {processor.py:651} INFO - DAG(s) dict_keys(['bashoperator']) retrieved from /opt/airflow/dags/1-bashoperator.py
[2024-09-04 21:04:53,025] {logging_mixin.py:115} INFO - [2024-09-04 21:04:53,025] {dag.py:2420} INFO - Sync 1 DAGs
[2024-09-04 21:04:53,037] {logging_mixin.py:115} INFO - [2024-09-04 21:04:53,037] {dag.py:2972} INFO - Setting next_dagrun for bashoperator to 2024-05-15T00:00:00+00:00, run_after=2024-05-16T00:00:00+00:00
[2024-09-04 21:04:53,045] {processor.py:161} INFO - Processing /opt/airflow/dags/1-bashoperator.py took 0.045 seconds
[2024-09-04 21:05:23,443] {processor.py:153} INFO - Started process (PID=1650) to work on /opt/airflow/dags/1-bashoperator.py
[2024-09-04 21:05:23,443] {processor.py:641} INFO - Processing file /opt/airflow/dags/1-bashoperator.py for tasks to queue
[2024-09-04 21:05:23,444] {logging_mixin.py:115} INFO - [2024-09-04 21:05:23,444] {dagbag.py:508} INFO - Filling up the DagBag from /opt/airflow/dags/1-bashoperator.py
[2024-09-04 21:05:23,448] {processor.py:651} INFO - DAG(s) dict_keys(['bashoperator']) retrieved from /opt/airflow/dags/1-bashoperator.py
[2024-09-04 21:05:23,466] {logging_mixin.py:115} INFO - [2024-09-04 21:05:23,466] {dag.py:2420} INFO - Sync 1 DAGs
[2024-09-04 21:05:23,481] {logging_mixin.py:115} INFO - [2024-09-04 21:05:23,481] {dag.py:2972} INFO - Setting next_dagrun for bashoperator to 2024-05-15T00:00:00+00:00, run_after=2024-05-16T00:00:00+00:00
[2024-09-04 21:05:23,490] {processor.py:161} INFO - Processing /opt/airflow/dags/1-bashoperator.py took 0.049 seconds
[2024-09-04 21:05:53,870] {processor.py:153} INFO - Started process (PID=1689) to work on /opt/airflow/dags/1-bashoperator.py
[2024-09-04 21:05:53,871] {processor.py:641} INFO - Processing file /opt/airflow/dags/1-bashoperator.py for tasks to queue
[2024-09-04 21:05:53,871] {logging_mixin.py:115} INFO - [2024-09-04 21:05:53,871] {dagbag.py:508} INFO - Filling up the DagBag from /opt/airflow/dags/1-bashoperator.py
[2024-09-04 21:05:53,875] {processor.py:651} INFO - DAG(s) dict_keys(['bashoperator']) retrieved from /opt/airflow/dags/1-bashoperator.py
[2024-09-04 21:05:53,891] {logging_mixin.py:115} INFO - [2024-09-04 21:05:53,891] {dag.py:2420} INFO - Sync 1 DAGs
[2024-09-04 21:05:53,904] {logging_mixin.py:115} INFO - [2024-09-04 21:05:53,904] {dag.py:2972} INFO - Setting next_dagrun for bashoperator to 2024-05-15T00:00:00+00:00, run_after=2024-05-16T00:00:00+00:00
[2024-09-04 21:05:53,912] {processor.py:161} INFO - Processing /opt/airflow/dags/1-bashoperator.py took 0.044 seconds
[2024-09-04 21:06:24,340] {processor.py:153} INFO - Started process (PID=1728) to work on /opt/airflow/dags/1-bashoperator.py
[2024-09-04 21:06:24,340] {processor.py:641} INFO - Processing file /opt/airflow/dags/1-bashoperator.py for tasks to queue
[2024-09-04 21:06:24,340] {logging_mixin.py:115} INFO - [2024-09-04 21:06:24,340] {dagbag.py:508} INFO - Filling up the DagBag from /opt/airflow/dags/1-bashoperator.py
[2024-09-04 21:06:24,344] {processor.py:651} INFO - DAG(s) dict_keys(['bashoperator']) retrieved from /opt/airflow/dags/1-bashoperator.py
[2024-09-04 21:06:24,364] {logging_mixin.py:115} INFO - [2024-09-04 21:06:24,363] {dag.py:2420} INFO - Sync 1 DAGs
[2024-09-04 21:06:24,380] {logging_mixin.py:115} INFO - [2024-09-04 21:06:24,380] {dag.py:2972} INFO - Setting next_dagrun for bashoperator to 2024-05-15T00:00:00+00:00, run_after=2024-05-16T00:00:00+00:00
[2024-09-04 21:06:24,390] {processor.py:161} INFO - Processing /opt/airflow/dags/1-bashoperator.py took 0.053 seconds
[2024-09-04 21:06:54,885] {processor.py:153} INFO - Started process (PID=1757) to work on /opt/airflow/dags/1-bashoperator.py
[2024-09-04 21:06:54,885] {processor.py:641} INFO - Processing file /opt/airflow/dags/1-bashoperator.py for tasks to queue
[2024-09-04 21:06:54,885] {logging_mixin.py:115} INFO - [2024-09-04 21:06:54,885] {dagbag.py:508} INFO - Filling up the DagBag from /opt/airflow/dags/1-bashoperator.py
[2024-09-04 21:06:54,889] {processor.py:651} INFO - DAG(s) dict_keys(['bashoperator']) retrieved from /opt/airflow/dags/1-bashoperator.py
[2024-09-04 21:06:54,905] {logging_mixin.py:115} INFO - [2024-09-04 21:06:54,904] {dag.py:2420} INFO - Sync 1 DAGs
[2024-09-04 21:06:54,917] {logging_mixin.py:115} INFO - [2024-09-04 21:06:54,917] {dag.py:2972} INFO - Setting next_dagrun for bashoperator to 2024-05-15T00:00:00+00:00, run_after=2024-05-16T00:00:00+00:00
[2024-09-04 21:06:54,927] {processor.py:161} INFO - Processing /opt/airflow/dags/1-bashoperator.py took 0.044 seconds
[2024-09-04 21:07:25,364] {processor.py:153} INFO - Started process (PID=1796) to work on /opt/airflow/dags/1-bashoperator.py
[2024-09-04 21:07:25,364] {processor.py:641} INFO - Processing file /opt/airflow/dags/1-bashoperator.py for tasks to queue
[2024-09-04 21:07:25,365] {logging_mixin.py:115} INFO - [2024-09-04 21:07:25,365] {dagbag.py:508} INFO - Filling up the DagBag from /opt/airflow/dags/1-bashoperator.py
[2024-09-04 21:07:25,370] {processor.py:651} INFO - DAG(s) dict_keys(['bashoperator']) retrieved from /opt/airflow/dags/1-bashoperator.py
[2024-09-04 21:07:25,389] {logging_mixin.py:115} INFO - [2024-09-04 21:07:25,388] {dag.py:2420} INFO - Sync 1 DAGs
[2024-09-04 21:07:25,402] {logging_mixin.py:115} INFO - [2024-09-04 21:07:25,402] {dag.py:2972} INFO - Setting next_dagrun for bashoperator to 2024-05-15T00:00:00+00:00, run_after=2024-05-16T00:00:00+00:00
[2024-09-04 21:07:25,410] {processor.py:161} INFO - Processing /opt/airflow/dags/1-bashoperator.py took 0.050 seconds
[2024-09-04 21:07:55,884] {processor.py:153} INFO - Started process (PID=1835) to work on /opt/airflow/dags/1-bashoperator.py
[2024-09-04 21:07:55,884] {processor.py:641} INFO - Processing file /opt/airflow/dags/1-bashoperator.py for tasks to queue
[2024-09-04 21:07:55,884] {logging_mixin.py:115} INFO - [2024-09-04 21:07:55,884] {dagbag.py:508} INFO - Filling up the DagBag from /opt/airflow/dags/1-bashoperator.py
[2024-09-04 21:07:55,888] {processor.py:651} INFO - DAG(s) dict_keys(['bashoperator']) retrieved from /opt/airflow/dags/1-bashoperator.py
[2024-09-04 21:07:55,903] {logging_mixin.py:115} INFO - [2024-09-04 21:07:55,903] {dag.py:2420} INFO - Sync 1 DAGs
[2024-09-04 21:07:55,916] {logging_mixin.py:115} INFO - [2024-09-04 21:07:55,916] {dag.py:2972} INFO - Setting next_dagrun for bashoperator to 2024-05-15T00:00:00+00:00, run_after=2024-05-16T00:00:00+00:00
[2024-09-04 21:07:55,924] {processor.py:161} INFO - Processing /opt/airflow/dags/1-bashoperator.py took 0.042 seconds
[2024-09-04 21:08:26,382] {processor.py:153} INFO - Started process (PID=1874) to work on /opt/airflow/dags/1-bashoperator.py
[2024-09-04 21:08:26,382] {processor.py:641} INFO - Processing file /opt/airflow/dags/1-bashoperator.py for tasks to queue
[2024-09-04 21:08:26,383] {logging_mixin.py:115} INFO - [2024-09-04 21:08:26,383] {dagbag.py:508} INFO - Filling up the DagBag from /opt/airflow/dags/1-bashoperator.py
[2024-09-04 21:08:26,387] {processor.py:651} INFO - DAG(s) dict_keys(['bashoperator']) retrieved from /opt/airflow/dags/1-bashoperator.py
[2024-09-04 21:08:26,404] {logging_mixin.py:115} INFO - [2024-09-04 21:08:26,404] {dag.py:2420} INFO - Sync 1 DAGs
[2024-09-04 21:08:26,423] {logging_mixin.py:115} INFO - [2024-09-04 21:08:26,422] {dag.py:2972} INFO - Setting next_dagrun for bashoperator to 2024-05-15T00:00:00+00:00, run_after=2024-05-16T00:00:00+00:00
[2024-09-04 21:08:26,432] {processor.py:161} INFO - Processing /opt/airflow/dags/1-bashoperator.py took 0.052 seconds
[2024-09-04 21:08:56,879] {processor.py:153} INFO - Started process (PID=1913) to work on /opt/airflow/dags/1-bashoperator.py
[2024-09-04 21:08:56,880] {processor.py:641} INFO - Processing file /opt/airflow/dags/1-bashoperator.py for tasks to queue
[2024-09-04 21:08:56,881] {logging_mixin.py:115} INFO - [2024-09-04 21:08:56,880] {dagbag.py:508} INFO - Filling up the DagBag from /opt/airflow/dags/1-bashoperator.py
[2024-09-04 21:08:56,885] {processor.py:651} INFO - DAG(s) dict_keys(['bashoperator']) retrieved from /opt/airflow/dags/1-bashoperator.py
[2024-09-04 21:08:56,906] {logging_mixin.py:115} INFO - [2024-09-04 21:08:56,906] {dag.py:2420} INFO - Sync 1 DAGs
[2024-09-04 21:08:56,923] {logging_mixin.py:115} INFO - [2024-09-04 21:08:56,923] {dag.py:2972} INFO - Setting next_dagrun for bashoperator to 2024-05-15T00:00:00+00:00, run_after=2024-05-16T00:00:00+00:00
[2024-09-04 21:08:56,932] {processor.py:161} INFO - Processing /opt/airflow/dags/1-bashoperator.py took 0.055 seconds
[2024-09-04 21:09:27,408] {processor.py:153} INFO - Started process (PID=1952) to work on /opt/airflow/dags/1-bashoperator.py
[2024-09-04 21:09:27,408] {processor.py:641} INFO - Processing file /opt/airflow/dags/1-bashoperator.py for tasks to queue
[2024-09-04 21:09:27,408] {logging_mixin.py:115} INFO - [2024-09-04 21:09:27,408] {dagbag.py:508} INFO - Filling up the DagBag from /opt/airflow/dags/1-bashoperator.py
[2024-09-04 21:09:27,412] {processor.py:651} INFO - DAG(s) dict_keys(['bashoperator']) retrieved from /opt/airflow/dags/1-bashoperator.py
[2024-09-04 21:09:27,430] {logging_mixin.py:115} INFO - [2024-09-04 21:09:27,430] {dag.py:2420} INFO - Sync 1 DAGs
[2024-09-04 21:09:27,446] {logging_mixin.py:115} INFO - [2024-09-04 21:09:27,446] {dag.py:2972} INFO - Setting next_dagrun for bashoperator to 2024-05-15T00:00:00+00:00, run_after=2024-05-16T00:00:00+00:00
[2024-09-04 21:09:27,456] {processor.py:161} INFO - Processing /opt/airflow/dags/1-bashoperator.py took 0.050 seconds
[2024-09-04 21:09:57,939] {processor.py:153} INFO - Started process (PID=1982) to work on /opt/airflow/dags/1-bashoperator.py
[2024-09-04 21:09:57,939] {processor.py:641} INFO - Processing file /opt/airflow/dags/1-bashoperator.py for tasks to queue
[2024-09-04 21:09:57,940] {logging_mixin.py:115} INFO - [2024-09-04 21:09:57,940] {dagbag.py:508} INFO - Filling up the DagBag from /opt/airflow/dags/1-bashoperator.py
[2024-09-04 21:09:57,943] {processor.py:651} INFO - DAG(s) dict_keys(['bashoperator']) retrieved from /opt/airflow/dags/1-bashoperator.py
[2024-09-04 21:09:57,968] {logging_mixin.py:115} INFO - [2024-09-04 21:09:57,968] {dag.py:2420} INFO - Sync 1 DAGs
[2024-09-04 21:09:57,991] {logging_mixin.py:115} INFO - [2024-09-04 21:09:57,991] {dag.py:2972} INFO - Setting next_dagrun for bashoperator to 2024-05-15T00:00:00+00:00, run_after=2024-05-16T00:00:00+00:00
[2024-09-04 21:09:58,008] {processor.py:161} INFO - Processing /opt/airflow/dags/1-bashoperator.py took 0.071 seconds
[2024-09-04 21:10:28,463] {processor.py:153} INFO - Started process (PID=2021) to work on /opt/airflow/dags/1-bashoperator.py
[2024-09-04 21:10:28,463] {processor.py:641} INFO - Processing file /opt/airflow/dags/1-bashoperator.py for tasks to queue
[2024-09-04 21:10:28,463] {logging_mixin.py:115} INFO - [2024-09-04 21:10:28,463] {dagbag.py:508} INFO - Filling up the DagBag from /opt/airflow/dags/1-bashoperator.py
[2024-09-04 21:10:28,468] {processor.py:651} INFO - DAG(s) dict_keys(['bashoperator']) retrieved from /opt/airflow/dags/1-bashoperator.py
[2024-09-04 21:10:28,483] {logging_mixin.py:115} INFO - [2024-09-04 21:10:28,483] {dag.py:2420} INFO - Sync 1 DAGs
[2024-09-04 21:10:28,496] {logging_mixin.py:115} INFO - [2024-09-04 21:10:28,496] {dag.py:2972} INFO - Setting next_dagrun for bashoperator to 2024-05-15T00:00:00+00:00, run_after=2024-05-16T00:00:00+00:00
[2024-09-04 21:10:28,504] {processor.py:161} INFO - Processing /opt/airflow/dags/1-bashoperator.py took 0.043 seconds
[2024-09-04 21:10:59,019] {processor.py:153} INFO - Started process (PID=2060) to work on /opt/airflow/dags/1-bashoperator.py
[2024-09-04 21:10:59,019] {processor.py:641} INFO - Processing file /opt/airflow/dags/1-bashoperator.py for tasks to queue
[2024-09-04 21:10:59,020] {logging_mixin.py:115} INFO - [2024-09-04 21:10:59,020] {dagbag.py:508} INFO - Filling up the DagBag from /opt/airflow/dags/1-bashoperator.py
[2024-09-04 21:10:59,024] {processor.py:651} INFO - DAG(s) dict_keys(['bashoperator']) retrieved from /opt/airflow/dags/1-bashoperator.py
[2024-09-04 21:10:59,040] {logging_mixin.py:115} INFO - [2024-09-04 21:10:59,040] {dag.py:2420} INFO - Sync 1 DAGs
[2024-09-04 21:10:59,053] {logging_mixin.py:115} INFO - [2024-09-04 21:10:59,053] {dag.py:2972} INFO - Setting next_dagrun for bashoperator to 2024-05-15T00:00:00+00:00, run_after=2024-05-16T00:00:00+00:00
[2024-09-04 21:10:59,109] {processor.py:161} INFO - Processing /opt/airflow/dags/1-bashoperator.py took 0.092 seconds
[2024-09-04 21:11:29,528] {processor.py:153} INFO - Started process (PID=2099) to work on /opt/airflow/dags/1-bashoperator.py
[2024-09-04 21:11:29,528] {processor.py:641} INFO - Processing file /opt/airflow/dags/1-bashoperator.py for tasks to queue
[2024-09-04 21:11:29,529] {logging_mixin.py:115} INFO - [2024-09-04 21:11:29,529] {dagbag.py:508} INFO - Filling up the DagBag from /opt/airflow/dags/1-bashoperator.py
[2024-09-04 21:11:29,532] {processor.py:651} INFO - DAG(s) dict_keys(['bashoperator']) retrieved from /opt/airflow/dags/1-bashoperator.py
[2024-09-04 21:11:29,551] {logging_mixin.py:115} INFO - [2024-09-04 21:11:29,551] {dag.py:2420} INFO - Sync 1 DAGs
[2024-09-04 21:11:29,563] {logging_mixin.py:115} INFO - [2024-09-04 21:11:29,563] {dag.py:2972} INFO - Setting next_dagrun for bashoperator to 2024-05-15T00:00:00+00:00, run_after=2024-05-16T00:00:00+00:00
[2024-09-04 21:11:29,571] {processor.py:161} INFO - Processing /opt/airflow/dags/1-bashoperator.py took 0.046 seconds
[2024-09-04 21:12:00,019] {processor.py:153} INFO - Started process (PID=2138) to work on /opt/airflow/dags/1-bashoperator.py
[2024-09-04 21:12:00,019] {processor.py:641} INFO - Processing file /opt/airflow/dags/1-bashoperator.py for tasks to queue
[2024-09-04 21:12:00,020] {logging_mixin.py:115} INFO - [2024-09-04 21:12:00,020] {dagbag.py:508} INFO - Filling up the DagBag from /opt/airflow/dags/1-bashoperator.py
[2024-09-04 21:12:00,023] {processor.py:651} INFO - DAG(s) dict_keys(['bashoperator']) retrieved from /opt/airflow/dags/1-bashoperator.py
[2024-09-04 21:12:00,039] {logging_mixin.py:115} INFO - [2024-09-04 21:12:00,039] {dag.py:2420} INFO - Sync 1 DAGs
[2024-09-04 21:12:00,052] {logging_mixin.py:115} INFO - [2024-09-04 21:12:00,051] {dag.py:2972} INFO - Setting next_dagrun for bashoperator to 2024-05-15T00:00:00+00:00, run_after=2024-05-16T00:00:00+00:00
[2024-09-04 21:12:00,060] {processor.py:161} INFO - Processing /opt/airflow/dags/1-bashoperator.py took 0.044 seconds
[2024-09-04 21:12:30,479] {processor.py:153} INFO - Started process (PID=2177) to work on /opt/airflow/dags/1-bashoperator.py
[2024-09-04 21:12:30,480] {processor.py:641} INFO - Processing file /opt/airflow/dags/1-bashoperator.py for tasks to queue
[2024-09-04 21:12:30,480] {logging_mixin.py:115} INFO - [2024-09-04 21:12:30,480] {dagbag.py:508} INFO - Filling up the DagBag from /opt/airflow/dags/1-bashoperator.py
[2024-09-04 21:12:30,484] {processor.py:651} INFO - DAG(s) dict_keys(['bashoperator']) retrieved from /opt/airflow/dags/1-bashoperator.py
[2024-09-04 21:12:30,503] {logging_mixin.py:115} INFO - [2024-09-04 21:12:30,503] {dag.py:2420} INFO - Sync 1 DAGs
[2024-09-04 21:12:30,517] {logging_mixin.py:115} INFO - [2024-09-04 21:12:30,517] {dag.py:2972} INFO - Setting next_dagrun for bashoperator to 2024-05-15T00:00:00+00:00, run_after=2024-05-16T00:00:00+00:00
[2024-09-04 21:12:30,526] {processor.py:161} INFO - Processing /opt/airflow/dags/1-bashoperator.py took 0.049 seconds
[2024-09-04 21:13:00,994] {processor.py:153} INFO - Started process (PID=2207) to work on /opt/airflow/dags/1-bashoperator.py
[2024-09-04 21:13:00,994] {processor.py:641} INFO - Processing file /opt/airflow/dags/1-bashoperator.py for tasks to queue
[2024-09-04 21:13:00,995] {logging_mixin.py:115} INFO - [2024-09-04 21:13:00,995] {dagbag.py:508} INFO - Filling up the DagBag from /opt/airflow/dags/1-bashoperator.py
[2024-09-04 21:13:01,000] {processor.py:651} INFO - DAG(s) dict_keys(['bashoperator']) retrieved from /opt/airflow/dags/1-bashoperator.py
[2024-09-04 21:13:01,015] {logging_mixin.py:115} INFO - [2024-09-04 21:13:01,015] {dag.py:2420} INFO - Sync 1 DAGs
[2024-09-04 21:13:01,028] {logging_mixin.py:115} INFO - [2024-09-04 21:13:01,028] {dag.py:2972} INFO - Setting next_dagrun for bashoperator to 2024-05-15T00:00:00+00:00, run_after=2024-05-16T00:00:00+00:00
[2024-09-04 21:13:01,036] {processor.py:161} INFO - Processing /opt/airflow/dags/1-bashoperator.py took 0.044 seconds
[2024-09-04 21:13:31,458] {processor.py:153} INFO - Started process (PID=2246) to work on /opt/airflow/dags/1-bashoperator.py
[2024-09-04 21:13:31,459] {processor.py:641} INFO - Processing file /opt/airflow/dags/1-bashoperator.py for tasks to queue
[2024-09-04 21:13:31,459] {logging_mixin.py:115} INFO - [2024-09-04 21:13:31,459] {dagbag.py:508} INFO - Filling up the DagBag from /opt/airflow/dags/1-bashoperator.py
[2024-09-04 21:13:31,464] {processor.py:651} INFO - DAG(s) dict_keys(['bashoperator']) retrieved from /opt/airflow/dags/1-bashoperator.py
[2024-09-04 21:13:31,479] {logging_mixin.py:115} INFO - [2024-09-04 21:13:31,479] {dag.py:2420} INFO - Sync 1 DAGs
[2024-09-04 21:13:31,493] {logging_mixin.py:115} INFO - [2024-09-04 21:13:31,493] {dag.py:2972} INFO - Setting next_dagrun for bashoperator to 2024-05-15T00:00:00+00:00, run_after=2024-05-16T00:00:00+00:00
[2024-09-04 21:13:31,502] {processor.py:161} INFO - Processing /opt/airflow/dags/1-bashoperator.py took 0.046 seconds
[2024-09-04 21:14:01,948] {processor.py:153} INFO - Started process (PID=2284) to work on /opt/airflow/dags/1-bashoperator.py
[2024-09-04 21:14:01,948] {processor.py:641} INFO - Processing file /opt/airflow/dags/1-bashoperator.py for tasks to queue
[2024-09-04 21:14:01,948] {logging_mixin.py:115} INFO - [2024-09-04 21:14:01,948] {dagbag.py:508} INFO - Filling up the DagBag from /opt/airflow/dags/1-bashoperator.py
[2024-09-04 21:14:01,952] {processor.py:651} INFO - DAG(s) dict_keys(['bashoperator']) retrieved from /opt/airflow/dags/1-bashoperator.py
[2024-09-04 21:14:01,969] {logging_mixin.py:115} INFO - [2024-09-04 21:14:01,969] {dag.py:2420} INFO - Sync 1 DAGs
[2024-09-04 21:14:01,982] {logging_mixin.py:115} INFO - [2024-09-04 21:14:01,982] {dag.py:2972} INFO - Setting next_dagrun for bashoperator to 2024-05-15T00:00:00+00:00, run_after=2024-05-16T00:00:00+00:00
[2024-09-04 21:14:01,991] {processor.py:161} INFO - Processing /opt/airflow/dags/1-bashoperator.py took 0.046 seconds
[2024-09-04 21:14:32,442] {processor.py:153} INFO - Started process (PID=2323) to work on /opt/airflow/dags/1-bashoperator.py
[2024-09-04 21:14:32,442] {processor.py:641} INFO - Processing file /opt/airflow/dags/1-bashoperator.py for tasks to queue
[2024-09-04 21:14:32,443] {logging_mixin.py:115} INFO - [2024-09-04 21:14:32,443] {dagbag.py:508} INFO - Filling up the DagBag from /opt/airflow/dags/1-bashoperator.py
[2024-09-04 21:14:32,446] {processor.py:651} INFO - DAG(s) dict_keys(['bashoperator']) retrieved from /opt/airflow/dags/1-bashoperator.py
[2024-09-04 21:14:32,462] {logging_mixin.py:115} INFO - [2024-09-04 21:14:32,462] {dag.py:2420} INFO - Sync 1 DAGs
[2024-09-04 21:14:32,475] {logging_mixin.py:115} INFO - [2024-09-04 21:14:32,474] {dag.py:2972} INFO - Setting next_dagrun for bashoperator to 2024-05-15T00:00:00+00:00, run_after=2024-05-16T00:00:00+00:00
[2024-09-04 21:14:32,482] {processor.py:161} INFO - Processing /opt/airflow/dags/1-bashoperator.py took 0.042 seconds
[2024-09-04 21:15:02,924] {processor.py:153} INFO - Started process (PID=2362) to work on /opt/airflow/dags/1-bashoperator.py
[2024-09-04 21:15:02,925] {processor.py:641} INFO - Processing file /opt/airflow/dags/1-bashoperator.py for tasks to queue
[2024-09-04 21:15:02,925] {logging_mixin.py:115} INFO - [2024-09-04 21:15:02,925] {dagbag.py:508} INFO - Filling up the DagBag from /opt/airflow/dags/1-bashoperator.py
[2024-09-04 21:15:02,929] {processor.py:651} INFO - DAG(s) dict_keys(['bashoperator']) retrieved from /opt/airflow/dags/1-bashoperator.py
[2024-09-04 21:15:02,947] {logging_mixin.py:115} INFO - [2024-09-04 21:15:02,947] {dag.py:2420} INFO - Sync 1 DAGs
[2024-09-04 21:15:02,961] {logging_mixin.py:115} INFO - [2024-09-04 21:15:02,960] {dag.py:2972} INFO - Setting next_dagrun for bashoperator to 2024-05-15T00:00:00+00:00, run_after=2024-05-16T00:00:00+00:00
[2024-09-04 21:15:02,969] {processor.py:161} INFO - Processing /opt/airflow/dags/1-bashoperator.py took 0.046 seconds
[2024-09-04 21:15:33,415] {processor.py:153} INFO - Started process (PID=2399) to work on /opt/airflow/dags/1-bashoperator.py
[2024-09-04 21:15:33,415] {processor.py:641} INFO - Processing file /opt/airflow/dags/1-bashoperator.py for tasks to queue
[2024-09-04 21:15:33,416] {logging_mixin.py:115} INFO - [2024-09-04 21:15:33,416] {dagbag.py:508} INFO - Filling up the DagBag from /opt/airflow/dags/1-bashoperator.py
[2024-09-04 21:15:33,420] {processor.py:651} INFO - DAG(s) dict_keys(['bashoperator']) retrieved from /opt/airflow/dags/1-bashoperator.py
[2024-09-04 21:15:33,439] {logging_mixin.py:115} INFO - [2024-09-04 21:15:33,439] {dag.py:2420} INFO - Sync 1 DAGs
[2024-09-04 21:15:33,452] {logging_mixin.py:115} INFO - [2024-09-04 21:15:33,452] {dag.py:2972} INFO - Setting next_dagrun for bashoperator to 2024-05-15T00:00:00+00:00, run_after=2024-05-16T00:00:00+00:00
[2024-09-04 21:15:33,460] {processor.py:161} INFO - Processing /opt/airflow/dags/1-bashoperator.py took 0.047 seconds
[2024-09-04 21:16:03,916] {processor.py:153} INFO - Started process (PID=2430) to work on /opt/airflow/dags/1-bashoperator.py
[2024-09-04 21:16:03,916] {processor.py:641} INFO - Processing file /opt/airflow/dags/1-bashoperator.py for tasks to queue
[2024-09-04 21:16:03,916] {logging_mixin.py:115} INFO - [2024-09-04 21:16:03,916] {dagbag.py:508} INFO - Filling up the DagBag from /opt/airflow/dags/1-bashoperator.py
[2024-09-04 21:16:03,920] {processor.py:651} INFO - DAG(s) dict_keys(['bashoperator']) retrieved from /opt/airflow/dags/1-bashoperator.py
[2024-09-04 21:16:03,936] {logging_mixin.py:115} INFO - [2024-09-04 21:16:03,936] {dag.py:2420} INFO - Sync 1 DAGs
[2024-09-04 21:16:03,950] {logging_mixin.py:115} INFO - [2024-09-04 21:16:03,949] {dag.py:2972} INFO - Setting next_dagrun for bashoperator to 2024-05-15T00:00:00+00:00, run_after=2024-05-16T00:00:00+00:00
[2024-09-04 21:16:03,957] {processor.py:161} INFO - Processing /opt/airflow/dags/1-bashoperator.py took 0.044 seconds
[2024-09-04 21:16:34,392] {processor.py:153} INFO - Started process (PID=2469) to work on /opt/airflow/dags/1-bashoperator.py
[2024-09-04 21:16:34,392] {processor.py:641} INFO - Processing file /opt/airflow/dags/1-bashoperator.py for tasks to queue
[2024-09-04 21:16:34,392] {logging_mixin.py:115} INFO - [2024-09-04 21:16:34,392] {dagbag.py:508} INFO - Filling up the DagBag from /opt/airflow/dags/1-bashoperator.py
[2024-09-04 21:16:34,396] {processor.py:651} INFO - DAG(s) dict_keys(['bashoperator']) retrieved from /opt/airflow/dags/1-bashoperator.py
[2024-09-04 21:16:34,412] {logging_mixin.py:115} INFO - [2024-09-04 21:16:34,412] {dag.py:2420} INFO - Sync 1 DAGs
[2024-09-04 21:16:34,425] {logging_mixin.py:115} INFO - [2024-09-04 21:16:34,425] {dag.py:2972} INFO - Setting next_dagrun for bashoperator to 2024-05-15T00:00:00+00:00, run_after=2024-05-16T00:00:00+00:00
[2024-09-04 21:16:34,432] {processor.py:161} INFO - Processing /opt/airflow/dags/1-bashoperator.py took 0.043 seconds
[2024-09-04 21:17:04,850] {processor.py:153} INFO - Started process (PID=2508) to work on /opt/airflow/dags/1-bashoperator.py
[2024-09-04 21:17:04,850] {processor.py:641} INFO - Processing file /opt/airflow/dags/1-bashoperator.py for tasks to queue
[2024-09-04 21:17:04,851] {logging_mixin.py:115} INFO - [2024-09-04 21:17:04,851] {dagbag.py:508} INFO - Filling up the DagBag from /opt/airflow/dags/1-bashoperator.py
[2024-09-04 21:17:04,854] {processor.py:651} INFO - DAG(s) dict_keys(['bashoperator']) retrieved from /opt/airflow/dags/1-bashoperator.py
[2024-09-04 21:17:04,871] {logging_mixin.py:115} INFO - [2024-09-04 21:17:04,871] {dag.py:2420} INFO - Sync 1 DAGs
[2024-09-04 21:17:04,886] {logging_mixin.py:115} INFO - [2024-09-04 21:17:04,886] {dag.py:2972} INFO - Setting next_dagrun for bashoperator to 2024-05-15T00:00:00+00:00, run_after=2024-05-16T00:00:00+00:00
[2024-09-04 21:17:04,894] {processor.py:161} INFO - Processing /opt/airflow/dags/1-bashoperator.py took 0.046 seconds
[2024-09-04 21:17:35,342] {processor.py:153} INFO - Started process (PID=2547) to work on /opt/airflow/dags/1-bashoperator.py
[2024-09-04 21:17:35,343] {processor.py:641} INFO - Processing file /opt/airflow/dags/1-bashoperator.py for tasks to queue
[2024-09-04 21:17:35,343] {logging_mixin.py:115} INFO - [2024-09-04 21:17:35,343] {dagbag.py:508} INFO - Filling up the DagBag from /opt/airflow/dags/1-bashoperator.py
[2024-09-04 21:17:35,347] {processor.py:651} INFO - DAG(s) dict_keys(['bashoperator']) retrieved from /opt/airflow/dags/1-bashoperator.py
[2024-09-04 21:17:35,364] {logging_mixin.py:115} INFO - [2024-09-04 21:17:35,364] {dag.py:2420} INFO - Sync 1 DAGs
[2024-09-04 21:17:35,377] {logging_mixin.py:115} INFO - [2024-09-04 21:17:35,377] {dag.py:2972} INFO - Setting next_dagrun for bashoperator to 2024-05-15T00:00:00+00:00, run_after=2024-05-16T00:00:00+00:00
[2024-09-04 21:17:35,384] {processor.py:161} INFO - Processing /opt/airflow/dags/1-bashoperator.py took 0.044 seconds
[2024-09-04 21:18:05,920] {processor.py:153} INFO - Started process (PID=2586) to work on /opt/airflow/dags/1-bashoperator.py
[2024-09-04 21:18:05,921] {processor.py:641} INFO - Processing file /opt/airflow/dags/1-bashoperator.py for tasks to queue
[2024-09-04 21:18:05,921] {logging_mixin.py:115} INFO - [2024-09-04 21:18:05,921] {dagbag.py:508} INFO - Filling up the DagBag from /opt/airflow/dags/1-bashoperator.py
[2024-09-04 21:18:05,925] {processor.py:651} INFO - DAG(s) dict_keys(['bashoperator']) retrieved from /opt/airflow/dags/1-bashoperator.py
[2024-09-04 21:18:05,940] {logging_mixin.py:115} INFO - [2024-09-04 21:18:05,940] {dag.py:2420} INFO - Sync 1 DAGs
[2024-09-04 21:18:05,953] {logging_mixin.py:115} INFO - [2024-09-04 21:18:05,953] {dag.py:2972} INFO - Setting next_dagrun for bashoperator to 2024-05-15T00:00:00+00:00, run_after=2024-05-16T00:00:00+00:00
[2024-09-04 21:18:05,961] {processor.py:161} INFO - Processing /opt/airflow/dags/1-bashoperator.py took 0.043 seconds
[2024-09-04 21:18:36,431] {processor.py:153} INFO - Started process (PID=2616) to work on /opt/airflow/dags/1-bashoperator.py
[2024-09-04 21:18:36,432] {processor.py:641} INFO - Processing file /opt/airflow/dags/1-bashoperator.py for tasks to queue
[2024-09-04 21:18:36,432] {logging_mixin.py:115} INFO - [2024-09-04 21:18:36,432] {dagbag.py:508} INFO - Filling up the DagBag from /opt/airflow/dags/1-bashoperator.py
[2024-09-04 21:18:36,436] {processor.py:651} INFO - DAG(s) dict_keys(['bashoperator']) retrieved from /opt/airflow/dags/1-bashoperator.py
[2024-09-04 21:18:36,458] {logging_mixin.py:115} INFO - [2024-09-04 21:18:36,458] {dag.py:2420} INFO - Sync 1 DAGs
[2024-09-04 21:18:36,474] {logging_mixin.py:115} INFO - [2024-09-04 21:18:36,474] {dag.py:2972} INFO - Setting next_dagrun for bashoperator to 2024-05-15T00:00:00+00:00, run_after=2024-05-16T00:00:00+00:00
[2024-09-04 21:18:36,485] {processor.py:161} INFO - Processing /opt/airflow/dags/1-bashoperator.py took 0.056 seconds
[2024-09-04 21:19:06,919] {processor.py:153} INFO - Started process (PID=2655) to work on /opt/airflow/dags/1-bashoperator.py
[2024-09-04 21:19:06,919] {processor.py:641} INFO - Processing file /opt/airflow/dags/1-bashoperator.py for tasks to queue
[2024-09-04 21:19:06,920] {logging_mixin.py:115} INFO - [2024-09-04 21:19:06,920] {dagbag.py:508} INFO - Filling up the DagBag from /opt/airflow/dags/1-bashoperator.py
[2024-09-04 21:19:06,925] {processor.py:651} INFO - DAG(s) dict_keys(['bashoperator']) retrieved from /opt/airflow/dags/1-bashoperator.py
[2024-09-04 21:19:06,941] {logging_mixin.py:115} INFO - [2024-09-04 21:19:06,941] {dag.py:2420} INFO - Sync 1 DAGs
[2024-09-04 21:19:06,955] {logging_mixin.py:115} INFO - [2024-09-04 21:19:06,955] {dag.py:2972} INFO - Setting next_dagrun for bashoperator to 2024-05-15T00:00:00+00:00, run_after=2024-05-16T00:00:00+00:00
[2024-09-04 21:19:06,963] {processor.py:161} INFO - Processing /opt/airflow/dags/1-bashoperator.py took 0.047 seconds
[2024-09-04 21:19:37,446] {processor.py:153} INFO - Started process (PID=2694) to work on /opt/airflow/dags/1-bashoperator.py
[2024-09-04 21:19:37,447] {processor.py:641} INFO - Processing file /opt/airflow/dags/1-bashoperator.py for tasks to queue
[2024-09-04 21:19:37,447] {logging_mixin.py:115} INFO - [2024-09-04 21:19:37,447] {dagbag.py:508} INFO - Filling up the DagBag from /opt/airflow/dags/1-bashoperator.py
[2024-09-04 21:19:37,450] {processor.py:651} INFO - DAG(s) dict_keys(['bashoperator']) retrieved from /opt/airflow/dags/1-bashoperator.py
[2024-09-04 21:19:37,467] {logging_mixin.py:115} INFO - [2024-09-04 21:19:37,467] {dag.py:2420} INFO - Sync 1 DAGs
[2024-09-04 21:19:37,481] {logging_mixin.py:115} INFO - [2024-09-04 21:19:37,481] {dag.py:2972} INFO - Setting next_dagrun for bashoperator to 2024-05-15T00:00:00+00:00, run_after=2024-05-16T00:00:00+00:00
[2024-09-04 21:19:37,488] {processor.py:161} INFO - Processing /opt/airflow/dags/1-bashoperator.py took 0.044 seconds
[2024-09-04 21:20:07,914] {processor.py:153} INFO - Started process (PID=2733) to work on /opt/airflow/dags/1-bashoperator.py
[2024-09-04 21:20:07,914] {processor.py:641} INFO - Processing file /opt/airflow/dags/1-bashoperator.py for tasks to queue
[2024-09-04 21:20:07,915] {logging_mixin.py:115} INFO - [2024-09-04 21:20:07,915] {dagbag.py:508} INFO - Filling up the DagBag from /opt/airflow/dags/1-bashoperator.py
[2024-09-04 21:20:07,918] {processor.py:651} INFO - DAG(s) dict_keys(['bashoperator']) retrieved from /opt/airflow/dags/1-bashoperator.py
[2024-09-04 21:20:07,934] {logging_mixin.py:115} INFO - [2024-09-04 21:20:07,934] {dag.py:2420} INFO - Sync 1 DAGs
[2024-09-04 21:20:07,947] {logging_mixin.py:115} INFO - [2024-09-04 21:20:07,947] {dag.py:2972} INFO - Setting next_dagrun for bashoperator to 2024-05-15T00:00:00+00:00, run_after=2024-05-16T00:00:00+00:00
[2024-09-04 21:20:07,954] {processor.py:161} INFO - Processing /opt/airflow/dags/1-bashoperator.py took 0.043 seconds
[2024-09-04 21:20:38,398] {processor.py:153} INFO - Started process (PID=2772) to work on /opt/airflow/dags/1-bashoperator.py
[2024-09-04 21:20:38,398] {processor.py:641} INFO - Processing file /opt/airflow/dags/1-bashoperator.py for tasks to queue
[2024-09-04 21:20:38,398] {logging_mixin.py:115} INFO - [2024-09-04 21:20:38,398] {dagbag.py:508} INFO - Filling up the DagBag from /opt/airflow/dags/1-bashoperator.py
[2024-09-04 21:20:38,402] {processor.py:651} INFO - DAG(s) dict_keys(['bashoperator']) retrieved from /opt/airflow/dags/1-bashoperator.py
[2024-09-04 21:20:38,418] {logging_mixin.py:115} INFO - [2024-09-04 21:20:38,418] {dag.py:2420} INFO - Sync 1 DAGs
[2024-09-04 21:20:38,431] {logging_mixin.py:115} INFO - [2024-09-04 21:20:38,431] {dag.py:2972} INFO - Setting next_dagrun for bashoperator to 2024-05-15T00:00:00+00:00, run_after=2024-05-16T00:00:00+00:00
[2024-09-04 21:20:38,439] {processor.py:161} INFO - Processing /opt/airflow/dags/1-bashoperator.py took 0.043 seconds
[2024-09-04 21:21:08,909] {processor.py:153} INFO - Started process (PID=2811) to work on /opt/airflow/dags/1-bashoperator.py
[2024-09-04 21:21:08,909] {processor.py:641} INFO - Processing file /opt/airflow/dags/1-bashoperator.py for tasks to queue
[2024-09-04 21:21:08,910] {logging_mixin.py:115} INFO - [2024-09-04 21:21:08,910] {dagbag.py:508} INFO - Filling up the DagBag from /opt/airflow/dags/1-bashoperator.py
[2024-09-04 21:21:08,916] {processor.py:651} INFO - DAG(s) dict_keys(['bashoperator']) retrieved from /opt/airflow/dags/1-bashoperator.py
[2024-09-04 21:21:08,931] {logging_mixin.py:115} INFO - [2024-09-04 21:21:08,931] {dag.py:2420} INFO - Sync 1 DAGs
[2024-09-04 21:21:08,944] {logging_mixin.py:115} INFO - [2024-09-04 21:21:08,944] {dag.py:2972} INFO - Setting next_dagrun for bashoperator to 2024-05-15T00:00:00+00:00, run_after=2024-05-16T00:00:00+00:00
[2024-09-04 21:21:08,952] {processor.py:161} INFO - Processing /opt/airflow/dags/1-bashoperator.py took 0.046 seconds
[2024-09-04 21:21:39,336] {processor.py:153} INFO - Started process (PID=2841) to work on /opt/airflow/dags/1-bashoperator.py
[2024-09-04 21:21:39,337] {processor.py:641} INFO - Processing file /opt/airflow/dags/1-bashoperator.py for tasks to queue
[2024-09-04 21:21:39,337] {logging_mixin.py:115} INFO - [2024-09-04 21:21:39,337] {dagbag.py:508} INFO - Filling up the DagBag from /opt/airflow/dags/1-bashoperator.py
[2024-09-04 21:21:39,341] {processor.py:651} INFO - DAG(s) dict_keys(['bashoperator']) retrieved from /opt/airflow/dags/1-bashoperator.py
[2024-09-04 21:21:39,356] {logging_mixin.py:115} INFO - [2024-09-04 21:21:39,356] {dag.py:2420} INFO - Sync 1 DAGs
[2024-09-04 21:21:39,370] {logging_mixin.py:115} INFO - [2024-09-04 21:21:39,369] {dag.py:2972} INFO - Setting next_dagrun for bashoperator to 2024-05-15T00:00:00+00:00, run_after=2024-05-16T00:00:00+00:00
[2024-09-04 21:21:39,379] {processor.py:161} INFO - Processing /opt/airflow/dags/1-bashoperator.py took 0.044 seconds
[2024-09-04 21:22:09,812] {processor.py:153} INFO - Started process (PID=2880) to work on /opt/airflow/dags/1-bashoperator.py
[2024-09-04 21:22:09,812] {processor.py:641} INFO - Processing file /opt/airflow/dags/1-bashoperator.py for tasks to queue
[2024-09-04 21:22:09,813] {logging_mixin.py:115} INFO - [2024-09-04 21:22:09,813] {dagbag.py:508} INFO - Filling up the DagBag from /opt/airflow/dags/1-bashoperator.py
[2024-09-04 21:22:09,816] {processor.py:651} INFO - DAG(s) dict_keys(['bashoperator']) retrieved from /opt/airflow/dags/1-bashoperator.py
[2024-09-04 21:22:09,835] {logging_mixin.py:115} INFO - [2024-09-04 21:22:09,835] {dag.py:2420} INFO - Sync 1 DAGs
[2024-09-04 21:22:09,850] {logging_mixin.py:115} INFO - [2024-09-04 21:22:09,850] {dag.py:2972} INFO - Setting next_dagrun for bashoperator to 2024-05-15T00:00:00+00:00, run_after=2024-05-16T00:00:00+00:00
[2024-09-04 21:22:09,859] {processor.py:161} INFO - Processing /opt/airflow/dags/1-bashoperator.py took 0.049 seconds
[2024-09-04 21:22:40,340] {processor.py:153} INFO - Started process (PID=2919) to work on /opt/airflow/dags/1-bashoperator.py
[2024-09-04 21:22:40,340] {processor.py:641} INFO - Processing file /opt/airflow/dags/1-bashoperator.py for tasks to queue
[2024-09-04 21:22:40,341] {logging_mixin.py:115} INFO - [2024-09-04 21:22:40,341] {dagbag.py:508} INFO - Filling up the DagBag from /opt/airflow/dags/1-bashoperator.py
[2024-09-04 21:22:40,346] {processor.py:651} INFO - DAG(s) dict_keys(['bashoperator']) retrieved from /opt/airflow/dags/1-bashoperator.py
[2024-09-04 21:22:40,362] {logging_mixin.py:115} INFO - [2024-09-04 21:22:40,361] {dag.py:2420} INFO - Sync 1 DAGs
[2024-09-04 21:22:40,376] {logging_mixin.py:115} INFO - [2024-09-04 21:22:40,376] {dag.py:2972} INFO - Setting next_dagrun for bashoperator to 2024-05-15T00:00:00+00:00, run_after=2024-05-16T00:00:00+00:00
[2024-09-04 21:22:40,385] {processor.py:161} INFO - Processing /opt/airflow/dags/1-bashoperator.py took 0.049 seconds
[2024-09-04 21:23:10,824] {processor.py:153} INFO - Started process (PID=2957) to work on /opt/airflow/dags/1-bashoperator.py
[2024-09-04 21:23:10,824] {processor.py:641} INFO - Processing file /opt/airflow/dags/1-bashoperator.py for tasks to queue
[2024-09-04 21:23:10,825] {logging_mixin.py:115} INFO - [2024-09-04 21:23:10,825] {dagbag.py:508} INFO - Filling up the DagBag from /opt/airflow/dags/1-bashoperator.py
[2024-09-04 21:23:10,829] {processor.py:651} INFO - DAG(s) dict_keys(['bashoperator']) retrieved from /opt/airflow/dags/1-bashoperator.py
[2024-09-04 21:23:10,845] {logging_mixin.py:115} INFO - [2024-09-04 21:23:10,845] {dag.py:2420} INFO - Sync 1 DAGs
[2024-09-04 21:23:10,859] {logging_mixin.py:115} INFO - [2024-09-04 21:23:10,859] {dag.py:2972} INFO - Setting next_dagrun for bashoperator to 2024-05-15T00:00:00+00:00, run_after=2024-05-16T00:00:00+00:00
[2024-09-04 21:23:10,868] {processor.py:161} INFO - Processing /opt/airflow/dags/1-bashoperator.py took 0.046 seconds
[2024-09-04 21:23:41,302] {processor.py:153} INFO - Started process (PID=2996) to work on /opt/airflow/dags/1-bashoperator.py
[2024-09-04 21:23:41,303] {processor.py:641} INFO - Processing file /opt/airflow/dags/1-bashoperator.py for tasks to queue
[2024-09-04 21:23:41,303] {logging_mixin.py:115} INFO - [2024-09-04 21:23:41,303] {dagbag.py:508} INFO - Filling up the DagBag from /opt/airflow/dags/1-bashoperator.py
[2024-09-04 21:23:41,308] {processor.py:651} INFO - DAG(s) dict_keys(['bashoperator']) retrieved from /opt/airflow/dags/1-bashoperator.py
[2024-09-04 21:23:41,324] {logging_mixin.py:115} INFO - [2024-09-04 21:23:41,324] {dag.py:2420} INFO - Sync 1 DAGs
[2024-09-04 21:23:41,338] {logging_mixin.py:115} INFO - [2024-09-04 21:23:41,338] {dag.py:2972} INFO - Setting next_dagrun for bashoperator to 2024-05-15T00:00:00+00:00, run_after=2024-05-16T00:00:00+00:00
[2024-09-04 21:23:41,346] {processor.py:161} INFO - Processing /opt/airflow/dags/1-bashoperator.py took 0.046 seconds
[2024-09-04 21:24:11,838] {processor.py:153} INFO - Started process (PID=3035) to work on /opt/airflow/dags/1-bashoperator.py
[2024-09-04 21:24:11,838] {processor.py:641} INFO - Processing file /opt/airflow/dags/1-bashoperator.py for tasks to queue
[2024-09-04 21:24:11,839] {logging_mixin.py:115} INFO - [2024-09-04 21:24:11,839] {dagbag.py:508} INFO - Filling up the DagBag from /opt/airflow/dags/1-bashoperator.py
[2024-09-04 21:24:11,842] {processor.py:651} INFO - DAG(s) dict_keys(['bashoperator']) retrieved from /opt/airflow/dags/1-bashoperator.py
[2024-09-04 21:24:11,859] {logging_mixin.py:115} INFO - [2024-09-04 21:24:11,859] {dag.py:2420} INFO - Sync 1 DAGs
[2024-09-04 21:24:11,872] {logging_mixin.py:115} INFO - [2024-09-04 21:24:11,872] {dag.py:2972} INFO - Setting next_dagrun for bashoperator to 2024-05-15T00:00:00+00:00, run_after=2024-05-16T00:00:00+00:00
[2024-09-04 21:24:11,880] {processor.py:161} INFO - Processing /opt/airflow/dags/1-bashoperator.py took 0.044 seconds
[2024-09-04 21:24:42,293] {processor.py:153} INFO - Started process (PID=3065) to work on /opt/airflow/dags/1-bashoperator.py
[2024-09-04 21:24:42,293] {processor.py:641} INFO - Processing file /opt/airflow/dags/1-bashoperator.py for tasks to queue
[2024-09-04 21:24:42,294] {logging_mixin.py:115} INFO - [2024-09-04 21:24:42,294] {dagbag.py:508} INFO - Filling up the DagBag from /opt/airflow/dags/1-bashoperator.py
[2024-09-04 21:24:42,297] {processor.py:651} INFO - DAG(s) dict_keys(['bashoperator']) retrieved from /opt/airflow/dags/1-bashoperator.py
[2024-09-04 21:24:42,313] {logging_mixin.py:115} INFO - [2024-09-04 21:24:42,313] {dag.py:2420} INFO - Sync 1 DAGs
[2024-09-04 21:24:42,326] {logging_mixin.py:115} INFO - [2024-09-04 21:24:42,326] {dag.py:2972} INFO - Setting next_dagrun for bashoperator to 2024-05-15T00:00:00+00:00, run_after=2024-05-16T00:00:00+00:00
[2024-09-04 21:24:42,334] {processor.py:161} INFO - Processing /opt/airflow/dags/1-bashoperator.py took 0.044 seconds
[2024-09-04 21:25:12,788] {processor.py:153} INFO - Started process (PID=3104) to work on /opt/airflow/dags/1-bashoperator.py
[2024-09-04 21:25:12,789] {processor.py:641} INFO - Processing file /opt/airflow/dags/1-bashoperator.py for tasks to queue
[2024-09-04 21:25:12,789] {logging_mixin.py:115} INFO - [2024-09-04 21:25:12,789] {dagbag.py:508} INFO - Filling up the DagBag from /opt/airflow/dags/1-bashoperator.py
[2024-09-04 21:25:12,793] {processor.py:651} INFO - DAG(s) dict_keys(['bashoperator']) retrieved from /opt/airflow/dags/1-bashoperator.py
[2024-09-04 21:25:12,809] {logging_mixin.py:115} INFO - [2024-09-04 21:25:12,809] {dag.py:2420} INFO - Sync 1 DAGs
[2024-09-04 21:25:12,822] {logging_mixin.py:115} INFO - [2024-09-04 21:25:12,822] {dag.py:2972} INFO - Setting next_dagrun for bashoperator to 2024-05-15T00:00:00+00:00, run_after=2024-05-16T00:00:00+00:00
[2024-09-04 21:25:12,830] {processor.py:161} INFO - Processing /opt/airflow/dags/1-bashoperator.py took 0.044 seconds
[2024-09-04 21:25:43,261] {processor.py:153} INFO - Started process (PID=3142) to work on /opt/airflow/dags/1-bashoperator.py
[2024-09-04 21:25:43,261] {processor.py:641} INFO - Processing file /opt/airflow/dags/1-bashoperator.py for tasks to queue
[2024-09-04 21:25:43,261] {logging_mixin.py:115} INFO - [2024-09-04 21:25:43,261] {dagbag.py:508} INFO - Filling up the DagBag from /opt/airflow/dags/1-bashoperator.py
[2024-09-04 21:25:43,265] {processor.py:651} INFO - DAG(s) dict_keys(['bashoperator']) retrieved from /opt/airflow/dags/1-bashoperator.py
[2024-09-04 21:25:43,281] {logging_mixin.py:115} INFO - [2024-09-04 21:25:43,281] {dag.py:2420} INFO - Sync 1 DAGs
[2024-09-04 21:25:43,294] {logging_mixin.py:115} INFO - [2024-09-04 21:25:43,294] {dag.py:2972} INFO - Setting next_dagrun for bashoperator to 2024-05-15T00:00:00+00:00, run_after=2024-05-16T00:00:00+00:00
[2024-09-04 21:25:43,303] {processor.py:161} INFO - Processing /opt/airflow/dags/1-bashoperator.py took 0.044 seconds
[2024-09-04 21:26:13,786] {processor.py:153} INFO - Started process (PID=3179) to work on /opt/airflow/dags/1-bashoperator.py
[2024-09-04 21:26:13,786] {processor.py:641} INFO - Processing file /opt/airflow/dags/1-bashoperator.py for tasks to queue
[2024-09-04 21:26:13,787] {logging_mixin.py:115} INFO - [2024-09-04 21:26:13,787] {dagbag.py:508} INFO - Filling up the DagBag from /opt/airflow/dags/1-bashoperator.py
[2024-09-04 21:26:13,792] {processor.py:651} INFO - DAG(s) dict_keys(['bashoperator']) retrieved from /opt/airflow/dags/1-bashoperator.py
[2024-09-04 21:26:13,812] {logging_mixin.py:115} INFO - [2024-09-04 21:26:13,812] {dag.py:2420} INFO - Sync 1 DAGs
[2024-09-04 21:26:13,831] {logging_mixin.py:115} INFO - [2024-09-04 21:26:13,830] {dag.py:2972} INFO - Setting next_dagrun for bashoperator to 2024-05-15T00:00:00+00:00, run_after=2024-05-16T00:00:00+00:00
[2024-09-04 21:26:13,841] {processor.py:161} INFO - Processing /opt/airflow/dags/1-bashoperator.py took 0.057 seconds
[2024-09-04 21:26:44,240] {processor.py:153} INFO - Started process (PID=3218) to work on /opt/airflow/dags/1-bashoperator.py
[2024-09-04 21:26:44,240] {processor.py:641} INFO - Processing file /opt/airflow/dags/1-bashoperator.py for tasks to queue
[2024-09-04 21:26:44,241] {logging_mixin.py:115} INFO - [2024-09-04 21:26:44,241] {dagbag.py:508} INFO - Filling up the DagBag from /opt/airflow/dags/1-bashoperator.py
[2024-09-04 21:26:44,245] {processor.py:651} INFO - DAG(s) dict_keys(['bashoperator']) retrieved from /opt/airflow/dags/1-bashoperator.py
[2024-09-04 21:26:44,262] {logging_mixin.py:115} INFO - [2024-09-04 21:26:44,262] {dag.py:2420} INFO - Sync 1 DAGs
[2024-09-04 21:26:44,275] {logging_mixin.py:115} INFO - [2024-09-04 21:26:44,275] {dag.py:2972} INFO - Setting next_dagrun for bashoperator to 2024-05-15T00:00:00+00:00, run_after=2024-05-16T00:00:00+00:00
[2024-09-04 21:26:44,286] {processor.py:161} INFO - Processing /opt/airflow/dags/1-bashoperator.py took 0.048 seconds
[2024-09-04 21:27:14,803] {processor.py:153} INFO - Started process (PID=3257) to work on /opt/airflow/dags/1-bashoperator.py
[2024-09-04 21:27:14,804] {processor.py:641} INFO - Processing file /opt/airflow/dags/1-bashoperator.py for tasks to queue
[2024-09-04 21:27:14,804] {logging_mixin.py:115} INFO - [2024-09-04 21:27:14,804] {dagbag.py:508} INFO - Filling up the DagBag from /opt/airflow/dags/1-bashoperator.py
[2024-09-04 21:27:14,809] {processor.py:651} INFO - DAG(s) dict_keys(['bashoperator']) retrieved from /opt/airflow/dags/1-bashoperator.py
[2024-09-04 21:27:14,835] {logging_mixin.py:115} INFO - [2024-09-04 21:27:14,835] {dag.py:2420} INFO - Sync 1 DAGs
[2024-09-04 21:27:14,860] {logging_mixin.py:115} INFO - [2024-09-04 21:27:14,859] {dag.py:2972} INFO - Setting next_dagrun for bashoperator to 2024-05-15T00:00:00+00:00, run_after=2024-05-16T00:00:00+00:00
[2024-09-04 21:27:14,873] {processor.py:161} INFO - Processing /opt/airflow/dags/1-bashoperator.py took 0.073 seconds
[2024-09-04 21:27:45,400] {processor.py:153} INFO - Started process (PID=3287) to work on /opt/airflow/dags/1-bashoperator.py
[2024-09-04 21:27:45,400] {processor.py:641} INFO - Processing file /opt/airflow/dags/1-bashoperator.py for tasks to queue
[2024-09-04 21:27:45,400] {logging_mixin.py:115} INFO - [2024-09-04 21:27:45,400] {dagbag.py:508} INFO - Filling up the DagBag from /opt/airflow/dags/1-bashoperator.py
[2024-09-04 21:27:45,404] {processor.py:651} INFO - DAG(s) dict_keys(['bashoperator']) retrieved from /opt/airflow/dags/1-bashoperator.py
[2024-09-04 21:27:45,421] {logging_mixin.py:115} INFO - [2024-09-04 21:27:45,421] {dag.py:2420} INFO - Sync 1 DAGs
[2024-09-04 21:27:45,434] {logging_mixin.py:115} INFO - [2024-09-04 21:27:45,434] {dag.py:2972} INFO - Setting next_dagrun for bashoperator to 2024-05-15T00:00:00+00:00, run_after=2024-05-16T00:00:00+00:00
[2024-09-04 21:27:45,441] {processor.py:161} INFO - Processing /opt/airflow/dags/1-bashoperator.py took 0.044 seconds
[2024-09-04 21:28:15,869] {processor.py:153} INFO - Started process (PID=3325) to work on /opt/airflow/dags/1-bashoperator.py
[2024-09-04 21:28:15,869] {processor.py:641} INFO - Processing file /opt/airflow/dags/1-bashoperator.py for tasks to queue
[2024-09-04 21:28:15,869] {logging_mixin.py:115} INFO - [2024-09-04 21:28:15,869] {dagbag.py:508} INFO - Filling up the DagBag from /opt/airflow/dags/1-bashoperator.py
[2024-09-04 21:28:15,873] {processor.py:651} INFO - DAG(s) dict_keys(['bashoperator']) retrieved from /opt/airflow/dags/1-bashoperator.py
[2024-09-04 21:28:15,890] {logging_mixin.py:115} INFO - [2024-09-04 21:28:15,890] {dag.py:2420} INFO - Sync 1 DAGs
[2024-09-04 21:28:15,905] {logging_mixin.py:115} INFO - [2024-09-04 21:28:15,904] {dag.py:2972} INFO - Setting next_dagrun for bashoperator to 2024-05-15T00:00:00+00:00, run_after=2024-05-16T00:00:00+00:00
[2024-09-04 21:28:15,914] {processor.py:161} INFO - Processing /opt/airflow/dags/1-bashoperator.py took 0.047 seconds
[2024-09-04 21:28:46,293] {processor.py:153} INFO - Started process (PID=3364) to work on /opt/airflow/dags/1-bashoperator.py
[2024-09-04 21:28:46,293] {processor.py:641} INFO - Processing file /opt/airflow/dags/1-bashoperator.py for tasks to queue
[2024-09-04 21:28:46,294] {logging_mixin.py:115} INFO - [2024-09-04 21:28:46,294] {dagbag.py:508} INFO - Filling up the DagBag from /opt/airflow/dags/1-bashoperator.py
[2024-09-04 21:28:46,299] {processor.py:651} INFO - DAG(s) dict_keys(['bashoperator']) retrieved from /opt/airflow/dags/1-bashoperator.py
[2024-09-04 21:28:46,319] {logging_mixin.py:115} INFO - [2024-09-04 21:28:46,319] {dag.py:2420} INFO - Sync 1 DAGs
[2024-09-04 21:28:46,342] {logging_mixin.py:115} INFO - [2024-09-04 21:28:46,342] {dag.py:2972} INFO - Setting next_dagrun for bashoperator to 2024-05-15T00:00:00+00:00, run_after=2024-05-16T00:00:00+00:00
[2024-09-04 21:28:46,352] {processor.py:161} INFO - Processing /opt/airflow/dags/1-bashoperator.py took 0.062 seconds
[2024-09-04 21:29:16,782] {processor.py:153} INFO - Started process (PID=3403) to work on /opt/airflow/dags/1-bashoperator.py
[2024-09-04 21:29:16,782] {processor.py:641} INFO - Processing file /opt/airflow/dags/1-bashoperator.py for tasks to queue
[2024-09-04 21:29:16,783] {logging_mixin.py:115} INFO - [2024-09-04 21:29:16,783] {dagbag.py:508} INFO - Filling up the DagBag from /opt/airflow/dags/1-bashoperator.py
[2024-09-04 21:29:16,787] {processor.py:651} INFO - DAG(s) dict_keys(['bashoperator']) retrieved from /opt/airflow/dags/1-bashoperator.py
[2024-09-04 21:29:16,805] {logging_mixin.py:115} INFO - [2024-09-04 21:29:16,805] {dag.py:2420} INFO - Sync 1 DAGs
[2024-09-04 21:29:16,820] {logging_mixin.py:115} INFO - [2024-09-04 21:29:16,820] {dag.py:2972} INFO - Setting next_dagrun for bashoperator to 2024-05-15T00:00:00+00:00, run_after=2024-05-16T00:00:00+00:00
[2024-09-04 21:29:16,831] {processor.py:161} INFO - Processing /opt/airflow/dags/1-bashoperator.py took 0.051 seconds
[2024-09-04 21:29:47,346] {processor.py:153} INFO - Started process (PID=3441) to work on /opt/airflow/dags/1-bashoperator.py
[2024-09-04 21:29:47,346] {processor.py:641} INFO - Processing file /opt/airflow/dags/1-bashoperator.py for tasks to queue
[2024-09-04 21:29:47,346] {logging_mixin.py:115} INFO - [2024-09-04 21:29:47,346] {dagbag.py:508} INFO - Filling up the DagBag from /opt/airflow/dags/1-bashoperator.py
[2024-09-04 21:29:47,350] {processor.py:651} INFO - DAG(s) dict_keys(['bashoperator']) retrieved from /opt/airflow/dags/1-bashoperator.py
[2024-09-04 21:29:47,372] {logging_mixin.py:115} INFO - [2024-09-04 21:29:47,372] {dag.py:2420} INFO - Sync 1 DAGs
[2024-09-04 21:29:47,388] {logging_mixin.py:115} INFO - [2024-09-04 21:29:47,388] {dag.py:2972} INFO - Setting next_dagrun for bashoperator to 2024-05-15T00:00:00+00:00, run_after=2024-05-16T00:00:00+00:00
[2024-09-04 21:29:47,396] {processor.py:161} INFO - Processing /opt/airflow/dags/1-bashoperator.py took 0.053 seconds
[2024-09-04 21:30:17,819] {processor.py:153} INFO - Started process (PID=3471) to work on /opt/airflow/dags/1-bashoperator.py
[2024-09-04 21:30:17,820] {processor.py:641} INFO - Processing file /opt/airflow/dags/1-bashoperator.py for tasks to queue
[2024-09-04 21:30:17,820] {logging_mixin.py:115} INFO - [2024-09-04 21:30:17,820] {dagbag.py:508} INFO - Filling up the DagBag from /opt/airflow/dags/1-bashoperator.py
[2024-09-04 21:30:17,824] {processor.py:651} INFO - DAG(s) dict_keys(['bashoperator']) retrieved from /opt/airflow/dags/1-bashoperator.py
[2024-09-04 21:30:17,839] {logging_mixin.py:115} INFO - [2024-09-04 21:30:17,839] {dag.py:2420} INFO - Sync 1 DAGs
[2024-09-04 21:30:17,852] {logging_mixin.py:115} INFO - [2024-09-04 21:30:17,852] {dag.py:2972} INFO - Setting next_dagrun for bashoperator to 2024-05-15T00:00:00+00:00, run_after=2024-05-16T00:00:00+00:00
[2024-09-04 21:30:17,861] {processor.py:161} INFO - Processing /opt/airflow/dags/1-bashoperator.py took 0.043 seconds
[2024-09-04 21:30:48,308] {processor.py:153} INFO - Started process (PID=3509) to work on /opt/airflow/dags/1-bashoperator.py
[2024-09-04 21:30:48,308] {processor.py:641} INFO - Processing file /opt/airflow/dags/1-bashoperator.py for tasks to queue
[2024-09-04 21:30:48,308] {logging_mixin.py:115} INFO - [2024-09-04 21:30:48,308] {dagbag.py:508} INFO - Filling up the DagBag from /opt/airflow/dags/1-bashoperator.py
[2024-09-04 21:30:48,314] {processor.py:651} INFO - DAG(s) dict_keys(['bashoperator']) retrieved from /opt/airflow/dags/1-bashoperator.py
[2024-09-04 21:30:48,331] {logging_mixin.py:115} INFO - [2024-09-04 21:30:48,331] {dag.py:2420} INFO - Sync 1 DAGs
[2024-09-04 21:30:48,345] {logging_mixin.py:115} INFO - [2024-09-04 21:30:48,345] {dag.py:2972} INFO - Setting next_dagrun for bashoperator to 2024-05-15T00:00:00+00:00, run_after=2024-05-16T00:00:00+00:00
[2024-09-04 21:30:48,354] {processor.py:161} INFO - Processing /opt/airflow/dags/1-bashoperator.py took 0.048 seconds
[2024-09-04 21:31:18,786] {processor.py:153} INFO - Started process (PID=3548) to work on /opt/airflow/dags/1-bashoperator.py
[2024-09-04 21:31:18,786] {processor.py:641} INFO - Processing file /opt/airflow/dags/1-bashoperator.py for tasks to queue
[2024-09-04 21:31:18,787] {logging_mixin.py:115} INFO - [2024-09-04 21:31:18,787] {dagbag.py:508} INFO - Filling up the DagBag from /opt/airflow/dags/1-bashoperator.py
[2024-09-04 21:31:18,794] {processor.py:651} INFO - DAG(s) dict_keys(['bashoperator']) retrieved from /opt/airflow/dags/1-bashoperator.py
[2024-09-04 21:31:18,817] {logging_mixin.py:115} INFO - [2024-09-04 21:31:18,817] {dag.py:2420} INFO - Sync 1 DAGs
[2024-09-04 21:31:18,833] {logging_mixin.py:115} INFO - [2024-09-04 21:31:18,833] {dag.py:2972} INFO - Setting next_dagrun for bashoperator to 2024-05-15T00:00:00+00:00, run_after=2024-05-16T00:00:00+00:00
[2024-09-04 21:31:18,842] {processor.py:161} INFO - Processing /opt/airflow/dags/1-bashoperator.py took 0.059 seconds
[2024-09-04 21:31:49,316] {processor.py:153} INFO - Started process (PID=3587) to work on /opt/airflow/dags/1-bashoperator.py
[2024-09-04 21:31:49,316] {processor.py:641} INFO - Processing file /opt/airflow/dags/1-bashoperator.py for tasks to queue
[2024-09-04 21:31:49,317] {logging_mixin.py:115} INFO - [2024-09-04 21:31:49,317] {dagbag.py:508} INFO - Filling up the DagBag from /opt/airflow/dags/1-bashoperator.py
[2024-09-04 21:31:49,321] {processor.py:651} INFO - DAG(s) dict_keys(['bashoperator']) retrieved from /opt/airflow/dags/1-bashoperator.py
[2024-09-04 21:31:49,339] {logging_mixin.py:115} INFO - [2024-09-04 21:31:49,339] {dag.py:2420} INFO - Sync 1 DAGs
[2024-09-04 21:31:49,353] {logging_mixin.py:115} INFO - [2024-09-04 21:31:49,353] {dag.py:2972} INFO - Setting next_dagrun for bashoperator to 2024-05-15T00:00:00+00:00, run_after=2024-05-16T00:00:00+00:00
[2024-09-04 21:31:49,361] {processor.py:161} INFO - Processing /opt/airflow/dags/1-bashoperator.py took 0.047 seconds
[2024-09-04 21:32:19,779] {processor.py:153} INFO - Started process (PID=3625) to work on /opt/airflow/dags/1-bashoperator.py
[2024-09-04 21:32:19,779] {processor.py:641} INFO - Processing file /opt/airflow/dags/1-bashoperator.py for tasks to queue
[2024-09-04 21:32:19,780] {logging_mixin.py:115} INFO - [2024-09-04 21:32:19,780] {dagbag.py:508} INFO - Filling up the DagBag from /opt/airflow/dags/1-bashoperator.py
[2024-09-04 21:32:19,785] {processor.py:651} INFO - DAG(s) dict_keys(['bashoperator']) retrieved from /opt/airflow/dags/1-bashoperator.py
[2024-09-04 21:32:19,800] {logging_mixin.py:115} INFO - [2024-09-04 21:32:19,800] {dag.py:2420} INFO - Sync 1 DAGs
[2024-09-04 21:32:19,814] {logging_mixin.py:115} INFO - [2024-09-04 21:32:19,814] {dag.py:2972} INFO - Setting next_dagrun for bashoperator to 2024-05-15T00:00:00+00:00, run_after=2024-05-16T00:00:00+00:00
[2024-09-04 21:32:19,822] {processor.py:161} INFO - Processing /opt/airflow/dags/1-bashoperator.py took 0.045 seconds
[2024-09-04 21:32:50,319] {processor.py:153} INFO - Started process (PID=3663) to work on /opt/airflow/dags/1-bashoperator.py
[2024-09-04 21:32:50,320] {processor.py:641} INFO - Processing file /opt/airflow/dags/1-bashoperator.py for tasks to queue
[2024-09-04 21:32:50,320] {logging_mixin.py:115} INFO - [2024-09-04 21:32:50,320] {dagbag.py:508} INFO - Filling up the DagBag from /opt/airflow/dags/1-bashoperator.py
[2024-09-04 21:32:50,324] {processor.py:651} INFO - DAG(s) dict_keys(['bashoperator']) retrieved from /opt/airflow/dags/1-bashoperator.py
[2024-09-04 21:32:50,342] {logging_mixin.py:115} INFO - [2024-09-04 21:32:50,342] {dag.py:2420} INFO - Sync 1 DAGs
[2024-09-04 21:32:50,355] {logging_mixin.py:115} INFO - [2024-09-04 21:32:50,355] {dag.py:2972} INFO - Setting next_dagrun for bashoperator to 2024-05-15T00:00:00+00:00, run_after=2024-05-16T00:00:00+00:00
[2024-09-04 21:32:50,363] {processor.py:161} INFO - Processing /opt/airflow/dags/1-bashoperator.py took 0.046 seconds
[2024-09-04 21:33:20,862] {processor.py:153} INFO - Started process (PID=3693) to work on /opt/airflow/dags/1-bashoperator.py
[2024-09-04 21:33:20,862] {processor.py:641} INFO - Processing file /opt/airflow/dags/1-bashoperator.py for tasks to queue
[2024-09-04 21:33:20,863] {logging_mixin.py:115} INFO - [2024-09-04 21:33:20,863] {dagbag.py:508} INFO - Filling up the DagBag from /opt/airflow/dags/1-bashoperator.py
[2024-09-04 21:33:20,868] {processor.py:651} INFO - DAG(s) dict_keys(['bashoperator']) retrieved from /opt/airflow/dags/1-bashoperator.py
[2024-09-04 21:33:20,885] {logging_mixin.py:115} INFO - [2024-09-04 21:33:20,885] {dag.py:2420} INFO - Sync 1 DAGs
[2024-09-04 21:33:20,900] {logging_mixin.py:115} INFO - [2024-09-04 21:33:20,899] {dag.py:2972} INFO - Setting next_dagrun for bashoperator to 2024-05-15T00:00:00+00:00, run_after=2024-05-16T00:00:00+00:00
[2024-09-04 21:33:20,908] {processor.py:161} INFO - Processing /opt/airflow/dags/1-bashoperator.py took 0.050 seconds
[2024-09-04 21:33:51,386] {processor.py:153} INFO - Started process (PID=3732) to work on /opt/airflow/dags/1-bashoperator.py
[2024-09-04 21:33:51,386] {processor.py:641} INFO - Processing file /opt/airflow/dags/1-bashoperator.py for tasks to queue
[2024-09-04 21:33:51,387] {logging_mixin.py:115} INFO - [2024-09-04 21:33:51,387] {dagbag.py:508} INFO - Filling up the DagBag from /opt/airflow/dags/1-bashoperator.py
[2024-09-04 21:33:51,391] {processor.py:651} INFO - DAG(s) dict_keys(['bashoperator']) retrieved from /opt/airflow/dags/1-bashoperator.py
[2024-09-04 21:33:51,408] {logging_mixin.py:115} INFO - [2024-09-04 21:33:51,408] {dag.py:2420} INFO - Sync 1 DAGs
[2024-09-04 21:33:51,423] {logging_mixin.py:115} INFO - [2024-09-04 21:33:51,423] {dag.py:2972} INFO - Setting next_dagrun for bashoperator to 2024-05-15T00:00:00+00:00, run_after=2024-05-16T00:00:00+00:00
[2024-09-04 21:33:51,432] {processor.py:161} INFO - Processing /opt/airflow/dags/1-bashoperator.py took 0.048 seconds
[2024-09-04 21:34:21,915] {processor.py:153} INFO - Started process (PID=3770) to work on /opt/airflow/dags/1-bashoperator.py
[2024-09-04 21:34:21,915] {processor.py:641} INFO - Processing file /opt/airflow/dags/1-bashoperator.py for tasks to queue
[2024-09-04 21:34:21,916] {logging_mixin.py:115} INFO - [2024-09-04 21:34:21,915] {dagbag.py:508} INFO - Filling up the DagBag from /opt/airflow/dags/1-bashoperator.py
[2024-09-04 21:34:21,919] {processor.py:651} INFO - DAG(s) dict_keys(['bashoperator']) retrieved from /opt/airflow/dags/1-bashoperator.py
[2024-09-04 21:34:21,935] {logging_mixin.py:115} INFO - [2024-09-04 21:34:21,935] {dag.py:2420} INFO - Sync 1 DAGs
[2024-09-04 21:34:21,948] {logging_mixin.py:115} INFO - [2024-09-04 21:34:21,948] {dag.py:2972} INFO - Setting next_dagrun for bashoperator to 2024-05-15T00:00:00+00:00, run_after=2024-05-16T00:00:00+00:00
[2024-09-04 21:34:21,956] {processor.py:161} INFO - Processing /opt/airflow/dags/1-bashoperator.py took 0.043 seconds
[2024-09-04 21:34:52,408] {processor.py:153} INFO - Started process (PID=3809) to work on /opt/airflow/dags/1-bashoperator.py
[2024-09-04 21:34:52,408] {processor.py:641} INFO - Processing file /opt/airflow/dags/1-bashoperator.py for tasks to queue
[2024-09-04 21:34:52,408] {logging_mixin.py:115} INFO - [2024-09-04 21:34:52,408] {dagbag.py:508} INFO - Filling up the DagBag from /opt/airflow/dags/1-bashoperator.py
[2024-09-04 21:34:52,412] {processor.py:651} INFO - DAG(s) dict_keys(['bashoperator']) retrieved from /opt/airflow/dags/1-bashoperator.py
[2024-09-04 21:34:52,430] {logging_mixin.py:115} INFO - [2024-09-04 21:34:52,430] {dag.py:2420} INFO - Sync 1 DAGs
[2024-09-04 21:34:52,444] {logging_mixin.py:115} INFO - [2024-09-04 21:34:52,444] {dag.py:2972} INFO - Setting next_dagrun for bashoperator to 2024-05-15T00:00:00+00:00, run_after=2024-05-16T00:00:00+00:00
[2024-09-04 21:34:52,455] {processor.py:161} INFO - Processing /opt/airflow/dags/1-bashoperator.py took 0.049 seconds
[2024-09-04 21:35:22,920] {processor.py:153} INFO - Started process (PID=3848) to work on /opt/airflow/dags/1-bashoperator.py
[2024-09-04 21:35:22,920] {processor.py:641} INFO - Processing file /opt/airflow/dags/1-bashoperator.py for tasks to queue
[2024-09-04 21:35:22,921] {logging_mixin.py:115} INFO - [2024-09-04 21:35:22,921] {dagbag.py:508} INFO - Filling up the DagBag from /opt/airflow/dags/1-bashoperator.py
[2024-09-04 21:35:22,925] {processor.py:651} INFO - DAG(s) dict_keys(['bashoperator']) retrieved from /opt/airflow/dags/1-bashoperator.py
[2024-09-04 21:35:22,941] {logging_mixin.py:115} INFO - [2024-09-04 21:35:22,940] {dag.py:2420} INFO - Sync 1 DAGs
[2024-09-04 21:35:22,953] {logging_mixin.py:115} INFO - [2024-09-04 21:35:22,953] {dag.py:2972} INFO - Setting next_dagrun for bashoperator to 2024-05-15T00:00:00+00:00, run_after=2024-05-16T00:00:00+00:00
[2024-09-04 21:35:22,961] {processor.py:161} INFO - Processing /opt/airflow/dags/1-bashoperator.py took 0.043 seconds
[2024-09-04 21:35:53,419] {processor.py:153} INFO - Started process (PID=3887) to work on /opt/airflow/dags/1-bashoperator.py
[2024-09-04 21:35:53,420] {processor.py:641} INFO - Processing file /opt/airflow/dags/1-bashoperator.py for tasks to queue
[2024-09-04 21:35:53,420] {logging_mixin.py:115} INFO - [2024-09-04 21:35:53,420] {dagbag.py:508} INFO - Filling up the DagBag from /opt/airflow/dags/1-bashoperator.py
[2024-09-04 21:35:53,425] {processor.py:651} INFO - DAG(s) dict_keys(['bashoperator']) retrieved from /opt/airflow/dags/1-bashoperator.py
[2024-09-04 21:35:53,447] {logging_mixin.py:115} INFO - [2024-09-04 21:35:53,447] {dag.py:2420} INFO - Sync 1 DAGs
[2024-09-04 21:35:53,471] {logging_mixin.py:115} INFO - [2024-09-04 21:35:53,471] {dag.py:2972} INFO - Setting next_dagrun for bashoperator to 2024-05-15T00:00:00+00:00, run_after=2024-05-16T00:00:00+00:00
[2024-09-04 21:35:53,488] {processor.py:161} INFO - Processing /opt/airflow/dags/1-bashoperator.py took 0.071 seconds
[2024-09-04 21:36:23,933] {processor.py:153} INFO - Started process (PID=3917) to work on /opt/airflow/dags/1-bashoperator.py
[2024-09-04 21:36:23,933] {processor.py:641} INFO - Processing file /opt/airflow/dags/1-bashoperator.py for tasks to queue
[2024-09-04 21:36:23,934] {logging_mixin.py:115} INFO - [2024-09-04 21:36:23,934] {dagbag.py:508} INFO - Filling up the DagBag from /opt/airflow/dags/1-bashoperator.py
[2024-09-04 21:36:23,938] {processor.py:651} INFO - DAG(s) dict_keys(['bashoperator']) retrieved from /opt/airflow/dags/1-bashoperator.py
[2024-09-04 21:36:23,954] {logging_mixin.py:115} INFO - [2024-09-04 21:36:23,954] {dag.py:2420} INFO - Sync 1 DAGs
[2024-09-04 21:36:23,967] {logging_mixin.py:115} INFO - [2024-09-04 21:36:23,967] {dag.py:2972} INFO - Setting next_dagrun for bashoperator to 2024-05-15T00:00:00+00:00, run_after=2024-05-16T00:00:00+00:00
[2024-09-04 21:36:23,975] {processor.py:161} INFO - Processing /opt/airflow/dags/1-bashoperator.py took 0.044 seconds
[2024-09-04 21:36:54,389] {processor.py:153} INFO - Started process (PID=3956) to work on /opt/airflow/dags/1-bashoperator.py
[2024-09-04 21:36:54,390] {processor.py:641} INFO - Processing file /opt/airflow/dags/1-bashoperator.py for tasks to queue
[2024-09-04 21:36:54,390] {logging_mixin.py:115} INFO - [2024-09-04 21:36:54,390] {dagbag.py:508} INFO - Filling up the DagBag from /opt/airflow/dags/1-bashoperator.py
[2024-09-04 21:36:54,393] {processor.py:651} INFO - DAG(s) dict_keys(['bashoperator']) retrieved from /opt/airflow/dags/1-bashoperator.py
[2024-09-04 21:36:54,411] {logging_mixin.py:115} INFO - [2024-09-04 21:36:54,411] {dag.py:2420} INFO - Sync 1 DAGs
[2024-09-04 21:36:54,424] {logging_mixin.py:115} INFO - [2024-09-04 21:36:54,424] {dag.py:2972} INFO - Setting next_dagrun for bashoperator to 2024-05-15T00:00:00+00:00, run_after=2024-05-16T00:00:00+00:00
[2024-09-04 21:36:54,433] {processor.py:161} INFO - Processing /opt/airflow/dags/1-bashoperator.py took 0.046 seconds
[2024-09-04 21:37:24,876] {processor.py:153} INFO - Started process (PID=3994) to work on /opt/airflow/dags/1-bashoperator.py
[2024-09-04 21:37:24,876] {processor.py:641} INFO - Processing file /opt/airflow/dags/1-bashoperator.py for tasks to queue
[2024-09-04 21:37:24,877] {logging_mixin.py:115} INFO - [2024-09-04 21:37:24,877] {dagbag.py:508} INFO - Filling up the DagBag from /opt/airflow/dags/1-bashoperator.py
[2024-09-04 21:37:24,880] {processor.py:651} INFO - DAG(s) dict_keys(['bashoperator']) retrieved from /opt/airflow/dags/1-bashoperator.py
[2024-09-04 21:37:24,899] {logging_mixin.py:115} INFO - [2024-09-04 21:37:24,899] {dag.py:2420} INFO - Sync 1 DAGs
[2024-09-04 21:37:24,913] {logging_mixin.py:115} INFO - [2024-09-04 21:37:24,913] {dag.py:2972} INFO - Setting next_dagrun for bashoperator to 2024-05-15T00:00:00+00:00, run_after=2024-05-16T00:00:00+00:00
[2024-09-04 21:37:24,923] {processor.py:161} INFO - Processing /opt/airflow/dags/1-bashoperator.py took 0.049 seconds
[2024-09-04 21:37:55,344] {processor.py:153} INFO - Started process (PID=4033) to work on /opt/airflow/dags/1-bashoperator.py
[2024-09-04 21:37:55,344] {processor.py:641} INFO - Processing file /opt/airflow/dags/1-bashoperator.py for tasks to queue
[2024-09-04 21:37:55,345] {logging_mixin.py:115} INFO - [2024-09-04 21:37:55,345] {dagbag.py:508} INFO - Filling up the DagBag from /opt/airflow/dags/1-bashoperator.py
[2024-09-04 21:37:55,349] {processor.py:651} INFO - DAG(s) dict_keys(['bashoperator']) retrieved from /opt/airflow/dags/1-bashoperator.py
[2024-09-04 21:37:55,365] {logging_mixin.py:115} INFO - [2024-09-04 21:37:55,365] {dag.py:2420} INFO - Sync 1 DAGs
[2024-09-04 21:37:55,379] {logging_mixin.py:115} INFO - [2024-09-04 21:37:55,379] {dag.py:2972} INFO - Setting next_dagrun for bashoperator to 2024-05-15T00:00:00+00:00, run_after=2024-05-16T00:00:00+00:00
[2024-09-04 21:37:55,388] {processor.py:161} INFO - Processing /opt/airflow/dags/1-bashoperator.py took 0.046 seconds
[2024-09-04 21:38:25,821] {processor.py:153} INFO - Started process (PID=4072) to work on /opt/airflow/dags/1-bashoperator.py
[2024-09-04 21:38:25,822] {processor.py:641} INFO - Processing file /opt/airflow/dags/1-bashoperator.py for tasks to queue
[2024-09-04 21:38:25,822] {logging_mixin.py:115} INFO - [2024-09-04 21:38:25,822] {dagbag.py:508} INFO - Filling up the DagBag from /opt/airflow/dags/1-bashoperator.py
[2024-09-04 21:38:25,827] {processor.py:651} INFO - DAG(s) dict_keys(['bashoperator']) retrieved from /opt/airflow/dags/1-bashoperator.py
[2024-09-04 21:38:25,845] {logging_mixin.py:115} INFO - [2024-09-04 21:38:25,845] {dag.py:2420} INFO - Sync 1 DAGs
[2024-09-04 21:38:25,860] {logging_mixin.py:115} INFO - [2024-09-04 21:38:25,860] {dag.py:2972} INFO - Setting next_dagrun for bashoperator to 2024-05-15T00:00:00+00:00, run_after=2024-05-16T00:00:00+00:00
[2024-09-04 21:38:25,872] {processor.py:161} INFO - Processing /opt/airflow/dags/1-bashoperator.py took 0.054 seconds
[2024-09-04 21:38:56,261] {processor.py:153} INFO - Started process (PID=4102) to work on /opt/airflow/dags/1-bashoperator.py
[2024-09-04 21:38:56,262] {processor.py:641} INFO - Processing file /opt/airflow/dags/1-bashoperator.py for tasks to queue
[2024-09-04 21:38:56,262] {logging_mixin.py:115} INFO - [2024-09-04 21:38:56,262] {dagbag.py:508} INFO - Filling up the DagBag from /opt/airflow/dags/1-bashoperator.py
[2024-09-04 21:38:56,267] {processor.py:651} INFO - DAG(s) dict_keys(['bashoperator']) retrieved from /opt/airflow/dags/1-bashoperator.py
[2024-09-04 21:38:56,286] {logging_mixin.py:115} INFO - [2024-09-04 21:38:56,286] {dag.py:2420} INFO - Sync 1 DAGs
[2024-09-04 21:38:56,307] {logging_mixin.py:115} INFO - [2024-09-04 21:38:56,307] {dag.py:2972} INFO - Setting next_dagrun for bashoperator to 2024-05-15T00:00:00+00:00, run_after=2024-05-16T00:00:00+00:00
[2024-09-04 21:38:56,323] {processor.py:161} INFO - Processing /opt/airflow/dags/1-bashoperator.py took 0.064 seconds
[2024-09-04 21:39:26,797] {processor.py:153} INFO - Started process (PID=4141) to work on /opt/airflow/dags/1-bashoperator.py
[2024-09-04 21:39:26,797] {processor.py:641} INFO - Processing file /opt/airflow/dags/1-bashoperator.py for tasks to queue
[2024-09-04 21:39:26,797] {logging_mixin.py:115} INFO - [2024-09-04 21:39:26,797] {dagbag.py:508} INFO - Filling up the DagBag from /opt/airflow/dags/1-bashoperator.py
[2024-09-04 21:39:26,801] {processor.py:651} INFO - DAG(s) dict_keys(['bashoperator']) retrieved from /opt/airflow/dags/1-bashoperator.py
[2024-09-04 21:39:26,817] {logging_mixin.py:115} INFO - [2024-09-04 21:39:26,816] {dag.py:2420} INFO - Sync 1 DAGs
[2024-09-04 21:39:26,830] {logging_mixin.py:115} INFO - [2024-09-04 21:39:26,830] {dag.py:2972} INFO - Setting next_dagrun for bashoperator to 2024-05-15T00:00:00+00:00, run_after=2024-05-16T00:00:00+00:00
[2024-09-04 21:39:26,838] {processor.py:161} INFO - Processing /opt/airflow/dags/1-bashoperator.py took 0.044 seconds
[2024-09-04 21:39:57,373] {processor.py:153} INFO - Started process (PID=4179) to work on /opt/airflow/dags/1-bashoperator.py
[2024-09-04 21:39:57,373] {processor.py:641} INFO - Processing file /opt/airflow/dags/1-bashoperator.py for tasks to queue
[2024-09-04 21:39:57,373] {logging_mixin.py:115} INFO - [2024-09-04 21:39:57,373] {dagbag.py:508} INFO - Filling up the DagBag from /opt/airflow/dags/1-bashoperator.py
[2024-09-04 21:39:57,377] {processor.py:651} INFO - DAG(s) dict_keys(['bashoperator']) retrieved from /opt/airflow/dags/1-bashoperator.py
[2024-09-04 21:39:57,394] {logging_mixin.py:115} INFO - [2024-09-04 21:39:57,394] {dag.py:2420} INFO - Sync 1 DAGs
[2024-09-04 21:39:57,408] {logging_mixin.py:115} INFO - [2024-09-04 21:39:57,408] {dag.py:2972} INFO - Setting next_dagrun for bashoperator to 2024-05-15T00:00:00+00:00, run_after=2024-05-16T00:00:00+00:00
[2024-09-04 21:39:57,416] {processor.py:161} INFO - Processing /opt/airflow/dags/1-bashoperator.py took 0.046 seconds
[2024-09-04 21:40:27,919] {processor.py:153} INFO - Started process (PID=4218) to work on /opt/airflow/dags/1-bashoperator.py
[2024-09-04 21:40:27,919] {processor.py:641} INFO - Processing file /opt/airflow/dags/1-bashoperator.py for tasks to queue
[2024-09-04 21:40:27,920] {logging_mixin.py:115} INFO - [2024-09-04 21:40:27,920] {dagbag.py:508} INFO - Filling up the DagBag from /opt/airflow/dags/1-bashoperator.py
[2024-09-04 21:40:27,923] {processor.py:651} INFO - DAG(s) dict_keys(['bashoperator']) retrieved from /opt/airflow/dags/1-bashoperator.py
[2024-09-04 21:40:27,943] {logging_mixin.py:115} INFO - [2024-09-04 21:40:27,943] {dag.py:2420} INFO - Sync 1 DAGs
[2024-09-04 21:40:27,957] {logging_mixin.py:115} INFO - [2024-09-04 21:40:27,957] {dag.py:2972} INFO - Setting next_dagrun for bashoperator to 2024-05-15T00:00:00+00:00, run_after=2024-05-16T00:00:00+00:00
[2024-09-04 21:40:27,967] {processor.py:161} INFO - Processing /opt/airflow/dags/1-bashoperator.py took 0.050 seconds
[2024-09-04 21:40:58,427] {processor.py:153} INFO - Started process (PID=4257) to work on /opt/airflow/dags/1-bashoperator.py
[2024-09-04 21:40:58,428] {processor.py:641} INFO - Processing file /opt/airflow/dags/1-bashoperator.py for tasks to queue
[2024-09-04 21:40:58,428] {logging_mixin.py:115} INFO - [2024-09-04 21:40:58,428] {dagbag.py:508} INFO - Filling up the DagBag from /opt/airflow/dags/1-bashoperator.py
[2024-09-04 21:40:58,436] {processor.py:651} INFO - DAG(s) dict_keys(['bashoperator']) retrieved from /opt/airflow/dags/1-bashoperator.py
[2024-09-04 21:40:58,457] {logging_mixin.py:115} INFO - [2024-09-04 21:40:58,456] {dag.py:2420} INFO - Sync 1 DAGs
[2024-09-04 21:40:58,471] {logging_mixin.py:115} INFO - [2024-09-04 21:40:58,471] {dag.py:2972} INFO - Setting next_dagrun for bashoperator to 2024-05-15T00:00:00+00:00, run_after=2024-05-16T00:00:00+00:00
[2024-09-04 21:40:58,480] {processor.py:161} INFO - Processing /opt/airflow/dags/1-bashoperator.py took 0.055 seconds
[2024-09-04 21:41:28,995] {processor.py:153} INFO - Started process (PID=4296) to work on /opt/airflow/dags/1-bashoperator.py
[2024-09-04 21:41:28,995] {processor.py:641} INFO - Processing file /opt/airflow/dags/1-bashoperator.py for tasks to queue
[2024-09-04 21:41:28,996] {logging_mixin.py:115} INFO - [2024-09-04 21:41:28,996] {dagbag.py:508} INFO - Filling up the DagBag from /opt/airflow/dags/1-bashoperator.py
[2024-09-04 21:41:29,003] {processor.py:651} INFO - DAG(s) dict_keys(['bashoperator']) retrieved from /opt/airflow/dags/1-bashoperator.py
[2024-09-04 21:41:29,024] {logging_mixin.py:115} INFO - [2024-09-04 21:41:29,024] {dag.py:2420} INFO - Sync 1 DAGs
[2024-09-04 21:41:29,039] {logging_mixin.py:115} INFO - [2024-09-04 21:41:29,039] {dag.py:2972} INFO - Setting next_dagrun for bashoperator to 2024-05-15T00:00:00+00:00, run_after=2024-05-16T00:00:00+00:00
[2024-09-04 21:41:29,049] {processor.py:161} INFO - Processing /opt/airflow/dags/1-bashoperator.py took 0.057 seconds
[2024-09-04 21:41:59,533] {processor.py:153} INFO - Started process (PID=4326) to work on /opt/airflow/dags/1-bashoperator.py
[2024-09-04 21:41:59,534] {processor.py:641} INFO - Processing file /opt/airflow/dags/1-bashoperator.py for tasks to queue
[2024-09-04 21:41:59,534] {logging_mixin.py:115} INFO - [2024-09-04 21:41:59,534] {dagbag.py:508} INFO - Filling up the DagBag from /opt/airflow/dags/1-bashoperator.py
[2024-09-04 21:41:59,537] {processor.py:651} INFO - DAG(s) dict_keys(['bashoperator']) retrieved from /opt/airflow/dags/1-bashoperator.py
[2024-09-04 21:41:59,554] {logging_mixin.py:115} INFO - [2024-09-04 21:41:59,554] {dag.py:2420} INFO - Sync 1 DAGs
[2024-09-04 21:41:59,567] {logging_mixin.py:115} INFO - [2024-09-04 21:41:59,566] {dag.py:2972} INFO - Setting next_dagrun for bashoperator to 2024-05-15T00:00:00+00:00, run_after=2024-05-16T00:00:00+00:00
[2024-09-04 21:41:59,574] {processor.py:161} INFO - Processing /opt/airflow/dags/1-bashoperator.py took 0.043 seconds
[2024-09-04 21:42:30,022] {processor.py:153} INFO - Started process (PID=4364) to work on /opt/airflow/dags/1-bashoperator.py
[2024-09-04 21:42:30,022] {processor.py:641} INFO - Processing file /opt/airflow/dags/1-bashoperator.py for tasks to queue
[2024-09-04 21:42:30,023] {logging_mixin.py:115} INFO - [2024-09-04 21:42:30,023] {dagbag.py:508} INFO - Filling up the DagBag from /opt/airflow/dags/1-bashoperator.py
[2024-09-04 21:42:30,027] {processor.py:651} INFO - DAG(s) dict_keys(['bashoperator']) retrieved from /opt/airflow/dags/1-bashoperator.py
[2024-09-04 21:42:30,044] {logging_mixin.py:115} INFO - [2024-09-04 21:42:30,044] {dag.py:2420} INFO - Sync 1 DAGs
[2024-09-04 21:42:30,059] {logging_mixin.py:115} INFO - [2024-09-04 21:42:30,058] {dag.py:2972} INFO - Setting next_dagrun for bashoperator to 2024-05-15T00:00:00+00:00, run_after=2024-05-16T00:00:00+00:00
[2024-09-04 21:42:30,067] {processor.py:161} INFO - Processing /opt/airflow/dags/1-bashoperator.py took 0.047 seconds
[2024-09-04 21:43:00,513] {processor.py:153} INFO - Started process (PID=4403) to work on /opt/airflow/dags/1-bashoperator.py
[2024-09-04 21:43:00,514] {processor.py:641} INFO - Processing file /opt/airflow/dags/1-bashoperator.py for tasks to queue
[2024-09-04 21:43:00,514] {logging_mixin.py:115} INFO - [2024-09-04 21:43:00,514] {dagbag.py:508} INFO - Filling up the DagBag from /opt/airflow/dags/1-bashoperator.py
[2024-09-04 21:43:00,518] {processor.py:651} INFO - DAG(s) dict_keys(['bashoperator']) retrieved from /opt/airflow/dags/1-bashoperator.py
[2024-09-04 21:43:00,535] {logging_mixin.py:115} INFO - [2024-09-04 21:43:00,535] {dag.py:2420} INFO - Sync 1 DAGs
[2024-09-04 21:43:00,548] {logging_mixin.py:115} INFO - [2024-09-04 21:43:00,548] {dag.py:2972} INFO - Setting next_dagrun for bashoperator to 2024-05-15T00:00:00+00:00, run_after=2024-05-16T00:00:00+00:00
[2024-09-04 21:43:00,559] {processor.py:161} INFO - Processing /opt/airflow/dags/1-bashoperator.py took 0.048 seconds
[2024-09-04 21:43:31,039] {processor.py:153} INFO - Started process (PID=4442) to work on /opt/airflow/dags/1-bashoperator.py
[2024-09-04 21:43:31,039] {processor.py:641} INFO - Processing file /opt/airflow/dags/1-bashoperator.py for tasks to queue
[2024-09-04 21:43:31,040] {logging_mixin.py:115} INFO - [2024-09-04 21:43:31,040] {dagbag.py:508} INFO - Filling up the DagBag from /opt/airflow/dags/1-bashoperator.py
[2024-09-04 21:43:31,044] {processor.py:651} INFO - DAG(s) dict_keys(['bashoperator']) retrieved from /opt/airflow/dags/1-bashoperator.py
[2024-09-04 21:43:31,060] {logging_mixin.py:115} INFO - [2024-09-04 21:43:31,060] {dag.py:2420} INFO - Sync 1 DAGs
[2024-09-04 21:43:31,076] {logging_mixin.py:115} INFO - [2024-09-04 21:43:31,076] {dag.py:2972} INFO - Setting next_dagrun for bashoperator to 2024-05-15T00:00:00+00:00, run_after=2024-05-16T00:00:00+00:00
[2024-09-04 21:43:31,086] {processor.py:161} INFO - Processing /opt/airflow/dags/1-bashoperator.py took 0.050 seconds
[2024-09-04 21:44:01,573] {processor.py:153} INFO - Started process (PID=4481) to work on /opt/airflow/dags/1-bashoperator.py
[2024-09-04 21:44:01,574] {processor.py:641} INFO - Processing file /opt/airflow/dags/1-bashoperator.py for tasks to queue
[2024-09-04 21:44:01,574] {logging_mixin.py:115} INFO - [2024-09-04 21:44:01,574] {dagbag.py:508} INFO - Filling up the DagBag from /opt/airflow/dags/1-bashoperator.py
[2024-09-04 21:44:01,578] {processor.py:651} INFO - DAG(s) dict_keys(['bashoperator']) retrieved from /opt/airflow/dags/1-bashoperator.py
[2024-09-04 21:44:01,594] {logging_mixin.py:115} INFO - [2024-09-04 21:44:01,594] {dag.py:2420} INFO - Sync 1 DAGs
[2024-09-04 21:44:01,608] {logging_mixin.py:115} INFO - [2024-09-04 21:44:01,608] {dag.py:2972} INFO - Setting next_dagrun for bashoperator to 2024-05-15T00:00:00+00:00, run_after=2024-05-16T00:00:00+00:00
[2024-09-04 21:44:01,617] {processor.py:161} INFO - Processing /opt/airflow/dags/1-bashoperator.py took 0.046 seconds
[2024-09-04 21:44:32,049] {processor.py:153} INFO - Started process (PID=4510) to work on /opt/airflow/dags/1-bashoperator.py
[2024-09-04 21:44:32,050] {processor.py:641} INFO - Processing file /opt/airflow/dags/1-bashoperator.py for tasks to queue
[2024-09-04 21:44:32,050] {logging_mixin.py:115} INFO - [2024-09-04 21:44:32,050] {dagbag.py:508} INFO - Filling up the DagBag from /opt/airflow/dags/1-bashoperator.py
[2024-09-04 21:44:32,054] {processor.py:651} INFO - DAG(s) dict_keys(['bashoperator']) retrieved from /opt/airflow/dags/1-bashoperator.py
[2024-09-04 21:44:32,073] {logging_mixin.py:115} INFO - [2024-09-04 21:44:32,073] {dag.py:2420} INFO - Sync 1 DAGs
[2024-09-04 21:44:32,092] {logging_mixin.py:115} INFO - [2024-09-04 21:44:32,092] {dag.py:2972} INFO - Setting next_dagrun for bashoperator to 2024-05-15T00:00:00+00:00, run_after=2024-05-16T00:00:00+00:00
[2024-09-04 21:44:32,104] {processor.py:161} INFO - Processing /opt/airflow/dags/1-bashoperator.py took 0.058 seconds
[2024-09-04 21:45:02,632] {processor.py:153} INFO - Started process (PID=4548) to work on /opt/airflow/dags/1-bashoperator.py
[2024-09-04 21:45:02,633] {processor.py:641} INFO - Processing file /opt/airflow/dags/1-bashoperator.py for tasks to queue
[2024-09-04 21:45:02,633] {logging_mixin.py:115} INFO - [2024-09-04 21:45:02,633] {dagbag.py:508} INFO - Filling up the DagBag from /opt/airflow/dags/1-bashoperator.py
[2024-09-04 21:45:02,636] {processor.py:651} INFO - DAG(s) dict_keys(['bashoperator']) retrieved from /opt/airflow/dags/1-bashoperator.py
[2024-09-04 21:45:02,653] {logging_mixin.py:115} INFO - [2024-09-04 21:45:02,653] {dag.py:2420} INFO - Sync 1 DAGs
[2024-09-04 21:45:02,666] {logging_mixin.py:115} INFO - [2024-09-04 21:45:02,666] {dag.py:2972} INFO - Setting next_dagrun for bashoperator to 2024-05-15T00:00:00+00:00, run_after=2024-05-16T00:00:00+00:00
[2024-09-04 21:45:02,675] {processor.py:161} INFO - Processing /opt/airflow/dags/1-bashoperator.py took 0.045 seconds
[2024-09-04 21:45:33,130] {processor.py:153} INFO - Started process (PID=4587) to work on /opt/airflow/dags/1-bashoperator.py
[2024-09-04 21:45:33,130] {processor.py:641} INFO - Processing file /opt/airflow/dags/1-bashoperator.py for tasks to queue
[2024-09-04 21:45:33,130] {logging_mixin.py:115} INFO - [2024-09-04 21:45:33,130] {dagbag.py:508} INFO - Filling up the DagBag from /opt/airflow/dags/1-bashoperator.py
[2024-09-04 21:45:33,134] {processor.py:651} INFO - DAG(s) dict_keys(['bashoperator']) retrieved from /opt/airflow/dags/1-bashoperator.py
[2024-09-04 21:45:33,149] {logging_mixin.py:115} INFO - [2024-09-04 21:45:33,149] {dag.py:2420} INFO - Sync 1 DAGs
[2024-09-04 21:45:33,163] {logging_mixin.py:115} INFO - [2024-09-04 21:45:33,163] {dag.py:2972} INFO - Setting next_dagrun for bashoperator to 2024-05-15T00:00:00+00:00, run_after=2024-05-16T00:00:00+00:00
[2024-09-04 21:45:33,170] {processor.py:161} INFO - Processing /opt/airflow/dags/1-bashoperator.py took 0.044 seconds
[2024-09-04 21:46:03,598] {processor.py:153} INFO - Started process (PID=4626) to work on /opt/airflow/dags/1-bashoperator.py
[2024-09-04 21:46:03,598] {processor.py:641} INFO - Processing file /opt/airflow/dags/1-bashoperator.py for tasks to queue
[2024-09-04 21:46:03,599] {logging_mixin.py:115} INFO - [2024-09-04 21:46:03,599] {dagbag.py:508} INFO - Filling up the DagBag from /opt/airflow/dags/1-bashoperator.py
[2024-09-04 21:46:03,603] {processor.py:651} INFO - DAG(s) dict_keys(['bashoperator']) retrieved from /opt/airflow/dags/1-bashoperator.py
[2024-09-04 21:46:03,619] {logging_mixin.py:115} INFO - [2024-09-04 21:46:03,619] {dag.py:2420} INFO - Sync 1 DAGs
[2024-09-04 21:46:03,633] {logging_mixin.py:115} INFO - [2024-09-04 21:46:03,633] {dag.py:2972} INFO - Setting next_dagrun for bashoperator to 2024-05-15T00:00:00+00:00, run_after=2024-05-16T00:00:00+00:00
[2024-09-04 21:46:03,641] {processor.py:161} INFO - Processing /opt/airflow/dags/1-bashoperator.py took 0.045 seconds
[2024-09-04 21:46:34,036] {processor.py:153} INFO - Started process (PID=4665) to work on /opt/airflow/dags/1-bashoperator.py
[2024-09-04 21:46:34,036] {processor.py:641} INFO - Processing file /opt/airflow/dags/1-bashoperator.py for tasks to queue
[2024-09-04 21:46:34,036] {logging_mixin.py:115} INFO - [2024-09-04 21:46:34,036] {dagbag.py:508} INFO - Filling up the DagBag from /opt/airflow/dags/1-bashoperator.py
[2024-09-04 21:46:34,040] {processor.py:651} INFO - DAG(s) dict_keys(['bashoperator']) retrieved from /opt/airflow/dags/1-bashoperator.py
[2024-09-04 21:46:34,057] {logging_mixin.py:115} INFO - [2024-09-04 21:46:34,057] {dag.py:2420} INFO - Sync 1 DAGs
[2024-09-04 21:46:34,070] {logging_mixin.py:115} INFO - [2024-09-04 21:46:34,070] {dag.py:2972} INFO - Setting next_dagrun for bashoperator to 2024-05-15T00:00:00+00:00, run_after=2024-05-16T00:00:00+00:00
[2024-09-04 21:46:34,078] {processor.py:161} INFO - Processing /opt/airflow/dags/1-bashoperator.py took 0.045 seconds
[2024-09-04 21:47:04,481] {processor.py:153} INFO - Started process (PID=4704) to work on /opt/airflow/dags/1-bashoperator.py
[2024-09-04 21:47:04,481] {processor.py:641} INFO - Processing file /opt/airflow/dags/1-bashoperator.py for tasks to queue
[2024-09-04 21:47:04,482] {logging_mixin.py:115} INFO - [2024-09-04 21:47:04,482] {dagbag.py:508} INFO - Filling up the DagBag from /opt/airflow/dags/1-bashoperator.py
[2024-09-04 21:47:04,486] {processor.py:651} INFO - DAG(s) dict_keys(['bashoperator']) retrieved from /opt/airflow/dags/1-bashoperator.py
[2024-09-04 21:47:04,503] {logging_mixin.py:115} INFO - [2024-09-04 21:47:04,503] {dag.py:2420} INFO - Sync 1 DAGs
[2024-09-04 21:47:04,517] {logging_mixin.py:115} INFO - [2024-09-04 21:47:04,517] {dag.py:2972} INFO - Setting next_dagrun for bashoperator to 2024-05-15T00:00:00+00:00, run_after=2024-05-16T00:00:00+00:00
[2024-09-04 21:47:04,526] {processor.py:161} INFO - Processing /opt/airflow/dags/1-bashoperator.py took 0.048 seconds
[2024-09-04 21:47:34,945] {processor.py:153} INFO - Started process (PID=4734) to work on /opt/airflow/dags/1-bashoperator.py
[2024-09-04 21:47:34,946] {processor.py:641} INFO - Processing file /opt/airflow/dags/1-bashoperator.py for tasks to queue
[2024-09-04 21:47:34,946] {logging_mixin.py:115} INFO - [2024-09-04 21:47:34,946] {dagbag.py:508} INFO - Filling up the DagBag from /opt/airflow/dags/1-bashoperator.py
[2024-09-04 21:47:34,950] {processor.py:651} INFO - DAG(s) dict_keys(['bashoperator']) retrieved from /opt/airflow/dags/1-bashoperator.py
[2024-09-04 21:47:34,967] {logging_mixin.py:115} INFO - [2024-09-04 21:47:34,967] {dag.py:2420} INFO - Sync 1 DAGs
[2024-09-04 21:47:34,980] {logging_mixin.py:115} INFO - [2024-09-04 21:47:34,980] {dag.py:2972} INFO - Setting next_dagrun for bashoperator to 2024-05-15T00:00:00+00:00, run_after=2024-05-16T00:00:00+00:00
[2024-09-04 21:47:34,989] {processor.py:161} INFO - Processing /opt/airflow/dags/1-bashoperator.py took 0.046 seconds
[2024-09-04 21:48:05,400] {processor.py:153} INFO - Started process (PID=4773) to work on /opt/airflow/dags/1-bashoperator.py
[2024-09-04 21:48:05,400] {processor.py:641} INFO - Processing file /opt/airflow/dags/1-bashoperator.py for tasks to queue
[2024-09-04 21:48:05,400] {logging_mixin.py:115} INFO - [2024-09-04 21:48:05,400] {dagbag.py:508} INFO - Filling up the DagBag from /opt/airflow/dags/1-bashoperator.py
[2024-09-04 21:48:05,404] {processor.py:651} INFO - DAG(s) dict_keys(['bashoperator']) retrieved from /opt/airflow/dags/1-bashoperator.py
[2024-09-04 21:48:05,420] {logging_mixin.py:115} INFO - [2024-09-04 21:48:05,420] {dag.py:2420} INFO - Sync 1 DAGs
[2024-09-04 21:48:05,433] {logging_mixin.py:115} INFO - [2024-09-04 21:48:05,433] {dag.py:2972} INFO - Setting next_dagrun for bashoperator to 2024-05-15T00:00:00+00:00, run_after=2024-05-16T00:00:00+00:00
[2024-09-04 21:48:05,441] {processor.py:161} INFO - Processing /opt/airflow/dags/1-bashoperator.py took 0.043 seconds
[2024-09-04 21:48:35,931] {processor.py:153} INFO - Started process (PID=4811) to work on /opt/airflow/dags/1-bashoperator.py
[2024-09-04 21:48:35,933] {processor.py:641} INFO - Processing file /opt/airflow/dags/1-bashoperator.py for tasks to queue
[2024-09-04 21:48:35,933] {logging_mixin.py:115} INFO - [2024-09-04 21:48:35,933] {dagbag.py:508} INFO - Filling up the DagBag from /opt/airflow/dags/1-bashoperator.py
[2024-09-04 21:48:35,938] {processor.py:651} INFO - DAG(s) dict_keys(['bashoperator']) retrieved from /opt/airflow/dags/1-bashoperator.py
[2024-09-04 21:48:35,955] {logging_mixin.py:115} INFO - [2024-09-04 21:48:35,955] {dag.py:2420} INFO - Sync 1 DAGs
[2024-09-04 21:48:35,970] {logging_mixin.py:115} INFO - [2024-09-04 21:48:35,970] {dag.py:2972} INFO - Setting next_dagrun for bashoperator to 2024-05-15T00:00:00+00:00, run_after=2024-05-16T00:00:00+00:00
[2024-09-04 21:48:35,980] {processor.py:161} INFO - Processing /opt/airflow/dags/1-bashoperator.py took 0.051 seconds
[2024-09-04 21:49:06,465] {processor.py:153} INFO - Started process (PID=4850) to work on /opt/airflow/dags/1-bashoperator.py
[2024-09-04 21:49:06,465] {processor.py:641} INFO - Processing file /opt/airflow/dags/1-bashoperator.py for tasks to queue
[2024-09-04 21:49:06,465] {logging_mixin.py:115} INFO - [2024-09-04 21:49:06,465] {dagbag.py:508} INFO - Filling up the DagBag from /opt/airflow/dags/1-bashoperator.py
[2024-09-04 21:49:06,469] {processor.py:651} INFO - DAG(s) dict_keys(['bashoperator']) retrieved from /opt/airflow/dags/1-bashoperator.py
[2024-09-04 21:49:06,485] {logging_mixin.py:115} INFO - [2024-09-04 21:49:06,485] {dag.py:2420} INFO - Sync 1 DAGs
[2024-09-04 21:49:06,498] {logging_mixin.py:115} INFO - [2024-09-04 21:49:06,498] {dag.py:2972} INFO - Setting next_dagrun for bashoperator to 2024-05-15T00:00:00+00:00, run_after=2024-05-16T00:00:00+00:00
[2024-09-04 21:49:06,507] {processor.py:161} INFO - Processing /opt/airflow/dags/1-bashoperator.py took 0.045 seconds
[2024-09-04 21:49:36,892] {processor.py:153} INFO - Started process (PID=4889) to work on /opt/airflow/dags/1-bashoperator.py
[2024-09-04 21:49:36,893] {processor.py:641} INFO - Processing file /opt/airflow/dags/1-bashoperator.py for tasks to queue
[2024-09-04 21:49:36,893] {logging_mixin.py:115} INFO - [2024-09-04 21:49:36,893] {dagbag.py:508} INFO - Filling up the DagBag from /opt/airflow/dags/1-bashoperator.py
[2024-09-04 21:49:36,898] {processor.py:651} INFO - DAG(s) dict_keys(['bashoperator']) retrieved from /opt/airflow/dags/1-bashoperator.py
[2024-09-04 21:49:36,914] {logging_mixin.py:115} INFO - [2024-09-04 21:49:36,913] {dag.py:2420} INFO - Sync 1 DAGs
[2024-09-04 21:49:36,930] {logging_mixin.py:115} INFO - [2024-09-04 21:49:36,930] {dag.py:2972} INFO - Setting next_dagrun for bashoperator to 2024-05-15T00:00:00+00:00, run_after=2024-05-16T00:00:00+00:00
[2024-09-04 21:49:36,938] {processor.py:161} INFO - Processing /opt/airflow/dags/1-bashoperator.py took 0.048 seconds
[2024-09-04 21:50:07,414] {processor.py:153} INFO - Started process (PID=4926) to work on /opt/airflow/dags/1-bashoperator.py
[2024-09-04 21:50:07,415] {processor.py:641} INFO - Processing file /opt/airflow/dags/1-bashoperator.py for tasks to queue
[2024-09-04 21:50:07,415] {logging_mixin.py:115} INFO - [2024-09-04 21:50:07,415] {dagbag.py:508} INFO - Filling up the DagBag from /opt/airflow/dags/1-bashoperator.py
[2024-09-04 21:50:07,420] {processor.py:651} INFO - DAG(s) dict_keys(['bashoperator']) retrieved from /opt/airflow/dags/1-bashoperator.py
[2024-09-04 21:50:07,447] {logging_mixin.py:115} INFO - [2024-09-04 21:50:07,447] {dag.py:2420} INFO - Sync 1 DAGs
[2024-09-04 21:50:07,467] {logging_mixin.py:115} INFO - [2024-09-04 21:50:07,467] {dag.py:2972} INFO - Setting next_dagrun for bashoperator to 2024-05-15T00:00:00+00:00, run_after=2024-05-16T00:00:00+00:00
[2024-09-04 21:50:07,481] {processor.py:161} INFO - Processing /opt/airflow/dags/1-bashoperator.py took 0.070 seconds
[2024-09-04 21:50:37,999] {processor.py:153} INFO - Started process (PID=4956) to work on /opt/airflow/dags/1-bashoperator.py
[2024-09-04 21:50:37,999] {processor.py:641} INFO - Processing file /opt/airflow/dags/1-bashoperator.py for tasks to queue
[2024-09-04 21:50:38,000] {logging_mixin.py:115} INFO - [2024-09-04 21:50:37,999] {dagbag.py:508} INFO - Filling up the DagBag from /opt/airflow/dags/1-bashoperator.py
[2024-09-04 21:50:38,005] {processor.py:651} INFO - DAG(s) dict_keys(['bashoperator']) retrieved from /opt/airflow/dags/1-bashoperator.py
[2024-09-04 21:50:38,025] {logging_mixin.py:115} INFO - [2024-09-04 21:50:38,025] {dag.py:2420} INFO - Sync 1 DAGs
[2024-09-04 21:50:38,044] {logging_mixin.py:115} INFO - [2024-09-04 21:50:38,044] {dag.py:2972} INFO - Setting next_dagrun for bashoperator to 2024-05-15T00:00:00+00:00, run_after=2024-05-16T00:00:00+00:00
[2024-09-04 21:50:38,058] {processor.py:161} INFO - Processing /opt/airflow/dags/1-bashoperator.py took 0.062 seconds
[2024-09-04 21:51:08,508] {processor.py:153} INFO - Started process (PID=4994) to work on /opt/airflow/dags/1-bashoperator.py
[2024-09-04 21:51:08,508] {processor.py:641} INFO - Processing file /opt/airflow/dags/1-bashoperator.py for tasks to queue
[2024-09-04 21:51:08,509] {logging_mixin.py:115} INFO - [2024-09-04 21:51:08,509] {dagbag.py:508} INFO - Filling up the DagBag from /opt/airflow/dags/1-bashoperator.py
[2024-09-04 21:51:08,513] {processor.py:651} INFO - DAG(s) dict_keys(['bashoperator']) retrieved from /opt/airflow/dags/1-bashoperator.py
[2024-09-04 21:51:08,529] {logging_mixin.py:115} INFO - [2024-09-04 21:51:08,529] {dag.py:2420} INFO - Sync 1 DAGs
[2024-09-04 21:51:08,543] {logging_mixin.py:115} INFO - [2024-09-04 21:51:08,543] {dag.py:2972} INFO - Setting next_dagrun for bashoperator to 2024-05-15T00:00:00+00:00, run_after=2024-05-16T00:00:00+00:00
[2024-09-04 21:51:08,551] {processor.py:161} INFO - Processing /opt/airflow/dags/1-bashoperator.py took 0.045 seconds
[2024-09-04 21:51:38,984] {processor.py:153} INFO - Started process (PID=5032) to work on /opt/airflow/dags/1-bashoperator.py
[2024-09-04 21:51:38,985] {processor.py:641} INFO - Processing file /opt/airflow/dags/1-bashoperator.py for tasks to queue
[2024-09-04 21:51:38,985] {logging_mixin.py:115} INFO - [2024-09-04 21:51:38,985] {dagbag.py:508} INFO - Filling up the DagBag from /opt/airflow/dags/1-bashoperator.py
[2024-09-04 21:51:38,989] {processor.py:651} INFO - DAG(s) dict_keys(['bashoperator']) retrieved from /opt/airflow/dags/1-bashoperator.py
[2024-09-04 21:51:39,004] {logging_mixin.py:115} INFO - [2024-09-04 21:51:39,004] {dag.py:2420} INFO - Sync 1 DAGs
[2024-09-04 21:51:39,017] {logging_mixin.py:115} INFO - [2024-09-04 21:51:39,017] {dag.py:2972} INFO - Setting next_dagrun for bashoperator to 2024-05-15T00:00:00+00:00, run_after=2024-05-16T00:00:00+00:00
[2024-09-04 21:51:39,025] {processor.py:161} INFO - Processing /opt/airflow/dags/1-bashoperator.py took 0.043 seconds
[2024-09-04 21:52:09,534] {processor.py:153} INFO - Started process (PID=5071) to work on /opt/airflow/dags/1-bashoperator.py
[2024-09-04 21:52:09,534] {processor.py:641} INFO - Processing file /opt/airflow/dags/1-bashoperator.py for tasks to queue
[2024-09-04 21:52:09,535] {logging_mixin.py:115} INFO - [2024-09-04 21:52:09,535] {dagbag.py:508} INFO - Filling up the DagBag from /opt/airflow/dags/1-bashoperator.py
[2024-09-04 21:52:09,539] {processor.py:651} INFO - DAG(s) dict_keys(['bashoperator']) retrieved from /opt/airflow/dags/1-bashoperator.py
[2024-09-04 21:52:09,559] {logging_mixin.py:115} INFO - [2024-09-04 21:52:09,559] {dag.py:2420} INFO - Sync 1 DAGs
[2024-09-04 21:52:09,575] {logging_mixin.py:115} INFO - [2024-09-04 21:52:09,575] {dag.py:2972} INFO - Setting next_dagrun for bashoperator to 2024-05-15T00:00:00+00:00, run_after=2024-05-16T00:00:00+00:00
[2024-09-04 21:52:09,585] {processor.py:161} INFO - Processing /opt/airflow/dags/1-bashoperator.py took 0.054 seconds
[2024-09-04 21:52:40,056] {processor.py:153} INFO - Started process (PID=5110) to work on /opt/airflow/dags/1-bashoperator.py
[2024-09-04 21:52:40,057] {processor.py:641} INFO - Processing file /opt/airflow/dags/1-bashoperator.py for tasks to queue
[2024-09-04 21:52:40,057] {logging_mixin.py:115} INFO - [2024-09-04 21:52:40,057] {dagbag.py:508} INFO - Filling up the DagBag from /opt/airflow/dags/1-bashoperator.py
[2024-09-04 21:52:40,062] {processor.py:651} INFO - DAG(s) dict_keys(['bashoperator']) retrieved from /opt/airflow/dags/1-bashoperator.py
[2024-09-04 21:52:40,079] {logging_mixin.py:115} INFO - [2024-09-04 21:52:40,079] {dag.py:2420} INFO - Sync 1 DAGs
[2024-09-04 21:52:40,093] {logging_mixin.py:115} INFO - [2024-09-04 21:52:40,093] {dag.py:2972} INFO - Setting next_dagrun for bashoperator to 2024-05-15T00:00:00+00:00, run_after=2024-05-16T00:00:00+00:00
[2024-09-04 21:52:40,100] {processor.py:161} INFO - Processing /opt/airflow/dags/1-bashoperator.py took 0.046 seconds
[2024-09-04 21:53:10,575] {processor.py:153} INFO - Started process (PID=5141) to work on /opt/airflow/dags/1-bashoperator.py
[2024-09-04 21:53:10,576] {processor.py:641} INFO - Processing file /opt/airflow/dags/1-bashoperator.py for tasks to queue
[2024-09-04 21:53:10,576] {logging_mixin.py:115} INFO - [2024-09-04 21:53:10,576] {dagbag.py:508} INFO - Filling up the DagBag from /opt/airflow/dags/1-bashoperator.py
[2024-09-04 21:53:10,579] {processor.py:651} INFO - DAG(s) dict_keys(['bashoperator']) retrieved from /opt/airflow/dags/1-bashoperator.py
[2024-09-04 21:53:10,595] {logging_mixin.py:115} INFO - [2024-09-04 21:53:10,595] {dag.py:2420} INFO - Sync 1 DAGs
[2024-09-04 21:53:10,608] {logging_mixin.py:115} INFO - [2024-09-04 21:53:10,608] {dag.py:2972} INFO - Setting next_dagrun for bashoperator to 2024-05-15T00:00:00+00:00, run_after=2024-05-16T00:00:00+00:00
[2024-09-04 21:53:10,616] {processor.py:161} INFO - Processing /opt/airflow/dags/1-bashoperator.py took 0.043 seconds
[2024-09-04 21:53:41,086] {processor.py:153} INFO - Started process (PID=5180) to work on /opt/airflow/dags/1-bashoperator.py
[2024-09-04 21:53:41,087] {processor.py:641} INFO - Processing file /opt/airflow/dags/1-bashoperator.py for tasks to queue
[2024-09-04 21:53:41,087] {logging_mixin.py:115} INFO - [2024-09-04 21:53:41,087] {dagbag.py:508} INFO - Filling up the DagBag from /opt/airflow/dags/1-bashoperator.py
[2024-09-04 21:53:41,092] {processor.py:651} INFO - DAG(s) dict_keys(['bashoperator']) retrieved from /opt/airflow/dags/1-bashoperator.py
[2024-09-04 21:53:41,106] {logging_mixin.py:115} INFO - [2024-09-04 21:53:41,106] {dag.py:2420} INFO - Sync 1 DAGs
[2024-09-04 21:53:41,120] {logging_mixin.py:115} INFO - [2024-09-04 21:53:41,120] {dag.py:2972} INFO - Setting next_dagrun for bashoperator to 2024-05-15T00:00:00+00:00, run_after=2024-05-16T00:00:00+00:00
[2024-09-04 21:53:41,130] {processor.py:161} INFO - Processing /opt/airflow/dags/1-bashoperator.py took 0.045 seconds
[2024-09-04 21:54:11,559] {processor.py:153} INFO - Started process (PID=5218) to work on /opt/airflow/dags/1-bashoperator.py
[2024-09-04 21:54:11,559] {processor.py:641} INFO - Processing file /opt/airflow/dags/1-bashoperator.py for tasks to queue
[2024-09-04 21:54:11,559] {logging_mixin.py:115} INFO - [2024-09-04 21:54:11,559] {dagbag.py:508} INFO - Filling up the DagBag from /opt/airflow/dags/1-bashoperator.py
[2024-09-04 21:54:11,564] {processor.py:651} INFO - DAG(s) dict_keys(['bashoperator']) retrieved from /opt/airflow/dags/1-bashoperator.py
[2024-09-04 21:54:11,580] {logging_mixin.py:115} INFO - [2024-09-04 21:54:11,580] {dag.py:2420} INFO - Sync 1 DAGs
[2024-09-04 21:54:11,593] {logging_mixin.py:115} INFO - [2024-09-04 21:54:11,593] {dag.py:2972} INFO - Setting next_dagrun for bashoperator to 2024-05-15T00:00:00+00:00, run_after=2024-05-16T00:00:00+00:00
[2024-09-04 21:54:11,601] {processor.py:161} INFO - Processing /opt/airflow/dags/1-bashoperator.py took 0.044 seconds
[2024-09-04 21:54:42,085] {processor.py:153} INFO - Started process (PID=5256) to work on /opt/airflow/dags/1-bashoperator.py
[2024-09-04 21:54:42,085] {processor.py:641} INFO - Processing file /opt/airflow/dags/1-bashoperator.py for tasks to queue
[2024-09-04 21:54:42,086] {logging_mixin.py:115} INFO - [2024-09-04 21:54:42,086] {dagbag.py:508} INFO - Filling up the DagBag from /opt/airflow/dags/1-bashoperator.py
[2024-09-04 21:54:42,090] {processor.py:651} INFO - DAG(s) dict_keys(['bashoperator']) retrieved from /opt/airflow/dags/1-bashoperator.py
[2024-09-04 21:54:42,105] {logging_mixin.py:115} INFO - [2024-09-04 21:54:42,105] {dag.py:2420} INFO - Sync 1 DAGs
[2024-09-04 21:54:42,119] {logging_mixin.py:115} INFO - [2024-09-04 21:54:42,119] {dag.py:2972} INFO - Setting next_dagrun for bashoperator to 2024-05-15T00:00:00+00:00, run_after=2024-05-16T00:00:00+00:00
[2024-09-04 21:54:42,126] {processor.py:161} INFO - Processing /opt/airflow/dags/1-bashoperator.py took 0.043 seconds
[2024-09-04 21:55:12,569] {processor.py:153} INFO - Started process (PID=5295) to work on /opt/airflow/dags/1-bashoperator.py
[2024-09-04 21:55:12,569] {processor.py:641} INFO - Processing file /opt/airflow/dags/1-bashoperator.py for tasks to queue
[2024-09-04 21:55:12,570] {logging_mixin.py:115} INFO - [2024-09-04 21:55:12,570] {dagbag.py:508} INFO - Filling up the DagBag from /opt/airflow/dags/1-bashoperator.py
[2024-09-04 21:55:12,574] {processor.py:651} INFO - DAG(s) dict_keys(['bashoperator']) retrieved from /opt/airflow/dags/1-bashoperator.py
[2024-09-04 21:55:12,592] {logging_mixin.py:115} INFO - [2024-09-04 21:55:12,592] {dag.py:2420} INFO - Sync 1 DAGs
[2024-09-04 21:55:12,609] {logging_mixin.py:115} INFO - [2024-09-04 21:55:12,609] {dag.py:2972} INFO - Setting next_dagrun for bashoperator to 2024-05-15T00:00:00+00:00, run_after=2024-05-16T00:00:00+00:00
[2024-09-04 21:55:12,618] {processor.py:161} INFO - Processing /opt/airflow/dags/1-bashoperator.py took 0.053 seconds
[2024-09-04 21:55:43,096] {processor.py:153} INFO - Started process (PID=5334) to work on /opt/airflow/dags/1-bashoperator.py
[2024-09-04 21:55:43,096] {processor.py:641} INFO - Processing file /opt/airflow/dags/1-bashoperator.py for tasks to queue
[2024-09-04 21:55:43,096] {logging_mixin.py:115} INFO - [2024-09-04 21:55:43,096] {dagbag.py:508} INFO - Filling up the DagBag from /opt/airflow/dags/1-bashoperator.py
[2024-09-04 21:55:43,100] {processor.py:651} INFO - DAG(s) dict_keys(['bashoperator']) retrieved from /opt/airflow/dags/1-bashoperator.py
[2024-09-04 21:55:43,119] {logging_mixin.py:115} INFO - [2024-09-04 21:55:43,119] {dag.py:2420} INFO - Sync 1 DAGs
[2024-09-04 21:55:43,136] {logging_mixin.py:115} INFO - [2024-09-04 21:55:43,136] {dag.py:2972} INFO - Setting next_dagrun for bashoperator to 2024-05-15T00:00:00+00:00, run_after=2024-05-16T00:00:00+00:00
[2024-09-04 21:55:43,144] {processor.py:161} INFO - Processing /opt/airflow/dags/1-bashoperator.py took 0.051 seconds
[2024-09-04 21:56:13,587] {processor.py:153} INFO - Started process (PID=5364) to work on /opt/airflow/dags/1-bashoperator.py
[2024-09-04 21:56:13,588] {processor.py:641} INFO - Processing file /opt/airflow/dags/1-bashoperator.py for tasks to queue
[2024-09-04 21:56:13,588] {logging_mixin.py:115} INFO - [2024-09-04 21:56:13,588] {dagbag.py:508} INFO - Filling up the DagBag from /opt/airflow/dags/1-bashoperator.py
[2024-09-04 21:56:13,593] {processor.py:651} INFO - DAG(s) dict_keys(['bashoperator']) retrieved from /opt/airflow/dags/1-bashoperator.py
[2024-09-04 21:56:13,608] {logging_mixin.py:115} INFO - [2024-09-04 21:56:13,607] {dag.py:2420} INFO - Sync 1 DAGs
[2024-09-04 21:56:13,621] {logging_mixin.py:115} INFO - [2024-09-04 21:56:13,620] {dag.py:2972} INFO - Setting next_dagrun for bashoperator to 2024-05-15T00:00:00+00:00, run_after=2024-05-16T00:00:00+00:00
[2024-09-04 21:56:13,630] {processor.py:161} INFO - Processing /opt/airflow/dags/1-bashoperator.py took 0.044 seconds
[2024-09-04 21:56:44,011] {processor.py:153} INFO - Started process (PID=5403) to work on /opt/airflow/dags/1-bashoperator.py
[2024-09-04 21:56:44,012] {processor.py:641} INFO - Processing file /opt/airflow/dags/1-bashoperator.py for tasks to queue
[2024-09-04 21:56:44,012] {logging_mixin.py:115} INFO - [2024-09-04 21:56:44,012] {dagbag.py:508} INFO - Filling up the DagBag from /opt/airflow/dags/1-bashoperator.py
[2024-09-04 21:56:44,019] {processor.py:651} INFO - DAG(s) dict_keys(['bashoperator']) retrieved from /opt/airflow/dags/1-bashoperator.py
[2024-09-04 21:56:44,035] {logging_mixin.py:115} INFO - [2024-09-04 21:56:44,035] {dag.py:2420} INFO - Sync 1 DAGs
[2024-09-04 21:56:44,049] {logging_mixin.py:115} INFO - [2024-09-04 21:56:44,049] {dag.py:2972} INFO - Setting next_dagrun for bashoperator to 2024-05-15T00:00:00+00:00, run_after=2024-05-16T00:00:00+00:00
[2024-09-04 21:56:44,056] {processor.py:161} INFO - Processing /opt/airflow/dags/1-bashoperator.py took 0.047 seconds
[2024-09-04 21:57:14,537] {processor.py:153} INFO - Started process (PID=5442) to work on /opt/airflow/dags/1-bashoperator.py
[2024-09-04 21:57:14,538] {processor.py:641} INFO - Processing file /opt/airflow/dags/1-bashoperator.py for tasks to queue
[2024-09-04 21:57:14,538] {logging_mixin.py:115} INFO - [2024-09-04 21:57:14,538] {dagbag.py:508} INFO - Filling up the DagBag from /opt/airflow/dags/1-bashoperator.py
[2024-09-04 21:57:14,542] {processor.py:651} INFO - DAG(s) dict_keys(['bashoperator']) retrieved from /opt/airflow/dags/1-bashoperator.py
[2024-09-04 21:57:14,558] {logging_mixin.py:115} INFO - [2024-09-04 21:57:14,558] {dag.py:2420} INFO - Sync 1 DAGs
[2024-09-04 21:57:14,571] {logging_mixin.py:115} INFO - [2024-09-04 21:57:14,571] {dag.py:2972} INFO - Setting next_dagrun for bashoperator to 2024-05-15T00:00:00+00:00, run_after=2024-05-16T00:00:00+00:00
[2024-09-04 21:57:14,580] {processor.py:161} INFO - Processing /opt/airflow/dags/1-bashoperator.py took 0.045 seconds
[2024-09-04 21:57:45,047] {processor.py:153} INFO - Started process (PID=5480) to work on /opt/airflow/dags/1-bashoperator.py
[2024-09-04 21:57:45,048] {processor.py:641} INFO - Processing file /opt/airflow/dags/1-bashoperator.py for tasks to queue
[2024-09-04 21:57:45,048] {logging_mixin.py:115} INFO - [2024-09-04 21:57:45,048] {dagbag.py:508} INFO - Filling up the DagBag from /opt/airflow/dags/1-bashoperator.py
[2024-09-04 21:57:45,053] {processor.py:651} INFO - DAG(s) dict_keys(['bashoperator']) retrieved from /opt/airflow/dags/1-bashoperator.py
[2024-09-04 21:57:45,078] {logging_mixin.py:115} INFO - [2024-09-04 21:57:45,078] {dag.py:2420} INFO - Sync 1 DAGs
[2024-09-04 21:57:45,095] {logging_mixin.py:115} INFO - [2024-09-04 21:57:45,095] {dag.py:2972} INFO - Setting next_dagrun for bashoperator to 2024-05-15T00:00:00+00:00, run_after=2024-05-16T00:00:00+00:00
[2024-09-04 21:57:45,105] {processor.py:161} INFO - Processing /opt/airflow/dags/1-bashoperator.py took 0.060 seconds
[2024-09-04 21:58:15,566] {processor.py:153} INFO - Started process (PID=5519) to work on /opt/airflow/dags/1-bashoperator.py
[2024-09-04 21:58:15,567] {processor.py:641} INFO - Processing file /opt/airflow/dags/1-bashoperator.py for tasks to queue
[2024-09-04 21:58:15,567] {logging_mixin.py:115} INFO - [2024-09-04 21:58:15,567] {dagbag.py:508} INFO - Filling up the DagBag from /opt/airflow/dags/1-bashoperator.py
[2024-09-04 21:58:15,572] {processor.py:651} INFO - DAG(s) dict_keys(['bashoperator']) retrieved from /opt/airflow/dags/1-bashoperator.py
[2024-09-04 21:58:15,589] {logging_mixin.py:115} INFO - [2024-09-04 21:58:15,589] {dag.py:2420} INFO - Sync 1 DAGs
[2024-09-04 21:58:15,603] {logging_mixin.py:115} INFO - [2024-09-04 21:58:15,603] {dag.py:2972} INFO - Setting next_dagrun for bashoperator to 2024-05-15T00:00:00+00:00, run_after=2024-05-16T00:00:00+00:00
[2024-09-04 21:58:15,612] {processor.py:161} INFO - Processing /opt/airflow/dags/1-bashoperator.py took 0.048 seconds
[2024-09-04 21:58:46,037] {processor.py:153} INFO - Started process (PID=5549) to work on /opt/airflow/dags/1-bashoperator.py
[2024-09-04 21:58:46,037] {processor.py:641} INFO - Processing file /opt/airflow/dags/1-bashoperator.py for tasks to queue
[2024-09-04 21:58:46,038] {logging_mixin.py:115} INFO - [2024-09-04 21:58:46,038] {dagbag.py:508} INFO - Filling up the DagBag from /opt/airflow/dags/1-bashoperator.py
[2024-09-04 21:58:46,042] {processor.py:651} INFO - DAG(s) dict_keys(['bashoperator']) retrieved from /opt/airflow/dags/1-bashoperator.py
[2024-09-04 21:58:46,058] {logging_mixin.py:115} INFO - [2024-09-04 21:58:46,058] {dag.py:2420} INFO - Sync 1 DAGs
[2024-09-04 21:58:46,073] {logging_mixin.py:115} INFO - [2024-09-04 21:58:46,073] {dag.py:2972} INFO - Setting next_dagrun for bashoperator to 2024-05-15T00:00:00+00:00, run_after=2024-05-16T00:00:00+00:00
[2024-09-04 21:58:46,082] {processor.py:161} INFO - Processing /opt/airflow/dags/1-bashoperator.py took 0.048 seconds
[2024-09-04 21:59:16,578] {processor.py:153} INFO - Started process (PID=5588) to work on /opt/airflow/dags/1-bashoperator.py
[2024-09-04 21:59:16,578] {processor.py:641} INFO - Processing file /opt/airflow/dags/1-bashoperator.py for tasks to queue
[2024-09-04 21:59:16,579] {logging_mixin.py:115} INFO - [2024-09-04 21:59:16,579] {dagbag.py:508} INFO - Filling up the DagBag from /opt/airflow/dags/1-bashoperator.py
[2024-09-04 21:59:16,585] {processor.py:651} INFO - DAG(s) dict_keys(['bashoperator']) retrieved from /opt/airflow/dags/1-bashoperator.py
[2024-09-04 21:59:16,601] {logging_mixin.py:115} INFO - [2024-09-04 21:59:16,601] {dag.py:2420} INFO - Sync 1 DAGs
[2024-09-04 21:59:16,618] {logging_mixin.py:115} INFO - [2024-09-04 21:59:16,618] {dag.py:2972} INFO - Setting next_dagrun for bashoperator to 2024-05-15T00:00:00+00:00, run_after=2024-05-16T00:00:00+00:00
[2024-09-04 21:59:16,626] {processor.py:161} INFO - Processing /opt/airflow/dags/1-bashoperator.py took 0.051 seconds
[2024-09-04 21:59:47,085] {processor.py:153} INFO - Started process (PID=5627) to work on /opt/airflow/dags/1-bashoperator.py
[2024-09-04 21:59:47,086] {processor.py:641} INFO - Processing file /opt/airflow/dags/1-bashoperator.py for tasks to queue
[2024-09-04 21:59:47,086] {logging_mixin.py:115} INFO - [2024-09-04 21:59:47,086] {dagbag.py:508} INFO - Filling up the DagBag from /opt/airflow/dags/1-bashoperator.py
[2024-09-04 21:59:47,090] {processor.py:651} INFO - DAG(s) dict_keys(['bashoperator']) retrieved from /opt/airflow/dags/1-bashoperator.py
[2024-09-04 21:59:47,107] {logging_mixin.py:115} INFO - [2024-09-04 21:59:47,107] {dag.py:2420} INFO - Sync 1 DAGs
[2024-09-04 21:59:47,123] {logging_mixin.py:115} INFO - [2024-09-04 21:59:47,123] {dag.py:2972} INFO - Setting next_dagrun for bashoperator to 2024-05-15T00:00:00+00:00, run_after=2024-05-16T00:00:00+00:00
[2024-09-04 21:59:47,132] {processor.py:161} INFO - Processing /opt/airflow/dags/1-bashoperator.py took 0.049 seconds
[2024-09-04 22:00:17,578] {processor.py:153} INFO - Started process (PID=5666) to work on /opt/airflow/dags/1-bashoperator.py
[2024-09-04 22:00:17,578] {processor.py:641} INFO - Processing file /opt/airflow/dags/1-bashoperator.py for tasks to queue
[2024-09-04 22:00:17,578] {logging_mixin.py:115} INFO - [2024-09-04 22:00:17,578] {dagbag.py:508} INFO - Filling up the DagBag from /opt/airflow/dags/1-bashoperator.py
[2024-09-04 22:00:17,582] {processor.py:651} INFO - DAG(s) dict_keys(['bashoperator']) retrieved from /opt/airflow/dags/1-bashoperator.py
[2024-09-04 22:00:17,600] {logging_mixin.py:115} INFO - [2024-09-04 22:00:17,600] {dag.py:2420} INFO - Sync 1 DAGs
[2024-09-04 22:00:17,613] {logging_mixin.py:115} INFO - [2024-09-04 22:00:17,613] {dag.py:2972} INFO - Setting next_dagrun for bashoperator to 2024-05-15T00:00:00+00:00, run_after=2024-05-16T00:00:00+00:00
[2024-09-04 22:00:17,621] {processor.py:161} INFO - Processing /opt/airflow/dags/1-bashoperator.py took 0.046 seconds
[2024-09-04 22:00:48,207] {processor.py:153} INFO - Started process (PID=5705) to work on /opt/airflow/dags/1-bashoperator.py
[2024-09-04 22:00:48,207] {processor.py:641} INFO - Processing file /opt/airflow/dags/1-bashoperator.py for tasks to queue
[2024-09-04 22:00:48,208] {logging_mixin.py:115} INFO - [2024-09-04 22:00:48,208] {dagbag.py:508} INFO - Filling up the DagBag from /opt/airflow/dags/1-bashoperator.py
[2024-09-04 22:00:48,211] {processor.py:651} INFO - DAG(s) dict_keys(['bashoperator']) retrieved from /opt/airflow/dags/1-bashoperator.py
[2024-09-04 22:00:48,230] {logging_mixin.py:115} INFO - [2024-09-04 22:00:48,230] {dag.py:2420} INFO - Sync 1 DAGs
[2024-09-04 22:00:48,245] {logging_mixin.py:115} INFO - [2024-09-04 22:00:48,244] {dag.py:2972} INFO - Setting next_dagrun for bashoperator to 2024-05-15T00:00:00+00:00, run_after=2024-05-16T00:00:00+00:00
[2024-09-04 22:00:48,255] {processor.py:161} INFO - Processing /opt/airflow/dags/1-bashoperator.py took 0.051 seconds
[2024-09-04 22:01:18,716] {processor.py:153} INFO - Started process (PID=5744) to work on /opt/airflow/dags/1-bashoperator.py
[2024-09-04 22:01:18,716] {processor.py:641} INFO - Processing file /opt/airflow/dags/1-bashoperator.py for tasks to queue
[2024-09-04 22:01:18,717] {logging_mixin.py:115} INFO - [2024-09-04 22:01:18,717] {dagbag.py:508} INFO - Filling up the DagBag from /opt/airflow/dags/1-bashoperator.py
[2024-09-04 22:01:18,721] {processor.py:651} INFO - DAG(s) dict_keys(['bashoperator']) retrieved from /opt/airflow/dags/1-bashoperator.py
[2024-09-04 22:01:18,737] {logging_mixin.py:115} INFO - [2024-09-04 22:01:18,737] {dag.py:2420} INFO - Sync 1 DAGs
[2024-09-04 22:01:18,751] {logging_mixin.py:115} INFO - [2024-09-04 22:01:18,751] {dag.py:2972} INFO - Setting next_dagrun for bashoperator to 2024-05-15T00:00:00+00:00, run_after=2024-05-16T00:00:00+00:00
[2024-09-04 22:01:18,759] {processor.py:161} INFO - Processing /opt/airflow/dags/1-bashoperator.py took 0.046 seconds
[2024-09-04 22:01:49,243] {processor.py:153} INFO - Started process (PID=5774) to work on /opt/airflow/dags/1-bashoperator.py
[2024-09-04 22:01:49,243] {processor.py:641} INFO - Processing file /opt/airflow/dags/1-bashoperator.py for tasks to queue
[2024-09-04 22:01:49,244] {logging_mixin.py:115} INFO - [2024-09-04 22:01:49,244] {dagbag.py:508} INFO - Filling up the DagBag from /opt/airflow/dags/1-bashoperator.py
[2024-09-04 22:01:49,248] {processor.py:651} INFO - DAG(s) dict_keys(['bashoperator']) retrieved from /opt/airflow/dags/1-bashoperator.py
[2024-09-04 22:01:49,264] {logging_mixin.py:115} INFO - [2024-09-04 22:01:49,264] {dag.py:2420} INFO - Sync 1 DAGs
[2024-09-04 22:01:49,278] {logging_mixin.py:115} INFO - [2024-09-04 22:01:49,278] {dag.py:2972} INFO - Setting next_dagrun for bashoperator to 2024-05-15T00:00:00+00:00, run_after=2024-05-16T00:00:00+00:00
[2024-09-04 22:01:49,286] {processor.py:161} INFO - Processing /opt/airflow/dags/1-bashoperator.py took 0.045 seconds
[2024-09-04 22:02:19,792] {processor.py:153} INFO - Started process (PID=5813) to work on /opt/airflow/dags/1-bashoperator.py
[2024-09-04 22:02:19,793] {processor.py:641} INFO - Processing file /opt/airflow/dags/1-bashoperator.py for tasks to queue
[2024-09-04 22:02:19,793] {logging_mixin.py:115} INFO - [2024-09-04 22:02:19,793] {dagbag.py:508} INFO - Filling up the DagBag from /opt/airflow/dags/1-bashoperator.py
[2024-09-04 22:02:19,797] {processor.py:651} INFO - DAG(s) dict_keys(['bashoperator']) retrieved from /opt/airflow/dags/1-bashoperator.py
[2024-09-04 22:02:19,812] {logging_mixin.py:115} INFO - [2024-09-04 22:02:19,812] {dag.py:2420} INFO - Sync 1 DAGs
[2024-09-04 22:02:19,826] {logging_mixin.py:115} INFO - [2024-09-04 22:02:19,826] {dag.py:2972} INFO - Setting next_dagrun for bashoperator to 2024-05-15T00:00:00+00:00, run_after=2024-05-16T00:00:00+00:00
[2024-09-04 22:02:19,835] {processor.py:161} INFO - Processing /opt/airflow/dags/1-bashoperator.py took 0.044 seconds
[2024-09-04 22:02:50,308] {processor.py:153} INFO - Started process (PID=5851) to work on /opt/airflow/dags/1-bashoperator.py
[2024-09-04 22:02:50,308] {processor.py:641} INFO - Processing file /opt/airflow/dags/1-bashoperator.py for tasks to queue
[2024-09-04 22:02:50,309] {logging_mixin.py:115} INFO - [2024-09-04 22:02:50,309] {dagbag.py:508} INFO - Filling up the DagBag from /opt/airflow/dags/1-bashoperator.py
[2024-09-04 22:02:50,313] {processor.py:651} INFO - DAG(s) dict_keys(['bashoperator']) retrieved from /opt/airflow/dags/1-bashoperator.py
[2024-09-04 22:02:50,330] {logging_mixin.py:115} INFO - [2024-09-04 22:02:50,330] {dag.py:2420} INFO - Sync 1 DAGs
[2024-09-04 22:02:50,343] {logging_mixin.py:115} INFO - [2024-09-04 22:02:50,343] {dag.py:2972} INFO - Setting next_dagrun for bashoperator to 2024-05-15T00:00:00+00:00, run_after=2024-05-16T00:00:00+00:00
[2024-09-04 22:02:50,351] {processor.py:161} INFO - Processing /opt/airflow/dags/1-bashoperator.py took 0.045 seconds
[2024-09-04 22:03:20,851] {processor.py:153} INFO - Started process (PID=5889) to work on /opt/airflow/dags/1-bashoperator.py
[2024-09-04 22:03:20,852] {processor.py:641} INFO - Processing file /opt/airflow/dags/1-bashoperator.py for tasks to queue
[2024-09-04 22:03:20,852] {logging_mixin.py:115} INFO - [2024-09-04 22:03:20,852] {dagbag.py:508} INFO - Filling up the DagBag from /opt/airflow/dags/1-bashoperator.py
[2024-09-04 22:03:20,856] {processor.py:651} INFO - DAG(s) dict_keys(['bashoperator']) retrieved from /opt/airflow/dags/1-bashoperator.py
[2024-09-04 22:03:20,874] {logging_mixin.py:115} INFO - [2024-09-04 22:03:20,874] {dag.py:2420} INFO - Sync 1 DAGs
[2024-09-04 22:03:20,890] {logging_mixin.py:115} INFO - [2024-09-04 22:03:20,890] {dag.py:2972} INFO - Setting next_dagrun for bashoperator to 2024-05-15T00:00:00+00:00, run_after=2024-05-16T00:00:00+00:00
[2024-09-04 22:03:20,901] {processor.py:161} INFO - Processing /opt/airflow/dags/1-bashoperator.py took 0.053 seconds
[2024-09-04 22:03:51,331] {processor.py:153} INFO - Started process (PID=5928) to work on /opt/airflow/dags/1-bashoperator.py
[2024-09-04 22:03:51,331] {processor.py:641} INFO - Processing file /opt/airflow/dags/1-bashoperator.py for tasks to queue
[2024-09-04 22:03:51,332] {logging_mixin.py:115} INFO - [2024-09-04 22:03:51,331] {dagbag.py:508} INFO - Filling up the DagBag from /opt/airflow/dags/1-bashoperator.py
[2024-09-04 22:03:51,336] {processor.py:651} INFO - DAG(s) dict_keys(['bashoperator']) retrieved from /opt/airflow/dags/1-bashoperator.py
[2024-09-04 22:03:51,355] {logging_mixin.py:115} INFO - [2024-09-04 22:03:51,355] {dag.py:2420} INFO - Sync 1 DAGs
[2024-09-04 22:03:51,372] {logging_mixin.py:115} INFO - [2024-09-04 22:03:51,372] {dag.py:2972} INFO - Setting next_dagrun for bashoperator to 2024-05-15T00:00:00+00:00, run_after=2024-05-16T00:00:00+00:00
[2024-09-04 22:03:51,385] {processor.py:161} INFO - Processing /opt/airflow/dags/1-bashoperator.py took 0.056 seconds
[2024-09-04 22:04:21,823] {processor.py:153} INFO - Started process (PID=5958) to work on /opt/airflow/dags/1-bashoperator.py
[2024-09-04 22:04:21,823] {processor.py:641} INFO - Processing file /opt/airflow/dags/1-bashoperator.py for tasks to queue
[2024-09-04 22:04:21,823] {logging_mixin.py:115} INFO - [2024-09-04 22:04:21,823] {dagbag.py:508} INFO - Filling up the DagBag from /opt/airflow/dags/1-bashoperator.py
[2024-09-04 22:04:21,827] {processor.py:651} INFO - DAG(s) dict_keys(['bashoperator']) retrieved from /opt/airflow/dags/1-bashoperator.py
[2024-09-04 22:04:21,844] {logging_mixin.py:115} INFO - [2024-09-04 22:04:21,843] {dag.py:2420} INFO - Sync 1 DAGs
[2024-09-04 22:04:21,861] {logging_mixin.py:115} INFO - [2024-09-04 22:04:21,861] {dag.py:2972} INFO - Setting next_dagrun for bashoperator to 2024-05-15T00:00:00+00:00, run_after=2024-05-16T00:00:00+00:00
[2024-09-04 22:04:21,872] {processor.py:161} INFO - Processing /opt/airflow/dags/1-bashoperator.py took 0.051 seconds
[2024-09-04 22:04:52,321] {processor.py:153} INFO - Started process (PID=5997) to work on /opt/airflow/dags/1-bashoperator.py
[2024-09-04 22:04:52,322] {processor.py:641} INFO - Processing file /opt/airflow/dags/1-bashoperator.py for tasks to queue
[2024-09-04 22:04:52,322] {logging_mixin.py:115} INFO - [2024-09-04 22:04:52,322] {dagbag.py:508} INFO - Filling up the DagBag from /opt/airflow/dags/1-bashoperator.py
[2024-09-04 22:04:52,326] {processor.py:651} INFO - DAG(s) dict_keys(['bashoperator']) retrieved from /opt/airflow/dags/1-bashoperator.py
[2024-09-04 22:04:52,342] {logging_mixin.py:115} INFO - [2024-09-04 22:04:52,342] {dag.py:2420} INFO - Sync 1 DAGs
[2024-09-04 22:04:52,356] {logging_mixin.py:115} INFO - [2024-09-04 22:04:52,356] {dag.py:2972} INFO - Setting next_dagrun for bashoperator to 2024-05-15T00:00:00+00:00, run_after=2024-05-16T00:00:00+00:00
[2024-09-04 22:04:52,364] {processor.py:161} INFO - Processing /opt/airflow/dags/1-bashoperator.py took 0.045 seconds
[2024-09-04 22:05:22,749] {processor.py:153} INFO - Started process (PID=6036) to work on /opt/airflow/dags/1-bashoperator.py
[2024-09-04 22:05:22,750] {processor.py:641} INFO - Processing file /opt/airflow/dags/1-bashoperator.py for tasks to queue
[2024-09-04 22:05:22,750] {logging_mixin.py:115} INFO - [2024-09-04 22:05:22,750] {dagbag.py:508} INFO - Filling up the DagBag from /opt/airflow/dags/1-bashoperator.py
[2024-09-04 22:05:22,753] {processor.py:651} INFO - DAG(s) dict_keys(['bashoperator']) retrieved from /opt/airflow/dags/1-bashoperator.py
[2024-09-04 22:05:22,770] {logging_mixin.py:115} INFO - [2024-09-04 22:05:22,770] {dag.py:2420} INFO - Sync 1 DAGs
[2024-09-04 22:05:22,783] {logging_mixin.py:115} INFO - [2024-09-04 22:05:22,783] {dag.py:2972} INFO - Setting next_dagrun for bashoperator to 2024-05-15T00:00:00+00:00, run_after=2024-05-16T00:00:00+00:00
[2024-09-04 22:05:22,795] {processor.py:161} INFO - Processing /opt/airflow/dags/1-bashoperator.py took 0.048 seconds
[2024-09-04 22:05:53,282] {processor.py:153} INFO - Started process (PID=6074) to work on /opt/airflow/dags/1-bashoperator.py
[2024-09-04 22:05:53,282] {processor.py:641} INFO - Processing file /opt/airflow/dags/1-bashoperator.py for tasks to queue
[2024-09-04 22:05:53,282] {logging_mixin.py:115} INFO - [2024-09-04 22:05:53,282] {dagbag.py:508} INFO - Filling up the DagBag from /opt/airflow/dags/1-bashoperator.py
[2024-09-04 22:05:53,286] {processor.py:651} INFO - DAG(s) dict_keys(['bashoperator']) retrieved from /opt/airflow/dags/1-bashoperator.py
[2024-09-04 22:05:53,304] {logging_mixin.py:115} INFO - [2024-09-04 22:05:53,304] {dag.py:2420} INFO - Sync 1 DAGs
[2024-09-04 22:05:53,319] {logging_mixin.py:115} INFO - [2024-09-04 22:05:53,319] {dag.py:2972} INFO - Setting next_dagrun for bashoperator to 2024-05-15T00:00:00+00:00, run_after=2024-05-16T00:00:00+00:00
[2024-09-04 22:05:53,327] {processor.py:161} INFO - Processing /opt/airflow/dags/1-bashoperator.py took 0.048 seconds
[2024-09-04 22:06:23,819] {processor.py:153} INFO - Started process (PID=6113) to work on /opt/airflow/dags/1-bashoperator.py
[2024-09-04 22:06:23,820] {processor.py:641} INFO - Processing file /opt/airflow/dags/1-bashoperator.py for tasks to queue
[2024-09-04 22:06:23,820] {logging_mixin.py:115} INFO - [2024-09-04 22:06:23,820] {dagbag.py:508} INFO - Filling up the DagBag from /opt/airflow/dags/1-bashoperator.py
[2024-09-04 22:06:23,824] {processor.py:651} INFO - DAG(s) dict_keys(['bashoperator']) retrieved from /opt/airflow/dags/1-bashoperator.py
[2024-09-04 22:06:23,839] {logging_mixin.py:115} INFO - [2024-09-04 22:06:23,839] {dag.py:2420} INFO - Sync 1 DAGs
[2024-09-04 22:06:23,853] {logging_mixin.py:115} INFO - [2024-09-04 22:06:23,853] {dag.py:2972} INFO - Setting next_dagrun for bashoperator to 2024-05-15T00:00:00+00:00, run_after=2024-05-16T00:00:00+00:00
[2024-09-04 22:06:23,863] {processor.py:161} INFO - Processing /opt/airflow/dags/1-bashoperator.py took 0.046 seconds
[2024-09-04 22:06:54,322] {processor.py:153} INFO - Started process (PID=6152) to work on /opt/airflow/dags/1-bashoperator.py
[2024-09-04 22:06:54,322] {processor.py:641} INFO - Processing file /opt/airflow/dags/1-bashoperator.py for tasks to queue
[2024-09-04 22:06:54,323] {logging_mixin.py:115} INFO - [2024-09-04 22:06:54,323] {dagbag.py:508} INFO - Filling up the DagBag from /opt/airflow/dags/1-bashoperator.py
[2024-09-04 22:06:54,327] {processor.py:651} INFO - DAG(s) dict_keys(['bashoperator']) retrieved from /opt/airflow/dags/1-bashoperator.py
[2024-09-04 22:06:54,342] {logging_mixin.py:115} INFO - [2024-09-04 22:06:54,342] {dag.py:2420} INFO - Sync 1 DAGs
[2024-09-04 22:06:54,355] {logging_mixin.py:115} INFO - [2024-09-04 22:06:54,355] {dag.py:2972} INFO - Setting next_dagrun for bashoperator to 2024-05-15T00:00:00+00:00, run_after=2024-05-16T00:00:00+00:00
[2024-09-04 22:06:54,364] {processor.py:161} INFO - Processing /opt/airflow/dags/1-bashoperator.py took 0.044 seconds
[2024-09-04 22:07:24,917] {processor.py:153} INFO - Started process (PID=6182) to work on /opt/airflow/dags/1-bashoperator.py
[2024-09-04 22:07:24,918] {processor.py:641} INFO - Processing file /opt/airflow/dags/1-bashoperator.py for tasks to queue
[2024-09-04 22:07:24,918] {logging_mixin.py:115} INFO - [2024-09-04 22:07:24,918] {dagbag.py:508} INFO - Filling up the DagBag from /opt/airflow/dags/1-bashoperator.py
[2024-09-04 22:07:24,923] {processor.py:651} INFO - DAG(s) dict_keys(['bashoperator']) retrieved from /opt/airflow/dags/1-bashoperator.py
[2024-09-04 22:07:24,941] {logging_mixin.py:115} INFO - [2024-09-04 22:07:24,940] {dag.py:2420} INFO - Sync 1 DAGs
[2024-09-04 22:07:24,958] {logging_mixin.py:115} INFO - [2024-09-04 22:07:24,958] {dag.py:2972} INFO - Setting next_dagrun for bashoperator to 2024-05-15T00:00:00+00:00, run_after=2024-05-16T00:00:00+00:00
[2024-09-04 22:07:24,969] {processor.py:161} INFO - Processing /opt/airflow/dags/1-bashoperator.py took 0.055 seconds
[2024-09-04 22:07:55,552] {processor.py:153} INFO - Started process (PID=6221) to work on /opt/airflow/dags/1-bashoperator.py
[2024-09-04 22:07:55,552] {processor.py:641} INFO - Processing file /opt/airflow/dags/1-bashoperator.py for tasks to queue
[2024-09-04 22:07:55,552] {logging_mixin.py:115} INFO - [2024-09-04 22:07:55,552] {dagbag.py:508} INFO - Filling up the DagBag from /opt/airflow/dags/1-bashoperator.py
[2024-09-04 22:07:55,556] {processor.py:651} INFO - DAG(s) dict_keys(['bashoperator']) retrieved from /opt/airflow/dags/1-bashoperator.py
[2024-09-04 22:07:55,583] {logging_mixin.py:115} INFO - [2024-09-04 22:07:55,583] {dag.py:2420} INFO - Sync 1 DAGs
[2024-09-04 22:07:55,601] {logging_mixin.py:115} INFO - [2024-09-04 22:07:55,601] {dag.py:2972} INFO - Setting next_dagrun for bashoperator to 2024-05-15T00:00:00+00:00, run_after=2024-05-16T00:00:00+00:00
[2024-09-04 22:07:55,613] {processor.py:161} INFO - Processing /opt/airflow/dags/1-bashoperator.py took 0.064 seconds
[2024-09-04 22:08:26,141] {processor.py:153} INFO - Started process (PID=6260) to work on /opt/airflow/dags/1-bashoperator.py
[2024-09-04 22:08:26,142] {processor.py:641} INFO - Processing file /opt/airflow/dags/1-bashoperator.py for tasks to queue
[2024-09-04 22:08:26,143] {logging_mixin.py:115} INFO - [2024-09-04 22:08:26,143] {dagbag.py:508} INFO - Filling up the DagBag from /opt/airflow/dags/1-bashoperator.py
[2024-09-04 22:08:26,147] {processor.py:651} INFO - DAG(s) dict_keys(['bashoperator']) retrieved from /opt/airflow/dags/1-bashoperator.py
[2024-09-04 22:08:26,167] {logging_mixin.py:115} INFO - [2024-09-04 22:08:26,167] {dag.py:2420} INFO - Sync 1 DAGs
[2024-09-04 22:08:26,187] {logging_mixin.py:115} INFO - [2024-09-04 22:08:26,186] {dag.py:2972} INFO - Setting next_dagrun for bashoperator to 2024-05-15T00:00:00+00:00, run_after=2024-05-16T00:00:00+00:00
[2024-09-04 22:08:26,197] {processor.py:161} INFO - Processing /opt/airflow/dags/1-bashoperator.py took 0.059 seconds
[2024-09-04 22:08:56,632] {processor.py:153} INFO - Started process (PID=6299) to work on /opt/airflow/dags/1-bashoperator.py
[2024-09-04 22:08:56,632] {processor.py:641} INFO - Processing file /opt/airflow/dags/1-bashoperator.py for tasks to queue
[2024-09-04 22:08:56,632] {logging_mixin.py:115} INFO - [2024-09-04 22:08:56,632] {dagbag.py:508} INFO - Filling up the DagBag from /opt/airflow/dags/1-bashoperator.py
[2024-09-04 22:08:56,637] {processor.py:651} INFO - DAG(s) dict_keys(['bashoperator']) retrieved from /opt/airflow/dags/1-bashoperator.py
[2024-09-04 22:08:56,654] {logging_mixin.py:115} INFO - [2024-09-04 22:08:56,654] {dag.py:2420} INFO - Sync 1 DAGs
[2024-09-04 22:08:56,668] {logging_mixin.py:115} INFO - [2024-09-04 22:08:56,668] {dag.py:2972} INFO - Setting next_dagrun for bashoperator to 2024-05-15T00:00:00+00:00, run_after=2024-05-16T00:00:00+00:00
[2024-09-04 22:08:56,677] {processor.py:161} INFO - Processing /opt/airflow/dags/1-bashoperator.py took 0.048 seconds
[2024-09-04 22:09:27,124] {processor.py:153} INFO - Started process (PID=6338) to work on /opt/airflow/dags/1-bashoperator.py
[2024-09-04 22:09:27,124] {processor.py:641} INFO - Processing file /opt/airflow/dags/1-bashoperator.py for tasks to queue
[2024-09-04 22:09:27,125] {logging_mixin.py:115} INFO - [2024-09-04 22:09:27,125] {dagbag.py:508} INFO - Filling up the DagBag from /opt/airflow/dags/1-bashoperator.py
[2024-09-04 22:09:27,129] {processor.py:651} INFO - DAG(s) dict_keys(['bashoperator']) retrieved from /opt/airflow/dags/1-bashoperator.py
[2024-09-04 22:09:27,145] {logging_mixin.py:115} INFO - [2024-09-04 22:09:27,145] {dag.py:2420} INFO - Sync 1 DAGs
[2024-09-04 22:09:27,159] {logging_mixin.py:115} INFO - [2024-09-04 22:09:27,159] {dag.py:2972} INFO - Setting next_dagrun for bashoperator to 2024-05-15T00:00:00+00:00, run_after=2024-05-16T00:00:00+00:00
[2024-09-04 22:09:27,167] {processor.py:161} INFO - Processing /opt/airflow/dags/1-bashoperator.py took 0.045 seconds
[2024-09-04 22:09:57,642] {processor.py:153} INFO - Started process (PID=6377) to work on /opt/airflow/dags/1-bashoperator.py
[2024-09-04 22:09:57,642] {processor.py:641} INFO - Processing file /opt/airflow/dags/1-bashoperator.py for tasks to queue
[2024-09-04 22:09:57,643] {logging_mixin.py:115} INFO - [2024-09-04 22:09:57,643] {dagbag.py:508} INFO - Filling up the DagBag from /opt/airflow/dags/1-bashoperator.py
[2024-09-04 22:09:57,646] {processor.py:651} INFO - DAG(s) dict_keys(['bashoperator']) retrieved from /opt/airflow/dags/1-bashoperator.py
[2024-09-04 22:09:57,665] {logging_mixin.py:115} INFO - [2024-09-04 22:09:57,665] {dag.py:2420} INFO - Sync 1 DAGs
[2024-09-04 22:09:57,685] {logging_mixin.py:115} INFO - [2024-09-04 22:09:57,685] {dag.py:2972} INFO - Setting next_dagrun for bashoperator to 2024-05-15T00:00:00+00:00, run_after=2024-05-16T00:00:00+00:00
[2024-09-04 22:09:57,696] {processor.py:161} INFO - Processing /opt/airflow/dags/1-bashoperator.py took 0.056 seconds
[2024-09-04 22:10:28,193] {processor.py:153} INFO - Started process (PID=6407) to work on /opt/airflow/dags/1-bashoperator.py
[2024-09-04 22:10:28,193] {processor.py:641} INFO - Processing file /opt/airflow/dags/1-bashoperator.py for tasks to queue
[2024-09-04 22:10:28,193] {logging_mixin.py:115} INFO - [2024-09-04 22:10:28,193] {dagbag.py:508} INFO - Filling up the DagBag from /opt/airflow/dags/1-bashoperator.py
[2024-09-04 22:10:28,197] {processor.py:651} INFO - DAG(s) dict_keys(['bashoperator']) retrieved from /opt/airflow/dags/1-bashoperator.py
[2024-09-04 22:10:28,214] {logging_mixin.py:115} INFO - [2024-09-04 22:10:28,214] {dag.py:2420} INFO - Sync 1 DAGs
[2024-09-04 22:10:28,228] {logging_mixin.py:115} INFO - [2024-09-04 22:10:28,228] {dag.py:2972} INFO - Setting next_dagrun for bashoperator to 2024-05-15T00:00:00+00:00, run_after=2024-05-16T00:00:00+00:00
[2024-09-04 22:10:28,237] {processor.py:161} INFO - Processing /opt/airflow/dags/1-bashoperator.py took 0.048 seconds
[2024-09-04 22:10:58,681] {processor.py:153} INFO - Started process (PID=6446) to work on /opt/airflow/dags/1-bashoperator.py
[2024-09-04 22:10:58,682] {processor.py:641} INFO - Processing file /opt/airflow/dags/1-bashoperator.py for tasks to queue
[2024-09-04 22:10:58,682] {logging_mixin.py:115} INFO - [2024-09-04 22:10:58,682] {dagbag.py:508} INFO - Filling up the DagBag from /opt/airflow/dags/1-bashoperator.py
[2024-09-04 22:10:58,685] {processor.py:651} INFO - DAG(s) dict_keys(['bashoperator']) retrieved from /opt/airflow/dags/1-bashoperator.py
[2024-09-04 22:10:58,702] {logging_mixin.py:115} INFO - [2024-09-04 22:10:58,702] {dag.py:2420} INFO - Sync 1 DAGs
[2024-09-04 22:10:58,715] {logging_mixin.py:115} INFO - [2024-09-04 22:10:58,715] {dag.py:2972} INFO - Setting next_dagrun for bashoperator to 2024-05-15T00:00:00+00:00, run_after=2024-05-16T00:00:00+00:00
[2024-09-04 22:10:58,726] {processor.py:161} INFO - Processing /opt/airflow/dags/1-bashoperator.py took 0.047 seconds
[2024-09-04 22:11:29,198] {processor.py:153} INFO - Started process (PID=6484) to work on /opt/airflow/dags/1-bashoperator.py
[2024-09-04 22:11:29,199] {processor.py:641} INFO - Processing file /opt/airflow/dags/1-bashoperator.py for tasks to queue
[2024-09-04 22:11:29,199] {logging_mixin.py:115} INFO - [2024-09-04 22:11:29,199] {dagbag.py:508} INFO - Filling up the DagBag from /opt/airflow/dags/1-bashoperator.py
[2024-09-04 22:11:29,203] {processor.py:651} INFO - DAG(s) dict_keys(['bashoperator']) retrieved from /opt/airflow/dags/1-bashoperator.py
[2024-09-04 22:11:29,219] {logging_mixin.py:115} INFO - [2024-09-04 22:11:29,219] {dag.py:2420} INFO - Sync 1 DAGs
[2024-09-04 22:11:29,232] {logging_mixin.py:115} INFO - [2024-09-04 22:11:29,232] {dag.py:2972} INFO - Setting next_dagrun for bashoperator to 2024-05-15T00:00:00+00:00, run_after=2024-05-16T00:00:00+00:00
[2024-09-04 22:11:29,242] {processor.py:161} INFO - Processing /opt/airflow/dags/1-bashoperator.py took 0.046 seconds
[2024-09-04 22:11:59,741] {processor.py:153} INFO - Started process (PID=6521) to work on /opt/airflow/dags/1-bashoperator.py
[2024-09-04 22:11:59,742] {processor.py:641} INFO - Processing file /opt/airflow/dags/1-bashoperator.py for tasks to queue
[2024-09-04 22:11:59,742] {logging_mixin.py:115} INFO - [2024-09-04 22:11:59,742] {dagbag.py:508} INFO - Filling up the DagBag from /opt/airflow/dags/1-bashoperator.py
[2024-09-04 22:11:59,746] {processor.py:651} INFO - DAG(s) dict_keys(['bashoperator']) retrieved from /opt/airflow/dags/1-bashoperator.py
[2024-09-04 22:11:59,762] {logging_mixin.py:115} INFO - [2024-09-04 22:11:59,762] {dag.py:2420} INFO - Sync 1 DAGs
[2024-09-04 22:11:59,775] {logging_mixin.py:115} INFO - [2024-09-04 22:11:59,775] {dag.py:2972} INFO - Setting next_dagrun for bashoperator to 2024-05-15T00:00:00+00:00, run_after=2024-05-16T00:00:00+00:00
[2024-09-04 22:11:59,784] {processor.py:161} INFO - Processing /opt/airflow/dags/1-bashoperator.py took 0.045 seconds
[2024-09-04 22:12:30,278] {processor.py:153} INFO - Started process (PID=6559) to work on /opt/airflow/dags/1-bashoperator.py
[2024-09-04 22:12:30,279] {processor.py:641} INFO - Processing file /opt/airflow/dags/1-bashoperator.py for tasks to queue
[2024-09-04 22:12:30,279] {logging_mixin.py:115} INFO - [2024-09-04 22:12:30,279] {dagbag.py:508} INFO - Filling up the DagBag from /opt/airflow/dags/1-bashoperator.py
[2024-09-04 22:12:30,284] {processor.py:651} INFO - DAG(s) dict_keys(['bashoperator']) retrieved from /opt/airflow/dags/1-bashoperator.py
[2024-09-04 22:12:30,300] {logging_mixin.py:115} INFO - [2024-09-04 22:12:30,300] {dag.py:2420} INFO - Sync 1 DAGs
[2024-09-04 22:12:30,313] {logging_mixin.py:115} INFO - [2024-09-04 22:12:30,313] {dag.py:2972} INFO - Setting next_dagrun for bashoperator to 2024-05-15T00:00:00+00:00, run_after=2024-05-16T00:00:00+00:00
[2024-09-04 22:12:30,321] {processor.py:161} INFO - Processing /opt/airflow/dags/1-bashoperator.py took 0.045 seconds
[2024-09-04 22:13:00,739] {processor.py:153} INFO - Started process (PID=6589) to work on /opt/airflow/dags/1-bashoperator.py
[2024-09-04 22:13:00,740] {processor.py:641} INFO - Processing file /opt/airflow/dags/1-bashoperator.py for tasks to queue
[2024-09-04 22:13:00,740] {logging_mixin.py:115} INFO - [2024-09-04 22:13:00,740] {dagbag.py:508} INFO - Filling up the DagBag from /opt/airflow/dags/1-bashoperator.py
[2024-09-04 22:13:00,746] {processor.py:651} INFO - DAG(s) dict_keys(['bashoperator']) retrieved from /opt/airflow/dags/1-bashoperator.py
[2024-09-04 22:13:00,763] {logging_mixin.py:115} INFO - [2024-09-04 22:13:00,763] {dag.py:2420} INFO - Sync 1 DAGs
[2024-09-04 22:13:00,776] {logging_mixin.py:115} INFO - [2024-09-04 22:13:00,776] {dag.py:2972} INFO - Setting next_dagrun for bashoperator to 2024-05-15T00:00:00+00:00, run_after=2024-05-16T00:00:00+00:00
[2024-09-04 22:13:00,783] {processor.py:161} INFO - Processing /opt/airflow/dags/1-bashoperator.py took 0.046 seconds
[2024-09-04 22:13:31,213] {processor.py:153} INFO - Started process (PID=6628) to work on /opt/airflow/dags/1-bashoperator.py
[2024-09-04 22:13:31,214] {processor.py:641} INFO - Processing file /opt/airflow/dags/1-bashoperator.py for tasks to queue
[2024-09-04 22:13:31,214] {logging_mixin.py:115} INFO - [2024-09-04 22:13:31,214] {dagbag.py:508} INFO - Filling up the DagBag from /opt/airflow/dags/1-bashoperator.py
[2024-09-04 22:13:31,218] {processor.py:651} INFO - DAG(s) dict_keys(['bashoperator']) retrieved from /opt/airflow/dags/1-bashoperator.py
[2024-09-04 22:13:31,233] {logging_mixin.py:115} INFO - [2024-09-04 22:13:31,233] {dag.py:2420} INFO - Sync 1 DAGs
[2024-09-04 22:13:31,246] {logging_mixin.py:115} INFO - [2024-09-04 22:13:31,246] {dag.py:2972} INFO - Setting next_dagrun for bashoperator to 2024-05-15T00:00:00+00:00, run_after=2024-05-16T00:00:00+00:00
[2024-09-04 22:13:31,255] {processor.py:161} INFO - Processing /opt/airflow/dags/1-bashoperator.py took 0.044 seconds
[2024-09-04 22:14:01,806] {processor.py:153} INFO - Started process (PID=6667) to work on /opt/airflow/dags/1-bashoperator.py
[2024-09-04 22:14:01,806] {processor.py:641} INFO - Processing file /opt/airflow/dags/1-bashoperator.py for tasks to queue
[2024-09-04 22:14:01,807] {logging_mixin.py:115} INFO - [2024-09-04 22:14:01,807] {dagbag.py:508} INFO - Filling up the DagBag from /opt/airflow/dags/1-bashoperator.py
[2024-09-04 22:14:01,811] {processor.py:651} INFO - DAG(s) dict_keys(['bashoperator']) retrieved from /opt/airflow/dags/1-bashoperator.py
[2024-09-04 22:14:01,827] {logging_mixin.py:115} INFO - [2024-09-04 22:14:01,827] {dag.py:2420} INFO - Sync 1 DAGs
[2024-09-04 22:14:01,840] {logging_mixin.py:115} INFO - [2024-09-04 22:14:01,840] {dag.py:2972} INFO - Setting next_dagrun for bashoperator to 2024-05-15T00:00:00+00:00, run_after=2024-05-16T00:00:00+00:00
[2024-09-04 22:14:01,849] {processor.py:161} INFO - Processing /opt/airflow/dags/1-bashoperator.py took 0.045 seconds
[2024-09-04 22:14:32,289] {processor.py:153} INFO - Started process (PID=6705) to work on /opt/airflow/dags/1-bashoperator.py
[2024-09-04 22:14:32,290] {processor.py:641} INFO - Processing file /opt/airflow/dags/1-bashoperator.py for tasks to queue
[2024-09-04 22:14:32,291] {logging_mixin.py:115} INFO - [2024-09-04 22:14:32,290] {dagbag.py:508} INFO - Filling up the DagBag from /opt/airflow/dags/1-bashoperator.py
[2024-09-04 22:14:32,294] {processor.py:651} INFO - DAG(s) dict_keys(['bashoperator']) retrieved from /opt/airflow/dags/1-bashoperator.py
[2024-09-04 22:14:32,309] {logging_mixin.py:115} INFO - [2024-09-04 22:14:32,309] {dag.py:2420} INFO - Sync 1 DAGs
[2024-09-04 22:14:32,323] {logging_mixin.py:115} INFO - [2024-09-04 22:14:32,323] {dag.py:2972} INFO - Setting next_dagrun for bashoperator to 2024-05-15T00:00:00+00:00, run_after=2024-05-16T00:00:00+00:00
[2024-09-04 22:14:32,330] {processor.py:161} INFO - Processing /opt/airflow/dags/1-bashoperator.py took 0.044 seconds
[2024-09-04 22:15:02,792] {processor.py:153} INFO - Started process (PID=6744) to work on /opt/airflow/dags/1-bashoperator.py
[2024-09-04 22:15:02,793] {processor.py:641} INFO - Processing file /opt/airflow/dags/1-bashoperator.py for tasks to queue
[2024-09-04 22:15:02,793] {logging_mixin.py:115} INFO - [2024-09-04 22:15:02,793] {dagbag.py:508} INFO - Filling up the DagBag from /opt/airflow/dags/1-bashoperator.py
[2024-09-04 22:15:02,799] {processor.py:651} INFO - DAG(s) dict_keys(['bashoperator']) retrieved from /opt/airflow/dags/1-bashoperator.py
[2024-09-04 22:15:02,815] {logging_mixin.py:115} INFO - [2024-09-04 22:15:02,815] {dag.py:2420} INFO - Sync 1 DAGs
[2024-09-04 22:15:02,828] {logging_mixin.py:115} INFO - [2024-09-04 22:15:02,828] {dag.py:2972} INFO - Setting next_dagrun for bashoperator to 2024-05-15T00:00:00+00:00, run_after=2024-05-16T00:00:00+00:00
[2024-09-04 22:15:02,838] {processor.py:161} INFO - Processing /opt/airflow/dags/1-bashoperator.py took 0.047 seconds
[2024-09-04 22:15:33,302] {processor.py:153} INFO - Started process (PID=6783) to work on /opt/airflow/dags/1-bashoperator.py
[2024-09-04 22:15:33,302] {processor.py:641} INFO - Processing file /opt/airflow/dags/1-bashoperator.py for tasks to queue
[2024-09-04 22:15:33,302] {logging_mixin.py:115} INFO - [2024-09-04 22:15:33,302] {dagbag.py:508} INFO - Filling up the DagBag from /opt/airflow/dags/1-bashoperator.py
[2024-09-04 22:15:33,306] {processor.py:651} INFO - DAG(s) dict_keys(['bashoperator']) retrieved from /opt/airflow/dags/1-bashoperator.py
[2024-09-04 22:15:33,323] {logging_mixin.py:115} INFO - [2024-09-04 22:15:33,323] {dag.py:2420} INFO - Sync 1 DAGs
[2024-09-04 22:15:33,337] {logging_mixin.py:115} INFO - [2024-09-04 22:15:33,337] {dag.py:2972} INFO - Setting next_dagrun for bashoperator to 2024-05-15T00:00:00+00:00, run_after=2024-05-16T00:00:00+00:00
[2024-09-04 22:15:33,345] {processor.py:161} INFO - Processing /opt/airflow/dags/1-bashoperator.py took 0.046 seconds
[2024-09-04 22:16:03,841] {processor.py:153} INFO - Started process (PID=6814) to work on /opt/airflow/dags/1-bashoperator.py
[2024-09-04 22:16:03,842] {processor.py:641} INFO - Processing file /opt/airflow/dags/1-bashoperator.py for tasks to queue
[2024-09-04 22:16:03,842] {logging_mixin.py:115} INFO - [2024-09-04 22:16:03,842] {dagbag.py:508} INFO - Filling up the DagBag from /opt/airflow/dags/1-bashoperator.py
[2024-09-04 22:16:03,846] {processor.py:651} INFO - DAG(s) dict_keys(['bashoperator']) retrieved from /opt/airflow/dags/1-bashoperator.py
[2024-09-04 22:16:03,862] {logging_mixin.py:115} INFO - [2024-09-04 22:16:03,862] {dag.py:2420} INFO - Sync 1 DAGs
[2024-09-04 22:16:03,875] {logging_mixin.py:115} INFO - [2024-09-04 22:16:03,875] {dag.py:2972} INFO - Setting next_dagrun for bashoperator to 2024-05-15T00:00:00+00:00, run_after=2024-05-16T00:00:00+00:00
[2024-09-04 22:16:03,884] {processor.py:161} INFO - Processing /opt/airflow/dags/1-bashoperator.py took 0.045 seconds
[2024-09-04 22:16:34,301] {processor.py:153} INFO - Started process (PID=6853) to work on /opt/airflow/dags/1-bashoperator.py
[2024-09-04 22:16:34,301] {processor.py:641} INFO - Processing file /opt/airflow/dags/1-bashoperator.py for tasks to queue
[2024-09-04 22:16:34,302] {logging_mixin.py:115} INFO - [2024-09-04 22:16:34,302] {dagbag.py:508} INFO - Filling up the DagBag from /opt/airflow/dags/1-bashoperator.py
[2024-09-04 22:16:34,306] {processor.py:651} INFO - DAG(s) dict_keys(['bashoperator']) retrieved from /opt/airflow/dags/1-bashoperator.py
[2024-09-04 22:16:34,324] {logging_mixin.py:115} INFO - [2024-09-04 22:16:34,324] {dag.py:2420} INFO - Sync 1 DAGs
[2024-09-04 22:16:34,339] {logging_mixin.py:115} INFO - [2024-09-04 22:16:34,339] {dag.py:2972} INFO - Setting next_dagrun for bashoperator to 2024-05-15T00:00:00+00:00, run_after=2024-05-16T00:00:00+00:00
[2024-09-04 22:16:34,348] {processor.py:161} INFO - Processing /opt/airflow/dags/1-bashoperator.py took 0.050 seconds
[2024-09-04 22:17:04,821] {processor.py:153} INFO - Started process (PID=6892) to work on /opt/airflow/dags/1-bashoperator.py
[2024-09-04 22:17:04,822] {processor.py:641} INFO - Processing file /opt/airflow/dags/1-bashoperator.py for tasks to queue
[2024-09-04 22:17:04,822] {logging_mixin.py:115} INFO - [2024-09-04 22:17:04,822] {dagbag.py:508} INFO - Filling up the DagBag from /opt/airflow/dags/1-bashoperator.py
[2024-09-04 22:17:04,826] {processor.py:651} INFO - DAG(s) dict_keys(['bashoperator']) retrieved from /opt/airflow/dags/1-bashoperator.py
[2024-09-04 22:17:04,842] {logging_mixin.py:115} INFO - [2024-09-04 22:17:04,842] {dag.py:2420} INFO - Sync 1 DAGs
[2024-09-04 22:17:04,855] {logging_mixin.py:115} INFO - [2024-09-04 22:17:04,855] {dag.py:2972} INFO - Setting next_dagrun for bashoperator to 2024-05-15T00:00:00+00:00, run_after=2024-05-16T00:00:00+00:00
[2024-09-04 22:17:04,864] {processor.py:161} INFO - Processing /opt/airflow/dags/1-bashoperator.py took 0.047 seconds
[2024-09-04 22:17:35,344] {processor.py:153} INFO - Started process (PID=6931) to work on /opt/airflow/dags/1-bashoperator.py
[2024-09-04 22:17:35,345] {processor.py:641} INFO - Processing file /opt/airflow/dags/1-bashoperator.py for tasks to queue
[2024-09-04 22:17:35,345] {logging_mixin.py:115} INFO - [2024-09-04 22:17:35,345] {dagbag.py:508} INFO - Filling up the DagBag from /opt/airflow/dags/1-bashoperator.py
[2024-09-04 22:17:35,349] {processor.py:651} INFO - DAG(s) dict_keys(['bashoperator']) retrieved from /opt/airflow/dags/1-bashoperator.py
[2024-09-04 22:17:35,371] {logging_mixin.py:115} INFO - [2024-09-04 22:17:35,371] {dag.py:2420} INFO - Sync 1 DAGs
[2024-09-04 22:17:35,388] {logging_mixin.py:115} INFO - [2024-09-04 22:17:35,388] {dag.py:2972} INFO - Setting next_dagrun for bashoperator to 2024-05-15T00:00:00+00:00, run_after=2024-05-16T00:00:00+00:00
[2024-09-04 22:17:35,398] {processor.py:161} INFO - Processing /opt/airflow/dags/1-bashoperator.py took 0.056 seconds
[2024-09-04 22:18:05,954] {processor.py:153} INFO - Started process (PID=6970) to work on /opt/airflow/dags/1-bashoperator.py
[2024-09-04 22:18:05,954] {processor.py:641} INFO - Processing file /opt/airflow/dags/1-bashoperator.py for tasks to queue
[2024-09-04 22:18:05,955] {logging_mixin.py:115} INFO - [2024-09-04 22:18:05,955] {dagbag.py:508} INFO - Filling up the DagBag from /opt/airflow/dags/1-bashoperator.py
[2024-09-04 22:18:05,958] {processor.py:651} INFO - DAG(s) dict_keys(['bashoperator']) retrieved from /opt/airflow/dags/1-bashoperator.py
[2024-09-04 22:18:05,975] {logging_mixin.py:115} INFO - [2024-09-04 22:18:05,975] {dag.py:2420} INFO - Sync 1 DAGs
[2024-09-04 22:18:05,988] {logging_mixin.py:115} INFO - [2024-09-04 22:18:05,988] {dag.py:2972} INFO - Setting next_dagrun for bashoperator to 2024-05-15T00:00:00+00:00, run_after=2024-05-16T00:00:00+00:00
[2024-09-04 22:18:05,996] {processor.py:161} INFO - Processing /opt/airflow/dags/1-bashoperator.py took 0.044 seconds
[2024-09-04 22:18:36,479] {processor.py:153} INFO - Started process (PID=7000) to work on /opt/airflow/dags/1-bashoperator.py
[2024-09-04 22:18:36,480] {processor.py:641} INFO - Processing file /opt/airflow/dags/1-bashoperator.py for tasks to queue
[2024-09-04 22:18:36,480] {logging_mixin.py:115} INFO - [2024-09-04 22:18:36,480] {dagbag.py:508} INFO - Filling up the DagBag from /opt/airflow/dags/1-bashoperator.py
[2024-09-04 22:18:36,484] {processor.py:651} INFO - DAG(s) dict_keys(['bashoperator']) retrieved from /opt/airflow/dags/1-bashoperator.py
[2024-09-04 22:18:36,505] {logging_mixin.py:115} INFO - [2024-09-04 22:18:36,505] {dag.py:2420} INFO - Sync 1 DAGs
[2024-09-04 22:18:36,520] {logging_mixin.py:115} INFO - [2024-09-04 22:18:36,520] {dag.py:2972} INFO - Setting next_dagrun for bashoperator to 2024-05-15T00:00:00+00:00, run_after=2024-05-16T00:00:00+00:00
[2024-09-04 22:18:36,529] {processor.py:161} INFO - Processing /opt/airflow/dags/1-bashoperator.py took 0.051 seconds
[2024-09-04 22:19:06,962] {processor.py:153} INFO - Started process (PID=7039) to work on /opt/airflow/dags/1-bashoperator.py
[2024-09-04 22:19:06,962] {processor.py:641} INFO - Processing file /opt/airflow/dags/1-bashoperator.py for tasks to queue
[2024-09-04 22:19:06,963] {logging_mixin.py:115} INFO - [2024-09-04 22:19:06,963] {dagbag.py:508} INFO - Filling up the DagBag from /opt/airflow/dags/1-bashoperator.py
[2024-09-04 22:19:06,967] {processor.py:651} INFO - DAG(s) dict_keys(['bashoperator']) retrieved from /opt/airflow/dags/1-bashoperator.py
[2024-09-04 22:19:06,981] {logging_mixin.py:115} INFO - [2024-09-04 22:19:06,981] {dag.py:2420} INFO - Sync 1 DAGs
[2024-09-04 22:19:06,994] {logging_mixin.py:115} INFO - [2024-09-04 22:19:06,994] {dag.py:2972} INFO - Setting next_dagrun for bashoperator to 2024-05-15T00:00:00+00:00, run_after=2024-05-16T00:00:00+00:00
[2024-09-04 22:19:07,003] {processor.py:161} INFO - Processing /opt/airflow/dags/1-bashoperator.py took 0.045 seconds
[2024-09-04 22:19:37,445] {processor.py:153} INFO - Started process (PID=7078) to work on /opt/airflow/dags/1-bashoperator.py
[2024-09-04 22:19:37,445] {processor.py:641} INFO - Processing file /opt/airflow/dags/1-bashoperator.py for tasks to queue
[2024-09-04 22:19:37,445] {logging_mixin.py:115} INFO - [2024-09-04 22:19:37,445] {dagbag.py:508} INFO - Filling up the DagBag from /opt/airflow/dags/1-bashoperator.py
[2024-09-04 22:19:37,449] {processor.py:651} INFO - DAG(s) dict_keys(['bashoperator']) retrieved from /opt/airflow/dags/1-bashoperator.py
[2024-09-04 22:19:37,465] {logging_mixin.py:115} INFO - [2024-09-04 22:19:37,465] {dag.py:2420} INFO - Sync 1 DAGs
[2024-09-04 22:19:37,485] {logging_mixin.py:115} INFO - [2024-09-04 22:19:37,485] {dag.py:2972} INFO - Setting next_dagrun for bashoperator to 2024-05-15T00:00:00+00:00, run_after=2024-05-16T00:00:00+00:00
[2024-09-04 22:19:37,492] {processor.py:161} INFO - Processing /opt/airflow/dags/1-bashoperator.py took 0.050 seconds
[2024-09-04 22:20:07,948] {processor.py:153} INFO - Started process (PID=7116) to work on /opt/airflow/dags/1-bashoperator.py
[2024-09-04 22:20:07,949] {processor.py:641} INFO - Processing file /opt/airflow/dags/1-bashoperator.py for tasks to queue
[2024-09-04 22:20:07,949] {logging_mixin.py:115} INFO - [2024-09-04 22:20:07,949] {dagbag.py:508} INFO - Filling up the DagBag from /opt/airflow/dags/1-bashoperator.py
[2024-09-04 22:20:07,954] {processor.py:651} INFO - DAG(s) dict_keys(['bashoperator']) retrieved from /opt/airflow/dags/1-bashoperator.py
[2024-09-04 22:20:07,970] {logging_mixin.py:115} INFO - [2024-09-04 22:20:07,970] {dag.py:2420} INFO - Sync 1 DAGs
[2024-09-04 22:20:07,985] {logging_mixin.py:115} INFO - [2024-09-04 22:20:07,985] {dag.py:2972} INFO - Setting next_dagrun for bashoperator to 2024-05-15T00:00:00+00:00, run_after=2024-05-16T00:00:00+00:00
[2024-09-04 22:20:07,993] {processor.py:161} INFO - Processing /opt/airflow/dags/1-bashoperator.py took 0.047 seconds
[2024-09-04 22:20:38,433] {processor.py:153} INFO - Started process (PID=7155) to work on /opt/airflow/dags/1-bashoperator.py
[2024-09-04 22:20:38,434] {processor.py:641} INFO - Processing file /opt/airflow/dags/1-bashoperator.py for tasks to queue
[2024-09-04 22:20:38,434] {logging_mixin.py:115} INFO - [2024-09-04 22:20:38,434] {dagbag.py:508} INFO - Filling up the DagBag from /opt/airflow/dags/1-bashoperator.py
[2024-09-04 22:20:38,438] {processor.py:651} INFO - DAG(s) dict_keys(['bashoperator']) retrieved from /opt/airflow/dags/1-bashoperator.py
[2024-09-04 22:20:38,454] {logging_mixin.py:115} INFO - [2024-09-04 22:20:38,453] {dag.py:2420} INFO - Sync 1 DAGs
[2024-09-04 22:20:38,467] {logging_mixin.py:115} INFO - [2024-09-04 22:20:38,466] {dag.py:2972} INFO - Setting next_dagrun for bashoperator to 2024-05-15T00:00:00+00:00, run_after=2024-05-16T00:00:00+00:00
[2024-09-04 22:20:38,474] {processor.py:161} INFO - Processing /opt/airflow/dags/1-bashoperator.py took 0.043 seconds
[2024-09-04 22:21:08,916] {processor.py:153} INFO - Started process (PID=7194) to work on /opt/airflow/dags/1-bashoperator.py
[2024-09-04 22:21:08,917] {processor.py:641} INFO - Processing file /opt/airflow/dags/1-bashoperator.py for tasks to queue
[2024-09-04 22:21:08,917] {logging_mixin.py:115} INFO - [2024-09-04 22:21:08,917] {dagbag.py:508} INFO - Filling up the DagBag from /opt/airflow/dags/1-bashoperator.py
[2024-09-04 22:21:08,922] {processor.py:651} INFO - DAG(s) dict_keys(['bashoperator']) retrieved from /opt/airflow/dags/1-bashoperator.py
[2024-09-04 22:21:08,939] {logging_mixin.py:115} INFO - [2024-09-04 22:21:08,939] {dag.py:2420} INFO - Sync 1 DAGs
[2024-09-04 22:21:08,954] {logging_mixin.py:115} INFO - [2024-09-04 22:21:08,954] {dag.py:2972} INFO - Setting next_dagrun for bashoperator to 2024-05-15T00:00:00+00:00, run_after=2024-05-16T00:00:00+00:00
[2024-09-04 22:21:08,962] {processor.py:161} INFO - Processing /opt/airflow/dags/1-bashoperator.py took 0.047 seconds
[2024-09-04 22:21:39,394] {processor.py:153} INFO - Started process (PID=7223) to work on /opt/airflow/dags/1-bashoperator.py
[2024-09-04 22:21:39,394] {processor.py:641} INFO - Processing file /opt/airflow/dags/1-bashoperator.py for tasks to queue
[2024-09-04 22:21:39,394] {logging_mixin.py:115} INFO - [2024-09-04 22:21:39,394] {dagbag.py:508} INFO - Filling up the DagBag from /opt/airflow/dags/1-bashoperator.py
[2024-09-04 22:21:39,399] {processor.py:651} INFO - DAG(s) dict_keys(['bashoperator']) retrieved from /opt/airflow/dags/1-bashoperator.py
[2024-09-04 22:21:39,414] {logging_mixin.py:115} INFO - [2024-09-04 22:21:39,414] {dag.py:2420} INFO - Sync 1 DAGs
[2024-09-04 22:21:39,429] {logging_mixin.py:115} INFO - [2024-09-04 22:21:39,429] {dag.py:2972} INFO - Setting next_dagrun for bashoperator to 2024-05-15T00:00:00+00:00, run_after=2024-05-16T00:00:00+00:00
[2024-09-04 22:21:39,437] {processor.py:161} INFO - Processing /opt/airflow/dags/1-bashoperator.py took 0.046 seconds
[2024-09-04 22:22:09,922] {processor.py:153} INFO - Started process (PID=7261) to work on /opt/airflow/dags/1-bashoperator.py
[2024-09-04 22:22:09,922] {processor.py:641} INFO - Processing file /opt/airflow/dags/1-bashoperator.py for tasks to queue
[2024-09-04 22:22:09,923] {logging_mixin.py:115} INFO - [2024-09-04 22:22:09,923] {dagbag.py:508} INFO - Filling up the DagBag from /opt/airflow/dags/1-bashoperator.py
[2024-09-04 22:22:09,927] {processor.py:651} INFO - DAG(s) dict_keys(['bashoperator']) retrieved from /opt/airflow/dags/1-bashoperator.py
[2024-09-04 22:22:09,944] {logging_mixin.py:115} INFO - [2024-09-04 22:22:09,944] {dag.py:2420} INFO - Sync 1 DAGs
[2024-09-04 22:22:09,956] {logging_mixin.py:115} INFO - [2024-09-04 22:22:09,956] {dag.py:2972} INFO - Setting next_dagrun for bashoperator to 2024-05-15T00:00:00+00:00, run_after=2024-05-16T00:00:00+00:00
[2024-09-04 22:22:09,964] {processor.py:161} INFO - Processing /opt/airflow/dags/1-bashoperator.py took 0.044 seconds
[2024-09-04 22:22:40,457] {processor.py:153} INFO - Started process (PID=7298) to work on /opt/airflow/dags/1-bashoperator.py
[2024-09-04 22:22:40,457] {processor.py:641} INFO - Processing file /opt/airflow/dags/1-bashoperator.py for tasks to queue
[2024-09-04 22:22:40,458] {logging_mixin.py:115} INFO - [2024-09-04 22:22:40,458] {dagbag.py:508} INFO - Filling up the DagBag from /opt/airflow/dags/1-bashoperator.py
[2024-09-04 22:22:40,461] {processor.py:651} INFO - DAG(s) dict_keys(['bashoperator']) retrieved from /opt/airflow/dags/1-bashoperator.py
[2024-09-04 22:22:40,477] {logging_mixin.py:115} INFO - [2024-09-04 22:22:40,477] {dag.py:2420} INFO - Sync 1 DAGs
[2024-09-04 22:22:40,491] {logging_mixin.py:115} INFO - [2024-09-04 22:22:40,491] {dag.py:2972} INFO - Setting next_dagrun for bashoperator to 2024-05-15T00:00:00+00:00, run_after=2024-05-16T00:00:00+00:00
[2024-09-04 22:22:40,677] {processor.py:161} INFO - Processing /opt/airflow/dags/1-bashoperator.py took 0.223 seconds
[2024-09-04 22:23:11,093] {processor.py:153} INFO - Started process (PID=7336) to work on /opt/airflow/dags/1-bashoperator.py
[2024-09-04 22:23:11,094] {processor.py:641} INFO - Processing file /opt/airflow/dags/1-bashoperator.py for tasks to queue
[2024-09-04 22:23:11,094] {logging_mixin.py:115} INFO - [2024-09-04 22:23:11,094] {dagbag.py:508} INFO - Filling up the DagBag from /opt/airflow/dags/1-bashoperator.py
[2024-09-04 22:23:11,098] {processor.py:651} INFO - DAG(s) dict_keys(['bashoperator']) retrieved from /opt/airflow/dags/1-bashoperator.py
[2024-09-04 22:23:11,116] {logging_mixin.py:115} INFO - [2024-09-04 22:23:11,116] {dag.py:2420} INFO - Sync 1 DAGs
[2024-09-04 22:23:11,131] {logging_mixin.py:115} INFO - [2024-09-04 22:23:11,131] {dag.py:2972} INFO - Setting next_dagrun for bashoperator to 2024-05-15T00:00:00+00:00, run_after=2024-05-16T00:00:00+00:00
[2024-09-04 22:23:11,140] {processor.py:161} INFO - Processing /opt/airflow/dags/1-bashoperator.py took 0.049 seconds
[2024-09-04 22:23:41,691] {processor.py:153} INFO - Started process (PID=7374) to work on /opt/airflow/dags/1-bashoperator.py
[2024-09-04 22:23:41,692] {processor.py:641} INFO - Processing file /opt/airflow/dags/1-bashoperator.py for tasks to queue
[2024-09-04 22:23:41,692] {logging_mixin.py:115} INFO - [2024-09-04 22:23:41,692] {dagbag.py:508} INFO - Filling up the DagBag from /opt/airflow/dags/1-bashoperator.py
[2024-09-04 22:23:41,698] {processor.py:651} INFO - DAG(s) dict_keys(['bashoperator']) retrieved from /opt/airflow/dags/1-bashoperator.py
[2024-09-04 22:23:41,718] {logging_mixin.py:115} INFO - [2024-09-04 22:23:41,718] {dag.py:2420} INFO - Sync 1 DAGs
[2024-09-04 22:23:41,736] {logging_mixin.py:115} INFO - [2024-09-04 22:23:41,736] {dag.py:2972} INFO - Setting next_dagrun for bashoperator to 2024-05-15T00:00:00+00:00, run_after=2024-05-16T00:00:00+00:00
[2024-09-04 22:23:41,747] {processor.py:161} INFO - Processing /opt/airflow/dags/1-bashoperator.py took 0.059 seconds
[2024-09-04 22:24:12,197] {processor.py:153} INFO - Started process (PID=7413) to work on /opt/airflow/dags/1-bashoperator.py
[2024-09-04 22:24:12,197] {processor.py:641} INFO - Processing file /opt/airflow/dags/1-bashoperator.py for tasks to queue
[2024-09-04 22:24:12,198] {logging_mixin.py:115} INFO - [2024-09-04 22:24:12,197] {dagbag.py:508} INFO - Filling up the DagBag from /opt/airflow/dags/1-bashoperator.py
[2024-09-04 22:24:12,203] {processor.py:651} INFO - DAG(s) dict_keys(['bashoperator']) retrieved from /opt/airflow/dags/1-bashoperator.py
[2024-09-04 22:24:12,226] {logging_mixin.py:115} INFO - [2024-09-04 22:24:12,226] {dag.py:2420} INFO - Sync 1 DAGs
[2024-09-04 22:24:12,245] {logging_mixin.py:115} INFO - [2024-09-04 22:24:12,245] {dag.py:2972} INFO - Setting next_dagrun for bashoperator to 2024-05-15T00:00:00+00:00, run_after=2024-05-16T00:00:00+00:00
[2024-09-04 22:24:12,260] {processor.py:161} INFO - Processing /opt/airflow/dags/1-bashoperator.py took 0.066 seconds
[2024-09-04 22:24:42,646] {processor.py:153} INFO - Started process (PID=7443) to work on /opt/airflow/dags/1-bashoperator.py
[2024-09-04 22:24:42,647] {processor.py:641} INFO - Processing file /opt/airflow/dags/1-bashoperator.py for tasks to queue
[2024-09-04 22:24:42,647] {logging_mixin.py:115} INFO - [2024-09-04 22:24:42,647] {dagbag.py:508} INFO - Filling up the DagBag from /opt/airflow/dags/1-bashoperator.py
[2024-09-04 22:24:42,651] {processor.py:651} INFO - DAG(s) dict_keys(['bashoperator']) retrieved from /opt/airflow/dags/1-bashoperator.py
[2024-09-04 22:24:42,667] {logging_mixin.py:115} INFO - [2024-09-04 22:24:42,667] {dag.py:2420} INFO - Sync 1 DAGs
[2024-09-04 22:24:42,680] {logging_mixin.py:115} INFO - [2024-09-04 22:24:42,680] {dag.py:2972} INFO - Setting next_dagrun for bashoperator to 2024-05-15T00:00:00+00:00, run_after=2024-05-16T00:00:00+00:00
[2024-09-04 22:24:42,689] {processor.py:161} INFO - Processing /opt/airflow/dags/1-bashoperator.py took 0.045 seconds
[2024-09-04 22:25:13,164] {processor.py:153} INFO - Started process (PID=7482) to work on /opt/airflow/dags/1-bashoperator.py
[2024-09-04 22:25:13,164] {processor.py:641} INFO - Processing file /opt/airflow/dags/1-bashoperator.py for tasks to queue
[2024-09-04 22:25:13,165] {logging_mixin.py:115} INFO - [2024-09-04 22:25:13,165] {dagbag.py:508} INFO - Filling up the DagBag from /opt/airflow/dags/1-bashoperator.py
[2024-09-04 22:25:13,168] {processor.py:651} INFO - DAG(s) dict_keys(['bashoperator']) retrieved from /opt/airflow/dags/1-bashoperator.py
[2024-09-04 22:25:13,187] {logging_mixin.py:115} INFO - [2024-09-04 22:25:13,187] {dag.py:2420} INFO - Sync 1 DAGs
[2024-09-04 22:25:13,202] {logging_mixin.py:115} INFO - [2024-09-04 22:25:13,202] {dag.py:2972} INFO - Setting next_dagrun for bashoperator to 2024-05-15T00:00:00+00:00, run_after=2024-05-16T00:00:00+00:00
[2024-09-04 22:25:13,212] {processor.py:161} INFO - Processing /opt/airflow/dags/1-bashoperator.py took 0.050 seconds
[2024-09-04 22:25:43,688] {processor.py:153} INFO - Started process (PID=7521) to work on /opt/airflow/dags/1-bashoperator.py
[2024-09-04 22:25:43,689] {processor.py:641} INFO - Processing file /opt/airflow/dags/1-bashoperator.py for tasks to queue
[2024-09-04 22:25:43,689] {logging_mixin.py:115} INFO - [2024-09-04 22:25:43,689] {dagbag.py:508} INFO - Filling up the DagBag from /opt/airflow/dags/1-bashoperator.py
[2024-09-04 22:25:43,693] {processor.py:651} INFO - DAG(s) dict_keys(['bashoperator']) retrieved from /opt/airflow/dags/1-bashoperator.py
[2024-09-04 22:25:43,710] {logging_mixin.py:115} INFO - [2024-09-04 22:25:43,710] {dag.py:2420} INFO - Sync 1 DAGs
[2024-09-04 22:25:43,723] {logging_mixin.py:115} INFO - [2024-09-04 22:25:43,723] {dag.py:2972} INFO - Setting next_dagrun for bashoperator to 2024-05-15T00:00:00+00:00, run_after=2024-05-16T00:00:00+00:00
[2024-09-04 22:25:43,733] {processor.py:161} INFO - Processing /opt/airflow/dags/1-bashoperator.py took 0.046 seconds
[2024-09-04 22:26:14,248] {processor.py:153} INFO - Started process (PID=7560) to work on /opt/airflow/dags/1-bashoperator.py
[2024-09-04 22:26:14,248] {processor.py:641} INFO - Processing file /opt/airflow/dags/1-bashoperator.py for tasks to queue
[2024-09-04 22:26:14,248] {logging_mixin.py:115} INFO - [2024-09-04 22:26:14,248] {dagbag.py:508} INFO - Filling up the DagBag from /opt/airflow/dags/1-bashoperator.py
[2024-09-04 22:26:14,252] {processor.py:651} INFO - DAG(s) dict_keys(['bashoperator']) retrieved from /opt/airflow/dags/1-bashoperator.py
[2024-09-04 22:26:14,272] {logging_mixin.py:115} INFO - [2024-09-04 22:26:14,272] {dag.py:2420} INFO - Sync 1 DAGs
[2024-09-04 22:26:14,287] {logging_mixin.py:115} INFO - [2024-09-04 22:26:14,287] {dag.py:2972} INFO - Setting next_dagrun for bashoperator to 2024-05-15T00:00:00+00:00, run_after=2024-05-16T00:00:00+00:00
[2024-09-04 22:26:14,305] {processor.py:161} INFO - Processing /opt/airflow/dags/1-bashoperator.py took 0.059 seconds
[2024-09-04 22:26:45,004] {processor.py:153} INFO - Started process (PID=7599) to work on /opt/airflow/dags/1-bashoperator.py
[2024-09-04 22:26:45,005] {processor.py:641} INFO - Processing file /opt/airflow/dags/1-bashoperator.py for tasks to queue
[2024-09-04 22:26:45,006] {logging_mixin.py:115} INFO - [2024-09-04 22:26:45,006] {dagbag.py:508} INFO - Filling up the DagBag from /opt/airflow/dags/1-bashoperator.py
[2024-09-04 22:26:45,012] {processor.py:651} INFO - DAG(s) dict_keys(['bashoperator']) retrieved from /opt/airflow/dags/1-bashoperator.py
[2024-09-04 22:26:45,041] {logging_mixin.py:115} INFO - [2024-09-04 22:26:45,041] {dag.py:2420} INFO - Sync 1 DAGs
[2024-09-04 22:26:45,065] {logging_mixin.py:115} INFO - [2024-09-04 22:26:45,065] {dag.py:2972} INFO - Setting next_dagrun for bashoperator to 2024-05-15T00:00:00+00:00, run_after=2024-05-16T00:00:00+00:00
[2024-09-04 22:26:45,073] {processor.py:161} INFO - Processing /opt/airflow/dags/1-bashoperator.py took 0.071 seconds
[2024-09-04 22:27:15,507] {processor.py:153} INFO - Started process (PID=7629) to work on /opt/airflow/dags/1-bashoperator.py
[2024-09-04 22:27:15,507] {processor.py:641} INFO - Processing file /opt/airflow/dags/1-bashoperator.py for tasks to queue
[2024-09-04 22:27:15,508] {logging_mixin.py:115} INFO - [2024-09-04 22:27:15,508] {dagbag.py:508} INFO - Filling up the DagBag from /opt/airflow/dags/1-bashoperator.py
[2024-09-04 22:27:15,514] {processor.py:651} INFO - DAG(s) dict_keys(['bashoperator']) retrieved from /opt/airflow/dags/1-bashoperator.py
[2024-09-04 22:27:15,537] {logging_mixin.py:115} INFO - [2024-09-04 22:27:15,536] {dag.py:2420} INFO - Sync 1 DAGs
[2024-09-04 22:27:15,551] {logging_mixin.py:115} INFO - [2024-09-04 22:27:15,551] {dag.py:2972} INFO - Setting next_dagrun for bashoperator to 2024-05-15T00:00:00+00:00, run_after=2024-05-16T00:00:00+00:00
[2024-09-04 22:27:15,559] {processor.py:161} INFO - Processing /opt/airflow/dags/1-bashoperator.py took 0.055 seconds
[2024-09-04 22:27:46,021] {processor.py:153} INFO - Started process (PID=7668) to work on /opt/airflow/dags/1-bashoperator.py
[2024-09-04 22:27:46,021] {processor.py:641} INFO - Processing file /opt/airflow/dags/1-bashoperator.py for tasks to queue
[2024-09-04 22:27:46,022] {logging_mixin.py:115} INFO - [2024-09-04 22:27:46,022] {dagbag.py:508} INFO - Filling up the DagBag from /opt/airflow/dags/1-bashoperator.py
[2024-09-04 22:27:46,027] {processor.py:651} INFO - DAG(s) dict_keys(['bashoperator']) retrieved from /opt/airflow/dags/1-bashoperator.py
[2024-09-04 22:27:46,043] {logging_mixin.py:115} INFO - [2024-09-04 22:27:46,043] {dag.py:2420} INFO - Sync 1 DAGs
[2024-09-04 22:27:46,056] {logging_mixin.py:115} INFO - [2024-09-04 22:27:46,056] {dag.py:2972} INFO - Setting next_dagrun for bashoperator to 2024-05-15T00:00:00+00:00, run_after=2024-05-16T00:00:00+00:00
[2024-09-04 22:27:46,065] {processor.py:161} INFO - Processing /opt/airflow/dags/1-bashoperator.py took 0.048 seconds
[2024-09-04 22:28:16,498] {processor.py:153} INFO - Started process (PID=7707) to work on /opt/airflow/dags/1-bashoperator.py
[2024-09-04 22:28:16,498] {processor.py:641} INFO - Processing file /opt/airflow/dags/1-bashoperator.py for tasks to queue
[2024-09-04 22:28:16,499] {logging_mixin.py:115} INFO - [2024-09-04 22:28:16,498] {dagbag.py:508} INFO - Filling up the DagBag from /opt/airflow/dags/1-bashoperator.py
[2024-09-04 22:28:16,502] {processor.py:651} INFO - DAG(s) dict_keys(['bashoperator']) retrieved from /opt/airflow/dags/1-bashoperator.py
[2024-09-04 22:28:16,519] {logging_mixin.py:115} INFO - [2024-09-04 22:28:16,519] {dag.py:2420} INFO - Sync 1 DAGs
[2024-09-04 22:28:16,533] {logging_mixin.py:115} INFO - [2024-09-04 22:28:16,533] {dag.py:2972} INFO - Setting next_dagrun for bashoperator to 2024-05-15T00:00:00+00:00, run_after=2024-05-16T00:00:00+00:00
[2024-09-04 22:28:16,541] {processor.py:161} INFO - Processing /opt/airflow/dags/1-bashoperator.py took 0.046 seconds
[2024-09-04 22:28:46,967] {processor.py:153} INFO - Started process (PID=7746) to work on /opt/airflow/dags/1-bashoperator.py
[2024-09-04 22:28:46,967] {processor.py:641} INFO - Processing file /opt/airflow/dags/1-bashoperator.py for tasks to queue
[2024-09-04 22:28:46,968] {logging_mixin.py:115} INFO - [2024-09-04 22:28:46,968] {dagbag.py:508} INFO - Filling up the DagBag from /opt/airflow/dags/1-bashoperator.py
[2024-09-04 22:28:46,972] {processor.py:651} INFO - DAG(s) dict_keys(['bashoperator']) retrieved from /opt/airflow/dags/1-bashoperator.py
[2024-09-04 22:28:46,992] {logging_mixin.py:115} INFO - [2024-09-04 22:28:46,992] {dag.py:2420} INFO - Sync 1 DAGs
[2024-09-04 22:28:47,006] {logging_mixin.py:115} INFO - [2024-09-04 22:28:47,006] {dag.py:2972} INFO - Setting next_dagrun for bashoperator to 2024-05-15T00:00:00+00:00, run_after=2024-05-16T00:00:00+00:00
[2024-09-04 22:28:47,013] {processor.py:161} INFO - Processing /opt/airflow/dags/1-bashoperator.py took 0.049 seconds
[2024-09-04 22:29:17,445] {processor.py:153} INFO - Started process (PID=7785) to work on /opt/airflow/dags/1-bashoperator.py
[2024-09-04 22:29:17,445] {processor.py:641} INFO - Processing file /opt/airflow/dags/1-bashoperator.py for tasks to queue
[2024-09-04 22:29:17,446] {logging_mixin.py:115} INFO - [2024-09-04 22:29:17,446] {dagbag.py:508} INFO - Filling up the DagBag from /opt/airflow/dags/1-bashoperator.py
[2024-09-04 22:29:17,451] {processor.py:651} INFO - DAG(s) dict_keys(['bashoperator']) retrieved from /opt/airflow/dags/1-bashoperator.py
[2024-09-04 22:29:17,470] {logging_mixin.py:115} INFO - [2024-09-04 22:29:17,470] {dag.py:2420} INFO - Sync 1 DAGs
[2024-09-04 22:29:17,484] {logging_mixin.py:115} INFO - [2024-09-04 22:29:17,484] {dag.py:2972} INFO - Setting next_dagrun for bashoperator to 2024-05-15T00:00:00+00:00, run_after=2024-05-16T00:00:00+00:00
[2024-09-04 22:29:17,493] {processor.py:161} INFO - Processing /opt/airflow/dags/1-bashoperator.py took 0.051 seconds
[2024-09-04 22:29:47,941] {processor.py:153} INFO - Started process (PID=7824) to work on /opt/airflow/dags/1-bashoperator.py
[2024-09-04 22:29:47,942] {processor.py:641} INFO - Processing file /opt/airflow/dags/1-bashoperator.py for tasks to queue
[2024-09-04 22:29:47,942] {logging_mixin.py:115} INFO - [2024-09-04 22:29:47,942] {dagbag.py:508} INFO - Filling up the DagBag from /opt/airflow/dags/1-bashoperator.py
[2024-09-04 22:29:47,946] {processor.py:651} INFO - DAG(s) dict_keys(['bashoperator']) retrieved from /opt/airflow/dags/1-bashoperator.py
[2024-09-04 22:29:47,962] {logging_mixin.py:115} INFO - [2024-09-04 22:29:47,962] {dag.py:2420} INFO - Sync 1 DAGs
[2024-09-04 22:29:47,977] {logging_mixin.py:115} INFO - [2024-09-04 22:29:47,977] {dag.py:2972} INFO - Setting next_dagrun for bashoperator to 2024-05-15T00:00:00+00:00, run_after=2024-05-16T00:00:00+00:00
[2024-09-04 22:29:47,985] {processor.py:161} INFO - Processing /opt/airflow/dags/1-bashoperator.py took 0.046 seconds
[2024-09-04 22:30:18,464] {processor.py:153} INFO - Started process (PID=7854) to work on /opt/airflow/dags/1-bashoperator.py
[2024-09-04 22:30:18,464] {processor.py:641} INFO - Processing file /opt/airflow/dags/1-bashoperator.py for tasks to queue
[2024-09-04 22:30:18,467] {logging_mixin.py:115} INFO - [2024-09-04 22:30:18,467] {dagbag.py:508} INFO - Filling up the DagBag from /opt/airflow/dags/1-bashoperator.py
[2024-09-04 22:30:18,472] {processor.py:651} INFO - DAG(s) dict_keys(['bashoperator']) retrieved from /opt/airflow/dags/1-bashoperator.py
[2024-09-04 22:30:18,487] {logging_mixin.py:115} INFO - [2024-09-04 22:30:18,487] {dag.py:2420} INFO - Sync 1 DAGs
[2024-09-04 22:30:18,500] {logging_mixin.py:115} INFO - [2024-09-04 22:30:18,500] {dag.py:2972} INFO - Setting next_dagrun for bashoperator to 2024-05-15T00:00:00+00:00, run_after=2024-05-16T00:00:00+00:00
[2024-09-04 22:30:18,509] {processor.py:161} INFO - Processing /opt/airflow/dags/1-bashoperator.py took 0.047 seconds
[2024-09-04 22:30:48,940] {processor.py:153} INFO - Started process (PID=7892) to work on /opt/airflow/dags/1-bashoperator.py
[2024-09-04 22:30:48,940] {processor.py:641} INFO - Processing file /opt/airflow/dags/1-bashoperator.py for tasks to queue
[2024-09-04 22:30:48,941] {logging_mixin.py:115} INFO - [2024-09-04 22:30:48,941] {dagbag.py:508} INFO - Filling up the DagBag from /opt/airflow/dags/1-bashoperator.py
[2024-09-04 22:30:48,945] {processor.py:651} INFO - DAG(s) dict_keys(['bashoperator']) retrieved from /opt/airflow/dags/1-bashoperator.py
[2024-09-04 22:30:48,964] {logging_mixin.py:115} INFO - [2024-09-04 22:30:48,964] {dag.py:2420} INFO - Sync 1 DAGs
[2024-09-04 22:30:48,978] {logging_mixin.py:115} INFO - [2024-09-04 22:30:48,978] {dag.py:2972} INFO - Setting next_dagrun for bashoperator to 2024-05-15T00:00:00+00:00, run_after=2024-05-16T00:00:00+00:00
[2024-09-04 22:30:48,987] {processor.py:161} INFO - Processing /opt/airflow/dags/1-bashoperator.py took 0.049 seconds
[2024-09-04 22:31:19,452] {processor.py:153} INFO - Started process (PID=7931) to work on /opt/airflow/dags/1-bashoperator.py
[2024-09-04 22:31:19,452] {processor.py:641} INFO - Processing file /opt/airflow/dags/1-bashoperator.py for tasks to queue
[2024-09-04 22:31:19,453] {logging_mixin.py:115} INFO - [2024-09-04 22:31:19,453] {dagbag.py:508} INFO - Filling up the DagBag from /opt/airflow/dags/1-bashoperator.py
[2024-09-04 22:31:19,456] {processor.py:651} INFO - DAG(s) dict_keys(['bashoperator']) retrieved from /opt/airflow/dags/1-bashoperator.py
[2024-09-04 22:31:19,473] {logging_mixin.py:115} INFO - [2024-09-04 22:31:19,472] {dag.py:2420} INFO - Sync 1 DAGs
[2024-09-04 22:31:19,486] {logging_mixin.py:115} INFO - [2024-09-04 22:31:19,486] {dag.py:2972} INFO - Setting next_dagrun for bashoperator to 2024-05-15T00:00:00+00:00, run_after=2024-05-16T00:00:00+00:00
[2024-09-04 22:31:19,495] {processor.py:161} INFO - Processing /opt/airflow/dags/1-bashoperator.py took 0.046 seconds
[2024-09-04 22:31:49,925] {processor.py:153} INFO - Started process (PID=7970) to work on /opt/airflow/dags/1-bashoperator.py
[2024-09-04 22:31:49,925] {processor.py:641} INFO - Processing file /opt/airflow/dags/1-bashoperator.py for tasks to queue
[2024-09-04 22:31:49,925] {logging_mixin.py:115} INFO - [2024-09-04 22:31:49,925] {dagbag.py:508} INFO - Filling up the DagBag from /opt/airflow/dags/1-bashoperator.py
[2024-09-04 22:31:49,931] {processor.py:651} INFO - DAG(s) dict_keys(['bashoperator']) retrieved from /opt/airflow/dags/1-bashoperator.py
[2024-09-04 22:31:49,949] {logging_mixin.py:115} INFO - [2024-09-04 22:31:49,949] {dag.py:2420} INFO - Sync 1 DAGs
[2024-09-04 22:31:49,963] {logging_mixin.py:115} INFO - [2024-09-04 22:31:49,963] {dag.py:2972} INFO - Setting next_dagrun for bashoperator to 2024-05-15T00:00:00+00:00, run_after=2024-05-16T00:00:00+00:00
[2024-09-04 22:31:49,972] {processor.py:161} INFO - Processing /opt/airflow/dags/1-bashoperator.py took 0.050 seconds
[2024-09-04 22:32:20,438] {processor.py:153} INFO - Started process (PID=8009) to work on /opt/airflow/dags/1-bashoperator.py
[2024-09-04 22:32:20,439] {processor.py:641} INFO - Processing file /opt/airflow/dags/1-bashoperator.py for tasks to queue
[2024-09-04 22:32:20,439] {logging_mixin.py:115} INFO - [2024-09-04 22:32:20,439] {dagbag.py:508} INFO - Filling up the DagBag from /opt/airflow/dags/1-bashoperator.py
[2024-09-04 22:32:20,443] {processor.py:651} INFO - DAG(s) dict_keys(['bashoperator']) retrieved from /opt/airflow/dags/1-bashoperator.py
[2024-09-04 22:32:20,460] {logging_mixin.py:115} INFO - [2024-09-04 22:32:20,460] {dag.py:2420} INFO - Sync 1 DAGs
[2024-09-04 22:32:20,474] {logging_mixin.py:115} INFO - [2024-09-04 22:32:20,474] {dag.py:2972} INFO - Setting next_dagrun for bashoperator to 2024-05-15T00:00:00+00:00, run_after=2024-05-16T00:00:00+00:00
[2024-09-04 22:32:20,481] {processor.py:161} INFO - Processing /opt/airflow/dags/1-bashoperator.py took 0.045 seconds
[2024-09-04 22:32:50,907] {processor.py:153} INFO - Started process (PID=8048) to work on /opt/airflow/dags/1-bashoperator.py
[2024-09-04 22:32:50,907] {processor.py:641} INFO - Processing file /opt/airflow/dags/1-bashoperator.py for tasks to queue
[2024-09-04 22:32:50,908] {logging_mixin.py:115} INFO - [2024-09-04 22:32:50,908] {dagbag.py:508} INFO - Filling up the DagBag from /opt/airflow/dags/1-bashoperator.py
[2024-09-04 22:32:50,912] {processor.py:651} INFO - DAG(s) dict_keys(['bashoperator']) retrieved from /opt/airflow/dags/1-bashoperator.py
[2024-09-04 22:32:50,929] {logging_mixin.py:115} INFO - [2024-09-04 22:32:50,929] {dag.py:2420} INFO - Sync 1 DAGs
[2024-09-04 22:32:50,947] {logging_mixin.py:115} INFO - [2024-09-04 22:32:50,947] {dag.py:2972} INFO - Setting next_dagrun for bashoperator to 2024-05-15T00:00:00+00:00, run_after=2024-05-16T00:00:00+00:00
[2024-09-04 22:32:50,955] {processor.py:161} INFO - Processing /opt/airflow/dags/1-bashoperator.py took 0.053 seconds
[2024-09-04 22:33:21,454] {processor.py:153} INFO - Started process (PID=8078) to work on /opt/airflow/dags/1-bashoperator.py
[2024-09-04 22:33:21,454] {processor.py:641} INFO - Processing file /opt/airflow/dags/1-bashoperator.py for tasks to queue
[2024-09-04 22:33:21,455] {logging_mixin.py:115} INFO - [2024-09-04 22:33:21,455] {dagbag.py:508} INFO - Filling up the DagBag from /opt/airflow/dags/1-bashoperator.py
[2024-09-04 22:33:21,459] {processor.py:651} INFO - DAG(s) dict_keys(['bashoperator']) retrieved from /opt/airflow/dags/1-bashoperator.py
[2024-09-04 22:33:21,475] {logging_mixin.py:115} INFO - [2024-09-04 22:33:21,475] {dag.py:2420} INFO - Sync 1 DAGs
[2024-09-04 22:33:21,489] {logging_mixin.py:115} INFO - [2024-09-04 22:33:21,489] {dag.py:2972} INFO - Setting next_dagrun for bashoperator to 2024-05-15T00:00:00+00:00, run_after=2024-05-16T00:00:00+00:00
[2024-09-04 22:33:21,497] {processor.py:161} INFO - Processing /opt/airflow/dags/1-bashoperator.py took 0.045 seconds
[2024-09-04 22:33:52,048] {processor.py:153} INFO - Started process (PID=8117) to work on /opt/airflow/dags/1-bashoperator.py
[2024-09-04 22:33:52,048] {processor.py:641} INFO - Processing file /opt/airflow/dags/1-bashoperator.py for tasks to queue
[2024-09-04 22:33:52,049] {logging_mixin.py:115} INFO - [2024-09-04 22:33:52,049] {dagbag.py:508} INFO - Filling up the DagBag from /opt/airflow/dags/1-bashoperator.py
[2024-09-04 22:33:52,052] {processor.py:651} INFO - DAG(s) dict_keys(['bashoperator']) retrieved from /opt/airflow/dags/1-bashoperator.py
[2024-09-04 22:33:52,070] {logging_mixin.py:115} INFO - [2024-09-04 22:33:52,070] {dag.py:2420} INFO - Sync 1 DAGs
[2024-09-04 22:33:52,083] {logging_mixin.py:115} INFO - [2024-09-04 22:33:52,083] {dag.py:2972} INFO - Setting next_dagrun for bashoperator to 2024-05-15T00:00:00+00:00, run_after=2024-05-16T00:00:00+00:00
[2024-09-04 22:33:52,091] {processor.py:161} INFO - Processing /opt/airflow/dags/1-bashoperator.py took 0.045 seconds
[2024-09-04 22:34:22,526] {processor.py:153} INFO - Started process (PID=8156) to work on /opt/airflow/dags/1-bashoperator.py
[2024-09-04 22:34:22,527] {processor.py:641} INFO - Processing file /opt/airflow/dags/1-bashoperator.py for tasks to queue
[2024-09-04 22:34:22,527] {logging_mixin.py:115} INFO - [2024-09-04 22:34:22,527] {dagbag.py:508} INFO - Filling up the DagBag from /opt/airflow/dags/1-bashoperator.py
[2024-09-04 22:34:22,531] {processor.py:651} INFO - DAG(s) dict_keys(['bashoperator']) retrieved from /opt/airflow/dags/1-bashoperator.py
[2024-09-04 22:34:22,549] {logging_mixin.py:115} INFO - [2024-09-04 22:34:22,549] {dag.py:2420} INFO - Sync 1 DAGs
[2024-09-04 22:34:22,562] {logging_mixin.py:115} INFO - [2024-09-04 22:34:22,562] {dag.py:2972} INFO - Setting next_dagrun for bashoperator to 2024-05-15T00:00:00+00:00, run_after=2024-05-16T00:00:00+00:00
[2024-09-04 22:34:22,573] {processor.py:161} INFO - Processing /opt/airflow/dags/1-bashoperator.py took 0.049 seconds
[2024-09-04 22:34:52,999] {processor.py:153} INFO - Started process (PID=8195) to work on /opt/airflow/dags/1-bashoperator.py
[2024-09-04 22:34:52,999] {processor.py:641} INFO - Processing file /opt/airflow/dags/1-bashoperator.py for tasks to queue
[2024-09-04 22:34:53,000] {logging_mixin.py:115} INFO - [2024-09-04 22:34:53,000] {dagbag.py:508} INFO - Filling up the DagBag from /opt/airflow/dags/1-bashoperator.py
[2024-09-04 22:34:53,004] {processor.py:651} INFO - DAG(s) dict_keys(['bashoperator']) retrieved from /opt/airflow/dags/1-bashoperator.py
[2024-09-04 22:34:53,023] {logging_mixin.py:115} INFO - [2024-09-04 22:34:53,023] {dag.py:2420} INFO - Sync 1 DAGs
[2024-09-04 22:34:53,037] {logging_mixin.py:115} INFO - [2024-09-04 22:34:53,037] {dag.py:2972} INFO - Setting next_dagrun for bashoperator to 2024-05-15T00:00:00+00:00, run_after=2024-05-16T00:00:00+00:00
[2024-09-04 22:34:53,045] {processor.py:161} INFO - Processing /opt/airflow/dags/1-bashoperator.py took 0.049 seconds
[2024-09-04 22:35:23,567] {processor.py:153} INFO - Started process (PID=8234) to work on /opt/airflow/dags/1-bashoperator.py
[2024-09-04 22:35:23,567] {processor.py:641} INFO - Processing file /opt/airflow/dags/1-bashoperator.py for tasks to queue
[2024-09-04 22:35:23,568] {logging_mixin.py:115} INFO - [2024-09-04 22:35:23,568] {dagbag.py:508} INFO - Filling up the DagBag from /opt/airflow/dags/1-bashoperator.py
[2024-09-04 22:35:23,573] {processor.py:651} INFO - DAG(s) dict_keys(['bashoperator']) retrieved from /opt/airflow/dags/1-bashoperator.py
[2024-09-04 22:35:23,588] {logging_mixin.py:115} INFO - [2024-09-04 22:35:23,588] {dag.py:2420} INFO - Sync 1 DAGs
[2024-09-04 22:35:23,605] {logging_mixin.py:115} INFO - [2024-09-04 22:35:23,605] {dag.py:2972} INFO - Setting next_dagrun for bashoperator to 2024-05-15T00:00:00+00:00, run_after=2024-05-16T00:00:00+00:00
[2024-09-04 22:35:23,612] {processor.py:161} INFO - Processing /opt/airflow/dags/1-bashoperator.py took 0.048 seconds
[2024-09-04 22:35:54,075] {processor.py:153} INFO - Started process (PID=8263) to work on /opt/airflow/dags/1-bashoperator.py
[2024-09-04 22:35:54,075] {processor.py:641} INFO - Processing file /opt/airflow/dags/1-bashoperator.py for tasks to queue
[2024-09-04 22:35:54,076] {logging_mixin.py:115} INFO - [2024-09-04 22:35:54,076] {dagbag.py:508} INFO - Filling up the DagBag from /opt/airflow/dags/1-bashoperator.py
[2024-09-04 22:35:54,079] {processor.py:651} INFO - DAG(s) dict_keys(['bashoperator']) retrieved from /opt/airflow/dags/1-bashoperator.py
[2024-09-04 22:35:54,096] {logging_mixin.py:115} INFO - [2024-09-04 22:35:54,096] {dag.py:2420} INFO - Sync 1 DAGs
[2024-09-04 22:35:54,109] {logging_mixin.py:115} INFO - [2024-09-04 22:35:54,109] {dag.py:2972} INFO - Setting next_dagrun for bashoperator to 2024-05-15T00:00:00+00:00, run_after=2024-05-16T00:00:00+00:00
[2024-09-04 22:35:54,118] {processor.py:161} INFO - Processing /opt/airflow/dags/1-bashoperator.py took 0.045 seconds
[2024-09-04 22:36:24,586] {processor.py:153} INFO - Started process (PID=8302) to work on /opt/airflow/dags/1-bashoperator.py
[2024-09-04 22:36:24,587] {processor.py:641} INFO - Processing file /opt/airflow/dags/1-bashoperator.py for tasks to queue
[2024-09-04 22:36:24,587] {logging_mixin.py:115} INFO - [2024-09-04 22:36:24,587] {dagbag.py:508} INFO - Filling up the DagBag from /opt/airflow/dags/1-bashoperator.py
[2024-09-04 22:36:24,590] {processor.py:651} INFO - DAG(s) dict_keys(['bashoperator']) retrieved from /opt/airflow/dags/1-bashoperator.py
[2024-09-04 22:36:24,606] {logging_mixin.py:115} INFO - [2024-09-04 22:36:24,606] {dag.py:2420} INFO - Sync 1 DAGs
[2024-09-04 22:36:24,619] {logging_mixin.py:115} INFO - [2024-09-04 22:36:24,619] {dag.py:2972} INFO - Setting next_dagrun for bashoperator to 2024-05-15T00:00:00+00:00, run_after=2024-05-16T00:00:00+00:00
[2024-09-04 22:36:24,634] {processor.py:161} INFO - Processing /opt/airflow/dags/1-bashoperator.py took 0.050 seconds
[2024-09-04 22:36:55,057] {processor.py:153} INFO - Started process (PID=8340) to work on /opt/airflow/dags/1-bashoperator.py
[2024-09-04 22:36:55,057] {processor.py:641} INFO - Processing file /opt/airflow/dags/1-bashoperator.py for tasks to queue
[2024-09-04 22:36:55,058] {logging_mixin.py:115} INFO - [2024-09-04 22:36:55,058] {dagbag.py:508} INFO - Filling up the DagBag from /opt/airflow/dags/1-bashoperator.py
[2024-09-04 22:36:55,062] {processor.py:651} INFO - DAG(s) dict_keys(['bashoperator']) retrieved from /opt/airflow/dags/1-bashoperator.py
[2024-09-04 22:36:55,077] {logging_mixin.py:115} INFO - [2024-09-04 22:36:55,077] {dag.py:2420} INFO - Sync 1 DAGs
[2024-09-04 22:36:55,090] {logging_mixin.py:115} INFO - [2024-09-04 22:36:55,090] {dag.py:2972} INFO - Setting next_dagrun for bashoperator to 2024-05-15T00:00:00+00:00, run_after=2024-05-16T00:00:00+00:00
[2024-09-04 22:36:55,099] {processor.py:161} INFO - Processing /opt/airflow/dags/1-bashoperator.py took 0.044 seconds
[2024-09-04 22:37:25,522] {processor.py:153} INFO - Started process (PID=8379) to work on /opt/airflow/dags/1-bashoperator.py
[2024-09-04 22:37:25,522] {processor.py:641} INFO - Processing file /opt/airflow/dags/1-bashoperator.py for tasks to queue
[2024-09-04 22:37:25,523] {logging_mixin.py:115} INFO - [2024-09-04 22:37:25,523] {dagbag.py:508} INFO - Filling up the DagBag from /opt/airflow/dags/1-bashoperator.py
[2024-09-04 22:37:25,527] {processor.py:651} INFO - DAG(s) dict_keys(['bashoperator']) retrieved from /opt/airflow/dags/1-bashoperator.py
[2024-09-04 22:37:25,544] {logging_mixin.py:115} INFO - [2024-09-04 22:37:25,544] {dag.py:2420} INFO - Sync 1 DAGs
[2024-09-04 22:37:25,557] {logging_mixin.py:115} INFO - [2024-09-04 22:37:25,557] {dag.py:2972} INFO - Setting next_dagrun for bashoperator to 2024-05-15T00:00:00+00:00, run_after=2024-05-16T00:00:00+00:00
[2024-09-04 22:37:25,565] {processor.py:161} INFO - Processing /opt/airflow/dags/1-bashoperator.py took 0.045 seconds
[2024-09-04 22:37:56,071] {processor.py:153} INFO - Started process (PID=8418) to work on /opt/airflow/dags/1-bashoperator.py
[2024-09-04 22:37:56,071] {processor.py:641} INFO - Processing file /opt/airflow/dags/1-bashoperator.py for tasks to queue
[2024-09-04 22:37:56,071] {logging_mixin.py:115} INFO - [2024-09-04 22:37:56,071] {dagbag.py:508} INFO - Filling up the DagBag from /opt/airflow/dags/1-bashoperator.py
[2024-09-04 22:37:56,075] {processor.py:651} INFO - DAG(s) dict_keys(['bashoperator']) retrieved from /opt/airflow/dags/1-bashoperator.py
[2024-09-04 22:37:56,092] {logging_mixin.py:115} INFO - [2024-09-04 22:37:56,092] {dag.py:2420} INFO - Sync 1 DAGs
[2024-09-04 22:37:56,105] {logging_mixin.py:115} INFO - [2024-09-04 22:37:56,105] {dag.py:2972} INFO - Setting next_dagrun for bashoperator to 2024-05-15T00:00:00+00:00, run_after=2024-05-16T00:00:00+00:00
[2024-09-04 22:37:56,115] {processor.py:161} INFO - Processing /opt/airflow/dags/1-bashoperator.py took 0.046 seconds
[2024-09-04 22:38:26,603] {processor.py:153} INFO - Started process (PID=8456) to work on /opt/airflow/dags/1-bashoperator.py
[2024-09-04 22:38:26,603] {processor.py:641} INFO - Processing file /opt/airflow/dags/1-bashoperator.py for tasks to queue
[2024-09-04 22:38:26,604] {logging_mixin.py:115} INFO - [2024-09-04 22:38:26,604] {dagbag.py:508} INFO - Filling up the DagBag from /opt/airflow/dags/1-bashoperator.py
[2024-09-04 22:38:26,607] {processor.py:651} INFO - DAG(s) dict_keys(['bashoperator']) retrieved from /opt/airflow/dags/1-bashoperator.py
[2024-09-04 22:38:26,631] {logging_mixin.py:115} INFO - [2024-09-04 22:38:26,631] {dag.py:2420} INFO - Sync 1 DAGs
[2024-09-04 22:38:26,647] {logging_mixin.py:115} INFO - [2024-09-04 22:38:26,647] {dag.py:2972} INFO - Setting next_dagrun for bashoperator to 2024-05-15T00:00:00+00:00, run_after=2024-05-16T00:00:00+00:00
[2024-09-04 22:38:26,655] {processor.py:161} INFO - Processing /opt/airflow/dags/1-bashoperator.py took 0.054 seconds
[2024-09-04 22:38:57,106] {processor.py:153} INFO - Started process (PID=8486) to work on /opt/airflow/dags/1-bashoperator.py
[2024-09-04 22:38:57,106] {processor.py:641} INFO - Processing file /opt/airflow/dags/1-bashoperator.py for tasks to queue
[2024-09-04 22:38:57,107] {logging_mixin.py:115} INFO - [2024-09-04 22:38:57,107] {dagbag.py:508} INFO - Filling up the DagBag from /opt/airflow/dags/1-bashoperator.py
[2024-09-04 22:38:57,111] {processor.py:651} INFO - DAG(s) dict_keys(['bashoperator']) retrieved from /opt/airflow/dags/1-bashoperator.py
[2024-09-04 22:38:57,128] {logging_mixin.py:115} INFO - [2024-09-04 22:38:57,128] {dag.py:2420} INFO - Sync 1 DAGs
[2024-09-04 22:38:57,143] {logging_mixin.py:115} INFO - [2024-09-04 22:38:57,143] {dag.py:2972} INFO - Setting next_dagrun for bashoperator to 2024-05-15T00:00:00+00:00, run_after=2024-05-16T00:00:00+00:00
[2024-09-04 22:38:57,153] {processor.py:161} INFO - Processing /opt/airflow/dags/1-bashoperator.py took 0.050 seconds
[2024-09-04 22:39:27,638] {processor.py:153} INFO - Started process (PID=8524) to work on /opt/airflow/dags/1-bashoperator.py
[2024-09-04 22:39:27,639] {processor.py:641} INFO - Processing file /opt/airflow/dags/1-bashoperator.py for tasks to queue
[2024-09-04 22:39:27,639] {logging_mixin.py:115} INFO - [2024-09-04 22:39:27,639] {dagbag.py:508} INFO - Filling up the DagBag from /opt/airflow/dags/1-bashoperator.py
[2024-09-04 22:39:27,643] {processor.py:651} INFO - DAG(s) dict_keys(['bashoperator']) retrieved from /opt/airflow/dags/1-bashoperator.py
[2024-09-04 22:39:27,660] {logging_mixin.py:115} INFO - [2024-09-04 22:39:27,660] {dag.py:2420} INFO - Sync 1 DAGs
[2024-09-04 22:39:27,674] {logging_mixin.py:115} INFO - [2024-09-04 22:39:27,674] {dag.py:2972} INFO - Setting next_dagrun for bashoperator to 2024-05-15T00:00:00+00:00, run_after=2024-05-16T00:00:00+00:00
[2024-09-04 22:39:27,683] {processor.py:161} INFO - Processing /opt/airflow/dags/1-bashoperator.py took 0.047 seconds
[2024-09-04 22:39:58,104] {processor.py:153} INFO - Started process (PID=8563) to work on /opt/airflow/dags/1-bashoperator.py
[2024-09-04 22:39:58,104] {processor.py:641} INFO - Processing file /opt/airflow/dags/1-bashoperator.py for tasks to queue
[2024-09-04 22:39:58,104] {logging_mixin.py:115} INFO - [2024-09-04 22:39:58,104] {dagbag.py:508} INFO - Filling up the DagBag from /opt/airflow/dags/1-bashoperator.py
[2024-09-04 22:39:58,108] {processor.py:651} INFO - DAG(s) dict_keys(['bashoperator']) retrieved from /opt/airflow/dags/1-bashoperator.py
[2024-09-04 22:39:58,124] {logging_mixin.py:115} INFO - [2024-09-04 22:39:58,124] {dag.py:2420} INFO - Sync 1 DAGs
[2024-09-04 22:39:58,141] {logging_mixin.py:115} INFO - [2024-09-04 22:39:58,141] {dag.py:2972} INFO - Setting next_dagrun for bashoperator to 2024-05-15T00:00:00+00:00, run_after=2024-05-16T00:00:00+00:00
[2024-09-04 22:39:58,150] {processor.py:161} INFO - Processing /opt/airflow/dags/1-bashoperator.py took 0.048 seconds
[2024-09-04 22:40:28,613] {processor.py:153} INFO - Started process (PID=8602) to work on /opt/airflow/dags/1-bashoperator.py
[2024-09-04 22:40:28,614] {processor.py:641} INFO - Processing file /opt/airflow/dags/1-bashoperator.py for tasks to queue
[2024-09-04 22:40:28,614] {logging_mixin.py:115} INFO - [2024-09-04 22:40:28,614] {dagbag.py:508} INFO - Filling up the DagBag from /opt/airflow/dags/1-bashoperator.py
[2024-09-04 22:40:28,618] {processor.py:651} INFO - DAG(s) dict_keys(['bashoperator']) retrieved from /opt/airflow/dags/1-bashoperator.py
[2024-09-04 22:40:28,634] {logging_mixin.py:115} INFO - [2024-09-04 22:40:28,634] {dag.py:2420} INFO - Sync 1 DAGs
[2024-09-04 22:40:28,647] {logging_mixin.py:115} INFO - [2024-09-04 22:40:28,647] {dag.py:2972} INFO - Setting next_dagrun for bashoperator to 2024-05-15T00:00:00+00:00, run_after=2024-05-16T00:00:00+00:00
[2024-09-04 22:40:28,656] {processor.py:161} INFO - Processing /opt/airflow/dags/1-bashoperator.py took 0.045 seconds
[2024-09-04 22:40:59,229] {processor.py:153} INFO - Started process (PID=8641) to work on /opt/airflow/dags/1-bashoperator.py
[2024-09-04 22:40:59,229] {processor.py:641} INFO - Processing file /opt/airflow/dags/1-bashoperator.py for tasks to queue
[2024-09-04 22:40:59,230] {logging_mixin.py:115} INFO - [2024-09-04 22:40:59,230] {dagbag.py:508} INFO - Filling up the DagBag from /opt/airflow/dags/1-bashoperator.py
[2024-09-04 22:40:59,233] {processor.py:651} INFO - DAG(s) dict_keys(['bashoperator']) retrieved from /opt/airflow/dags/1-bashoperator.py
[2024-09-04 22:40:59,249] {logging_mixin.py:115} INFO - [2024-09-04 22:40:59,249] {dag.py:2420} INFO - Sync 1 DAGs
[2024-09-04 22:40:59,263] {logging_mixin.py:115} INFO - [2024-09-04 22:40:59,263] {dag.py:2972} INFO - Setting next_dagrun for bashoperator to 2024-05-15T00:00:00+00:00, run_after=2024-05-16T00:00:00+00:00
[2024-09-04 22:40:59,271] {processor.py:161} INFO - Processing /opt/airflow/dags/1-bashoperator.py took 0.044 seconds
[2024-09-04 22:41:29,680] {processor.py:153} INFO - Started process (PID=8680) to work on /opt/airflow/dags/1-bashoperator.py
[2024-09-04 22:41:29,681] {processor.py:641} INFO - Processing file /opt/airflow/dags/1-bashoperator.py for tasks to queue
[2024-09-04 22:41:29,681] {logging_mixin.py:115} INFO - [2024-09-04 22:41:29,681] {dagbag.py:508} INFO - Filling up the DagBag from /opt/airflow/dags/1-bashoperator.py
[2024-09-04 22:41:29,686] {processor.py:651} INFO - DAG(s) dict_keys(['bashoperator']) retrieved from /opt/airflow/dags/1-bashoperator.py
[2024-09-04 22:41:29,712] {logging_mixin.py:115} INFO - [2024-09-04 22:41:29,712] {dag.py:2420} INFO - Sync 1 DAGs
[2024-09-04 22:41:29,727] {logging_mixin.py:115} INFO - [2024-09-04 22:41:29,727] {dag.py:2972} INFO - Setting next_dagrun for bashoperator to 2024-05-15T00:00:00+00:00, run_after=2024-05-16T00:00:00+00:00
[2024-09-04 22:41:29,738] {processor.py:161} INFO - Processing /opt/airflow/dags/1-bashoperator.py took 0.060 seconds
[2024-09-04 22:42:00,231] {processor.py:153} INFO - Started process (PID=8710) to work on /opt/airflow/dags/1-bashoperator.py
[2024-09-04 22:42:00,232] {processor.py:641} INFO - Processing file /opt/airflow/dags/1-bashoperator.py for tasks to queue
[2024-09-04 22:42:00,232] {logging_mixin.py:115} INFO - [2024-09-04 22:42:00,232] {dagbag.py:508} INFO - Filling up the DagBag from /opt/airflow/dags/1-bashoperator.py
[2024-09-04 22:42:00,239] {processor.py:651} INFO - DAG(s) dict_keys(['bashoperator']) retrieved from /opt/airflow/dags/1-bashoperator.py
[2024-09-04 22:42:00,258] {logging_mixin.py:115} INFO - [2024-09-04 22:42:00,258] {dag.py:2420} INFO - Sync 1 DAGs
[2024-09-04 22:42:00,275] {logging_mixin.py:115} INFO - [2024-09-04 22:42:00,275] {dag.py:2972} INFO - Setting next_dagrun for bashoperator to 2024-05-15T00:00:00+00:00, run_after=2024-05-16T00:00:00+00:00
[2024-09-04 22:42:00,285] {processor.py:161} INFO - Processing /opt/airflow/dags/1-bashoperator.py took 0.056 seconds
[2024-09-04 22:42:30,758] {processor.py:153} INFO - Started process (PID=8749) to work on /opt/airflow/dags/1-bashoperator.py
[2024-09-04 22:42:30,758] {processor.py:641} INFO - Processing file /opt/airflow/dags/1-bashoperator.py for tasks to queue
[2024-09-04 22:42:30,759] {logging_mixin.py:115} INFO - [2024-09-04 22:42:30,759] {dagbag.py:508} INFO - Filling up the DagBag from /opt/airflow/dags/1-bashoperator.py
[2024-09-04 22:42:30,763] {processor.py:651} INFO - DAG(s) dict_keys(['bashoperator']) retrieved from /opt/airflow/dags/1-bashoperator.py
[2024-09-04 22:42:30,781] {logging_mixin.py:115} INFO - [2024-09-04 22:42:30,781] {dag.py:2420} INFO - Sync 1 DAGs
[2024-09-04 22:42:30,796] {logging_mixin.py:115} INFO - [2024-09-04 22:42:30,796] {dag.py:2972} INFO - Setting next_dagrun for bashoperator to 2024-05-15T00:00:00+00:00, run_after=2024-05-16T00:00:00+00:00
[2024-09-04 22:42:30,804] {processor.py:161} INFO - Processing /opt/airflow/dags/1-bashoperator.py took 0.048 seconds
[2024-09-04 22:43:01,335] {processor.py:153} INFO - Started process (PID=8787) to work on /opt/airflow/dags/1-bashoperator.py
[2024-09-04 22:43:01,336] {processor.py:641} INFO - Processing file /opt/airflow/dags/1-bashoperator.py for tasks to queue
[2024-09-04 22:43:01,336] {logging_mixin.py:115} INFO - [2024-09-04 22:43:01,336] {dagbag.py:508} INFO - Filling up the DagBag from /opt/airflow/dags/1-bashoperator.py
[2024-09-04 22:43:01,341] {processor.py:651} INFO - DAG(s) dict_keys(['bashoperator']) retrieved from /opt/airflow/dags/1-bashoperator.py
[2024-09-04 22:43:01,361] {logging_mixin.py:115} INFO - [2024-09-04 22:43:01,360] {dag.py:2420} INFO - Sync 1 DAGs
[2024-09-04 22:43:01,378] {logging_mixin.py:115} INFO - [2024-09-04 22:43:01,378] {dag.py:2972} INFO - Setting next_dagrun for bashoperator to 2024-05-15T00:00:00+00:00, run_after=2024-05-16T00:00:00+00:00
[2024-09-04 22:43:01,389] {processor.py:161} INFO - Processing /opt/airflow/dags/1-bashoperator.py took 0.057 seconds
[2024-09-04 22:43:31,870] {processor.py:153} INFO - Started process (PID=8826) to work on /opt/airflow/dags/1-bashoperator.py
[2024-09-04 22:43:31,871] {processor.py:641} INFO - Processing file /opt/airflow/dags/1-bashoperator.py for tasks to queue
[2024-09-04 22:43:31,871] {logging_mixin.py:115} INFO - [2024-09-04 22:43:31,871] {dagbag.py:508} INFO - Filling up the DagBag from /opt/airflow/dags/1-bashoperator.py
[2024-09-04 22:43:31,874] {processor.py:651} INFO - DAG(s) dict_keys(['bashoperator']) retrieved from /opt/airflow/dags/1-bashoperator.py
[2024-09-04 22:43:31,891] {logging_mixin.py:115} INFO - [2024-09-04 22:43:31,891] {dag.py:2420} INFO - Sync 1 DAGs
[2024-09-04 22:43:31,904] {logging_mixin.py:115} INFO - [2024-09-04 22:43:31,904] {dag.py:2972} INFO - Setting next_dagrun for bashoperator to 2024-05-15T00:00:00+00:00, run_after=2024-05-16T00:00:00+00:00
[2024-09-04 22:43:31,911] {processor.py:161} INFO - Processing /opt/airflow/dags/1-bashoperator.py took 0.043 seconds
[2024-09-04 22:44:02,340] {processor.py:153} INFO - Started process (PID=8865) to work on /opt/airflow/dags/1-bashoperator.py
[2024-09-04 22:44:02,341] {processor.py:641} INFO - Processing file /opt/airflow/dags/1-bashoperator.py for tasks to queue
[2024-09-04 22:44:02,341] {logging_mixin.py:115} INFO - [2024-09-04 22:44:02,341] {dagbag.py:508} INFO - Filling up the DagBag from /opt/airflow/dags/1-bashoperator.py
[2024-09-04 22:44:02,345] {processor.py:651} INFO - DAG(s) dict_keys(['bashoperator']) retrieved from /opt/airflow/dags/1-bashoperator.py
[2024-09-04 22:44:02,361] {logging_mixin.py:115} INFO - [2024-09-04 22:44:02,361] {dag.py:2420} INFO - Sync 1 DAGs
[2024-09-04 22:44:02,375] {logging_mixin.py:115} INFO - [2024-09-04 22:44:02,375] {dag.py:2972} INFO - Setting next_dagrun for bashoperator to 2024-05-15T00:00:00+00:00, run_after=2024-05-16T00:00:00+00:00
[2024-09-04 22:44:02,382] {processor.py:161} INFO - Processing /opt/airflow/dags/1-bashoperator.py took 0.045 seconds
[2024-09-04 22:44:32,884] {processor.py:153} INFO - Started process (PID=8894) to work on /opt/airflow/dags/1-bashoperator.py
[2024-09-04 22:44:32,885] {processor.py:641} INFO - Processing file /opt/airflow/dags/1-bashoperator.py for tasks to queue
[2024-09-04 22:44:32,885] {logging_mixin.py:115} INFO - [2024-09-04 22:44:32,885] {dagbag.py:508} INFO - Filling up the DagBag from /opt/airflow/dags/1-bashoperator.py
[2024-09-04 22:44:32,890] {processor.py:651} INFO - DAG(s) dict_keys(['bashoperator']) retrieved from /opt/airflow/dags/1-bashoperator.py
[2024-09-04 22:44:32,906] {logging_mixin.py:115} INFO - [2024-09-04 22:44:32,906] {dag.py:2420} INFO - Sync 1 DAGs
[2024-09-04 22:44:32,921] {logging_mixin.py:115} INFO - [2024-09-04 22:44:32,921] {dag.py:2972} INFO - Setting next_dagrun for bashoperator to 2024-05-15T00:00:00+00:00, run_after=2024-05-16T00:00:00+00:00
[2024-09-04 22:44:32,930] {processor.py:161} INFO - Processing /opt/airflow/dags/1-bashoperator.py took 0.048 seconds
[2024-09-04 22:45:03,325] {processor.py:153} INFO - Started process (PID=8933) to work on /opt/airflow/dags/1-bashoperator.py
[2024-09-04 22:45:03,325] {processor.py:641} INFO - Processing file /opt/airflow/dags/1-bashoperator.py for tasks to queue
[2024-09-04 22:45:03,326] {logging_mixin.py:115} INFO - [2024-09-04 22:45:03,326] {dagbag.py:508} INFO - Filling up the DagBag from /opt/airflow/dags/1-bashoperator.py
[2024-09-04 22:45:03,333] {processor.py:651} INFO - DAG(s) dict_keys(['bashoperator']) retrieved from /opt/airflow/dags/1-bashoperator.py
[2024-09-04 22:45:03,348] {logging_mixin.py:115} INFO - [2024-09-04 22:45:03,348] {dag.py:2420} INFO - Sync 1 DAGs
[2024-09-04 22:45:03,365] {logging_mixin.py:115} INFO - [2024-09-04 22:45:03,365] {dag.py:2972} INFO - Setting next_dagrun for bashoperator to 2024-05-15T00:00:00+00:00, run_after=2024-05-16T00:00:00+00:00
[2024-09-04 22:45:03,372] {processor.py:161} INFO - Processing /opt/airflow/dags/1-bashoperator.py took 0.049 seconds
[2024-09-04 22:45:33,848] {processor.py:153} INFO - Started process (PID=8971) to work on /opt/airflow/dags/1-bashoperator.py
[2024-09-04 22:45:33,849] {processor.py:641} INFO - Processing file /opt/airflow/dags/1-bashoperator.py for tasks to queue
[2024-09-04 22:45:33,849] {logging_mixin.py:115} INFO - [2024-09-04 22:45:33,849] {dagbag.py:508} INFO - Filling up the DagBag from /opt/airflow/dags/1-bashoperator.py
[2024-09-04 22:45:33,854] {processor.py:651} INFO - DAG(s) dict_keys(['bashoperator']) retrieved from /opt/airflow/dags/1-bashoperator.py
[2024-09-04 22:45:33,870] {logging_mixin.py:115} INFO - [2024-09-04 22:45:33,870] {dag.py:2420} INFO - Sync 1 DAGs
[2024-09-04 22:45:33,884] {logging_mixin.py:115} INFO - [2024-09-04 22:45:33,884] {dag.py:2972} INFO - Setting next_dagrun for bashoperator to 2024-05-15T00:00:00+00:00, run_after=2024-05-16T00:00:00+00:00
[2024-09-04 22:45:33,892] {processor.py:161} INFO - Processing /opt/airflow/dags/1-bashoperator.py took 0.046 seconds
[2024-09-04 22:46:04,386] {processor.py:153} INFO - Started process (PID=9010) to work on /opt/airflow/dags/1-bashoperator.py
[2024-09-04 22:46:04,386] {processor.py:641} INFO - Processing file /opt/airflow/dags/1-bashoperator.py for tasks to queue
[2024-09-04 22:46:04,387] {logging_mixin.py:115} INFO - [2024-09-04 22:46:04,387] {dagbag.py:508} INFO - Filling up the DagBag from /opt/airflow/dags/1-bashoperator.py
[2024-09-04 22:46:04,391] {processor.py:651} INFO - DAG(s) dict_keys(['bashoperator']) retrieved from /opt/airflow/dags/1-bashoperator.py
[2024-09-04 22:46:04,407] {logging_mixin.py:115} INFO - [2024-09-04 22:46:04,407] {dag.py:2420} INFO - Sync 1 DAGs
[2024-09-04 22:46:04,422] {logging_mixin.py:115} INFO - [2024-09-04 22:46:04,422] {dag.py:2972} INFO - Setting next_dagrun for bashoperator to 2024-05-15T00:00:00+00:00, run_after=2024-05-16T00:00:00+00:00
[2024-09-04 22:46:04,431] {processor.py:161} INFO - Processing /opt/airflow/dags/1-bashoperator.py took 0.048 seconds
[2024-09-04 22:46:34,914] {processor.py:153} INFO - Started process (PID=9049) to work on /opt/airflow/dags/1-bashoperator.py
[2024-09-04 22:46:34,915] {processor.py:641} INFO - Processing file /opt/airflow/dags/1-bashoperator.py for tasks to queue
[2024-09-04 22:46:34,915] {logging_mixin.py:115} INFO - [2024-09-04 22:46:34,915] {dagbag.py:508} INFO - Filling up the DagBag from /opt/airflow/dags/1-bashoperator.py
[2024-09-04 22:46:34,921] {processor.py:651} INFO - DAG(s) dict_keys(['bashoperator']) retrieved from /opt/airflow/dags/1-bashoperator.py
[2024-09-04 22:46:34,943] {logging_mixin.py:115} INFO - [2024-09-04 22:46:34,943] {dag.py:2420} INFO - Sync 1 DAGs
[2024-09-04 22:46:34,958] {logging_mixin.py:115} INFO - [2024-09-04 22:46:34,957] {dag.py:2972} INFO - Setting next_dagrun for bashoperator to 2024-05-15T00:00:00+00:00, run_after=2024-05-16T00:00:00+00:00
[2024-09-04 22:46:34,966] {processor.py:161} INFO - Processing /opt/airflow/dags/1-bashoperator.py took 0.054 seconds
[2024-09-04 22:47:05,411] {processor.py:153} INFO - Started process (PID=9088) to work on /opt/airflow/dags/1-bashoperator.py
[2024-09-04 22:47:05,411] {processor.py:641} INFO - Processing file /opt/airflow/dags/1-bashoperator.py for tasks to queue
[2024-09-04 22:47:05,412] {logging_mixin.py:115} INFO - [2024-09-04 22:47:05,412] {dagbag.py:508} INFO - Filling up the DagBag from /opt/airflow/dags/1-bashoperator.py
[2024-09-04 22:47:05,417] {processor.py:651} INFO - DAG(s) dict_keys(['bashoperator']) retrieved from /opt/airflow/dags/1-bashoperator.py
[2024-09-04 22:47:05,433] {logging_mixin.py:115} INFO - [2024-09-04 22:47:05,433] {dag.py:2420} INFO - Sync 1 DAGs
[2024-09-04 22:47:05,449] {logging_mixin.py:115} INFO - [2024-09-04 22:47:05,449] {dag.py:2972} INFO - Setting next_dagrun for bashoperator to 2024-05-15T00:00:00+00:00, run_after=2024-05-16T00:00:00+00:00
[2024-09-04 22:47:05,479] {processor.py:161} INFO - Processing /opt/airflow/dags/1-bashoperator.py took 0.071 seconds
[2024-09-04 22:47:35,964] {processor.py:153} INFO - Started process (PID=9118) to work on /opt/airflow/dags/1-bashoperator.py
[2024-09-04 22:47:35,964] {processor.py:641} INFO - Processing file /opt/airflow/dags/1-bashoperator.py for tasks to queue
[2024-09-04 22:47:35,965] {logging_mixin.py:115} INFO - [2024-09-04 22:47:35,965] {dagbag.py:508} INFO - Filling up the DagBag from /opt/airflow/dags/1-bashoperator.py
[2024-09-04 22:47:35,970] {processor.py:651} INFO - DAG(s) dict_keys(['bashoperator']) retrieved from /opt/airflow/dags/1-bashoperator.py
[2024-09-04 22:47:35,989] {logging_mixin.py:115} INFO - [2024-09-04 22:47:35,989] {dag.py:2420} INFO - Sync 1 DAGs
[2024-09-04 22:47:36,013] {logging_mixin.py:115} INFO - [2024-09-04 22:47:36,013] {dag.py:2972} INFO - Setting next_dagrun for bashoperator to 2024-05-15T00:00:00+00:00, run_after=2024-05-16T00:00:00+00:00
[2024-09-04 22:47:36,025] {processor.py:161} INFO - Processing /opt/airflow/dags/1-bashoperator.py took 0.064 seconds
[2024-09-04 22:48:06,534] {processor.py:153} INFO - Started process (PID=9157) to work on /opt/airflow/dags/1-bashoperator.py
[2024-09-04 22:48:06,534] {processor.py:641} INFO - Processing file /opt/airflow/dags/1-bashoperator.py for tasks to queue
[2024-09-04 22:48:06,535] {logging_mixin.py:115} INFO - [2024-09-04 22:48:06,534] {dagbag.py:508} INFO - Filling up the DagBag from /opt/airflow/dags/1-bashoperator.py
[2024-09-04 22:48:06,538] {processor.py:651} INFO - DAG(s) dict_keys(['bashoperator']) retrieved from /opt/airflow/dags/1-bashoperator.py
[2024-09-04 22:48:06,554] {logging_mixin.py:115} INFO - [2024-09-04 22:48:06,554] {dag.py:2420} INFO - Sync 1 DAGs
[2024-09-04 22:48:06,568] {logging_mixin.py:115} INFO - [2024-09-04 22:48:06,568] {dag.py:2972} INFO - Setting next_dagrun for bashoperator to 2024-05-15T00:00:00+00:00, run_after=2024-05-16T00:00:00+00:00
[2024-09-04 22:48:06,576] {processor.py:161} INFO - Processing /opt/airflow/dags/1-bashoperator.py took 0.044 seconds
[2024-09-04 22:48:36,981] {processor.py:153} INFO - Started process (PID=9195) to work on /opt/airflow/dags/1-bashoperator.py
[2024-09-04 22:48:36,981] {processor.py:641} INFO - Processing file /opt/airflow/dags/1-bashoperator.py for tasks to queue
[2024-09-04 22:48:36,982] {logging_mixin.py:115} INFO - [2024-09-04 22:48:36,982] {dagbag.py:508} INFO - Filling up the DagBag from /opt/airflow/dags/1-bashoperator.py
[2024-09-04 22:48:36,986] {processor.py:651} INFO - DAG(s) dict_keys(['bashoperator']) retrieved from /opt/airflow/dags/1-bashoperator.py
[2024-09-04 22:48:37,009] {logging_mixin.py:115} INFO - [2024-09-04 22:48:37,009] {dag.py:2420} INFO - Sync 1 DAGs
[2024-09-04 22:48:37,026] {logging_mixin.py:115} INFO - [2024-09-04 22:48:37,026] {dag.py:2972} INFO - Setting next_dagrun for bashoperator to 2024-05-15T00:00:00+00:00, run_after=2024-05-16T00:00:00+00:00
[2024-09-04 22:48:37,037] {processor.py:161} INFO - Processing /opt/airflow/dags/1-bashoperator.py took 0.059 seconds
[2024-09-04 22:49:07,517] {processor.py:153} INFO - Started process (PID=9233) to work on /opt/airflow/dags/1-bashoperator.py
[2024-09-04 22:49:07,518] {processor.py:641} INFO - Processing file /opt/airflow/dags/1-bashoperator.py for tasks to queue
[2024-09-04 22:49:07,518] {logging_mixin.py:115} INFO - [2024-09-04 22:49:07,518] {dagbag.py:508} INFO - Filling up the DagBag from /opt/airflow/dags/1-bashoperator.py
[2024-09-04 22:49:07,523] {processor.py:651} INFO - DAG(s) dict_keys(['bashoperator']) retrieved from /opt/airflow/dags/1-bashoperator.py
[2024-09-04 22:49:07,542] {logging_mixin.py:115} INFO - [2024-09-04 22:49:07,542] {dag.py:2420} INFO - Sync 1 DAGs
[2024-09-04 22:49:07,557] {logging_mixin.py:115} INFO - [2024-09-04 22:49:07,557] {dag.py:2972} INFO - Setting next_dagrun for bashoperator to 2024-05-15T00:00:00+00:00, run_after=2024-05-16T00:00:00+00:00
[2024-09-04 22:49:07,567] {processor.py:161} INFO - Processing /opt/airflow/dags/1-bashoperator.py took 0.052 seconds
[2024-09-04 22:49:38,050] {processor.py:153} INFO - Started process (PID=9272) to work on /opt/airflow/dags/1-bashoperator.py
[2024-09-04 22:49:38,050] {processor.py:641} INFO - Processing file /opt/airflow/dags/1-bashoperator.py for tasks to queue
[2024-09-04 22:49:38,051] {logging_mixin.py:115} INFO - [2024-09-04 22:49:38,051] {dagbag.py:508} INFO - Filling up the DagBag from /opt/airflow/dags/1-bashoperator.py
[2024-09-04 22:49:38,056] {processor.py:651} INFO - DAG(s) dict_keys(['bashoperator']) retrieved from /opt/airflow/dags/1-bashoperator.py
[2024-09-04 22:49:38,072] {logging_mixin.py:115} INFO - [2024-09-04 22:49:38,072] {dag.py:2420} INFO - Sync 1 DAGs
[2024-09-04 22:49:38,087] {logging_mixin.py:115} INFO - [2024-09-04 22:49:38,087] {dag.py:2972} INFO - Setting next_dagrun for bashoperator to 2024-05-15T00:00:00+00:00, run_after=2024-05-16T00:00:00+00:00
[2024-09-04 22:49:38,096] {processor.py:161} INFO - Processing /opt/airflow/dags/1-bashoperator.py took 0.048 seconds
[2024-09-04 22:50:08,635] {processor.py:153} INFO - Started process (PID=9301) to work on /opt/airflow/dags/1-bashoperator.py
[2024-09-04 22:50:08,636] {processor.py:641} INFO - Processing file /opt/airflow/dags/1-bashoperator.py for tasks to queue
[2024-09-04 22:50:08,637] {logging_mixin.py:115} INFO - [2024-09-04 22:50:08,637] {dagbag.py:508} INFO - Filling up the DagBag from /opt/airflow/dags/1-bashoperator.py
[2024-09-04 22:50:08,642] {processor.py:651} INFO - DAG(s) dict_keys(['bashoperator']) retrieved from /opt/airflow/dags/1-bashoperator.py
[2024-09-04 22:50:08,661] {logging_mixin.py:115} INFO - [2024-09-04 22:50:08,661] {dag.py:2420} INFO - Sync 1 DAGs
[2024-09-04 22:50:08,675] {logging_mixin.py:115} INFO - [2024-09-04 22:50:08,675] {dag.py:2972} INFO - Setting next_dagrun for bashoperator to 2024-05-15T00:00:00+00:00, run_after=2024-05-16T00:00:00+00:00
[2024-09-04 22:50:08,682] {processor.py:161} INFO - Processing /opt/airflow/dags/1-bashoperator.py took 0.049 seconds
[2024-09-04 22:50:39,127] {processor.py:153} INFO - Started process (PID=9340) to work on /opt/airflow/dags/1-bashoperator.py
[2024-09-04 22:50:39,127] {processor.py:641} INFO - Processing file /opt/airflow/dags/1-bashoperator.py for tasks to queue
[2024-09-04 22:50:39,127] {logging_mixin.py:115} INFO - [2024-09-04 22:50:39,127] {dagbag.py:508} INFO - Filling up the DagBag from /opt/airflow/dags/1-bashoperator.py
[2024-09-04 22:50:39,132] {processor.py:651} INFO - DAG(s) dict_keys(['bashoperator']) retrieved from /opt/airflow/dags/1-bashoperator.py
[2024-09-04 22:50:39,149] {logging_mixin.py:115} INFO - [2024-09-04 22:50:39,149] {dag.py:2420} INFO - Sync 1 DAGs
[2024-09-04 22:50:39,164] {logging_mixin.py:115} INFO - [2024-09-04 22:50:39,164] {dag.py:2972} INFO - Setting next_dagrun for bashoperator to 2024-05-15T00:00:00+00:00, run_after=2024-05-16T00:00:00+00:00
[2024-09-04 22:50:39,174] {processor.py:161} INFO - Processing /opt/airflow/dags/1-bashoperator.py took 0.050 seconds
[2024-09-04 22:51:09,681] {processor.py:153} INFO - Started process (PID=9378) to work on /opt/airflow/dags/1-bashoperator.py
[2024-09-04 22:51:09,682] {processor.py:641} INFO - Processing file /opt/airflow/dags/1-bashoperator.py for tasks to queue
[2024-09-04 22:51:09,682] {logging_mixin.py:115} INFO - [2024-09-04 22:51:09,682] {dagbag.py:508} INFO - Filling up the DagBag from /opt/airflow/dags/1-bashoperator.py
[2024-09-04 22:51:09,686] {processor.py:651} INFO - DAG(s) dict_keys(['bashoperator']) retrieved from /opt/airflow/dags/1-bashoperator.py
[2024-09-04 22:51:09,702] {logging_mixin.py:115} INFO - [2024-09-04 22:51:09,702] {dag.py:2420} INFO - Sync 1 DAGs
[2024-09-04 22:51:09,716] {logging_mixin.py:115} INFO - [2024-09-04 22:51:09,716] {dag.py:2972} INFO - Setting next_dagrun for bashoperator to 2024-05-15T00:00:00+00:00, run_after=2024-05-16T00:00:00+00:00
[2024-09-04 22:51:09,727] {processor.py:161} INFO - Processing /opt/airflow/dags/1-bashoperator.py took 0.048 seconds
[2024-09-04 22:51:40,215] {processor.py:153} INFO - Started process (PID=9417) to work on /opt/airflow/dags/1-bashoperator.py
[2024-09-04 22:51:40,215] {processor.py:641} INFO - Processing file /opt/airflow/dags/1-bashoperator.py for tasks to queue
[2024-09-04 22:51:40,215] {logging_mixin.py:115} INFO - [2024-09-04 22:51:40,215] {dagbag.py:508} INFO - Filling up the DagBag from /opt/airflow/dags/1-bashoperator.py
[2024-09-04 22:51:40,219] {processor.py:651} INFO - DAG(s) dict_keys(['bashoperator']) retrieved from /opt/airflow/dags/1-bashoperator.py
[2024-09-04 22:51:40,238] {logging_mixin.py:115} INFO - [2024-09-04 22:51:40,238] {dag.py:2420} INFO - Sync 1 DAGs
[2024-09-04 22:51:40,254] {logging_mixin.py:115} INFO - [2024-09-04 22:51:40,254] {dag.py:2972} INFO - Setting next_dagrun for bashoperator to 2024-05-15T00:00:00+00:00, run_after=2024-05-16T00:00:00+00:00
[2024-09-04 22:51:40,263] {processor.py:161} INFO - Processing /opt/airflow/dags/1-bashoperator.py took 0.051 seconds
[2024-09-04 22:52:10,769] {processor.py:153} INFO - Started process (PID=9456) to work on /opt/airflow/dags/1-bashoperator.py
[2024-09-04 22:52:10,769] {processor.py:641} INFO - Processing file /opt/airflow/dags/1-bashoperator.py for tasks to queue
[2024-09-04 22:52:10,769] {logging_mixin.py:115} INFO - [2024-09-04 22:52:10,769] {dagbag.py:508} INFO - Filling up the DagBag from /opt/airflow/dags/1-bashoperator.py
[2024-09-04 22:52:10,773] {processor.py:651} INFO - DAG(s) dict_keys(['bashoperator']) retrieved from /opt/airflow/dags/1-bashoperator.py
[2024-09-04 22:52:10,790] {logging_mixin.py:115} INFO - [2024-09-04 22:52:10,790] {dag.py:2420} INFO - Sync 1 DAGs
[2024-09-04 22:52:10,804] {logging_mixin.py:115} INFO - [2024-09-04 22:52:10,804] {dag.py:2972} INFO - Setting next_dagrun for bashoperator to 2024-05-15T00:00:00+00:00, run_after=2024-05-16T00:00:00+00:00
[2024-09-04 22:52:10,811] {processor.py:161} INFO - Processing /opt/airflow/dags/1-bashoperator.py took 0.045 seconds
[2024-09-04 22:52:41,204] {processor.py:153} INFO - Started process (PID=9493) to work on /opt/airflow/dags/1-bashoperator.py
[2024-09-04 22:52:41,205] {processor.py:641} INFO - Processing file /opt/airflow/dags/1-bashoperator.py for tasks to queue
[2024-09-04 22:52:41,205] {logging_mixin.py:115} INFO - [2024-09-04 22:52:41,205] {dagbag.py:508} INFO - Filling up the DagBag from /opt/airflow/dags/1-bashoperator.py
[2024-09-04 22:52:41,209] {processor.py:651} INFO - DAG(s) dict_keys(['bashoperator']) retrieved from /opt/airflow/dags/1-bashoperator.py
[2024-09-04 22:52:41,226] {logging_mixin.py:115} INFO - [2024-09-04 22:52:41,226] {dag.py:2420} INFO - Sync 1 DAGs
[2024-09-04 22:52:41,240] {logging_mixin.py:115} INFO - [2024-09-04 22:52:41,240] {dag.py:2972} INFO - Setting next_dagrun for bashoperator to 2024-05-15T00:00:00+00:00, run_after=2024-05-16T00:00:00+00:00
[2024-09-04 22:52:41,248] {processor.py:161} INFO - Processing /opt/airflow/dags/1-bashoperator.py took 0.047 seconds
[2024-09-04 22:53:11,736] {processor.py:153} INFO - Started process (PID=9525) to work on /opt/airflow/dags/1-bashoperator.py
[2024-09-04 22:53:11,736] {processor.py:641} INFO - Processing file /opt/airflow/dags/1-bashoperator.py for tasks to queue
[2024-09-04 22:53:11,737] {logging_mixin.py:115} INFO - [2024-09-04 22:53:11,737] {dagbag.py:508} INFO - Filling up the DagBag from /opt/airflow/dags/1-bashoperator.py
[2024-09-04 22:53:11,740] {processor.py:651} INFO - DAG(s) dict_keys(['bashoperator']) retrieved from /opt/airflow/dags/1-bashoperator.py
[2024-09-04 22:53:11,761] {logging_mixin.py:115} INFO - [2024-09-04 22:53:11,760] {dag.py:2420} INFO - Sync 1 DAGs
[2024-09-04 22:53:11,777] {logging_mixin.py:115} INFO - [2024-09-04 22:53:11,777] {dag.py:2972} INFO - Setting next_dagrun for bashoperator to 2024-05-15T00:00:00+00:00, run_after=2024-05-16T00:00:00+00:00
[2024-09-04 22:53:11,786] {processor.py:161} INFO - Processing /opt/airflow/dags/1-bashoperator.py took 0.052 seconds
[2024-09-04 22:53:42,243] {processor.py:153} INFO - Started process (PID=9564) to work on /opt/airflow/dags/1-bashoperator.py
[2024-09-04 22:53:42,244] {processor.py:641} INFO - Processing file /opt/airflow/dags/1-bashoperator.py for tasks to queue
[2024-09-04 22:53:42,245] {logging_mixin.py:115} INFO - [2024-09-04 22:53:42,244] {dagbag.py:508} INFO - Filling up the DagBag from /opt/airflow/dags/1-bashoperator.py
[2024-09-04 22:53:42,249] {processor.py:651} INFO - DAG(s) dict_keys(['bashoperator']) retrieved from /opt/airflow/dags/1-bashoperator.py
[2024-09-04 22:53:42,267] {logging_mixin.py:115} INFO - [2024-09-04 22:53:42,267] {dag.py:2420} INFO - Sync 1 DAGs
[2024-09-04 22:53:42,281] {logging_mixin.py:115} INFO - [2024-09-04 22:53:42,281] {dag.py:2972} INFO - Setting next_dagrun for bashoperator to 2024-05-15T00:00:00+00:00, run_after=2024-05-16T00:00:00+00:00
[2024-09-04 22:53:42,291] {processor.py:161} INFO - Processing /opt/airflow/dags/1-bashoperator.py took 0.051 seconds
[2024-09-04 22:54:12,750] {processor.py:153} INFO - Started process (PID=9602) to work on /opt/airflow/dags/1-bashoperator.py
[2024-09-04 22:54:12,750] {processor.py:641} INFO - Processing file /opt/airflow/dags/1-bashoperator.py for tasks to queue
[2024-09-04 22:54:12,751] {logging_mixin.py:115} INFO - [2024-09-04 22:54:12,751] {dagbag.py:508} INFO - Filling up the DagBag from /opt/airflow/dags/1-bashoperator.py
[2024-09-04 22:54:12,755] {processor.py:651} INFO - DAG(s) dict_keys(['bashoperator']) retrieved from /opt/airflow/dags/1-bashoperator.py
[2024-09-04 22:54:12,774] {logging_mixin.py:115} INFO - [2024-09-04 22:54:12,774] {dag.py:2420} INFO - Sync 1 DAGs
[2024-09-04 22:54:12,788] {logging_mixin.py:115} INFO - [2024-09-04 22:54:12,788] {dag.py:2972} INFO - Setting next_dagrun for bashoperator to 2024-05-15T00:00:00+00:00, run_after=2024-05-16T00:00:00+00:00
[2024-09-04 22:54:12,796] {processor.py:161} INFO - Processing /opt/airflow/dags/1-bashoperator.py took 0.048 seconds
[2024-09-04 22:54:43,277] {processor.py:153} INFO - Started process (PID=9641) to work on /opt/airflow/dags/1-bashoperator.py
[2024-09-04 22:54:43,277] {processor.py:641} INFO - Processing file /opt/airflow/dags/1-bashoperator.py for tasks to queue
[2024-09-04 22:54:43,278] {logging_mixin.py:115} INFO - [2024-09-04 22:54:43,278] {dagbag.py:508} INFO - Filling up the DagBag from /opt/airflow/dags/1-bashoperator.py
[2024-09-04 22:54:43,282] {processor.py:651} INFO - DAG(s) dict_keys(['bashoperator']) retrieved from /opt/airflow/dags/1-bashoperator.py
[2024-09-04 22:54:43,303] {logging_mixin.py:115} INFO - [2024-09-04 22:54:43,302] {dag.py:2420} INFO - Sync 1 DAGs
[2024-09-04 22:54:43,316] {logging_mixin.py:115} INFO - [2024-09-04 22:54:43,316] {dag.py:2972} INFO - Setting next_dagrun for bashoperator to 2024-05-15T00:00:00+00:00, run_after=2024-05-16T00:00:00+00:00
[2024-09-04 22:54:43,326] {processor.py:161} INFO - Processing /opt/airflow/dags/1-bashoperator.py took 0.051 seconds
[2024-09-04 22:55:13,821] {processor.py:153} INFO - Started process (PID=9680) to work on /opt/airflow/dags/1-bashoperator.py
[2024-09-04 22:55:13,821] {processor.py:641} INFO - Processing file /opt/airflow/dags/1-bashoperator.py for tasks to queue
[2024-09-04 22:55:13,821] {logging_mixin.py:115} INFO - [2024-09-04 22:55:13,821] {dagbag.py:508} INFO - Filling up the DagBag from /opt/airflow/dags/1-bashoperator.py
[2024-09-04 22:55:13,825] {processor.py:651} INFO - DAG(s) dict_keys(['bashoperator']) retrieved from /opt/airflow/dags/1-bashoperator.py
[2024-09-04 22:55:13,841] {logging_mixin.py:115} INFO - [2024-09-04 22:55:13,841] {dag.py:2420} INFO - Sync 1 DAGs
[2024-09-04 22:55:13,859] {logging_mixin.py:115} INFO - [2024-09-04 22:55:13,859] {dag.py:2972} INFO - Setting next_dagrun for bashoperator to 2024-05-15T00:00:00+00:00, run_after=2024-05-16T00:00:00+00:00
[2024-09-04 22:55:13,866] {processor.py:161} INFO - Processing /opt/airflow/dags/1-bashoperator.py took 0.048 seconds
[2024-09-04 22:55:44,370] {processor.py:153} INFO - Started process (PID=9710) to work on /opt/airflow/dags/1-bashoperator.py
[2024-09-04 22:55:44,370] {processor.py:641} INFO - Processing file /opt/airflow/dags/1-bashoperator.py for tasks to queue
[2024-09-04 22:55:44,370] {logging_mixin.py:115} INFO - [2024-09-04 22:55:44,370] {dagbag.py:508} INFO - Filling up the DagBag from /opt/airflow/dags/1-bashoperator.py
[2024-09-04 22:55:44,374] {processor.py:651} INFO - DAG(s) dict_keys(['bashoperator']) retrieved from /opt/airflow/dags/1-bashoperator.py
[2024-09-04 22:55:44,396] {logging_mixin.py:115} INFO - [2024-09-04 22:55:44,396] {dag.py:2420} INFO - Sync 1 DAGs
[2024-09-04 22:55:44,410] {logging_mixin.py:115} INFO - [2024-09-04 22:55:44,410] {dag.py:2972} INFO - Setting next_dagrun for bashoperator to 2024-05-15T00:00:00+00:00, run_after=2024-05-16T00:00:00+00:00
[2024-09-04 22:55:44,420] {processor.py:161} INFO - Processing /opt/airflow/dags/1-bashoperator.py took 0.053 seconds
[2024-09-04 22:56:14,972] {processor.py:153} INFO - Started process (PID=9749) to work on /opt/airflow/dags/1-bashoperator.py
[2024-09-04 22:56:14,973] {processor.py:641} INFO - Processing file /opt/airflow/dags/1-bashoperator.py for tasks to queue
[2024-09-04 22:56:14,973] {logging_mixin.py:115} INFO - [2024-09-04 22:56:14,973] {dagbag.py:508} INFO - Filling up the DagBag from /opt/airflow/dags/1-bashoperator.py
[2024-09-04 22:56:14,977] {processor.py:651} INFO - DAG(s) dict_keys(['bashoperator']) retrieved from /opt/airflow/dags/1-bashoperator.py
[2024-09-04 22:56:14,996] {logging_mixin.py:115} INFO - [2024-09-04 22:56:14,995] {dag.py:2420} INFO - Sync 1 DAGs
[2024-09-04 22:56:15,010] {logging_mixin.py:115} INFO - [2024-09-04 22:56:15,010] {dag.py:2972} INFO - Setting next_dagrun for bashoperator to 2024-05-15T00:00:00+00:00, run_after=2024-05-16T00:00:00+00:00
[2024-09-04 22:56:15,021] {processor.py:161} INFO - Processing /opt/airflow/dags/1-bashoperator.py took 0.050 seconds
[2024-09-04 22:56:45,494] {processor.py:153} INFO - Started process (PID=9788) to work on /opt/airflow/dags/1-bashoperator.py
[2024-09-04 22:56:45,496] {processor.py:641} INFO - Processing file /opt/airflow/dags/1-bashoperator.py for tasks to queue
[2024-09-04 22:56:45,497] {logging_mixin.py:115} INFO - [2024-09-04 22:56:45,497] {dagbag.py:508} INFO - Filling up the DagBag from /opt/airflow/dags/1-bashoperator.py
[2024-09-04 22:56:45,500] {processor.py:651} INFO - DAG(s) dict_keys(['bashoperator']) retrieved from /opt/airflow/dags/1-bashoperator.py
[2024-09-04 22:56:45,517] {logging_mixin.py:115} INFO - [2024-09-04 22:56:45,517] {dag.py:2420} INFO - Sync 1 DAGs
[2024-09-04 22:56:45,533] {logging_mixin.py:115} INFO - [2024-09-04 22:56:45,533] {dag.py:2972} INFO - Setting next_dagrun for bashoperator to 2024-05-15T00:00:00+00:00, run_after=2024-05-16T00:00:00+00:00
[2024-09-04 22:56:45,542] {processor.py:161} INFO - Processing /opt/airflow/dags/1-bashoperator.py took 0.052 seconds
[2024-09-04 22:57:16,031] {processor.py:153} INFO - Started process (PID=9827) to work on /opt/airflow/dags/1-bashoperator.py
[2024-09-04 22:57:16,031] {processor.py:641} INFO - Processing file /opt/airflow/dags/1-bashoperator.py for tasks to queue
[2024-09-04 22:57:16,032] {logging_mixin.py:115} INFO - [2024-09-04 22:57:16,032] {dagbag.py:508} INFO - Filling up the DagBag from /opt/airflow/dags/1-bashoperator.py
[2024-09-04 22:57:16,038] {processor.py:651} INFO - DAG(s) dict_keys(['bashoperator']) retrieved from /opt/airflow/dags/1-bashoperator.py
[2024-09-04 22:57:16,055] {logging_mixin.py:115} INFO - [2024-09-04 22:57:16,055] {dag.py:2420} INFO - Sync 1 DAGs
[2024-09-04 22:57:16,070] {logging_mixin.py:115} INFO - [2024-09-04 22:57:16,070] {dag.py:2972} INFO - Setting next_dagrun for bashoperator to 2024-05-15T00:00:00+00:00, run_after=2024-05-16T00:00:00+00:00
[2024-09-04 22:57:16,080] {processor.py:161} INFO - Processing /opt/airflow/dags/1-bashoperator.py took 0.051 seconds
[2024-09-04 22:57:46,648] {processor.py:153} INFO - Started process (PID=9866) to work on /opt/airflow/dags/1-bashoperator.py
[2024-09-04 22:57:46,648] {processor.py:641} INFO - Processing file /opt/airflow/dags/1-bashoperator.py for tasks to queue
[2024-09-04 22:57:46,649] {logging_mixin.py:115} INFO - [2024-09-04 22:57:46,649] {dagbag.py:508} INFO - Filling up the DagBag from /opt/airflow/dags/1-bashoperator.py
[2024-09-04 22:57:46,653] {processor.py:651} INFO - DAG(s) dict_keys(['bashoperator']) retrieved from /opt/airflow/dags/1-bashoperator.py
[2024-09-04 22:57:46,670] {logging_mixin.py:115} INFO - [2024-09-04 22:57:46,670] {dag.py:2420} INFO - Sync 1 DAGs
[2024-09-04 22:57:46,687] {logging_mixin.py:115} INFO - [2024-09-04 22:57:46,687] {dag.py:2972} INFO - Setting next_dagrun for bashoperator to 2024-05-15T00:00:00+00:00, run_after=2024-05-16T00:00:00+00:00
[2024-09-04 22:57:46,696] {processor.py:161} INFO - Processing /opt/airflow/dags/1-bashoperator.py took 0.050 seconds
[2024-09-04 22:58:17,170] {processor.py:153} INFO - Started process (PID=9896) to work on /opt/airflow/dags/1-bashoperator.py
[2024-09-04 22:58:17,171] {processor.py:641} INFO - Processing file /opt/airflow/dags/1-bashoperator.py for tasks to queue
[2024-09-04 22:58:17,171] {logging_mixin.py:115} INFO - [2024-09-04 22:58:17,171] {dagbag.py:508} INFO - Filling up the DagBag from /opt/airflow/dags/1-bashoperator.py
[2024-09-04 22:58:17,175] {processor.py:651} INFO - DAG(s) dict_keys(['bashoperator']) retrieved from /opt/airflow/dags/1-bashoperator.py
[2024-09-04 22:58:17,192] {logging_mixin.py:115} INFO - [2024-09-04 22:58:17,191] {dag.py:2420} INFO - Sync 1 DAGs
[2024-09-04 22:58:17,206] {logging_mixin.py:115} INFO - [2024-09-04 22:58:17,206] {dag.py:2972} INFO - Setting next_dagrun for bashoperator to 2024-05-15T00:00:00+00:00, run_after=2024-05-16T00:00:00+00:00
[2024-09-04 22:58:17,215] {processor.py:161} INFO - Processing /opt/airflow/dags/1-bashoperator.py took 0.047 seconds
[2024-09-04 22:58:47,700] {processor.py:153} INFO - Started process (PID=9935) to work on /opt/airflow/dags/1-bashoperator.py
[2024-09-04 22:58:47,700] {processor.py:641} INFO - Processing file /opt/airflow/dags/1-bashoperator.py for tasks to queue
[2024-09-04 22:58:47,701] {logging_mixin.py:115} INFO - [2024-09-04 22:58:47,701] {dagbag.py:508} INFO - Filling up the DagBag from /opt/airflow/dags/1-bashoperator.py
[2024-09-04 22:58:47,705] {processor.py:651} INFO - DAG(s) dict_keys(['bashoperator']) retrieved from /opt/airflow/dags/1-bashoperator.py
[2024-09-04 22:58:47,732] {logging_mixin.py:115} INFO - [2024-09-04 22:58:47,732] {dag.py:2420} INFO - Sync 1 DAGs
[2024-09-04 22:58:47,751] {logging_mixin.py:115} INFO - [2024-09-04 22:58:47,751] {dag.py:2972} INFO - Setting next_dagrun for bashoperator to 2024-05-15T00:00:00+00:00, run_after=2024-05-16T00:00:00+00:00
[2024-09-04 22:58:47,759] {processor.py:161} INFO - Processing /opt/airflow/dags/1-bashoperator.py took 0.061 seconds
[2024-09-04 22:59:18,259] {processor.py:153} INFO - Started process (PID=9974) to work on /opt/airflow/dags/1-bashoperator.py
[2024-09-04 22:59:18,259] {processor.py:641} INFO - Processing file /opt/airflow/dags/1-bashoperator.py for tasks to queue
[2024-09-04 22:59:18,260] {logging_mixin.py:115} INFO - [2024-09-04 22:59:18,260] {dagbag.py:508} INFO - Filling up the DagBag from /opt/airflow/dags/1-bashoperator.py
[2024-09-04 22:59:18,265] {processor.py:651} INFO - DAG(s) dict_keys(['bashoperator']) retrieved from /opt/airflow/dags/1-bashoperator.py
[2024-09-04 22:59:18,281] {logging_mixin.py:115} INFO - [2024-09-04 22:59:18,281] {dag.py:2420} INFO - Sync 1 DAGs
[2024-09-04 22:59:18,295] {logging_mixin.py:115} INFO - [2024-09-04 22:59:18,295] {dag.py:2972} INFO - Setting next_dagrun for bashoperator to 2024-05-15T00:00:00+00:00, run_after=2024-05-16T00:00:00+00:00
[2024-09-04 22:59:18,303] {processor.py:161} INFO - Processing /opt/airflow/dags/1-bashoperator.py took 0.047 seconds
[2024-09-04 22:59:48,784] {processor.py:153} INFO - Started process (PID=10013) to work on /opt/airflow/dags/1-bashoperator.py
[2024-09-04 22:59:48,784] {processor.py:641} INFO - Processing file /opt/airflow/dags/1-bashoperator.py for tasks to queue
[2024-09-04 22:59:48,785] {logging_mixin.py:115} INFO - [2024-09-04 22:59:48,785] {dagbag.py:508} INFO - Filling up the DagBag from /opt/airflow/dags/1-bashoperator.py
[2024-09-04 22:59:48,791] {processor.py:651} INFO - DAG(s) dict_keys(['bashoperator']) retrieved from /opt/airflow/dags/1-bashoperator.py
[2024-09-04 22:59:48,808] {logging_mixin.py:115} INFO - [2024-09-04 22:59:48,808] {dag.py:2420} INFO - Sync 1 DAGs
[2024-09-04 22:59:48,822] {logging_mixin.py:115} INFO - [2024-09-04 22:59:48,822] {dag.py:2972} INFO - Setting next_dagrun for bashoperator to 2024-05-15T00:00:00+00:00, run_after=2024-05-16T00:00:00+00:00
[2024-09-04 22:59:48,832] {processor.py:161} INFO - Processing /opt/airflow/dags/1-bashoperator.py took 0.051 seconds
[2024-09-04 23:00:19,239] {processor.py:153} INFO - Started process (PID=10052) to work on /opt/airflow/dags/1-bashoperator.py
[2024-09-04 23:00:19,240] {processor.py:641} INFO - Processing file /opt/airflow/dags/1-bashoperator.py for tasks to queue
[2024-09-04 23:00:19,240] {logging_mixin.py:115} INFO - [2024-09-04 23:00:19,240] {dagbag.py:508} INFO - Filling up the DagBag from /opt/airflow/dags/1-bashoperator.py
[2024-09-04 23:00:19,244] {processor.py:651} INFO - DAG(s) dict_keys(['bashoperator']) retrieved from /opt/airflow/dags/1-bashoperator.py
[2024-09-04 23:00:19,261] {logging_mixin.py:115} INFO - [2024-09-04 23:00:19,261] {dag.py:2420} INFO - Sync 1 DAGs
[2024-09-04 23:00:19,275] {logging_mixin.py:115} INFO - [2024-09-04 23:00:19,275] {dag.py:2972} INFO - Setting next_dagrun for bashoperator to 2024-05-15T00:00:00+00:00, run_after=2024-05-16T00:00:00+00:00
[2024-09-04 23:00:19,284] {processor.py:161} INFO - Processing /opt/airflow/dags/1-bashoperator.py took 0.047 seconds
[2024-09-04 23:00:49,795] {processor.py:153} INFO - Started process (PID=10091) to work on /opt/airflow/dags/1-bashoperator.py
[2024-09-04 23:00:49,795] {processor.py:641} INFO - Processing file /opt/airflow/dags/1-bashoperator.py for tasks to queue
[2024-09-04 23:00:49,796] {logging_mixin.py:115} INFO - [2024-09-04 23:00:49,796] {dagbag.py:508} INFO - Filling up the DagBag from /opt/airflow/dags/1-bashoperator.py
[2024-09-04 23:00:49,802] {processor.py:651} INFO - DAG(s) dict_keys(['bashoperator']) retrieved from /opt/airflow/dags/1-bashoperator.py
[2024-09-04 23:00:49,820] {logging_mixin.py:115} INFO - [2024-09-04 23:00:49,820] {dag.py:2420} INFO - Sync 1 DAGs
[2024-09-04 23:00:49,841] {logging_mixin.py:115} INFO - [2024-09-04 23:00:49,841] {dag.py:2972} INFO - Setting next_dagrun for bashoperator to 2024-05-15T00:00:00+00:00, run_after=2024-05-16T00:00:00+00:00
[2024-09-04 23:00:49,852] {processor.py:161} INFO - Processing /opt/airflow/dags/1-bashoperator.py took 0.059 seconds
[2024-09-04 23:01:20,330] {processor.py:153} INFO - Started process (PID=10121) to work on /opt/airflow/dags/1-bashoperator.py
[2024-09-04 23:01:20,331] {processor.py:641} INFO - Processing file /opt/airflow/dags/1-bashoperator.py for tasks to queue
[2024-09-04 23:01:20,331] {logging_mixin.py:115} INFO - [2024-09-04 23:01:20,331] {dagbag.py:508} INFO - Filling up the DagBag from /opt/airflow/dags/1-bashoperator.py
[2024-09-04 23:01:20,335] {processor.py:651} INFO - DAG(s) dict_keys(['bashoperator']) retrieved from /opt/airflow/dags/1-bashoperator.py
[2024-09-04 23:01:20,351] {logging_mixin.py:115} INFO - [2024-09-04 23:01:20,351] {dag.py:2420} INFO - Sync 1 DAGs
[2024-09-04 23:01:20,364] {logging_mixin.py:115} INFO - [2024-09-04 23:01:20,364] {dag.py:2972} INFO - Setting next_dagrun for bashoperator to 2024-05-15T00:00:00+00:00, run_after=2024-05-16T00:00:00+00:00
[2024-09-04 23:01:20,372] {processor.py:161} INFO - Processing /opt/airflow/dags/1-bashoperator.py took 0.044 seconds
[2024-09-04 23:01:50,862] {processor.py:153} INFO - Started process (PID=10160) to work on /opt/airflow/dags/1-bashoperator.py
[2024-09-04 23:01:50,862] {processor.py:641} INFO - Processing file /opt/airflow/dags/1-bashoperator.py for tasks to queue
[2024-09-04 23:01:50,862] {logging_mixin.py:115} INFO - [2024-09-04 23:01:50,862] {dagbag.py:508} INFO - Filling up the DagBag from /opt/airflow/dags/1-bashoperator.py
[2024-09-04 23:01:50,867] {processor.py:651} INFO - DAG(s) dict_keys(['bashoperator']) retrieved from /opt/airflow/dags/1-bashoperator.py
[2024-09-04 23:01:50,886] {logging_mixin.py:115} INFO - [2024-09-04 23:01:50,886] {dag.py:2420} INFO - Sync 1 DAGs
[2024-09-04 23:01:50,901] {logging_mixin.py:115} INFO - [2024-09-04 23:01:50,901] {dag.py:2972} INFO - Setting next_dagrun for bashoperator to 2024-05-15T00:00:00+00:00, run_after=2024-05-16T00:00:00+00:00
[2024-09-04 23:01:50,909] {processor.py:161} INFO - Processing /opt/airflow/dags/1-bashoperator.py took 0.050 seconds
[2024-09-04 23:02:21,391] {processor.py:153} INFO - Started process (PID=10199) to work on /opt/airflow/dags/1-bashoperator.py
[2024-09-04 23:02:21,391] {processor.py:641} INFO - Processing file /opt/airflow/dags/1-bashoperator.py for tasks to queue
[2024-09-04 23:02:21,392] {logging_mixin.py:115} INFO - [2024-09-04 23:02:21,392] {dagbag.py:508} INFO - Filling up the DagBag from /opt/airflow/dags/1-bashoperator.py
[2024-09-04 23:02:21,396] {processor.py:651} INFO - DAG(s) dict_keys(['bashoperator']) retrieved from /opt/airflow/dags/1-bashoperator.py
[2024-09-04 23:02:21,414] {logging_mixin.py:115} INFO - [2024-09-04 23:02:21,414] {dag.py:2420} INFO - Sync 1 DAGs
[2024-09-04 23:02:21,429] {logging_mixin.py:115} INFO - [2024-09-04 23:02:21,429] {dag.py:2972} INFO - Setting next_dagrun for bashoperator to 2024-05-15T00:00:00+00:00, run_after=2024-05-16T00:00:00+00:00
[2024-09-04 23:02:21,437] {processor.py:161} INFO - Processing /opt/airflow/dags/1-bashoperator.py took 0.049 seconds
[2024-09-04 23:02:51,931] {processor.py:153} INFO - Started process (PID=10238) to work on /opt/airflow/dags/1-bashoperator.py
[2024-09-04 23:02:51,932] {processor.py:641} INFO - Processing file /opt/airflow/dags/1-bashoperator.py for tasks to queue
[2024-09-04 23:02:51,932] {logging_mixin.py:115} INFO - [2024-09-04 23:02:51,932] {dagbag.py:508} INFO - Filling up the DagBag from /opt/airflow/dags/1-bashoperator.py
[2024-09-04 23:02:51,937] {processor.py:651} INFO - DAG(s) dict_keys(['bashoperator']) retrieved from /opt/airflow/dags/1-bashoperator.py
[2024-09-04 23:02:51,954] {logging_mixin.py:115} INFO - [2024-09-04 23:02:51,954] {dag.py:2420} INFO - Sync 1 DAGs
[2024-09-04 23:02:51,969] {logging_mixin.py:115} INFO - [2024-09-04 23:02:51,969] {dag.py:2972} INFO - Setting next_dagrun for bashoperator to 2024-05-15T00:00:00+00:00, run_after=2024-05-16T00:00:00+00:00
[2024-09-04 23:02:51,977] {processor.py:161} INFO - Processing /opt/airflow/dags/1-bashoperator.py took 0.050 seconds
[2024-09-04 23:03:22,475] {processor.py:153} INFO - Started process (PID=10277) to work on /opt/airflow/dags/1-bashoperator.py
[2024-09-04 23:03:22,476] {processor.py:641} INFO - Processing file /opt/airflow/dags/1-bashoperator.py for tasks to queue
[2024-09-04 23:03:22,476] {logging_mixin.py:115} INFO - [2024-09-04 23:03:22,476] {dagbag.py:508} INFO - Filling up the DagBag from /opt/airflow/dags/1-bashoperator.py
[2024-09-04 23:03:22,480] {processor.py:651} INFO - DAG(s) dict_keys(['bashoperator']) retrieved from /opt/airflow/dags/1-bashoperator.py
[2024-09-04 23:03:22,495] {logging_mixin.py:115} INFO - [2024-09-04 23:03:22,495] {dag.py:2420} INFO - Sync 1 DAGs
[2024-09-04 23:03:22,510] {logging_mixin.py:115} INFO - [2024-09-04 23:03:22,510] {dag.py:2972} INFO - Setting next_dagrun for bashoperator to 2024-05-15T00:00:00+00:00, run_after=2024-05-16T00:00:00+00:00
[2024-09-04 23:03:22,523] {processor.py:161} INFO - Processing /opt/airflow/dags/1-bashoperator.py took 0.050 seconds
[2024-09-04 23:03:52,989] {processor.py:153} INFO - Started process (PID=10307) to work on /opt/airflow/dags/1-bashoperator.py
[2024-09-04 23:03:52,989] {processor.py:641} INFO - Processing file /opt/airflow/dags/1-bashoperator.py for tasks to queue
[2024-09-04 23:03:52,990] {logging_mixin.py:115} INFO - [2024-09-04 23:03:52,990] {dagbag.py:508} INFO - Filling up the DagBag from /opt/airflow/dags/1-bashoperator.py
[2024-09-04 23:03:52,993] {processor.py:651} INFO - DAG(s) dict_keys(['bashoperator']) retrieved from /opt/airflow/dags/1-bashoperator.py
[2024-09-04 23:03:53,011] {logging_mixin.py:115} INFO - [2024-09-04 23:03:53,011] {dag.py:2420} INFO - Sync 1 DAGs
[2024-09-04 23:03:53,026] {logging_mixin.py:115} INFO - [2024-09-04 23:03:53,026] {dag.py:2972} INFO - Setting next_dagrun for bashoperator to 2024-05-15T00:00:00+00:00, run_after=2024-05-16T00:00:00+00:00
[2024-09-04 23:03:53,047] {processor.py:161} INFO - Processing /opt/airflow/dags/1-bashoperator.py took 0.060 seconds
[2024-09-04 23:04:23,547] {processor.py:153} INFO - Started process (PID=10346) to work on /opt/airflow/dags/1-bashoperator.py
[2024-09-04 23:04:23,548] {processor.py:641} INFO - Processing file /opt/airflow/dags/1-bashoperator.py for tasks to queue
[2024-09-04 23:04:23,549] {logging_mixin.py:115} INFO - [2024-09-04 23:04:23,549] {dagbag.py:508} INFO - Filling up the DagBag from /opt/airflow/dags/1-bashoperator.py
[2024-09-04 23:04:23,553] {processor.py:651} INFO - DAG(s) dict_keys(['bashoperator']) retrieved from /opt/airflow/dags/1-bashoperator.py
[2024-09-04 23:04:23,570] {logging_mixin.py:115} INFO - [2024-09-04 23:04:23,570] {dag.py:2420} INFO - Sync 1 DAGs
[2024-09-04 23:04:23,584] {logging_mixin.py:115} INFO - [2024-09-04 23:04:23,584] {dag.py:2972} INFO - Setting next_dagrun for bashoperator to 2024-05-15T00:00:00+00:00, run_after=2024-05-16T00:00:00+00:00
[2024-09-04 23:04:23,605] {processor.py:161} INFO - Processing /opt/airflow/dags/1-bashoperator.py took 0.060 seconds
[2024-09-04 23:04:54,127] {processor.py:153} INFO - Started process (PID=10384) to work on /opt/airflow/dags/1-bashoperator.py
[2024-09-04 23:04:54,127] {processor.py:641} INFO - Processing file /opt/airflow/dags/1-bashoperator.py for tasks to queue
[2024-09-04 23:04:54,128] {logging_mixin.py:115} INFO - [2024-09-04 23:04:54,128] {dagbag.py:508} INFO - Filling up the DagBag from /opt/airflow/dags/1-bashoperator.py
[2024-09-04 23:04:54,133] {processor.py:651} INFO - DAG(s) dict_keys(['bashoperator']) retrieved from /opt/airflow/dags/1-bashoperator.py
[2024-09-04 23:04:54,153] {logging_mixin.py:115} INFO - [2024-09-04 23:04:54,153] {dag.py:2420} INFO - Sync 1 DAGs
[2024-09-04 23:04:54,169] {logging_mixin.py:115} INFO - [2024-09-04 23:04:54,169] {dag.py:2972} INFO - Setting next_dagrun for bashoperator to 2024-05-15T00:00:00+00:00, run_after=2024-05-16T00:00:00+00:00
[2024-09-04 23:04:54,179] {processor.py:161} INFO - Processing /opt/airflow/dags/1-bashoperator.py took 0.055 seconds
[2024-09-04 23:05:24,745] {processor.py:153} INFO - Started process (PID=10423) to work on /opt/airflow/dags/1-bashoperator.py
[2024-09-04 23:05:24,745] {processor.py:641} INFO - Processing file /opt/airflow/dags/1-bashoperator.py for tasks to queue
[2024-09-04 23:05:24,746] {logging_mixin.py:115} INFO - [2024-09-04 23:05:24,746] {dagbag.py:508} INFO - Filling up the DagBag from /opt/airflow/dags/1-bashoperator.py
[2024-09-04 23:05:24,752] {processor.py:651} INFO - DAG(s) dict_keys(['bashoperator']) retrieved from /opt/airflow/dags/1-bashoperator.py
[2024-09-04 23:05:24,775] {logging_mixin.py:115} INFO - [2024-09-04 23:05:24,775] {dag.py:2420} INFO - Sync 1 DAGs
[2024-09-04 23:05:24,798] {logging_mixin.py:115} INFO - [2024-09-04 23:05:24,798] {dag.py:2972} INFO - Setting next_dagrun for bashoperator to 2024-05-15T00:00:00+00:00, run_after=2024-05-16T00:00:00+00:00
[2024-09-04 23:05:24,811] {processor.py:161} INFO - Processing /opt/airflow/dags/1-bashoperator.py took 0.069 seconds
[2024-09-04 23:05:55,430] {processor.py:153} INFO - Started process (PID=10462) to work on /opt/airflow/dags/1-bashoperator.py
[2024-09-04 23:05:55,431] {processor.py:641} INFO - Processing file /opt/airflow/dags/1-bashoperator.py for tasks to queue
[2024-09-04 23:05:55,432] {logging_mixin.py:115} INFO - [2024-09-04 23:05:55,431] {dagbag.py:508} INFO - Filling up the DagBag from /opt/airflow/dags/1-bashoperator.py
[2024-09-04 23:05:55,436] {processor.py:651} INFO - DAG(s) dict_keys(['bashoperator']) retrieved from /opt/airflow/dags/1-bashoperator.py
[2024-09-04 23:05:55,456] {logging_mixin.py:115} INFO - [2024-09-04 23:05:55,456] {dag.py:2420} INFO - Sync 1 DAGs
[2024-09-04 23:05:55,472] {logging_mixin.py:115} INFO - [2024-09-04 23:05:55,472] {dag.py:2972} INFO - Setting next_dagrun for bashoperator to 2024-05-15T00:00:00+00:00, run_after=2024-05-16T00:00:00+00:00
[2024-09-04 23:05:55,484] {processor.py:161} INFO - Processing /opt/airflow/dags/1-bashoperator.py took 0.056 seconds
[2024-09-04 23:06:26,062] {processor.py:153} INFO - Started process (PID=10492) to work on /opt/airflow/dags/1-bashoperator.py
[2024-09-04 23:06:26,063] {processor.py:641} INFO - Processing file /opt/airflow/dags/1-bashoperator.py for tasks to queue
[2024-09-04 23:06:26,063] {logging_mixin.py:115} INFO - [2024-09-04 23:06:26,063] {dagbag.py:508} INFO - Filling up the DagBag from /opt/airflow/dags/1-bashoperator.py
[2024-09-04 23:06:26,068] {processor.py:651} INFO - DAG(s) dict_keys(['bashoperator']) retrieved from /opt/airflow/dags/1-bashoperator.py
[2024-09-04 23:06:26,089] {logging_mixin.py:115} INFO - [2024-09-04 23:06:26,089] {dag.py:2420} INFO - Sync 1 DAGs
[2024-09-04 23:06:26,107] {logging_mixin.py:115} INFO - [2024-09-04 23:06:26,107] {dag.py:2972} INFO - Setting next_dagrun for bashoperator to 2024-05-15T00:00:00+00:00, run_after=2024-05-16T00:00:00+00:00
[2024-09-04 23:06:26,119] {processor.py:161} INFO - Processing /opt/airflow/dags/1-bashoperator.py took 0.060 seconds
[2024-09-04 23:06:56,695] {processor.py:153} INFO - Started process (PID=10531) to work on /opt/airflow/dags/1-bashoperator.py
[2024-09-04 23:06:56,696] {processor.py:641} INFO - Processing file /opt/airflow/dags/1-bashoperator.py for tasks to queue
[2024-09-04 23:06:56,697] {logging_mixin.py:115} INFO - [2024-09-04 23:06:56,697] {dagbag.py:508} INFO - Filling up the DagBag from /opt/airflow/dags/1-bashoperator.py
[2024-09-04 23:06:56,704] {processor.py:651} INFO - DAG(s) dict_keys(['bashoperator']) retrieved from /opt/airflow/dags/1-bashoperator.py
[2024-09-04 23:06:56,732] {logging_mixin.py:115} INFO - [2024-09-04 23:06:56,732] {dag.py:2420} INFO - Sync 1 DAGs
[2024-09-04 23:06:56,754] {logging_mixin.py:115} INFO - [2024-09-04 23:06:56,754] {dag.py:2972} INFO - Setting next_dagrun for bashoperator to 2024-05-15T00:00:00+00:00, run_after=2024-05-16T00:00:00+00:00
[2024-09-04 23:06:56,768] {processor.py:161} INFO - Processing /opt/airflow/dags/1-bashoperator.py took 0.078 seconds
[2024-09-04 23:07:27,367] {processor.py:153} INFO - Started process (PID=10569) to work on /opt/airflow/dags/1-bashoperator.py
[2024-09-04 23:07:27,367] {processor.py:641} INFO - Processing file /opt/airflow/dags/1-bashoperator.py for tasks to queue
[2024-09-04 23:07:27,368] {logging_mixin.py:115} INFO - [2024-09-04 23:07:27,368] {dagbag.py:508} INFO - Filling up the DagBag from /opt/airflow/dags/1-bashoperator.py
[2024-09-04 23:07:27,375] {processor.py:651} INFO - DAG(s) dict_keys(['bashoperator']) retrieved from /opt/airflow/dags/1-bashoperator.py
[2024-09-04 23:07:27,398] {logging_mixin.py:115} INFO - [2024-09-04 23:07:27,398] {dag.py:2420} INFO - Sync 1 DAGs
[2024-09-04 23:07:27,415] {logging_mixin.py:115} INFO - [2024-09-04 23:07:27,415] {dag.py:2972} INFO - Setting next_dagrun for bashoperator to 2024-05-15T00:00:00+00:00, run_after=2024-05-16T00:00:00+00:00
[2024-09-04 23:07:27,428] {processor.py:161} INFO - Processing /opt/airflow/dags/1-bashoperator.py took 0.064 seconds
[2024-09-04 23:07:58,015] {processor.py:153} INFO - Started process (PID=10608) to work on /opt/airflow/dags/1-bashoperator.py
[2024-09-04 23:07:58,015] {processor.py:641} INFO - Processing file /opt/airflow/dags/1-bashoperator.py for tasks to queue
[2024-09-04 23:07:58,016] {logging_mixin.py:115} INFO - [2024-09-04 23:07:58,016] {dagbag.py:508} INFO - Filling up the DagBag from /opt/airflow/dags/1-bashoperator.py
[2024-09-04 23:07:58,022] {processor.py:651} INFO - DAG(s) dict_keys(['bashoperator']) retrieved from /opt/airflow/dags/1-bashoperator.py
[2024-09-04 23:07:58,042] {logging_mixin.py:115} INFO - [2024-09-04 23:07:58,041] {dag.py:2420} INFO - Sync 1 DAGs
[2024-09-04 23:07:58,059] {logging_mixin.py:115} INFO - [2024-09-04 23:07:58,059] {dag.py:2972} INFO - Setting next_dagrun for bashoperator to 2024-05-15T00:00:00+00:00, run_after=2024-05-16T00:00:00+00:00
[2024-09-04 23:07:58,069] {processor.py:161} INFO - Processing /opt/airflow/dags/1-bashoperator.py took 0.057 seconds
[2024-09-04 23:08:28,565] {processor.py:153} INFO - Started process (PID=10646) to work on /opt/airflow/dags/1-bashoperator.py
[2024-09-04 23:08:28,565] {processor.py:641} INFO - Processing file /opt/airflow/dags/1-bashoperator.py for tasks to queue
[2024-09-04 23:08:28,566] {logging_mixin.py:115} INFO - [2024-09-04 23:08:28,566] {dagbag.py:508} INFO - Filling up the DagBag from /opt/airflow/dags/1-bashoperator.py
[2024-09-04 23:08:28,572] {processor.py:651} INFO - DAG(s) dict_keys(['bashoperator']) retrieved from /opt/airflow/dags/1-bashoperator.py
[2024-09-04 23:08:28,604] {logging_mixin.py:115} INFO - [2024-09-04 23:08:28,604] {dag.py:2420} INFO - Sync 1 DAGs
[2024-09-04 23:08:28,628] {logging_mixin.py:115} INFO - [2024-09-04 23:08:28,628] {dag.py:2972} INFO - Setting next_dagrun for bashoperator to 2024-05-15T00:00:00+00:00, run_after=2024-05-16T00:00:00+00:00
[2024-09-04 23:08:28,642] {processor.py:161} INFO - Processing /opt/airflow/dags/1-bashoperator.py took 0.081 seconds
[2024-09-04 23:08:59,236] {processor.py:153} INFO - Started process (PID=10678) to work on /opt/airflow/dags/1-bashoperator.py
[2024-09-04 23:08:59,237] {processor.py:641} INFO - Processing file /opt/airflow/dags/1-bashoperator.py for tasks to queue
[2024-09-04 23:08:59,237] {logging_mixin.py:115} INFO - [2024-09-04 23:08:59,237] {dagbag.py:508} INFO - Filling up the DagBag from /opt/airflow/dags/1-bashoperator.py
[2024-09-04 23:08:59,243] {processor.py:651} INFO - DAG(s) dict_keys(['bashoperator']) retrieved from /opt/airflow/dags/1-bashoperator.py
[2024-09-04 23:08:59,265] {logging_mixin.py:115} INFO - [2024-09-04 23:08:59,265] {dag.py:2420} INFO - Sync 1 DAGs
[2024-09-04 23:08:59,282] {logging_mixin.py:115} INFO - [2024-09-04 23:08:59,282] {dag.py:2972} INFO - Setting next_dagrun for bashoperator to 2024-05-15T00:00:00+00:00, run_after=2024-05-16T00:00:00+00:00
[2024-09-04 23:08:59,295] {processor.py:161} INFO - Processing /opt/airflow/dags/1-bashoperator.py took 0.061 seconds
[2024-09-04 23:09:29,872] {processor.py:153} INFO - Started process (PID=10717) to work on /opt/airflow/dags/1-bashoperator.py
[2024-09-04 23:09:29,872] {processor.py:641} INFO - Processing file /opt/airflow/dags/1-bashoperator.py for tasks to queue
[2024-09-04 23:09:29,874] {logging_mixin.py:115} INFO - [2024-09-04 23:09:29,874] {dagbag.py:508} INFO - Filling up the DagBag from /opt/airflow/dags/1-bashoperator.py
[2024-09-04 23:09:29,879] {processor.py:651} INFO - DAG(s) dict_keys(['bashoperator']) retrieved from /opt/airflow/dags/1-bashoperator.py
[2024-09-04 23:09:29,915] {logging_mixin.py:115} INFO - [2024-09-04 23:09:29,915] {dag.py:2420} INFO - Sync 1 DAGs
[2024-09-04 23:09:29,936] {logging_mixin.py:115} INFO - [2024-09-04 23:09:29,936] {dag.py:2972} INFO - Setting next_dagrun for bashoperator to 2024-05-15T00:00:00+00:00, run_after=2024-05-16T00:00:00+00:00
[2024-09-04 23:09:29,948] {processor.py:161} INFO - Processing /opt/airflow/dags/1-bashoperator.py took 0.079 seconds
[2024-09-04 23:10:00,529] {processor.py:153} INFO - Started process (PID=10756) to work on /opt/airflow/dags/1-bashoperator.py
[2024-09-04 23:10:00,529] {processor.py:641} INFO - Processing file /opt/airflow/dags/1-bashoperator.py for tasks to queue
[2024-09-04 23:10:00,530] {logging_mixin.py:115} INFO - [2024-09-04 23:10:00,530] {dagbag.py:508} INFO - Filling up the DagBag from /opt/airflow/dags/1-bashoperator.py
[2024-09-04 23:10:00,535] {processor.py:651} INFO - DAG(s) dict_keys(['bashoperator']) retrieved from /opt/airflow/dags/1-bashoperator.py
[2024-09-04 23:10:00,556] {logging_mixin.py:115} INFO - [2024-09-04 23:10:00,556] {dag.py:2420} INFO - Sync 1 DAGs
[2024-09-04 23:10:00,575] {logging_mixin.py:115} INFO - [2024-09-04 23:10:00,574] {dag.py:2972} INFO - Setting next_dagrun for bashoperator to 2024-05-15T00:00:00+00:00, run_after=2024-05-16T00:00:00+00:00
[2024-09-04 23:10:00,587] {processor.py:161} INFO - Processing /opt/airflow/dags/1-bashoperator.py took 0.061 seconds
[2024-09-04 23:10:31,168] {processor.py:153} INFO - Started process (PID=10795) to work on /opt/airflow/dags/1-bashoperator.py
[2024-09-04 23:10:31,169] {processor.py:641} INFO - Processing file /opt/airflow/dags/1-bashoperator.py for tasks to queue
[2024-09-04 23:10:31,169] {logging_mixin.py:115} INFO - [2024-09-04 23:10:31,169] {dagbag.py:508} INFO - Filling up the DagBag from /opt/airflow/dags/1-bashoperator.py
[2024-09-04 23:10:31,176] {processor.py:651} INFO - DAG(s) dict_keys(['bashoperator']) retrieved from /opt/airflow/dags/1-bashoperator.py
[2024-09-04 23:10:31,202] {logging_mixin.py:115} INFO - [2024-09-04 23:10:31,202] {dag.py:2420} INFO - Sync 1 DAGs
[2024-09-04 23:10:31,230] {logging_mixin.py:115} INFO - [2024-09-04 23:10:31,230] {dag.py:2972} INFO - Setting next_dagrun for bashoperator to 2024-05-15T00:00:00+00:00, run_after=2024-05-16T00:00:00+00:00
[2024-09-04 23:10:31,243] {processor.py:161} INFO - Processing /opt/airflow/dags/1-bashoperator.py took 0.078 seconds
[2024-09-04 23:11:01,939] {processor.py:153} INFO - Started process (PID=10825) to work on /opt/airflow/dags/1-bashoperator.py
[2024-09-04 23:11:01,939] {processor.py:641} INFO - Processing file /opt/airflow/dags/1-bashoperator.py for tasks to queue
[2024-09-04 23:11:01,940] {logging_mixin.py:115} INFO - [2024-09-04 23:11:01,940] {dagbag.py:508} INFO - Filling up the DagBag from /opt/airflow/dags/1-bashoperator.py
[2024-09-04 23:11:01,947] {processor.py:651} INFO - DAG(s) dict_keys(['bashoperator']) retrieved from /opt/airflow/dags/1-bashoperator.py
[2024-09-04 23:11:01,969] {logging_mixin.py:115} INFO - [2024-09-04 23:11:01,969] {dag.py:2420} INFO - Sync 1 DAGs
[2024-09-04 23:11:01,996] {logging_mixin.py:115} INFO - [2024-09-04 23:11:01,996] {dag.py:2972} INFO - Setting next_dagrun for bashoperator to 2024-05-15T00:00:00+00:00, run_after=2024-05-16T00:00:00+00:00
[2024-09-04 23:11:02,007] {processor.py:161} INFO - Processing /opt/airflow/dags/1-bashoperator.py took 0.071 seconds
[2024-09-04 23:11:32,625] {processor.py:153} INFO - Started process (PID=10864) to work on /opt/airflow/dags/1-bashoperator.py
[2024-09-04 23:11:32,626] {processor.py:641} INFO - Processing file /opt/airflow/dags/1-bashoperator.py for tasks to queue
[2024-09-04 23:11:32,626] {logging_mixin.py:115} INFO - [2024-09-04 23:11:32,626] {dagbag.py:508} INFO - Filling up the DagBag from /opt/airflow/dags/1-bashoperator.py
[2024-09-04 23:11:32,633] {processor.py:651} INFO - DAG(s) dict_keys(['bashoperator']) retrieved from /opt/airflow/dags/1-bashoperator.py
[2024-09-04 23:11:32,660] {logging_mixin.py:115} INFO - [2024-09-04 23:11:32,660] {dag.py:2420} INFO - Sync 1 DAGs
[2024-09-04 23:11:32,686] {logging_mixin.py:115} INFO - [2024-09-04 23:11:32,686] {dag.py:2972} INFO - Setting next_dagrun for bashoperator to 2024-05-15T00:00:00+00:00, run_after=2024-05-16T00:00:00+00:00
[2024-09-04 23:11:32,699] {processor.py:161} INFO - Processing /opt/airflow/dags/1-bashoperator.py took 0.076 seconds
[2024-09-04 23:12:03,289] {processor.py:153} INFO - Started process (PID=10903) to work on /opt/airflow/dags/1-bashoperator.py
[2024-09-04 23:12:03,290] {processor.py:641} INFO - Processing file /opt/airflow/dags/1-bashoperator.py for tasks to queue
[2024-09-04 23:12:03,290] {logging_mixin.py:115} INFO - [2024-09-04 23:12:03,290] {dagbag.py:508} INFO - Filling up the DagBag from /opt/airflow/dags/1-bashoperator.py
[2024-09-04 23:12:03,295] {processor.py:651} INFO - DAG(s) dict_keys(['bashoperator']) retrieved from /opt/airflow/dags/1-bashoperator.py
[2024-09-04 23:12:03,316] {logging_mixin.py:115} INFO - [2024-09-04 23:12:03,316] {dag.py:2420} INFO - Sync 1 DAGs
[2024-09-04 23:12:03,338] {logging_mixin.py:115} INFO - [2024-09-04 23:12:03,337] {dag.py:2972} INFO - Setting next_dagrun for bashoperator to 2024-05-15T00:00:00+00:00, run_after=2024-05-16T00:00:00+00:00
[2024-09-04 23:12:03,355] {processor.py:161} INFO - Processing /opt/airflow/dags/1-bashoperator.py took 0.068 seconds
[2024-09-04 23:12:33,958] {processor.py:153} INFO - Started process (PID=10942) to work on /opt/airflow/dags/1-bashoperator.py
[2024-09-04 23:12:33,959] {processor.py:641} INFO - Processing file /opt/airflow/dags/1-bashoperator.py for tasks to queue
[2024-09-04 23:12:33,959] {logging_mixin.py:115} INFO - [2024-09-04 23:12:33,959] {dagbag.py:508} INFO - Filling up the DagBag from /opt/airflow/dags/1-bashoperator.py
[2024-09-04 23:12:33,964] {processor.py:651} INFO - DAG(s) dict_keys(['bashoperator']) retrieved from /opt/airflow/dags/1-bashoperator.py
[2024-09-04 23:12:33,987] {logging_mixin.py:115} INFO - [2024-09-04 23:12:33,987] {dag.py:2420} INFO - Sync 1 DAGs
[2024-09-04 23:12:34,007] {logging_mixin.py:115} INFO - [2024-09-04 23:12:34,007] {dag.py:2972} INFO - Setting next_dagrun for bashoperator to 2024-05-15T00:00:00+00:00, run_after=2024-05-16T00:00:00+00:00
[2024-09-04 23:12:34,019] {processor.py:161} INFO - Processing /opt/airflow/dags/1-bashoperator.py took 0.063 seconds
[2024-09-04 23:13:04,594] {processor.py:153} INFO - Started process (PID=10972) to work on /opt/airflow/dags/1-bashoperator.py
[2024-09-04 23:13:04,596] {processor.py:641} INFO - Processing file /opt/airflow/dags/1-bashoperator.py for tasks to queue
[2024-09-04 23:13:04,596] {logging_mixin.py:115} INFO - [2024-09-04 23:13:04,596] {dagbag.py:508} INFO - Filling up the DagBag from /opt/airflow/dags/1-bashoperator.py
[2024-09-04 23:13:04,607] {processor.py:651} INFO - DAG(s) dict_keys(['bashoperator']) retrieved from /opt/airflow/dags/1-bashoperator.py
[2024-09-04 23:13:04,633] {logging_mixin.py:115} INFO - [2024-09-04 23:13:04,633] {dag.py:2420} INFO - Sync 1 DAGs
[2024-09-04 23:13:04,653] {logging_mixin.py:115} INFO - [2024-09-04 23:13:04,653] {dag.py:2972} INFO - Setting next_dagrun for bashoperator to 2024-05-15T00:00:00+00:00, run_after=2024-05-16T00:00:00+00:00
[2024-09-04 23:13:04,666] {processor.py:161} INFO - Processing /opt/airflow/dags/1-bashoperator.py took 0.076 seconds
[2024-09-04 23:13:35,385] {processor.py:153} INFO - Started process (PID=11011) to work on /opt/airflow/dags/1-bashoperator.py
[2024-09-04 23:13:35,386] {processor.py:641} INFO - Processing file /opt/airflow/dags/1-bashoperator.py for tasks to queue
[2024-09-04 23:13:35,386] {logging_mixin.py:115} INFO - [2024-09-04 23:13:35,386] {dagbag.py:508} INFO - Filling up the DagBag from /opt/airflow/dags/1-bashoperator.py
[2024-09-04 23:13:35,392] {processor.py:651} INFO - DAG(s) dict_keys(['bashoperator']) retrieved from /opt/airflow/dags/1-bashoperator.py
[2024-09-04 23:13:35,417] {logging_mixin.py:115} INFO - [2024-09-04 23:13:35,417] {dag.py:2420} INFO - Sync 1 DAGs
[2024-09-04 23:13:35,448] {logging_mixin.py:115} INFO - [2024-09-04 23:13:35,448] {dag.py:2972} INFO - Setting next_dagrun for bashoperator to 2024-05-15T00:00:00+00:00, run_after=2024-05-16T00:00:00+00:00
[2024-09-04 23:13:35,484] {processor.py:161} INFO - Processing /opt/airflow/dags/1-bashoperator.py took 0.102 seconds
[2024-09-04 23:14:06,083] {processor.py:153} INFO - Started process (PID=11050) to work on /opt/airflow/dags/1-bashoperator.py
[2024-09-04 23:14:06,084] {processor.py:641} INFO - Processing file /opt/airflow/dags/1-bashoperator.py for tasks to queue
[2024-09-04 23:14:06,084] {logging_mixin.py:115} INFO - [2024-09-04 23:14:06,084] {dagbag.py:508} INFO - Filling up the DagBag from /opt/airflow/dags/1-bashoperator.py
[2024-09-04 23:14:06,088] {processor.py:651} INFO - DAG(s) dict_keys(['bashoperator']) retrieved from /opt/airflow/dags/1-bashoperator.py
[2024-09-04 23:14:06,109] {logging_mixin.py:115} INFO - [2024-09-04 23:14:06,109] {dag.py:2420} INFO - Sync 1 DAGs
[2024-09-04 23:14:06,129] {logging_mixin.py:115} INFO - [2024-09-04 23:14:06,128] {dag.py:2972} INFO - Setting next_dagrun for bashoperator to 2024-05-15T00:00:00+00:00, run_after=2024-05-16T00:00:00+00:00
[2024-09-04 23:14:06,142] {processor.py:161} INFO - Processing /opt/airflow/dags/1-bashoperator.py took 0.062 seconds
[2024-09-04 23:14:36,827] {processor.py:153} INFO - Started process (PID=11089) to work on /opt/airflow/dags/1-bashoperator.py
[2024-09-04 23:14:36,828] {processor.py:641} INFO - Processing file /opt/airflow/dags/1-bashoperator.py for tasks to queue
[2024-09-04 23:14:36,828] {logging_mixin.py:115} INFO - [2024-09-04 23:14:36,828] {dagbag.py:508} INFO - Filling up the DagBag from /opt/airflow/dags/1-bashoperator.py
[2024-09-04 23:14:36,833] {processor.py:651} INFO - DAG(s) dict_keys(['bashoperator']) retrieved from /opt/airflow/dags/1-bashoperator.py
[2024-09-04 23:14:36,854] {logging_mixin.py:115} INFO - [2024-09-04 23:14:36,854] {dag.py:2420} INFO - Sync 1 DAGs
[2024-09-04 23:14:36,874] {logging_mixin.py:115} INFO - [2024-09-04 23:14:36,874] {dag.py:2972} INFO - Setting next_dagrun for bashoperator to 2024-05-15T00:00:00+00:00, run_after=2024-05-16T00:00:00+00:00
[2024-09-04 23:14:36,891] {processor.py:161} INFO - Processing /opt/airflow/dags/1-bashoperator.py took 0.066 seconds
[2024-09-04 23:15:07,540] {processor.py:153} INFO - Started process (PID=11119) to work on /opt/airflow/dags/1-bashoperator.py
[2024-09-04 23:15:07,540] {processor.py:641} INFO - Processing file /opt/airflow/dags/1-bashoperator.py for tasks to queue
[2024-09-04 23:15:07,541] {logging_mixin.py:115} INFO - [2024-09-04 23:15:07,541] {dagbag.py:508} INFO - Filling up the DagBag from /opt/airflow/dags/1-bashoperator.py
[2024-09-04 23:15:07,549] {processor.py:651} INFO - DAG(s) dict_keys(['bashoperator']) retrieved from /opt/airflow/dags/1-bashoperator.py
[2024-09-04 23:15:07,580] {logging_mixin.py:115} INFO - [2024-09-04 23:15:07,579] {dag.py:2420} INFO - Sync 1 DAGs
[2024-09-04 23:15:07,608] {logging_mixin.py:115} INFO - [2024-09-04 23:15:07,608] {dag.py:2972} INFO - Setting next_dagrun for bashoperator to 2024-05-15T00:00:00+00:00, run_after=2024-05-16T00:00:00+00:00
[2024-09-04 23:15:07,622] {processor.py:161} INFO - Processing /opt/airflow/dags/1-bashoperator.py took 0.085 seconds
[2024-09-04 23:15:38,202] {processor.py:153} INFO - Started process (PID=11158) to work on /opt/airflow/dags/1-bashoperator.py
[2024-09-04 23:15:38,202] {processor.py:641} INFO - Processing file /opt/airflow/dags/1-bashoperator.py for tasks to queue
[2024-09-04 23:15:38,203] {logging_mixin.py:115} INFO - [2024-09-04 23:15:38,203] {dagbag.py:508} INFO - Filling up the DagBag from /opt/airflow/dags/1-bashoperator.py
[2024-09-04 23:15:38,210] {processor.py:651} INFO - DAG(s) dict_keys(['bashoperator']) retrieved from /opt/airflow/dags/1-bashoperator.py
[2024-09-04 23:15:38,233] {logging_mixin.py:115} INFO - [2024-09-04 23:15:38,233] {dag.py:2420} INFO - Sync 1 DAGs
[2024-09-04 23:15:38,253] {logging_mixin.py:115} INFO - [2024-09-04 23:15:38,253] {dag.py:2972} INFO - Setting next_dagrun for bashoperator to 2024-05-15T00:00:00+00:00, run_after=2024-05-16T00:00:00+00:00
[2024-09-04 23:15:38,267] {processor.py:161} INFO - Processing /opt/airflow/dags/1-bashoperator.py took 0.068 seconds
[2024-09-04 23:16:08,861] {processor.py:153} INFO - Started process (PID=11197) to work on /opt/airflow/dags/1-bashoperator.py
[2024-09-04 23:16:08,861] {processor.py:641} INFO - Processing file /opt/airflow/dags/1-bashoperator.py for tasks to queue
[2024-09-04 23:16:08,862] {logging_mixin.py:115} INFO - [2024-09-04 23:16:08,862] {dagbag.py:508} INFO - Filling up the DagBag from /opt/airflow/dags/1-bashoperator.py
[2024-09-04 23:16:08,866] {processor.py:651} INFO - DAG(s) dict_keys(['bashoperator']) retrieved from /opt/airflow/dags/1-bashoperator.py
[2024-09-04 23:16:08,887] {logging_mixin.py:115} INFO - [2024-09-04 23:16:08,886] {dag.py:2420} INFO - Sync 1 DAGs
[2024-09-04 23:16:08,905] {logging_mixin.py:115} INFO - [2024-09-04 23:16:08,905] {dag.py:2972} INFO - Setting next_dagrun for bashoperator to 2024-05-15T00:00:00+00:00, run_after=2024-05-16T00:00:00+00:00
[2024-09-04 23:16:08,917] {processor.py:161} INFO - Processing /opt/airflow/dags/1-bashoperator.py took 0.059 seconds
[2024-09-04 23:16:39,675] {processor.py:153} INFO - Started process (PID=11236) to work on /opt/airflow/dags/1-bashoperator.py
[2024-09-04 23:16:39,676] {processor.py:641} INFO - Processing file /opt/airflow/dags/1-bashoperator.py for tasks to queue
[2024-09-04 23:16:39,676] {logging_mixin.py:115} INFO - [2024-09-04 23:16:39,676] {dagbag.py:508} INFO - Filling up the DagBag from /opt/airflow/dags/1-bashoperator.py
[2024-09-04 23:16:39,683] {processor.py:651} INFO - DAG(s) dict_keys(['bashoperator']) retrieved from /opt/airflow/dags/1-bashoperator.py
[2024-09-04 23:16:39,714] {logging_mixin.py:115} INFO - [2024-09-04 23:16:39,714] {dag.py:2420} INFO - Sync 1 DAGs
[2024-09-04 23:16:39,734] {logging_mixin.py:115} INFO - [2024-09-04 23:16:39,734] {dag.py:2972} INFO - Setting next_dagrun for bashoperator to 2024-05-15T00:00:00+00:00, run_after=2024-05-16T00:00:00+00:00
[2024-09-04 23:16:39,747] {processor.py:161} INFO - Processing /opt/airflow/dags/1-bashoperator.py took 0.074 seconds
[2024-09-04 23:17:10,367] {processor.py:153} INFO - Started process (PID=11266) to work on /opt/airflow/dags/1-bashoperator.py
[2024-09-04 23:17:10,367] {processor.py:641} INFO - Processing file /opt/airflow/dags/1-bashoperator.py for tasks to queue
[2024-09-04 23:17:10,368] {logging_mixin.py:115} INFO - [2024-09-04 23:17:10,368] {dagbag.py:508} INFO - Filling up the DagBag from /opt/airflow/dags/1-bashoperator.py
[2024-09-04 23:17:10,374] {processor.py:651} INFO - DAG(s) dict_keys(['bashoperator']) retrieved from /opt/airflow/dags/1-bashoperator.py
[2024-09-04 23:17:10,398] {logging_mixin.py:115} INFO - [2024-09-04 23:17:10,398] {dag.py:2420} INFO - Sync 1 DAGs
[2024-09-04 23:17:10,419] {logging_mixin.py:115} INFO - [2024-09-04 23:17:10,419] {dag.py:2972} INFO - Setting next_dagrun for bashoperator to 2024-05-15T00:00:00+00:00, run_after=2024-05-16T00:00:00+00:00
[2024-09-04 23:17:10,430] {processor.py:161} INFO - Processing /opt/airflow/dags/1-bashoperator.py took 0.066 seconds
[2024-09-04 23:17:41,049] {processor.py:153} INFO - Started process (PID=11305) to work on /opt/airflow/dags/1-bashoperator.py
[2024-09-04 23:17:41,050] {processor.py:641} INFO - Processing file /opt/airflow/dags/1-bashoperator.py for tasks to queue
[2024-09-04 23:17:41,050] {logging_mixin.py:115} INFO - [2024-09-04 23:17:41,050] {dagbag.py:508} INFO - Filling up the DagBag from /opt/airflow/dags/1-bashoperator.py
[2024-09-04 23:17:41,057] {processor.py:651} INFO - DAG(s) dict_keys(['bashoperator']) retrieved from /opt/airflow/dags/1-bashoperator.py
[2024-09-04 23:17:41,079] {logging_mixin.py:115} INFO - [2024-09-04 23:17:41,079] {dag.py:2420} INFO - Sync 1 DAGs
[2024-09-04 23:17:41,098] {logging_mixin.py:115} INFO - [2024-09-04 23:17:41,098] {dag.py:2972} INFO - Setting next_dagrun for bashoperator to 2024-05-15T00:00:00+00:00, run_after=2024-05-16T00:00:00+00:00
[2024-09-04 23:17:41,109] {processor.py:161} INFO - Processing /opt/airflow/dags/1-bashoperator.py took 0.062 seconds
[2024-09-04 23:18:11,698] {processor.py:153} INFO - Started process (PID=11344) to work on /opt/airflow/dags/1-bashoperator.py
[2024-09-04 23:18:11,698] {processor.py:641} INFO - Processing file /opt/airflow/dags/1-bashoperator.py for tasks to queue
[2024-09-04 23:18:11,699] {logging_mixin.py:115} INFO - [2024-09-04 23:18:11,699] {dagbag.py:508} INFO - Filling up the DagBag from /opt/airflow/dags/1-bashoperator.py
[2024-09-04 23:18:11,703] {processor.py:651} INFO - DAG(s) dict_keys(['bashoperator']) retrieved from /opt/airflow/dags/1-bashoperator.py
[2024-09-04 23:18:11,723] {logging_mixin.py:115} INFO - [2024-09-04 23:18:11,723] {dag.py:2420} INFO - Sync 1 DAGs
[2024-09-04 23:18:11,741] {logging_mixin.py:115} INFO - [2024-09-04 23:18:11,741] {dag.py:2972} INFO - Setting next_dagrun for bashoperator to 2024-05-15T00:00:00+00:00, run_after=2024-05-16T00:00:00+00:00
[2024-09-04 23:18:11,754] {processor.py:161} INFO - Processing /opt/airflow/dags/1-bashoperator.py took 0.060 seconds
[2024-09-04 23:18:42,396] {processor.py:153} INFO - Started process (PID=11381) to work on /opt/airflow/dags/1-bashoperator.py
[2024-09-04 23:18:42,397] {processor.py:641} INFO - Processing file /opt/airflow/dags/1-bashoperator.py for tasks to queue
[2024-09-04 23:18:42,398] {logging_mixin.py:115} INFO - [2024-09-04 23:18:42,398] {dagbag.py:508} INFO - Filling up the DagBag from /opt/airflow/dags/1-bashoperator.py
[2024-09-04 23:18:42,405] {processor.py:651} INFO - DAG(s) dict_keys(['bashoperator']) retrieved from /opt/airflow/dags/1-bashoperator.py
[2024-09-04 23:18:42,441] {logging_mixin.py:115} INFO - [2024-09-04 23:18:42,441] {dag.py:2420} INFO - Sync 1 DAGs
[2024-09-04 23:18:42,460] {logging_mixin.py:115} INFO - [2024-09-04 23:18:42,459] {dag.py:2972} INFO - Setting next_dagrun for bashoperator to 2024-05-15T00:00:00+00:00, run_after=2024-05-16T00:00:00+00:00
[2024-09-04 23:18:42,471] {processor.py:161} INFO - Processing /opt/airflow/dags/1-bashoperator.py took 0.079 seconds
[2024-09-04 23:19:13,097] {processor.py:153} INFO - Started process (PID=11411) to work on /opt/airflow/dags/1-bashoperator.py
[2024-09-04 23:19:13,097] {processor.py:641} INFO - Processing file /opt/airflow/dags/1-bashoperator.py for tasks to queue
[2024-09-04 23:19:13,098] {logging_mixin.py:115} INFO - [2024-09-04 23:19:13,098] {dagbag.py:508} INFO - Filling up the DagBag from /opt/airflow/dags/1-bashoperator.py
[2024-09-04 23:19:13,103] {processor.py:651} INFO - DAG(s) dict_keys(['bashoperator']) retrieved from /opt/airflow/dags/1-bashoperator.py
[2024-09-04 23:19:13,129] {logging_mixin.py:115} INFO - [2024-09-04 23:19:13,129] {dag.py:2420} INFO - Sync 1 DAGs
[2024-09-04 23:19:13,152] {logging_mixin.py:115} INFO - [2024-09-04 23:19:13,152] {dag.py:2972} INFO - Setting next_dagrun for bashoperator to 2024-05-15T00:00:00+00:00, run_after=2024-05-16T00:00:00+00:00
[2024-09-04 23:19:13,164] {processor.py:161} INFO - Processing /opt/airflow/dags/1-bashoperator.py took 0.070 seconds
[2024-09-04 23:19:43,871] {processor.py:153} INFO - Started process (PID=11450) to work on /opt/airflow/dags/1-bashoperator.py
[2024-09-04 23:19:43,872] {processor.py:641} INFO - Processing file /opt/airflow/dags/1-bashoperator.py for tasks to queue
[2024-09-04 23:19:43,872] {logging_mixin.py:115} INFO - [2024-09-04 23:19:43,872] {dagbag.py:508} INFO - Filling up the DagBag from /opt/airflow/dags/1-bashoperator.py
[2024-09-04 23:19:43,878] {processor.py:651} INFO - DAG(s) dict_keys(['bashoperator']) retrieved from /opt/airflow/dags/1-bashoperator.py
[2024-09-04 23:19:43,901] {logging_mixin.py:115} INFO - [2024-09-04 23:19:43,901] {dag.py:2420} INFO - Sync 1 DAGs
[2024-09-04 23:19:43,919] {logging_mixin.py:115} INFO - [2024-09-04 23:19:43,919] {dag.py:2972} INFO - Setting next_dagrun for bashoperator to 2024-05-15T00:00:00+00:00, run_after=2024-05-16T00:00:00+00:00
[2024-09-04 23:19:43,929] {processor.py:161} INFO - Processing /opt/airflow/dags/1-bashoperator.py took 0.060 seconds
[2024-09-04 23:20:14,485] {processor.py:153} INFO - Started process (PID=11489) to work on /opt/airflow/dags/1-bashoperator.py
[2024-09-04 23:20:14,486] {processor.py:641} INFO - Processing file /opt/airflow/dags/1-bashoperator.py for tasks to queue
[2024-09-04 23:20:14,486] {logging_mixin.py:115} INFO - [2024-09-04 23:20:14,486] {dagbag.py:508} INFO - Filling up the DagBag from /opt/airflow/dags/1-bashoperator.py
[2024-09-04 23:20:14,493] {processor.py:651} INFO - DAG(s) dict_keys(['bashoperator']) retrieved from /opt/airflow/dags/1-bashoperator.py
[2024-09-04 23:20:14,523] {logging_mixin.py:115} INFO - [2024-09-04 23:20:14,523] {dag.py:2420} INFO - Sync 1 DAGs
[2024-09-04 23:20:14,543] {logging_mixin.py:115} INFO - [2024-09-04 23:20:14,543] {dag.py:2972} INFO - Setting next_dagrun for bashoperator to 2024-05-15T00:00:00+00:00, run_after=2024-05-16T00:00:00+00:00
[2024-09-04 23:20:14,554] {processor.py:161} INFO - Processing /opt/airflow/dags/1-bashoperator.py took 0.071 seconds
[2024-09-04 23:20:45,228] {processor.py:153} INFO - Started process (PID=11528) to work on /opt/airflow/dags/1-bashoperator.py
[2024-09-04 23:20:45,229] {processor.py:641} INFO - Processing file /opt/airflow/dags/1-bashoperator.py for tasks to queue
[2024-09-04 23:20:45,229] {logging_mixin.py:115} INFO - [2024-09-04 23:20:45,229] {dagbag.py:508} INFO - Filling up the DagBag from /opt/airflow/dags/1-bashoperator.py
[2024-09-04 23:20:45,235] {processor.py:651} INFO - DAG(s) dict_keys(['bashoperator']) retrieved from /opt/airflow/dags/1-bashoperator.py
[2024-09-04 23:20:45,255] {logging_mixin.py:115} INFO - [2024-09-04 23:20:45,255] {dag.py:2420} INFO - Sync 1 DAGs
[2024-09-04 23:20:45,273] {logging_mixin.py:115} INFO - [2024-09-04 23:20:45,273] {dag.py:2972} INFO - Setting next_dagrun for bashoperator to 2024-05-15T00:00:00+00:00, run_after=2024-05-16T00:00:00+00:00
[2024-09-04 23:20:45,282] {processor.py:161} INFO - Processing /opt/airflow/dags/1-bashoperator.py took 0.056 seconds
[2024-09-04 23:21:15,896] {processor.py:153} INFO - Started process (PID=11558) to work on /opt/airflow/dags/1-bashoperator.py
[2024-09-04 23:21:15,897] {processor.py:641} INFO - Processing file /opt/airflow/dags/1-bashoperator.py for tasks to queue
[2024-09-04 23:21:15,898] {logging_mixin.py:115} INFO - [2024-09-04 23:21:15,898] {dagbag.py:508} INFO - Filling up the DagBag from /opt/airflow/dags/1-bashoperator.py
[2024-09-04 23:21:15,904] {processor.py:651} INFO - DAG(s) dict_keys(['bashoperator']) retrieved from /opt/airflow/dags/1-bashoperator.py
[2024-09-04 23:21:15,933] {logging_mixin.py:115} INFO - [2024-09-04 23:21:15,933] {dag.py:2420} INFO - Sync 1 DAGs
[2024-09-04 23:21:15,953] {logging_mixin.py:115} INFO - [2024-09-04 23:21:15,953] {dag.py:2972} INFO - Setting next_dagrun for bashoperator to 2024-05-15T00:00:00+00:00, run_after=2024-05-16T00:00:00+00:00
[2024-09-04 23:21:15,965] {processor.py:161} INFO - Processing /opt/airflow/dags/1-bashoperator.py took 0.072 seconds
[2024-09-04 23:21:46,590] {processor.py:153} INFO - Started process (PID=11596) to work on /opt/airflow/dags/1-bashoperator.py
[2024-09-04 23:21:46,590] {processor.py:641} INFO - Processing file /opt/airflow/dags/1-bashoperator.py for tasks to queue
[2024-09-04 23:21:46,592] {logging_mixin.py:115} INFO - [2024-09-04 23:21:46,591] {dagbag.py:508} INFO - Filling up the DagBag from /opt/airflow/dags/1-bashoperator.py
[2024-09-04 23:21:46,598] {processor.py:651} INFO - DAG(s) dict_keys(['bashoperator']) retrieved from /opt/airflow/dags/1-bashoperator.py
[2024-09-04 23:21:46,629] {logging_mixin.py:115} INFO - [2024-09-04 23:21:46,628] {dag.py:2420} INFO - Sync 1 DAGs
[2024-09-04 23:21:46,655] {logging_mixin.py:115} INFO - [2024-09-04 23:21:46,654] {dag.py:2972} INFO - Setting next_dagrun for bashoperator to 2024-05-15T00:00:00+00:00, run_after=2024-05-16T00:00:00+00:00
[2024-09-04 23:21:46,671] {processor.py:161} INFO - Processing /opt/airflow/dags/1-bashoperator.py took 0.084 seconds
[2024-09-04 23:22:17,310] {processor.py:153} INFO - Started process (PID=11635) to work on /opt/airflow/dags/1-bashoperator.py
[2024-09-04 23:22:17,311] {processor.py:641} INFO - Processing file /opt/airflow/dags/1-bashoperator.py for tasks to queue
[2024-09-04 23:22:17,312] {logging_mixin.py:115} INFO - [2024-09-04 23:22:17,312] {dagbag.py:508} INFO - Filling up the DagBag from /opt/airflow/dags/1-bashoperator.py
[2024-09-04 23:22:17,317] {processor.py:651} INFO - DAG(s) dict_keys(['bashoperator']) retrieved from /opt/airflow/dags/1-bashoperator.py
[2024-09-04 23:22:17,344] {logging_mixin.py:115} INFO - [2024-09-04 23:22:17,343] {dag.py:2420} INFO - Sync 1 DAGs
[2024-09-04 23:22:17,365] {logging_mixin.py:115} INFO - [2024-09-04 23:22:17,365] {dag.py:2972} INFO - Setting next_dagrun for bashoperator to 2024-05-15T00:00:00+00:00, run_after=2024-05-16T00:00:00+00:00
[2024-09-04 23:22:17,379] {processor.py:161} INFO - Processing /opt/airflow/dags/1-bashoperator.py took 0.073 seconds
[2024-09-04 23:22:48,097] {processor.py:153} INFO - Started process (PID=11674) to work on /opt/airflow/dags/1-bashoperator.py
[2024-09-04 23:22:48,098] {processor.py:641} INFO - Processing file /opt/airflow/dags/1-bashoperator.py for tasks to queue
[2024-09-04 23:22:48,098] {logging_mixin.py:115} INFO - [2024-09-04 23:22:48,098] {dagbag.py:508} INFO - Filling up the DagBag from /opt/airflow/dags/1-bashoperator.py
[2024-09-04 23:22:48,104] {processor.py:651} INFO - DAG(s) dict_keys(['bashoperator']) retrieved from /opt/airflow/dags/1-bashoperator.py
[2024-09-04 23:22:48,132] {logging_mixin.py:115} INFO - [2024-09-04 23:22:48,132] {dag.py:2420} INFO - Sync 1 DAGs
[2024-09-04 23:22:48,151] {logging_mixin.py:115} INFO - [2024-09-04 23:22:48,151] {dag.py:2972} INFO - Setting next_dagrun for bashoperator to 2024-05-15T00:00:00+00:00, run_after=2024-05-16T00:00:00+00:00
[2024-09-04 23:22:48,162] {processor.py:161} INFO - Processing /opt/airflow/dags/1-bashoperator.py took 0.069 seconds
[2024-09-04 23:23:18,867] {processor.py:153} INFO - Started process (PID=11704) to work on /opt/airflow/dags/1-bashoperator.py
[2024-09-04 23:23:18,871] {processor.py:641} INFO - Processing file /opt/airflow/dags/1-bashoperator.py for tasks to queue
[2024-09-04 23:23:18,872] {logging_mixin.py:115} INFO - [2024-09-04 23:23:18,872] {dagbag.py:508} INFO - Filling up the DagBag from /opt/airflow/dags/1-bashoperator.py
[2024-09-04 23:23:18,878] {processor.py:651} INFO - DAG(s) dict_keys(['bashoperator']) retrieved from /opt/airflow/dags/1-bashoperator.py
[2024-09-04 23:23:18,908] {logging_mixin.py:115} INFO - [2024-09-04 23:23:18,907] {dag.py:2420} INFO - Sync 1 DAGs
[2024-09-04 23:23:18,929] {logging_mixin.py:115} INFO - [2024-09-04 23:23:18,929] {dag.py:2972} INFO - Setting next_dagrun for bashoperator to 2024-05-15T00:00:00+00:00, run_after=2024-05-16T00:00:00+00:00
[2024-09-04 23:23:18,941] {processor.py:161} INFO - Processing /opt/airflow/dags/1-bashoperator.py took 0.077 seconds
[2024-09-04 23:23:49,609] {processor.py:153} INFO - Started process (PID=11742) to work on /opt/airflow/dags/1-bashoperator.py
[2024-09-04 23:23:49,610] {processor.py:641} INFO - Processing file /opt/airflow/dags/1-bashoperator.py for tasks to queue
[2024-09-04 23:23:49,611] {logging_mixin.py:115} INFO - [2024-09-04 23:23:49,611] {dagbag.py:508} INFO - Filling up the DagBag from /opt/airflow/dags/1-bashoperator.py
[2024-09-04 23:23:49,620] {processor.py:651} INFO - DAG(s) dict_keys(['bashoperator']) retrieved from /opt/airflow/dags/1-bashoperator.py
[2024-09-04 23:23:49,649] {logging_mixin.py:115} INFO - [2024-09-04 23:23:49,649] {dag.py:2420} INFO - Sync 1 DAGs
[2024-09-04 23:23:49,671] {logging_mixin.py:115} INFO - [2024-09-04 23:23:49,671] {dag.py:2972} INFO - Setting next_dagrun for bashoperator to 2024-05-15T00:00:00+00:00, run_after=2024-05-16T00:00:00+00:00
[2024-09-04 23:23:49,684] {processor.py:161} INFO - Processing /opt/airflow/dags/1-bashoperator.py took 0.077 seconds
[2024-09-04 23:24:20,308] {processor.py:153} INFO - Started process (PID=11781) to work on /opt/airflow/dags/1-bashoperator.py
[2024-09-04 23:24:20,309] {processor.py:641} INFO - Processing file /opt/airflow/dags/1-bashoperator.py for tasks to queue
[2024-09-04 23:24:20,309] {logging_mixin.py:115} INFO - [2024-09-04 23:24:20,309] {dagbag.py:508} INFO - Filling up the DagBag from /opt/airflow/dags/1-bashoperator.py
[2024-09-04 23:24:20,315] {processor.py:651} INFO - DAG(s) dict_keys(['bashoperator']) retrieved from /opt/airflow/dags/1-bashoperator.py
[2024-09-04 23:24:20,339] {logging_mixin.py:115} INFO - [2024-09-04 23:24:20,339] {dag.py:2420} INFO - Sync 1 DAGs
[2024-09-04 23:24:20,358] {logging_mixin.py:115} INFO - [2024-09-04 23:24:20,358] {dag.py:2972} INFO - Setting next_dagrun for bashoperator to 2024-05-15T00:00:00+00:00, run_after=2024-05-16T00:00:00+00:00
[2024-09-04 23:24:20,370] {processor.py:161} INFO - Processing /opt/airflow/dags/1-bashoperator.py took 0.064 seconds
[2024-09-04 23:24:51,043] {processor.py:153} INFO - Started process (PID=11820) to work on /opt/airflow/dags/1-bashoperator.py
[2024-09-04 23:24:51,044] {processor.py:641} INFO - Processing file /opt/airflow/dags/1-bashoperator.py for tasks to queue
[2024-09-04 23:24:51,045] {logging_mixin.py:115} INFO - [2024-09-04 23:24:51,044] {dagbag.py:508} INFO - Filling up the DagBag from /opt/airflow/dags/1-bashoperator.py
[2024-09-04 23:24:51,050] {processor.py:651} INFO - DAG(s) dict_keys(['bashoperator']) retrieved from /opt/airflow/dags/1-bashoperator.py
[2024-09-04 23:24:51,078] {logging_mixin.py:115} INFO - [2024-09-04 23:24:51,078] {dag.py:2420} INFO - Sync 1 DAGs
[2024-09-04 23:24:51,095] {logging_mixin.py:115} INFO - [2024-09-04 23:24:51,095] {dag.py:2972} INFO - Setting next_dagrun for bashoperator to 2024-05-15T00:00:00+00:00, run_after=2024-05-16T00:00:00+00:00
[2024-09-04 23:24:51,106] {processor.py:161} INFO - Processing /opt/airflow/dags/1-bashoperator.py took 0.066 seconds
[2024-09-04 23:25:21,702] {processor.py:153} INFO - Started process (PID=11849) to work on /opt/airflow/dags/1-bashoperator.py
[2024-09-04 23:25:21,702] {processor.py:641} INFO - Processing file /opt/airflow/dags/1-bashoperator.py for tasks to queue
[2024-09-04 23:25:21,703] {logging_mixin.py:115} INFO - [2024-09-04 23:25:21,703] {dagbag.py:508} INFO - Filling up the DagBag from /opt/airflow/dags/1-bashoperator.py
[2024-09-04 23:25:21,709] {processor.py:651} INFO - DAG(s) dict_keys(['bashoperator']) retrieved from /opt/airflow/dags/1-bashoperator.py
[2024-09-04 23:25:21,734] {logging_mixin.py:115} INFO - [2024-09-04 23:25:21,733] {dag.py:2420} INFO - Sync 1 DAGs
[2024-09-04 23:25:21,756] {logging_mixin.py:115} INFO - [2024-09-04 23:25:21,756] {dag.py:2972} INFO - Setting next_dagrun for bashoperator to 2024-05-15T00:00:00+00:00, run_after=2024-05-16T00:00:00+00:00
[2024-09-04 23:25:21,769] {processor.py:161} INFO - Processing /opt/airflow/dags/1-bashoperator.py took 0.070 seconds
[2024-09-04 23:25:52,364] {processor.py:153} INFO - Started process (PID=11888) to work on /opt/airflow/dags/1-bashoperator.py
[2024-09-04 23:25:52,365] {processor.py:641} INFO - Processing file /opt/airflow/dags/1-bashoperator.py for tasks to queue
[2024-09-04 23:25:52,366] {logging_mixin.py:115} INFO - [2024-09-04 23:25:52,366] {dagbag.py:508} INFO - Filling up the DagBag from /opt/airflow/dags/1-bashoperator.py
[2024-09-04 23:25:52,374] {processor.py:651} INFO - DAG(s) dict_keys(['bashoperator']) retrieved from /opt/airflow/dags/1-bashoperator.py
[2024-09-04 23:25:52,400] {logging_mixin.py:115} INFO - [2024-09-04 23:25:52,400] {dag.py:2420} INFO - Sync 1 DAGs
[2024-09-04 23:25:52,421] {logging_mixin.py:115} INFO - [2024-09-04 23:25:52,421] {dag.py:2972} INFO - Setting next_dagrun for bashoperator to 2024-05-15T00:00:00+00:00, run_after=2024-05-16T00:00:00+00:00
[2024-09-04 23:25:52,435] {processor.py:161} INFO - Processing /opt/airflow/dags/1-bashoperator.py took 0.074 seconds
[2024-09-04 23:26:23,101] {processor.py:153} INFO - Started process (PID=11927) to work on /opt/airflow/dags/1-bashoperator.py
[2024-09-04 23:26:23,102] {processor.py:641} INFO - Processing file /opt/airflow/dags/1-bashoperator.py for tasks to queue
[2024-09-04 23:26:23,102] {logging_mixin.py:115} INFO - [2024-09-04 23:26:23,102] {dagbag.py:508} INFO - Filling up the DagBag from /opt/airflow/dags/1-bashoperator.py
[2024-09-04 23:26:23,109] {processor.py:651} INFO - DAG(s) dict_keys(['bashoperator']) retrieved from /opt/airflow/dags/1-bashoperator.py
[2024-09-04 23:26:23,135] {logging_mixin.py:115} INFO - [2024-09-04 23:26:23,134] {dag.py:2420} INFO - Sync 1 DAGs
[2024-09-04 23:26:23,162] {logging_mixin.py:115} INFO - [2024-09-04 23:26:23,162] {dag.py:2972} INFO - Setting next_dagrun for bashoperator to 2024-05-15T00:00:00+00:00, run_after=2024-05-16T00:00:00+00:00
[2024-09-04 23:26:23,177] {processor.py:161} INFO - Processing /opt/airflow/dags/1-bashoperator.py took 0.082 seconds
[2024-09-04 23:26:53,924] {processor.py:153} INFO - Started process (PID=11966) to work on /opt/airflow/dags/1-bashoperator.py
[2024-09-04 23:26:53,925] {processor.py:641} INFO - Processing file /opt/airflow/dags/1-bashoperator.py for tasks to queue
[2024-09-04 23:26:53,925] {logging_mixin.py:115} INFO - [2024-09-04 23:26:53,925] {dagbag.py:508} INFO - Filling up the DagBag from /opt/airflow/dags/1-bashoperator.py
[2024-09-04 23:26:53,932] {processor.py:651} INFO - DAG(s) dict_keys(['bashoperator']) retrieved from /opt/airflow/dags/1-bashoperator.py
[2024-09-04 23:26:53,965] {logging_mixin.py:115} INFO - [2024-09-04 23:26:53,965] {dag.py:2420} INFO - Sync 1 DAGs
[2024-09-04 23:26:53,984] {logging_mixin.py:115} INFO - [2024-09-04 23:26:53,984] {dag.py:2972} INFO - Setting next_dagrun for bashoperator to 2024-05-15T00:00:00+00:00, run_after=2024-05-16T00:00:00+00:00
[2024-09-04 23:26:53,997] {processor.py:161} INFO - Processing /opt/airflow/dags/1-bashoperator.py took 0.078 seconds
[2024-09-04 23:27:24,681] {processor.py:153} INFO - Started process (PID=11996) to work on /opt/airflow/dags/1-bashoperator.py
[2024-09-04 23:27:24,681] {processor.py:641} INFO - Processing file /opt/airflow/dags/1-bashoperator.py for tasks to queue
[2024-09-04 23:27:24,682] {logging_mixin.py:115} INFO - [2024-09-04 23:27:24,682] {dagbag.py:508} INFO - Filling up the DagBag from /opt/airflow/dags/1-bashoperator.py
[2024-09-04 23:27:24,687] {processor.py:651} INFO - DAG(s) dict_keys(['bashoperator']) retrieved from /opt/airflow/dags/1-bashoperator.py
[2024-09-04 23:27:24,711] {logging_mixin.py:115} INFO - [2024-09-04 23:27:24,711] {dag.py:2420} INFO - Sync 1 DAGs
[2024-09-04 23:27:24,737] {logging_mixin.py:115} INFO - [2024-09-04 23:27:24,736] {dag.py:2972} INFO - Setting next_dagrun for bashoperator to 2024-05-15T00:00:00+00:00, run_after=2024-05-16T00:00:00+00:00
[2024-09-04 23:27:24,756] {processor.py:161} INFO - Processing /opt/airflow/dags/1-bashoperator.py took 0.078 seconds
[2024-09-04 23:27:55,423] {processor.py:153} INFO - Started process (PID=12035) to work on /opt/airflow/dags/1-bashoperator.py
[2024-09-04 23:27:55,424] {processor.py:641} INFO - Processing file /opt/airflow/dags/1-bashoperator.py for tasks to queue
[2024-09-04 23:27:55,424] {logging_mixin.py:115} INFO - [2024-09-04 23:27:55,424] {dagbag.py:508} INFO - Filling up the DagBag from /opt/airflow/dags/1-bashoperator.py
[2024-09-04 23:27:55,430] {processor.py:651} INFO - DAG(s) dict_keys(['bashoperator']) retrieved from /opt/airflow/dags/1-bashoperator.py
[2024-09-04 23:27:55,455] {logging_mixin.py:115} INFO - [2024-09-04 23:27:55,455] {dag.py:2420} INFO - Sync 1 DAGs
[2024-09-04 23:27:55,480] {logging_mixin.py:115} INFO - [2024-09-04 23:27:55,480] {dag.py:2972} INFO - Setting next_dagrun for bashoperator to 2024-05-15T00:00:00+00:00, run_after=2024-05-16T00:00:00+00:00
[2024-09-04 23:27:55,491] {processor.py:161} INFO - Processing /opt/airflow/dags/1-bashoperator.py took 0.070 seconds
[2024-09-04 23:28:26,131] {processor.py:153} INFO - Started process (PID=12074) to work on /opt/airflow/dags/1-bashoperator.py
[2024-09-04 23:28:26,132] {processor.py:641} INFO - Processing file /opt/airflow/dags/1-bashoperator.py for tasks to queue
[2024-09-04 23:28:26,132] {logging_mixin.py:115} INFO - [2024-09-04 23:28:26,132] {dagbag.py:508} INFO - Filling up the DagBag from /opt/airflow/dags/1-bashoperator.py
[2024-09-04 23:28:26,136] {processor.py:651} INFO - DAG(s) dict_keys(['bashoperator']) retrieved from /opt/airflow/dags/1-bashoperator.py
[2024-09-04 23:28:26,165] {logging_mixin.py:115} INFO - [2024-09-04 23:28:26,164] {dag.py:2420} INFO - Sync 1 DAGs
[2024-09-04 23:28:26,192] {logging_mixin.py:115} INFO - [2024-09-04 23:28:26,192] {dag.py:2972} INFO - Setting next_dagrun for bashoperator to 2024-05-15T00:00:00+00:00, run_after=2024-05-16T00:00:00+00:00
[2024-09-04 23:28:26,214] {processor.py:161} INFO - Processing /opt/airflow/dags/1-bashoperator.py took 0.085 seconds
[2024-09-04 23:28:56,968] {processor.py:153} INFO - Started process (PID=12112) to work on /opt/airflow/dags/1-bashoperator.py
[2024-09-04 23:28:56,969] {processor.py:641} INFO - Processing file /opt/airflow/dags/1-bashoperator.py for tasks to queue
[2024-09-04 23:28:56,969] {logging_mixin.py:115} INFO - [2024-09-04 23:28:56,969] {dagbag.py:508} INFO - Filling up the DagBag from /opt/airflow/dags/1-bashoperator.py
[2024-09-04 23:28:56,978] {processor.py:651} INFO - DAG(s) dict_keys(['bashoperator']) retrieved from /opt/airflow/dags/1-bashoperator.py
[2024-09-04 23:28:57,009] {logging_mixin.py:115} INFO - [2024-09-04 23:28:57,009] {dag.py:2420} INFO - Sync 1 DAGs
[2024-09-04 23:28:57,038] {logging_mixin.py:115} INFO - [2024-09-04 23:28:57,038] {dag.py:2972} INFO - Setting next_dagrun for bashoperator to 2024-05-15T00:00:00+00:00, run_after=2024-05-16T00:00:00+00:00
[2024-09-04 23:28:57,056] {processor.py:161} INFO - Processing /opt/airflow/dags/1-bashoperator.py took 0.091 seconds
[2024-09-04 23:29:27,717] {processor.py:153} INFO - Started process (PID=12142) to work on /opt/airflow/dags/1-bashoperator.py
[2024-09-04 23:29:27,718] {processor.py:641} INFO - Processing file /opt/airflow/dags/1-bashoperator.py for tasks to queue
[2024-09-04 23:29:27,720] {logging_mixin.py:115} INFO - [2024-09-04 23:29:27,720] {dagbag.py:508} INFO - Filling up the DagBag from /opt/airflow/dags/1-bashoperator.py
[2024-09-04 23:29:27,726] {processor.py:651} INFO - DAG(s) dict_keys(['bashoperator']) retrieved from /opt/airflow/dags/1-bashoperator.py
[2024-09-04 23:29:27,753] {logging_mixin.py:115} INFO - [2024-09-04 23:29:27,753] {dag.py:2420} INFO - Sync 1 DAGs
[2024-09-04 23:29:27,778] {logging_mixin.py:115} INFO - [2024-09-04 23:29:27,778] {dag.py:2972} INFO - Setting next_dagrun for bashoperator to 2024-05-15T00:00:00+00:00, run_after=2024-05-16T00:00:00+00:00
[2024-09-04 23:29:27,794] {processor.py:161} INFO - Processing /opt/airflow/dags/1-bashoperator.py took 0.081 seconds
[2024-09-04 23:29:58,559] {processor.py:153} INFO - Started process (PID=12180) to work on /opt/airflow/dags/1-bashoperator.py
[2024-09-04 23:29:58,561] {processor.py:641} INFO - Processing file /opt/airflow/dags/1-bashoperator.py for tasks to queue
[2024-09-04 23:29:58,562] {logging_mixin.py:115} INFO - [2024-09-04 23:29:58,562] {dagbag.py:508} INFO - Filling up the DagBag from /opt/airflow/dags/1-bashoperator.py
[2024-09-04 23:29:58,569] {processor.py:651} INFO - DAG(s) dict_keys(['bashoperator']) retrieved from /opt/airflow/dags/1-bashoperator.py
[2024-09-04 23:29:58,601] {logging_mixin.py:115} INFO - [2024-09-04 23:29:58,601] {dag.py:2420} INFO - Sync 1 DAGs
[2024-09-04 23:29:58,624] {logging_mixin.py:115} INFO - [2024-09-04 23:29:58,624] {dag.py:2972} INFO - Setting next_dagrun for bashoperator to 2024-05-15T00:00:00+00:00, run_after=2024-05-16T00:00:00+00:00
[2024-09-04 23:29:58,634] {processor.py:161} INFO - Processing /opt/airflow/dags/1-bashoperator.py took 0.078 seconds
[2024-09-04 23:30:29,259] {processor.py:153} INFO - Started process (PID=12219) to work on /opt/airflow/dags/1-bashoperator.py
[2024-09-04 23:30:29,260] {processor.py:641} INFO - Processing file /opt/airflow/dags/1-bashoperator.py for tasks to queue
[2024-09-04 23:30:29,261] {logging_mixin.py:115} INFO - [2024-09-04 23:30:29,261] {dagbag.py:508} INFO - Filling up the DagBag from /opt/airflow/dags/1-bashoperator.py
[2024-09-04 23:30:29,269] {processor.py:651} INFO - DAG(s) dict_keys(['bashoperator']) retrieved from /opt/airflow/dags/1-bashoperator.py
[2024-09-04 23:30:29,303] {logging_mixin.py:115} INFO - [2024-09-04 23:30:29,303] {dag.py:2420} INFO - Sync 1 DAGs
[2024-09-04 23:30:29,325] {logging_mixin.py:115} INFO - [2024-09-04 23:30:29,325] {dag.py:2972} INFO - Setting next_dagrun for bashoperator to 2024-05-15T00:00:00+00:00, run_after=2024-05-16T00:00:00+00:00
[2024-09-04 23:30:29,342] {processor.py:161} INFO - Processing /opt/airflow/dags/1-bashoperator.py took 0.086 seconds
[2024-09-04 23:31:00,040] {processor.py:153} INFO - Started process (PID=12258) to work on /opt/airflow/dags/1-bashoperator.py
[2024-09-04 23:31:00,041] {processor.py:641} INFO - Processing file /opt/airflow/dags/1-bashoperator.py for tasks to queue
[2024-09-04 23:31:00,042] {logging_mixin.py:115} INFO - [2024-09-04 23:31:00,042] {dagbag.py:508} INFO - Filling up the DagBag from /opt/airflow/dags/1-bashoperator.py
[2024-09-04 23:31:00,050] {processor.py:651} INFO - DAG(s) dict_keys(['bashoperator']) retrieved from /opt/airflow/dags/1-bashoperator.py
[2024-09-04 23:31:00,080] {logging_mixin.py:115} INFO - [2024-09-04 23:31:00,080] {dag.py:2420} INFO - Sync 1 DAGs
[2024-09-04 23:31:00,100] {logging_mixin.py:115} INFO - [2024-09-04 23:31:00,100] {dag.py:2972} INFO - Setting next_dagrun for bashoperator to 2024-05-15T00:00:00+00:00, run_after=2024-05-16T00:00:00+00:00
[2024-09-04 23:31:00,112] {processor.py:161} INFO - Processing /opt/airflow/dags/1-bashoperator.py took 0.076 seconds
[2024-09-04 23:31:30,688] {processor.py:153} INFO - Started process (PID=12288) to work on /opt/airflow/dags/1-bashoperator.py
[2024-09-04 23:31:30,689] {processor.py:641} INFO - Processing file /opt/airflow/dags/1-bashoperator.py for tasks to queue
[2024-09-04 23:31:30,689] {logging_mixin.py:115} INFO - [2024-09-04 23:31:30,689] {dagbag.py:508} INFO - Filling up the DagBag from /opt/airflow/dags/1-bashoperator.py
[2024-09-04 23:31:30,693] {processor.py:651} INFO - DAG(s) dict_keys(['bashoperator']) retrieved from /opt/airflow/dags/1-bashoperator.py
[2024-09-04 23:31:30,719] {logging_mixin.py:115} INFO - [2024-09-04 23:31:30,719] {dag.py:2420} INFO - Sync 1 DAGs
[2024-09-04 23:31:30,742] {logging_mixin.py:115} INFO - [2024-09-04 23:31:30,742] {dag.py:2972} INFO - Setting next_dagrun for bashoperator to 2024-05-15T00:00:00+00:00, run_after=2024-05-16T00:00:00+00:00
[2024-09-04 23:31:30,755] {processor.py:161} INFO - Processing /opt/airflow/dags/1-bashoperator.py took 0.069 seconds
[2024-09-04 23:32:01,430] {processor.py:153} INFO - Started process (PID=12326) to work on /opt/airflow/dags/1-bashoperator.py
[2024-09-04 23:32:01,431] {processor.py:641} INFO - Processing file /opt/airflow/dags/1-bashoperator.py for tasks to queue
[2024-09-04 23:32:01,432] {logging_mixin.py:115} INFO - [2024-09-04 23:32:01,432] {dagbag.py:508} INFO - Filling up the DagBag from /opt/airflow/dags/1-bashoperator.py
[2024-09-04 23:32:01,439] {processor.py:651} INFO - DAG(s) dict_keys(['bashoperator']) retrieved from /opt/airflow/dags/1-bashoperator.py
[2024-09-04 23:32:01,461] {logging_mixin.py:115} INFO - [2024-09-04 23:32:01,460] {dag.py:2420} INFO - Sync 1 DAGs
[2024-09-04 23:32:01,484] {logging_mixin.py:115} INFO - [2024-09-04 23:32:01,484] {dag.py:2972} INFO - Setting next_dagrun for bashoperator to 2024-05-15T00:00:00+00:00, run_after=2024-05-16T00:00:00+00:00
[2024-09-04 23:32:01,496] {processor.py:161} INFO - Processing /opt/airflow/dags/1-bashoperator.py took 0.069 seconds
[2024-09-04 23:32:32,118] {processor.py:153} INFO - Started process (PID=12364) to work on /opt/airflow/dags/1-bashoperator.py
[2024-09-04 23:32:32,119] {processor.py:641} INFO - Processing file /opt/airflow/dags/1-bashoperator.py for tasks to queue
[2024-09-04 23:32:32,120] {logging_mixin.py:115} INFO - [2024-09-04 23:32:32,120] {dagbag.py:508} INFO - Filling up the DagBag from /opt/airflow/dags/1-bashoperator.py
[2024-09-04 23:32:32,125] {processor.py:651} INFO - DAG(s) dict_keys(['bashoperator']) retrieved from /opt/airflow/dags/1-bashoperator.py
[2024-09-04 23:32:32,148] {logging_mixin.py:115} INFO - [2024-09-04 23:32:32,147] {dag.py:2420} INFO - Sync 1 DAGs
[2024-09-04 23:32:32,165] {logging_mixin.py:115} INFO - [2024-09-04 23:32:32,165] {dag.py:2972} INFO - Setting next_dagrun for bashoperator to 2024-05-15T00:00:00+00:00, run_after=2024-05-16T00:00:00+00:00
[2024-09-04 23:32:32,179] {processor.py:161} INFO - Processing /opt/airflow/dags/1-bashoperator.py took 0.064 seconds
[2024-09-04 23:33:02,953] {processor.py:153} INFO - Started process (PID=12403) to work on /opt/airflow/dags/1-bashoperator.py
[2024-09-04 23:33:02,954] {processor.py:641} INFO - Processing file /opt/airflow/dags/1-bashoperator.py for tasks to queue
[2024-09-04 23:33:02,955] {logging_mixin.py:115} INFO - [2024-09-04 23:33:02,955] {dagbag.py:508} INFO - Filling up the DagBag from /opt/airflow/dags/1-bashoperator.py
[2024-09-04 23:33:02,962] {processor.py:651} INFO - DAG(s) dict_keys(['bashoperator']) retrieved from /opt/airflow/dags/1-bashoperator.py
[2024-09-04 23:33:02,991] {logging_mixin.py:115} INFO - [2024-09-04 23:33:02,991] {dag.py:2420} INFO - Sync 1 DAGs
[2024-09-04 23:33:03,021] {logging_mixin.py:115} INFO - [2024-09-04 23:33:03,021] {dag.py:2972} INFO - Setting next_dagrun for bashoperator to 2024-05-15T00:00:00+00:00, run_after=2024-05-16T00:00:00+00:00
[2024-09-04 23:33:03,035] {processor.py:161} INFO - Processing /opt/airflow/dags/1-bashoperator.py took 0.085 seconds
[2024-09-04 23:33:33,674] {processor.py:153} INFO - Started process (PID=12433) to work on /opt/airflow/dags/1-bashoperator.py
[2024-09-04 23:33:33,674] {processor.py:641} INFO - Processing file /opt/airflow/dags/1-bashoperator.py for tasks to queue
[2024-09-04 23:33:33,675] {logging_mixin.py:115} INFO - [2024-09-04 23:33:33,675] {dagbag.py:508} INFO - Filling up the DagBag from /opt/airflow/dags/1-bashoperator.py
[2024-09-04 23:33:33,681] {processor.py:651} INFO - DAG(s) dict_keys(['bashoperator']) retrieved from /opt/airflow/dags/1-bashoperator.py
[2024-09-04 23:33:33,704] {logging_mixin.py:115} INFO - [2024-09-04 23:33:33,704] {dag.py:2420} INFO - Sync 1 DAGs
[2024-09-04 23:33:33,724] {logging_mixin.py:115} INFO - [2024-09-04 23:33:33,724] {dag.py:2972} INFO - Setting next_dagrun for bashoperator to 2024-05-15T00:00:00+00:00, run_after=2024-05-16T00:00:00+00:00
[2024-09-04 23:33:33,745] {processor.py:161} INFO - Processing /opt/airflow/dags/1-bashoperator.py took 0.073 seconds
[2024-09-04 23:34:04,356] {processor.py:153} INFO - Started process (PID=12472) to work on /opt/airflow/dags/1-bashoperator.py
[2024-09-04 23:34:04,356] {processor.py:641} INFO - Processing file /opt/airflow/dags/1-bashoperator.py for tasks to queue
[2024-09-04 23:34:04,357] {logging_mixin.py:115} INFO - [2024-09-04 23:34:04,357] {dagbag.py:508} INFO - Filling up the DagBag from /opt/airflow/dags/1-bashoperator.py
[2024-09-04 23:34:04,363] {processor.py:651} INFO - DAG(s) dict_keys(['bashoperator']) retrieved from /opt/airflow/dags/1-bashoperator.py
[2024-09-04 23:34:04,391] {logging_mixin.py:115} INFO - [2024-09-04 23:34:04,391] {dag.py:2420} INFO - Sync 1 DAGs
[2024-09-04 23:34:04,413] {logging_mixin.py:115} INFO - [2024-09-04 23:34:04,413] {dag.py:2972} INFO - Setting next_dagrun for bashoperator to 2024-05-15T00:00:00+00:00, run_after=2024-05-16T00:00:00+00:00
[2024-09-04 23:34:04,428] {processor.py:161} INFO - Processing /opt/airflow/dags/1-bashoperator.py took 0.076 seconds
[2024-09-04 23:34:34,905] {processor.py:153} INFO - Started process (PID=12511) to work on /opt/airflow/dags/1-bashoperator.py
[2024-09-04 23:34:34,906] {processor.py:641} INFO - Processing file /opt/airflow/dags/1-bashoperator.py for tasks to queue
[2024-09-04 23:34:34,906] {logging_mixin.py:115} INFO - [2024-09-04 23:34:34,906] {dagbag.py:508} INFO - Filling up the DagBag from /opt/airflow/dags/1-bashoperator.py
[2024-09-04 23:34:34,910] {processor.py:651} INFO - DAG(s) dict_keys(['bashoperator']) retrieved from /opt/airflow/dags/1-bashoperator.py
[2024-09-04 23:34:34,932] {logging_mixin.py:115} INFO - [2024-09-04 23:34:34,932] {dag.py:2420} INFO - Sync 1 DAGs
[2024-09-04 23:34:34,951] {logging_mixin.py:115} INFO - [2024-09-04 23:34:34,951] {dag.py:2972} INFO - Setting next_dagrun for bashoperator to 2024-05-15T00:00:00+00:00, run_after=2024-05-16T00:00:00+00:00
[2024-09-04 23:34:34,963] {processor.py:161} INFO - Processing /opt/airflow/dags/1-bashoperator.py took 0.060 seconds
[2024-09-04 23:35:05,557] {processor.py:153} INFO - Started process (PID=12550) to work on /opt/airflow/dags/1-bashoperator.py
[2024-09-04 23:35:05,558] {processor.py:641} INFO - Processing file /opt/airflow/dags/1-bashoperator.py for tasks to queue
[2024-09-04 23:35:05,558] {logging_mixin.py:115} INFO - [2024-09-04 23:35:05,558] {dagbag.py:508} INFO - Filling up the DagBag from /opt/airflow/dags/1-bashoperator.py
[2024-09-04 23:35:05,564] {processor.py:651} INFO - DAG(s) dict_keys(['bashoperator']) retrieved from /opt/airflow/dags/1-bashoperator.py
[2024-09-04 23:35:05,591] {logging_mixin.py:115} INFO - [2024-09-04 23:35:05,590] {dag.py:2420} INFO - Sync 1 DAGs
[2024-09-04 23:35:05,610] {logging_mixin.py:115} INFO - [2024-09-04 23:35:05,610] {dag.py:2972} INFO - Setting next_dagrun for bashoperator to 2024-05-15T00:00:00+00:00, run_after=2024-05-16T00:00:00+00:00
[2024-09-04 23:35:05,621] {processor.py:161} INFO - Processing /opt/airflow/dags/1-bashoperator.py took 0.068 seconds
[2024-09-04 23:35:36,117] {processor.py:153} INFO - Started process (PID=12587) to work on /opt/airflow/dags/1-bashoperator.py
[2024-09-04 23:35:36,118] {processor.py:641} INFO - Processing file /opt/airflow/dags/1-bashoperator.py for tasks to queue
[2024-09-04 23:35:36,118] {logging_mixin.py:115} INFO - [2024-09-04 23:35:36,118] {dagbag.py:508} INFO - Filling up the DagBag from /opt/airflow/dags/1-bashoperator.py
[2024-09-04 23:35:36,123] {processor.py:651} INFO - DAG(s) dict_keys(['bashoperator']) retrieved from /opt/airflow/dags/1-bashoperator.py
[2024-09-04 23:35:36,149] {logging_mixin.py:115} INFO - [2024-09-04 23:35:36,148] {dag.py:2420} INFO - Sync 1 DAGs
[2024-09-04 23:35:36,171] {logging_mixin.py:115} INFO - [2024-09-04 23:35:36,171] {dag.py:2972} INFO - Setting next_dagrun for bashoperator to 2024-05-15T00:00:00+00:00, run_after=2024-05-16T00:00:00+00:00
[2024-09-04 23:35:36,185] {processor.py:161} INFO - Processing /opt/airflow/dags/1-bashoperator.py took 0.070 seconds
[2024-09-04 23:36:06,780] {processor.py:153} INFO - Started process (PID=12619) to work on /opt/airflow/dags/1-bashoperator.py
[2024-09-04 23:36:06,781] {processor.py:641} INFO - Processing file /opt/airflow/dags/1-bashoperator.py for tasks to queue
[2024-09-04 23:36:06,781] {logging_mixin.py:115} INFO - [2024-09-04 23:36:06,781] {dagbag.py:508} INFO - Filling up the DagBag from /opt/airflow/dags/1-bashoperator.py
[2024-09-04 23:36:06,786] {processor.py:651} INFO - DAG(s) dict_keys(['bashoperator']) retrieved from /opt/airflow/dags/1-bashoperator.py
[2024-09-04 23:36:06,810] {logging_mixin.py:115} INFO - [2024-09-04 23:36:06,810] {dag.py:2420} INFO - Sync 1 DAGs
[2024-09-04 23:36:06,833] {logging_mixin.py:115} INFO - [2024-09-04 23:36:06,833] {dag.py:2972} INFO - Setting next_dagrun for bashoperator to 2024-05-15T00:00:00+00:00, run_after=2024-05-16T00:00:00+00:00
[2024-09-04 23:36:06,846] {processor.py:161} INFO - Processing /opt/airflow/dags/1-bashoperator.py took 0.071 seconds
[2024-09-04 23:36:37,479] {processor.py:153} INFO - Started process (PID=12658) to work on /opt/airflow/dags/1-bashoperator.py
[2024-09-04 23:36:37,479] {processor.py:641} INFO - Processing file /opt/airflow/dags/1-bashoperator.py for tasks to queue
[2024-09-04 23:36:37,480] {logging_mixin.py:115} INFO - [2024-09-04 23:36:37,480] {dagbag.py:508} INFO - Filling up the DagBag from /opt/airflow/dags/1-bashoperator.py
[2024-09-04 23:36:37,487] {processor.py:651} INFO - DAG(s) dict_keys(['bashoperator']) retrieved from /opt/airflow/dags/1-bashoperator.py
[2024-09-04 23:36:37,522] {logging_mixin.py:115} INFO - [2024-09-04 23:36:37,522] {dag.py:2420} INFO - Sync 1 DAGs
[2024-09-04 23:36:37,546] {logging_mixin.py:115} INFO - [2024-09-04 23:36:37,546] {dag.py:2972} INFO - Setting next_dagrun for bashoperator to 2024-05-15T00:00:00+00:00, run_after=2024-05-16T00:00:00+00:00
[2024-09-04 23:36:37,560] {processor.py:161} INFO - Processing /opt/airflow/dags/1-bashoperator.py took 0.084 seconds
[2024-09-04 23:37:08,123] {processor.py:153} INFO - Started process (PID=12697) to work on /opt/airflow/dags/1-bashoperator.py
[2024-09-04 23:37:08,125] {processor.py:641} INFO - Processing file /opt/airflow/dags/1-bashoperator.py for tasks to queue
[2024-09-04 23:37:08,126] {logging_mixin.py:115} INFO - [2024-09-04 23:37:08,126] {dagbag.py:508} INFO - Filling up the DagBag from /opt/airflow/dags/1-bashoperator.py
[2024-09-04 23:37:08,135] {processor.py:651} INFO - DAG(s) dict_keys(['bashoperator']) retrieved from /opt/airflow/dags/1-bashoperator.py
[2024-09-04 23:37:08,158] {logging_mixin.py:115} INFO - [2024-09-04 23:37:08,158] {dag.py:2420} INFO - Sync 1 DAGs
[2024-09-04 23:37:08,177] {logging_mixin.py:115} INFO - [2024-09-04 23:37:08,176] {dag.py:2972} INFO - Setting next_dagrun for bashoperator to 2024-05-15T00:00:00+00:00, run_after=2024-05-16T00:00:00+00:00
[2024-09-04 23:37:08,190] {processor.py:161} INFO - Processing /opt/airflow/dags/1-bashoperator.py took 0.071 seconds
[2024-09-04 23:37:38,829] {processor.py:153} INFO - Started process (PID=12736) to work on /opt/airflow/dags/1-bashoperator.py
[2024-09-04 23:37:38,830] {processor.py:641} INFO - Processing file /opt/airflow/dags/1-bashoperator.py for tasks to queue
[2024-09-04 23:37:38,831] {logging_mixin.py:115} INFO - [2024-09-04 23:37:38,831] {dagbag.py:508} INFO - Filling up the DagBag from /opt/airflow/dags/1-bashoperator.py
[2024-09-04 23:37:38,839] {processor.py:651} INFO - DAG(s) dict_keys(['bashoperator']) retrieved from /opt/airflow/dags/1-bashoperator.py
[2024-09-04 23:37:38,877] {logging_mixin.py:115} INFO - [2024-09-04 23:37:38,877] {dag.py:2420} INFO - Sync 1 DAGs
[2024-09-04 23:37:38,898] {logging_mixin.py:115} INFO - [2024-09-04 23:37:38,898] {dag.py:2972} INFO - Setting next_dagrun for bashoperator to 2024-05-15T00:00:00+00:00, run_after=2024-05-16T00:00:00+00:00
[2024-09-04 23:37:38,916] {processor.py:161} INFO - Processing /opt/airflow/dags/1-bashoperator.py took 0.092 seconds
[2024-09-04 23:38:09,614] {processor.py:153} INFO - Started process (PID=12766) to work on /opt/airflow/dags/1-bashoperator.py
[2024-09-04 23:38:09,614] {processor.py:641} INFO - Processing file /opt/airflow/dags/1-bashoperator.py for tasks to queue
[2024-09-04 23:38:09,615] {logging_mixin.py:115} INFO - [2024-09-04 23:38:09,615] {dagbag.py:508} INFO - Filling up the DagBag from /opt/airflow/dags/1-bashoperator.py
[2024-09-04 23:38:09,622] {processor.py:651} INFO - DAG(s) dict_keys(['bashoperator']) retrieved from /opt/airflow/dags/1-bashoperator.py
[2024-09-04 23:38:09,650] {logging_mixin.py:115} INFO - [2024-09-04 23:38:09,650] {dag.py:2420} INFO - Sync 1 DAGs
[2024-09-04 23:38:09,672] {logging_mixin.py:115} INFO - [2024-09-04 23:38:09,672] {dag.py:2972} INFO - Setting next_dagrun for bashoperator to 2024-05-15T00:00:00+00:00, run_after=2024-05-16T00:00:00+00:00
[2024-09-04 23:38:09,684] {processor.py:161} INFO - Processing /opt/airflow/dags/1-bashoperator.py took 0.073 seconds
[2024-09-04 23:38:40,306] {processor.py:153} INFO - Started process (PID=12805) to work on /opt/airflow/dags/1-bashoperator.py
[2024-09-04 23:38:40,306] {processor.py:641} INFO - Processing file /opt/airflow/dags/1-bashoperator.py for tasks to queue
[2024-09-04 23:38:40,307] {logging_mixin.py:115} INFO - [2024-09-04 23:38:40,307] {dagbag.py:508} INFO - Filling up the DagBag from /opt/airflow/dags/1-bashoperator.py
[2024-09-04 23:38:40,314] {processor.py:651} INFO - DAG(s) dict_keys(['bashoperator']) retrieved from /opt/airflow/dags/1-bashoperator.py
[2024-09-04 23:38:40,339] {logging_mixin.py:115} INFO - [2024-09-04 23:38:40,339] {dag.py:2420} INFO - Sync 1 DAGs
[2024-09-04 23:38:40,356] {logging_mixin.py:115} INFO - [2024-09-04 23:38:40,356] {dag.py:2972} INFO - Setting next_dagrun for bashoperator to 2024-05-15T00:00:00+00:00, run_after=2024-05-16T00:00:00+00:00
[2024-09-04 23:38:40,368] {processor.py:161} INFO - Processing /opt/airflow/dags/1-bashoperator.py took 0.066 seconds
[2024-09-04 23:39:10,823] {processor.py:153} INFO - Started process (PID=12843) to work on /opt/airflow/dags/1-bashoperator.py
[2024-09-04 23:39:10,824] {processor.py:641} INFO - Processing file /opt/airflow/dags/1-bashoperator.py for tasks to queue
[2024-09-04 23:39:10,824] {logging_mixin.py:115} INFO - [2024-09-04 23:39:10,824] {dagbag.py:508} INFO - Filling up the DagBag from /opt/airflow/dags/1-bashoperator.py
[2024-09-04 23:39:10,830] {processor.py:651} INFO - DAG(s) dict_keys(['bashoperator']) retrieved from /opt/airflow/dags/1-bashoperator.py
[2024-09-04 23:39:10,847] {logging_mixin.py:115} INFO - [2024-09-04 23:39:10,847] {dag.py:2420} INFO - Sync 1 DAGs
[2024-09-04 23:39:10,860] {logging_mixin.py:115} INFO - [2024-09-04 23:39:10,860] {dag.py:2972} INFO - Setting next_dagrun for bashoperator to 2024-05-15T00:00:00+00:00, run_after=2024-05-16T00:00:00+00:00
[2024-09-04 23:39:10,868] {processor.py:161} INFO - Processing /opt/airflow/dags/1-bashoperator.py took 0.047 seconds
[2024-09-04 23:39:41,399] {processor.py:153} INFO - Started process (PID=12882) to work on /opt/airflow/dags/1-bashoperator.py
[2024-09-04 23:39:41,399] {processor.py:641} INFO - Processing file /opt/airflow/dags/1-bashoperator.py for tasks to queue
[2024-09-04 23:39:41,400] {logging_mixin.py:115} INFO - [2024-09-04 23:39:41,400] {dagbag.py:508} INFO - Filling up the DagBag from /opt/airflow/dags/1-bashoperator.py
[2024-09-04 23:39:41,404] {processor.py:651} INFO - DAG(s) dict_keys(['bashoperator']) retrieved from /opt/airflow/dags/1-bashoperator.py
[2024-09-04 23:39:41,420] {logging_mixin.py:115} INFO - [2024-09-04 23:39:41,420] {dag.py:2420} INFO - Sync 1 DAGs
[2024-09-04 23:39:41,433] {logging_mixin.py:115} INFO - [2024-09-04 23:39:41,433] {dag.py:2972} INFO - Setting next_dagrun for bashoperator to 2024-05-15T00:00:00+00:00, run_after=2024-05-16T00:00:00+00:00
[2024-09-04 23:39:41,443] {processor.py:161} INFO - Processing /opt/airflow/dags/1-bashoperator.py took 0.046 seconds
[2024-09-04 23:40:11,938] {processor.py:153} INFO - Started process (PID=12911) to work on /opt/airflow/dags/1-bashoperator.py
[2024-09-04 23:40:11,938] {processor.py:641} INFO - Processing file /opt/airflow/dags/1-bashoperator.py for tasks to queue
[2024-09-04 23:40:11,939] {logging_mixin.py:115} INFO - [2024-09-04 23:40:11,939] {dagbag.py:508} INFO - Filling up the DagBag from /opt/airflow/dags/1-bashoperator.py
[2024-09-04 23:40:11,943] {processor.py:651} INFO - DAG(s) dict_keys(['bashoperator']) retrieved from /opt/airflow/dags/1-bashoperator.py
[2024-09-04 23:40:11,964] {logging_mixin.py:115} INFO - [2024-09-04 23:40:11,963] {dag.py:2420} INFO - Sync 1 DAGs
[2024-09-04 23:40:11,979] {logging_mixin.py:115} INFO - [2024-09-04 23:40:11,979] {dag.py:2972} INFO - Setting next_dagrun for bashoperator to 2024-05-15T00:00:00+00:00, run_after=2024-05-16T00:00:00+00:00
[2024-09-04 23:40:11,988] {processor.py:161} INFO - Processing /opt/airflow/dags/1-bashoperator.py took 0.052 seconds
[2024-09-04 23:40:42,463] {processor.py:153} INFO - Started process (PID=12950) to work on /opt/airflow/dags/1-bashoperator.py
[2024-09-04 23:40:42,463] {processor.py:641} INFO - Processing file /opt/airflow/dags/1-bashoperator.py for tasks to queue
[2024-09-04 23:40:42,463] {logging_mixin.py:115} INFO - [2024-09-04 23:40:42,463] {dagbag.py:508} INFO - Filling up the DagBag from /opt/airflow/dags/1-bashoperator.py
[2024-09-04 23:40:42,467] {processor.py:651} INFO - DAG(s) dict_keys(['bashoperator']) retrieved from /opt/airflow/dags/1-bashoperator.py
[2024-09-04 23:40:42,484] {logging_mixin.py:115} INFO - [2024-09-04 23:40:42,484] {dag.py:2420} INFO - Sync 1 DAGs
[2024-09-04 23:40:42,498] {logging_mixin.py:115} INFO - [2024-09-04 23:40:42,498] {dag.py:2972} INFO - Setting next_dagrun for bashoperator to 2024-05-15T00:00:00+00:00, run_after=2024-05-16T00:00:00+00:00
[2024-09-04 23:40:42,507] {processor.py:161} INFO - Processing /opt/airflow/dags/1-bashoperator.py took 0.046 seconds
[2024-09-04 23:41:13,027] {processor.py:153} INFO - Started process (PID=12989) to work on /opt/airflow/dags/1-bashoperator.py
[2024-09-04 23:41:13,027] {processor.py:641} INFO - Processing file /opt/airflow/dags/1-bashoperator.py for tasks to queue
[2024-09-04 23:41:13,028] {logging_mixin.py:115} INFO - [2024-09-04 23:41:13,028] {dagbag.py:508} INFO - Filling up the DagBag from /opt/airflow/dags/1-bashoperator.py
[2024-09-04 23:41:13,032] {processor.py:651} INFO - DAG(s) dict_keys(['bashoperator']) retrieved from /opt/airflow/dags/1-bashoperator.py
[2024-09-04 23:41:13,049] {logging_mixin.py:115} INFO - [2024-09-04 23:41:13,049] {dag.py:2420} INFO - Sync 1 DAGs
[2024-09-04 23:41:13,063] {logging_mixin.py:115} INFO - [2024-09-04 23:41:13,063] {dag.py:2972} INFO - Setting next_dagrun for bashoperator to 2024-05-15T00:00:00+00:00, run_after=2024-05-16T00:00:00+00:00
[2024-09-04 23:41:13,071] {processor.py:161} INFO - Processing /opt/airflow/dags/1-bashoperator.py took 0.047 seconds
[2024-09-04 23:41:43,627] {processor.py:153} INFO - Started process (PID=13028) to work on /opt/airflow/dags/1-bashoperator.py
[2024-09-04 23:41:43,627] {processor.py:641} INFO - Processing file /opt/airflow/dags/1-bashoperator.py for tasks to queue
[2024-09-04 23:41:43,628] {logging_mixin.py:115} INFO - [2024-09-04 23:41:43,628] {dagbag.py:508} INFO - Filling up the DagBag from /opt/airflow/dags/1-bashoperator.py
[2024-09-04 23:41:43,632] {processor.py:651} INFO - DAG(s) dict_keys(['bashoperator']) retrieved from /opt/airflow/dags/1-bashoperator.py
[2024-09-04 23:41:43,653] {logging_mixin.py:115} INFO - [2024-09-04 23:41:43,653] {dag.py:2420} INFO - Sync 1 DAGs
[2024-09-04 23:41:43,670] {logging_mixin.py:115} INFO - [2024-09-04 23:41:43,670] {dag.py:2972} INFO - Setting next_dagrun for bashoperator to 2024-05-15T00:00:00+00:00, run_after=2024-05-16T00:00:00+00:00
[2024-09-04 23:41:43,682] {processor.py:161} INFO - Processing /opt/airflow/dags/1-bashoperator.py took 0.057 seconds
[2024-09-04 23:42:14,207] {processor.py:153} INFO - Started process (PID=13066) to work on /opt/airflow/dags/1-bashoperator.py
[2024-09-04 23:42:14,207] {processor.py:641} INFO - Processing file /opt/airflow/dags/1-bashoperator.py for tasks to queue
[2024-09-04 23:42:14,208] {logging_mixin.py:115} INFO - [2024-09-04 23:42:14,208] {dagbag.py:508} INFO - Filling up the DagBag from /opt/airflow/dags/1-bashoperator.py
[2024-09-04 23:42:14,212] {processor.py:651} INFO - DAG(s) dict_keys(['bashoperator']) retrieved from /opt/airflow/dags/1-bashoperator.py
[2024-09-04 23:42:14,234] {logging_mixin.py:115} INFO - [2024-09-04 23:42:14,234] {dag.py:2420} INFO - Sync 1 DAGs
[2024-09-04 23:42:14,252] {logging_mixin.py:115} INFO - [2024-09-04 23:42:14,252] {dag.py:2972} INFO - Setting next_dagrun for bashoperator to 2024-05-15T00:00:00+00:00, run_after=2024-05-16T00:00:00+00:00
[2024-09-04 23:42:14,264] {processor.py:161} INFO - Processing /opt/airflow/dags/1-bashoperator.py took 0.060 seconds
[2024-09-04 23:42:44,855] {processor.py:153} INFO - Started process (PID=13096) to work on /opt/airflow/dags/1-bashoperator.py
[2024-09-04 23:42:44,856] {processor.py:641} INFO - Processing file /opt/airflow/dags/1-bashoperator.py for tasks to queue
[2024-09-04 23:42:44,856] {logging_mixin.py:115} INFO - [2024-09-04 23:42:44,856] {dagbag.py:508} INFO - Filling up the DagBag from /opt/airflow/dags/1-bashoperator.py
[2024-09-04 23:42:44,862] {processor.py:651} INFO - DAG(s) dict_keys(['bashoperator']) retrieved from /opt/airflow/dags/1-bashoperator.py
[2024-09-04 23:42:44,894] {logging_mixin.py:115} INFO - [2024-09-04 23:42:44,894] {dag.py:2420} INFO - Sync 1 DAGs
[2024-09-04 23:42:44,928] {logging_mixin.py:115} INFO - [2024-09-04 23:42:44,927] {dag.py:2972} INFO - Setting next_dagrun for bashoperator to 2024-05-15T00:00:00+00:00, run_after=2024-05-16T00:00:00+00:00
[2024-09-04 23:42:44,948] {processor.py:161} INFO - Processing /opt/airflow/dags/1-bashoperator.py took 0.096 seconds
[2024-09-04 23:43:15,506] {processor.py:153} INFO - Started process (PID=13135) to work on /opt/airflow/dags/1-bashoperator.py
[2024-09-04 23:43:15,506] {processor.py:641} INFO - Processing file /opt/airflow/dags/1-bashoperator.py for tasks to queue
[2024-09-04 23:43:15,507] {logging_mixin.py:115} INFO - [2024-09-04 23:43:15,507] {dagbag.py:508} INFO - Filling up the DagBag from /opt/airflow/dags/1-bashoperator.py
[2024-09-04 23:43:15,514] {processor.py:651} INFO - DAG(s) dict_keys(['bashoperator']) retrieved from /opt/airflow/dags/1-bashoperator.py
[2024-09-04 23:43:15,536] {logging_mixin.py:115} INFO - [2024-09-04 23:43:15,536] {dag.py:2420} INFO - Sync 1 DAGs
[2024-09-04 23:43:15,554] {logging_mixin.py:115} INFO - [2024-09-04 23:43:15,554] {dag.py:2972} INFO - Setting next_dagrun for bashoperator to 2024-05-15T00:00:00+00:00, run_after=2024-05-16T00:00:00+00:00
[2024-09-04 23:43:15,564] {processor.py:161} INFO - Processing /opt/airflow/dags/1-bashoperator.py took 0.061 seconds
[2024-09-04 23:43:46,217] {processor.py:153} INFO - Started process (PID=13174) to work on /opt/airflow/dags/1-bashoperator.py
[2024-09-04 23:43:46,218] {processor.py:641} INFO - Processing file /opt/airflow/dags/1-bashoperator.py for tasks to queue
[2024-09-04 23:43:46,218] {logging_mixin.py:115} INFO - [2024-09-04 23:43:46,218] {dagbag.py:508} INFO - Filling up the DagBag from /opt/airflow/dags/1-bashoperator.py
[2024-09-04 23:43:46,224] {processor.py:651} INFO - DAG(s) dict_keys(['bashoperator']) retrieved from /opt/airflow/dags/1-bashoperator.py
[2024-09-04 23:43:46,251] {logging_mixin.py:115} INFO - [2024-09-04 23:43:46,251] {dag.py:2420} INFO - Sync 1 DAGs
[2024-09-04 23:43:46,270] {logging_mixin.py:115} INFO - [2024-09-04 23:43:46,270] {dag.py:2972} INFO - Setting next_dagrun for bashoperator to 2024-05-15T00:00:00+00:00, run_after=2024-05-16T00:00:00+00:00
[2024-09-04 23:43:46,283] {processor.py:161} INFO - Processing /opt/airflow/dags/1-bashoperator.py took 0.070 seconds
[2024-09-04 23:44:16,853] {processor.py:153} INFO - Started process (PID=13213) to work on /opt/airflow/dags/1-bashoperator.py
[2024-09-04 23:44:16,854] {processor.py:641} INFO - Processing file /opt/airflow/dags/1-bashoperator.py for tasks to queue
[2024-09-04 23:44:16,855] {logging_mixin.py:115} INFO - [2024-09-04 23:44:16,854] {dagbag.py:508} INFO - Filling up the DagBag from /opt/airflow/dags/1-bashoperator.py
[2024-09-04 23:44:16,861] {processor.py:651} INFO - DAG(s) dict_keys(['bashoperator']) retrieved from /opt/airflow/dags/1-bashoperator.py
[2024-09-04 23:44:16,891] {logging_mixin.py:115} INFO - [2024-09-04 23:44:16,891] {dag.py:2420} INFO - Sync 1 DAGs
[2024-09-04 23:44:16,910] {logging_mixin.py:115} INFO - [2024-09-04 23:44:16,910] {dag.py:2972} INFO - Setting next_dagrun for bashoperator to 2024-05-15T00:00:00+00:00, run_after=2024-05-16T00:00:00+00:00
[2024-09-04 23:44:16,922] {processor.py:161} INFO - Processing /opt/airflow/dags/1-bashoperator.py took 0.072 seconds
[2024-09-04 23:44:47,490] {processor.py:153} INFO - Started process (PID=13252) to work on /opt/airflow/dags/1-bashoperator.py
[2024-09-04 23:44:47,491] {processor.py:641} INFO - Processing file /opt/airflow/dags/1-bashoperator.py for tasks to queue
[2024-09-04 23:44:47,491] {logging_mixin.py:115} INFO - [2024-09-04 23:44:47,491] {dagbag.py:508} INFO - Filling up the DagBag from /opt/airflow/dags/1-bashoperator.py
[2024-09-04 23:44:47,500] {processor.py:651} INFO - DAG(s) dict_keys(['bashoperator']) retrieved from /opt/airflow/dags/1-bashoperator.py
[2024-09-04 23:44:47,530] {logging_mixin.py:115} INFO - [2024-09-04 23:44:47,530] {dag.py:2420} INFO - Sync 1 DAGs
[2024-09-04 23:44:47,552] {logging_mixin.py:115} INFO - [2024-09-04 23:44:47,552] {dag.py:2972} INFO - Setting next_dagrun for bashoperator to 2024-05-15T00:00:00+00:00, run_after=2024-05-16T00:00:00+00:00
[2024-09-04 23:44:47,569] {processor.py:161} INFO - Processing /opt/airflow/dags/1-bashoperator.py took 0.082 seconds
[2024-09-04 23:45:18,234] {processor.py:153} INFO - Started process (PID=13282) to work on /opt/airflow/dags/1-bashoperator.py
[2024-09-04 23:45:18,235] {processor.py:641} INFO - Processing file /opt/airflow/dags/1-bashoperator.py for tasks to queue
[2024-09-04 23:45:18,240] {logging_mixin.py:115} INFO - [2024-09-04 23:45:18,239] {dagbag.py:508} INFO - Filling up the DagBag from /opt/airflow/dags/1-bashoperator.py
[2024-09-04 23:45:18,245] {processor.py:651} INFO - DAG(s) dict_keys(['bashoperator']) retrieved from /opt/airflow/dags/1-bashoperator.py
[2024-09-04 23:45:18,270] {logging_mixin.py:115} INFO - [2024-09-04 23:45:18,270] {dag.py:2420} INFO - Sync 1 DAGs
[2024-09-04 23:45:18,289] {logging_mixin.py:115} INFO - [2024-09-04 23:45:18,289] {dag.py:2972} INFO - Setting next_dagrun for bashoperator to 2024-05-15T00:00:00+00:00, run_after=2024-05-16T00:00:00+00:00
[2024-09-04 23:45:18,299] {processor.py:161} INFO - Processing /opt/airflow/dags/1-bashoperator.py took 0.071 seconds
[2024-09-04 23:45:48,932] {processor.py:153} INFO - Started process (PID=13321) to work on /opt/airflow/dags/1-bashoperator.py
[2024-09-04 23:45:48,932] {processor.py:641} INFO - Processing file /opt/airflow/dags/1-bashoperator.py for tasks to queue
[2024-09-04 23:45:48,933] {logging_mixin.py:115} INFO - [2024-09-04 23:45:48,933] {dagbag.py:508} INFO - Filling up the DagBag from /opt/airflow/dags/1-bashoperator.py
[2024-09-04 23:45:48,941] {processor.py:651} INFO - DAG(s) dict_keys(['bashoperator']) retrieved from /opt/airflow/dags/1-bashoperator.py
[2024-09-04 23:45:48,973] {logging_mixin.py:115} INFO - [2024-09-04 23:45:48,973] {dag.py:2420} INFO - Sync 1 DAGs
[2024-09-04 23:45:48,999] {logging_mixin.py:115} INFO - [2024-09-04 23:45:48,999] {dag.py:2972} INFO - Setting next_dagrun for bashoperator to 2024-05-15T00:00:00+00:00, run_after=2024-05-16T00:00:00+00:00
[2024-09-04 23:45:49,020] {processor.py:161} INFO - Processing /opt/airflow/dags/1-bashoperator.py took 0.095 seconds
[2024-09-04 23:46:19,674] {processor.py:153} INFO - Started process (PID=13360) to work on /opt/airflow/dags/1-bashoperator.py
[2024-09-04 23:46:19,675] {processor.py:641} INFO - Processing file /opt/airflow/dags/1-bashoperator.py for tasks to queue
[2024-09-04 23:46:19,675] {logging_mixin.py:115} INFO - [2024-09-04 23:46:19,675] {dagbag.py:508} INFO - Filling up the DagBag from /opt/airflow/dags/1-bashoperator.py
[2024-09-04 23:46:19,681] {processor.py:651} INFO - DAG(s) dict_keys(['bashoperator']) retrieved from /opt/airflow/dags/1-bashoperator.py
[2024-09-04 23:46:19,703] {logging_mixin.py:115} INFO - [2024-09-04 23:46:19,703] {dag.py:2420} INFO - Sync 1 DAGs
[2024-09-04 23:46:19,721] {logging_mixin.py:115} INFO - [2024-09-04 23:46:19,721] {dag.py:2972} INFO - Setting next_dagrun for bashoperator to 2024-05-15T00:00:00+00:00, run_after=2024-05-16T00:00:00+00:00
[2024-09-04 23:46:19,733] {processor.py:161} INFO - Processing /opt/airflow/dags/1-bashoperator.py took 0.062 seconds
[2024-09-04 23:46:50,389] {processor.py:153} INFO - Started process (PID=13398) to work on /opt/airflow/dags/1-bashoperator.py
[2024-09-04 23:46:50,390] {processor.py:641} INFO - Processing file /opt/airflow/dags/1-bashoperator.py for tasks to queue
[2024-09-04 23:46:50,390] {logging_mixin.py:115} INFO - [2024-09-04 23:46:50,390] {dagbag.py:508} INFO - Filling up the DagBag from /opt/airflow/dags/1-bashoperator.py
[2024-09-04 23:46:50,396] {processor.py:651} INFO - DAG(s) dict_keys(['bashoperator']) retrieved from /opt/airflow/dags/1-bashoperator.py
[2024-09-04 23:46:50,423] {logging_mixin.py:115} INFO - [2024-09-04 23:46:50,423] {dag.py:2420} INFO - Sync 1 DAGs
[2024-09-04 23:46:50,451] {logging_mixin.py:115} INFO - [2024-09-04 23:46:50,450] {dag.py:2972} INFO - Setting next_dagrun for bashoperator to 2024-05-15T00:00:00+00:00, run_after=2024-05-16T00:00:00+00:00
[2024-09-04 23:46:50,471] {processor.py:161} INFO - Processing /opt/airflow/dags/1-bashoperator.py took 0.086 seconds
[2024-09-04 23:47:21,018] {processor.py:153} INFO - Started process (PID=13428) to work on /opt/airflow/dags/1-bashoperator.py
[2024-09-04 23:47:21,018] {processor.py:641} INFO - Processing file /opt/airflow/dags/1-bashoperator.py for tasks to queue
[2024-09-04 23:47:21,019] {logging_mixin.py:115} INFO - [2024-09-04 23:47:21,019] {dagbag.py:508} INFO - Filling up the DagBag from /opt/airflow/dags/1-bashoperator.py
[2024-09-04 23:47:21,023] {processor.py:651} INFO - DAG(s) dict_keys(['bashoperator']) retrieved from /opt/airflow/dags/1-bashoperator.py
[2024-09-04 23:47:21,049] {logging_mixin.py:115} INFO - [2024-09-04 23:47:21,049] {dag.py:2420} INFO - Sync 1 DAGs
[2024-09-04 23:47:21,067] {logging_mixin.py:115} INFO - [2024-09-04 23:47:21,067] {dag.py:2972} INFO - Setting next_dagrun for bashoperator to 2024-05-15T00:00:00+00:00, run_after=2024-05-16T00:00:00+00:00
[2024-09-04 23:47:21,077] {processor.py:161} INFO - Processing /opt/airflow/dags/1-bashoperator.py took 0.062 seconds
[2024-09-04 23:47:51,615] {processor.py:153} INFO - Started process (PID=13467) to work on /opt/airflow/dags/1-bashoperator.py
[2024-09-04 23:47:51,616] {processor.py:641} INFO - Processing file /opt/airflow/dags/1-bashoperator.py for tasks to queue
[2024-09-04 23:47:51,616] {logging_mixin.py:115} INFO - [2024-09-04 23:47:51,616] {dagbag.py:508} INFO - Filling up the DagBag from /opt/airflow/dags/1-bashoperator.py
[2024-09-04 23:47:51,624] {processor.py:651} INFO - DAG(s) dict_keys(['bashoperator']) retrieved from /opt/airflow/dags/1-bashoperator.py
[2024-09-04 23:47:51,651] {logging_mixin.py:115} INFO - [2024-09-04 23:47:51,651] {dag.py:2420} INFO - Sync 1 DAGs
[2024-09-04 23:47:51,670] {logging_mixin.py:115} INFO - [2024-09-04 23:47:51,670] {dag.py:2972} INFO - Setting next_dagrun for bashoperator to 2024-05-15T00:00:00+00:00, run_after=2024-05-16T00:00:00+00:00
[2024-09-04 23:47:51,683] {processor.py:161} INFO - Processing /opt/airflow/dags/1-bashoperator.py took 0.070 seconds
[2024-09-04 23:48:22,295] {processor.py:153} INFO - Started process (PID=13506) to work on /opt/airflow/dags/1-bashoperator.py
[2024-09-04 23:48:22,295] {processor.py:641} INFO - Processing file /opt/airflow/dags/1-bashoperator.py for tasks to queue
[2024-09-04 23:48:22,296] {logging_mixin.py:115} INFO - [2024-09-04 23:48:22,296] {dagbag.py:508} INFO - Filling up the DagBag from /opt/airflow/dags/1-bashoperator.py
[2024-09-04 23:48:22,303] {processor.py:651} INFO - DAG(s) dict_keys(['bashoperator']) retrieved from /opt/airflow/dags/1-bashoperator.py
[2024-09-04 23:48:22,329] {logging_mixin.py:115} INFO - [2024-09-04 23:48:22,329] {dag.py:2420} INFO - Sync 1 DAGs
[2024-09-04 23:48:22,349] {logging_mixin.py:115} INFO - [2024-09-04 23:48:22,349] {dag.py:2972} INFO - Setting next_dagrun for bashoperator to 2024-05-15T00:00:00+00:00, run_after=2024-05-16T00:00:00+00:00
[2024-09-04 23:48:22,363] {processor.py:161} INFO - Processing /opt/airflow/dags/1-bashoperator.py took 0.073 seconds
[2024-09-04 23:48:52,976] {processor.py:153} INFO - Started process (PID=13545) to work on /opt/airflow/dags/1-bashoperator.py
[2024-09-04 23:48:52,977] {processor.py:641} INFO - Processing file /opt/airflow/dags/1-bashoperator.py for tasks to queue
[2024-09-04 23:48:52,977] {logging_mixin.py:115} INFO - [2024-09-04 23:48:52,977] {dagbag.py:508} INFO - Filling up the DagBag from /opt/airflow/dags/1-bashoperator.py
[2024-09-04 23:48:52,983] {processor.py:651} INFO - DAG(s) dict_keys(['bashoperator']) retrieved from /opt/airflow/dags/1-bashoperator.py
[2024-09-04 23:48:53,005] {logging_mixin.py:115} INFO - [2024-09-04 23:48:53,004] {dag.py:2420} INFO - Sync 1 DAGs
[2024-09-04 23:48:53,026] {logging_mixin.py:115} INFO - [2024-09-04 23:48:53,026] {dag.py:2972} INFO - Setting next_dagrun for bashoperator to 2024-05-15T00:00:00+00:00, run_after=2024-05-16T00:00:00+00:00
[2024-09-04 23:48:53,038] {processor.py:161} INFO - Processing /opt/airflow/dags/1-bashoperator.py took 0.066 seconds
[2024-09-04 23:49:23,635] {processor.py:153} INFO - Started process (PID=13575) to work on /opt/airflow/dags/1-bashoperator.py
[2024-09-04 23:49:23,636] {processor.py:641} INFO - Processing file /opt/airflow/dags/1-bashoperator.py for tasks to queue
[2024-09-04 23:49:23,636] {logging_mixin.py:115} INFO - [2024-09-04 23:49:23,636] {dagbag.py:508} INFO - Filling up the DagBag from /opt/airflow/dags/1-bashoperator.py
[2024-09-04 23:49:23,641] {processor.py:651} INFO - DAG(s) dict_keys(['bashoperator']) retrieved from /opt/airflow/dags/1-bashoperator.py
[2024-09-04 23:49:23,663] {logging_mixin.py:115} INFO - [2024-09-04 23:49:23,662] {dag.py:2420} INFO - Sync 1 DAGs
[2024-09-04 23:49:23,684] {logging_mixin.py:115} INFO - [2024-09-04 23:49:23,684] {dag.py:2972} INFO - Setting next_dagrun for bashoperator to 2024-05-15T00:00:00+00:00, run_after=2024-05-16T00:00:00+00:00
[2024-09-04 23:49:23,699] {processor.py:161} INFO - Processing /opt/airflow/dags/1-bashoperator.py took 0.067 seconds
[2024-09-04 23:49:54,180] {processor.py:153} INFO - Started process (PID=13614) to work on /opt/airflow/dags/1-bashoperator.py
[2024-09-04 23:49:54,181] {processor.py:641} INFO - Processing file /opt/airflow/dags/1-bashoperator.py for tasks to queue
[2024-09-04 23:49:54,181] {logging_mixin.py:115} INFO - [2024-09-04 23:49:54,181] {dagbag.py:508} INFO - Filling up the DagBag from /opt/airflow/dags/1-bashoperator.py
[2024-09-04 23:49:54,185] {processor.py:651} INFO - DAG(s) dict_keys(['bashoperator']) retrieved from /opt/airflow/dags/1-bashoperator.py
[2024-09-04 23:49:54,205] {logging_mixin.py:115} INFO - [2024-09-04 23:49:54,205] {dag.py:2420} INFO - Sync 1 DAGs
[2024-09-04 23:49:54,224] {logging_mixin.py:115} INFO - [2024-09-04 23:49:54,223] {dag.py:2972} INFO - Setting next_dagrun for bashoperator to 2024-05-15T00:00:00+00:00, run_after=2024-05-16T00:00:00+00:00
[2024-09-04 23:49:54,235] {processor.py:161} INFO - Processing /opt/airflow/dags/1-bashoperator.py took 0.057 seconds
[2024-09-04 23:50:24,835] {processor.py:153} INFO - Started process (PID=13653) to work on /opt/airflow/dags/1-bashoperator.py
[2024-09-04 23:50:24,837] {processor.py:641} INFO - Processing file /opt/airflow/dags/1-bashoperator.py for tasks to queue
[2024-09-04 23:50:24,839] {logging_mixin.py:115} INFO - [2024-09-04 23:50:24,839] {dagbag.py:508} INFO - Filling up the DagBag from /opt/airflow/dags/1-bashoperator.py
[2024-09-04 23:50:24,855] {processor.py:651} INFO - DAG(s) dict_keys(['bashoperator']) retrieved from /opt/airflow/dags/1-bashoperator.py
[2024-09-04 23:50:24,888] {logging_mixin.py:115} INFO - [2024-09-04 23:50:24,888] {dag.py:2420} INFO - Sync 1 DAGs
[2024-09-04 23:50:24,919] {logging_mixin.py:115} INFO - [2024-09-04 23:50:24,918] {dag.py:2972} INFO - Setting next_dagrun for bashoperator to 2024-05-15T00:00:00+00:00, run_after=2024-05-16T00:00:00+00:00
[2024-09-04 23:50:24,933] {processor.py:161} INFO - Processing /opt/airflow/dags/1-bashoperator.py took 0.103 seconds
[2024-09-04 23:50:55,602] {processor.py:153} INFO - Started process (PID=13691) to work on /opt/airflow/dags/1-bashoperator.py
[2024-09-04 23:50:55,603] {processor.py:641} INFO - Processing file /opt/airflow/dags/1-bashoperator.py for tasks to queue
[2024-09-04 23:50:55,605] {logging_mixin.py:115} INFO - [2024-09-04 23:50:55,605] {dagbag.py:508} INFO - Filling up the DagBag from /opt/airflow/dags/1-bashoperator.py
[2024-09-04 23:50:55,612] {processor.py:651} INFO - DAG(s) dict_keys(['bashoperator']) retrieved from /opt/airflow/dags/1-bashoperator.py
[2024-09-04 23:50:55,640] {logging_mixin.py:115} INFO - [2024-09-04 23:50:55,640] {dag.py:2420} INFO - Sync 1 DAGs
[2024-09-04 23:50:55,661] {logging_mixin.py:115} INFO - [2024-09-04 23:50:55,661] {dag.py:2972} INFO - Setting next_dagrun for bashoperator to 2024-05-15T00:00:00+00:00, run_after=2024-05-16T00:00:00+00:00
[2024-09-04 23:50:55,675] {processor.py:161} INFO - Processing /opt/airflow/dags/1-bashoperator.py took 0.076 seconds
[2024-09-04 23:51:26,222] {processor.py:153} INFO - Started process (PID=13721) to work on /opt/airflow/dags/1-bashoperator.py
[2024-09-04 23:51:26,223] {processor.py:641} INFO - Processing file /opt/airflow/dags/1-bashoperator.py for tasks to queue
[2024-09-04 23:51:26,224] {logging_mixin.py:115} INFO - [2024-09-04 23:51:26,224] {dagbag.py:508} INFO - Filling up the DagBag from /opt/airflow/dags/1-bashoperator.py
[2024-09-04 23:51:26,230] {processor.py:651} INFO - DAG(s) dict_keys(['bashoperator']) retrieved from /opt/airflow/dags/1-bashoperator.py
[2024-09-04 23:51:26,251] {logging_mixin.py:115} INFO - [2024-09-04 23:51:26,251] {dag.py:2420} INFO - Sync 1 DAGs
[2024-09-04 23:51:26,269] {logging_mixin.py:115} INFO - [2024-09-04 23:51:26,269] {dag.py:2972} INFO - Setting next_dagrun for bashoperator to 2024-05-15T00:00:00+00:00, run_after=2024-05-16T00:00:00+00:00
[2024-09-04 23:51:26,280] {processor.py:161} INFO - Processing /opt/airflow/dags/1-bashoperator.py took 0.061 seconds
[2024-09-04 23:51:56,867] {processor.py:153} INFO - Started process (PID=13760) to work on /opt/airflow/dags/1-bashoperator.py
[2024-09-04 23:51:56,868] {processor.py:641} INFO - Processing file /opt/airflow/dags/1-bashoperator.py for tasks to queue
[2024-09-04 23:51:56,869] {logging_mixin.py:115} INFO - [2024-09-04 23:51:56,869] {dagbag.py:508} INFO - Filling up the DagBag from /opt/airflow/dags/1-bashoperator.py
[2024-09-04 23:51:56,876] {processor.py:651} INFO - DAG(s) dict_keys(['bashoperator']) retrieved from /opt/airflow/dags/1-bashoperator.py
[2024-09-04 23:51:56,896] {logging_mixin.py:115} INFO - [2024-09-04 23:51:56,896] {dag.py:2420} INFO - Sync 1 DAGs
[2024-09-04 23:51:56,915] {logging_mixin.py:115} INFO - [2024-09-04 23:51:56,915] {dag.py:2972} INFO - Setting next_dagrun for bashoperator to 2024-05-15T00:00:00+00:00, run_after=2024-05-16T00:00:00+00:00
[2024-09-04 23:51:56,926] {processor.py:161} INFO - Processing /opt/airflow/dags/1-bashoperator.py took 0.061 seconds
[2024-09-04 23:52:27,465] {processor.py:153} INFO - Started process (PID=13799) to work on /opt/airflow/dags/1-bashoperator.py
[2024-09-04 23:52:27,466] {processor.py:641} INFO - Processing file /opt/airflow/dags/1-bashoperator.py for tasks to queue
[2024-09-04 23:52:27,466] {logging_mixin.py:115} INFO - [2024-09-04 23:52:27,466] {dagbag.py:508} INFO - Filling up the DagBag from /opt/airflow/dags/1-bashoperator.py
[2024-09-04 23:52:27,470] {processor.py:651} INFO - DAG(s) dict_keys(['bashoperator']) retrieved from /opt/airflow/dags/1-bashoperator.py
[2024-09-04 23:52:27,492] {logging_mixin.py:115} INFO - [2024-09-04 23:52:27,492] {dag.py:2420} INFO - Sync 1 DAGs
[2024-09-04 23:52:27,514] {logging_mixin.py:115} INFO - [2024-09-04 23:52:27,514] {dag.py:2972} INFO - Setting next_dagrun for bashoperator to 2024-05-15T00:00:00+00:00, run_after=2024-05-16T00:00:00+00:00
[2024-09-04 23:52:27,535] {processor.py:161} INFO - Processing /opt/airflow/dags/1-bashoperator.py took 0.071 seconds
[2024-09-04 23:52:58,240] {processor.py:153} INFO - Started process (PID=13838) to work on /opt/airflow/dags/1-bashoperator.py
[2024-09-04 23:52:58,240] {processor.py:641} INFO - Processing file /opt/airflow/dags/1-bashoperator.py for tasks to queue
[2024-09-04 23:52:58,241] {logging_mixin.py:115} INFO - [2024-09-04 23:52:58,241] {dagbag.py:508} INFO - Filling up the DagBag from /opt/airflow/dags/1-bashoperator.py
[2024-09-04 23:52:58,246] {processor.py:651} INFO - DAG(s) dict_keys(['bashoperator']) retrieved from /opt/airflow/dags/1-bashoperator.py
[2024-09-04 23:52:58,283] {logging_mixin.py:115} INFO - [2024-09-04 23:52:58,283] {dag.py:2420} INFO - Sync 1 DAGs
[2024-09-04 23:52:58,305] {logging_mixin.py:115} INFO - [2024-09-04 23:52:58,305] {dag.py:2972} INFO - Setting next_dagrun for bashoperator to 2024-05-15T00:00:00+00:00, run_after=2024-05-16T00:00:00+00:00
[2024-09-04 23:52:58,318] {processor.py:161} INFO - Processing /opt/airflow/dags/1-bashoperator.py took 0.081 seconds
[2024-09-04 23:53:28,856] {processor.py:153} INFO - Started process (PID=13875) to work on /opt/airflow/dags/1-bashoperator.py
[2024-09-04 23:53:28,857] {processor.py:641} INFO - Processing file /opt/airflow/dags/1-bashoperator.py for tasks to queue
[2024-09-04 23:53:28,857] {logging_mixin.py:115} INFO - [2024-09-04 23:53:28,857] {dagbag.py:508} INFO - Filling up the DagBag from /opt/airflow/dags/1-bashoperator.py
[2024-09-04 23:53:28,863] {processor.py:651} INFO - DAG(s) dict_keys(['bashoperator']) retrieved from /opt/airflow/dags/1-bashoperator.py
[2024-09-04 23:53:28,888] {logging_mixin.py:115} INFO - [2024-09-04 23:53:28,887] {dag.py:2420} INFO - Sync 1 DAGs
[2024-09-04 23:53:28,912] {logging_mixin.py:115} INFO - [2024-09-04 23:53:28,912] {dag.py:2972} INFO - Setting next_dagrun for bashoperator to 2024-05-15T00:00:00+00:00, run_after=2024-05-16T00:00:00+00:00
[2024-09-04 23:53:28,926] {processor.py:161} INFO - Processing /opt/airflow/dags/1-bashoperator.py took 0.072 seconds
[2024-09-04 23:53:59,561] {processor.py:153} INFO - Started process (PID=13907) to work on /opt/airflow/dags/1-bashoperator.py
[2024-09-04 23:53:59,561] {processor.py:641} INFO - Processing file /opt/airflow/dags/1-bashoperator.py for tasks to queue
[2024-09-04 23:53:59,562] {logging_mixin.py:115} INFO - [2024-09-04 23:53:59,562] {dagbag.py:508} INFO - Filling up the DagBag from /opt/airflow/dags/1-bashoperator.py
[2024-09-04 23:53:59,569] {processor.py:651} INFO - DAG(s) dict_keys(['bashoperator']) retrieved from /opt/airflow/dags/1-bashoperator.py
[2024-09-04 23:53:59,600] {logging_mixin.py:115} INFO - [2024-09-04 23:53:59,599] {dag.py:2420} INFO - Sync 1 DAGs
[2024-09-04 23:53:59,621] {logging_mixin.py:115} INFO - [2024-09-04 23:53:59,621] {dag.py:2972} INFO - Setting next_dagrun for bashoperator to 2024-05-15T00:00:00+00:00, run_after=2024-05-16T00:00:00+00:00
[2024-09-04 23:53:59,633] {processor.py:161} INFO - Processing /opt/airflow/dags/1-bashoperator.py took 0.078 seconds
[2024-09-04 23:54:30,312] {processor.py:153} INFO - Started process (PID=13946) to work on /opt/airflow/dags/1-bashoperator.py
[2024-09-04 23:54:30,313] {processor.py:641} INFO - Processing file /opt/airflow/dags/1-bashoperator.py for tasks to queue
[2024-09-04 23:54:30,313] {logging_mixin.py:115} INFO - [2024-09-04 23:54:30,313] {dagbag.py:508} INFO - Filling up the DagBag from /opt/airflow/dags/1-bashoperator.py
[2024-09-04 23:54:30,319] {processor.py:651} INFO - DAG(s) dict_keys(['bashoperator']) retrieved from /opt/airflow/dags/1-bashoperator.py
[2024-09-04 23:54:30,341] {logging_mixin.py:115} INFO - [2024-09-04 23:54:30,340] {dag.py:2420} INFO - Sync 1 DAGs
[2024-09-04 23:54:30,358] {logging_mixin.py:115} INFO - [2024-09-04 23:54:30,358] {dag.py:2972} INFO - Setting next_dagrun for bashoperator to 2024-05-15T00:00:00+00:00, run_after=2024-05-16T00:00:00+00:00
[2024-09-04 23:54:30,390] {processor.py:161} INFO - Processing /opt/airflow/dags/1-bashoperator.py took 0.080 seconds
[2024-09-04 23:55:00,986] {processor.py:153} INFO - Started process (PID=13985) to work on /opt/airflow/dags/1-bashoperator.py
[2024-09-04 23:55:00,987] {processor.py:641} INFO - Processing file /opt/airflow/dags/1-bashoperator.py for tasks to queue
[2024-09-04 23:55:00,988] {logging_mixin.py:115} INFO - [2024-09-04 23:55:00,987] {dagbag.py:508} INFO - Filling up the DagBag from /opt/airflow/dags/1-bashoperator.py
[2024-09-04 23:55:00,992] {processor.py:651} INFO - DAG(s) dict_keys(['bashoperator']) retrieved from /opt/airflow/dags/1-bashoperator.py
[2024-09-04 23:55:01,015] {logging_mixin.py:115} INFO - [2024-09-04 23:55:01,015] {dag.py:2420} INFO - Sync 1 DAGs
[2024-09-04 23:55:01,031] {logging_mixin.py:115} INFO - [2024-09-04 23:55:01,031] {dag.py:2972} INFO - Setting next_dagrun for bashoperator to 2024-05-15T00:00:00+00:00, run_after=2024-05-16T00:00:00+00:00
[2024-09-04 23:55:01,044] {processor.py:161} INFO - Processing /opt/airflow/dags/1-bashoperator.py took 0.061 seconds
[2024-09-04 23:55:31,724] {processor.py:153} INFO - Started process (PID=14024) to work on /opt/airflow/dags/1-bashoperator.py
[2024-09-04 23:55:31,724] {processor.py:641} INFO - Processing file /opt/airflow/dags/1-bashoperator.py for tasks to queue
[2024-09-04 23:55:31,724] {logging_mixin.py:115} INFO - [2024-09-04 23:55:31,724] {dagbag.py:508} INFO - Filling up the DagBag from /opt/airflow/dags/1-bashoperator.py
[2024-09-04 23:55:31,729] {processor.py:651} INFO - DAG(s) dict_keys(['bashoperator']) retrieved from /opt/airflow/dags/1-bashoperator.py
[2024-09-04 23:55:31,761] {logging_mixin.py:115} INFO - [2024-09-04 23:55:31,761] {dag.py:2420} INFO - Sync 1 DAGs
[2024-09-04 23:55:31,787] {logging_mixin.py:115} INFO - [2024-09-04 23:55:31,786] {dag.py:2972} INFO - Setting next_dagrun for bashoperator to 2024-05-15T00:00:00+00:00, run_after=2024-05-16T00:00:00+00:00
[2024-09-04 23:55:31,801] {processor.py:161} INFO - Processing /opt/airflow/dags/1-bashoperator.py took 0.082 seconds
[2024-09-04 23:56:02,473] {processor.py:153} INFO - Started process (PID=14054) to work on /opt/airflow/dags/1-bashoperator.py
[2024-09-04 23:56:02,473] {processor.py:641} INFO - Processing file /opt/airflow/dags/1-bashoperator.py for tasks to queue
[2024-09-04 23:56:02,474] {logging_mixin.py:115} INFO - [2024-09-04 23:56:02,474] {dagbag.py:508} INFO - Filling up the DagBag from /opt/airflow/dags/1-bashoperator.py
[2024-09-04 23:56:02,480] {processor.py:651} INFO - DAG(s) dict_keys(['bashoperator']) retrieved from /opt/airflow/dags/1-bashoperator.py
[2024-09-04 23:56:02,499] {logging_mixin.py:115} INFO - [2024-09-04 23:56:02,499] {dag.py:2420} INFO - Sync 1 DAGs
[2024-09-04 23:56:02,520] {logging_mixin.py:115} INFO - [2024-09-04 23:56:02,520] {dag.py:2972} INFO - Setting next_dagrun for bashoperator to 2024-05-15T00:00:00+00:00, run_after=2024-05-16T00:00:00+00:00
[2024-09-04 23:56:02,532] {processor.py:161} INFO - Processing /opt/airflow/dags/1-bashoperator.py took 0.063 seconds
[2024-09-04 23:56:33,218] {processor.py:153} INFO - Started process (PID=14093) to work on /opt/airflow/dags/1-bashoperator.py
[2024-09-04 23:56:33,219] {processor.py:641} INFO - Processing file /opt/airflow/dags/1-bashoperator.py for tasks to queue
[2024-09-04 23:56:33,220] {logging_mixin.py:115} INFO - [2024-09-04 23:56:33,220] {dagbag.py:508} INFO - Filling up the DagBag from /opt/airflow/dags/1-bashoperator.py
[2024-09-04 23:56:33,226] {processor.py:651} INFO - DAG(s) dict_keys(['bashoperator']) retrieved from /opt/airflow/dags/1-bashoperator.py
[2024-09-04 23:56:33,254] {logging_mixin.py:115} INFO - [2024-09-04 23:56:33,254] {dag.py:2420} INFO - Sync 1 DAGs
[2024-09-04 23:56:33,271] {logging_mixin.py:115} INFO - [2024-09-04 23:56:33,271] {dag.py:2972} INFO - Setting next_dagrun for bashoperator to 2024-05-15T00:00:00+00:00, run_after=2024-05-16T00:00:00+00:00
[2024-09-04 23:56:33,284] {processor.py:161} INFO - Processing /opt/airflow/dags/1-bashoperator.py took 0.069 seconds
[2024-09-04 23:57:03,902] {processor.py:153} INFO - Started process (PID=14132) to work on /opt/airflow/dags/1-bashoperator.py
[2024-09-04 23:57:03,903] {processor.py:641} INFO - Processing file /opt/airflow/dags/1-bashoperator.py for tasks to queue
[2024-09-04 23:57:03,904] {logging_mixin.py:115} INFO - [2024-09-04 23:57:03,904] {dagbag.py:508} INFO - Filling up the DagBag from /opt/airflow/dags/1-bashoperator.py
[2024-09-04 23:57:03,909] {processor.py:651} INFO - DAG(s) dict_keys(['bashoperator']) retrieved from /opt/airflow/dags/1-bashoperator.py
[2024-09-04 23:57:03,931] {logging_mixin.py:115} INFO - [2024-09-04 23:57:03,930] {dag.py:2420} INFO - Sync 1 DAGs
[2024-09-04 23:57:03,950] {logging_mixin.py:115} INFO - [2024-09-04 23:57:03,950] {dag.py:2972} INFO - Setting next_dagrun for bashoperator to 2024-05-15T00:00:00+00:00, run_after=2024-05-16T00:00:00+00:00
[2024-09-04 23:57:03,961] {processor.py:161} INFO - Processing /opt/airflow/dags/1-bashoperator.py took 0.062 seconds
[2024-09-04 23:57:34,422] {processor.py:153} INFO - Started process (PID=14171) to work on /opt/airflow/dags/1-bashoperator.py
[2024-09-04 23:57:34,422] {processor.py:641} INFO - Processing file /opt/airflow/dags/1-bashoperator.py for tasks to queue
[2024-09-04 23:57:34,422] {logging_mixin.py:115} INFO - [2024-09-04 23:57:34,422] {dagbag.py:508} INFO - Filling up the DagBag from /opt/airflow/dags/1-bashoperator.py
[2024-09-04 23:57:34,426] {processor.py:651} INFO - DAG(s) dict_keys(['bashoperator']) retrieved from /opt/airflow/dags/1-bashoperator.py
[2024-09-04 23:57:34,443] {logging_mixin.py:115} INFO - [2024-09-04 23:57:34,443] {dag.py:2420} INFO - Sync 1 DAGs
[2024-09-04 23:57:34,463] {logging_mixin.py:115} INFO - [2024-09-04 23:57:34,463] {dag.py:2972} INFO - Setting next_dagrun for bashoperator to 2024-05-15T00:00:00+00:00, run_after=2024-05-16T00:00:00+00:00
[2024-09-04 23:57:34,472] {processor.py:161} INFO - Processing /opt/airflow/dags/1-bashoperator.py took 0.052 seconds
[2024-09-04 23:58:04,883] {processor.py:153} INFO - Started process (PID=14208) to work on /opt/airflow/dags/1-bashoperator.py
[2024-09-04 23:58:04,884] {processor.py:641} INFO - Processing file /opt/airflow/dags/1-bashoperator.py for tasks to queue
[2024-09-04 23:58:04,885] {logging_mixin.py:115} INFO - [2024-09-04 23:58:04,885] {dagbag.py:508} INFO - Filling up the DagBag from /opt/airflow/dags/1-bashoperator.py
[2024-09-04 23:58:04,889] {processor.py:651} INFO - DAG(s) dict_keys(['bashoperator']) retrieved from /opt/airflow/dags/1-bashoperator.py
[2024-09-04 23:58:04,908] {logging_mixin.py:115} INFO - [2024-09-04 23:58:04,908] {dag.py:2420} INFO - Sync 1 DAGs
[2024-09-04 23:58:04,923] {logging_mixin.py:115} INFO - [2024-09-04 23:58:04,923] {dag.py:2972} INFO - Setting next_dagrun for bashoperator to 2024-05-15T00:00:00+00:00, run_after=2024-05-16T00:00:00+00:00
[2024-09-04 23:58:04,932] {processor.py:161} INFO - Processing /opt/airflow/dags/1-bashoperator.py took 0.051 seconds
[2024-09-04 23:58:35,408] {processor.py:153} INFO - Started process (PID=14240) to work on /opt/airflow/dags/1-bashoperator.py
[2024-09-04 23:58:35,409] {processor.py:641} INFO - Processing file /opt/airflow/dags/1-bashoperator.py for tasks to queue
[2024-09-04 23:58:35,409] {logging_mixin.py:115} INFO - [2024-09-04 23:58:35,409] {dagbag.py:508} INFO - Filling up the DagBag from /opt/airflow/dags/1-bashoperator.py
[2024-09-04 23:58:35,413] {processor.py:651} INFO - DAG(s) dict_keys(['bashoperator']) retrieved from /opt/airflow/dags/1-bashoperator.py
[2024-09-04 23:58:35,428] {logging_mixin.py:115} INFO - [2024-09-04 23:58:35,428] {dag.py:2420} INFO - Sync 1 DAGs
[2024-09-04 23:58:35,441] {logging_mixin.py:115} INFO - [2024-09-04 23:58:35,441] {dag.py:2972} INFO - Setting next_dagrun for bashoperator to 2024-05-15T00:00:00+00:00, run_after=2024-05-16T00:00:00+00:00
[2024-09-04 23:58:35,450] {processor.py:161} INFO - Processing /opt/airflow/dags/1-bashoperator.py took 0.044 seconds
[2024-09-04 23:59:05,873] {processor.py:153} INFO - Started process (PID=14279) to work on /opt/airflow/dags/1-bashoperator.py
[2024-09-04 23:59:05,873] {processor.py:641} INFO - Processing file /opt/airflow/dags/1-bashoperator.py for tasks to queue
[2024-09-04 23:59:05,874] {logging_mixin.py:115} INFO - [2024-09-04 23:59:05,874] {dagbag.py:508} INFO - Filling up the DagBag from /opt/airflow/dags/1-bashoperator.py
[2024-09-04 23:59:05,877] {processor.py:651} INFO - DAG(s) dict_keys(['bashoperator']) retrieved from /opt/airflow/dags/1-bashoperator.py
[2024-09-04 23:59:05,893] {logging_mixin.py:115} INFO - [2024-09-04 23:59:05,893] {dag.py:2420} INFO - Sync 1 DAGs
[2024-09-04 23:59:05,907] {logging_mixin.py:115} INFO - [2024-09-04 23:59:05,906] {dag.py:2972} INFO - Setting next_dagrun for bashoperator to 2024-05-15T00:00:00+00:00, run_after=2024-05-16T00:00:00+00:00
[2024-09-04 23:59:05,915] {processor.py:161} INFO - Processing /opt/airflow/dags/1-bashoperator.py took 0.044 seconds
[2024-09-04 23:59:36,334] {processor.py:153} INFO - Started process (PID=14318) to work on /opt/airflow/dags/1-bashoperator.py
[2024-09-04 23:59:36,334] {processor.py:641} INFO - Processing file /opt/airflow/dags/1-bashoperator.py for tasks to queue
[2024-09-04 23:59:36,335] {logging_mixin.py:115} INFO - [2024-09-04 23:59:36,335] {dagbag.py:508} INFO - Filling up the DagBag from /opt/airflow/dags/1-bashoperator.py
[2024-09-04 23:59:36,338] {processor.py:651} INFO - DAG(s) dict_keys(['bashoperator']) retrieved from /opt/airflow/dags/1-bashoperator.py
[2024-09-04 23:59:36,354] {logging_mixin.py:115} INFO - [2024-09-04 23:59:36,354] {dag.py:2420} INFO - Sync 1 DAGs
[2024-09-04 23:59:36,367] {logging_mixin.py:115} INFO - [2024-09-04 23:59:36,367] {dag.py:2972} INFO - Setting next_dagrun for bashoperator to 2024-05-15T00:00:00+00:00, run_after=2024-05-16T00:00:00+00:00
[2024-09-04 23:59:36,376] {processor.py:161} INFO - Processing /opt/airflow/dags/1-bashoperator.py took 0.044 seconds
