[2024-06-18 00:00:12,601] {processor.py:153} INFO - Started process (PID=26145) to work on /opt/airflow/dags/1-bashoperator.py
[2024-06-18 00:00:12,601] {processor.py:641} INFO - Processing file /opt/airflow/dags/1-bashoperator.py for tasks to queue
[2024-06-18 00:00:12,602] {logging_mixin.py:115} INFO - [2024-06-18 00:00:12,602] {dagbag.py:508} INFO - Filling up the DagBag from /opt/airflow/dags/1-bashoperator.py
[2024-06-18 00:00:12,607] {processor.py:651} INFO - DAG(s) dict_keys(['bashoperator']) retrieved from /opt/airflow/dags/1-bashoperator.py
[2024-06-18 00:00:12,625] {logging_mixin.py:115} INFO - [2024-06-18 00:00:12,625] {dag.py:2420} INFO - Sync 1 DAGs
[2024-06-18 00:00:12,643] {logging_mixin.py:115} INFO - [2024-06-18 00:00:12,643] {dag.py:2972} INFO - Setting next_dagrun for bashoperator to 2024-05-15T00:00:00+00:00, run_after=2024-05-16T00:00:00+00:00
[2024-06-18 00:00:12,652] {processor.py:161} INFO - Processing /opt/airflow/dags/1-bashoperator.py took 0.054 seconds
[2024-06-18 00:00:42,985] {processor.py:153} INFO - Started process (PID=26180) to work on /opt/airflow/dags/1-bashoperator.py
[2024-06-18 00:00:42,986] {processor.py:641} INFO - Processing file /opt/airflow/dags/1-bashoperator.py for tasks to queue
[2024-06-18 00:00:42,986] {logging_mixin.py:115} INFO - [2024-06-18 00:00:42,986] {dagbag.py:508} INFO - Filling up the DagBag from /opt/airflow/dags/1-bashoperator.py
[2024-06-18 00:00:42,991] {processor.py:651} INFO - DAG(s) dict_keys(['bashoperator']) retrieved from /opt/airflow/dags/1-bashoperator.py
[2024-06-18 00:00:43,010] {logging_mixin.py:115} INFO - [2024-06-18 00:00:43,010] {dag.py:2420} INFO - Sync 1 DAGs
[2024-06-18 00:00:43,027] {logging_mixin.py:115} INFO - [2024-06-18 00:00:43,027] {dag.py:2972} INFO - Setting next_dagrun for bashoperator to 2024-05-15T00:00:00+00:00, run_after=2024-05-16T00:00:00+00:00
[2024-06-18 00:00:43,038] {processor.py:161} INFO - Processing /opt/airflow/dags/1-bashoperator.py took 0.055 seconds
[2024-06-18 00:01:13,436] {processor.py:153} INFO - Started process (PID=26215) to work on /opt/airflow/dags/1-bashoperator.py
[2024-06-18 00:01:13,436] {processor.py:641} INFO - Processing file /opt/airflow/dags/1-bashoperator.py for tasks to queue
[2024-06-18 00:01:13,437] {logging_mixin.py:115} INFO - [2024-06-18 00:01:13,437] {dagbag.py:508} INFO - Filling up the DagBag from /opt/airflow/dags/1-bashoperator.py
[2024-06-18 00:01:13,442] {processor.py:651} INFO - DAG(s) dict_keys(['bashoperator']) retrieved from /opt/airflow/dags/1-bashoperator.py
[2024-06-18 00:01:13,461] {logging_mixin.py:115} INFO - [2024-06-18 00:01:13,461] {dag.py:2420} INFO - Sync 1 DAGs
[2024-06-18 00:01:13,481] {logging_mixin.py:115} INFO - [2024-06-18 00:01:13,481] {dag.py:2972} INFO - Setting next_dagrun for bashoperator to 2024-05-15T00:00:00+00:00, run_after=2024-05-16T00:00:00+00:00
[2024-06-18 00:01:13,495] {processor.py:161} INFO - Processing /opt/airflow/dags/1-bashoperator.py took 0.061 seconds
[2024-06-18 00:01:43,766] {processor.py:153} INFO - Started process (PID=26241) to work on /opt/airflow/dags/1-bashoperator.py
[2024-06-18 00:01:43,766] {processor.py:641} INFO - Processing file /opt/airflow/dags/1-bashoperator.py for tasks to queue
[2024-06-18 00:01:43,766] {logging_mixin.py:115} INFO - [2024-06-18 00:01:43,766] {dagbag.py:508} INFO - Filling up the DagBag from /opt/airflow/dags/1-bashoperator.py
[2024-06-18 00:01:43,772] {processor.py:651} INFO - DAG(s) dict_keys(['bashoperator']) retrieved from /opt/airflow/dags/1-bashoperator.py
[2024-06-18 00:01:43,792] {logging_mixin.py:115} INFO - [2024-06-18 00:01:43,792] {dag.py:2420} INFO - Sync 1 DAGs
[2024-06-18 00:01:43,809] {logging_mixin.py:115} INFO - [2024-06-18 00:01:43,809] {dag.py:2972} INFO - Setting next_dagrun for bashoperator to 2024-05-15T00:00:00+00:00, run_after=2024-05-16T00:00:00+00:00
[2024-06-18 00:01:43,818] {processor.py:161} INFO - Processing /opt/airflow/dags/1-bashoperator.py took 0.054 seconds
[2024-06-18 00:02:14,183] {processor.py:153} INFO - Started process (PID=26275) to work on /opt/airflow/dags/1-bashoperator.py
[2024-06-18 00:02:14,184] {processor.py:641} INFO - Processing file /opt/airflow/dags/1-bashoperator.py for tasks to queue
[2024-06-18 00:02:14,184] {logging_mixin.py:115} INFO - [2024-06-18 00:02:14,184] {dagbag.py:508} INFO - Filling up the DagBag from /opt/airflow/dags/1-bashoperator.py
[2024-06-18 00:02:14,190] {processor.py:651} INFO - DAG(s) dict_keys(['bashoperator']) retrieved from /opt/airflow/dags/1-bashoperator.py
[2024-06-18 00:02:14,208] {logging_mixin.py:115} INFO - [2024-06-18 00:02:14,208] {dag.py:2420} INFO - Sync 1 DAGs
[2024-06-18 00:02:14,224] {logging_mixin.py:115} INFO - [2024-06-18 00:02:14,223] {dag.py:2972} INFO - Setting next_dagrun for bashoperator to 2024-05-15T00:00:00+00:00, run_after=2024-05-16T00:00:00+00:00
[2024-06-18 00:02:14,233] {processor.py:161} INFO - Processing /opt/airflow/dags/1-bashoperator.py took 0.052 seconds
[2024-06-18 00:02:44,544] {processor.py:153} INFO - Started process (PID=26310) to work on /opt/airflow/dags/1-bashoperator.py
[2024-06-18 00:02:44,544] {processor.py:641} INFO - Processing file /opt/airflow/dags/1-bashoperator.py for tasks to queue
[2024-06-18 00:02:44,545] {logging_mixin.py:115} INFO - [2024-06-18 00:02:44,545] {dagbag.py:508} INFO - Filling up the DagBag from /opt/airflow/dags/1-bashoperator.py
[2024-06-18 00:02:44,549] {processor.py:651} INFO - DAG(s) dict_keys(['bashoperator']) retrieved from /opt/airflow/dags/1-bashoperator.py
[2024-06-18 00:02:44,565] {logging_mixin.py:115} INFO - [2024-06-18 00:02:44,565] {dag.py:2420} INFO - Sync 1 DAGs
[2024-06-18 00:02:44,578] {logging_mixin.py:115} INFO - [2024-06-18 00:02:44,578] {dag.py:2972} INFO - Setting next_dagrun for bashoperator to 2024-05-15T00:00:00+00:00, run_after=2024-05-16T00:00:00+00:00
[2024-06-18 00:02:44,587] {processor.py:161} INFO - Processing /opt/airflow/dags/1-bashoperator.py took 0.046 seconds
[2024-06-18 00:03:14,945] {processor.py:153} INFO - Started process (PID=26345) to work on /opt/airflow/dags/1-bashoperator.py
[2024-06-18 00:03:14,945] {processor.py:641} INFO - Processing file /opt/airflow/dags/1-bashoperator.py for tasks to queue
[2024-06-18 00:03:14,946] {logging_mixin.py:115} INFO - [2024-06-18 00:03:14,946] {dagbag.py:508} INFO - Filling up the DagBag from /opt/airflow/dags/1-bashoperator.py
[2024-06-18 00:03:14,950] {processor.py:651} INFO - DAG(s) dict_keys(['bashoperator']) retrieved from /opt/airflow/dags/1-bashoperator.py
[2024-06-18 00:03:14,967] {logging_mixin.py:115} INFO - [2024-06-18 00:03:14,966] {dag.py:2420} INFO - Sync 1 DAGs
[2024-06-18 00:03:14,980] {logging_mixin.py:115} INFO - [2024-06-18 00:03:14,980] {dag.py:2972} INFO - Setting next_dagrun for bashoperator to 2024-05-15T00:00:00+00:00, run_after=2024-05-16T00:00:00+00:00
[2024-06-18 00:03:14,988] {processor.py:161} INFO - Processing /opt/airflow/dags/1-bashoperator.py took 0.045 seconds
[2024-06-18 00:03:45,339] {processor.py:153} INFO - Started process (PID=26379) to work on /opt/airflow/dags/1-bashoperator.py
[2024-06-18 00:03:45,339] {processor.py:641} INFO - Processing file /opt/airflow/dags/1-bashoperator.py for tasks to queue
[2024-06-18 00:03:45,340] {logging_mixin.py:115} INFO - [2024-06-18 00:03:45,340] {dagbag.py:508} INFO - Filling up the DagBag from /opt/airflow/dags/1-bashoperator.py
[2024-06-18 00:03:45,346] {processor.py:651} INFO - DAG(s) dict_keys(['bashoperator']) retrieved from /opt/airflow/dags/1-bashoperator.py
[2024-06-18 00:03:45,367] {logging_mixin.py:115} INFO - [2024-06-18 00:03:45,367] {dag.py:2420} INFO - Sync 1 DAGs
[2024-06-18 00:03:45,384] {logging_mixin.py:115} INFO - [2024-06-18 00:03:45,384] {dag.py:2972} INFO - Setting next_dagrun for bashoperator to 2024-05-15T00:00:00+00:00, run_after=2024-05-16T00:00:00+00:00
[2024-06-18 00:03:45,398] {processor.py:161} INFO - Processing /opt/airflow/dags/1-bashoperator.py took 0.062 seconds
[2024-06-18 00:04:15,724] {processor.py:153} INFO - Started process (PID=26405) to work on /opt/airflow/dags/1-bashoperator.py
[2024-06-18 00:04:15,724] {processor.py:641} INFO - Processing file /opt/airflow/dags/1-bashoperator.py for tasks to queue
[2024-06-18 00:04:15,725] {logging_mixin.py:115} INFO - [2024-06-18 00:04:15,725] {dagbag.py:508} INFO - Filling up the DagBag from /opt/airflow/dags/1-bashoperator.py
[2024-06-18 00:04:15,733] {processor.py:651} INFO - DAG(s) dict_keys(['bashoperator']) retrieved from /opt/airflow/dags/1-bashoperator.py
[2024-06-18 00:04:15,754] {logging_mixin.py:115} INFO - [2024-06-18 00:04:15,754] {dag.py:2420} INFO - Sync 1 DAGs
[2024-06-18 00:04:15,770] {logging_mixin.py:115} INFO - [2024-06-18 00:04:15,770] {dag.py:2972} INFO - Setting next_dagrun for bashoperator to 2024-05-15T00:00:00+00:00, run_after=2024-05-16T00:00:00+00:00
[2024-06-18 00:04:15,779] {processor.py:161} INFO - Processing /opt/airflow/dags/1-bashoperator.py took 0.058 seconds
[2024-06-18 00:04:46,073] {processor.py:153} INFO - Started process (PID=26440) to work on /opt/airflow/dags/1-bashoperator.py
[2024-06-18 00:04:46,074] {processor.py:641} INFO - Processing file /opt/airflow/dags/1-bashoperator.py for tasks to queue
[2024-06-18 00:04:46,074] {logging_mixin.py:115} INFO - [2024-06-18 00:04:46,074] {dagbag.py:508} INFO - Filling up the DagBag from /opt/airflow/dags/1-bashoperator.py
[2024-06-18 00:04:46,078] {processor.py:651} INFO - DAG(s) dict_keys(['bashoperator']) retrieved from /opt/airflow/dags/1-bashoperator.py
[2024-06-18 00:04:46,095] {logging_mixin.py:115} INFO - [2024-06-18 00:04:46,095] {dag.py:2420} INFO - Sync 1 DAGs
[2024-06-18 00:04:46,110] {logging_mixin.py:115} INFO - [2024-06-18 00:04:46,110] {dag.py:2972} INFO - Setting next_dagrun for bashoperator to 2024-05-15T00:00:00+00:00, run_after=2024-05-16T00:00:00+00:00
[2024-06-18 00:04:46,120] {processor.py:161} INFO - Processing /opt/airflow/dags/1-bashoperator.py took 0.049 seconds
[2024-06-18 00:05:16,448] {processor.py:153} INFO - Started process (PID=26475) to work on /opt/airflow/dags/1-bashoperator.py
[2024-06-18 00:05:16,448] {processor.py:641} INFO - Processing file /opt/airflow/dags/1-bashoperator.py for tasks to queue
[2024-06-18 00:05:16,448] {logging_mixin.py:115} INFO - [2024-06-18 00:05:16,448] {dagbag.py:508} INFO - Filling up the DagBag from /opt/airflow/dags/1-bashoperator.py
[2024-06-18 00:05:16,453] {processor.py:651} INFO - DAG(s) dict_keys(['bashoperator']) retrieved from /opt/airflow/dags/1-bashoperator.py
[2024-06-18 00:05:16,469] {logging_mixin.py:115} INFO - [2024-06-18 00:05:16,469] {dag.py:2420} INFO - Sync 1 DAGs
[2024-06-18 00:05:16,484] {logging_mixin.py:115} INFO - [2024-06-18 00:05:16,484] {dag.py:2972} INFO - Setting next_dagrun for bashoperator to 2024-05-15T00:00:00+00:00, run_after=2024-05-16T00:00:00+00:00
[2024-06-18 00:05:16,492] {processor.py:161} INFO - Processing /opt/airflow/dags/1-bashoperator.py took 0.046 seconds
[2024-06-18 00:05:46,801] {processor.py:153} INFO - Started process (PID=26510) to work on /opt/airflow/dags/1-bashoperator.py
[2024-06-18 00:05:46,802] {processor.py:641} INFO - Processing file /opt/airflow/dags/1-bashoperator.py for tasks to queue
[2024-06-18 00:05:46,802] {logging_mixin.py:115} INFO - [2024-06-18 00:05:46,802] {dagbag.py:508} INFO - Filling up the DagBag from /opt/airflow/dags/1-bashoperator.py
[2024-06-18 00:05:46,808] {processor.py:651} INFO - DAG(s) dict_keys(['bashoperator']) retrieved from /opt/airflow/dags/1-bashoperator.py
[2024-06-18 00:05:46,827] {logging_mixin.py:115} INFO - [2024-06-18 00:05:46,827] {dag.py:2420} INFO - Sync 1 DAGs
[2024-06-18 00:05:46,843] {logging_mixin.py:115} INFO - [2024-06-18 00:05:46,843] {dag.py:2972} INFO - Setting next_dagrun for bashoperator to 2024-05-15T00:00:00+00:00, run_after=2024-05-16T00:00:00+00:00
[2024-06-18 00:05:46,851] {processor.py:161} INFO - Processing /opt/airflow/dags/1-bashoperator.py took 0.052 seconds
[2024-06-18 00:06:17,202] {processor.py:153} INFO - Started process (PID=26545) to work on /opt/airflow/dags/1-bashoperator.py
[2024-06-18 00:06:17,202] {processor.py:641} INFO - Processing file /opt/airflow/dags/1-bashoperator.py for tasks to queue
[2024-06-18 00:06:17,203] {logging_mixin.py:115} INFO - [2024-06-18 00:06:17,203] {dagbag.py:508} INFO - Filling up the DagBag from /opt/airflow/dags/1-bashoperator.py
[2024-06-18 00:06:17,208] {processor.py:651} INFO - DAG(s) dict_keys(['bashoperator']) retrieved from /opt/airflow/dags/1-bashoperator.py
[2024-06-18 00:06:17,228] {logging_mixin.py:115} INFO - [2024-06-18 00:06:17,228] {dag.py:2420} INFO - Sync 1 DAGs
[2024-06-18 00:06:17,245] {logging_mixin.py:115} INFO - [2024-06-18 00:06:17,245] {dag.py:2972} INFO - Setting next_dagrun for bashoperator to 2024-05-15T00:00:00+00:00, run_after=2024-05-16T00:00:00+00:00
[2024-06-18 00:06:17,254] {processor.py:161} INFO - Processing /opt/airflow/dags/1-bashoperator.py took 0.056 seconds
[2024-06-18 00:06:47,576] {processor.py:153} INFO - Started process (PID=26571) to work on /opt/airflow/dags/1-bashoperator.py
[2024-06-18 00:06:47,577] {processor.py:641} INFO - Processing file /opt/airflow/dags/1-bashoperator.py for tasks to queue
[2024-06-18 00:06:47,577] {logging_mixin.py:115} INFO - [2024-06-18 00:06:47,577] {dagbag.py:508} INFO - Filling up the DagBag from /opt/airflow/dags/1-bashoperator.py
[2024-06-18 00:06:47,581] {processor.py:651} INFO - DAG(s) dict_keys(['bashoperator']) retrieved from /opt/airflow/dags/1-bashoperator.py
[2024-06-18 00:06:47,598] {logging_mixin.py:115} INFO - [2024-06-18 00:06:47,598] {dag.py:2420} INFO - Sync 1 DAGs
[2024-06-18 00:06:47,614] {logging_mixin.py:115} INFO - [2024-06-18 00:06:47,614] {dag.py:2972} INFO - Setting next_dagrun for bashoperator to 2024-05-15T00:00:00+00:00, run_after=2024-05-16T00:00:00+00:00
[2024-06-18 00:06:47,624] {processor.py:161} INFO - Processing /opt/airflow/dags/1-bashoperator.py took 0.050 seconds
[2024-06-18 00:07:17,967] {processor.py:153} INFO - Started process (PID=26606) to work on /opt/airflow/dags/1-bashoperator.py
[2024-06-18 00:07:17,967] {processor.py:641} INFO - Processing file /opt/airflow/dags/1-bashoperator.py for tasks to queue
[2024-06-18 00:07:17,967] {logging_mixin.py:115} INFO - [2024-06-18 00:07:17,967] {dagbag.py:508} INFO - Filling up the DagBag from /opt/airflow/dags/1-bashoperator.py
[2024-06-18 00:07:17,971] {processor.py:651} INFO - DAG(s) dict_keys(['bashoperator']) retrieved from /opt/airflow/dags/1-bashoperator.py
[2024-06-18 00:07:17,989] {logging_mixin.py:115} INFO - [2024-06-18 00:07:17,989] {dag.py:2420} INFO - Sync 1 DAGs
[2024-06-18 00:07:18,004] {logging_mixin.py:115} INFO - [2024-06-18 00:07:18,004] {dag.py:2972} INFO - Setting next_dagrun for bashoperator to 2024-05-15T00:00:00+00:00, run_after=2024-05-16T00:00:00+00:00
[2024-06-18 00:07:18,013] {processor.py:161} INFO - Processing /opt/airflow/dags/1-bashoperator.py took 0.048 seconds
[2024-06-18 00:07:48,333] {processor.py:153} INFO - Started process (PID=26641) to work on /opt/airflow/dags/1-bashoperator.py
[2024-06-18 00:07:48,334] {processor.py:641} INFO - Processing file /opt/airflow/dags/1-bashoperator.py for tasks to queue
[2024-06-18 00:07:48,334] {logging_mixin.py:115} INFO - [2024-06-18 00:07:48,334] {dagbag.py:508} INFO - Filling up the DagBag from /opt/airflow/dags/1-bashoperator.py
[2024-06-18 00:07:48,338] {processor.py:651} INFO - DAG(s) dict_keys(['bashoperator']) retrieved from /opt/airflow/dags/1-bashoperator.py
[2024-06-18 00:07:48,354] {logging_mixin.py:115} INFO - [2024-06-18 00:07:48,354] {dag.py:2420} INFO - Sync 1 DAGs
[2024-06-18 00:07:48,368] {logging_mixin.py:115} INFO - [2024-06-18 00:07:48,368] {dag.py:2972} INFO - Setting next_dagrun for bashoperator to 2024-05-15T00:00:00+00:00, run_after=2024-05-16T00:00:00+00:00
[2024-06-18 00:07:48,375] {processor.py:161} INFO - Processing /opt/airflow/dags/1-bashoperator.py took 0.044 seconds
[2024-06-18 00:08:18,702] {processor.py:153} INFO - Started process (PID=26676) to work on /opt/airflow/dags/1-bashoperator.py
[2024-06-18 00:08:18,703] {processor.py:641} INFO - Processing file /opt/airflow/dags/1-bashoperator.py for tasks to queue
[2024-06-18 00:08:18,703] {logging_mixin.py:115} INFO - [2024-06-18 00:08:18,703] {dagbag.py:508} INFO - Filling up the DagBag from /opt/airflow/dags/1-bashoperator.py
[2024-06-18 00:08:18,708] {processor.py:651} INFO - DAG(s) dict_keys(['bashoperator']) retrieved from /opt/airflow/dags/1-bashoperator.py
[2024-06-18 00:08:18,725] {logging_mixin.py:115} INFO - [2024-06-18 00:08:18,724] {dag.py:2420} INFO - Sync 1 DAGs
[2024-06-18 00:08:18,739] {logging_mixin.py:115} INFO - [2024-06-18 00:08:18,738] {dag.py:2972} INFO - Setting next_dagrun for bashoperator to 2024-05-15T00:00:00+00:00, run_after=2024-05-16T00:00:00+00:00
[2024-06-18 00:08:18,749] {processor.py:161} INFO - Processing /opt/airflow/dags/1-bashoperator.py took 0.049 seconds
[2024-06-18 00:08:49,086] {processor.py:153} INFO - Started process (PID=26710) to work on /opt/airflow/dags/1-bashoperator.py
[2024-06-18 00:08:49,087] {processor.py:641} INFO - Processing file /opt/airflow/dags/1-bashoperator.py for tasks to queue
[2024-06-18 00:08:49,087] {logging_mixin.py:115} INFO - [2024-06-18 00:08:49,087] {dagbag.py:508} INFO - Filling up the DagBag from /opt/airflow/dags/1-bashoperator.py
[2024-06-18 00:08:49,091] {processor.py:651} INFO - DAG(s) dict_keys(['bashoperator']) retrieved from /opt/airflow/dags/1-bashoperator.py
[2024-06-18 00:08:49,112] {logging_mixin.py:115} INFO - [2024-06-18 00:08:49,112] {dag.py:2420} INFO - Sync 1 DAGs
[2024-06-18 00:08:49,127] {logging_mixin.py:115} INFO - [2024-06-18 00:08:49,127] {dag.py:2972} INFO - Setting next_dagrun for bashoperator to 2024-05-15T00:00:00+00:00, run_after=2024-05-16T00:00:00+00:00
[2024-06-18 00:08:49,136] {processor.py:161} INFO - Processing /opt/airflow/dags/1-bashoperator.py took 0.053 seconds
[2024-06-18 00:09:19,525] {processor.py:153} INFO - Started process (PID=26736) to work on /opt/airflow/dags/1-bashoperator.py
[2024-06-18 00:09:19,525] {processor.py:641} INFO - Processing file /opt/airflow/dags/1-bashoperator.py for tasks to queue
[2024-06-18 00:09:19,526] {logging_mixin.py:115} INFO - [2024-06-18 00:09:19,526] {dagbag.py:508} INFO - Filling up the DagBag from /opt/airflow/dags/1-bashoperator.py
[2024-06-18 00:09:19,529] {processor.py:651} INFO - DAG(s) dict_keys(['bashoperator']) retrieved from /opt/airflow/dags/1-bashoperator.py
[2024-06-18 00:09:19,546] {logging_mixin.py:115} INFO - [2024-06-18 00:09:19,546] {dag.py:2420} INFO - Sync 1 DAGs
[2024-06-18 00:09:19,560] {logging_mixin.py:115} INFO - [2024-06-18 00:09:19,560] {dag.py:2972} INFO - Setting next_dagrun for bashoperator to 2024-05-15T00:00:00+00:00, run_after=2024-05-16T00:00:00+00:00
[2024-06-18 00:09:19,568] {processor.py:161} INFO - Processing /opt/airflow/dags/1-bashoperator.py took 0.046 seconds
[2024-06-18 00:09:49,887] {processor.py:153} INFO - Started process (PID=26771) to work on /opt/airflow/dags/1-bashoperator.py
[2024-06-18 00:09:49,887] {processor.py:641} INFO - Processing file /opt/airflow/dags/1-bashoperator.py for tasks to queue
[2024-06-18 00:09:49,888] {logging_mixin.py:115} INFO - [2024-06-18 00:09:49,888] {dagbag.py:508} INFO - Filling up the DagBag from /opt/airflow/dags/1-bashoperator.py
[2024-06-18 00:09:49,892] {processor.py:651} INFO - DAG(s) dict_keys(['bashoperator']) retrieved from /opt/airflow/dags/1-bashoperator.py
[2024-06-18 00:09:49,909] {logging_mixin.py:115} INFO - [2024-06-18 00:09:49,909] {dag.py:2420} INFO - Sync 1 DAGs
[2024-06-18 00:09:49,924] {logging_mixin.py:115} INFO - [2024-06-18 00:09:49,924] {dag.py:2972} INFO - Setting next_dagrun for bashoperator to 2024-05-15T00:00:00+00:00, run_after=2024-05-16T00:00:00+00:00
[2024-06-18 00:09:49,934] {processor.py:161} INFO - Processing /opt/airflow/dags/1-bashoperator.py took 0.049 seconds
[2024-06-18 00:10:20,342] {processor.py:153} INFO - Started process (PID=26805) to work on /opt/airflow/dags/1-bashoperator.py
[2024-06-18 00:10:20,343] {processor.py:641} INFO - Processing file /opt/airflow/dags/1-bashoperator.py for tasks to queue
[2024-06-18 00:10:20,343] {logging_mixin.py:115} INFO - [2024-06-18 00:10:20,343] {dagbag.py:508} INFO - Filling up the DagBag from /opt/airflow/dags/1-bashoperator.py
[2024-06-18 00:10:20,347] {processor.py:651} INFO - DAG(s) dict_keys(['bashoperator']) retrieved from /opt/airflow/dags/1-bashoperator.py
[2024-06-18 00:10:20,365] {logging_mixin.py:115} INFO - [2024-06-18 00:10:20,364] {dag.py:2420} INFO - Sync 1 DAGs
[2024-06-18 00:10:20,384] {logging_mixin.py:115} INFO - [2024-06-18 00:10:20,384] {dag.py:2972} INFO - Setting next_dagrun for bashoperator to 2024-05-15T00:00:00+00:00, run_after=2024-05-16T00:00:00+00:00
[2024-06-18 00:10:20,394] {processor.py:161} INFO - Processing /opt/airflow/dags/1-bashoperator.py took 0.054 seconds
[2024-06-18 00:10:50,722] {processor.py:153} INFO - Started process (PID=26840) to work on /opt/airflow/dags/1-bashoperator.py
[2024-06-18 00:10:50,722] {processor.py:641} INFO - Processing file /opt/airflow/dags/1-bashoperator.py for tasks to queue
[2024-06-18 00:10:50,723] {logging_mixin.py:115} INFO - [2024-06-18 00:10:50,723] {dagbag.py:508} INFO - Filling up the DagBag from /opt/airflow/dags/1-bashoperator.py
[2024-06-18 00:10:50,729] {processor.py:651} INFO - DAG(s) dict_keys(['bashoperator']) retrieved from /opt/airflow/dags/1-bashoperator.py
[2024-06-18 00:10:50,748] {logging_mixin.py:115} INFO - [2024-06-18 00:10:50,748] {dag.py:2420} INFO - Sync 1 DAGs
[2024-06-18 00:10:50,762] {logging_mixin.py:115} INFO - [2024-06-18 00:10:50,762] {dag.py:2972} INFO - Setting next_dagrun for bashoperator to 2024-05-15T00:00:00+00:00, run_after=2024-05-16T00:00:00+00:00
[2024-06-18 00:10:50,769] {processor.py:161} INFO - Processing /opt/airflow/dags/1-bashoperator.py took 0.051 seconds
[2024-06-18 00:11:21,122] {processor.py:153} INFO - Started process (PID=26874) to work on /opt/airflow/dags/1-bashoperator.py
[2024-06-18 00:11:21,123] {processor.py:641} INFO - Processing file /opt/airflow/dags/1-bashoperator.py for tasks to queue
[2024-06-18 00:11:21,124] {logging_mixin.py:115} INFO - [2024-06-18 00:11:21,124] {dagbag.py:508} INFO - Filling up the DagBag from /opt/airflow/dags/1-bashoperator.py
[2024-06-18 00:11:21,130] {processor.py:651} INFO - DAG(s) dict_keys(['bashoperator']) retrieved from /opt/airflow/dags/1-bashoperator.py
[2024-06-18 00:11:21,148] {logging_mixin.py:115} INFO - [2024-06-18 00:11:21,148] {dag.py:2420} INFO - Sync 1 DAGs
[2024-06-18 00:11:21,163] {logging_mixin.py:115} INFO - [2024-06-18 00:11:21,163] {dag.py:2972} INFO - Setting next_dagrun for bashoperator to 2024-05-15T00:00:00+00:00, run_after=2024-05-16T00:00:00+00:00
[2024-06-18 00:11:21,174] {processor.py:161} INFO - Processing /opt/airflow/dags/1-bashoperator.py took 0.055 seconds
[2024-06-18 00:11:51,585] {processor.py:153} INFO - Started process (PID=26900) to work on /opt/airflow/dags/1-bashoperator.py
[2024-06-18 00:11:51,585] {processor.py:641} INFO - Processing file /opt/airflow/dags/1-bashoperator.py for tasks to queue
[2024-06-18 00:11:51,585] {logging_mixin.py:115} INFO - [2024-06-18 00:11:51,585] {dagbag.py:508} INFO - Filling up the DagBag from /opt/airflow/dags/1-bashoperator.py
[2024-06-18 00:11:51,589] {processor.py:651} INFO - DAG(s) dict_keys(['bashoperator']) retrieved from /opt/airflow/dags/1-bashoperator.py
[2024-06-18 00:11:51,607] {logging_mixin.py:115} INFO - [2024-06-18 00:11:51,607] {dag.py:2420} INFO - Sync 1 DAGs
[2024-06-18 00:11:51,620] {logging_mixin.py:115} INFO - [2024-06-18 00:11:51,620] {dag.py:2972} INFO - Setting next_dagrun for bashoperator to 2024-05-15T00:00:00+00:00, run_after=2024-05-16T00:00:00+00:00
[2024-06-18 00:11:51,628] {processor.py:161} INFO - Processing /opt/airflow/dags/1-bashoperator.py took 0.046 seconds
[2024-06-18 00:12:21,936] {processor.py:153} INFO - Started process (PID=26935) to work on /opt/airflow/dags/1-bashoperator.py
[2024-06-18 00:12:21,936] {processor.py:641} INFO - Processing file /opt/airflow/dags/1-bashoperator.py for tasks to queue
[2024-06-18 00:12:21,936] {logging_mixin.py:115} INFO - [2024-06-18 00:12:21,936] {dagbag.py:508} INFO - Filling up the DagBag from /opt/airflow/dags/1-bashoperator.py
[2024-06-18 00:12:21,940] {processor.py:651} INFO - DAG(s) dict_keys(['bashoperator']) retrieved from /opt/airflow/dags/1-bashoperator.py
[2024-06-18 00:12:21,955] {logging_mixin.py:115} INFO - [2024-06-18 00:12:21,955] {dag.py:2420} INFO - Sync 1 DAGs
[2024-06-18 00:12:21,968] {logging_mixin.py:115} INFO - [2024-06-18 00:12:21,968] {dag.py:2972} INFO - Setting next_dagrun for bashoperator to 2024-05-15T00:00:00+00:00, run_after=2024-05-16T00:00:00+00:00
[2024-06-18 00:12:21,975] {processor.py:161} INFO - Processing /opt/airflow/dags/1-bashoperator.py took 0.041 seconds
[2024-06-18 00:12:52,278] {processor.py:153} INFO - Started process (PID=26970) to work on /opt/airflow/dags/1-bashoperator.py
[2024-06-18 00:12:52,279] {processor.py:641} INFO - Processing file /opt/airflow/dags/1-bashoperator.py for tasks to queue
[2024-06-18 00:12:52,279] {logging_mixin.py:115} INFO - [2024-06-18 00:12:52,279] {dagbag.py:508} INFO - Filling up the DagBag from /opt/airflow/dags/1-bashoperator.py
[2024-06-18 00:12:52,283] {processor.py:651} INFO - DAG(s) dict_keys(['bashoperator']) retrieved from /opt/airflow/dags/1-bashoperator.py
[2024-06-18 00:12:52,300] {logging_mixin.py:115} INFO - [2024-06-18 00:12:52,300] {dag.py:2420} INFO - Sync 1 DAGs
[2024-06-18 00:12:52,313] {logging_mixin.py:115} INFO - [2024-06-18 00:12:52,313] {dag.py:2972} INFO - Setting next_dagrun for bashoperator to 2024-05-15T00:00:00+00:00, run_after=2024-05-16T00:00:00+00:00
[2024-06-18 00:12:52,320] {processor.py:161} INFO - Processing /opt/airflow/dags/1-bashoperator.py took 0.044 seconds
[2024-06-18 00:13:22,620] {processor.py:153} INFO - Started process (PID=27005) to work on /opt/airflow/dags/1-bashoperator.py
[2024-06-18 00:13:22,620] {processor.py:641} INFO - Processing file /opt/airflow/dags/1-bashoperator.py for tasks to queue
[2024-06-18 00:13:22,620] {logging_mixin.py:115} INFO - [2024-06-18 00:13:22,620] {dagbag.py:508} INFO - Filling up the DagBag from /opt/airflow/dags/1-bashoperator.py
[2024-06-18 00:13:22,624] {processor.py:651} INFO - DAG(s) dict_keys(['bashoperator']) retrieved from /opt/airflow/dags/1-bashoperator.py
[2024-06-18 00:13:22,639] {logging_mixin.py:115} INFO - [2024-06-18 00:13:22,639] {dag.py:2420} INFO - Sync 1 DAGs
[2024-06-18 00:13:22,653] {logging_mixin.py:115} INFO - [2024-06-18 00:13:22,653] {dag.py:2972} INFO - Setting next_dagrun for bashoperator to 2024-05-15T00:00:00+00:00, run_after=2024-05-16T00:00:00+00:00
[2024-06-18 00:13:22,661] {processor.py:161} INFO - Processing /opt/airflow/dags/1-bashoperator.py took 0.043 seconds
[2024-06-18 00:13:52,987] {processor.py:153} INFO - Started process (PID=27040) to work on /opt/airflow/dags/1-bashoperator.py
[2024-06-18 00:13:52,987] {processor.py:641} INFO - Processing file /opt/airflow/dags/1-bashoperator.py for tasks to queue
[2024-06-18 00:13:52,988] {logging_mixin.py:115} INFO - [2024-06-18 00:13:52,988] {dagbag.py:508} INFO - Filling up the DagBag from /opt/airflow/dags/1-bashoperator.py
[2024-06-18 00:13:52,992] {processor.py:651} INFO - DAG(s) dict_keys(['bashoperator']) retrieved from /opt/airflow/dags/1-bashoperator.py
[2024-06-18 00:13:53,010] {logging_mixin.py:115} INFO - [2024-06-18 00:13:53,010] {dag.py:2420} INFO - Sync 1 DAGs
[2024-06-18 00:13:53,024] {logging_mixin.py:115} INFO - [2024-06-18 00:13:53,024] {dag.py:2972} INFO - Setting next_dagrun for bashoperator to 2024-05-15T00:00:00+00:00, run_after=2024-05-16T00:00:00+00:00
[2024-06-18 00:13:53,032] {processor.py:161} INFO - Processing /opt/airflow/dags/1-bashoperator.py took 0.047 seconds
[2024-06-18 00:14:23,372] {processor.py:153} INFO - Started process (PID=27066) to work on /opt/airflow/dags/1-bashoperator.py
[2024-06-18 00:14:23,372] {processor.py:641} INFO - Processing file /opt/airflow/dags/1-bashoperator.py for tasks to queue
[2024-06-18 00:14:23,373] {logging_mixin.py:115} INFO - [2024-06-18 00:14:23,373] {dagbag.py:508} INFO - Filling up the DagBag from /opt/airflow/dags/1-bashoperator.py
[2024-06-18 00:14:23,376] {processor.py:651} INFO - DAG(s) dict_keys(['bashoperator']) retrieved from /opt/airflow/dags/1-bashoperator.py
[2024-06-18 00:14:23,403] {logging_mixin.py:115} INFO - [2024-06-18 00:14:23,403] {dag.py:2420} INFO - Sync 1 DAGs
[2024-06-18 00:14:23,417] {logging_mixin.py:115} INFO - [2024-06-18 00:14:23,417] {dag.py:2972} INFO - Setting next_dagrun for bashoperator to 2024-05-15T00:00:00+00:00, run_after=2024-05-16T00:00:00+00:00
[2024-06-18 00:14:23,425] {processor.py:161} INFO - Processing /opt/airflow/dags/1-bashoperator.py took 0.056 seconds
[2024-06-18 00:14:53,724] {processor.py:153} INFO - Started process (PID=27101) to work on /opt/airflow/dags/1-bashoperator.py
[2024-06-18 00:14:53,724] {processor.py:641} INFO - Processing file /opt/airflow/dags/1-bashoperator.py for tasks to queue
[2024-06-18 00:14:53,725] {logging_mixin.py:115} INFO - [2024-06-18 00:14:53,725] {dagbag.py:508} INFO - Filling up the DagBag from /opt/airflow/dags/1-bashoperator.py
[2024-06-18 00:14:53,728] {processor.py:651} INFO - DAG(s) dict_keys(['bashoperator']) retrieved from /opt/airflow/dags/1-bashoperator.py
[2024-06-18 00:14:53,744] {logging_mixin.py:115} INFO - [2024-06-18 00:14:53,744] {dag.py:2420} INFO - Sync 1 DAGs
[2024-06-18 00:14:53,757] {logging_mixin.py:115} INFO - [2024-06-18 00:14:53,757] {dag.py:2972} INFO - Setting next_dagrun for bashoperator to 2024-05-15T00:00:00+00:00, run_after=2024-05-16T00:00:00+00:00
[2024-06-18 00:14:53,766] {processor.py:161} INFO - Processing /opt/airflow/dags/1-bashoperator.py took 0.044 seconds
[2024-06-18 00:15:24,122] {processor.py:153} INFO - Started process (PID=27136) to work on /opt/airflow/dags/1-bashoperator.py
[2024-06-18 00:15:24,122] {processor.py:641} INFO - Processing file /opt/airflow/dags/1-bashoperator.py for tasks to queue
[2024-06-18 00:15:24,122] {logging_mixin.py:115} INFO - [2024-06-18 00:15:24,122] {dagbag.py:508} INFO - Filling up the DagBag from /opt/airflow/dags/1-bashoperator.py
[2024-06-18 00:15:24,126] {processor.py:651} INFO - DAG(s) dict_keys(['bashoperator']) retrieved from /opt/airflow/dags/1-bashoperator.py
[2024-06-18 00:15:24,143] {logging_mixin.py:115} INFO - [2024-06-18 00:15:24,142] {dag.py:2420} INFO - Sync 1 DAGs
[2024-06-18 00:15:24,156] {logging_mixin.py:115} INFO - [2024-06-18 00:15:24,156] {dag.py:2972} INFO - Setting next_dagrun for bashoperator to 2024-05-15T00:00:00+00:00, run_after=2024-05-16T00:00:00+00:00
[2024-06-18 00:15:24,163] {processor.py:161} INFO - Processing /opt/airflow/dags/1-bashoperator.py took 0.044 seconds
[2024-06-18 00:15:54,470] {processor.py:153} INFO - Started process (PID=27171) to work on /opt/airflow/dags/1-bashoperator.py
[2024-06-18 00:15:54,471] {processor.py:641} INFO - Processing file /opt/airflow/dags/1-bashoperator.py for tasks to queue
[2024-06-18 00:15:54,471] {logging_mixin.py:115} INFO - [2024-06-18 00:15:54,471] {dagbag.py:508} INFO - Filling up the DagBag from /opt/airflow/dags/1-bashoperator.py
[2024-06-18 00:15:54,475] {processor.py:651} INFO - DAG(s) dict_keys(['bashoperator']) retrieved from /opt/airflow/dags/1-bashoperator.py
[2024-06-18 00:15:54,490] {logging_mixin.py:115} INFO - [2024-06-18 00:15:54,490] {dag.py:2420} INFO - Sync 1 DAGs
[2024-06-18 00:15:54,504] {logging_mixin.py:115} INFO - [2024-06-18 00:15:54,504] {dag.py:2972} INFO - Setting next_dagrun for bashoperator to 2024-05-15T00:00:00+00:00, run_after=2024-05-16T00:00:00+00:00
[2024-06-18 00:15:54,513] {processor.py:161} INFO - Processing /opt/airflow/dags/1-bashoperator.py took 0.044 seconds
[2024-06-18 00:16:24,816] {processor.py:153} INFO - Started process (PID=27206) to work on /opt/airflow/dags/1-bashoperator.py
[2024-06-18 00:16:24,816] {processor.py:641} INFO - Processing file /opt/airflow/dags/1-bashoperator.py for tasks to queue
[2024-06-18 00:16:24,817] {logging_mixin.py:115} INFO - [2024-06-18 00:16:24,817] {dagbag.py:508} INFO - Filling up the DagBag from /opt/airflow/dags/1-bashoperator.py
[2024-06-18 00:16:24,820] {processor.py:651} INFO - DAG(s) dict_keys(['bashoperator']) retrieved from /opt/airflow/dags/1-bashoperator.py
[2024-06-18 00:16:24,836] {logging_mixin.py:115} INFO - [2024-06-18 00:16:24,836] {dag.py:2420} INFO - Sync 1 DAGs
[2024-06-18 00:16:24,848] {logging_mixin.py:115} INFO - [2024-06-18 00:16:24,848] {dag.py:2972} INFO - Setting next_dagrun for bashoperator to 2024-05-15T00:00:00+00:00, run_after=2024-05-16T00:00:00+00:00
[2024-06-18 00:16:24,856] {processor.py:161} INFO - Processing /opt/airflow/dags/1-bashoperator.py took 0.042 seconds
[2024-06-18 00:16:55,200] {processor.py:153} INFO - Started process (PID=27232) to work on /opt/airflow/dags/1-bashoperator.py
[2024-06-18 00:16:55,200] {processor.py:641} INFO - Processing file /opt/airflow/dags/1-bashoperator.py for tasks to queue
[2024-06-18 00:16:55,201] {logging_mixin.py:115} INFO - [2024-06-18 00:16:55,201] {dagbag.py:508} INFO - Filling up the DagBag from /opt/airflow/dags/1-bashoperator.py
[2024-06-18 00:16:55,204] {processor.py:651} INFO - DAG(s) dict_keys(['bashoperator']) retrieved from /opt/airflow/dags/1-bashoperator.py
[2024-06-18 00:16:55,220] {logging_mixin.py:115} INFO - [2024-06-18 00:16:55,220] {dag.py:2420} INFO - Sync 1 DAGs
[2024-06-18 00:16:55,233] {logging_mixin.py:115} INFO - [2024-06-18 00:16:55,233] {dag.py:2972} INFO - Setting next_dagrun for bashoperator to 2024-05-15T00:00:00+00:00, run_after=2024-05-16T00:00:00+00:00
[2024-06-18 00:16:55,240] {processor.py:161} INFO - Processing /opt/airflow/dags/1-bashoperator.py took 0.042 seconds
[2024-06-18 00:17:25,527] {processor.py:153} INFO - Started process (PID=27267) to work on /opt/airflow/dags/1-bashoperator.py
[2024-06-18 00:17:25,530] {processor.py:641} INFO - Processing file /opt/airflow/dags/1-bashoperator.py for tasks to queue
[2024-06-18 00:17:25,531] {logging_mixin.py:115} INFO - [2024-06-18 00:17:25,530] {dagbag.py:508} INFO - Filling up the DagBag from /opt/airflow/dags/1-bashoperator.py
[2024-06-18 00:17:25,534] {processor.py:651} INFO - DAG(s) dict_keys(['bashoperator']) retrieved from /opt/airflow/dags/1-bashoperator.py
[2024-06-18 00:17:25,549] {logging_mixin.py:115} INFO - [2024-06-18 00:17:25,549] {dag.py:2420} INFO - Sync 1 DAGs
[2024-06-18 00:17:25,562] {logging_mixin.py:115} INFO - [2024-06-18 00:17:25,562] {dag.py:2972} INFO - Setting next_dagrun for bashoperator to 2024-05-15T00:00:00+00:00, run_after=2024-05-16T00:00:00+00:00
[2024-06-18 00:17:25,569] {processor.py:161} INFO - Processing /opt/airflow/dags/1-bashoperator.py took 0.044 seconds
[2024-06-18 00:17:55,897] {processor.py:153} INFO - Started process (PID=27302) to work on /opt/airflow/dags/1-bashoperator.py
[2024-06-18 00:17:55,897] {processor.py:641} INFO - Processing file /opt/airflow/dags/1-bashoperator.py for tasks to queue
[2024-06-18 00:17:55,898] {logging_mixin.py:115} INFO - [2024-06-18 00:17:55,898] {dagbag.py:508} INFO - Filling up the DagBag from /opt/airflow/dags/1-bashoperator.py
[2024-06-18 00:17:55,902] {processor.py:651} INFO - DAG(s) dict_keys(['bashoperator']) retrieved from /opt/airflow/dags/1-bashoperator.py
[2024-06-18 00:17:55,918] {logging_mixin.py:115} INFO - [2024-06-18 00:17:55,918] {dag.py:2420} INFO - Sync 1 DAGs
[2024-06-18 00:17:55,932] {logging_mixin.py:115} INFO - [2024-06-18 00:17:55,931] {dag.py:2972} INFO - Setting next_dagrun for bashoperator to 2024-05-15T00:00:00+00:00, run_after=2024-05-16T00:00:00+00:00
[2024-06-18 00:17:55,942] {processor.py:161} INFO - Processing /opt/airflow/dags/1-bashoperator.py took 0.047 seconds
[2024-06-18 00:18:26,266] {processor.py:153} INFO - Started process (PID=27337) to work on /opt/airflow/dags/1-bashoperator.py
[2024-06-18 00:18:26,266] {processor.py:641} INFO - Processing file /opt/airflow/dags/1-bashoperator.py for tasks to queue
[2024-06-18 00:18:26,267] {logging_mixin.py:115} INFO - [2024-06-18 00:18:26,267] {dagbag.py:508} INFO - Filling up the DagBag from /opt/airflow/dags/1-bashoperator.py
[2024-06-18 00:18:26,271] {processor.py:651} INFO - DAG(s) dict_keys(['bashoperator']) retrieved from /opt/airflow/dags/1-bashoperator.py
[2024-06-18 00:18:26,288] {logging_mixin.py:115} INFO - [2024-06-18 00:18:26,287] {dag.py:2420} INFO - Sync 1 DAGs
[2024-06-18 00:18:26,302] {logging_mixin.py:115} INFO - [2024-06-18 00:18:26,302] {dag.py:2972} INFO - Setting next_dagrun for bashoperator to 2024-05-15T00:00:00+00:00, run_after=2024-05-16T00:00:00+00:00
[2024-06-18 00:18:26,311] {processor.py:161} INFO - Processing /opt/airflow/dags/1-bashoperator.py took 0.048 seconds
[2024-06-18 00:18:56,624] {processor.py:153} INFO - Started process (PID=27372) to work on /opt/airflow/dags/1-bashoperator.py
[2024-06-18 00:18:56,624] {processor.py:641} INFO - Processing file /opt/airflow/dags/1-bashoperator.py for tasks to queue
[2024-06-18 00:18:56,625] {logging_mixin.py:115} INFO - [2024-06-18 00:18:56,625] {dagbag.py:508} INFO - Filling up the DagBag from /opt/airflow/dags/1-bashoperator.py
[2024-06-18 00:18:56,628] {processor.py:651} INFO - DAG(s) dict_keys(['bashoperator']) retrieved from /opt/airflow/dags/1-bashoperator.py
[2024-06-18 00:18:56,644] {logging_mixin.py:115} INFO - [2024-06-18 00:18:56,644] {dag.py:2420} INFO - Sync 1 DAGs
[2024-06-18 00:18:56,658] {logging_mixin.py:115} INFO - [2024-06-18 00:18:56,658] {dag.py:2972} INFO - Setting next_dagrun for bashoperator to 2024-05-15T00:00:00+00:00, run_after=2024-05-16T00:00:00+00:00
[2024-06-18 00:18:56,667] {processor.py:161} INFO - Processing /opt/airflow/dags/1-bashoperator.py took 0.045 seconds
[2024-06-18 00:19:27,001] {processor.py:153} INFO - Started process (PID=27407) to work on /opt/airflow/dags/1-bashoperator.py
[2024-06-18 00:19:27,002] {processor.py:641} INFO - Processing file /opt/airflow/dags/1-bashoperator.py for tasks to queue
[2024-06-18 00:19:27,003] {logging_mixin.py:115} INFO - [2024-06-18 00:19:27,003] {dagbag.py:508} INFO - Filling up the DagBag from /opt/airflow/dags/1-bashoperator.py
[2024-06-18 00:19:27,008] {processor.py:651} INFO - DAG(s) dict_keys(['bashoperator']) retrieved from /opt/airflow/dags/1-bashoperator.py
[2024-06-18 00:19:27,025] {logging_mixin.py:115} INFO - [2024-06-18 00:19:27,025] {dag.py:2420} INFO - Sync 1 DAGs
[2024-06-18 00:19:27,038] {logging_mixin.py:115} INFO - [2024-06-18 00:19:27,038] {dag.py:2972} INFO - Setting next_dagrun for bashoperator to 2024-05-15T00:00:00+00:00, run_after=2024-05-16T00:00:00+00:00
[2024-06-18 00:19:27,048] {processor.py:161} INFO - Processing /opt/airflow/dags/1-bashoperator.py took 0.050 seconds
[2024-06-18 00:19:57,351] {processor.py:153} INFO - Started process (PID=27433) to work on /opt/airflow/dags/1-bashoperator.py
[2024-06-18 00:19:57,351] {processor.py:641} INFO - Processing file /opt/airflow/dags/1-bashoperator.py for tasks to queue
[2024-06-18 00:19:57,351] {logging_mixin.py:115} INFO - [2024-06-18 00:19:57,351] {dagbag.py:508} INFO - Filling up the DagBag from /opt/airflow/dags/1-bashoperator.py
[2024-06-18 00:19:57,354] {processor.py:651} INFO - DAG(s) dict_keys(['bashoperator']) retrieved from /opt/airflow/dags/1-bashoperator.py
[2024-06-18 00:19:57,370] {logging_mixin.py:115} INFO - [2024-06-18 00:19:57,370] {dag.py:2420} INFO - Sync 1 DAGs
[2024-06-18 00:19:57,383] {logging_mixin.py:115} INFO - [2024-06-18 00:19:57,383] {dag.py:2972} INFO - Setting next_dagrun for bashoperator to 2024-05-15T00:00:00+00:00, run_after=2024-05-16T00:00:00+00:00
[2024-06-18 00:19:57,392] {processor.py:161} INFO - Processing /opt/airflow/dags/1-bashoperator.py took 0.044 seconds
[2024-06-18 00:20:27,700] {processor.py:153} INFO - Started process (PID=27469) to work on /opt/airflow/dags/1-bashoperator.py
[2024-06-18 00:20:27,700] {processor.py:641} INFO - Processing file /opt/airflow/dags/1-bashoperator.py for tasks to queue
[2024-06-18 00:20:27,701] {logging_mixin.py:115} INFO - [2024-06-18 00:20:27,701] {dagbag.py:508} INFO - Filling up the DagBag from /opt/airflow/dags/1-bashoperator.py
[2024-06-18 00:20:27,704] {processor.py:651} INFO - DAG(s) dict_keys(['bashoperator']) retrieved from /opt/airflow/dags/1-bashoperator.py
[2024-06-18 00:20:27,720] {logging_mixin.py:115} INFO - [2024-06-18 00:20:27,720] {dag.py:2420} INFO - Sync 1 DAGs
[2024-06-18 00:20:27,736] {logging_mixin.py:115} INFO - [2024-06-18 00:20:27,736] {dag.py:2972} INFO - Setting next_dagrun for bashoperator to 2024-05-15T00:00:00+00:00, run_after=2024-05-16T00:00:00+00:00
[2024-06-18 00:20:27,743] {processor.py:161} INFO - Processing /opt/airflow/dags/1-bashoperator.py took 0.045 seconds
[2024-06-18 00:20:58,056] {processor.py:153} INFO - Started process (PID=27504) to work on /opt/airflow/dags/1-bashoperator.py
[2024-06-18 00:20:58,057] {processor.py:641} INFO - Processing file /opt/airflow/dags/1-bashoperator.py for tasks to queue
[2024-06-18 00:20:58,057] {logging_mixin.py:115} INFO - [2024-06-18 00:20:58,057] {dagbag.py:508} INFO - Filling up the DagBag from /opt/airflow/dags/1-bashoperator.py
[2024-06-18 00:20:58,061] {processor.py:651} INFO - DAG(s) dict_keys(['bashoperator']) retrieved from /opt/airflow/dags/1-bashoperator.py
[2024-06-18 00:20:58,076] {logging_mixin.py:115} INFO - [2024-06-18 00:20:58,075] {dag.py:2420} INFO - Sync 1 DAGs
[2024-06-18 00:20:58,088] {logging_mixin.py:115} INFO - [2024-06-18 00:20:58,088] {dag.py:2972} INFO - Setting next_dagrun for bashoperator to 2024-05-15T00:00:00+00:00, run_after=2024-05-16T00:00:00+00:00
[2024-06-18 00:20:58,095] {processor.py:161} INFO - Processing /opt/airflow/dags/1-bashoperator.py took 0.041 seconds
[2024-06-18 00:21:28,481] {processor.py:153} INFO - Started process (PID=27539) to work on /opt/airflow/dags/1-bashoperator.py
[2024-06-18 00:21:28,481] {processor.py:641} INFO - Processing file /opt/airflow/dags/1-bashoperator.py for tasks to queue
[2024-06-18 00:21:28,482] {logging_mixin.py:115} INFO - [2024-06-18 00:21:28,482] {dagbag.py:508} INFO - Filling up the DagBag from /opt/airflow/dags/1-bashoperator.py
[2024-06-18 00:21:28,485] {processor.py:651} INFO - DAG(s) dict_keys(['bashoperator']) retrieved from /opt/airflow/dags/1-bashoperator.py
[2024-06-18 00:21:28,506] {logging_mixin.py:115} INFO - [2024-06-18 00:21:28,506] {dag.py:2420} INFO - Sync 1 DAGs
[2024-06-18 00:21:28,522] {logging_mixin.py:115} INFO - [2024-06-18 00:21:28,522] {dag.py:2972} INFO - Setting next_dagrun for bashoperator to 2024-05-15T00:00:00+00:00, run_after=2024-05-16T00:00:00+00:00
[2024-06-18 00:21:28,532] {processor.py:161} INFO - Processing /opt/airflow/dags/1-bashoperator.py took 0.055 seconds
[2024-06-18 00:21:58,854] {processor.py:153} INFO - Started process (PID=27574) to work on /opt/airflow/dags/1-bashoperator.py
[2024-06-18 00:21:58,855] {processor.py:641} INFO - Processing file /opt/airflow/dags/1-bashoperator.py for tasks to queue
[2024-06-18 00:21:58,855] {logging_mixin.py:115} INFO - [2024-06-18 00:21:58,855] {dagbag.py:508} INFO - Filling up the DagBag from /opt/airflow/dags/1-bashoperator.py
[2024-06-18 00:21:58,859] {processor.py:651} INFO - DAG(s) dict_keys(['bashoperator']) retrieved from /opt/airflow/dags/1-bashoperator.py
[2024-06-18 00:21:58,877] {logging_mixin.py:115} INFO - [2024-06-18 00:21:58,877] {dag.py:2420} INFO - Sync 1 DAGs
[2024-06-18 00:21:58,892] {logging_mixin.py:115} INFO - [2024-06-18 00:21:58,892] {dag.py:2972} INFO - Setting next_dagrun for bashoperator to 2024-05-15T00:00:00+00:00, run_after=2024-05-16T00:00:00+00:00
[2024-06-18 00:21:58,901] {processor.py:161} INFO - Processing /opt/airflow/dags/1-bashoperator.py took 0.049 seconds
[2024-06-18 00:22:29,209] {processor.py:153} INFO - Started process (PID=27600) to work on /opt/airflow/dags/1-bashoperator.py
[2024-06-18 00:22:29,210] {processor.py:641} INFO - Processing file /opt/airflow/dags/1-bashoperator.py for tasks to queue
[2024-06-18 00:22:29,210] {logging_mixin.py:115} INFO - [2024-06-18 00:22:29,210] {dagbag.py:508} INFO - Filling up the DagBag from /opt/airflow/dags/1-bashoperator.py
[2024-06-18 00:22:29,214] {processor.py:651} INFO - DAG(s) dict_keys(['bashoperator']) retrieved from /opt/airflow/dags/1-bashoperator.py
[2024-06-18 00:22:29,230] {logging_mixin.py:115} INFO - [2024-06-18 00:22:29,229] {dag.py:2420} INFO - Sync 1 DAGs
[2024-06-18 00:22:29,249] {logging_mixin.py:115} INFO - [2024-06-18 00:22:29,249] {dag.py:2972} INFO - Setting next_dagrun for bashoperator to 2024-05-15T00:00:00+00:00, run_after=2024-05-16T00:00:00+00:00
[2024-06-18 00:22:29,257] {processor.py:161} INFO - Processing /opt/airflow/dags/1-bashoperator.py took 0.051 seconds
[2024-06-18 00:22:59,562] {processor.py:153} INFO - Started process (PID=27635) to work on /opt/airflow/dags/1-bashoperator.py
[2024-06-18 00:22:59,563] {processor.py:641} INFO - Processing file /opt/airflow/dags/1-bashoperator.py for tasks to queue
[2024-06-18 00:22:59,563] {logging_mixin.py:115} INFO - [2024-06-18 00:22:59,563] {dagbag.py:508} INFO - Filling up the DagBag from /opt/airflow/dags/1-bashoperator.py
[2024-06-18 00:22:59,567] {processor.py:651} INFO - DAG(s) dict_keys(['bashoperator']) retrieved from /opt/airflow/dags/1-bashoperator.py
[2024-06-18 00:22:59,582] {logging_mixin.py:115} INFO - [2024-06-18 00:22:59,582] {dag.py:2420} INFO - Sync 1 DAGs
[2024-06-18 00:22:59,595] {logging_mixin.py:115} INFO - [2024-06-18 00:22:59,595] {dag.py:2972} INFO - Setting next_dagrun for bashoperator to 2024-05-15T00:00:00+00:00, run_after=2024-05-16T00:00:00+00:00
[2024-06-18 00:22:59,602] {processor.py:161} INFO - Processing /opt/airflow/dags/1-bashoperator.py took 0.042 seconds
[2024-06-18 00:23:29,953] {processor.py:153} INFO - Started process (PID=27670) to work on /opt/airflow/dags/1-bashoperator.py
[2024-06-18 00:23:29,953] {processor.py:641} INFO - Processing file /opt/airflow/dags/1-bashoperator.py for tasks to queue
[2024-06-18 00:23:29,954] {logging_mixin.py:115} INFO - [2024-06-18 00:23:29,954] {dagbag.py:508} INFO - Filling up the DagBag from /opt/airflow/dags/1-bashoperator.py
[2024-06-18 00:23:29,958] {processor.py:651} INFO - DAG(s) dict_keys(['bashoperator']) retrieved from /opt/airflow/dags/1-bashoperator.py
[2024-06-18 00:23:29,973] {logging_mixin.py:115} INFO - [2024-06-18 00:23:29,973] {dag.py:2420} INFO - Sync 1 DAGs
[2024-06-18 00:23:29,987] {logging_mixin.py:115} INFO - [2024-06-18 00:23:29,987] {dag.py:2972} INFO - Setting next_dagrun for bashoperator to 2024-05-15T00:00:00+00:00, run_after=2024-05-16T00:00:00+00:00
[2024-06-18 00:23:29,995] {processor.py:161} INFO - Processing /opt/airflow/dags/1-bashoperator.py took 0.044 seconds
[2024-06-18 00:24:00,286] {processor.py:153} INFO - Started process (PID=27705) to work on /opt/airflow/dags/1-bashoperator.py
[2024-06-18 00:24:00,287] {processor.py:641} INFO - Processing file /opt/airflow/dags/1-bashoperator.py for tasks to queue
[2024-06-18 00:24:00,287] {logging_mixin.py:115} INFO - [2024-06-18 00:24:00,287] {dagbag.py:508} INFO - Filling up the DagBag from /opt/airflow/dags/1-bashoperator.py
[2024-06-18 00:24:00,291] {processor.py:651} INFO - DAG(s) dict_keys(['bashoperator']) retrieved from /opt/airflow/dags/1-bashoperator.py
[2024-06-18 00:24:00,306] {logging_mixin.py:115} INFO - [2024-06-18 00:24:00,306] {dag.py:2420} INFO - Sync 1 DAGs
[2024-06-18 00:24:00,320] {logging_mixin.py:115} INFO - [2024-06-18 00:24:00,320] {dag.py:2972} INFO - Setting next_dagrun for bashoperator to 2024-05-15T00:00:00+00:00, run_after=2024-05-16T00:00:00+00:00
[2024-06-18 00:24:00,328] {processor.py:161} INFO - Processing /opt/airflow/dags/1-bashoperator.py took 0.044 seconds
[2024-06-18 00:24:30,624] {processor.py:153} INFO - Started process (PID=27740) to work on /opt/airflow/dags/1-bashoperator.py
[2024-06-18 00:24:30,625] {processor.py:641} INFO - Processing file /opt/airflow/dags/1-bashoperator.py for tasks to queue
[2024-06-18 00:24:30,625] {logging_mixin.py:115} INFO - [2024-06-18 00:24:30,625] {dagbag.py:508} INFO - Filling up the DagBag from /opt/airflow/dags/1-bashoperator.py
[2024-06-18 00:24:30,628] {processor.py:651} INFO - DAG(s) dict_keys(['bashoperator']) retrieved from /opt/airflow/dags/1-bashoperator.py
[2024-06-18 00:24:30,643] {logging_mixin.py:115} INFO - [2024-06-18 00:24:30,643] {dag.py:2420} INFO - Sync 1 DAGs
[2024-06-18 00:24:30,655] {logging_mixin.py:115} INFO - [2024-06-18 00:24:30,655] {dag.py:2972} INFO - Setting next_dagrun for bashoperator to 2024-05-15T00:00:00+00:00, run_after=2024-05-16T00:00:00+00:00
[2024-06-18 00:24:30,663] {processor.py:161} INFO - Processing /opt/airflow/dags/1-bashoperator.py took 0.041 seconds
[2024-06-18 00:25:01,037] {processor.py:153} INFO - Started process (PID=27775) to work on /opt/airflow/dags/1-bashoperator.py
[2024-06-18 00:25:01,037] {processor.py:641} INFO - Processing file /opt/airflow/dags/1-bashoperator.py for tasks to queue
[2024-06-18 00:25:01,037] {logging_mixin.py:115} INFO - [2024-06-18 00:25:01,037] {dagbag.py:508} INFO - Filling up the DagBag from /opt/airflow/dags/1-bashoperator.py
[2024-06-18 00:25:01,041] {processor.py:651} INFO - DAG(s) dict_keys(['bashoperator']) retrieved from /opt/airflow/dags/1-bashoperator.py
[2024-06-18 00:25:01,057] {logging_mixin.py:115} INFO - [2024-06-18 00:25:01,057] {dag.py:2420} INFO - Sync 1 DAGs
[2024-06-18 00:25:01,070] {logging_mixin.py:115} INFO - [2024-06-18 00:25:01,070] {dag.py:2972} INFO - Setting next_dagrun for bashoperator to 2024-05-15T00:00:00+00:00, run_after=2024-05-16T00:00:00+00:00
[2024-06-18 00:25:01,079] {processor.py:161} INFO - Processing /opt/airflow/dags/1-bashoperator.py took 0.045 seconds
[2024-06-18 00:25:31,375] {processor.py:153} INFO - Started process (PID=27801) to work on /opt/airflow/dags/1-bashoperator.py
[2024-06-18 00:25:31,376] {processor.py:641} INFO - Processing file /opt/airflow/dags/1-bashoperator.py for tasks to queue
[2024-06-18 00:25:31,376] {logging_mixin.py:115} INFO - [2024-06-18 00:25:31,376] {dagbag.py:508} INFO - Filling up the DagBag from /opt/airflow/dags/1-bashoperator.py
[2024-06-18 00:25:31,380] {processor.py:651} INFO - DAG(s) dict_keys(['bashoperator']) retrieved from /opt/airflow/dags/1-bashoperator.py
[2024-06-18 00:25:31,395] {logging_mixin.py:115} INFO - [2024-06-18 00:25:31,395] {dag.py:2420} INFO - Sync 1 DAGs
[2024-06-18 00:25:31,408] {logging_mixin.py:115} INFO - [2024-06-18 00:25:31,408] {dag.py:2972} INFO - Setting next_dagrun for bashoperator to 2024-05-15T00:00:00+00:00, run_after=2024-05-16T00:00:00+00:00
[2024-06-18 00:25:31,415] {processor.py:161} INFO - Processing /opt/airflow/dags/1-bashoperator.py took 0.042 seconds
[2024-06-18 00:26:01,733] {processor.py:153} INFO - Started process (PID=27835) to work on /opt/airflow/dags/1-bashoperator.py
[2024-06-18 00:26:01,733] {processor.py:641} INFO - Processing file /opt/airflow/dags/1-bashoperator.py for tasks to queue
[2024-06-18 00:26:01,734] {logging_mixin.py:115} INFO - [2024-06-18 00:26:01,734] {dagbag.py:508} INFO - Filling up the DagBag from /opt/airflow/dags/1-bashoperator.py
[2024-06-18 00:26:01,739] {processor.py:651} INFO - DAG(s) dict_keys(['bashoperator']) retrieved from /opt/airflow/dags/1-bashoperator.py
[2024-06-18 00:26:01,756] {logging_mixin.py:115} INFO - [2024-06-18 00:26:01,756] {dag.py:2420} INFO - Sync 1 DAGs
[2024-06-18 00:26:01,772] {logging_mixin.py:115} INFO - [2024-06-18 00:26:01,771] {dag.py:2972} INFO - Setting next_dagrun for bashoperator to 2024-05-15T00:00:00+00:00, run_after=2024-05-16T00:00:00+00:00
[2024-06-18 00:26:01,782] {processor.py:161} INFO - Processing /opt/airflow/dags/1-bashoperator.py took 0.052 seconds
[2024-06-18 00:26:32,110] {processor.py:153} INFO - Started process (PID=27869) to work on /opt/airflow/dags/1-bashoperator.py
[2024-06-18 00:26:32,110] {processor.py:641} INFO - Processing file /opt/airflow/dags/1-bashoperator.py for tasks to queue
[2024-06-18 00:26:32,110] {logging_mixin.py:115} INFO - [2024-06-18 00:26:32,110] {dagbag.py:508} INFO - Filling up the DagBag from /opt/airflow/dags/1-bashoperator.py
[2024-06-18 00:26:32,114] {processor.py:651} INFO - DAG(s) dict_keys(['bashoperator']) retrieved from /opt/airflow/dags/1-bashoperator.py
[2024-06-18 00:26:32,131] {logging_mixin.py:115} INFO - [2024-06-18 00:26:32,131] {dag.py:2420} INFO - Sync 1 DAGs
[2024-06-18 00:26:32,146] {logging_mixin.py:115} INFO - [2024-06-18 00:26:32,146] {dag.py:2972} INFO - Setting next_dagrun for bashoperator to 2024-05-15T00:00:00+00:00, run_after=2024-05-16T00:00:00+00:00
[2024-06-18 00:26:32,154] {processor.py:161} INFO - Processing /opt/airflow/dags/1-bashoperator.py took 0.046 seconds
[2024-06-18 00:27:02,492] {processor.py:153} INFO - Started process (PID=27904) to work on /opt/airflow/dags/1-bashoperator.py
[2024-06-18 00:27:02,493] {processor.py:641} INFO - Processing file /opt/airflow/dags/1-bashoperator.py for tasks to queue
[2024-06-18 00:27:02,493] {logging_mixin.py:115} INFO - [2024-06-18 00:27:02,493] {dagbag.py:508} INFO - Filling up the DagBag from /opt/airflow/dags/1-bashoperator.py
[2024-06-18 00:27:02,496] {processor.py:651} INFO - DAG(s) dict_keys(['bashoperator']) retrieved from /opt/airflow/dags/1-bashoperator.py
[2024-06-18 00:27:02,512] {logging_mixin.py:115} INFO - [2024-06-18 00:27:02,512] {dag.py:2420} INFO - Sync 1 DAGs
[2024-06-18 00:27:02,524] {logging_mixin.py:115} INFO - [2024-06-18 00:27:02,524] {dag.py:2972} INFO - Setting next_dagrun for bashoperator to 2024-05-15T00:00:00+00:00, run_after=2024-05-16T00:00:00+00:00
[2024-06-18 00:27:02,532] {processor.py:161} INFO - Processing /opt/airflow/dags/1-bashoperator.py took 0.042 seconds
[2024-06-18 00:27:32,887] {processor.py:153} INFO - Started process (PID=27938) to work on /opt/airflow/dags/1-bashoperator.py
[2024-06-18 00:27:32,887] {processor.py:641} INFO - Processing file /opt/airflow/dags/1-bashoperator.py for tasks to queue
[2024-06-18 00:27:32,888] {logging_mixin.py:115} INFO - [2024-06-18 00:27:32,888] {dagbag.py:508} INFO - Filling up the DagBag from /opt/airflow/dags/1-bashoperator.py
[2024-06-18 00:27:32,893] {processor.py:651} INFO - DAG(s) dict_keys(['bashoperator']) retrieved from /opt/airflow/dags/1-bashoperator.py
[2024-06-18 00:27:32,911] {logging_mixin.py:115} INFO - [2024-06-18 00:27:32,911] {dag.py:2420} INFO - Sync 1 DAGs
[2024-06-18 00:27:32,924] {logging_mixin.py:115} INFO - [2024-06-18 00:27:32,924] {dag.py:2972} INFO - Setting next_dagrun for bashoperator to 2024-05-15T00:00:00+00:00, run_after=2024-05-16T00:00:00+00:00
[2024-06-18 00:27:32,933] {processor.py:161} INFO - Processing /opt/airflow/dags/1-bashoperator.py took 0.049 seconds
[2024-06-18 00:28:03,225] {processor.py:153} INFO - Started process (PID=27971) to work on /opt/airflow/dags/1-bashoperator.py
[2024-06-18 00:28:03,226] {processor.py:641} INFO - Processing file /opt/airflow/dags/1-bashoperator.py for tasks to queue
[2024-06-18 00:28:03,226] {logging_mixin.py:115} INFO - [2024-06-18 00:28:03,226] {dagbag.py:508} INFO - Filling up the DagBag from /opt/airflow/dags/1-bashoperator.py
[2024-06-18 00:28:03,230] {processor.py:651} INFO - DAG(s) dict_keys(['bashoperator']) retrieved from /opt/airflow/dags/1-bashoperator.py
[2024-06-18 00:28:03,247] {logging_mixin.py:115} INFO - [2024-06-18 00:28:03,247] {dag.py:2420} INFO - Sync 1 DAGs
[2024-06-18 00:28:03,260] {logging_mixin.py:115} INFO - [2024-06-18 00:28:03,260] {dag.py:2972} INFO - Setting next_dagrun for bashoperator to 2024-05-15T00:00:00+00:00, run_after=2024-05-16T00:00:00+00:00
[2024-06-18 00:28:03,268] {processor.py:161} INFO - Processing /opt/airflow/dags/1-bashoperator.py took 0.045 seconds
[2024-06-18 00:28:33,625] {processor.py:153} INFO - Started process (PID=27999) to work on /opt/airflow/dags/1-bashoperator.py
[2024-06-18 00:28:33,626] {processor.py:641} INFO - Processing file /opt/airflow/dags/1-bashoperator.py for tasks to queue
[2024-06-18 00:28:33,626] {logging_mixin.py:115} INFO - [2024-06-18 00:28:33,626] {dagbag.py:508} INFO - Filling up the DagBag from /opt/airflow/dags/1-bashoperator.py
[2024-06-18 00:28:33,630] {processor.py:651} INFO - DAG(s) dict_keys(['bashoperator']) retrieved from /opt/airflow/dags/1-bashoperator.py
[2024-06-18 00:28:33,646] {logging_mixin.py:115} INFO - [2024-06-18 00:28:33,646] {dag.py:2420} INFO - Sync 1 DAGs
[2024-06-18 00:28:33,659] {logging_mixin.py:115} INFO - [2024-06-18 00:28:33,659] {dag.py:2972} INFO - Setting next_dagrun for bashoperator to 2024-05-15T00:00:00+00:00, run_after=2024-05-16T00:00:00+00:00
[2024-06-18 00:28:33,666] {processor.py:161} INFO - Processing /opt/airflow/dags/1-bashoperator.py took 0.043 seconds
[2024-06-18 00:29:03,949] {processor.py:153} INFO - Started process (PID=28034) to work on /opt/airflow/dags/1-bashoperator.py
[2024-06-18 00:29:03,950] {processor.py:641} INFO - Processing file /opt/airflow/dags/1-bashoperator.py for tasks to queue
[2024-06-18 00:29:03,950] {logging_mixin.py:115} INFO - [2024-06-18 00:29:03,950] {dagbag.py:508} INFO - Filling up the DagBag from /opt/airflow/dags/1-bashoperator.py
[2024-06-18 00:29:03,953] {processor.py:651} INFO - DAG(s) dict_keys(['bashoperator']) retrieved from /opt/airflow/dags/1-bashoperator.py
[2024-06-18 00:29:03,969] {logging_mixin.py:115} INFO - [2024-06-18 00:29:03,969] {dag.py:2420} INFO - Sync 1 DAGs
[2024-06-18 00:29:03,983] {logging_mixin.py:115} INFO - [2024-06-18 00:29:03,983] {dag.py:2972} INFO - Setting next_dagrun for bashoperator to 2024-05-15T00:00:00+00:00, run_after=2024-05-16T00:00:00+00:00
[2024-06-18 00:29:03,991] {processor.py:161} INFO - Processing /opt/airflow/dags/1-bashoperator.py took 0.044 seconds
[2024-06-18 00:29:34,294] {processor.py:153} INFO - Started process (PID=28069) to work on /opt/airflow/dags/1-bashoperator.py
[2024-06-18 00:29:34,295] {processor.py:641} INFO - Processing file /opt/airflow/dags/1-bashoperator.py for tasks to queue
[2024-06-18 00:29:34,295] {logging_mixin.py:115} INFO - [2024-06-18 00:29:34,295] {dagbag.py:508} INFO - Filling up the DagBag from /opt/airflow/dags/1-bashoperator.py
[2024-06-18 00:29:34,300] {processor.py:651} INFO - DAG(s) dict_keys(['bashoperator']) retrieved from /opt/airflow/dags/1-bashoperator.py
[2024-06-18 00:29:34,321] {logging_mixin.py:115} INFO - [2024-06-18 00:29:34,320] {dag.py:2420} INFO - Sync 1 DAGs
[2024-06-18 00:29:34,335] {logging_mixin.py:115} INFO - [2024-06-18 00:29:34,335] {dag.py:2972} INFO - Setting next_dagrun for bashoperator to 2024-05-15T00:00:00+00:00, run_after=2024-05-16T00:00:00+00:00
[2024-06-18 00:29:34,344] {processor.py:161} INFO - Processing /opt/airflow/dags/1-bashoperator.py took 0.052 seconds
[2024-06-18 00:30:04,644] {processor.py:153} INFO - Started process (PID=28104) to work on /opt/airflow/dags/1-bashoperator.py
[2024-06-18 00:30:04,645] {processor.py:641} INFO - Processing file /opt/airflow/dags/1-bashoperator.py for tasks to queue
[2024-06-18 00:30:04,645] {logging_mixin.py:115} INFO - [2024-06-18 00:30:04,645] {dagbag.py:508} INFO - Filling up the DagBag from /opt/airflow/dags/1-bashoperator.py
[2024-06-18 00:30:04,648] {processor.py:651} INFO - DAG(s) dict_keys(['bashoperator']) retrieved from /opt/airflow/dags/1-bashoperator.py
[2024-06-18 00:30:04,668] {logging_mixin.py:115} INFO - [2024-06-18 00:30:04,668] {dag.py:2420} INFO - Sync 1 DAGs
[2024-06-18 00:30:04,683] {logging_mixin.py:115} INFO - [2024-06-18 00:30:04,683] {dag.py:2972} INFO - Setting next_dagrun for bashoperator to 2024-05-15T00:00:00+00:00, run_after=2024-05-16T00:00:00+00:00
[2024-06-18 00:30:04,692] {processor.py:161} INFO - Processing /opt/airflow/dags/1-bashoperator.py took 0.051 seconds
[2024-06-18 00:30:35,012] {processor.py:153} INFO - Started process (PID=28139) to work on /opt/airflow/dags/1-bashoperator.py
[2024-06-18 00:30:35,012] {processor.py:641} INFO - Processing file /opt/airflow/dags/1-bashoperator.py for tasks to queue
[2024-06-18 00:30:35,013] {logging_mixin.py:115} INFO - [2024-06-18 00:30:35,013] {dagbag.py:508} INFO - Filling up the DagBag from /opt/airflow/dags/1-bashoperator.py
[2024-06-18 00:30:35,017] {processor.py:651} INFO - DAG(s) dict_keys(['bashoperator']) retrieved from /opt/airflow/dags/1-bashoperator.py
[2024-06-18 00:30:35,033] {logging_mixin.py:115} INFO - [2024-06-18 00:30:35,033] {dag.py:2420} INFO - Sync 1 DAGs
[2024-06-18 00:30:35,047] {logging_mixin.py:115} INFO - [2024-06-18 00:30:35,047] {dag.py:2972} INFO - Setting next_dagrun for bashoperator to 2024-05-15T00:00:00+00:00, run_after=2024-05-16T00:00:00+00:00
[2024-06-18 00:30:35,055] {processor.py:161} INFO - Processing /opt/airflow/dags/1-bashoperator.py took 0.045 seconds
[2024-06-18 00:31:05,413] {processor.py:153} INFO - Started process (PID=28165) to work on /opt/airflow/dags/1-bashoperator.py
[2024-06-18 00:31:05,413] {processor.py:641} INFO - Processing file /opt/airflow/dags/1-bashoperator.py for tasks to queue
[2024-06-18 00:31:05,414] {logging_mixin.py:115} INFO - [2024-06-18 00:31:05,414] {dagbag.py:508} INFO - Filling up the DagBag from /opt/airflow/dags/1-bashoperator.py
[2024-06-18 00:31:05,418] {processor.py:651} INFO - DAG(s) dict_keys(['bashoperator']) retrieved from /opt/airflow/dags/1-bashoperator.py
[2024-06-18 00:31:05,437] {logging_mixin.py:115} INFO - [2024-06-18 00:31:05,437] {dag.py:2420} INFO - Sync 1 DAGs
[2024-06-18 00:31:05,453] {logging_mixin.py:115} INFO - [2024-06-18 00:31:05,453] {dag.py:2972} INFO - Setting next_dagrun for bashoperator to 2024-05-15T00:00:00+00:00, run_after=2024-05-16T00:00:00+00:00
[2024-06-18 00:31:05,463] {processor.py:161} INFO - Processing /opt/airflow/dags/1-bashoperator.py took 0.052 seconds
[2024-06-18 00:31:35,753] {processor.py:153} INFO - Started process (PID=28200) to work on /opt/airflow/dags/1-bashoperator.py
[2024-06-18 00:31:35,754] {processor.py:641} INFO - Processing file /opt/airflow/dags/1-bashoperator.py for tasks to queue
[2024-06-18 00:31:35,754] {logging_mixin.py:115} INFO - [2024-06-18 00:31:35,754] {dagbag.py:508} INFO - Filling up the DagBag from /opt/airflow/dags/1-bashoperator.py
[2024-06-18 00:31:35,758] {processor.py:651} INFO - DAG(s) dict_keys(['bashoperator']) retrieved from /opt/airflow/dags/1-bashoperator.py
[2024-06-18 00:31:35,774] {logging_mixin.py:115} INFO - [2024-06-18 00:31:35,774] {dag.py:2420} INFO - Sync 1 DAGs
[2024-06-18 00:31:35,787] {logging_mixin.py:115} INFO - [2024-06-18 00:31:35,787] {dag.py:2972} INFO - Setting next_dagrun for bashoperator to 2024-05-15T00:00:00+00:00, run_after=2024-05-16T00:00:00+00:00
[2024-06-18 00:31:35,794] {processor.py:161} INFO - Processing /opt/airflow/dags/1-bashoperator.py took 0.043 seconds
[2024-06-18 00:32:06,112] {processor.py:153} INFO - Started process (PID=28235) to work on /opt/airflow/dags/1-bashoperator.py
[2024-06-18 00:32:06,112] {processor.py:641} INFO - Processing file /opt/airflow/dags/1-bashoperator.py for tasks to queue
[2024-06-18 00:32:06,113] {logging_mixin.py:115} INFO - [2024-06-18 00:32:06,113] {dagbag.py:508} INFO - Filling up the DagBag from /opt/airflow/dags/1-bashoperator.py
[2024-06-18 00:32:06,116] {processor.py:651} INFO - DAG(s) dict_keys(['bashoperator']) retrieved from /opt/airflow/dags/1-bashoperator.py
[2024-06-18 00:32:06,132] {logging_mixin.py:115} INFO - [2024-06-18 00:32:06,132] {dag.py:2420} INFO - Sync 1 DAGs
[2024-06-18 00:32:06,144] {logging_mixin.py:115} INFO - [2024-06-18 00:32:06,144] {dag.py:2972} INFO - Setting next_dagrun for bashoperator to 2024-05-15T00:00:00+00:00, run_after=2024-05-16T00:00:00+00:00
[2024-06-18 00:32:06,151] {processor.py:161} INFO - Processing /opt/airflow/dags/1-bashoperator.py took 0.042 seconds
[2024-06-18 00:32:36,464] {processor.py:153} INFO - Started process (PID=28270) to work on /opt/airflow/dags/1-bashoperator.py
[2024-06-18 00:32:36,464] {processor.py:641} INFO - Processing file /opt/airflow/dags/1-bashoperator.py for tasks to queue
[2024-06-18 00:32:36,465] {logging_mixin.py:115} INFO - [2024-06-18 00:32:36,465] {dagbag.py:508} INFO - Filling up the DagBag from /opt/airflow/dags/1-bashoperator.py
[2024-06-18 00:32:36,469] {processor.py:651} INFO - DAG(s) dict_keys(['bashoperator']) retrieved from /opt/airflow/dags/1-bashoperator.py
[2024-06-18 00:32:36,486] {logging_mixin.py:115} INFO - [2024-06-18 00:32:36,486] {dag.py:2420} INFO - Sync 1 DAGs
[2024-06-18 00:32:36,500] {logging_mixin.py:115} INFO - [2024-06-18 00:32:36,500] {dag.py:2972} INFO - Setting next_dagrun for bashoperator to 2024-05-15T00:00:00+00:00, run_after=2024-05-16T00:00:00+00:00
[2024-06-18 00:32:36,508] {processor.py:161} INFO - Processing /opt/airflow/dags/1-bashoperator.py took 0.046 seconds
[2024-06-18 00:33:06,808] {processor.py:153} INFO - Started process (PID=28305) to work on /opt/airflow/dags/1-bashoperator.py
[2024-06-18 00:33:06,808] {processor.py:641} INFO - Processing file /opt/airflow/dags/1-bashoperator.py for tasks to queue
[2024-06-18 00:33:06,809] {logging_mixin.py:115} INFO - [2024-06-18 00:33:06,809] {dagbag.py:508} INFO - Filling up the DagBag from /opt/airflow/dags/1-bashoperator.py
[2024-06-18 00:33:06,813] {processor.py:651} INFO - DAG(s) dict_keys(['bashoperator']) retrieved from /opt/airflow/dags/1-bashoperator.py
[2024-06-18 00:33:06,829] {logging_mixin.py:115} INFO - [2024-06-18 00:33:06,829] {dag.py:2420} INFO - Sync 1 DAGs
[2024-06-18 00:33:06,842] {logging_mixin.py:115} INFO - [2024-06-18 00:33:06,842] {dag.py:2972} INFO - Setting next_dagrun for bashoperator to 2024-05-15T00:00:00+00:00, run_after=2024-05-16T00:00:00+00:00
[2024-06-18 00:33:06,850] {processor.py:161} INFO - Processing /opt/airflow/dags/1-bashoperator.py took 0.044 seconds
[2024-06-18 00:33:37,168] {processor.py:153} INFO - Started process (PID=28331) to work on /opt/airflow/dags/1-bashoperator.py
[2024-06-18 00:33:37,168] {processor.py:641} INFO - Processing file /opt/airflow/dags/1-bashoperator.py for tasks to queue
[2024-06-18 00:33:37,169] {logging_mixin.py:115} INFO - [2024-06-18 00:33:37,169] {dagbag.py:508} INFO - Filling up the DagBag from /opt/airflow/dags/1-bashoperator.py
[2024-06-18 00:33:37,175] {processor.py:651} INFO - DAG(s) dict_keys(['bashoperator']) retrieved from /opt/airflow/dags/1-bashoperator.py
[2024-06-18 00:33:37,191] {logging_mixin.py:115} INFO - [2024-06-18 00:33:37,191] {dag.py:2420} INFO - Sync 1 DAGs
[2024-06-18 00:33:37,205] {logging_mixin.py:115} INFO - [2024-06-18 00:33:37,205] {dag.py:2972} INFO - Setting next_dagrun for bashoperator to 2024-05-15T00:00:00+00:00, run_after=2024-05-16T00:00:00+00:00
[2024-06-18 00:33:37,219] {processor.py:161} INFO - Processing /opt/airflow/dags/1-bashoperator.py took 0.053 seconds
[2024-06-18 00:34:07,529] {processor.py:153} INFO - Started process (PID=28366) to work on /opt/airflow/dags/1-bashoperator.py
[2024-06-18 00:34:07,529] {processor.py:641} INFO - Processing file /opt/airflow/dags/1-bashoperator.py for tasks to queue
[2024-06-18 00:34:07,530] {logging_mixin.py:115} INFO - [2024-06-18 00:34:07,529] {dagbag.py:508} INFO - Filling up the DagBag from /opt/airflow/dags/1-bashoperator.py
[2024-06-18 00:34:07,533] {processor.py:651} INFO - DAG(s) dict_keys(['bashoperator']) retrieved from /opt/airflow/dags/1-bashoperator.py
[2024-06-18 00:34:07,550] {logging_mixin.py:115} INFO - [2024-06-18 00:34:07,549] {dag.py:2420} INFO - Sync 1 DAGs
[2024-06-18 00:34:07,563] {logging_mixin.py:115} INFO - [2024-06-18 00:34:07,563] {dag.py:2972} INFO - Setting next_dagrun for bashoperator to 2024-05-15T00:00:00+00:00, run_after=2024-05-16T00:00:00+00:00
[2024-06-18 00:34:07,572] {processor.py:161} INFO - Processing /opt/airflow/dags/1-bashoperator.py took 0.045 seconds
[2024-06-18 00:34:37,863] {processor.py:153} INFO - Started process (PID=28401) to work on /opt/airflow/dags/1-bashoperator.py
[2024-06-18 00:34:37,864] {processor.py:641} INFO - Processing file /opt/airflow/dags/1-bashoperator.py for tasks to queue
[2024-06-18 00:34:37,864] {logging_mixin.py:115} INFO - [2024-06-18 00:34:37,864] {dagbag.py:508} INFO - Filling up the DagBag from /opt/airflow/dags/1-bashoperator.py
[2024-06-18 00:34:37,867] {processor.py:651} INFO - DAG(s) dict_keys(['bashoperator']) retrieved from /opt/airflow/dags/1-bashoperator.py
[2024-06-18 00:34:37,884] {logging_mixin.py:115} INFO - [2024-06-18 00:34:37,884] {dag.py:2420} INFO - Sync 1 DAGs
[2024-06-18 00:34:37,898] {logging_mixin.py:115} INFO - [2024-06-18 00:34:37,898] {dag.py:2972} INFO - Setting next_dagrun for bashoperator to 2024-05-15T00:00:00+00:00, run_after=2024-05-16T00:00:00+00:00
[2024-06-18 00:34:37,905] {processor.py:161} INFO - Processing /opt/airflow/dags/1-bashoperator.py took 0.044 seconds
[2024-06-18 00:35:08,223] {processor.py:153} INFO - Started process (PID=28436) to work on /opt/airflow/dags/1-bashoperator.py
[2024-06-18 00:35:08,223] {processor.py:641} INFO - Processing file /opt/airflow/dags/1-bashoperator.py for tasks to queue
[2024-06-18 00:35:08,224] {logging_mixin.py:115} INFO - [2024-06-18 00:35:08,224] {dagbag.py:508} INFO - Filling up the DagBag from /opt/airflow/dags/1-bashoperator.py
[2024-06-18 00:35:08,228] {processor.py:651} INFO - DAG(s) dict_keys(['bashoperator']) retrieved from /opt/airflow/dags/1-bashoperator.py
[2024-06-18 00:35:08,248] {logging_mixin.py:115} INFO - [2024-06-18 00:35:08,248] {dag.py:2420} INFO - Sync 1 DAGs
[2024-06-18 00:35:08,262] {logging_mixin.py:115} INFO - [2024-06-18 00:35:08,262] {dag.py:2972} INFO - Setting next_dagrun for bashoperator to 2024-05-15T00:00:00+00:00, run_after=2024-05-16T00:00:00+00:00
[2024-06-18 00:35:08,271] {processor.py:161} INFO - Processing /opt/airflow/dags/1-bashoperator.py took 0.050 seconds
[2024-06-18 00:35:38,642] {processor.py:153} INFO - Started process (PID=28471) to work on /opt/airflow/dags/1-bashoperator.py
[2024-06-18 00:35:38,643] {processor.py:641} INFO - Processing file /opt/airflow/dags/1-bashoperator.py for tasks to queue
[2024-06-18 00:35:38,643] {logging_mixin.py:115} INFO - [2024-06-18 00:35:38,643] {dagbag.py:508} INFO - Filling up the DagBag from /opt/airflow/dags/1-bashoperator.py
[2024-06-18 00:35:38,647] {processor.py:651} INFO - DAG(s) dict_keys(['bashoperator']) retrieved from /opt/airflow/dags/1-bashoperator.py
[2024-06-18 00:35:38,663] {logging_mixin.py:115} INFO - [2024-06-18 00:35:38,663] {dag.py:2420} INFO - Sync 1 DAGs
[2024-06-18 00:35:38,677] {logging_mixin.py:115} INFO - [2024-06-18 00:35:38,677] {dag.py:2972} INFO - Setting next_dagrun for bashoperator to 2024-05-15T00:00:00+00:00, run_after=2024-05-16T00:00:00+00:00
[2024-06-18 00:35:38,684] {processor.py:161} INFO - Processing /opt/airflow/dags/1-bashoperator.py took 0.044 seconds
[2024-06-18 00:36:08,967] {processor.py:153} INFO - Started process (PID=28506) to work on /opt/airflow/dags/1-bashoperator.py
[2024-06-18 00:36:08,967] {processor.py:641} INFO - Processing file /opt/airflow/dags/1-bashoperator.py for tasks to queue
[2024-06-18 00:36:08,968] {logging_mixin.py:115} INFO - [2024-06-18 00:36:08,968] {dagbag.py:508} INFO - Filling up the DagBag from /opt/airflow/dags/1-bashoperator.py
[2024-06-18 00:36:08,972] {processor.py:651} INFO - DAG(s) dict_keys(['bashoperator']) retrieved from /opt/airflow/dags/1-bashoperator.py
[2024-06-18 00:36:08,988] {logging_mixin.py:115} INFO - [2024-06-18 00:36:08,987] {dag.py:2420} INFO - Sync 1 DAGs
[2024-06-18 00:36:09,003] {logging_mixin.py:115} INFO - [2024-06-18 00:36:09,002] {dag.py:2972} INFO - Setting next_dagrun for bashoperator to 2024-05-15T00:00:00+00:00, run_after=2024-05-16T00:00:00+00:00
[2024-06-18 00:36:09,014] {processor.py:161} INFO - Processing /opt/airflow/dags/1-bashoperator.py took 0.050 seconds
[2024-06-18 00:36:39,332] {processor.py:153} INFO - Started process (PID=28532) to work on /opt/airflow/dags/1-bashoperator.py
[2024-06-18 00:36:39,333] {processor.py:641} INFO - Processing file /opt/airflow/dags/1-bashoperator.py for tasks to queue
[2024-06-18 00:36:39,333] {logging_mixin.py:115} INFO - [2024-06-18 00:36:39,333] {dagbag.py:508} INFO - Filling up the DagBag from /opt/airflow/dags/1-bashoperator.py
[2024-06-18 00:36:39,336] {processor.py:651} INFO - DAG(s) dict_keys(['bashoperator']) retrieved from /opt/airflow/dags/1-bashoperator.py
[2024-06-18 00:36:39,353] {logging_mixin.py:115} INFO - [2024-06-18 00:36:39,352] {dag.py:2420} INFO - Sync 1 DAGs
[2024-06-18 00:36:39,366] {logging_mixin.py:115} INFO - [2024-06-18 00:36:39,366] {dag.py:2972} INFO - Setting next_dagrun for bashoperator to 2024-05-15T00:00:00+00:00, run_after=2024-05-16T00:00:00+00:00
[2024-06-18 00:36:39,375] {processor.py:161} INFO - Processing /opt/airflow/dags/1-bashoperator.py took 0.044 seconds
[2024-06-18 00:37:09,677] {processor.py:153} INFO - Started process (PID=28567) to work on /opt/airflow/dags/1-bashoperator.py
[2024-06-18 00:37:09,677] {processor.py:641} INFO - Processing file /opt/airflow/dags/1-bashoperator.py for tasks to queue
[2024-06-18 00:37:09,678] {logging_mixin.py:115} INFO - [2024-06-18 00:37:09,677] {dagbag.py:508} INFO - Filling up the DagBag from /opt/airflow/dags/1-bashoperator.py
[2024-06-18 00:37:09,682] {processor.py:651} INFO - DAG(s) dict_keys(['bashoperator']) retrieved from /opt/airflow/dags/1-bashoperator.py
[2024-06-18 00:37:09,698] {logging_mixin.py:115} INFO - [2024-06-18 00:37:09,698] {dag.py:2420} INFO - Sync 1 DAGs
[2024-06-18 00:37:09,711] {logging_mixin.py:115} INFO - [2024-06-18 00:37:09,711] {dag.py:2972} INFO - Setting next_dagrun for bashoperator to 2024-05-15T00:00:00+00:00, run_after=2024-05-16T00:00:00+00:00
[2024-06-18 00:37:09,718] {processor.py:161} INFO - Processing /opt/airflow/dags/1-bashoperator.py took 0.044 seconds
[2024-06-18 00:37:40,027] {processor.py:153} INFO - Started process (PID=28602) to work on /opt/airflow/dags/1-bashoperator.py
[2024-06-18 00:37:40,028] {processor.py:641} INFO - Processing file /opt/airflow/dags/1-bashoperator.py for tasks to queue
[2024-06-18 00:37:40,028] {logging_mixin.py:115} INFO - [2024-06-18 00:37:40,028] {dagbag.py:508} INFO - Filling up the DagBag from /opt/airflow/dags/1-bashoperator.py
[2024-06-18 00:37:40,033] {processor.py:651} INFO - DAG(s) dict_keys(['bashoperator']) retrieved from /opt/airflow/dags/1-bashoperator.py
[2024-06-18 00:37:40,049] {logging_mixin.py:115} INFO - [2024-06-18 00:37:40,049] {dag.py:2420} INFO - Sync 1 DAGs
[2024-06-18 00:37:40,061] {logging_mixin.py:115} INFO - [2024-06-18 00:37:40,061] {dag.py:2972} INFO - Setting next_dagrun for bashoperator to 2024-05-15T00:00:00+00:00, run_after=2024-05-16T00:00:00+00:00
[2024-06-18 00:37:40,069] {processor.py:161} INFO - Processing /opt/airflow/dags/1-bashoperator.py took 0.044 seconds
[2024-06-18 00:38:10,379] {processor.py:153} INFO - Started process (PID=28637) to work on /opt/airflow/dags/1-bashoperator.py
[2024-06-18 00:38:10,379] {processor.py:641} INFO - Processing file /opt/airflow/dags/1-bashoperator.py for tasks to queue
[2024-06-18 00:38:10,379] {logging_mixin.py:115} INFO - [2024-06-18 00:38:10,379] {dagbag.py:508} INFO - Filling up the DagBag from /opt/airflow/dags/1-bashoperator.py
[2024-06-18 00:38:10,384] {processor.py:651} INFO - DAG(s) dict_keys(['bashoperator']) retrieved from /opt/airflow/dags/1-bashoperator.py
[2024-06-18 00:38:10,399] {logging_mixin.py:115} INFO - [2024-06-18 00:38:10,399] {dag.py:2420} INFO - Sync 1 DAGs
[2024-06-18 00:38:10,412] {logging_mixin.py:115} INFO - [2024-06-18 00:38:10,412] {dag.py:2972} INFO - Setting next_dagrun for bashoperator to 2024-05-15T00:00:00+00:00, run_after=2024-05-16T00:00:00+00:00
[2024-06-18 00:38:10,420] {processor.py:161} INFO - Processing /opt/airflow/dags/1-bashoperator.py took 0.044 seconds
[2024-06-18 00:38:40,708] {processor.py:153} INFO - Started process (PID=28672) to work on /opt/airflow/dags/1-bashoperator.py
[2024-06-18 00:38:40,709] {processor.py:641} INFO - Processing file /opt/airflow/dags/1-bashoperator.py for tasks to queue
[2024-06-18 00:38:40,709] {logging_mixin.py:115} INFO - [2024-06-18 00:38:40,709] {dagbag.py:508} INFO - Filling up the DagBag from /opt/airflow/dags/1-bashoperator.py
[2024-06-18 00:38:40,714] {processor.py:651} INFO - DAG(s) dict_keys(['bashoperator']) retrieved from /opt/airflow/dags/1-bashoperator.py
[2024-06-18 00:38:40,729] {logging_mixin.py:115} INFO - [2024-06-18 00:38:40,729] {dag.py:2420} INFO - Sync 1 DAGs
[2024-06-18 00:38:40,744] {logging_mixin.py:115} INFO - [2024-06-18 00:38:40,744] {dag.py:2972} INFO - Setting next_dagrun for bashoperator to 2024-05-15T00:00:00+00:00, run_after=2024-05-16T00:00:00+00:00
[2024-06-18 00:38:40,752] {processor.py:161} INFO - Processing /opt/airflow/dags/1-bashoperator.py took 0.046 seconds
[2024-06-18 00:39:11,115] {processor.py:153} INFO - Started process (PID=28698) to work on /opt/airflow/dags/1-bashoperator.py
[2024-06-18 00:39:11,115] {processor.py:641} INFO - Processing file /opt/airflow/dags/1-bashoperator.py for tasks to queue
[2024-06-18 00:39:11,116] {logging_mixin.py:115} INFO - [2024-06-18 00:39:11,116] {dagbag.py:508} INFO - Filling up the DagBag from /opt/airflow/dags/1-bashoperator.py
[2024-06-18 00:39:11,119] {processor.py:651} INFO - DAG(s) dict_keys(['bashoperator']) retrieved from /opt/airflow/dags/1-bashoperator.py
[2024-06-18 00:39:11,136] {logging_mixin.py:115} INFO - [2024-06-18 00:39:11,136] {dag.py:2420} INFO - Sync 1 DAGs
[2024-06-18 00:39:11,149] {logging_mixin.py:115} INFO - [2024-06-18 00:39:11,149] {dag.py:2972} INFO - Setting next_dagrun for bashoperator to 2024-05-15T00:00:00+00:00, run_after=2024-05-16T00:00:00+00:00
[2024-06-18 00:39:11,157] {processor.py:161} INFO - Processing /opt/airflow/dags/1-bashoperator.py took 0.045 seconds
[2024-06-18 00:39:41,411] {processor.py:153} INFO - Started process (PID=28732) to work on /opt/airflow/dags/1-bashoperator.py
[2024-06-18 00:39:41,412] {processor.py:641} INFO - Processing file /opt/airflow/dags/1-bashoperator.py for tasks to queue
[2024-06-18 00:39:41,412] {logging_mixin.py:115} INFO - [2024-06-18 00:39:41,412] {dagbag.py:508} INFO - Filling up the DagBag from /opt/airflow/dags/1-bashoperator.py
[2024-06-18 00:39:41,415] {processor.py:651} INFO - DAG(s) dict_keys(['bashoperator']) retrieved from /opt/airflow/dags/1-bashoperator.py
[2024-06-18 00:39:41,431] {logging_mixin.py:115} INFO - [2024-06-18 00:39:41,431] {dag.py:2420} INFO - Sync 1 DAGs
[2024-06-18 00:39:41,444] {logging_mixin.py:115} INFO - [2024-06-18 00:39:41,444] {dag.py:2972} INFO - Setting next_dagrun for bashoperator to 2024-05-15T00:00:00+00:00, run_after=2024-05-16T00:00:00+00:00
[2024-06-18 00:39:41,452] {processor.py:161} INFO - Processing /opt/airflow/dags/1-bashoperator.py took 0.043 seconds
[2024-06-18 00:40:11,767] {processor.py:153} INFO - Started process (PID=28767) to work on /opt/airflow/dags/1-bashoperator.py
[2024-06-18 00:40:11,767] {processor.py:641} INFO - Processing file /opt/airflow/dags/1-bashoperator.py for tasks to queue
[2024-06-18 00:40:11,768] {logging_mixin.py:115} INFO - [2024-06-18 00:40:11,767] {dagbag.py:508} INFO - Filling up the DagBag from /opt/airflow/dags/1-bashoperator.py
[2024-06-18 00:40:11,771] {processor.py:651} INFO - DAG(s) dict_keys(['bashoperator']) retrieved from /opt/airflow/dags/1-bashoperator.py
[2024-06-18 00:40:11,793] {logging_mixin.py:115} INFO - [2024-06-18 00:40:11,792] {dag.py:2420} INFO - Sync 1 DAGs
[2024-06-18 00:40:11,806] {logging_mixin.py:115} INFO - [2024-06-18 00:40:11,806] {dag.py:2972} INFO - Setting next_dagrun for bashoperator to 2024-05-15T00:00:00+00:00, run_after=2024-05-16T00:00:00+00:00
[2024-06-18 00:40:11,815] {processor.py:161} INFO - Processing /opt/airflow/dags/1-bashoperator.py took 0.050 seconds
[2024-06-18 00:40:42,124] {processor.py:153} INFO - Started process (PID=28802) to work on /opt/airflow/dags/1-bashoperator.py
[2024-06-18 00:40:42,125] {processor.py:641} INFO - Processing file /opt/airflow/dags/1-bashoperator.py for tasks to queue
[2024-06-18 00:40:42,125] {logging_mixin.py:115} INFO - [2024-06-18 00:40:42,125] {dagbag.py:508} INFO - Filling up the DagBag from /opt/airflow/dags/1-bashoperator.py
[2024-06-18 00:40:42,131] {processor.py:651} INFO - DAG(s) dict_keys(['bashoperator']) retrieved from /opt/airflow/dags/1-bashoperator.py
[2024-06-18 00:40:42,147] {logging_mixin.py:115} INFO - [2024-06-18 00:40:42,147] {dag.py:2420} INFO - Sync 1 DAGs
[2024-06-18 00:40:42,162] {logging_mixin.py:115} INFO - [2024-06-18 00:40:42,162] {dag.py:2972} INFO - Setting next_dagrun for bashoperator to 2024-05-15T00:00:00+00:00, run_after=2024-05-16T00:00:00+00:00
[2024-06-18 00:40:42,170] {processor.py:161} INFO - Processing /opt/airflow/dags/1-bashoperator.py took 0.050 seconds
[2024-06-18 00:41:12,524] {processor.py:153} INFO - Started process (PID=28837) to work on /opt/airflow/dags/1-bashoperator.py
[2024-06-18 00:41:12,524] {processor.py:641} INFO - Processing file /opt/airflow/dags/1-bashoperator.py for tasks to queue
[2024-06-18 00:41:12,525] {logging_mixin.py:115} INFO - [2024-06-18 00:41:12,525] {dagbag.py:508} INFO - Filling up the DagBag from /opt/airflow/dags/1-bashoperator.py
[2024-06-18 00:41:12,530] {processor.py:651} INFO - DAG(s) dict_keys(['bashoperator']) retrieved from /opt/airflow/dags/1-bashoperator.py
[2024-06-18 00:41:12,545] {logging_mixin.py:115} INFO - [2024-06-18 00:41:12,545] {dag.py:2420} INFO - Sync 1 DAGs
[2024-06-18 00:41:12,559] {logging_mixin.py:115} INFO - [2024-06-18 00:41:12,559] {dag.py:2972} INFO - Setting next_dagrun for bashoperator to 2024-05-15T00:00:00+00:00, run_after=2024-05-16T00:00:00+00:00
[2024-06-18 00:41:12,566] {processor.py:161} INFO - Processing /opt/airflow/dags/1-bashoperator.py took 0.045 seconds
[2024-06-18 00:41:42,872] {processor.py:153} INFO - Started process (PID=28863) to work on /opt/airflow/dags/1-bashoperator.py
[2024-06-18 00:41:42,872] {processor.py:641} INFO - Processing file /opt/airflow/dags/1-bashoperator.py for tasks to queue
[2024-06-18 00:41:42,872] {logging_mixin.py:115} INFO - [2024-06-18 00:41:42,872] {dagbag.py:508} INFO - Filling up the DagBag from /opt/airflow/dags/1-bashoperator.py
[2024-06-18 00:41:42,877] {processor.py:651} INFO - DAG(s) dict_keys(['bashoperator']) retrieved from /opt/airflow/dags/1-bashoperator.py
[2024-06-18 00:41:42,894] {logging_mixin.py:115} INFO - [2024-06-18 00:41:42,894] {dag.py:2420} INFO - Sync 1 DAGs
[2024-06-18 00:41:42,910] {logging_mixin.py:115} INFO - [2024-06-18 00:41:42,910] {dag.py:2972} INFO - Setting next_dagrun for bashoperator to 2024-05-15T00:00:00+00:00, run_after=2024-05-16T00:00:00+00:00
[2024-06-18 00:41:42,920] {processor.py:161} INFO - Processing /opt/airflow/dags/1-bashoperator.py took 0.051 seconds
[2024-06-18 00:42:13,244] {processor.py:153} INFO - Started process (PID=28898) to work on /opt/airflow/dags/1-bashoperator.py
[2024-06-18 00:42:13,244] {processor.py:641} INFO - Processing file /opt/airflow/dags/1-bashoperator.py for tasks to queue
[2024-06-18 00:42:13,244] {logging_mixin.py:115} INFO - [2024-06-18 00:42:13,244] {dagbag.py:508} INFO - Filling up the DagBag from /opt/airflow/dags/1-bashoperator.py
[2024-06-18 00:42:13,250] {processor.py:651} INFO - DAG(s) dict_keys(['bashoperator']) retrieved from /opt/airflow/dags/1-bashoperator.py
[2024-06-18 00:42:13,266] {logging_mixin.py:115} INFO - [2024-06-18 00:42:13,266] {dag.py:2420} INFO - Sync 1 DAGs
[2024-06-18 00:42:13,279] {logging_mixin.py:115} INFO - [2024-06-18 00:42:13,279] {dag.py:2972} INFO - Setting next_dagrun for bashoperator to 2024-05-15T00:00:00+00:00, run_after=2024-05-16T00:00:00+00:00
[2024-06-18 00:42:13,287] {processor.py:161} INFO - Processing /opt/airflow/dags/1-bashoperator.py took 0.048 seconds
[2024-06-18 00:42:43,645] {processor.py:153} INFO - Started process (PID=28933) to work on /opt/airflow/dags/1-bashoperator.py
[2024-06-18 00:42:43,645] {processor.py:641} INFO - Processing file /opt/airflow/dags/1-bashoperator.py for tasks to queue
[2024-06-18 00:42:43,645] {logging_mixin.py:115} INFO - [2024-06-18 00:42:43,645] {dagbag.py:508} INFO - Filling up the DagBag from /opt/airflow/dags/1-bashoperator.py
[2024-06-18 00:42:43,649] {processor.py:651} INFO - DAG(s) dict_keys(['bashoperator']) retrieved from /opt/airflow/dags/1-bashoperator.py
[2024-06-18 00:42:43,670] {logging_mixin.py:115} INFO - [2024-06-18 00:42:43,669] {dag.py:2420} INFO - Sync 1 DAGs
[2024-06-18 00:42:43,684] {logging_mixin.py:115} INFO - [2024-06-18 00:42:43,684] {dag.py:2972} INFO - Setting next_dagrun for bashoperator to 2024-05-15T00:00:00+00:00, run_after=2024-05-16T00:00:00+00:00
[2024-06-18 00:42:43,692] {processor.py:161} INFO - Processing /opt/airflow/dags/1-bashoperator.py took 0.050 seconds
[2024-06-18 00:43:13,988] {processor.py:153} INFO - Started process (PID=28968) to work on /opt/airflow/dags/1-bashoperator.py
[2024-06-18 00:43:13,989] {processor.py:641} INFO - Processing file /opt/airflow/dags/1-bashoperator.py for tasks to queue
[2024-06-18 00:43:13,989] {logging_mixin.py:115} INFO - [2024-06-18 00:43:13,989] {dagbag.py:508} INFO - Filling up the DagBag from /opt/airflow/dags/1-bashoperator.py
[2024-06-18 00:43:13,994] {processor.py:651} INFO - DAG(s) dict_keys(['bashoperator']) retrieved from /opt/airflow/dags/1-bashoperator.py
[2024-06-18 00:43:14,010] {logging_mixin.py:115} INFO - [2024-06-18 00:43:14,010] {dag.py:2420} INFO - Sync 1 DAGs
[2024-06-18 00:43:14,025] {logging_mixin.py:115} INFO - [2024-06-18 00:43:14,025] {dag.py:2972} INFO - Setting next_dagrun for bashoperator to 2024-05-15T00:00:00+00:00, run_after=2024-05-16T00:00:00+00:00
[2024-06-18 00:43:14,032] {processor.py:161} INFO - Processing /opt/airflow/dags/1-bashoperator.py took 0.046 seconds
[2024-06-18 00:43:44,283] {processor.py:153} INFO - Started process (PID=29003) to work on /opt/airflow/dags/1-bashoperator.py
[2024-06-18 00:43:44,284] {processor.py:641} INFO - Processing file /opt/airflow/dags/1-bashoperator.py for tasks to queue
[2024-06-18 00:43:44,284] {logging_mixin.py:115} INFO - [2024-06-18 00:43:44,284] {dagbag.py:508} INFO - Filling up the DagBag from /opt/airflow/dags/1-bashoperator.py
[2024-06-18 00:43:44,288] {processor.py:651} INFO - DAG(s) dict_keys(['bashoperator']) retrieved from /opt/airflow/dags/1-bashoperator.py
[2024-06-18 00:43:44,303] {logging_mixin.py:115} INFO - [2024-06-18 00:43:44,303] {dag.py:2420} INFO - Sync 1 DAGs
[2024-06-18 00:43:44,317] {logging_mixin.py:115} INFO - [2024-06-18 00:43:44,317] {dag.py:2972} INFO - Setting next_dagrun for bashoperator to 2024-05-15T00:00:00+00:00, run_after=2024-05-16T00:00:00+00:00
[2024-06-18 00:43:44,325] {processor.py:161} INFO - Processing /opt/airflow/dags/1-bashoperator.py took 0.044 seconds
[2024-06-18 00:44:14,675] {processor.py:153} INFO - Started process (PID=29038) to work on /opt/airflow/dags/1-bashoperator.py
[2024-06-18 00:44:14,675] {processor.py:641} INFO - Processing file /opt/airflow/dags/1-bashoperator.py for tasks to queue
[2024-06-18 00:44:14,675] {logging_mixin.py:115} INFO - [2024-06-18 00:44:14,675] {dagbag.py:508} INFO - Filling up the DagBag from /opt/airflow/dags/1-bashoperator.py
[2024-06-18 00:44:14,680] {processor.py:651} INFO - DAG(s) dict_keys(['bashoperator']) retrieved from /opt/airflow/dags/1-bashoperator.py
[2024-06-18 00:44:14,696] {logging_mixin.py:115} INFO - [2024-06-18 00:44:14,696] {dag.py:2420} INFO - Sync 1 DAGs
[2024-06-18 00:44:14,711] {logging_mixin.py:115} INFO - [2024-06-18 00:44:14,711] {dag.py:2972} INFO - Setting next_dagrun for bashoperator to 2024-05-15T00:00:00+00:00, run_after=2024-05-16T00:00:00+00:00
[2024-06-18 00:44:14,719] {processor.py:161} INFO - Processing /opt/airflow/dags/1-bashoperator.py took 0.046 seconds
[2024-06-18 00:44:45,022] {processor.py:153} INFO - Started process (PID=29064) to work on /opt/airflow/dags/1-bashoperator.py
[2024-06-18 00:44:45,022] {processor.py:641} INFO - Processing file /opt/airflow/dags/1-bashoperator.py for tasks to queue
[2024-06-18 00:44:45,023] {logging_mixin.py:115} INFO - [2024-06-18 00:44:45,023] {dagbag.py:508} INFO - Filling up the DagBag from /opt/airflow/dags/1-bashoperator.py
[2024-06-18 00:44:45,026] {processor.py:651} INFO - DAG(s) dict_keys(['bashoperator']) retrieved from /opt/airflow/dags/1-bashoperator.py
[2024-06-18 00:44:45,042] {logging_mixin.py:115} INFO - [2024-06-18 00:44:45,042] {dag.py:2420} INFO - Sync 1 DAGs
[2024-06-18 00:44:45,055] {logging_mixin.py:115} INFO - [2024-06-18 00:44:45,055] {dag.py:2972} INFO - Setting next_dagrun for bashoperator to 2024-05-15T00:00:00+00:00, run_after=2024-05-16T00:00:00+00:00
[2024-06-18 00:44:45,064] {processor.py:161} INFO - Processing /opt/airflow/dags/1-bashoperator.py took 0.044 seconds
[2024-06-18 00:45:15,424] {processor.py:153} INFO - Started process (PID=29099) to work on /opt/airflow/dags/1-bashoperator.py
[2024-06-18 00:45:15,424] {processor.py:641} INFO - Processing file /opt/airflow/dags/1-bashoperator.py for tasks to queue
[2024-06-18 00:45:15,424] {logging_mixin.py:115} INFO - [2024-06-18 00:45:15,424] {dagbag.py:508} INFO - Filling up the DagBag from /opt/airflow/dags/1-bashoperator.py
[2024-06-18 00:45:15,428] {processor.py:651} INFO - DAG(s) dict_keys(['bashoperator']) retrieved from /opt/airflow/dags/1-bashoperator.py
[2024-06-18 00:45:15,445] {logging_mixin.py:115} INFO - [2024-06-18 00:45:15,445] {dag.py:2420} INFO - Sync 1 DAGs
[2024-06-18 00:45:15,458] {logging_mixin.py:115} INFO - [2024-06-18 00:45:15,458] {dag.py:2972} INFO - Setting next_dagrun for bashoperator to 2024-05-15T00:00:00+00:00, run_after=2024-05-16T00:00:00+00:00
[2024-06-18 00:45:15,466] {processor.py:161} INFO - Processing /opt/airflow/dags/1-bashoperator.py took 0.045 seconds
[2024-06-18 00:45:45,827] {processor.py:153} INFO - Started process (PID=29133) to work on /opt/airflow/dags/1-bashoperator.py
[2024-06-18 00:45:45,828] {processor.py:641} INFO - Processing file /opt/airflow/dags/1-bashoperator.py for tasks to queue
[2024-06-18 00:45:45,828] {logging_mixin.py:115} INFO - [2024-06-18 00:45:45,828] {dagbag.py:508} INFO - Filling up the DagBag from /opt/airflow/dags/1-bashoperator.py
[2024-06-18 00:45:45,832] {processor.py:651} INFO - DAG(s) dict_keys(['bashoperator']) retrieved from /opt/airflow/dags/1-bashoperator.py
[2024-06-18 00:45:45,850] {logging_mixin.py:115} INFO - [2024-06-18 00:45:45,850] {dag.py:2420} INFO - Sync 1 DAGs
[2024-06-18 00:45:45,865] {logging_mixin.py:115} INFO - [2024-06-18 00:45:45,865] {dag.py:2972} INFO - Setting next_dagrun for bashoperator to 2024-05-15T00:00:00+00:00, run_after=2024-05-16T00:00:00+00:00
[2024-06-18 00:45:45,873] {processor.py:161} INFO - Processing /opt/airflow/dags/1-bashoperator.py took 0.048 seconds
[2024-06-18 00:46:16,172] {processor.py:153} INFO - Started process (PID=29169) to work on /opt/airflow/dags/1-bashoperator.py
[2024-06-18 00:46:16,172] {processor.py:641} INFO - Processing file /opt/airflow/dags/1-bashoperator.py for tasks to queue
[2024-06-18 00:46:16,173] {logging_mixin.py:115} INFO - [2024-06-18 00:46:16,172] {dagbag.py:508} INFO - Filling up the DagBag from /opt/airflow/dags/1-bashoperator.py
[2024-06-18 00:46:16,176] {processor.py:651} INFO - DAG(s) dict_keys(['bashoperator']) retrieved from /opt/airflow/dags/1-bashoperator.py
[2024-06-18 00:46:16,193] {logging_mixin.py:115} INFO - [2024-06-18 00:46:16,193] {dag.py:2420} INFO - Sync 1 DAGs
[2024-06-18 00:46:16,206] {logging_mixin.py:115} INFO - [2024-06-18 00:46:16,206] {dag.py:2972} INFO - Setting next_dagrun for bashoperator to 2024-05-15T00:00:00+00:00, run_after=2024-05-16T00:00:00+00:00
[2024-06-18 00:46:16,213] {processor.py:161} INFO - Processing /opt/airflow/dags/1-bashoperator.py took 0.044 seconds
[2024-06-18 00:46:46,520] {processor.py:153} INFO - Started process (PID=29204) to work on /opt/airflow/dags/1-bashoperator.py
[2024-06-18 00:46:46,520] {processor.py:641} INFO - Processing file /opt/airflow/dags/1-bashoperator.py for tasks to queue
[2024-06-18 00:46:46,521] {logging_mixin.py:115} INFO - [2024-06-18 00:46:46,521] {dagbag.py:508} INFO - Filling up the DagBag from /opt/airflow/dags/1-bashoperator.py
[2024-06-18 00:46:46,524] {processor.py:651} INFO - DAG(s) dict_keys(['bashoperator']) retrieved from /opt/airflow/dags/1-bashoperator.py
[2024-06-18 00:46:46,540] {logging_mixin.py:115} INFO - [2024-06-18 00:46:46,540] {dag.py:2420} INFO - Sync 1 DAGs
[2024-06-18 00:46:46,557] {logging_mixin.py:115} INFO - [2024-06-18 00:46:46,556] {dag.py:2972} INFO - Setting next_dagrun for bashoperator to 2024-05-15T00:00:00+00:00, run_after=2024-05-16T00:00:00+00:00
[2024-06-18 00:46:46,567] {processor.py:161} INFO - Processing /opt/airflow/dags/1-bashoperator.py took 0.049 seconds
[2024-06-18 00:47:16,941] {processor.py:153} INFO - Started process (PID=29230) to work on /opt/airflow/dags/1-bashoperator.py
[2024-06-18 00:47:16,941] {processor.py:641} INFO - Processing file /opt/airflow/dags/1-bashoperator.py for tasks to queue
[2024-06-18 00:47:16,941] {logging_mixin.py:115} INFO - [2024-06-18 00:47:16,941] {dagbag.py:508} INFO - Filling up the DagBag from /opt/airflow/dags/1-bashoperator.py
[2024-06-18 00:47:16,945] {processor.py:651} INFO - DAG(s) dict_keys(['bashoperator']) retrieved from /opt/airflow/dags/1-bashoperator.py
[2024-06-18 00:47:16,962] {logging_mixin.py:115} INFO - [2024-06-18 00:47:16,962] {dag.py:2420} INFO - Sync 1 DAGs
[2024-06-18 00:47:16,977] {logging_mixin.py:115} INFO - [2024-06-18 00:47:16,977] {dag.py:2972} INFO - Setting next_dagrun for bashoperator to 2024-05-15T00:00:00+00:00, run_after=2024-05-16T00:00:00+00:00
[2024-06-18 00:47:16,984] {processor.py:161} INFO - Processing /opt/airflow/dags/1-bashoperator.py took 0.045 seconds
[2024-06-18 00:47:47,282] {processor.py:153} INFO - Started process (PID=29264) to work on /opt/airflow/dags/1-bashoperator.py
[2024-06-18 00:47:47,282] {processor.py:641} INFO - Processing file /opt/airflow/dags/1-bashoperator.py for tasks to queue
[2024-06-18 00:47:47,283] {logging_mixin.py:115} INFO - [2024-06-18 00:47:47,283] {dagbag.py:508} INFO - Filling up the DagBag from /opt/airflow/dags/1-bashoperator.py
[2024-06-18 00:47:47,289] {processor.py:651} INFO - DAG(s) dict_keys(['bashoperator']) retrieved from /opt/airflow/dags/1-bashoperator.py
[2024-06-18 00:47:47,306] {logging_mixin.py:115} INFO - [2024-06-18 00:47:47,306] {dag.py:2420} INFO - Sync 1 DAGs
[2024-06-18 00:47:47,321] {logging_mixin.py:115} INFO - [2024-06-18 00:47:47,321] {dag.py:2972} INFO - Setting next_dagrun for bashoperator to 2024-05-15T00:00:00+00:00, run_after=2024-05-16T00:00:00+00:00
[2024-06-18 00:47:47,331] {processor.py:161} INFO - Processing /opt/airflow/dags/1-bashoperator.py took 0.051 seconds
[2024-06-18 00:48:17,634] {processor.py:153} INFO - Started process (PID=29299) to work on /opt/airflow/dags/1-bashoperator.py
[2024-06-18 00:48:17,634] {processor.py:641} INFO - Processing file /opt/airflow/dags/1-bashoperator.py for tasks to queue
[2024-06-18 00:48:17,634] {logging_mixin.py:115} INFO - [2024-06-18 00:48:17,634] {dagbag.py:508} INFO - Filling up the DagBag from /opt/airflow/dags/1-bashoperator.py
[2024-06-18 00:48:17,640] {processor.py:651} INFO - DAG(s) dict_keys(['bashoperator']) retrieved from /opt/airflow/dags/1-bashoperator.py
[2024-06-18 00:48:17,658] {logging_mixin.py:115} INFO - [2024-06-18 00:48:17,658] {dag.py:2420} INFO - Sync 1 DAGs
[2024-06-18 00:48:17,673] {logging_mixin.py:115} INFO - [2024-06-18 00:48:17,673] {dag.py:2972} INFO - Setting next_dagrun for bashoperator to 2024-05-15T00:00:00+00:00, run_after=2024-05-16T00:00:00+00:00
[2024-06-18 00:48:17,683] {processor.py:161} INFO - Processing /opt/airflow/dags/1-bashoperator.py took 0.052 seconds
[2024-06-18 00:48:48,049] {processor.py:153} INFO - Started process (PID=29334) to work on /opt/airflow/dags/1-bashoperator.py
[2024-06-18 00:48:48,050] {processor.py:641} INFO - Processing file /opt/airflow/dags/1-bashoperator.py for tasks to queue
[2024-06-18 00:48:48,050] {logging_mixin.py:115} INFO - [2024-06-18 00:48:48,050] {dagbag.py:508} INFO - Filling up the DagBag from /opt/airflow/dags/1-bashoperator.py
[2024-06-18 00:48:48,054] {processor.py:651} INFO - DAG(s) dict_keys(['bashoperator']) retrieved from /opt/airflow/dags/1-bashoperator.py
[2024-06-18 00:48:48,070] {logging_mixin.py:115} INFO - [2024-06-18 00:48:48,070] {dag.py:2420} INFO - Sync 1 DAGs
[2024-06-18 00:48:48,085] {logging_mixin.py:115} INFO - [2024-06-18 00:48:48,085] {dag.py:2972} INFO - Setting next_dagrun for bashoperator to 2024-05-15T00:00:00+00:00, run_after=2024-05-16T00:00:00+00:00
[2024-06-18 00:48:48,094] {processor.py:161} INFO - Processing /opt/airflow/dags/1-bashoperator.py took 0.047 seconds
[2024-06-18 00:49:18,386] {processor.py:153} INFO - Started process (PID=29368) to work on /opt/airflow/dags/1-bashoperator.py
[2024-06-18 00:49:18,387] {processor.py:641} INFO - Processing file /opt/airflow/dags/1-bashoperator.py for tasks to queue
[2024-06-18 00:49:18,387] {logging_mixin.py:115} INFO - [2024-06-18 00:49:18,387] {dagbag.py:508} INFO - Filling up the DagBag from /opt/airflow/dags/1-bashoperator.py
[2024-06-18 00:49:18,391] {processor.py:651} INFO - DAG(s) dict_keys(['bashoperator']) retrieved from /opt/airflow/dags/1-bashoperator.py
[2024-06-18 00:49:18,406] {logging_mixin.py:115} INFO - [2024-06-18 00:49:18,406] {dag.py:2420} INFO - Sync 1 DAGs
[2024-06-18 00:49:18,419] {logging_mixin.py:115} INFO - [2024-06-18 00:49:18,419] {dag.py:2972} INFO - Setting next_dagrun for bashoperator to 2024-05-15T00:00:00+00:00, run_after=2024-05-16T00:00:00+00:00
[2024-06-18 00:49:18,426] {processor.py:161} INFO - Processing /opt/airflow/dags/1-bashoperator.py took 0.042 seconds
[2024-06-18 00:49:48,812] {processor.py:153} INFO - Started process (PID=29403) to work on /opt/airflow/dags/1-bashoperator.py
[2024-06-18 00:49:48,813] {processor.py:641} INFO - Processing file /opt/airflow/dags/1-bashoperator.py for tasks to queue
[2024-06-18 00:49:48,813] {logging_mixin.py:115} INFO - [2024-06-18 00:49:48,813] {dagbag.py:508} INFO - Filling up the DagBag from /opt/airflow/dags/1-bashoperator.py
[2024-06-18 00:49:48,817] {processor.py:651} INFO - DAG(s) dict_keys(['bashoperator']) retrieved from /opt/airflow/dags/1-bashoperator.py
[2024-06-18 00:49:48,836] {logging_mixin.py:115} INFO - [2024-06-18 00:49:48,836] {dag.py:2420} INFO - Sync 1 DAGs
[2024-06-18 00:49:48,856] {logging_mixin.py:115} INFO - [2024-06-18 00:49:48,855] {dag.py:2972} INFO - Setting next_dagrun for bashoperator to 2024-05-15T00:00:00+00:00, run_after=2024-05-16T00:00:00+00:00
[2024-06-18 00:49:48,869] {processor.py:161} INFO - Processing /opt/airflow/dags/1-bashoperator.py took 0.059 seconds
[2024-06-18 00:50:19,218] {processor.py:153} INFO - Started process (PID=29429) to work on /opt/airflow/dags/1-bashoperator.py
[2024-06-18 00:50:19,218] {processor.py:641} INFO - Processing file /opt/airflow/dags/1-bashoperator.py for tasks to queue
[2024-06-18 00:50:19,218] {logging_mixin.py:115} INFO - [2024-06-18 00:50:19,218] {dagbag.py:508} INFO - Filling up the DagBag from /opt/airflow/dags/1-bashoperator.py
[2024-06-18 00:50:19,223] {processor.py:651} INFO - DAG(s) dict_keys(['bashoperator']) retrieved from /opt/airflow/dags/1-bashoperator.py
[2024-06-18 00:50:19,238] {logging_mixin.py:115} INFO - [2024-06-18 00:50:19,238] {dag.py:2420} INFO - Sync 1 DAGs
[2024-06-18 00:50:19,253] {logging_mixin.py:115} INFO - [2024-06-18 00:50:19,253] {dag.py:2972} INFO - Setting next_dagrun for bashoperator to 2024-05-15T00:00:00+00:00, run_after=2024-05-16T00:00:00+00:00
[2024-06-18 00:50:19,262] {processor.py:161} INFO - Processing /opt/airflow/dags/1-bashoperator.py took 0.047 seconds
[2024-06-18 00:50:49,616] {processor.py:153} INFO - Started process (PID=29464) to work on /opt/airflow/dags/1-bashoperator.py
[2024-06-18 00:50:49,617] {processor.py:641} INFO - Processing file /opt/airflow/dags/1-bashoperator.py for tasks to queue
[2024-06-18 00:50:49,617] {logging_mixin.py:115} INFO - [2024-06-18 00:50:49,617] {dagbag.py:508} INFO - Filling up the DagBag from /opt/airflow/dags/1-bashoperator.py
[2024-06-18 00:50:49,622] {processor.py:651} INFO - DAG(s) dict_keys(['bashoperator']) retrieved from /opt/airflow/dags/1-bashoperator.py
[2024-06-18 00:50:49,637] {logging_mixin.py:115} INFO - [2024-06-18 00:50:49,637] {dag.py:2420} INFO - Sync 1 DAGs
[2024-06-18 00:50:49,651] {logging_mixin.py:115} INFO - [2024-06-18 00:50:49,651] {dag.py:2972} INFO - Setting next_dagrun for bashoperator to 2024-05-15T00:00:00+00:00, run_after=2024-05-16T00:00:00+00:00
[2024-06-18 00:50:49,659] {processor.py:161} INFO - Processing /opt/airflow/dags/1-bashoperator.py took 0.045 seconds
[2024-06-18 00:51:19,959] {processor.py:153} INFO - Started process (PID=29499) to work on /opt/airflow/dags/1-bashoperator.py
[2024-06-18 00:51:19,960] {processor.py:641} INFO - Processing file /opt/airflow/dags/1-bashoperator.py for tasks to queue
[2024-06-18 00:51:19,960] {logging_mixin.py:115} INFO - [2024-06-18 00:51:19,960] {dagbag.py:508} INFO - Filling up the DagBag from /opt/airflow/dags/1-bashoperator.py
[2024-06-18 00:51:19,964] {processor.py:651} INFO - DAG(s) dict_keys(['bashoperator']) retrieved from /opt/airflow/dags/1-bashoperator.py
[2024-06-18 00:51:19,980] {logging_mixin.py:115} INFO - [2024-06-18 00:51:19,980] {dag.py:2420} INFO - Sync 1 DAGs
[2024-06-18 00:51:19,994] {logging_mixin.py:115} INFO - [2024-06-18 00:51:19,993] {dag.py:2972} INFO - Setting next_dagrun for bashoperator to 2024-05-15T00:00:00+00:00, run_after=2024-05-16T00:00:00+00:00
[2024-06-18 00:51:20,001] {processor.py:161} INFO - Processing /opt/airflow/dags/1-bashoperator.py took 0.044 seconds
[2024-06-18 00:51:50,301] {processor.py:153} INFO - Started process (PID=29533) to work on /opt/airflow/dags/1-bashoperator.py
[2024-06-18 00:51:50,301] {processor.py:641} INFO - Processing file /opt/airflow/dags/1-bashoperator.py for tasks to queue
[2024-06-18 00:51:50,302] {logging_mixin.py:115} INFO - [2024-06-18 00:51:50,302] {dagbag.py:508} INFO - Filling up the DagBag from /opt/airflow/dags/1-bashoperator.py
[2024-06-18 00:51:50,307] {processor.py:651} INFO - DAG(s) dict_keys(['bashoperator']) retrieved from /opt/airflow/dags/1-bashoperator.py
[2024-06-18 00:51:50,324] {logging_mixin.py:115} INFO - [2024-06-18 00:51:50,324] {dag.py:2420} INFO - Sync 1 DAGs
[2024-06-18 00:51:50,338] {logging_mixin.py:115} INFO - [2024-06-18 00:51:50,338] {dag.py:2972} INFO - Setting next_dagrun for bashoperator to 2024-05-15T00:00:00+00:00, run_after=2024-05-16T00:00:00+00:00
[2024-06-18 00:51:50,346] {processor.py:161} INFO - Processing /opt/airflow/dags/1-bashoperator.py took 0.047 seconds
[2024-06-18 00:52:20,651] {processor.py:153} INFO - Started process (PID=29568) to work on /opt/airflow/dags/1-bashoperator.py
[2024-06-18 00:52:20,651] {processor.py:641} INFO - Processing file /opt/airflow/dags/1-bashoperator.py for tasks to queue
[2024-06-18 00:52:20,652] {logging_mixin.py:115} INFO - [2024-06-18 00:52:20,652] {dagbag.py:508} INFO - Filling up the DagBag from /opt/airflow/dags/1-bashoperator.py
[2024-06-18 00:52:20,655] {processor.py:651} INFO - DAG(s) dict_keys(['bashoperator']) retrieved from /opt/airflow/dags/1-bashoperator.py
[2024-06-18 00:52:20,672] {logging_mixin.py:115} INFO - [2024-06-18 00:52:20,672] {dag.py:2420} INFO - Sync 1 DAGs
[2024-06-18 00:52:20,686] {logging_mixin.py:115} INFO - [2024-06-18 00:52:20,685] {dag.py:2972} INFO - Setting next_dagrun for bashoperator to 2024-05-15T00:00:00+00:00, run_after=2024-05-16T00:00:00+00:00
[2024-06-18 00:52:20,693] {processor.py:161} INFO - Processing /opt/airflow/dags/1-bashoperator.py took 0.045 seconds
[2024-06-18 00:52:51,000] {processor.py:153} INFO - Started process (PID=29594) to work on /opt/airflow/dags/1-bashoperator.py
[2024-06-18 00:52:51,000] {processor.py:641} INFO - Processing file /opt/airflow/dags/1-bashoperator.py for tasks to queue
[2024-06-18 00:52:51,000] {logging_mixin.py:115} INFO - [2024-06-18 00:52:51,000] {dagbag.py:508} INFO - Filling up the DagBag from /opt/airflow/dags/1-bashoperator.py
[2024-06-18 00:52:51,003] {processor.py:651} INFO - DAG(s) dict_keys(['bashoperator']) retrieved from /opt/airflow/dags/1-bashoperator.py
[2024-06-18 00:52:51,021] {logging_mixin.py:115} INFO - [2024-06-18 00:52:51,021] {dag.py:2420} INFO - Sync 1 DAGs
[2024-06-18 00:52:51,033] {logging_mixin.py:115} INFO - [2024-06-18 00:52:51,033] {dag.py:2972} INFO - Setting next_dagrun for bashoperator to 2024-05-15T00:00:00+00:00, run_after=2024-05-16T00:00:00+00:00
[2024-06-18 00:52:51,041] {processor.py:161} INFO - Processing /opt/airflow/dags/1-bashoperator.py took 0.043 seconds
[2024-06-18 00:53:21,357] {processor.py:153} INFO - Started process (PID=29629) to work on /opt/airflow/dags/1-bashoperator.py
[2024-06-18 00:53:21,359] {processor.py:641} INFO - Processing file /opt/airflow/dags/1-bashoperator.py for tasks to queue
[2024-06-18 00:53:21,360] {logging_mixin.py:115} INFO - [2024-06-18 00:53:21,360] {dagbag.py:508} INFO - Filling up the DagBag from /opt/airflow/dags/1-bashoperator.py
[2024-06-18 00:53:21,364] {processor.py:651} INFO - DAG(s) dict_keys(['bashoperator']) retrieved from /opt/airflow/dags/1-bashoperator.py
[2024-06-18 00:53:21,381] {logging_mixin.py:115} INFO - [2024-06-18 00:53:21,381] {dag.py:2420} INFO - Sync 1 DAGs
[2024-06-18 00:53:21,399] {logging_mixin.py:115} INFO - [2024-06-18 00:53:21,399] {dag.py:2972} INFO - Setting next_dagrun for bashoperator to 2024-05-15T00:00:00+00:00, run_after=2024-05-16T00:00:00+00:00
[2024-06-18 00:53:21,411] {processor.py:161} INFO - Processing /opt/airflow/dags/1-bashoperator.py took 0.056 seconds
[2024-06-18 00:53:51,715] {processor.py:153} INFO - Started process (PID=29664) to work on /opt/airflow/dags/1-bashoperator.py
[2024-06-18 00:53:51,716] {processor.py:641} INFO - Processing file /opt/airflow/dags/1-bashoperator.py for tasks to queue
[2024-06-18 00:53:51,716] {logging_mixin.py:115} INFO - [2024-06-18 00:53:51,716] {dagbag.py:508} INFO - Filling up the DagBag from /opt/airflow/dags/1-bashoperator.py
[2024-06-18 00:53:51,720] {processor.py:651} INFO - DAG(s) dict_keys(['bashoperator']) retrieved from /opt/airflow/dags/1-bashoperator.py
[2024-06-18 00:53:51,736] {logging_mixin.py:115} INFO - [2024-06-18 00:53:51,736] {dag.py:2420} INFO - Sync 1 DAGs
[2024-06-18 00:53:51,750] {logging_mixin.py:115} INFO - [2024-06-18 00:53:51,750] {dag.py:2972} INFO - Setting next_dagrun for bashoperator to 2024-05-15T00:00:00+00:00, run_after=2024-05-16T00:00:00+00:00
[2024-06-18 00:53:51,759] {processor.py:161} INFO - Processing /opt/airflow/dags/1-bashoperator.py took 0.046 seconds
[2024-06-18 00:54:22,060] {processor.py:153} INFO - Started process (PID=29698) to work on /opt/airflow/dags/1-bashoperator.py
[2024-06-18 00:54:22,060] {processor.py:641} INFO - Processing file /opt/airflow/dags/1-bashoperator.py for tasks to queue
[2024-06-18 00:54:22,061] {logging_mixin.py:115} INFO - [2024-06-18 00:54:22,061] {dagbag.py:508} INFO - Filling up the DagBag from /opt/airflow/dags/1-bashoperator.py
[2024-06-18 00:54:22,064] {processor.py:651} INFO - DAG(s) dict_keys(['bashoperator']) retrieved from /opt/airflow/dags/1-bashoperator.py
[2024-06-18 00:54:22,080] {logging_mixin.py:115} INFO - [2024-06-18 00:54:22,079] {dag.py:2420} INFO - Sync 1 DAGs
[2024-06-18 00:54:22,092] {logging_mixin.py:115} INFO - [2024-06-18 00:54:22,092] {dag.py:2972} INFO - Setting next_dagrun for bashoperator to 2024-05-15T00:00:00+00:00, run_after=2024-05-16T00:00:00+00:00
[2024-06-18 00:54:22,100] {processor.py:161} INFO - Processing /opt/airflow/dags/1-bashoperator.py took 0.043 seconds
[2024-06-18 00:54:52,456] {processor.py:153} INFO - Started process (PID=29732) to work on /opt/airflow/dags/1-bashoperator.py
[2024-06-18 00:54:52,457] {processor.py:641} INFO - Processing file /opt/airflow/dags/1-bashoperator.py for tasks to queue
[2024-06-18 00:54:52,457] {logging_mixin.py:115} INFO - [2024-06-18 00:54:52,457] {dagbag.py:508} INFO - Filling up the DagBag from /opt/airflow/dags/1-bashoperator.py
[2024-06-18 00:54:52,461] {processor.py:651} INFO - DAG(s) dict_keys(['bashoperator']) retrieved from /opt/airflow/dags/1-bashoperator.py
[2024-06-18 00:54:52,481] {logging_mixin.py:115} INFO - [2024-06-18 00:54:52,481] {dag.py:2420} INFO - Sync 1 DAGs
[2024-06-18 00:54:52,494] {logging_mixin.py:115} INFO - [2024-06-18 00:54:52,494] {dag.py:2972} INFO - Setting next_dagrun for bashoperator to 2024-05-15T00:00:00+00:00, run_after=2024-05-16T00:00:00+00:00
[2024-06-18 00:54:52,503] {processor.py:161} INFO - Processing /opt/airflow/dags/1-bashoperator.py took 0.049 seconds
[2024-06-18 00:55:22,817] {processor.py:153} INFO - Started process (PID=29765) to work on /opt/airflow/dags/1-bashoperator.py
[2024-06-18 00:55:22,817] {processor.py:641} INFO - Processing file /opt/airflow/dags/1-bashoperator.py for tasks to queue
[2024-06-18 00:55:22,818] {logging_mixin.py:115} INFO - [2024-06-18 00:55:22,818] {dagbag.py:508} INFO - Filling up the DagBag from /opt/airflow/dags/1-bashoperator.py
[2024-06-18 00:55:22,822] {processor.py:651} INFO - DAG(s) dict_keys(['bashoperator']) retrieved from /opt/airflow/dags/1-bashoperator.py
[2024-06-18 00:55:22,841] {logging_mixin.py:115} INFO - [2024-06-18 00:55:22,841] {dag.py:2420} INFO - Sync 1 DAGs
[2024-06-18 00:55:22,855] {logging_mixin.py:115} INFO - [2024-06-18 00:55:22,855] {dag.py:2972} INFO - Setting next_dagrun for bashoperator to 2024-05-15T00:00:00+00:00, run_after=2024-05-16T00:00:00+00:00
[2024-06-18 00:55:22,864] {processor.py:161} INFO - Processing /opt/airflow/dags/1-bashoperator.py took 0.050 seconds
[2024-06-18 00:55:53,211] {processor.py:153} INFO - Started process (PID=29793) to work on /opt/airflow/dags/1-bashoperator.py
[2024-06-18 00:55:53,212] {processor.py:641} INFO - Processing file /opt/airflow/dags/1-bashoperator.py for tasks to queue
[2024-06-18 00:55:53,212] {logging_mixin.py:115} INFO - [2024-06-18 00:55:53,212] {dagbag.py:508} INFO - Filling up the DagBag from /opt/airflow/dags/1-bashoperator.py
[2024-06-18 00:55:53,217] {processor.py:651} INFO - DAG(s) dict_keys(['bashoperator']) retrieved from /opt/airflow/dags/1-bashoperator.py
[2024-06-18 00:55:53,232] {logging_mixin.py:115} INFO - [2024-06-18 00:55:53,232] {dag.py:2420} INFO - Sync 1 DAGs
[2024-06-18 00:55:53,246] {logging_mixin.py:115} INFO - [2024-06-18 00:55:53,246] {dag.py:2972} INFO - Setting next_dagrun for bashoperator to 2024-05-15T00:00:00+00:00, run_after=2024-05-16T00:00:00+00:00
[2024-06-18 00:55:53,255] {processor.py:161} INFO - Processing /opt/airflow/dags/1-bashoperator.py took 0.046 seconds
[2024-06-18 00:56:23,558] {processor.py:153} INFO - Started process (PID=29828) to work on /opt/airflow/dags/1-bashoperator.py
[2024-06-18 00:56:23,558] {processor.py:641} INFO - Processing file /opt/airflow/dags/1-bashoperator.py for tasks to queue
[2024-06-18 00:56:23,558] {logging_mixin.py:115} INFO - [2024-06-18 00:56:23,558] {dagbag.py:508} INFO - Filling up the DagBag from /opt/airflow/dags/1-bashoperator.py
[2024-06-18 00:56:23,563] {processor.py:651} INFO - DAG(s) dict_keys(['bashoperator']) retrieved from /opt/airflow/dags/1-bashoperator.py
[2024-06-18 00:56:23,580] {logging_mixin.py:115} INFO - [2024-06-18 00:56:23,580] {dag.py:2420} INFO - Sync 1 DAGs
[2024-06-18 00:56:23,598] {logging_mixin.py:115} INFO - [2024-06-18 00:56:23,598] {dag.py:2972} INFO - Setting next_dagrun for bashoperator to 2024-05-15T00:00:00+00:00, run_after=2024-05-16T00:00:00+00:00
[2024-06-18 00:56:23,608] {processor.py:161} INFO - Processing /opt/airflow/dags/1-bashoperator.py took 0.052 seconds
[2024-06-18 00:56:53,928] {processor.py:153} INFO - Started process (PID=29863) to work on /opt/airflow/dags/1-bashoperator.py
[2024-06-18 00:56:53,929] {processor.py:641} INFO - Processing file /opt/airflow/dags/1-bashoperator.py for tasks to queue
[2024-06-18 00:56:53,929] {logging_mixin.py:115} INFO - [2024-06-18 00:56:53,929] {dagbag.py:508} INFO - Filling up the DagBag from /opt/airflow/dags/1-bashoperator.py
[2024-06-18 00:56:53,933] {processor.py:651} INFO - DAG(s) dict_keys(['bashoperator']) retrieved from /opt/airflow/dags/1-bashoperator.py
[2024-06-18 00:56:53,950] {logging_mixin.py:115} INFO - [2024-06-18 00:56:53,950] {dag.py:2420} INFO - Sync 1 DAGs
[2024-06-18 00:56:53,964] {logging_mixin.py:115} INFO - [2024-06-18 00:56:53,964] {dag.py:2972} INFO - Setting next_dagrun for bashoperator to 2024-05-15T00:00:00+00:00, run_after=2024-05-16T00:00:00+00:00
[2024-06-18 00:56:53,972] {processor.py:161} INFO - Processing /opt/airflow/dags/1-bashoperator.py took 0.046 seconds
[2024-06-18 00:57:24,283] {processor.py:153} INFO - Started process (PID=29898) to work on /opt/airflow/dags/1-bashoperator.py
[2024-06-18 00:57:24,284] {processor.py:641} INFO - Processing file /opt/airflow/dags/1-bashoperator.py for tasks to queue
[2024-06-18 00:57:24,284] {logging_mixin.py:115} INFO - [2024-06-18 00:57:24,284] {dagbag.py:508} INFO - Filling up the DagBag from /opt/airflow/dags/1-bashoperator.py
[2024-06-18 00:57:24,287] {processor.py:651} INFO - DAG(s) dict_keys(['bashoperator']) retrieved from /opt/airflow/dags/1-bashoperator.py
[2024-06-18 00:57:24,304] {logging_mixin.py:115} INFO - [2024-06-18 00:57:24,304] {dag.py:2420} INFO - Sync 1 DAGs
[2024-06-18 00:57:24,318] {logging_mixin.py:115} INFO - [2024-06-18 00:57:24,318] {dag.py:2972} INFO - Setting next_dagrun for bashoperator to 2024-05-15T00:00:00+00:00, run_after=2024-05-16T00:00:00+00:00
[2024-06-18 00:57:24,325] {processor.py:161} INFO - Processing /opt/airflow/dags/1-bashoperator.py took 0.044 seconds
[2024-06-18 00:57:54,681] {processor.py:153} INFO - Started process (PID=29933) to work on /opt/airflow/dags/1-bashoperator.py
[2024-06-18 00:57:54,682] {processor.py:641} INFO - Processing file /opt/airflow/dags/1-bashoperator.py for tasks to queue
[2024-06-18 00:57:54,682] {logging_mixin.py:115} INFO - [2024-06-18 00:57:54,682] {dagbag.py:508} INFO - Filling up the DagBag from /opt/airflow/dags/1-bashoperator.py
[2024-06-18 00:57:54,687] {processor.py:651} INFO - DAG(s) dict_keys(['bashoperator']) retrieved from /opt/airflow/dags/1-bashoperator.py
[2024-06-18 00:57:54,711] {logging_mixin.py:115} INFO - [2024-06-18 00:57:54,710] {dag.py:2420} INFO - Sync 1 DAGs
[2024-06-18 00:57:54,731] {logging_mixin.py:115} INFO - [2024-06-18 00:57:54,731] {dag.py:2972} INFO - Setting next_dagrun for bashoperator to 2024-05-15T00:00:00+00:00, run_after=2024-05-16T00:00:00+00:00
[2024-06-18 00:57:54,745] {processor.py:161} INFO - Processing /opt/airflow/dags/1-bashoperator.py took 0.069 seconds
[2024-06-18 00:58:25,063] {processor.py:153} INFO - Started process (PID=29958) to work on /opt/airflow/dags/1-bashoperator.py
[2024-06-18 00:58:25,064] {processor.py:641} INFO - Processing file /opt/airflow/dags/1-bashoperator.py for tasks to queue
[2024-06-18 00:58:25,064] {logging_mixin.py:115} INFO - [2024-06-18 00:58:25,064] {dagbag.py:508} INFO - Filling up the DagBag from /opt/airflow/dags/1-bashoperator.py
[2024-06-18 00:58:25,068] {processor.py:651} INFO - DAG(s) dict_keys(['bashoperator']) retrieved from /opt/airflow/dags/1-bashoperator.py
[2024-06-18 00:58:25,083] {logging_mixin.py:115} INFO - [2024-06-18 00:58:25,083] {dag.py:2420} INFO - Sync 1 DAGs
[2024-06-18 00:58:25,097] {logging_mixin.py:115} INFO - [2024-06-18 00:58:25,097] {dag.py:2972} INFO - Setting next_dagrun for bashoperator to 2024-05-15T00:00:00+00:00, run_after=2024-05-16T00:00:00+00:00
[2024-06-18 00:58:25,104] {processor.py:161} INFO - Processing /opt/airflow/dags/1-bashoperator.py took 0.043 seconds
[2024-06-18 00:58:55,481] {processor.py:153} INFO - Started process (PID=29993) to work on /opt/airflow/dags/1-bashoperator.py
[2024-06-18 00:58:55,481] {processor.py:641} INFO - Processing file /opt/airflow/dags/1-bashoperator.py for tasks to queue
[2024-06-18 00:58:55,482] {logging_mixin.py:115} INFO - [2024-06-18 00:58:55,482] {dagbag.py:508} INFO - Filling up the DagBag from /opt/airflow/dags/1-bashoperator.py
[2024-06-18 00:58:55,486] {processor.py:651} INFO - DAG(s) dict_keys(['bashoperator']) retrieved from /opt/airflow/dags/1-bashoperator.py
[2024-06-18 00:58:55,503] {logging_mixin.py:115} INFO - [2024-06-18 00:58:55,503] {dag.py:2420} INFO - Sync 1 DAGs
[2024-06-18 00:58:55,519] {logging_mixin.py:115} INFO - [2024-06-18 00:58:55,519] {dag.py:2972} INFO - Setting next_dagrun for bashoperator to 2024-05-15T00:00:00+00:00, run_after=2024-05-16T00:00:00+00:00
[2024-06-18 00:58:55,543] {processor.py:161} INFO - Processing /opt/airflow/dags/1-bashoperator.py took 0.064 seconds
[2024-06-18 00:59:25,790] {processor.py:153} INFO - Started process (PID=30028) to work on /opt/airflow/dags/1-bashoperator.py
[2024-06-18 00:59:25,791] {processor.py:641} INFO - Processing file /opt/airflow/dags/1-bashoperator.py for tasks to queue
[2024-06-18 00:59:25,791] {logging_mixin.py:115} INFO - [2024-06-18 00:59:25,791] {dagbag.py:508} INFO - Filling up the DagBag from /opt/airflow/dags/1-bashoperator.py
[2024-06-18 00:59:25,795] {processor.py:651} INFO - DAG(s) dict_keys(['bashoperator']) retrieved from /opt/airflow/dags/1-bashoperator.py
[2024-06-18 00:59:25,810] {logging_mixin.py:115} INFO - [2024-06-18 00:59:25,810] {dag.py:2420} INFO - Sync 1 DAGs
[2024-06-18 00:59:25,824] {logging_mixin.py:115} INFO - [2024-06-18 00:59:25,823] {dag.py:2972} INFO - Setting next_dagrun for bashoperator to 2024-05-15T00:00:00+00:00, run_after=2024-05-16T00:00:00+00:00
[2024-06-18 00:59:25,831] {processor.py:161} INFO - Processing /opt/airflow/dags/1-bashoperator.py took 0.043 seconds
[2024-06-18 00:59:56,137] {processor.py:153} INFO - Started process (PID=30063) to work on /opt/airflow/dags/1-bashoperator.py
[2024-06-18 00:59:56,137] {processor.py:641} INFO - Processing file /opt/airflow/dags/1-bashoperator.py for tasks to queue
[2024-06-18 00:59:56,138] {logging_mixin.py:115} INFO - [2024-06-18 00:59:56,138] {dagbag.py:508} INFO - Filling up the DagBag from /opt/airflow/dags/1-bashoperator.py
[2024-06-18 00:59:56,142] {processor.py:651} INFO - DAG(s) dict_keys(['bashoperator']) retrieved from /opt/airflow/dags/1-bashoperator.py
[2024-06-18 00:59:56,157] {logging_mixin.py:115} INFO - [2024-06-18 00:59:56,157] {dag.py:2420} INFO - Sync 1 DAGs
[2024-06-18 00:59:56,170] {logging_mixin.py:115} INFO - [2024-06-18 00:59:56,170] {dag.py:2972} INFO - Setting next_dagrun for bashoperator to 2024-05-15T00:00:00+00:00, run_after=2024-05-16T00:00:00+00:00
[2024-06-18 00:59:56,177] {processor.py:161} INFO - Processing /opt/airflow/dags/1-bashoperator.py took 0.042 seconds
[2024-06-18 01:00:26,485] {processor.py:153} INFO - Started process (PID=30097) to work on /opt/airflow/dags/1-bashoperator.py
[2024-06-18 01:00:26,485] {processor.py:641} INFO - Processing file /opt/airflow/dags/1-bashoperator.py for tasks to queue
[2024-06-18 01:00:26,486] {logging_mixin.py:115} INFO - [2024-06-18 01:00:26,486] {dagbag.py:508} INFO - Filling up the DagBag from /opt/airflow/dags/1-bashoperator.py
[2024-06-18 01:00:26,489] {processor.py:651} INFO - DAG(s) dict_keys(['bashoperator']) retrieved from /opt/airflow/dags/1-bashoperator.py
[2024-06-18 01:00:26,505] {logging_mixin.py:115} INFO - [2024-06-18 01:00:26,505] {dag.py:2420} INFO - Sync 1 DAGs
[2024-06-18 01:00:26,517] {logging_mixin.py:115} INFO - [2024-06-18 01:00:26,517] {dag.py:2972} INFO - Setting next_dagrun for bashoperator to 2024-05-15T00:00:00+00:00, run_after=2024-05-16T00:00:00+00:00
[2024-06-18 01:00:26,526] {processor.py:161} INFO - Processing /opt/airflow/dags/1-bashoperator.py took 0.043 seconds
[2024-06-18 01:00:56,843] {processor.py:153} INFO - Started process (PID=30123) to work on /opt/airflow/dags/1-bashoperator.py
[2024-06-18 01:00:56,843] {processor.py:641} INFO - Processing file /opt/airflow/dags/1-bashoperator.py for tasks to queue
[2024-06-18 01:00:56,843] {logging_mixin.py:115} INFO - [2024-06-18 01:00:56,843] {dagbag.py:508} INFO - Filling up the DagBag from /opt/airflow/dags/1-bashoperator.py
[2024-06-18 01:00:56,848] {processor.py:651} INFO - DAG(s) dict_keys(['bashoperator']) retrieved from /opt/airflow/dags/1-bashoperator.py
[2024-06-18 01:00:56,865] {logging_mixin.py:115} INFO - [2024-06-18 01:00:56,865] {dag.py:2420} INFO - Sync 1 DAGs
[2024-06-18 01:00:56,879] {logging_mixin.py:115} INFO - [2024-06-18 01:00:56,878] {dag.py:2972} INFO - Setting next_dagrun for bashoperator to 2024-05-15T00:00:00+00:00, run_after=2024-05-16T00:00:00+00:00
[2024-06-18 01:00:56,886] {processor.py:161} INFO - Processing /opt/airflow/dags/1-bashoperator.py took 0.045 seconds
[2024-06-18 01:01:27,220] {processor.py:153} INFO - Started process (PID=30157) to work on /opt/airflow/dags/1-bashoperator.py
[2024-06-18 01:01:27,221] {processor.py:641} INFO - Processing file /opt/airflow/dags/1-bashoperator.py for tasks to queue
[2024-06-18 01:01:27,221] {logging_mixin.py:115} INFO - [2024-06-18 01:01:27,221] {dagbag.py:508} INFO - Filling up the DagBag from /opt/airflow/dags/1-bashoperator.py
[2024-06-18 01:01:27,226] {processor.py:651} INFO - DAG(s) dict_keys(['bashoperator']) retrieved from /opt/airflow/dags/1-bashoperator.py
[2024-06-18 01:01:27,246] {logging_mixin.py:115} INFO - [2024-06-18 01:01:27,246] {dag.py:2420} INFO - Sync 1 DAGs
[2024-06-18 01:01:27,261] {logging_mixin.py:115} INFO - [2024-06-18 01:01:27,260] {dag.py:2972} INFO - Setting next_dagrun for bashoperator to 2024-05-15T00:00:00+00:00, run_after=2024-05-16T00:00:00+00:00
[2024-06-18 01:01:27,268] {processor.py:161} INFO - Processing /opt/airflow/dags/1-bashoperator.py took 0.050 seconds
[2024-06-18 01:01:57,598] {processor.py:153} INFO - Started process (PID=30192) to work on /opt/airflow/dags/1-bashoperator.py
[2024-06-18 01:01:57,599] {processor.py:641} INFO - Processing file /opt/airflow/dags/1-bashoperator.py for tasks to queue
[2024-06-18 01:01:57,600] {logging_mixin.py:115} INFO - [2024-06-18 01:01:57,600] {dagbag.py:508} INFO - Filling up the DagBag from /opt/airflow/dags/1-bashoperator.py
[2024-06-18 01:01:57,604] {processor.py:651} INFO - DAG(s) dict_keys(['bashoperator']) retrieved from /opt/airflow/dags/1-bashoperator.py
[2024-06-18 01:01:57,627] {logging_mixin.py:115} INFO - [2024-06-18 01:01:57,627] {dag.py:2420} INFO - Sync 1 DAGs
[2024-06-18 01:01:57,642] {logging_mixin.py:115} INFO - [2024-06-18 01:01:57,642] {dag.py:2972} INFO - Setting next_dagrun for bashoperator to 2024-05-15T00:00:00+00:00, run_after=2024-05-16T00:00:00+00:00
[2024-06-18 01:01:57,654] {processor.py:161} INFO - Processing /opt/airflow/dags/1-bashoperator.py took 0.059 seconds
[2024-06-18 01:02:27,974] {processor.py:153} INFO - Started process (PID=30227) to work on /opt/airflow/dags/1-bashoperator.py
[2024-06-18 01:02:27,974] {processor.py:641} INFO - Processing file /opt/airflow/dags/1-bashoperator.py for tasks to queue
[2024-06-18 01:02:27,974] {logging_mixin.py:115} INFO - [2024-06-18 01:02:27,974] {dagbag.py:508} INFO - Filling up the DagBag from /opt/airflow/dags/1-bashoperator.py
[2024-06-18 01:02:27,978] {processor.py:651} INFO - DAG(s) dict_keys(['bashoperator']) retrieved from /opt/airflow/dags/1-bashoperator.py
[2024-06-18 01:02:27,994] {logging_mixin.py:115} INFO - [2024-06-18 01:02:27,994] {dag.py:2420} INFO - Sync 1 DAGs
[2024-06-18 01:02:28,007] {logging_mixin.py:115} INFO - [2024-06-18 01:02:28,007] {dag.py:2972} INFO - Setting next_dagrun for bashoperator to 2024-05-15T00:00:00+00:00, run_after=2024-05-16T00:00:00+00:00
[2024-06-18 01:02:28,015] {processor.py:161} INFO - Processing /opt/airflow/dags/1-bashoperator.py took 0.044 seconds
[2024-06-18 01:02:58,324] {processor.py:153} INFO - Started process (PID=30262) to work on /opt/airflow/dags/1-bashoperator.py
[2024-06-18 01:02:58,324] {processor.py:641} INFO - Processing file /opt/airflow/dags/1-bashoperator.py for tasks to queue
[2024-06-18 01:02:58,325] {logging_mixin.py:115} INFO - [2024-06-18 01:02:58,325] {dagbag.py:508} INFO - Filling up the DagBag from /opt/airflow/dags/1-bashoperator.py
[2024-06-18 01:02:58,328] {processor.py:651} INFO - DAG(s) dict_keys(['bashoperator']) retrieved from /opt/airflow/dags/1-bashoperator.py
[2024-06-18 01:02:58,347] {logging_mixin.py:115} INFO - [2024-06-18 01:02:58,347] {dag.py:2420} INFO - Sync 1 DAGs
[2024-06-18 01:02:58,360] {logging_mixin.py:115} INFO - [2024-06-18 01:02:58,360] {dag.py:2972} INFO - Setting next_dagrun for bashoperator to 2024-05-15T00:00:00+00:00, run_after=2024-05-16T00:00:00+00:00
[2024-06-18 01:02:58,367] {processor.py:161} INFO - Processing /opt/airflow/dags/1-bashoperator.py took 0.046 seconds
[2024-06-18 01:03:28,683] {processor.py:153} INFO - Started process (PID=30297) to work on /opt/airflow/dags/1-bashoperator.py
[2024-06-18 01:03:28,683] {processor.py:641} INFO - Processing file /opt/airflow/dags/1-bashoperator.py for tasks to queue
[2024-06-18 01:03:28,683] {logging_mixin.py:115} INFO - [2024-06-18 01:03:28,683] {dagbag.py:508} INFO - Filling up the DagBag from /opt/airflow/dags/1-bashoperator.py
[2024-06-18 01:03:28,688] {processor.py:651} INFO - DAG(s) dict_keys(['bashoperator']) retrieved from /opt/airflow/dags/1-bashoperator.py
[2024-06-18 01:03:28,708] {logging_mixin.py:115} INFO - [2024-06-18 01:03:28,708] {dag.py:2420} INFO - Sync 1 DAGs
[2024-06-18 01:03:28,726] {logging_mixin.py:115} INFO - [2024-06-18 01:03:28,726] {dag.py:2972} INFO - Setting next_dagrun for bashoperator to 2024-05-15T00:00:00+00:00, run_after=2024-05-16T00:00:00+00:00
[2024-06-18 01:03:28,739] {processor.py:161} INFO - Processing /opt/airflow/dags/1-bashoperator.py took 0.058 seconds
[2024-06-18 01:03:59,038] {processor.py:153} INFO - Started process (PID=30323) to work on /opt/airflow/dags/1-bashoperator.py
[2024-06-18 01:03:59,039] {processor.py:641} INFO - Processing file /opt/airflow/dags/1-bashoperator.py for tasks to queue
[2024-06-18 01:03:59,039] {logging_mixin.py:115} INFO - [2024-06-18 01:03:59,039] {dagbag.py:508} INFO - Filling up the DagBag from /opt/airflow/dags/1-bashoperator.py
[2024-06-18 01:03:59,043] {processor.py:651} INFO - DAG(s) dict_keys(['bashoperator']) retrieved from /opt/airflow/dags/1-bashoperator.py
[2024-06-18 01:03:59,060] {logging_mixin.py:115} INFO - [2024-06-18 01:03:59,060] {dag.py:2420} INFO - Sync 1 DAGs
[2024-06-18 01:03:59,073] {logging_mixin.py:115} INFO - [2024-06-18 01:03:59,073] {dag.py:2972} INFO - Setting next_dagrun for bashoperator to 2024-05-15T00:00:00+00:00, run_after=2024-05-16T00:00:00+00:00
[2024-06-18 01:03:59,082] {processor.py:161} INFO - Processing /opt/airflow/dags/1-bashoperator.py took 0.046 seconds
[2024-06-18 01:04:29,386] {processor.py:153} INFO - Started process (PID=30358) to work on /opt/airflow/dags/1-bashoperator.py
[2024-06-18 01:04:29,387] {processor.py:641} INFO - Processing file /opt/airflow/dags/1-bashoperator.py for tasks to queue
[2024-06-18 01:04:29,387] {logging_mixin.py:115} INFO - [2024-06-18 01:04:29,387] {dagbag.py:508} INFO - Filling up the DagBag from /opt/airflow/dags/1-bashoperator.py
[2024-06-18 01:04:29,391] {processor.py:651} INFO - DAG(s) dict_keys(['bashoperator']) retrieved from /opt/airflow/dags/1-bashoperator.py
[2024-06-18 01:04:29,406] {logging_mixin.py:115} INFO - [2024-06-18 01:04:29,406] {dag.py:2420} INFO - Sync 1 DAGs
[2024-06-18 01:04:29,422] {logging_mixin.py:115} INFO - [2024-06-18 01:04:29,422] {dag.py:2972} INFO - Setting next_dagrun for bashoperator to 2024-05-15T00:00:00+00:00, run_after=2024-05-16T00:00:00+00:00
[2024-06-18 01:04:29,430] {processor.py:161} INFO - Processing /opt/airflow/dags/1-bashoperator.py took 0.046 seconds
[2024-06-18 01:04:59,745] {processor.py:153} INFO - Started process (PID=30393) to work on /opt/airflow/dags/1-bashoperator.py
[2024-06-18 01:04:59,745] {processor.py:641} INFO - Processing file /opt/airflow/dags/1-bashoperator.py for tasks to queue
[2024-06-18 01:04:59,745] {logging_mixin.py:115} INFO - [2024-06-18 01:04:59,745] {dagbag.py:508} INFO - Filling up the DagBag from /opt/airflow/dags/1-bashoperator.py
[2024-06-18 01:04:59,749] {processor.py:651} INFO - DAG(s) dict_keys(['bashoperator']) retrieved from /opt/airflow/dags/1-bashoperator.py
[2024-06-18 01:04:59,767] {logging_mixin.py:115} INFO - [2024-06-18 01:04:59,767] {dag.py:2420} INFO - Sync 1 DAGs
[2024-06-18 01:04:59,781] {logging_mixin.py:115} INFO - [2024-06-18 01:04:59,781] {dag.py:2972} INFO - Setting next_dagrun for bashoperator to 2024-05-15T00:00:00+00:00, run_after=2024-05-16T00:00:00+00:00
[2024-06-18 01:04:59,789] {processor.py:161} INFO - Processing /opt/airflow/dags/1-bashoperator.py took 0.048 seconds
[2024-06-18 01:05:30,106] {processor.py:153} INFO - Started process (PID=30427) to work on /opt/airflow/dags/1-bashoperator.py
[2024-06-18 01:05:30,106] {processor.py:641} INFO - Processing file /opt/airflow/dags/1-bashoperator.py for tasks to queue
[2024-06-18 01:05:30,106] {logging_mixin.py:115} INFO - [2024-06-18 01:05:30,106] {dagbag.py:508} INFO - Filling up the DagBag from /opt/airflow/dags/1-bashoperator.py
[2024-06-18 01:05:30,110] {processor.py:651} INFO - DAG(s) dict_keys(['bashoperator']) retrieved from /opt/airflow/dags/1-bashoperator.py
[2024-06-18 01:05:30,126] {logging_mixin.py:115} INFO - [2024-06-18 01:05:30,126] {dag.py:2420} INFO - Sync 1 DAGs
[2024-06-18 01:05:30,141] {logging_mixin.py:115} INFO - [2024-06-18 01:05:30,141] {dag.py:2972} INFO - Setting next_dagrun for bashoperator to 2024-05-15T00:00:00+00:00, run_after=2024-05-16T00:00:00+00:00
[2024-06-18 01:05:30,151] {processor.py:161} INFO - Processing /opt/airflow/dags/1-bashoperator.py took 0.048 seconds
[2024-06-18 01:06:00,511] {processor.py:153} INFO - Started process (PID=30462) to work on /opt/airflow/dags/1-bashoperator.py
[2024-06-18 01:06:00,512] {processor.py:641} INFO - Processing file /opt/airflow/dags/1-bashoperator.py for tasks to queue
[2024-06-18 01:06:00,512] {logging_mixin.py:115} INFO - [2024-06-18 01:06:00,512] {dagbag.py:508} INFO - Filling up the DagBag from /opt/airflow/dags/1-bashoperator.py
[2024-06-18 01:06:00,518] {processor.py:651} INFO - DAG(s) dict_keys(['bashoperator']) retrieved from /opt/airflow/dags/1-bashoperator.py
[2024-06-18 01:06:00,536] {logging_mixin.py:115} INFO - [2024-06-18 01:06:00,536] {dag.py:2420} INFO - Sync 1 DAGs
[2024-06-18 01:06:00,550] {logging_mixin.py:115} INFO - [2024-06-18 01:06:00,550] {dag.py:2972} INFO - Setting next_dagrun for bashoperator to 2024-05-15T00:00:00+00:00, run_after=2024-05-16T00:00:00+00:00
[2024-06-18 01:06:00,558] {processor.py:161} INFO - Processing /opt/airflow/dags/1-bashoperator.py took 0.049 seconds
[2024-06-18 01:06:30,918] {processor.py:153} INFO - Started process (PID=30488) to work on /opt/airflow/dags/1-bashoperator.py
[2024-06-18 01:06:30,918] {processor.py:641} INFO - Processing file /opt/airflow/dags/1-bashoperator.py for tasks to queue
[2024-06-18 01:06:30,919] {logging_mixin.py:115} INFO - [2024-06-18 01:06:30,918] {dagbag.py:508} INFO - Filling up the DagBag from /opt/airflow/dags/1-bashoperator.py
[2024-06-18 01:06:30,923] {processor.py:651} INFO - DAG(s) dict_keys(['bashoperator']) retrieved from /opt/airflow/dags/1-bashoperator.py
[2024-06-18 01:06:30,939] {logging_mixin.py:115} INFO - [2024-06-18 01:06:30,939] {dag.py:2420} INFO - Sync 1 DAGs
[2024-06-18 01:06:30,953] {logging_mixin.py:115} INFO - [2024-06-18 01:06:30,953] {dag.py:2972} INFO - Setting next_dagrun for bashoperator to 2024-05-15T00:00:00+00:00, run_after=2024-05-16T00:00:00+00:00
[2024-06-18 01:06:30,959] {processor.py:161} INFO - Processing /opt/airflow/dags/1-bashoperator.py took 0.044 seconds
[2024-06-18 01:07:01,217] {processor.py:153} INFO - Started process (PID=30523) to work on /opt/airflow/dags/1-bashoperator.py
[2024-06-18 01:07:01,217] {processor.py:641} INFO - Processing file /opt/airflow/dags/1-bashoperator.py for tasks to queue
[2024-06-18 01:07:01,218] {logging_mixin.py:115} INFO - [2024-06-18 01:07:01,218] {dagbag.py:508} INFO - Filling up the DagBag from /opt/airflow/dags/1-bashoperator.py
[2024-06-18 01:07:01,222] {processor.py:651} INFO - DAG(s) dict_keys(['bashoperator']) retrieved from /opt/airflow/dags/1-bashoperator.py
[2024-06-18 01:07:01,238] {logging_mixin.py:115} INFO - [2024-06-18 01:07:01,238] {dag.py:2420} INFO - Sync 1 DAGs
[2024-06-18 01:07:01,253] {logging_mixin.py:115} INFO - [2024-06-18 01:07:01,253] {dag.py:2972} INFO - Setting next_dagrun for bashoperator to 2024-05-15T00:00:00+00:00, run_after=2024-05-16T00:00:00+00:00
[2024-06-18 01:07:01,262] {processor.py:161} INFO - Processing /opt/airflow/dags/1-bashoperator.py took 0.047 seconds
[2024-06-18 01:07:31,617] {processor.py:153} INFO - Started process (PID=30558) to work on /opt/airflow/dags/1-bashoperator.py
[2024-06-18 01:07:31,618] {processor.py:641} INFO - Processing file /opt/airflow/dags/1-bashoperator.py for tasks to queue
[2024-06-18 01:07:31,618] {logging_mixin.py:115} INFO - [2024-06-18 01:07:31,618] {dagbag.py:508} INFO - Filling up the DagBag from /opt/airflow/dags/1-bashoperator.py
[2024-06-18 01:07:31,622] {processor.py:651} INFO - DAG(s) dict_keys(['bashoperator']) retrieved from /opt/airflow/dags/1-bashoperator.py
[2024-06-18 01:07:31,640] {logging_mixin.py:115} INFO - [2024-06-18 01:07:31,640] {dag.py:2420} INFO - Sync 1 DAGs
[2024-06-18 01:07:31,661] {logging_mixin.py:115} INFO - [2024-06-18 01:07:31,661] {dag.py:2972} INFO - Setting next_dagrun for bashoperator to 2024-05-15T00:00:00+00:00, run_after=2024-05-16T00:00:00+00:00
[2024-06-18 01:07:31,674] {processor.py:161} INFO - Processing /opt/airflow/dags/1-bashoperator.py took 0.059 seconds
[2024-06-18 01:08:01,991] {processor.py:153} INFO - Started process (PID=30593) to work on /opt/airflow/dags/1-bashoperator.py
[2024-06-18 01:08:01,992] {processor.py:641} INFO - Processing file /opt/airflow/dags/1-bashoperator.py for tasks to queue
[2024-06-18 01:08:01,992] {logging_mixin.py:115} INFO - [2024-06-18 01:08:01,992] {dagbag.py:508} INFO - Filling up the DagBag from /opt/airflow/dags/1-bashoperator.py
[2024-06-18 01:08:01,995] {processor.py:651} INFO - DAG(s) dict_keys(['bashoperator']) retrieved from /opt/airflow/dags/1-bashoperator.py
[2024-06-18 01:08:02,011] {logging_mixin.py:115} INFO - [2024-06-18 01:08:02,011] {dag.py:2420} INFO - Sync 1 DAGs
[2024-06-18 01:08:02,025] {logging_mixin.py:115} INFO - [2024-06-18 01:08:02,025] {dag.py:2972} INFO - Setting next_dagrun for bashoperator to 2024-05-15T00:00:00+00:00, run_after=2024-05-16T00:00:00+00:00
[2024-06-18 01:08:02,034] {processor.py:161} INFO - Processing /opt/airflow/dags/1-bashoperator.py took 0.045 seconds
[2024-06-18 01:08:32,367] {processor.py:153} INFO - Started process (PID=30628) to work on /opt/airflow/dags/1-bashoperator.py
[2024-06-18 01:08:32,367] {processor.py:641} INFO - Processing file /opt/airflow/dags/1-bashoperator.py for tasks to queue
[2024-06-18 01:08:32,367] {logging_mixin.py:115} INFO - [2024-06-18 01:08:32,367] {dagbag.py:508} INFO - Filling up the DagBag from /opt/airflow/dags/1-bashoperator.py
[2024-06-18 01:08:32,371] {processor.py:651} INFO - DAG(s) dict_keys(['bashoperator']) retrieved from /opt/airflow/dags/1-bashoperator.py
[2024-06-18 01:08:32,388] {logging_mixin.py:115} INFO - [2024-06-18 01:08:32,388] {dag.py:2420} INFO - Sync 1 DAGs
[2024-06-18 01:08:32,404] {logging_mixin.py:115} INFO - [2024-06-18 01:08:32,404] {dag.py:2972} INFO - Setting next_dagrun for bashoperator to 2024-05-15T00:00:00+00:00, run_after=2024-05-16T00:00:00+00:00
[2024-06-18 01:08:32,413] {processor.py:161} INFO - Processing /opt/airflow/dags/1-bashoperator.py took 0.049 seconds
[2024-06-18 01:09:02,712] {processor.py:153} INFO - Started process (PID=30654) to work on /opt/airflow/dags/1-bashoperator.py
[2024-06-18 01:09:02,712] {processor.py:641} INFO - Processing file /opt/airflow/dags/1-bashoperator.py for tasks to queue
[2024-06-18 01:09:02,712] {logging_mixin.py:115} INFO - [2024-06-18 01:09:02,712] {dagbag.py:508} INFO - Filling up the DagBag from /opt/airflow/dags/1-bashoperator.py
[2024-06-18 01:09:02,720] {processor.py:651} INFO - DAG(s) dict_keys(['bashoperator']) retrieved from /opt/airflow/dags/1-bashoperator.py
[2024-06-18 01:09:02,737] {logging_mixin.py:115} INFO - [2024-06-18 01:09:02,737] {dag.py:2420} INFO - Sync 1 DAGs
[2024-06-18 01:09:02,750] {logging_mixin.py:115} INFO - [2024-06-18 01:09:02,750] {dag.py:2972} INFO - Setting next_dagrun for bashoperator to 2024-05-15T00:00:00+00:00, run_after=2024-05-16T00:00:00+00:00
[2024-06-18 01:09:02,758] {processor.py:161} INFO - Processing /opt/airflow/dags/1-bashoperator.py took 0.048 seconds
[2024-06-18 01:09:33,061] {processor.py:153} INFO - Started process (PID=30689) to work on /opt/airflow/dags/1-bashoperator.py
[2024-06-18 01:09:33,062] {processor.py:641} INFO - Processing file /opt/airflow/dags/1-bashoperator.py for tasks to queue
[2024-06-18 01:09:33,062] {logging_mixin.py:115} INFO - [2024-06-18 01:09:33,062] {dagbag.py:508} INFO - Filling up the DagBag from /opt/airflow/dags/1-bashoperator.py
[2024-06-18 01:09:33,066] {processor.py:651} INFO - DAG(s) dict_keys(['bashoperator']) retrieved from /opt/airflow/dags/1-bashoperator.py
[2024-06-18 01:09:33,082] {logging_mixin.py:115} INFO - [2024-06-18 01:09:33,082] {dag.py:2420} INFO - Sync 1 DAGs
[2024-06-18 01:09:33,095] {logging_mixin.py:115} INFO - [2024-06-18 01:09:33,095] {dag.py:2972} INFO - Setting next_dagrun for bashoperator to 2024-05-15T00:00:00+00:00, run_after=2024-05-16T00:00:00+00:00
[2024-06-18 01:09:33,104] {processor.py:161} INFO - Processing /opt/airflow/dags/1-bashoperator.py took 0.045 seconds
[2024-06-18 01:10:03,414] {processor.py:153} INFO - Started process (PID=30724) to work on /opt/airflow/dags/1-bashoperator.py
[2024-06-18 01:10:03,414] {processor.py:641} INFO - Processing file /opt/airflow/dags/1-bashoperator.py for tasks to queue
[2024-06-18 01:10:03,415] {logging_mixin.py:115} INFO - [2024-06-18 01:10:03,415] {dagbag.py:508} INFO - Filling up the DagBag from /opt/airflow/dags/1-bashoperator.py
[2024-06-18 01:10:03,418] {processor.py:651} INFO - DAG(s) dict_keys(['bashoperator']) retrieved from /opt/airflow/dags/1-bashoperator.py
[2024-06-18 01:10:03,436] {logging_mixin.py:115} INFO - [2024-06-18 01:10:03,435] {dag.py:2420} INFO - Sync 1 DAGs
[2024-06-18 01:10:03,448] {logging_mixin.py:115} INFO - [2024-06-18 01:10:03,448] {dag.py:2972} INFO - Setting next_dagrun for bashoperator to 2024-05-15T00:00:00+00:00, run_after=2024-05-16T00:00:00+00:00
[2024-06-18 01:10:03,456] {processor.py:161} INFO - Processing /opt/airflow/dags/1-bashoperator.py took 0.044 seconds
[2024-06-18 01:10:33,807] {processor.py:153} INFO - Started process (PID=30759) to work on /opt/airflow/dags/1-bashoperator.py
[2024-06-18 01:10:33,807] {processor.py:641} INFO - Processing file /opt/airflow/dags/1-bashoperator.py for tasks to queue
[2024-06-18 01:10:33,808] {logging_mixin.py:115} INFO - [2024-06-18 01:10:33,808] {dagbag.py:508} INFO - Filling up the DagBag from /opt/airflow/dags/1-bashoperator.py
[2024-06-18 01:10:33,811] {processor.py:651} INFO - DAG(s) dict_keys(['bashoperator']) retrieved from /opt/airflow/dags/1-bashoperator.py
[2024-06-18 01:10:33,827] {logging_mixin.py:115} INFO - [2024-06-18 01:10:33,827] {dag.py:2420} INFO - Sync 1 DAGs
[2024-06-18 01:10:33,840] {logging_mixin.py:115} INFO - [2024-06-18 01:10:33,840] {dag.py:2972} INFO - Setting next_dagrun for bashoperator to 2024-05-15T00:00:00+00:00, run_after=2024-05-16T00:00:00+00:00
[2024-06-18 01:10:33,848] {processor.py:161} INFO - Processing /opt/airflow/dags/1-bashoperator.py took 0.043 seconds
[2024-06-18 01:11:04,153] {processor.py:153} INFO - Started process (PID=30793) to work on /opt/airflow/dags/1-bashoperator.py
[2024-06-18 01:11:04,153] {processor.py:641} INFO - Processing file /opt/airflow/dags/1-bashoperator.py for tasks to queue
[2024-06-18 01:11:04,154] {logging_mixin.py:115} INFO - [2024-06-18 01:11:04,154] {dagbag.py:508} INFO - Filling up the DagBag from /opt/airflow/dags/1-bashoperator.py
[2024-06-18 01:11:04,158] {processor.py:651} INFO - DAG(s) dict_keys(['bashoperator']) retrieved from /opt/airflow/dags/1-bashoperator.py
[2024-06-18 01:11:04,174] {logging_mixin.py:115} INFO - [2024-06-18 01:11:04,173] {dag.py:2420} INFO - Sync 1 DAGs
[2024-06-18 01:11:04,187] {logging_mixin.py:115} INFO - [2024-06-18 01:11:04,187] {dag.py:2972} INFO - Setting next_dagrun for bashoperator to 2024-05-15T00:00:00+00:00, run_after=2024-05-16T00:00:00+00:00
[2024-06-18 01:11:04,194] {processor.py:161} INFO - Processing /opt/airflow/dags/1-bashoperator.py took 0.043 seconds
[2024-06-18 01:11:34,519] {processor.py:153} INFO - Started process (PID=30824) to work on /opt/airflow/dags/1-bashoperator.py
[2024-06-18 01:11:34,519] {processor.py:641} INFO - Processing file /opt/airflow/dags/1-bashoperator.py for tasks to queue
[2024-06-18 01:11:34,519] {logging_mixin.py:115} INFO - [2024-06-18 01:11:34,519] {dagbag.py:508} INFO - Filling up the DagBag from /opt/airflow/dags/1-bashoperator.py
[2024-06-18 01:11:34,524] {processor.py:651} INFO - DAG(s) dict_keys(['bashoperator']) retrieved from /opt/airflow/dags/1-bashoperator.py
[2024-06-18 01:11:34,541] {logging_mixin.py:115} INFO - [2024-06-18 01:11:34,541] {dag.py:2420} INFO - Sync 1 DAGs
[2024-06-18 01:11:34,559] {logging_mixin.py:115} INFO - [2024-06-18 01:11:34,559] {dag.py:2972} INFO - Setting next_dagrun for bashoperator to 2024-05-15T00:00:00+00:00, run_after=2024-05-16T00:00:00+00:00
[2024-06-18 01:11:34,570] {processor.py:161} INFO - Processing /opt/airflow/dags/1-bashoperator.py took 0.053 seconds
[2024-06-18 01:12:04,925] {processor.py:153} INFO - Started process (PID=30853) to work on /opt/airflow/dags/1-bashoperator.py
[2024-06-18 01:12:04,925] {processor.py:641} INFO - Processing file /opt/airflow/dags/1-bashoperator.py for tasks to queue
[2024-06-18 01:12:04,926] {logging_mixin.py:115} INFO - [2024-06-18 01:12:04,926] {dagbag.py:508} INFO - Filling up the DagBag from /opt/airflow/dags/1-bashoperator.py
[2024-06-18 01:12:04,930] {processor.py:651} INFO - DAG(s) dict_keys(['bashoperator']) retrieved from /opt/airflow/dags/1-bashoperator.py
[2024-06-18 01:12:04,954] {logging_mixin.py:115} INFO - [2024-06-18 01:12:04,954] {dag.py:2420} INFO - Sync 1 DAGs
[2024-06-18 01:12:04,969] {logging_mixin.py:115} INFO - [2024-06-18 01:12:04,969] {dag.py:2972} INFO - Setting next_dagrun for bashoperator to 2024-05-15T00:00:00+00:00, run_after=2024-05-16T00:00:00+00:00
[2024-06-18 01:12:04,982] {processor.py:161} INFO - Processing /opt/airflow/dags/1-bashoperator.py took 0.060 seconds
[2024-06-18 01:12:35,281] {processor.py:153} INFO - Started process (PID=30888) to work on /opt/airflow/dags/1-bashoperator.py
[2024-06-18 01:12:35,282] {processor.py:641} INFO - Processing file /opt/airflow/dags/1-bashoperator.py for tasks to queue
[2024-06-18 01:12:35,283] {logging_mixin.py:115} INFO - [2024-06-18 01:12:35,283] {dagbag.py:508} INFO - Filling up the DagBag from /opt/airflow/dags/1-bashoperator.py
[2024-06-18 01:12:35,290] {processor.py:651} INFO - DAG(s) dict_keys(['bashoperator']) retrieved from /opt/airflow/dags/1-bashoperator.py
[2024-06-18 01:12:35,311] {logging_mixin.py:115} INFO - [2024-06-18 01:12:35,311] {dag.py:2420} INFO - Sync 1 DAGs
[2024-06-18 01:12:35,324] {logging_mixin.py:115} INFO - [2024-06-18 01:12:35,324] {dag.py:2972} INFO - Setting next_dagrun for bashoperator to 2024-05-15T00:00:00+00:00, run_after=2024-05-16T00:00:00+00:00
[2024-06-18 01:12:35,332] {processor.py:161} INFO - Processing /opt/airflow/dags/1-bashoperator.py took 0.054 seconds
[2024-06-18 01:13:05,635] {processor.py:153} INFO - Started process (PID=30923) to work on /opt/airflow/dags/1-bashoperator.py
[2024-06-18 01:13:05,636] {processor.py:641} INFO - Processing file /opt/airflow/dags/1-bashoperator.py for tasks to queue
[2024-06-18 01:13:05,636] {logging_mixin.py:115} INFO - [2024-06-18 01:13:05,636] {dagbag.py:508} INFO - Filling up the DagBag from /opt/airflow/dags/1-bashoperator.py
[2024-06-18 01:13:05,640] {processor.py:651} INFO - DAG(s) dict_keys(['bashoperator']) retrieved from /opt/airflow/dags/1-bashoperator.py
[2024-06-18 01:13:05,655] {logging_mixin.py:115} INFO - [2024-06-18 01:13:05,655] {dag.py:2420} INFO - Sync 1 DAGs
[2024-06-18 01:13:05,669] {logging_mixin.py:115} INFO - [2024-06-18 01:13:05,669] {dag.py:2972} INFO - Setting next_dagrun for bashoperator to 2024-05-15T00:00:00+00:00, run_after=2024-05-16T00:00:00+00:00
[2024-06-18 01:13:05,677] {processor.py:161} INFO - Processing /opt/airflow/dags/1-bashoperator.py took 0.044 seconds
[2024-06-18 01:13:36,000] {processor.py:153} INFO - Started process (PID=30958) to work on /opt/airflow/dags/1-bashoperator.py
[2024-06-18 01:13:36,000] {processor.py:641} INFO - Processing file /opt/airflow/dags/1-bashoperator.py for tasks to queue
[2024-06-18 01:13:36,001] {logging_mixin.py:115} INFO - [2024-06-18 01:13:36,001] {dagbag.py:508} INFO - Filling up the DagBag from /opt/airflow/dags/1-bashoperator.py
[2024-06-18 01:13:36,005] {processor.py:651} INFO - DAG(s) dict_keys(['bashoperator']) retrieved from /opt/airflow/dags/1-bashoperator.py
[2024-06-18 01:13:36,024] {logging_mixin.py:115} INFO - [2024-06-18 01:13:36,024] {dag.py:2420} INFO - Sync 1 DAGs
[2024-06-18 01:13:36,042] {logging_mixin.py:115} INFO - [2024-06-18 01:13:36,042] {dag.py:2972} INFO - Setting next_dagrun for bashoperator to 2024-05-15T00:00:00+00:00, run_after=2024-05-16T00:00:00+00:00
[2024-06-18 01:13:36,055] {processor.py:161} INFO - Processing /opt/airflow/dags/1-bashoperator.py took 0.058 seconds
[2024-06-18 01:14:06,403] {processor.py:153} INFO - Started process (PID=30993) to work on /opt/airflow/dags/1-bashoperator.py
[2024-06-18 01:14:06,404] {processor.py:641} INFO - Processing file /opt/airflow/dags/1-bashoperator.py for tasks to queue
[2024-06-18 01:14:06,404] {logging_mixin.py:115} INFO - [2024-06-18 01:14:06,404] {dagbag.py:508} INFO - Filling up the DagBag from /opt/airflow/dags/1-bashoperator.py
[2024-06-18 01:14:06,410] {processor.py:651} INFO - DAG(s) dict_keys(['bashoperator']) retrieved from /opt/airflow/dags/1-bashoperator.py
[2024-06-18 01:14:06,448] {logging_mixin.py:115} INFO - [2024-06-18 01:14:06,448] {dag.py:2420} INFO - Sync 1 DAGs
[2024-06-18 01:14:06,469] {logging_mixin.py:115} INFO - [2024-06-18 01:14:06,468] {dag.py:2972} INFO - Setting next_dagrun for bashoperator to 2024-05-15T00:00:00+00:00, run_after=2024-05-16T00:00:00+00:00
[2024-06-18 01:14:06,479] {processor.py:161} INFO - Processing /opt/airflow/dags/1-bashoperator.py took 0.079 seconds
[2024-06-18 01:14:36,822] {processor.py:153} INFO - Started process (PID=31019) to work on /opt/airflow/dags/1-bashoperator.py
[2024-06-18 01:14:36,823] {processor.py:641} INFO - Processing file /opt/airflow/dags/1-bashoperator.py for tasks to queue
[2024-06-18 01:14:36,823] {logging_mixin.py:115} INFO - [2024-06-18 01:14:36,823] {dagbag.py:508} INFO - Filling up the DagBag from /opt/airflow/dags/1-bashoperator.py
[2024-06-18 01:14:36,828] {processor.py:651} INFO - DAG(s) dict_keys(['bashoperator']) retrieved from /opt/airflow/dags/1-bashoperator.py
[2024-06-18 01:14:36,849] {logging_mixin.py:115} INFO - [2024-06-18 01:14:36,849] {dag.py:2420} INFO - Sync 1 DAGs
[2024-06-18 01:14:36,866] {logging_mixin.py:115} INFO - [2024-06-18 01:14:36,866] {dag.py:2972} INFO - Setting next_dagrun for bashoperator to 2024-05-15T00:00:00+00:00, run_after=2024-05-16T00:00:00+00:00
[2024-06-18 01:14:36,876] {processor.py:161} INFO - Processing /opt/airflow/dags/1-bashoperator.py took 0.057 seconds
[2024-06-18 01:15:07,188] {processor.py:153} INFO - Started process (PID=31053) to work on /opt/airflow/dags/1-bashoperator.py
[2024-06-18 01:15:07,189] {processor.py:641} INFO - Processing file /opt/airflow/dags/1-bashoperator.py for tasks to queue
[2024-06-18 01:15:07,189] {logging_mixin.py:115} INFO - [2024-06-18 01:15:07,189] {dagbag.py:508} INFO - Filling up the DagBag from /opt/airflow/dags/1-bashoperator.py
[2024-06-18 01:15:07,193] {processor.py:651} INFO - DAG(s) dict_keys(['bashoperator']) retrieved from /opt/airflow/dags/1-bashoperator.py
[2024-06-18 01:15:07,212] {logging_mixin.py:115} INFO - [2024-06-18 01:15:07,212] {dag.py:2420} INFO - Sync 1 DAGs
[2024-06-18 01:15:07,226] {logging_mixin.py:115} INFO - [2024-06-18 01:15:07,226] {dag.py:2972} INFO - Setting next_dagrun for bashoperator to 2024-05-15T00:00:00+00:00, run_after=2024-05-16T00:00:00+00:00
[2024-06-18 01:15:07,234] {processor.py:161} INFO - Processing /opt/airflow/dags/1-bashoperator.py took 0.048 seconds
[2024-06-18 01:15:37,569] {processor.py:153} INFO - Started process (PID=31088) to work on /opt/airflow/dags/1-bashoperator.py
[2024-06-18 01:15:37,570] {processor.py:641} INFO - Processing file /opt/airflow/dags/1-bashoperator.py for tasks to queue
[2024-06-18 01:15:37,570] {logging_mixin.py:115} INFO - [2024-06-18 01:15:37,570] {dagbag.py:508} INFO - Filling up the DagBag from /opt/airflow/dags/1-bashoperator.py
[2024-06-18 01:15:37,574] {processor.py:651} INFO - DAG(s) dict_keys(['bashoperator']) retrieved from /opt/airflow/dags/1-bashoperator.py
[2024-06-18 01:15:37,590] {logging_mixin.py:115} INFO - [2024-06-18 01:15:37,590] {dag.py:2420} INFO - Sync 1 DAGs
[2024-06-18 01:15:37,604] {logging_mixin.py:115} INFO - [2024-06-18 01:15:37,604] {dag.py:2972} INFO - Setting next_dagrun for bashoperator to 2024-05-15T00:00:00+00:00, run_after=2024-05-16T00:00:00+00:00
[2024-06-18 01:15:37,613] {processor.py:161} INFO - Processing /opt/airflow/dags/1-bashoperator.py took 0.046 seconds
[2024-06-18 01:16:07,919] {processor.py:153} INFO - Started process (PID=31123) to work on /opt/airflow/dags/1-bashoperator.py
[2024-06-18 01:16:07,919] {processor.py:641} INFO - Processing file /opt/airflow/dags/1-bashoperator.py for tasks to queue
[2024-06-18 01:16:07,920] {logging_mixin.py:115} INFO - [2024-06-18 01:16:07,920] {dagbag.py:508} INFO - Filling up the DagBag from /opt/airflow/dags/1-bashoperator.py
[2024-06-18 01:16:07,924] {processor.py:651} INFO - DAG(s) dict_keys(['bashoperator']) retrieved from /opt/airflow/dags/1-bashoperator.py
[2024-06-18 01:16:07,940] {logging_mixin.py:115} INFO - [2024-06-18 01:16:07,940] {dag.py:2420} INFO - Sync 1 DAGs
[2024-06-18 01:16:07,954] {logging_mixin.py:115} INFO - [2024-06-18 01:16:07,954] {dag.py:2972} INFO - Setting next_dagrun for bashoperator to 2024-05-15T00:00:00+00:00, run_after=2024-05-16T00:00:00+00:00
[2024-06-18 01:16:07,962] {processor.py:161} INFO - Processing /opt/airflow/dags/1-bashoperator.py took 0.045 seconds
[2024-06-18 01:16:38,272] {processor.py:153} INFO - Started process (PID=31158) to work on /opt/airflow/dags/1-bashoperator.py
[2024-06-18 01:16:38,273] {processor.py:641} INFO - Processing file /opt/airflow/dags/1-bashoperator.py for tasks to queue
[2024-06-18 01:16:38,273] {logging_mixin.py:115} INFO - [2024-06-18 01:16:38,273] {dagbag.py:508} INFO - Filling up the DagBag from /opt/airflow/dags/1-bashoperator.py
[2024-06-18 01:16:38,277] {processor.py:651} INFO - DAG(s) dict_keys(['bashoperator']) retrieved from /opt/airflow/dags/1-bashoperator.py
[2024-06-18 01:16:38,293] {logging_mixin.py:115} INFO - [2024-06-18 01:16:38,293] {dag.py:2420} INFO - Sync 1 DAGs
[2024-06-18 01:16:38,306] {logging_mixin.py:115} INFO - [2024-06-18 01:16:38,306] {dag.py:2972} INFO - Setting next_dagrun for bashoperator to 2024-05-15T00:00:00+00:00, run_after=2024-05-16T00:00:00+00:00
[2024-06-18 01:16:38,314] {processor.py:161} INFO - Processing /opt/airflow/dags/1-bashoperator.py took 0.044 seconds
[2024-06-18 01:17:08,678] {processor.py:153} INFO - Started process (PID=31184) to work on /opt/airflow/dags/1-bashoperator.py
[2024-06-18 01:17:08,678] {processor.py:641} INFO - Processing file /opt/airflow/dags/1-bashoperator.py for tasks to queue
[2024-06-18 01:17:08,678] {logging_mixin.py:115} INFO - [2024-06-18 01:17:08,678] {dagbag.py:508} INFO - Filling up the DagBag from /opt/airflow/dags/1-bashoperator.py
[2024-06-18 01:17:08,682] {processor.py:651} INFO - DAG(s) dict_keys(['bashoperator']) retrieved from /opt/airflow/dags/1-bashoperator.py
[2024-06-18 01:17:08,699] {logging_mixin.py:115} INFO - [2024-06-18 01:17:08,699] {dag.py:2420} INFO - Sync 1 DAGs
[2024-06-18 01:17:08,712] {logging_mixin.py:115} INFO - [2024-06-18 01:17:08,712] {dag.py:2972} INFO - Setting next_dagrun for bashoperator to 2024-05-15T00:00:00+00:00, run_after=2024-05-16T00:00:00+00:00
[2024-06-18 01:17:08,719] {processor.py:161} INFO - Processing /opt/airflow/dags/1-bashoperator.py took 0.044 seconds
[2024-06-18 01:17:39,035] {processor.py:153} INFO - Started process (PID=31218) to work on /opt/airflow/dags/1-bashoperator.py
[2024-06-18 01:17:39,035] {processor.py:641} INFO - Processing file /opt/airflow/dags/1-bashoperator.py for tasks to queue
[2024-06-18 01:17:39,036] {logging_mixin.py:115} INFO - [2024-06-18 01:17:39,036] {dagbag.py:508} INFO - Filling up the DagBag from /opt/airflow/dags/1-bashoperator.py
[2024-06-18 01:17:39,039] {processor.py:651} INFO - DAG(s) dict_keys(['bashoperator']) retrieved from /opt/airflow/dags/1-bashoperator.py
[2024-06-18 01:17:39,055] {logging_mixin.py:115} INFO - [2024-06-18 01:17:39,055] {dag.py:2420} INFO - Sync 1 DAGs
[2024-06-18 01:17:39,068] {logging_mixin.py:115} INFO - [2024-06-18 01:17:39,068] {dag.py:2972} INFO - Setting next_dagrun for bashoperator to 2024-05-15T00:00:00+00:00, run_after=2024-05-16T00:00:00+00:00
[2024-06-18 01:17:39,076] {processor.py:161} INFO - Processing /opt/airflow/dags/1-bashoperator.py took 0.044 seconds
[2024-06-18 01:18:09,392] {processor.py:153} INFO - Started process (PID=31253) to work on /opt/airflow/dags/1-bashoperator.py
[2024-06-18 01:18:09,392] {processor.py:641} INFO - Processing file /opt/airflow/dags/1-bashoperator.py for tasks to queue
[2024-06-18 01:18:09,392] {logging_mixin.py:115} INFO - [2024-06-18 01:18:09,392] {dagbag.py:508} INFO - Filling up the DagBag from /opt/airflow/dags/1-bashoperator.py
[2024-06-18 01:18:09,396] {processor.py:651} INFO - DAG(s) dict_keys(['bashoperator']) retrieved from /opt/airflow/dags/1-bashoperator.py
[2024-06-18 01:18:09,412] {logging_mixin.py:115} INFO - [2024-06-18 01:18:09,412] {dag.py:2420} INFO - Sync 1 DAGs
[2024-06-18 01:18:09,426] {logging_mixin.py:115} INFO - [2024-06-18 01:18:09,426] {dag.py:2972} INFO - Setting next_dagrun for bashoperator to 2024-05-15T00:00:00+00:00, run_after=2024-05-16T00:00:00+00:00
[2024-06-18 01:18:09,434] {processor.py:161} INFO - Processing /opt/airflow/dags/1-bashoperator.py took 0.044 seconds
[2024-06-18 01:18:39,773] {processor.py:153} INFO - Started process (PID=31288) to work on /opt/airflow/dags/1-bashoperator.py
[2024-06-18 01:18:39,773] {processor.py:641} INFO - Processing file /opt/airflow/dags/1-bashoperator.py for tasks to queue
[2024-06-18 01:18:39,774] {logging_mixin.py:115} INFO - [2024-06-18 01:18:39,774] {dagbag.py:508} INFO - Filling up the DagBag from /opt/airflow/dags/1-bashoperator.py
[2024-06-18 01:18:39,778] {processor.py:651} INFO - DAG(s) dict_keys(['bashoperator']) retrieved from /opt/airflow/dags/1-bashoperator.py
[2024-06-18 01:18:39,794] {logging_mixin.py:115} INFO - [2024-06-18 01:18:39,794] {dag.py:2420} INFO - Sync 1 DAGs
[2024-06-18 01:18:39,808] {logging_mixin.py:115} INFO - [2024-06-18 01:18:39,808] {dag.py:2972} INFO - Setting next_dagrun for bashoperator to 2024-05-15T00:00:00+00:00, run_after=2024-05-16T00:00:00+00:00
[2024-06-18 01:18:39,816] {processor.py:161} INFO - Processing /opt/airflow/dags/1-bashoperator.py took 0.045 seconds
[2024-06-18 01:19:10,149] {processor.py:153} INFO - Started process (PID=31323) to work on /opt/airflow/dags/1-bashoperator.py
[2024-06-18 01:19:10,149] {processor.py:641} INFO - Processing file /opt/airflow/dags/1-bashoperator.py for tasks to queue
[2024-06-18 01:19:10,150] {logging_mixin.py:115} INFO - [2024-06-18 01:19:10,149] {dagbag.py:508} INFO - Filling up the DagBag from /opt/airflow/dags/1-bashoperator.py
[2024-06-18 01:19:10,154] {processor.py:651} INFO - DAG(s) dict_keys(['bashoperator']) retrieved from /opt/airflow/dags/1-bashoperator.py
[2024-06-18 01:19:10,171] {logging_mixin.py:115} INFO - [2024-06-18 01:19:10,171] {dag.py:2420} INFO - Sync 1 DAGs
[2024-06-18 01:19:10,188] {logging_mixin.py:115} INFO - [2024-06-18 01:19:10,187] {dag.py:2972} INFO - Setting next_dagrun for bashoperator to 2024-05-15T00:00:00+00:00, run_after=2024-05-16T00:00:00+00:00
[2024-06-18 01:19:10,197] {processor.py:161} INFO - Processing /opt/airflow/dags/1-bashoperator.py took 0.051 seconds
[2024-06-18 01:19:40,563] {processor.py:153} INFO - Started process (PID=31349) to work on /opt/airflow/dags/1-bashoperator.py
[2024-06-18 01:19:40,564] {processor.py:641} INFO - Processing file /opt/airflow/dags/1-bashoperator.py for tasks to queue
[2024-06-18 01:19:40,564] {logging_mixin.py:115} INFO - [2024-06-18 01:19:40,564] {dagbag.py:508} INFO - Filling up the DagBag from /opt/airflow/dags/1-bashoperator.py
[2024-06-18 01:19:40,568] {processor.py:651} INFO - DAG(s) dict_keys(['bashoperator']) retrieved from /opt/airflow/dags/1-bashoperator.py
[2024-06-18 01:19:40,586] {logging_mixin.py:115} INFO - [2024-06-18 01:19:40,586] {dag.py:2420} INFO - Sync 1 DAGs
[2024-06-18 01:19:40,600] {logging_mixin.py:115} INFO - [2024-06-18 01:19:40,600] {dag.py:2972} INFO - Setting next_dagrun for bashoperator to 2024-05-15T00:00:00+00:00, run_after=2024-05-16T00:00:00+00:00
[2024-06-18 01:19:40,608] {processor.py:161} INFO - Processing /opt/airflow/dags/1-bashoperator.py took 0.048 seconds
[2024-06-18 01:20:10,922] {processor.py:153} INFO - Started process (PID=31384) to work on /opt/airflow/dags/1-bashoperator.py
[2024-06-18 01:20:10,922] {processor.py:641} INFO - Processing file /opt/airflow/dags/1-bashoperator.py for tasks to queue
[2024-06-18 01:20:10,923] {logging_mixin.py:115} INFO - [2024-06-18 01:20:10,923] {dagbag.py:508} INFO - Filling up the DagBag from /opt/airflow/dags/1-bashoperator.py
[2024-06-18 01:20:10,927] {processor.py:651} INFO - DAG(s) dict_keys(['bashoperator']) retrieved from /opt/airflow/dags/1-bashoperator.py
[2024-06-18 01:20:10,944] {logging_mixin.py:115} INFO - [2024-06-18 01:20:10,944] {dag.py:2420} INFO - Sync 1 DAGs
[2024-06-18 01:20:10,962] {logging_mixin.py:115} INFO - [2024-06-18 01:20:10,962] {dag.py:2972} INFO - Setting next_dagrun for bashoperator to 2024-05-15T00:00:00+00:00, run_after=2024-05-16T00:00:00+00:00
[2024-06-18 01:20:10,973] {processor.py:161} INFO - Processing /opt/airflow/dags/1-bashoperator.py took 0.054 seconds
[2024-06-18 01:20:41,282] {processor.py:153} INFO - Started process (PID=31418) to work on /opt/airflow/dags/1-bashoperator.py
[2024-06-18 01:20:41,282] {processor.py:641} INFO - Processing file /opt/airflow/dags/1-bashoperator.py for tasks to queue
[2024-06-18 01:20:41,283] {logging_mixin.py:115} INFO - [2024-06-18 01:20:41,283] {dagbag.py:508} INFO - Filling up the DagBag from /opt/airflow/dags/1-bashoperator.py
[2024-06-18 01:20:41,286] {processor.py:651} INFO - DAG(s) dict_keys(['bashoperator']) retrieved from /opt/airflow/dags/1-bashoperator.py
[2024-06-18 01:20:41,302] {logging_mixin.py:115} INFO - [2024-06-18 01:20:41,302] {dag.py:2420} INFO - Sync 1 DAGs
[2024-06-18 01:20:41,316] {logging_mixin.py:115} INFO - [2024-06-18 01:20:41,316] {dag.py:2972} INFO - Setting next_dagrun for bashoperator to 2024-05-15T00:00:00+00:00, run_after=2024-05-16T00:00:00+00:00
[2024-06-18 01:20:41,325] {processor.py:161} INFO - Processing /opt/airflow/dags/1-bashoperator.py took 0.045 seconds
[2024-06-18 01:21:11,633] {processor.py:153} INFO - Started process (PID=31453) to work on /opt/airflow/dags/1-bashoperator.py
[2024-06-18 01:21:11,634] {processor.py:641} INFO - Processing file /opt/airflow/dags/1-bashoperator.py for tasks to queue
[2024-06-18 01:21:11,634] {logging_mixin.py:115} INFO - [2024-06-18 01:21:11,634] {dagbag.py:508} INFO - Filling up the DagBag from /opt/airflow/dags/1-bashoperator.py
[2024-06-18 01:21:11,638] {processor.py:651} INFO - DAG(s) dict_keys(['bashoperator']) retrieved from /opt/airflow/dags/1-bashoperator.py
[2024-06-18 01:21:11,654] {logging_mixin.py:115} INFO - [2024-06-18 01:21:11,654] {dag.py:2420} INFO - Sync 1 DAGs
[2024-06-18 01:21:11,667] {logging_mixin.py:115} INFO - [2024-06-18 01:21:11,667] {dag.py:2972} INFO - Setting next_dagrun for bashoperator to 2024-05-15T00:00:00+00:00, run_after=2024-05-16T00:00:00+00:00
[2024-06-18 01:21:11,675] {processor.py:161} INFO - Processing /opt/airflow/dags/1-bashoperator.py took 0.044 seconds
[2024-06-18 01:21:42,061] {processor.py:153} INFO - Started process (PID=31488) to work on /opt/airflow/dags/1-bashoperator.py
[2024-06-18 01:21:42,061] {processor.py:641} INFO - Processing file /opt/airflow/dags/1-bashoperator.py for tasks to queue
[2024-06-18 01:21:42,062] {logging_mixin.py:115} INFO - [2024-06-18 01:21:42,062] {dagbag.py:508} INFO - Filling up the DagBag from /opt/airflow/dags/1-bashoperator.py
[2024-06-18 01:21:42,066] {processor.py:651} INFO - DAG(s) dict_keys(['bashoperator']) retrieved from /opt/airflow/dags/1-bashoperator.py
[2024-06-18 01:21:42,082] {logging_mixin.py:115} INFO - [2024-06-18 01:21:42,082] {dag.py:2420} INFO - Sync 1 DAGs
[2024-06-18 01:21:42,098] {logging_mixin.py:115} INFO - [2024-06-18 01:21:42,098] {dag.py:2972} INFO - Setting next_dagrun for bashoperator to 2024-05-15T00:00:00+00:00, run_after=2024-05-16T00:00:00+00:00
[2024-06-18 01:21:42,107] {processor.py:161} INFO - Processing /opt/airflow/dags/1-bashoperator.py took 0.049 seconds
[2024-06-18 01:22:12,418] {processor.py:153} INFO - Started process (PID=31523) to work on /opt/airflow/dags/1-bashoperator.py
[2024-06-18 01:22:12,419] {processor.py:641} INFO - Processing file /opt/airflow/dags/1-bashoperator.py for tasks to queue
[2024-06-18 01:22:12,420] {logging_mixin.py:115} INFO - [2024-06-18 01:22:12,420] {dagbag.py:508} INFO - Filling up the DagBag from /opt/airflow/dags/1-bashoperator.py
[2024-06-18 01:22:12,424] {processor.py:651} INFO - DAG(s) dict_keys(['bashoperator']) retrieved from /opt/airflow/dags/1-bashoperator.py
[2024-06-18 01:22:12,445] {logging_mixin.py:115} INFO - [2024-06-18 01:22:12,445] {dag.py:2420} INFO - Sync 1 DAGs
[2024-06-18 01:22:12,460] {logging_mixin.py:115} INFO - [2024-06-18 01:22:12,460] {dag.py:2972} INFO - Setting next_dagrun for bashoperator to 2024-05-15T00:00:00+00:00, run_after=2024-05-16T00:00:00+00:00
[2024-06-18 01:22:12,471] {processor.py:161} INFO - Processing /opt/airflow/dags/1-bashoperator.py took 0.056 seconds
[2024-06-18 01:22:42,776] {processor.py:153} INFO - Started process (PID=31549) to work on /opt/airflow/dags/1-bashoperator.py
[2024-06-18 01:22:42,776] {processor.py:641} INFO - Processing file /opt/airflow/dags/1-bashoperator.py for tasks to queue
[2024-06-18 01:22:42,777] {logging_mixin.py:115} INFO - [2024-06-18 01:22:42,777] {dagbag.py:508} INFO - Filling up the DagBag from /opt/airflow/dags/1-bashoperator.py
[2024-06-18 01:22:42,780] {processor.py:651} INFO - DAG(s) dict_keys(['bashoperator']) retrieved from /opt/airflow/dags/1-bashoperator.py
[2024-06-18 01:22:42,796] {logging_mixin.py:115} INFO - [2024-06-18 01:22:42,796] {dag.py:2420} INFO - Sync 1 DAGs
[2024-06-18 01:22:42,808] {logging_mixin.py:115} INFO - [2024-06-18 01:22:42,808] {dag.py:2972} INFO - Setting next_dagrun for bashoperator to 2024-05-15T00:00:00+00:00, run_after=2024-05-16T00:00:00+00:00
[2024-06-18 01:22:42,815] {processor.py:161} INFO - Processing /opt/airflow/dags/1-bashoperator.py took 0.042 seconds
[2024-06-18 01:23:13,127] {processor.py:153} INFO - Started process (PID=31584) to work on /opt/airflow/dags/1-bashoperator.py
[2024-06-18 01:23:13,128] {processor.py:641} INFO - Processing file /opt/airflow/dags/1-bashoperator.py for tasks to queue
[2024-06-18 01:23:13,128] {logging_mixin.py:115} INFO - [2024-06-18 01:23:13,128] {dagbag.py:508} INFO - Filling up the DagBag from /opt/airflow/dags/1-bashoperator.py
[2024-06-18 01:23:13,132] {processor.py:651} INFO - DAG(s) dict_keys(['bashoperator']) retrieved from /opt/airflow/dags/1-bashoperator.py
[2024-06-18 01:23:13,147] {logging_mixin.py:115} INFO - [2024-06-18 01:23:13,147] {dag.py:2420} INFO - Sync 1 DAGs
[2024-06-18 01:23:13,164] {logging_mixin.py:115} INFO - [2024-06-18 01:23:13,164] {dag.py:2972} INFO - Setting next_dagrun for bashoperator to 2024-05-15T00:00:00+00:00, run_after=2024-05-16T00:00:00+00:00
[2024-06-18 01:23:13,173] {processor.py:161} INFO - Processing /opt/airflow/dags/1-bashoperator.py took 0.048 seconds
[2024-06-18 01:23:43,489] {processor.py:153} INFO - Started process (PID=31619) to work on /opt/airflow/dags/1-bashoperator.py
[2024-06-18 01:23:43,489] {processor.py:641} INFO - Processing file /opt/airflow/dags/1-bashoperator.py for tasks to queue
[2024-06-18 01:23:43,490] {logging_mixin.py:115} INFO - [2024-06-18 01:23:43,489] {dagbag.py:508} INFO - Filling up the DagBag from /opt/airflow/dags/1-bashoperator.py
[2024-06-18 01:23:43,494] {processor.py:651} INFO - DAG(s) dict_keys(['bashoperator']) retrieved from /opt/airflow/dags/1-bashoperator.py
[2024-06-18 01:23:43,511] {logging_mixin.py:115} INFO - [2024-06-18 01:23:43,511] {dag.py:2420} INFO - Sync 1 DAGs
[2024-06-18 01:23:43,524] {logging_mixin.py:115} INFO - [2024-06-18 01:23:43,524] {dag.py:2972} INFO - Setting next_dagrun for bashoperator to 2024-05-15T00:00:00+00:00, run_after=2024-05-16T00:00:00+00:00
[2024-06-18 01:23:43,533] {processor.py:161} INFO - Processing /opt/airflow/dags/1-bashoperator.py took 0.047 seconds
[2024-06-18 01:24:13,808] {processor.py:153} INFO - Started process (PID=31654) to work on /opt/airflow/dags/1-bashoperator.py
[2024-06-18 01:24:13,808] {processor.py:641} INFO - Processing file /opt/airflow/dags/1-bashoperator.py for tasks to queue
[2024-06-18 01:24:13,808] {logging_mixin.py:115} INFO - [2024-06-18 01:24:13,808] {dagbag.py:508} INFO - Filling up the DagBag from /opt/airflow/dags/1-bashoperator.py
[2024-06-18 01:24:13,814] {processor.py:651} INFO - DAG(s) dict_keys(['bashoperator']) retrieved from /opt/airflow/dags/1-bashoperator.py
[2024-06-18 01:24:13,831] {logging_mixin.py:115} INFO - [2024-06-18 01:24:13,831] {dag.py:2420} INFO - Sync 1 DAGs
[2024-06-18 01:24:13,847] {logging_mixin.py:115} INFO - [2024-06-18 01:24:13,847] {dag.py:2972} INFO - Setting next_dagrun for bashoperator to 2024-05-15T00:00:00+00:00, run_after=2024-05-16T00:00:00+00:00
[2024-06-18 01:24:13,855] {processor.py:161} INFO - Processing /opt/airflow/dags/1-bashoperator.py took 0.050 seconds
[2024-06-18 01:24:44,178] {processor.py:153} INFO - Started process (PID=31688) to work on /opt/airflow/dags/1-bashoperator.py
[2024-06-18 01:24:44,178] {processor.py:641} INFO - Processing file /opt/airflow/dags/1-bashoperator.py for tasks to queue
[2024-06-18 01:24:44,178] {logging_mixin.py:115} INFO - [2024-06-18 01:24:44,178] {dagbag.py:508} INFO - Filling up the DagBag from /opt/airflow/dags/1-bashoperator.py
[2024-06-18 01:24:44,182] {processor.py:651} INFO - DAG(s) dict_keys(['bashoperator']) retrieved from /opt/airflow/dags/1-bashoperator.py
[2024-06-18 01:24:44,199] {logging_mixin.py:115} INFO - [2024-06-18 01:24:44,199] {dag.py:2420} INFO - Sync 1 DAGs
[2024-06-18 01:24:44,212] {logging_mixin.py:115} INFO - [2024-06-18 01:24:44,212] {dag.py:2972} INFO - Setting next_dagrun for bashoperator to 2024-05-15T00:00:00+00:00, run_after=2024-05-16T00:00:00+00:00
[2024-06-18 01:24:44,221] {processor.py:161} INFO - Processing /opt/airflow/dags/1-bashoperator.py took 0.046 seconds
[2024-06-18 01:25:14,523] {processor.py:153} INFO - Started process (PID=31714) to work on /opt/airflow/dags/1-bashoperator.py
[2024-06-18 01:25:14,523] {processor.py:641} INFO - Processing file /opt/airflow/dags/1-bashoperator.py for tasks to queue
[2024-06-18 01:25:14,523] {logging_mixin.py:115} INFO - [2024-06-18 01:25:14,523] {dagbag.py:508} INFO - Filling up the DagBag from /opt/airflow/dags/1-bashoperator.py
[2024-06-18 01:25:14,527] {processor.py:651} INFO - DAG(s) dict_keys(['bashoperator']) retrieved from /opt/airflow/dags/1-bashoperator.py
[2024-06-18 01:25:14,542] {logging_mixin.py:115} INFO - [2024-06-18 01:25:14,542] {dag.py:2420} INFO - Sync 1 DAGs
[2024-06-18 01:25:14,556] {logging_mixin.py:115} INFO - [2024-06-18 01:25:14,556] {dag.py:2972} INFO - Setting next_dagrun for bashoperator to 2024-05-15T00:00:00+00:00, run_after=2024-05-16T00:00:00+00:00
[2024-06-18 01:25:14,564] {processor.py:161} INFO - Processing /opt/airflow/dags/1-bashoperator.py took 0.044 seconds
[2024-06-18 01:25:44,892] {processor.py:153} INFO - Started process (PID=31749) to work on /opt/airflow/dags/1-bashoperator.py
[2024-06-18 01:25:44,892] {processor.py:641} INFO - Processing file /opt/airflow/dags/1-bashoperator.py for tasks to queue
[2024-06-18 01:25:44,893] {logging_mixin.py:115} INFO - [2024-06-18 01:25:44,893] {dagbag.py:508} INFO - Filling up the DagBag from /opt/airflow/dags/1-bashoperator.py
[2024-06-18 01:25:44,896] {processor.py:651} INFO - DAG(s) dict_keys(['bashoperator']) retrieved from /opt/airflow/dags/1-bashoperator.py
[2024-06-18 01:25:44,912] {logging_mixin.py:115} INFO - [2024-06-18 01:25:44,912] {dag.py:2420} INFO - Sync 1 DAGs
[2024-06-18 01:25:44,925] {logging_mixin.py:115} INFO - [2024-06-18 01:25:44,925] {dag.py:2972} INFO - Setting next_dagrun for bashoperator to 2024-05-15T00:00:00+00:00, run_after=2024-05-16T00:00:00+00:00
[2024-06-18 01:25:44,936] {processor.py:161} INFO - Processing /opt/airflow/dags/1-bashoperator.py took 0.046 seconds
[2024-06-18 01:26:15,237] {processor.py:153} INFO - Started process (PID=31784) to work on /opt/airflow/dags/1-bashoperator.py
[2024-06-18 01:26:15,237] {processor.py:641} INFO - Processing file /opt/airflow/dags/1-bashoperator.py for tasks to queue
[2024-06-18 01:26:15,238] {logging_mixin.py:115} INFO - [2024-06-18 01:26:15,238] {dagbag.py:508} INFO - Filling up the DagBag from /opt/airflow/dags/1-bashoperator.py
[2024-06-18 01:26:15,242] {processor.py:651} INFO - DAG(s) dict_keys(['bashoperator']) retrieved from /opt/airflow/dags/1-bashoperator.py
[2024-06-18 01:26:15,260] {logging_mixin.py:115} INFO - [2024-06-18 01:26:15,259] {dag.py:2420} INFO - Sync 1 DAGs
[2024-06-18 01:26:15,276] {logging_mixin.py:115} INFO - [2024-06-18 01:26:15,276] {dag.py:2972} INFO - Setting next_dagrun for bashoperator to 2024-05-15T00:00:00+00:00, run_after=2024-05-16T00:00:00+00:00
[2024-06-18 01:26:15,284] {processor.py:161} INFO - Processing /opt/airflow/dags/1-bashoperator.py took 0.050 seconds
[2024-06-18 01:26:45,608] {processor.py:153} INFO - Started process (PID=31819) to work on /opt/airflow/dags/1-bashoperator.py
[2024-06-18 01:26:45,609] {processor.py:641} INFO - Processing file /opt/airflow/dags/1-bashoperator.py for tasks to queue
[2024-06-18 01:26:45,609] {logging_mixin.py:115} INFO - [2024-06-18 01:26:45,609] {dagbag.py:508} INFO - Filling up the DagBag from /opt/airflow/dags/1-bashoperator.py
[2024-06-18 01:26:45,613] {processor.py:651} INFO - DAG(s) dict_keys(['bashoperator']) retrieved from /opt/airflow/dags/1-bashoperator.py
[2024-06-18 01:26:45,628] {logging_mixin.py:115} INFO - [2024-06-18 01:26:45,628] {dag.py:2420} INFO - Sync 1 DAGs
[2024-06-18 01:26:45,642] {logging_mixin.py:115} INFO - [2024-06-18 01:26:45,642] {dag.py:2972} INFO - Setting next_dagrun for bashoperator to 2024-05-15T00:00:00+00:00, run_after=2024-05-16T00:00:00+00:00
[2024-06-18 01:26:45,650] {processor.py:161} INFO - Processing /opt/airflow/dags/1-bashoperator.py took 0.044 seconds
[2024-06-18 01:27:15,978] {processor.py:153} INFO - Started process (PID=31854) to work on /opt/airflow/dags/1-bashoperator.py
[2024-06-18 01:27:15,979] {processor.py:641} INFO - Processing file /opt/airflow/dags/1-bashoperator.py for tasks to queue
[2024-06-18 01:27:15,982] {logging_mixin.py:115} INFO - [2024-06-18 01:27:15,982] {dagbag.py:508} INFO - Filling up the DagBag from /opt/airflow/dags/1-bashoperator.py
[2024-06-18 01:27:15,986] {processor.py:651} INFO - DAG(s) dict_keys(['bashoperator']) retrieved from /opt/airflow/dags/1-bashoperator.py
[2024-06-18 01:27:16,003] {logging_mixin.py:115} INFO - [2024-06-18 01:27:16,003] {dag.py:2420} INFO - Sync 1 DAGs
[2024-06-18 01:27:16,018] {logging_mixin.py:115} INFO - [2024-06-18 01:27:16,018] {dag.py:2972} INFO - Setting next_dagrun for bashoperator to 2024-05-15T00:00:00+00:00, run_after=2024-05-16T00:00:00+00:00
[2024-06-18 01:27:16,027] {processor.py:161} INFO - Processing /opt/airflow/dags/1-bashoperator.py took 0.052 seconds
[2024-06-18 01:27:46,332] {processor.py:153} INFO - Started process (PID=31879) to work on /opt/airflow/dags/1-bashoperator.py
[2024-06-18 01:27:46,332] {processor.py:641} INFO - Processing file /opt/airflow/dags/1-bashoperator.py for tasks to queue
[2024-06-18 01:27:46,333] {logging_mixin.py:115} INFO - [2024-06-18 01:27:46,333] {dagbag.py:508} INFO - Filling up the DagBag from /opt/airflow/dags/1-bashoperator.py
[2024-06-18 01:27:46,336] {processor.py:651} INFO - DAG(s) dict_keys(['bashoperator']) retrieved from /opt/airflow/dags/1-bashoperator.py
[2024-06-18 01:27:46,353] {logging_mixin.py:115} INFO - [2024-06-18 01:27:46,353] {dag.py:2420} INFO - Sync 1 DAGs
[2024-06-18 01:27:46,366] {logging_mixin.py:115} INFO - [2024-06-18 01:27:46,366] {dag.py:2972} INFO - Setting next_dagrun for bashoperator to 2024-05-15T00:00:00+00:00, run_after=2024-05-16T00:00:00+00:00
[2024-06-18 01:27:46,374] {processor.py:161} INFO - Processing /opt/airflow/dags/1-bashoperator.py took 0.044 seconds
[2024-06-18 01:28:16,679] {processor.py:153} INFO - Started process (PID=31914) to work on /opt/airflow/dags/1-bashoperator.py
[2024-06-18 01:28:16,679] {processor.py:641} INFO - Processing file /opt/airflow/dags/1-bashoperator.py for tasks to queue
[2024-06-18 01:28:16,679] {logging_mixin.py:115} INFO - [2024-06-18 01:28:16,679] {dagbag.py:508} INFO - Filling up the DagBag from /opt/airflow/dags/1-bashoperator.py
[2024-06-18 01:28:16,683] {processor.py:651} INFO - DAG(s) dict_keys(['bashoperator']) retrieved from /opt/airflow/dags/1-bashoperator.py
[2024-06-18 01:28:16,699] {logging_mixin.py:115} INFO - [2024-06-18 01:28:16,699] {dag.py:2420} INFO - Sync 1 DAGs
[2024-06-18 01:28:16,713] {logging_mixin.py:115} INFO - [2024-06-18 01:28:16,712] {dag.py:2972} INFO - Setting next_dagrun for bashoperator to 2024-05-15T00:00:00+00:00, run_after=2024-05-16T00:00:00+00:00
[2024-06-18 01:28:16,721] {processor.py:161} INFO - Processing /opt/airflow/dags/1-bashoperator.py took 0.045 seconds
[2024-06-18 01:28:47,116] {processor.py:153} INFO - Started process (PID=31949) to work on /opt/airflow/dags/1-bashoperator.py
[2024-06-18 01:28:47,116] {processor.py:641} INFO - Processing file /opt/airflow/dags/1-bashoperator.py for tasks to queue
[2024-06-18 01:28:47,117] {logging_mixin.py:115} INFO - [2024-06-18 01:28:47,117] {dagbag.py:508} INFO - Filling up the DagBag from /opt/airflow/dags/1-bashoperator.py
[2024-06-18 01:28:47,122] {processor.py:651} INFO - DAG(s) dict_keys(['bashoperator']) retrieved from /opt/airflow/dags/1-bashoperator.py
[2024-06-18 01:28:47,142] {logging_mixin.py:115} INFO - [2024-06-18 01:28:47,142] {dag.py:2420} INFO - Sync 1 DAGs
[2024-06-18 01:28:47,158] {logging_mixin.py:115} INFO - [2024-06-18 01:28:47,158] {dag.py:2972} INFO - Setting next_dagrun for bashoperator to 2024-05-15T00:00:00+00:00, run_after=2024-05-16T00:00:00+00:00
[2024-06-18 01:28:47,167] {processor.py:161} INFO - Processing /opt/airflow/dags/1-bashoperator.py took 0.053 seconds
[2024-06-18 01:29:17,433] {processor.py:153} INFO - Started process (PID=31984) to work on /opt/airflow/dags/1-bashoperator.py
[2024-06-18 01:29:17,434] {processor.py:641} INFO - Processing file /opt/airflow/dags/1-bashoperator.py for tasks to queue
[2024-06-18 01:29:17,434] {logging_mixin.py:115} INFO - [2024-06-18 01:29:17,434] {dagbag.py:508} INFO - Filling up the DagBag from /opt/airflow/dags/1-bashoperator.py
[2024-06-18 01:29:17,438] {processor.py:651} INFO - DAG(s) dict_keys(['bashoperator']) retrieved from /opt/airflow/dags/1-bashoperator.py
[2024-06-18 01:29:17,453] {logging_mixin.py:115} INFO - [2024-06-18 01:29:17,453] {dag.py:2420} INFO - Sync 1 DAGs
[2024-06-18 01:29:17,466] {logging_mixin.py:115} INFO - [2024-06-18 01:29:17,466] {dag.py:2972} INFO - Setting next_dagrun for bashoperator to 2024-05-15T00:00:00+00:00, run_after=2024-05-16T00:00:00+00:00
[2024-06-18 01:29:17,475] {processor.py:161} INFO - Processing /opt/airflow/dags/1-bashoperator.py took 0.044 seconds
[2024-06-18 01:29:47,786] {processor.py:153} INFO - Started process (PID=32019) to work on /opt/airflow/dags/1-bashoperator.py
[2024-06-18 01:29:47,787] {processor.py:641} INFO - Processing file /opt/airflow/dags/1-bashoperator.py for tasks to queue
[2024-06-18 01:29:47,787] {logging_mixin.py:115} INFO - [2024-06-18 01:29:47,787] {dagbag.py:508} INFO - Filling up the DagBag from /opt/airflow/dags/1-bashoperator.py
[2024-06-18 01:29:47,791] {processor.py:651} INFO - DAG(s) dict_keys(['bashoperator']) retrieved from /opt/airflow/dags/1-bashoperator.py
[2024-06-18 01:29:47,807] {logging_mixin.py:115} INFO - [2024-06-18 01:29:47,807] {dag.py:2420} INFO - Sync 1 DAGs
[2024-06-18 01:29:47,820] {logging_mixin.py:115} INFO - [2024-06-18 01:29:47,820] {dag.py:2972} INFO - Setting next_dagrun for bashoperator to 2024-05-15T00:00:00+00:00, run_after=2024-05-16T00:00:00+00:00
[2024-06-18 01:29:47,829] {processor.py:161} INFO - Processing /opt/airflow/dags/1-bashoperator.py took 0.044 seconds
[2024-06-18 01:30:18,092] {processor.py:153} INFO - Started process (PID=32045) to work on /opt/airflow/dags/1-bashoperator.py
[2024-06-18 01:30:18,092] {processor.py:641} INFO - Processing file /opt/airflow/dags/1-bashoperator.py for tasks to queue
[2024-06-18 01:30:18,092] {logging_mixin.py:115} INFO - [2024-06-18 01:30:18,092] {dagbag.py:508} INFO - Filling up the DagBag from /opt/airflow/dags/1-bashoperator.py
[2024-06-18 01:30:18,096] {processor.py:651} INFO - DAG(s) dict_keys(['bashoperator']) retrieved from /opt/airflow/dags/1-bashoperator.py
[2024-06-18 01:30:18,113] {logging_mixin.py:115} INFO - [2024-06-18 01:30:18,113] {dag.py:2420} INFO - Sync 1 DAGs
[2024-06-18 01:30:18,128] {logging_mixin.py:115} INFO - [2024-06-18 01:30:18,128] {dag.py:2972} INFO - Setting next_dagrun for bashoperator to 2024-05-15T00:00:00+00:00, run_after=2024-05-16T00:00:00+00:00
[2024-06-18 01:30:18,135] {processor.py:161} INFO - Processing /opt/airflow/dags/1-bashoperator.py took 0.046 seconds
[2024-06-18 01:30:48,439] {processor.py:153} INFO - Started process (PID=32080) to work on /opt/airflow/dags/1-bashoperator.py
[2024-06-18 01:30:48,439] {processor.py:641} INFO - Processing file /opt/airflow/dags/1-bashoperator.py for tasks to queue
[2024-06-18 01:30:48,439] {logging_mixin.py:115} INFO - [2024-06-18 01:30:48,439] {dagbag.py:508} INFO - Filling up the DagBag from /opt/airflow/dags/1-bashoperator.py
[2024-06-18 01:30:48,442] {processor.py:651} INFO - DAG(s) dict_keys(['bashoperator']) retrieved from /opt/airflow/dags/1-bashoperator.py
[2024-06-18 01:30:48,459] {logging_mixin.py:115} INFO - [2024-06-18 01:30:48,459] {dag.py:2420} INFO - Sync 1 DAGs
[2024-06-18 01:30:48,473] {logging_mixin.py:115} INFO - [2024-06-18 01:30:48,472] {dag.py:2972} INFO - Setting next_dagrun for bashoperator to 2024-05-15T00:00:00+00:00, run_after=2024-05-16T00:00:00+00:00
[2024-06-18 01:30:48,480] {processor.py:161} INFO - Processing /opt/airflow/dags/1-bashoperator.py took 0.044 seconds
[2024-06-18 01:31:18,796] {processor.py:153} INFO - Started process (PID=32114) to work on /opt/airflow/dags/1-bashoperator.py
[2024-06-18 01:31:18,797] {processor.py:641} INFO - Processing file /opt/airflow/dags/1-bashoperator.py for tasks to queue
[2024-06-18 01:31:18,797] {logging_mixin.py:115} INFO - [2024-06-18 01:31:18,797] {dagbag.py:508} INFO - Filling up the DagBag from /opt/airflow/dags/1-bashoperator.py
[2024-06-18 01:31:18,801] {processor.py:651} INFO - DAG(s) dict_keys(['bashoperator']) retrieved from /opt/airflow/dags/1-bashoperator.py
[2024-06-18 01:31:18,816] {logging_mixin.py:115} INFO - [2024-06-18 01:31:18,816] {dag.py:2420} INFO - Sync 1 DAGs
[2024-06-18 01:31:18,831] {logging_mixin.py:115} INFO - [2024-06-18 01:31:18,831] {dag.py:2972} INFO - Setting next_dagrun for bashoperator to 2024-05-15T00:00:00+00:00, run_after=2024-05-16T00:00:00+00:00
[2024-06-18 01:31:18,838] {processor.py:161} INFO - Processing /opt/airflow/dags/1-bashoperator.py took 0.044 seconds
[2024-06-18 01:31:49,168] {processor.py:153} INFO - Started process (PID=32149) to work on /opt/airflow/dags/1-bashoperator.py
[2024-06-18 01:31:49,168] {processor.py:641} INFO - Processing file /opt/airflow/dags/1-bashoperator.py for tasks to queue
[2024-06-18 01:31:49,168] {logging_mixin.py:115} INFO - [2024-06-18 01:31:49,168] {dagbag.py:508} INFO - Filling up the DagBag from /opt/airflow/dags/1-bashoperator.py
[2024-06-18 01:31:49,172] {processor.py:651} INFO - DAG(s) dict_keys(['bashoperator']) retrieved from /opt/airflow/dags/1-bashoperator.py
[2024-06-18 01:31:49,189] {logging_mixin.py:115} INFO - [2024-06-18 01:31:49,189] {dag.py:2420} INFO - Sync 1 DAGs
[2024-06-18 01:31:49,203] {logging_mixin.py:115} INFO - [2024-06-18 01:31:49,203] {dag.py:2972} INFO - Setting next_dagrun for bashoperator to 2024-05-15T00:00:00+00:00, run_after=2024-05-16T00:00:00+00:00
[2024-06-18 01:31:49,211] {processor.py:161} INFO - Processing /opt/airflow/dags/1-bashoperator.py took 0.046 seconds
[2024-06-18 01:32:19,505] {processor.py:153} INFO - Started process (PID=32184) to work on /opt/airflow/dags/1-bashoperator.py
[2024-06-18 01:32:19,505] {processor.py:641} INFO - Processing file /opt/airflow/dags/1-bashoperator.py for tasks to queue
[2024-06-18 01:32:19,505] {logging_mixin.py:115} INFO - [2024-06-18 01:32:19,505] {dagbag.py:508} INFO - Filling up the DagBag from /opt/airflow/dags/1-bashoperator.py
[2024-06-18 01:32:19,509] {processor.py:651} INFO - DAG(s) dict_keys(['bashoperator']) retrieved from /opt/airflow/dags/1-bashoperator.py
[2024-06-18 01:32:19,525] {logging_mixin.py:115} INFO - [2024-06-18 01:32:19,525] {dag.py:2420} INFO - Sync 1 DAGs
[2024-06-18 01:32:19,539] {logging_mixin.py:115} INFO - [2024-06-18 01:32:19,539] {dag.py:2972} INFO - Setting next_dagrun for bashoperator to 2024-05-15T00:00:00+00:00, run_after=2024-05-16T00:00:00+00:00
[2024-06-18 01:32:19,547] {processor.py:161} INFO - Processing /opt/airflow/dags/1-bashoperator.py took 0.045 seconds
[2024-06-18 01:32:49,892] {processor.py:153} INFO - Started process (PID=32219) to work on /opt/airflow/dags/1-bashoperator.py
[2024-06-18 01:32:49,892] {processor.py:641} INFO - Processing file /opt/airflow/dags/1-bashoperator.py for tasks to queue
[2024-06-18 01:32:49,893] {logging_mixin.py:115} INFO - [2024-06-18 01:32:49,893] {dagbag.py:508} INFO - Filling up the DagBag from /opt/airflow/dags/1-bashoperator.py
[2024-06-18 01:32:49,897] {processor.py:651} INFO - DAG(s) dict_keys(['bashoperator']) retrieved from /opt/airflow/dags/1-bashoperator.py
[2024-06-18 01:32:49,917] {logging_mixin.py:115} INFO - [2024-06-18 01:32:49,917] {dag.py:2420} INFO - Sync 1 DAGs
[2024-06-18 01:32:49,935] {logging_mixin.py:115} INFO - [2024-06-18 01:32:49,935] {dag.py:2972} INFO - Setting next_dagrun for bashoperator to 2024-05-15T00:00:00+00:00, run_after=2024-05-16T00:00:00+00:00
[2024-06-18 01:32:49,943] {processor.py:161} INFO - Processing /opt/airflow/dags/1-bashoperator.py took 0.054 seconds
[2024-06-18 01:33:20,325] {processor.py:153} INFO - Started process (PID=32245) to work on /opt/airflow/dags/1-bashoperator.py
[2024-06-18 01:33:20,325] {processor.py:641} INFO - Processing file /opt/airflow/dags/1-bashoperator.py for tasks to queue
[2024-06-18 01:33:20,326] {logging_mixin.py:115} INFO - [2024-06-18 01:33:20,326] {dagbag.py:508} INFO - Filling up the DagBag from /opt/airflow/dags/1-bashoperator.py
[2024-06-18 01:33:20,329] {processor.py:651} INFO - DAG(s) dict_keys(['bashoperator']) retrieved from /opt/airflow/dags/1-bashoperator.py
[2024-06-18 01:33:20,346] {logging_mixin.py:115} INFO - [2024-06-18 01:33:20,346] {dag.py:2420} INFO - Sync 1 DAGs
[2024-06-18 01:33:20,359] {logging_mixin.py:115} INFO - [2024-06-18 01:33:20,359] {dag.py:2972} INFO - Setting next_dagrun for bashoperator to 2024-05-15T00:00:00+00:00, run_after=2024-05-16T00:00:00+00:00
[2024-06-18 01:33:20,368] {processor.py:161} INFO - Processing /opt/airflow/dags/1-bashoperator.py took 0.045 seconds
[2024-06-18 01:33:50,664] {processor.py:153} INFO - Started process (PID=32280) to work on /opt/airflow/dags/1-bashoperator.py
[2024-06-18 01:33:50,664] {processor.py:641} INFO - Processing file /opt/airflow/dags/1-bashoperator.py for tasks to queue
[2024-06-18 01:33:50,665] {logging_mixin.py:115} INFO - [2024-06-18 01:33:50,665] {dagbag.py:508} INFO - Filling up the DagBag from /opt/airflow/dags/1-bashoperator.py
[2024-06-18 01:33:50,668] {processor.py:651} INFO - DAG(s) dict_keys(['bashoperator']) retrieved from /opt/airflow/dags/1-bashoperator.py
[2024-06-18 01:33:50,687] {logging_mixin.py:115} INFO - [2024-06-18 01:33:50,687] {dag.py:2420} INFO - Sync 1 DAGs
[2024-06-18 01:33:50,703] {logging_mixin.py:115} INFO - [2024-06-18 01:33:50,703] {dag.py:2972} INFO - Setting next_dagrun for bashoperator to 2024-05-15T00:00:00+00:00, run_after=2024-05-16T00:00:00+00:00
[2024-06-18 01:33:50,713] {processor.py:161} INFO - Processing /opt/airflow/dags/1-bashoperator.py took 0.052 seconds
[2024-06-18 01:34:21,026] {processor.py:153} INFO - Started process (PID=32315) to work on /opt/airflow/dags/1-bashoperator.py
[2024-06-18 01:34:21,026] {processor.py:641} INFO - Processing file /opt/airflow/dags/1-bashoperator.py for tasks to queue
[2024-06-18 01:34:21,026] {logging_mixin.py:115} INFO - [2024-06-18 01:34:21,026] {dagbag.py:508} INFO - Filling up the DagBag from /opt/airflow/dags/1-bashoperator.py
[2024-06-18 01:34:21,031] {processor.py:651} INFO - DAG(s) dict_keys(['bashoperator']) retrieved from /opt/airflow/dags/1-bashoperator.py
[2024-06-18 01:34:21,049] {logging_mixin.py:115} INFO - [2024-06-18 01:34:21,049] {dag.py:2420} INFO - Sync 1 DAGs
[2024-06-18 01:34:21,062] {logging_mixin.py:115} INFO - [2024-06-18 01:34:21,062] {dag.py:2972} INFO - Setting next_dagrun for bashoperator to 2024-05-15T00:00:00+00:00, run_after=2024-05-16T00:00:00+00:00
[2024-06-18 01:34:21,071] {processor.py:161} INFO - Processing /opt/airflow/dags/1-bashoperator.py took 0.048 seconds
[2024-06-18 01:34:51,437] {processor.py:153} INFO - Started process (PID=32349) to work on /opt/airflow/dags/1-bashoperator.py
[2024-06-18 01:34:51,438] {processor.py:641} INFO - Processing file /opt/airflow/dags/1-bashoperator.py for tasks to queue
[2024-06-18 01:34:51,438] {logging_mixin.py:115} INFO - [2024-06-18 01:34:51,438] {dagbag.py:508} INFO - Filling up the DagBag from /opt/airflow/dags/1-bashoperator.py
[2024-06-18 01:34:51,442] {processor.py:651} INFO - DAG(s) dict_keys(['bashoperator']) retrieved from /opt/airflow/dags/1-bashoperator.py
[2024-06-18 01:34:51,459] {logging_mixin.py:115} INFO - [2024-06-18 01:34:51,459] {dag.py:2420} INFO - Sync 1 DAGs
[2024-06-18 01:34:51,473] {logging_mixin.py:115} INFO - [2024-06-18 01:34:51,472] {dag.py:2972} INFO - Setting next_dagrun for bashoperator to 2024-05-15T00:00:00+00:00, run_after=2024-05-16T00:00:00+00:00
[2024-06-18 01:34:51,482] {processor.py:161} INFO - Processing /opt/airflow/dags/1-bashoperator.py took 0.046 seconds
[2024-06-18 01:35:21,755] {processor.py:153} INFO - Started process (PID=32383) to work on /opt/airflow/dags/1-bashoperator.py
[2024-06-18 01:35:21,755] {processor.py:641} INFO - Processing file /opt/airflow/dags/1-bashoperator.py for tasks to queue
[2024-06-18 01:35:21,755] {logging_mixin.py:115} INFO - [2024-06-18 01:35:21,755] {dagbag.py:508} INFO - Filling up the DagBag from /opt/airflow/dags/1-bashoperator.py
[2024-06-18 01:35:21,759] {processor.py:651} INFO - DAG(s) dict_keys(['bashoperator']) retrieved from /opt/airflow/dags/1-bashoperator.py
[2024-06-18 01:35:21,778] {logging_mixin.py:115} INFO - [2024-06-18 01:35:21,777] {dag.py:2420} INFO - Sync 1 DAGs
[2024-06-18 01:35:21,794] {logging_mixin.py:115} INFO - [2024-06-18 01:35:21,794] {dag.py:2972} INFO - Setting next_dagrun for bashoperator to 2024-05-15T00:00:00+00:00, run_after=2024-05-16T00:00:00+00:00
[2024-06-18 01:35:21,805] {processor.py:161} INFO - Processing /opt/airflow/dags/1-bashoperator.py took 0.052 seconds
[2024-06-18 01:35:52,128] {processor.py:153} INFO - Started process (PID=32409) to work on /opt/airflow/dags/1-bashoperator.py
[2024-06-18 01:35:52,128] {processor.py:641} INFO - Processing file /opt/airflow/dags/1-bashoperator.py for tasks to queue
[2024-06-18 01:35:52,129] {logging_mixin.py:115} INFO - [2024-06-18 01:35:52,129] {dagbag.py:508} INFO - Filling up the DagBag from /opt/airflow/dags/1-bashoperator.py
[2024-06-18 01:35:52,133] {processor.py:651} INFO - DAG(s) dict_keys(['bashoperator']) retrieved from /opt/airflow/dags/1-bashoperator.py
[2024-06-18 01:35:52,155] {logging_mixin.py:115} INFO - [2024-06-18 01:35:52,154] {dag.py:2420} INFO - Sync 1 DAGs
[2024-06-18 01:35:52,168] {logging_mixin.py:115} INFO - [2024-06-18 01:35:52,168] {dag.py:2972} INFO - Setting next_dagrun for bashoperator to 2024-05-15T00:00:00+00:00, run_after=2024-05-16T00:00:00+00:00
[2024-06-18 01:35:52,179] {processor.py:161} INFO - Processing /opt/airflow/dags/1-bashoperator.py took 0.053 seconds
[2024-06-18 01:36:22,562] {processor.py:153} INFO - Started process (PID=32443) to work on /opt/airflow/dags/1-bashoperator.py
[2024-06-18 01:36:22,563] {processor.py:641} INFO - Processing file /opt/airflow/dags/1-bashoperator.py for tasks to queue
[2024-06-18 01:36:22,564] {logging_mixin.py:115} INFO - [2024-06-18 01:36:22,564] {dagbag.py:508} INFO - Filling up the DagBag from /opt/airflow/dags/1-bashoperator.py
[2024-06-18 01:36:22,569] {processor.py:651} INFO - DAG(s) dict_keys(['bashoperator']) retrieved from /opt/airflow/dags/1-bashoperator.py
[2024-06-18 01:36:22,586] {logging_mixin.py:115} INFO - [2024-06-18 01:36:22,586] {dag.py:2420} INFO - Sync 1 DAGs
[2024-06-18 01:36:22,600] {logging_mixin.py:115} INFO - [2024-06-18 01:36:22,600] {dag.py:2972} INFO - Setting next_dagrun for bashoperator to 2024-05-15T00:00:00+00:00, run_after=2024-05-16T00:00:00+00:00
[2024-06-18 01:36:22,610] {processor.py:161} INFO - Processing /opt/airflow/dags/1-bashoperator.py took 0.051 seconds
[2024-06-18 01:36:52,868] {processor.py:153} INFO - Started process (PID=32478) to work on /opt/airflow/dags/1-bashoperator.py
[2024-06-18 01:36:52,869] {processor.py:641} INFO - Processing file /opt/airflow/dags/1-bashoperator.py for tasks to queue
[2024-06-18 01:36:52,869] {logging_mixin.py:115} INFO - [2024-06-18 01:36:52,869] {dagbag.py:508} INFO - Filling up the DagBag from /opt/airflow/dags/1-bashoperator.py
[2024-06-18 01:36:52,873] {processor.py:651} INFO - DAG(s) dict_keys(['bashoperator']) retrieved from /opt/airflow/dags/1-bashoperator.py
[2024-06-18 01:36:52,889] {logging_mixin.py:115} INFO - [2024-06-18 01:36:52,889] {dag.py:2420} INFO - Sync 1 DAGs
[2024-06-18 01:36:52,904] {logging_mixin.py:115} INFO - [2024-06-18 01:36:52,903] {dag.py:2972} INFO - Setting next_dagrun for bashoperator to 2024-05-15T00:00:00+00:00, run_after=2024-05-16T00:00:00+00:00
[2024-06-18 01:36:52,912] {processor.py:161} INFO - Processing /opt/airflow/dags/1-bashoperator.py took 0.046 seconds
[2024-06-18 01:37:23,272] {processor.py:153} INFO - Started process (PID=32513) to work on /opt/airflow/dags/1-bashoperator.py
[2024-06-18 01:37:23,272] {processor.py:641} INFO - Processing file /opt/airflow/dags/1-bashoperator.py for tasks to queue
[2024-06-18 01:37:23,273] {logging_mixin.py:115} INFO - [2024-06-18 01:37:23,273] {dagbag.py:508} INFO - Filling up the DagBag from /opt/airflow/dags/1-bashoperator.py
[2024-06-18 01:37:23,277] {processor.py:651} INFO - DAG(s) dict_keys(['bashoperator']) retrieved from /opt/airflow/dags/1-bashoperator.py
[2024-06-18 01:37:23,294] {logging_mixin.py:115} INFO - [2024-06-18 01:37:23,293] {dag.py:2420} INFO - Sync 1 DAGs
[2024-06-18 01:37:23,308] {logging_mixin.py:115} INFO - [2024-06-18 01:37:23,308] {dag.py:2972} INFO - Setting next_dagrun for bashoperator to 2024-05-15T00:00:00+00:00, run_after=2024-05-16T00:00:00+00:00
[2024-06-18 01:37:23,315] {processor.py:161} INFO - Processing /opt/airflow/dags/1-bashoperator.py took 0.046 seconds
[2024-06-18 01:37:53,572] {processor.py:153} INFO - Started process (PID=32548) to work on /opt/airflow/dags/1-bashoperator.py
[2024-06-18 01:37:53,573] {processor.py:641} INFO - Processing file /opt/airflow/dags/1-bashoperator.py for tasks to queue
[2024-06-18 01:37:53,573] {logging_mixin.py:115} INFO - [2024-06-18 01:37:53,573] {dagbag.py:508} INFO - Filling up the DagBag from /opt/airflow/dags/1-bashoperator.py
[2024-06-18 01:37:53,576] {processor.py:651} INFO - DAG(s) dict_keys(['bashoperator']) retrieved from /opt/airflow/dags/1-bashoperator.py
[2024-06-18 01:37:53,592] {logging_mixin.py:115} INFO - [2024-06-18 01:37:53,592] {dag.py:2420} INFO - Sync 1 DAGs
[2024-06-18 01:37:53,607] {logging_mixin.py:115} INFO - [2024-06-18 01:37:53,607] {dag.py:2972} INFO - Setting next_dagrun for bashoperator to 2024-05-15T00:00:00+00:00, run_after=2024-05-16T00:00:00+00:00
[2024-06-18 01:37:53,614] {processor.py:161} INFO - Processing /opt/airflow/dags/1-bashoperator.py took 0.044 seconds
[2024-06-18 01:38:23,990] {processor.py:153} INFO - Started process (PID=32583) to work on /opt/airflow/dags/1-bashoperator.py
[2024-06-18 01:38:23,991] {processor.py:641} INFO - Processing file /opt/airflow/dags/1-bashoperator.py for tasks to queue
[2024-06-18 01:38:23,991] {logging_mixin.py:115} INFO - [2024-06-18 01:38:23,991] {dagbag.py:508} INFO - Filling up the DagBag from /opt/airflow/dags/1-bashoperator.py
[2024-06-18 01:38:23,995] {processor.py:651} INFO - DAG(s) dict_keys(['bashoperator']) retrieved from /opt/airflow/dags/1-bashoperator.py
[2024-06-18 01:38:24,013] {logging_mixin.py:115} INFO - [2024-06-18 01:38:24,013] {dag.py:2420} INFO - Sync 1 DAGs
[2024-06-18 01:38:24,027] {logging_mixin.py:115} INFO - [2024-06-18 01:38:24,027] {dag.py:2972} INFO - Setting next_dagrun for bashoperator to 2024-05-15T00:00:00+00:00, run_after=2024-05-16T00:00:00+00:00
[2024-06-18 01:38:24,036] {processor.py:161} INFO - Processing /opt/airflow/dags/1-bashoperator.py took 0.048 seconds
[2024-06-18 01:38:54,337] {processor.py:153} INFO - Started process (PID=32608) to work on /opt/airflow/dags/1-bashoperator.py
[2024-06-18 01:38:54,337] {processor.py:641} INFO - Processing file /opt/airflow/dags/1-bashoperator.py for tasks to queue
[2024-06-18 01:38:54,338] {logging_mixin.py:115} INFO - [2024-06-18 01:38:54,338] {dagbag.py:508} INFO - Filling up the DagBag from /opt/airflow/dags/1-bashoperator.py
[2024-06-18 01:38:54,341] {processor.py:651} INFO - DAG(s) dict_keys(['bashoperator']) retrieved from /opt/airflow/dags/1-bashoperator.py
[2024-06-18 01:38:54,359] {logging_mixin.py:115} INFO - [2024-06-18 01:38:54,359] {dag.py:2420} INFO - Sync 1 DAGs
[2024-06-18 01:38:54,374] {logging_mixin.py:115} INFO - [2024-06-18 01:38:54,373] {dag.py:2972} INFO - Setting next_dagrun for bashoperator to 2024-05-15T00:00:00+00:00, run_after=2024-05-16T00:00:00+00:00
[2024-06-18 01:38:54,381] {processor.py:161} INFO - Processing /opt/airflow/dags/1-bashoperator.py took 0.046 seconds
[2024-06-18 01:39:24,741] {processor.py:153} INFO - Started process (PID=32642) to work on /opt/airflow/dags/1-bashoperator.py
[2024-06-18 01:39:24,741] {processor.py:641} INFO - Processing file /opt/airflow/dags/1-bashoperator.py for tasks to queue
[2024-06-18 01:39:24,742] {logging_mixin.py:115} INFO - [2024-06-18 01:39:24,742] {dagbag.py:508} INFO - Filling up the DagBag from /opt/airflow/dags/1-bashoperator.py
[2024-06-18 01:39:24,746] {processor.py:651} INFO - DAG(s) dict_keys(['bashoperator']) retrieved from /opt/airflow/dags/1-bashoperator.py
[2024-06-18 01:39:24,762] {logging_mixin.py:115} INFO - [2024-06-18 01:39:24,761] {dag.py:2420} INFO - Sync 1 DAGs
[2024-06-18 01:39:24,775] {logging_mixin.py:115} INFO - [2024-06-18 01:39:24,775] {dag.py:2972} INFO - Setting next_dagrun for bashoperator to 2024-05-15T00:00:00+00:00, run_after=2024-05-16T00:00:00+00:00
[2024-06-18 01:39:24,782] {processor.py:161} INFO - Processing /opt/airflow/dags/1-bashoperator.py took 0.043 seconds
[2024-06-18 01:39:55,085] {processor.py:153} INFO - Started process (PID=32677) to work on /opt/airflow/dags/1-bashoperator.py
[2024-06-18 01:39:55,085] {processor.py:641} INFO - Processing file /opt/airflow/dags/1-bashoperator.py for tasks to queue
[2024-06-18 01:39:55,085] {logging_mixin.py:115} INFO - [2024-06-18 01:39:55,085] {dagbag.py:508} INFO - Filling up the DagBag from /opt/airflow/dags/1-bashoperator.py
[2024-06-18 01:39:55,089] {processor.py:651} INFO - DAG(s) dict_keys(['bashoperator']) retrieved from /opt/airflow/dags/1-bashoperator.py
[2024-06-18 01:39:55,106] {logging_mixin.py:115} INFO - [2024-06-18 01:39:55,106] {dag.py:2420} INFO - Sync 1 DAGs
[2024-06-18 01:39:55,118] {logging_mixin.py:115} INFO - [2024-06-18 01:39:55,118] {dag.py:2972} INFO - Setting next_dagrun for bashoperator to 2024-05-15T00:00:00+00:00, run_after=2024-05-16T00:00:00+00:00
[2024-06-18 01:39:55,127] {processor.py:161} INFO - Processing /opt/airflow/dags/1-bashoperator.py took 0.044 seconds
[2024-06-18 01:40:25,439] {processor.py:153} INFO - Started process (PID=32712) to work on /opt/airflow/dags/1-bashoperator.py
[2024-06-18 01:40:25,439] {processor.py:641} INFO - Processing file /opt/airflow/dags/1-bashoperator.py for tasks to queue
[2024-06-18 01:40:25,439] {logging_mixin.py:115} INFO - [2024-06-18 01:40:25,439] {dagbag.py:508} INFO - Filling up the DagBag from /opt/airflow/dags/1-bashoperator.py
[2024-06-18 01:40:25,444] {processor.py:651} INFO - DAG(s) dict_keys(['bashoperator']) retrieved from /opt/airflow/dags/1-bashoperator.py
[2024-06-18 01:40:25,464] {logging_mixin.py:115} INFO - [2024-06-18 01:40:25,463] {dag.py:2420} INFO - Sync 1 DAGs
[2024-06-18 01:40:25,477] {logging_mixin.py:115} INFO - [2024-06-18 01:40:25,477] {dag.py:2972} INFO - Setting next_dagrun for bashoperator to 2024-05-15T00:00:00+00:00, run_after=2024-05-16T00:00:00+00:00
[2024-06-18 01:40:25,489] {processor.py:161} INFO - Processing /opt/airflow/dags/1-bashoperator.py took 0.053 seconds
[2024-06-18 01:40:55,817] {processor.py:153} INFO - Started process (PID=32747) to work on /opt/airflow/dags/1-bashoperator.py
[2024-06-18 01:40:55,817] {processor.py:641} INFO - Processing file /opt/airflow/dags/1-bashoperator.py for tasks to queue
[2024-06-18 01:40:55,817] {logging_mixin.py:115} INFO - [2024-06-18 01:40:55,817] {dagbag.py:508} INFO - Filling up the DagBag from /opt/airflow/dags/1-bashoperator.py
[2024-06-18 01:40:55,821] {processor.py:651} INFO - DAG(s) dict_keys(['bashoperator']) retrieved from /opt/airflow/dags/1-bashoperator.py
[2024-06-18 01:40:55,838] {logging_mixin.py:115} INFO - [2024-06-18 01:40:55,838] {dag.py:2420} INFO - Sync 1 DAGs
[2024-06-18 01:40:55,851] {logging_mixin.py:115} INFO - [2024-06-18 01:40:55,850] {dag.py:2972} INFO - Setting next_dagrun for bashoperator to 2024-05-15T00:00:00+00:00, run_after=2024-05-16T00:00:00+00:00
[2024-06-18 01:40:55,859] {processor.py:161} INFO - Processing /opt/airflow/dags/1-bashoperator.py took 0.045 seconds
[2024-06-18 01:41:26,168] {processor.py:153} INFO - Started process (PID=32773) to work on /opt/airflow/dags/1-bashoperator.py
[2024-06-18 01:41:26,170] {processor.py:641} INFO - Processing file /opt/airflow/dags/1-bashoperator.py for tasks to queue
[2024-06-18 01:41:26,171] {logging_mixin.py:115} INFO - [2024-06-18 01:41:26,170] {dagbag.py:508} INFO - Filling up the DagBag from /opt/airflow/dags/1-bashoperator.py
[2024-06-18 01:41:26,175] {processor.py:651} INFO - DAG(s) dict_keys(['bashoperator']) retrieved from /opt/airflow/dags/1-bashoperator.py
[2024-06-18 01:41:26,191] {logging_mixin.py:115} INFO - [2024-06-18 01:41:26,191] {dag.py:2420} INFO - Sync 1 DAGs
[2024-06-18 01:41:26,205] {logging_mixin.py:115} INFO - [2024-06-18 01:41:26,205] {dag.py:2972} INFO - Setting next_dagrun for bashoperator to 2024-05-15T00:00:00+00:00, run_after=2024-05-16T00:00:00+00:00
[2024-06-18 01:41:26,213] {processor.py:161} INFO - Processing /opt/airflow/dags/1-bashoperator.py took 0.048 seconds
[2024-06-18 01:41:56,524] {processor.py:153} INFO - Started process (PID=32807) to work on /opt/airflow/dags/1-bashoperator.py
[2024-06-18 01:41:56,524] {processor.py:641} INFO - Processing file /opt/airflow/dags/1-bashoperator.py for tasks to queue
[2024-06-18 01:41:56,524] {logging_mixin.py:115} INFO - [2024-06-18 01:41:56,524] {dagbag.py:508} INFO - Filling up the DagBag from /opt/airflow/dags/1-bashoperator.py
[2024-06-18 01:41:56,530] {processor.py:651} INFO - DAG(s) dict_keys(['bashoperator']) retrieved from /opt/airflow/dags/1-bashoperator.py
[2024-06-18 01:41:56,546] {logging_mixin.py:115} INFO - [2024-06-18 01:41:56,546] {dag.py:2420} INFO - Sync 1 DAGs
[2024-06-18 01:41:56,561] {logging_mixin.py:115} INFO - [2024-06-18 01:41:56,561] {dag.py:2972} INFO - Setting next_dagrun for bashoperator to 2024-05-15T00:00:00+00:00, run_after=2024-05-16T00:00:00+00:00
[2024-06-18 01:41:56,570] {processor.py:161} INFO - Processing /opt/airflow/dags/1-bashoperator.py took 0.049 seconds
[2024-06-18 01:42:26,883] {processor.py:153} INFO - Started process (PID=32842) to work on /opt/airflow/dags/1-bashoperator.py
[2024-06-18 01:42:26,884] {processor.py:641} INFO - Processing file /opt/airflow/dags/1-bashoperator.py for tasks to queue
[2024-06-18 01:42:26,884] {logging_mixin.py:115} INFO - [2024-06-18 01:42:26,884] {dagbag.py:508} INFO - Filling up the DagBag from /opt/airflow/dags/1-bashoperator.py
[2024-06-18 01:42:26,888] {processor.py:651} INFO - DAG(s) dict_keys(['bashoperator']) retrieved from /opt/airflow/dags/1-bashoperator.py
[2024-06-18 01:42:26,904] {logging_mixin.py:115} INFO - [2024-06-18 01:42:26,904] {dag.py:2420} INFO - Sync 1 DAGs
[2024-06-18 01:42:26,918] {logging_mixin.py:115} INFO - [2024-06-18 01:42:26,918] {dag.py:2972} INFO - Setting next_dagrun for bashoperator to 2024-05-15T00:00:00+00:00, run_after=2024-05-16T00:00:00+00:00
[2024-06-18 01:42:26,926] {processor.py:161} INFO - Processing /opt/airflow/dags/1-bashoperator.py took 0.045 seconds
[2024-06-18 01:42:57,244] {processor.py:153} INFO - Started process (PID=32877) to work on /opt/airflow/dags/1-bashoperator.py
[2024-06-18 01:42:57,245] {processor.py:641} INFO - Processing file /opt/airflow/dags/1-bashoperator.py for tasks to queue
[2024-06-18 01:42:57,245] {logging_mixin.py:115} INFO - [2024-06-18 01:42:57,245] {dagbag.py:508} INFO - Filling up the DagBag from /opt/airflow/dags/1-bashoperator.py
[2024-06-18 01:42:57,249] {processor.py:651} INFO - DAG(s) dict_keys(['bashoperator']) retrieved from /opt/airflow/dags/1-bashoperator.py
[2024-06-18 01:42:57,265] {logging_mixin.py:115} INFO - [2024-06-18 01:42:57,265] {dag.py:2420} INFO - Sync 1 DAGs
[2024-06-18 01:42:57,278] {logging_mixin.py:115} INFO - [2024-06-18 01:42:57,278] {dag.py:2972} INFO - Setting next_dagrun for bashoperator to 2024-05-15T00:00:00+00:00, run_after=2024-05-16T00:00:00+00:00
[2024-06-18 01:42:57,286] {processor.py:161} INFO - Processing /opt/airflow/dags/1-bashoperator.py took 0.044 seconds
[2024-06-18 01:43:27,597] {processor.py:153} INFO - Started process (PID=32912) to work on /opt/airflow/dags/1-bashoperator.py
[2024-06-18 01:43:27,597] {processor.py:641} INFO - Processing file /opt/airflow/dags/1-bashoperator.py for tasks to queue
[2024-06-18 01:43:27,597] {logging_mixin.py:115} INFO - [2024-06-18 01:43:27,597] {dagbag.py:508} INFO - Filling up the DagBag from /opt/airflow/dags/1-bashoperator.py
[2024-06-18 01:43:27,600] {processor.py:651} INFO - DAG(s) dict_keys(['bashoperator']) retrieved from /opt/airflow/dags/1-bashoperator.py
[2024-06-18 01:43:27,618] {logging_mixin.py:115} INFO - [2024-06-18 01:43:27,618] {dag.py:2420} INFO - Sync 1 DAGs
[2024-06-18 01:43:27,632] {logging_mixin.py:115} INFO - [2024-06-18 01:43:27,632] {dag.py:2972} INFO - Setting next_dagrun for bashoperator to 2024-05-15T00:00:00+00:00, run_after=2024-05-16T00:00:00+00:00
[2024-06-18 01:43:27,639] {processor.py:161} INFO - Processing /opt/airflow/dags/1-bashoperator.py took 0.045 seconds
[2024-06-18 01:43:57,963] {processor.py:153} INFO - Started process (PID=32938) to work on /opt/airflow/dags/1-bashoperator.py
[2024-06-18 01:43:57,963] {processor.py:641} INFO - Processing file /opt/airflow/dags/1-bashoperator.py for tasks to queue
[2024-06-18 01:43:57,964] {logging_mixin.py:115} INFO - [2024-06-18 01:43:57,964] {dagbag.py:508} INFO - Filling up the DagBag from /opt/airflow/dags/1-bashoperator.py
[2024-06-18 01:43:57,968] {processor.py:651} INFO - DAG(s) dict_keys(['bashoperator']) retrieved from /opt/airflow/dags/1-bashoperator.py
[2024-06-18 01:43:57,986] {logging_mixin.py:115} INFO - [2024-06-18 01:43:57,986] {dag.py:2420} INFO - Sync 1 DAGs
[2024-06-18 01:43:58,000] {logging_mixin.py:115} INFO - [2024-06-18 01:43:58,000] {dag.py:2972} INFO - Setting next_dagrun for bashoperator to 2024-05-15T00:00:00+00:00, run_after=2024-05-16T00:00:00+00:00
[2024-06-18 01:43:58,008] {processor.py:161} INFO - Processing /opt/airflow/dags/1-bashoperator.py took 0.048 seconds
[2024-06-18 01:44:28,318] {processor.py:153} INFO - Started process (PID=32973) to work on /opt/airflow/dags/1-bashoperator.py
[2024-06-18 01:44:28,319] {processor.py:641} INFO - Processing file /opt/airflow/dags/1-bashoperator.py for tasks to queue
[2024-06-18 01:44:28,319] {logging_mixin.py:115} INFO - [2024-06-18 01:44:28,319] {dagbag.py:508} INFO - Filling up the DagBag from /opt/airflow/dags/1-bashoperator.py
[2024-06-18 01:44:28,325] {processor.py:651} INFO - DAG(s) dict_keys(['bashoperator']) retrieved from /opt/airflow/dags/1-bashoperator.py
[2024-06-18 01:44:28,340] {logging_mixin.py:115} INFO - [2024-06-18 01:44:28,340] {dag.py:2420} INFO - Sync 1 DAGs
[2024-06-18 01:44:28,354] {logging_mixin.py:115} INFO - [2024-06-18 01:44:28,354] {dag.py:2972} INFO - Setting next_dagrun for bashoperator to 2024-05-15T00:00:00+00:00, run_after=2024-05-16T00:00:00+00:00
[2024-06-18 01:44:28,362] {processor.py:161} INFO - Processing /opt/airflow/dags/1-bashoperator.py took 0.046 seconds
[2024-06-18 01:44:58,677] {processor.py:153} INFO - Started process (PID=33008) to work on /opt/airflow/dags/1-bashoperator.py
[2024-06-18 01:44:58,678] {processor.py:641} INFO - Processing file /opt/airflow/dags/1-bashoperator.py for tasks to queue
[2024-06-18 01:44:58,678] {logging_mixin.py:115} INFO - [2024-06-18 01:44:58,678] {dagbag.py:508} INFO - Filling up the DagBag from /opt/airflow/dags/1-bashoperator.py
[2024-06-18 01:44:58,682] {processor.py:651} INFO - DAG(s) dict_keys(['bashoperator']) retrieved from /opt/airflow/dags/1-bashoperator.py
[2024-06-18 01:44:58,698] {logging_mixin.py:115} INFO - [2024-06-18 01:44:58,698] {dag.py:2420} INFO - Sync 1 DAGs
[2024-06-18 01:44:58,711] {logging_mixin.py:115} INFO - [2024-06-18 01:44:58,711] {dag.py:2972} INFO - Setting next_dagrun for bashoperator to 2024-05-15T00:00:00+00:00, run_after=2024-05-16T00:00:00+00:00
[2024-06-18 01:44:58,719] {processor.py:161} INFO - Processing /opt/airflow/dags/1-bashoperator.py took 0.044 seconds
[2024-06-18 01:45:29,048] {processor.py:153} INFO - Started process (PID=33042) to work on /opt/airflow/dags/1-bashoperator.py
[2024-06-18 01:45:29,051] {processor.py:641} INFO - Processing file /opt/airflow/dags/1-bashoperator.py for tasks to queue
[2024-06-18 01:45:29,051] {logging_mixin.py:115} INFO - [2024-06-18 01:45:29,051] {dagbag.py:508} INFO - Filling up the DagBag from /opt/airflow/dags/1-bashoperator.py
[2024-06-18 01:45:29,055] {processor.py:651} INFO - DAG(s) dict_keys(['bashoperator']) retrieved from /opt/airflow/dags/1-bashoperator.py
[2024-06-18 01:45:29,073] {logging_mixin.py:115} INFO - [2024-06-18 01:45:29,073] {dag.py:2420} INFO - Sync 1 DAGs
[2024-06-18 01:45:29,088] {logging_mixin.py:115} INFO - [2024-06-18 01:45:29,088] {dag.py:2972} INFO - Setting next_dagrun for bashoperator to 2024-05-15T00:00:00+00:00, run_after=2024-05-16T00:00:00+00:00
[2024-06-18 01:45:29,096] {processor.py:161} INFO - Processing /opt/airflow/dags/1-bashoperator.py took 0.050 seconds
[2024-06-18 01:45:59,440] {processor.py:153} INFO - Started process (PID=33076) to work on /opt/airflow/dags/1-bashoperator.py
[2024-06-18 01:45:59,440] {processor.py:641} INFO - Processing file /opt/airflow/dags/1-bashoperator.py for tasks to queue
[2024-06-18 01:45:59,441] {logging_mixin.py:115} INFO - [2024-06-18 01:45:59,441] {dagbag.py:508} INFO - Filling up the DagBag from /opt/airflow/dags/1-bashoperator.py
[2024-06-18 01:45:59,445] {processor.py:651} INFO - DAG(s) dict_keys(['bashoperator']) retrieved from /opt/airflow/dags/1-bashoperator.py
[2024-06-18 01:45:59,461] {logging_mixin.py:115} INFO - [2024-06-18 01:45:59,461] {dag.py:2420} INFO - Sync 1 DAGs
[2024-06-18 01:45:59,476] {logging_mixin.py:115} INFO - [2024-06-18 01:45:59,476] {dag.py:2972} INFO - Setting next_dagrun for bashoperator to 2024-05-15T00:00:00+00:00, run_after=2024-05-16T00:00:00+00:00
[2024-06-18 01:45:59,484] {processor.py:161} INFO - Processing /opt/airflow/dags/1-bashoperator.py took 0.046 seconds
[2024-06-18 01:46:29,758] {processor.py:153} INFO - Started process (PID=33111) to work on /opt/airflow/dags/1-bashoperator.py
[2024-06-18 01:46:29,758] {processor.py:641} INFO - Processing file /opt/airflow/dags/1-bashoperator.py for tasks to queue
[2024-06-18 01:46:29,759] {logging_mixin.py:115} INFO - [2024-06-18 01:46:29,759] {dagbag.py:508} INFO - Filling up the DagBag from /opt/airflow/dags/1-bashoperator.py
[2024-06-18 01:46:29,763] {processor.py:651} INFO - DAG(s) dict_keys(['bashoperator']) retrieved from /opt/airflow/dags/1-bashoperator.py
[2024-06-18 01:46:29,781] {logging_mixin.py:115} INFO - [2024-06-18 01:46:29,781] {dag.py:2420} INFO - Sync 1 DAGs
[2024-06-18 01:46:29,795] {logging_mixin.py:115} INFO - [2024-06-18 01:46:29,795] {dag.py:2972} INFO - Setting next_dagrun for bashoperator to 2024-05-15T00:00:00+00:00, run_after=2024-05-16T00:00:00+00:00
[2024-06-18 01:46:29,804] {processor.py:161} INFO - Processing /opt/airflow/dags/1-bashoperator.py took 0.048 seconds
[2024-06-18 01:47:00,125] {processor.py:153} INFO - Started process (PID=33137) to work on /opt/airflow/dags/1-bashoperator.py
[2024-06-18 01:47:00,126] {processor.py:641} INFO - Processing file /opt/airflow/dags/1-bashoperator.py for tasks to queue
[2024-06-18 01:47:00,126] {logging_mixin.py:115} INFO - [2024-06-18 01:47:00,126] {dagbag.py:508} INFO - Filling up the DagBag from /opt/airflow/dags/1-bashoperator.py
[2024-06-18 01:47:00,130] {processor.py:651} INFO - DAG(s) dict_keys(['bashoperator']) retrieved from /opt/airflow/dags/1-bashoperator.py
[2024-06-18 01:47:00,146] {logging_mixin.py:115} INFO - [2024-06-18 01:47:00,146] {dag.py:2420} INFO - Sync 1 DAGs
[2024-06-18 01:47:00,160] {logging_mixin.py:115} INFO - [2024-06-18 01:47:00,160] {dag.py:2972} INFO - Setting next_dagrun for bashoperator to 2024-05-15T00:00:00+00:00, run_after=2024-05-16T00:00:00+00:00
[2024-06-18 01:47:00,168] {processor.py:161} INFO - Processing /opt/airflow/dags/1-bashoperator.py took 0.044 seconds
[2024-06-18 01:47:30,473] {processor.py:153} INFO - Started process (PID=33172) to work on /opt/airflow/dags/1-bashoperator.py
[2024-06-18 01:47:30,474] {processor.py:641} INFO - Processing file /opt/airflow/dags/1-bashoperator.py for tasks to queue
[2024-06-18 01:47:30,474] {logging_mixin.py:115} INFO - [2024-06-18 01:47:30,474] {dagbag.py:508} INFO - Filling up the DagBag from /opt/airflow/dags/1-bashoperator.py
[2024-06-18 01:47:30,477] {processor.py:651} INFO - DAG(s) dict_keys(['bashoperator']) retrieved from /opt/airflow/dags/1-bashoperator.py
[2024-06-18 01:47:30,493] {logging_mixin.py:115} INFO - [2024-06-18 01:47:30,493] {dag.py:2420} INFO - Sync 1 DAGs
[2024-06-18 01:47:30,506] {logging_mixin.py:115} INFO - [2024-06-18 01:47:30,506] {dag.py:2972} INFO - Setting next_dagrun for bashoperator to 2024-05-15T00:00:00+00:00, run_after=2024-05-16T00:00:00+00:00
[2024-06-18 01:47:30,513] {processor.py:161} INFO - Processing /opt/airflow/dags/1-bashoperator.py took 0.042 seconds
[2024-06-18 01:48:00,834] {processor.py:153} INFO - Started process (PID=33207) to work on /opt/airflow/dags/1-bashoperator.py
[2024-06-18 01:48:00,834] {processor.py:641} INFO - Processing file /opt/airflow/dags/1-bashoperator.py for tasks to queue
[2024-06-18 01:48:00,835] {logging_mixin.py:115} INFO - [2024-06-18 01:48:00,834] {dagbag.py:508} INFO - Filling up the DagBag from /opt/airflow/dags/1-bashoperator.py
[2024-06-18 01:48:00,838] {processor.py:651} INFO - DAG(s) dict_keys(['bashoperator']) retrieved from /opt/airflow/dags/1-bashoperator.py
[2024-06-18 01:48:00,854] {logging_mixin.py:115} INFO - [2024-06-18 01:48:00,854] {dag.py:2420} INFO - Sync 1 DAGs
[2024-06-18 01:48:00,868] {logging_mixin.py:115} INFO - [2024-06-18 01:48:00,868] {dag.py:2972} INFO - Setting next_dagrun for bashoperator to 2024-05-15T00:00:00+00:00, run_after=2024-05-16T00:00:00+00:00
[2024-06-18 01:48:00,877] {processor.py:161} INFO - Processing /opt/airflow/dags/1-bashoperator.py took 0.045 seconds
[2024-06-18 01:48:31,174] {processor.py:153} INFO - Started process (PID=33242) to work on /opt/airflow/dags/1-bashoperator.py
[2024-06-18 01:48:31,174] {processor.py:641} INFO - Processing file /opt/airflow/dags/1-bashoperator.py for tasks to queue
[2024-06-18 01:48:31,175] {logging_mixin.py:115} INFO - [2024-06-18 01:48:31,175] {dagbag.py:508} INFO - Filling up the DagBag from /opt/airflow/dags/1-bashoperator.py
[2024-06-18 01:48:31,178] {processor.py:651} INFO - DAG(s) dict_keys(['bashoperator']) retrieved from /opt/airflow/dags/1-bashoperator.py
[2024-06-18 01:48:31,195] {logging_mixin.py:115} INFO - [2024-06-18 01:48:31,194] {dag.py:2420} INFO - Sync 1 DAGs
[2024-06-18 01:48:31,211] {logging_mixin.py:115} INFO - [2024-06-18 01:48:31,211] {dag.py:2972} INFO - Setting next_dagrun for bashoperator to 2024-05-15T00:00:00+00:00, run_after=2024-05-16T00:00:00+00:00
[2024-06-18 01:48:31,220] {processor.py:161} INFO - Processing /opt/airflow/dags/1-bashoperator.py took 0.048 seconds
[2024-06-18 01:49:01,536] {processor.py:153} INFO - Started process (PID=33277) to work on /opt/airflow/dags/1-bashoperator.py
[2024-06-18 01:49:01,536] {processor.py:641} INFO - Processing file /opt/airflow/dags/1-bashoperator.py for tasks to queue
[2024-06-18 01:49:01,536] {logging_mixin.py:115} INFO - [2024-06-18 01:49:01,536] {dagbag.py:508} INFO - Filling up the DagBag from /opt/airflow/dags/1-bashoperator.py
[2024-06-18 01:49:01,546] {processor.py:651} INFO - DAG(s) dict_keys(['bashoperator']) retrieved from /opt/airflow/dags/1-bashoperator.py
[2024-06-18 01:49:01,562] {logging_mixin.py:115} INFO - [2024-06-18 01:49:01,562] {dag.py:2420} INFO - Sync 1 DAGs
[2024-06-18 01:49:01,577] {logging_mixin.py:115} INFO - [2024-06-18 01:49:01,577] {dag.py:2972} INFO - Setting next_dagrun for bashoperator to 2024-05-15T00:00:00+00:00, run_after=2024-05-16T00:00:00+00:00
[2024-06-18 01:49:01,587] {processor.py:161} INFO - Processing /opt/airflow/dags/1-bashoperator.py took 0.054 seconds
[2024-06-18 01:49:31,895] {processor.py:153} INFO - Started process (PID=33303) to work on /opt/airflow/dags/1-bashoperator.py
[2024-06-18 01:49:31,895] {processor.py:641} INFO - Processing file /opt/airflow/dags/1-bashoperator.py for tasks to queue
[2024-06-18 01:49:31,895] {logging_mixin.py:115} INFO - [2024-06-18 01:49:31,895] {dagbag.py:508} INFO - Filling up the DagBag from /opt/airflow/dags/1-bashoperator.py
[2024-06-18 01:49:31,899] {processor.py:651} INFO - DAG(s) dict_keys(['bashoperator']) retrieved from /opt/airflow/dags/1-bashoperator.py
[2024-06-18 01:49:31,914] {logging_mixin.py:115} INFO - [2024-06-18 01:49:31,914] {dag.py:2420} INFO - Sync 1 DAGs
[2024-06-18 01:49:31,929] {logging_mixin.py:115} INFO - [2024-06-18 01:49:31,929] {dag.py:2972} INFO - Setting next_dagrun for bashoperator to 2024-05-15T00:00:00+00:00, run_after=2024-05-16T00:00:00+00:00
[2024-06-18 01:49:31,936] {processor.py:161} INFO - Processing /opt/airflow/dags/1-bashoperator.py took 0.044 seconds
[2024-06-18 01:50:02,252] {processor.py:153} INFO - Started process (PID=33338) to work on /opt/airflow/dags/1-bashoperator.py
[2024-06-18 01:50:02,253] {processor.py:641} INFO - Processing file /opt/airflow/dags/1-bashoperator.py for tasks to queue
[2024-06-18 01:50:02,253] {logging_mixin.py:115} INFO - [2024-06-18 01:50:02,253] {dagbag.py:508} INFO - Filling up the DagBag from /opt/airflow/dags/1-bashoperator.py
[2024-06-18 01:50:02,260] {processor.py:651} INFO - DAG(s) dict_keys(['bashoperator']) retrieved from /opt/airflow/dags/1-bashoperator.py
[2024-06-18 01:50:02,278] {logging_mixin.py:115} INFO - [2024-06-18 01:50:02,278] {dag.py:2420} INFO - Sync 1 DAGs
[2024-06-18 01:50:02,294] {logging_mixin.py:115} INFO - [2024-06-18 01:50:02,293] {dag.py:2972} INFO - Setting next_dagrun for bashoperator to 2024-05-15T00:00:00+00:00, run_after=2024-05-16T00:00:00+00:00
[2024-06-18 01:50:02,302] {processor.py:161} INFO - Processing /opt/airflow/dags/1-bashoperator.py took 0.052 seconds
[2024-06-18 01:50:32,618] {processor.py:153} INFO - Started process (PID=33373) to work on /opt/airflow/dags/1-bashoperator.py
[2024-06-18 01:50:32,618] {processor.py:641} INFO - Processing file /opt/airflow/dags/1-bashoperator.py for tasks to queue
[2024-06-18 01:50:32,619] {logging_mixin.py:115} INFO - [2024-06-18 01:50:32,619] {dagbag.py:508} INFO - Filling up the DagBag from /opt/airflow/dags/1-bashoperator.py
[2024-06-18 01:50:32,623] {processor.py:651} INFO - DAG(s) dict_keys(['bashoperator']) retrieved from /opt/airflow/dags/1-bashoperator.py
[2024-06-18 01:50:32,641] {logging_mixin.py:115} INFO - [2024-06-18 01:50:32,641] {dag.py:2420} INFO - Sync 1 DAGs
[2024-06-18 01:50:32,656] {logging_mixin.py:115} INFO - [2024-06-18 01:50:32,656] {dag.py:2972} INFO - Setting next_dagrun for bashoperator to 2024-05-15T00:00:00+00:00, run_after=2024-05-16T00:00:00+00:00
[2024-06-18 01:50:32,665] {processor.py:161} INFO - Processing /opt/airflow/dags/1-bashoperator.py took 0.049 seconds
[2024-06-18 01:51:02,992] {processor.py:153} INFO - Started process (PID=33408) to work on /opt/airflow/dags/1-bashoperator.py
[2024-06-18 01:51:02,993] {processor.py:641} INFO - Processing file /opt/airflow/dags/1-bashoperator.py for tasks to queue
[2024-06-18 01:51:02,993] {logging_mixin.py:115} INFO - [2024-06-18 01:51:02,993] {dagbag.py:508} INFO - Filling up the DagBag from /opt/airflow/dags/1-bashoperator.py
[2024-06-18 01:51:02,996] {processor.py:651} INFO - DAG(s) dict_keys(['bashoperator']) retrieved from /opt/airflow/dags/1-bashoperator.py
[2024-06-18 01:51:03,012] {logging_mixin.py:115} INFO - [2024-06-18 01:51:03,012] {dag.py:2420} INFO - Sync 1 DAGs
[2024-06-18 01:51:03,026] {logging_mixin.py:115} INFO - [2024-06-18 01:51:03,026] {dag.py:2972} INFO - Setting next_dagrun for bashoperator to 2024-05-15T00:00:00+00:00, run_after=2024-05-16T00:00:00+00:00
[2024-06-18 01:51:03,034] {processor.py:161} INFO - Processing /opt/airflow/dags/1-bashoperator.py took 0.044 seconds
[2024-06-18 01:51:33,357] {processor.py:153} INFO - Started process (PID=33443) to work on /opt/airflow/dags/1-bashoperator.py
[2024-06-18 01:51:33,357] {processor.py:641} INFO - Processing file /opt/airflow/dags/1-bashoperator.py for tasks to queue
[2024-06-18 01:51:33,358] {logging_mixin.py:115} INFO - [2024-06-18 01:51:33,357] {dagbag.py:508} INFO - Filling up the DagBag from /opt/airflow/dags/1-bashoperator.py
[2024-06-18 01:51:33,362] {processor.py:651} INFO - DAG(s) dict_keys(['bashoperator']) retrieved from /opt/airflow/dags/1-bashoperator.py
[2024-06-18 01:51:33,379] {logging_mixin.py:115} INFO - [2024-06-18 01:51:33,379] {dag.py:2420} INFO - Sync 1 DAGs
[2024-06-18 01:51:33,393] {logging_mixin.py:115} INFO - [2024-06-18 01:51:33,393] {dag.py:2972} INFO - Setting next_dagrun for bashoperator to 2024-05-15T00:00:00+00:00, run_after=2024-05-16T00:00:00+00:00
[2024-06-18 01:51:33,401] {processor.py:161} INFO - Processing /opt/airflow/dags/1-bashoperator.py took 0.047 seconds
[2024-06-18 01:52:03,753] {processor.py:153} INFO - Started process (PID=33469) to work on /opt/airflow/dags/1-bashoperator.py
[2024-06-18 01:52:03,753] {processor.py:641} INFO - Processing file /opt/airflow/dags/1-bashoperator.py for tasks to queue
[2024-06-18 01:52:03,754] {logging_mixin.py:115} INFO - [2024-06-18 01:52:03,754] {dagbag.py:508} INFO - Filling up the DagBag from /opt/airflow/dags/1-bashoperator.py
[2024-06-18 01:52:03,758] {processor.py:651} INFO - DAG(s) dict_keys(['bashoperator']) retrieved from /opt/airflow/dags/1-bashoperator.py
[2024-06-18 01:52:03,774] {logging_mixin.py:115} INFO - [2024-06-18 01:52:03,774] {dag.py:2420} INFO - Sync 1 DAGs
[2024-06-18 01:52:03,789] {logging_mixin.py:115} INFO - [2024-06-18 01:52:03,789] {dag.py:2972} INFO - Setting next_dagrun for bashoperator to 2024-05-15T00:00:00+00:00, run_after=2024-05-16T00:00:00+00:00
[2024-06-18 01:52:03,797] {processor.py:161} INFO - Processing /opt/airflow/dags/1-bashoperator.py took 0.047 seconds
[2024-06-18 01:52:34,119] {processor.py:153} INFO - Started process (PID=33504) to work on /opt/airflow/dags/1-bashoperator.py
[2024-06-18 01:52:34,119] {processor.py:641} INFO - Processing file /opt/airflow/dags/1-bashoperator.py for tasks to queue
[2024-06-18 01:52:34,120] {logging_mixin.py:115} INFO - [2024-06-18 01:52:34,120] {dagbag.py:508} INFO - Filling up the DagBag from /opt/airflow/dags/1-bashoperator.py
[2024-06-18 01:52:34,124] {processor.py:651} INFO - DAG(s) dict_keys(['bashoperator']) retrieved from /opt/airflow/dags/1-bashoperator.py
[2024-06-18 01:52:34,141] {logging_mixin.py:115} INFO - [2024-06-18 01:52:34,141] {dag.py:2420} INFO - Sync 1 DAGs
[2024-06-18 01:52:34,155] {logging_mixin.py:115} INFO - [2024-06-18 01:52:34,155] {dag.py:2972} INFO - Setting next_dagrun for bashoperator to 2024-05-15T00:00:00+00:00, run_after=2024-05-16T00:00:00+00:00
[2024-06-18 01:52:34,163] {processor.py:161} INFO - Processing /opt/airflow/dags/1-bashoperator.py took 0.047 seconds
[2024-06-18 01:53:04,518] {processor.py:153} INFO - Started process (PID=33539) to work on /opt/airflow/dags/1-bashoperator.py
[2024-06-18 01:53:04,519] {processor.py:641} INFO - Processing file /opt/airflow/dags/1-bashoperator.py for tasks to queue
[2024-06-18 01:53:04,519] {logging_mixin.py:115} INFO - [2024-06-18 01:53:04,519] {dagbag.py:508} INFO - Filling up the DagBag from /opt/airflow/dags/1-bashoperator.py
[2024-06-18 01:53:04,523] {processor.py:651} INFO - DAG(s) dict_keys(['bashoperator']) retrieved from /opt/airflow/dags/1-bashoperator.py
[2024-06-18 01:53:04,538] {logging_mixin.py:115} INFO - [2024-06-18 01:53:04,538] {dag.py:2420} INFO - Sync 1 DAGs
[2024-06-18 01:53:04,552] {logging_mixin.py:115} INFO - [2024-06-18 01:53:04,552] {dag.py:2972} INFO - Setting next_dagrun for bashoperator to 2024-05-15T00:00:00+00:00, run_after=2024-05-16T00:00:00+00:00
[2024-06-18 01:53:04,560] {processor.py:161} INFO - Processing /opt/airflow/dags/1-bashoperator.py took 0.043 seconds
[2024-06-18 01:53:34,842] {processor.py:153} INFO - Started process (PID=33574) to work on /opt/airflow/dags/1-bashoperator.py
[2024-06-18 01:53:34,843] {processor.py:641} INFO - Processing file /opt/airflow/dags/1-bashoperator.py for tasks to queue
[2024-06-18 01:53:34,843] {logging_mixin.py:115} INFO - [2024-06-18 01:53:34,843] {dagbag.py:508} INFO - Filling up the DagBag from /opt/airflow/dags/1-bashoperator.py
[2024-06-18 01:53:34,847] {processor.py:651} INFO - DAG(s) dict_keys(['bashoperator']) retrieved from /opt/airflow/dags/1-bashoperator.py
[2024-06-18 01:53:34,869] {logging_mixin.py:115} INFO - [2024-06-18 01:53:34,869] {dag.py:2420} INFO - Sync 1 DAGs
[2024-06-18 01:53:34,886] {logging_mixin.py:115} INFO - [2024-06-18 01:53:34,886] {dag.py:2972} INFO - Setting next_dagrun for bashoperator to 2024-05-15T00:00:00+00:00, run_after=2024-05-16T00:00:00+00:00
[2024-06-18 01:53:34,896] {processor.py:161} INFO - Processing /opt/airflow/dags/1-bashoperator.py took 0.056 seconds
[2024-06-18 01:54:05,189] {processor.py:153} INFO - Started process (PID=33609) to work on /opt/airflow/dags/1-bashoperator.py
[2024-06-18 01:54:05,189] {processor.py:641} INFO - Processing file /opt/airflow/dags/1-bashoperator.py for tasks to queue
[2024-06-18 01:54:05,190] {logging_mixin.py:115} INFO - [2024-06-18 01:54:05,190] {dagbag.py:508} INFO - Filling up the DagBag from /opt/airflow/dags/1-bashoperator.py
[2024-06-18 01:54:05,194] {processor.py:651} INFO - DAG(s) dict_keys(['bashoperator']) retrieved from /opt/airflow/dags/1-bashoperator.py
[2024-06-18 01:54:05,209] {logging_mixin.py:115} INFO - [2024-06-18 01:54:05,209] {dag.py:2420} INFO - Sync 1 DAGs
[2024-06-18 01:54:05,223] {logging_mixin.py:115} INFO - [2024-06-18 01:54:05,223] {dag.py:2972} INFO - Setting next_dagrun for bashoperator to 2024-05-15T00:00:00+00:00, run_after=2024-05-16T00:00:00+00:00
[2024-06-18 01:54:05,230] {processor.py:161} INFO - Processing /opt/airflow/dags/1-bashoperator.py took 0.043 seconds
[2024-06-18 01:54:35,556] {processor.py:153} INFO - Started process (PID=33643) to work on /opt/airflow/dags/1-bashoperator.py
[2024-06-18 01:54:35,556] {processor.py:641} INFO - Processing file /opt/airflow/dags/1-bashoperator.py for tasks to queue
[2024-06-18 01:54:35,557] {logging_mixin.py:115} INFO - [2024-06-18 01:54:35,557] {dagbag.py:508} INFO - Filling up the DagBag from /opt/airflow/dags/1-bashoperator.py
[2024-06-18 01:54:35,561] {processor.py:651} INFO - DAG(s) dict_keys(['bashoperator']) retrieved from /opt/airflow/dags/1-bashoperator.py
[2024-06-18 01:54:35,578] {logging_mixin.py:115} INFO - [2024-06-18 01:54:35,578] {dag.py:2420} INFO - Sync 1 DAGs
[2024-06-18 01:54:35,593] {logging_mixin.py:115} INFO - [2024-06-18 01:54:35,593] {dag.py:2972} INFO - Setting next_dagrun for bashoperator to 2024-05-15T00:00:00+00:00, run_after=2024-05-16T00:00:00+00:00
[2024-06-18 01:54:35,600] {processor.py:161} INFO - Processing /opt/airflow/dags/1-bashoperator.py took 0.047 seconds
[2024-06-18 01:55:05,912] {processor.py:153} INFO - Started process (PID=33668) to work on /opt/airflow/dags/1-bashoperator.py
[2024-06-18 01:55:05,912] {processor.py:641} INFO - Processing file /opt/airflow/dags/1-bashoperator.py for tasks to queue
[2024-06-18 01:55:05,912] {logging_mixin.py:115} INFO - [2024-06-18 01:55:05,912] {dagbag.py:508} INFO - Filling up the DagBag from /opt/airflow/dags/1-bashoperator.py
[2024-06-18 01:55:05,916] {processor.py:651} INFO - DAG(s) dict_keys(['bashoperator']) retrieved from /opt/airflow/dags/1-bashoperator.py
[2024-06-18 01:55:05,935] {logging_mixin.py:115} INFO - [2024-06-18 01:55:05,935] {dag.py:2420} INFO - Sync 1 DAGs
[2024-06-18 01:55:05,953] {logging_mixin.py:115} INFO - [2024-06-18 01:55:05,953] {dag.py:2972} INFO - Setting next_dagrun for bashoperator to 2024-05-15T00:00:00+00:00, run_after=2024-05-16T00:00:00+00:00
[2024-06-18 01:55:05,961] {processor.py:161} INFO - Processing /opt/airflow/dags/1-bashoperator.py took 0.052 seconds
[2024-06-18 01:55:36,267] {processor.py:153} INFO - Started process (PID=33703) to work on /opt/airflow/dags/1-bashoperator.py
[2024-06-18 01:55:36,268] {processor.py:641} INFO - Processing file /opt/airflow/dags/1-bashoperator.py for tasks to queue
[2024-06-18 01:55:36,268] {logging_mixin.py:115} INFO - [2024-06-18 01:55:36,268] {dagbag.py:508} INFO - Filling up the DagBag from /opt/airflow/dags/1-bashoperator.py
[2024-06-18 01:55:36,272] {processor.py:651} INFO - DAG(s) dict_keys(['bashoperator']) retrieved from /opt/airflow/dags/1-bashoperator.py
[2024-06-18 01:55:36,289] {logging_mixin.py:115} INFO - [2024-06-18 01:55:36,289] {dag.py:2420} INFO - Sync 1 DAGs
[2024-06-18 01:55:36,302] {logging_mixin.py:115} INFO - [2024-06-18 01:55:36,301] {dag.py:2972} INFO - Setting next_dagrun for bashoperator to 2024-05-15T00:00:00+00:00, run_after=2024-05-16T00:00:00+00:00
[2024-06-18 01:55:36,310] {processor.py:161} INFO - Processing /opt/airflow/dags/1-bashoperator.py took 0.045 seconds
[2024-06-18 01:56:06,617] {processor.py:153} INFO - Started process (PID=33737) to work on /opt/airflow/dags/1-bashoperator.py
[2024-06-18 01:56:06,619] {processor.py:641} INFO - Processing file /opt/airflow/dags/1-bashoperator.py for tasks to queue
[2024-06-18 01:56:06,620] {logging_mixin.py:115} INFO - [2024-06-18 01:56:06,620] {dagbag.py:508} INFO - Filling up the DagBag from /opt/airflow/dags/1-bashoperator.py
[2024-06-18 01:56:06,626] {processor.py:651} INFO - DAG(s) dict_keys(['bashoperator']) retrieved from /opt/airflow/dags/1-bashoperator.py
[2024-06-18 01:56:06,644] {logging_mixin.py:115} INFO - [2024-06-18 01:56:06,644] {dag.py:2420} INFO - Sync 1 DAGs
[2024-06-18 01:56:06,660] {logging_mixin.py:115} INFO - [2024-06-18 01:56:06,660] {dag.py:2972} INFO - Setting next_dagrun for bashoperator to 2024-05-15T00:00:00+00:00, run_after=2024-05-16T00:00:00+00:00
[2024-06-18 01:56:06,669] {processor.py:161} INFO - Processing /opt/airflow/dags/1-bashoperator.py took 0.054 seconds
[2024-06-18 01:56:37,035] {processor.py:153} INFO - Started process (PID=33771) to work on /opt/airflow/dags/1-bashoperator.py
[2024-06-18 01:56:37,036] {processor.py:641} INFO - Processing file /opt/airflow/dags/1-bashoperator.py for tasks to queue
[2024-06-18 01:56:37,037] {logging_mixin.py:115} INFO - [2024-06-18 01:56:37,036] {dagbag.py:508} INFO - Filling up the DagBag from /opt/airflow/dags/1-bashoperator.py
[2024-06-18 01:56:37,041] {processor.py:651} INFO - DAG(s) dict_keys(['bashoperator']) retrieved from /opt/airflow/dags/1-bashoperator.py
[2024-06-18 01:56:37,057] {logging_mixin.py:115} INFO - [2024-06-18 01:56:37,056] {dag.py:2420} INFO - Sync 1 DAGs
[2024-06-18 01:56:37,071] {logging_mixin.py:115} INFO - [2024-06-18 01:56:37,071] {dag.py:2972} INFO - Setting next_dagrun for bashoperator to 2024-05-15T00:00:00+00:00, run_after=2024-05-16T00:00:00+00:00
[2024-06-18 01:56:37,080] {processor.py:161} INFO - Processing /opt/airflow/dags/1-bashoperator.py took 0.047 seconds
[2024-06-18 01:57:07,380] {processor.py:153} INFO - Started process (PID=33806) to work on /opt/airflow/dags/1-bashoperator.py
[2024-06-18 01:57:07,380] {processor.py:641} INFO - Processing file /opt/airflow/dags/1-bashoperator.py for tasks to queue
[2024-06-18 01:57:07,381] {logging_mixin.py:115} INFO - [2024-06-18 01:57:07,380] {dagbag.py:508} INFO - Filling up the DagBag from /opt/airflow/dags/1-bashoperator.py
[2024-06-18 01:57:07,384] {processor.py:651} INFO - DAG(s) dict_keys(['bashoperator']) retrieved from /opt/airflow/dags/1-bashoperator.py
[2024-06-18 01:57:07,401] {logging_mixin.py:115} INFO - [2024-06-18 01:57:07,401] {dag.py:2420} INFO - Sync 1 DAGs
[2024-06-18 01:57:07,415] {logging_mixin.py:115} INFO - [2024-06-18 01:57:07,415] {dag.py:2972} INFO - Setting next_dagrun for bashoperator to 2024-05-15T00:00:00+00:00, run_after=2024-05-16T00:00:00+00:00
[2024-06-18 01:57:07,422] {processor.py:161} INFO - Processing /opt/airflow/dags/1-bashoperator.py took 0.045 seconds
[2024-06-18 01:57:37,791] {processor.py:153} INFO - Started process (PID=33832) to work on /opt/airflow/dags/1-bashoperator.py
[2024-06-18 01:57:37,791] {processor.py:641} INFO - Processing file /opt/airflow/dags/1-bashoperator.py for tasks to queue
[2024-06-18 01:57:37,792] {logging_mixin.py:115} INFO - [2024-06-18 01:57:37,792] {dagbag.py:508} INFO - Filling up the DagBag from /opt/airflow/dags/1-bashoperator.py
[2024-06-18 01:57:37,796] {processor.py:651} INFO - DAG(s) dict_keys(['bashoperator']) retrieved from /opt/airflow/dags/1-bashoperator.py
[2024-06-18 01:57:37,816] {logging_mixin.py:115} INFO - [2024-06-18 01:57:37,816] {dag.py:2420} INFO - Sync 1 DAGs
[2024-06-18 01:57:37,832] {logging_mixin.py:115} INFO - [2024-06-18 01:57:37,832] {dag.py:2972} INFO - Setting next_dagrun for bashoperator to 2024-05-15T00:00:00+00:00, run_after=2024-05-16T00:00:00+00:00
[2024-06-18 01:57:37,842] {processor.py:161} INFO - Processing /opt/airflow/dags/1-bashoperator.py took 0.054 seconds
[2024-06-18 01:58:08,104] {processor.py:153} INFO - Started process (PID=33866) to work on /opt/airflow/dags/1-bashoperator.py
[2024-06-18 01:58:08,105] {processor.py:641} INFO - Processing file /opt/airflow/dags/1-bashoperator.py for tasks to queue
[2024-06-18 01:58:08,105] {logging_mixin.py:115} INFO - [2024-06-18 01:58:08,105] {dagbag.py:508} INFO - Filling up the DagBag from /opt/airflow/dags/1-bashoperator.py
[2024-06-18 01:58:08,108] {processor.py:651} INFO - DAG(s) dict_keys(['bashoperator']) retrieved from /opt/airflow/dags/1-bashoperator.py
[2024-06-18 01:58:08,126] {logging_mixin.py:115} INFO - [2024-06-18 01:58:08,125] {dag.py:2420} INFO - Sync 1 DAGs
[2024-06-18 01:58:08,139] {logging_mixin.py:115} INFO - [2024-06-18 01:58:08,139] {dag.py:2972} INFO - Setting next_dagrun for bashoperator to 2024-05-15T00:00:00+00:00, run_after=2024-05-16T00:00:00+00:00
[2024-06-18 01:58:08,146] {processor.py:161} INFO - Processing /opt/airflow/dags/1-bashoperator.py took 0.044 seconds
[2024-06-18 01:58:38,469] {processor.py:153} INFO - Started process (PID=33901) to work on /opt/airflow/dags/1-bashoperator.py
[2024-06-18 01:58:38,470] {processor.py:641} INFO - Processing file /opt/airflow/dags/1-bashoperator.py for tasks to queue
[2024-06-18 01:58:38,470] {logging_mixin.py:115} INFO - [2024-06-18 01:58:38,470] {dagbag.py:508} INFO - Filling up the DagBag from /opt/airflow/dags/1-bashoperator.py
[2024-06-18 01:58:38,473] {processor.py:651} INFO - DAG(s) dict_keys(['bashoperator']) retrieved from /opt/airflow/dags/1-bashoperator.py
[2024-06-18 01:58:38,488] {logging_mixin.py:115} INFO - [2024-06-18 01:58:38,488] {dag.py:2420} INFO - Sync 1 DAGs
[2024-06-18 01:58:38,503] {logging_mixin.py:115} INFO - [2024-06-18 01:58:38,503] {dag.py:2972} INFO - Setting next_dagrun for bashoperator to 2024-05-15T00:00:00+00:00, run_after=2024-05-16T00:00:00+00:00
[2024-06-18 01:58:38,511] {processor.py:161} INFO - Processing /opt/airflow/dags/1-bashoperator.py took 0.044 seconds
[2024-06-18 01:59:08,871] {processor.py:153} INFO - Started process (PID=33935) to work on /opt/airflow/dags/1-bashoperator.py
[2024-06-18 01:59:08,874] {processor.py:641} INFO - Processing file /opt/airflow/dags/1-bashoperator.py for tasks to queue
[2024-06-18 01:59:08,875] {logging_mixin.py:115} INFO - [2024-06-18 01:59:08,875] {dagbag.py:508} INFO - Filling up the DagBag from /opt/airflow/dags/1-bashoperator.py
[2024-06-18 01:59:08,882] {processor.py:651} INFO - DAG(s) dict_keys(['bashoperator']) retrieved from /opt/airflow/dags/1-bashoperator.py
[2024-06-18 01:59:08,901] {logging_mixin.py:115} INFO - [2024-06-18 01:59:08,901] {dag.py:2420} INFO - Sync 1 DAGs
[2024-06-18 01:59:08,915] {logging_mixin.py:115} INFO - [2024-06-18 01:59:08,915] {dag.py:2972} INFO - Setting next_dagrun for bashoperator to 2024-05-15T00:00:00+00:00, run_after=2024-05-16T00:00:00+00:00
[2024-06-18 01:59:08,922] {processor.py:161} INFO - Processing /opt/airflow/dags/1-bashoperator.py took 0.054 seconds
[2024-06-18 01:59:39,215] {processor.py:153} INFO - Started process (PID=33970) to work on /opt/airflow/dags/1-bashoperator.py
[2024-06-18 01:59:39,216] {processor.py:641} INFO - Processing file /opt/airflow/dags/1-bashoperator.py for tasks to queue
[2024-06-18 01:59:39,216] {logging_mixin.py:115} INFO - [2024-06-18 01:59:39,216] {dagbag.py:508} INFO - Filling up the DagBag from /opt/airflow/dags/1-bashoperator.py
[2024-06-18 01:59:39,220] {processor.py:651} INFO - DAG(s) dict_keys(['bashoperator']) retrieved from /opt/airflow/dags/1-bashoperator.py
[2024-06-18 01:59:39,239] {logging_mixin.py:115} INFO - [2024-06-18 01:59:39,239] {dag.py:2420} INFO - Sync 1 DAGs
[2024-06-18 01:59:39,256] {logging_mixin.py:115} INFO - [2024-06-18 01:59:39,256] {dag.py:2972} INFO - Setting next_dagrun for bashoperator to 2024-05-15T00:00:00+00:00, run_after=2024-05-16T00:00:00+00:00
[2024-06-18 01:59:39,264] {processor.py:161} INFO - Processing /opt/airflow/dags/1-bashoperator.py took 0.052 seconds
[2024-06-18 02:00:09,613] {processor.py:153} INFO - Started process (PID=33996) to work on /opt/airflow/dags/1-bashoperator.py
[2024-06-18 02:00:09,614] {processor.py:641} INFO - Processing file /opt/airflow/dags/1-bashoperator.py for tasks to queue
[2024-06-18 02:00:09,614] {logging_mixin.py:115} INFO - [2024-06-18 02:00:09,614] {dagbag.py:508} INFO - Filling up the DagBag from /opt/airflow/dags/1-bashoperator.py
[2024-06-18 02:00:09,618] {processor.py:651} INFO - DAG(s) dict_keys(['bashoperator']) retrieved from /opt/airflow/dags/1-bashoperator.py
[2024-06-18 02:00:09,634] {logging_mixin.py:115} INFO - [2024-06-18 02:00:09,634] {dag.py:2420} INFO - Sync 1 DAGs
[2024-06-18 02:00:09,648] {logging_mixin.py:115} INFO - [2024-06-18 02:00:09,647] {dag.py:2972} INFO - Setting next_dagrun for bashoperator to 2024-05-15T00:00:00+00:00, run_after=2024-05-16T00:00:00+00:00
[2024-06-18 02:00:09,655] {processor.py:161} INFO - Processing /opt/airflow/dags/1-bashoperator.py took 0.044 seconds
[2024-06-18 02:00:39,969] {processor.py:153} INFO - Started process (PID=34031) to work on /opt/airflow/dags/1-bashoperator.py
[2024-06-18 02:00:39,969] {processor.py:641} INFO - Processing file /opt/airflow/dags/1-bashoperator.py for tasks to queue
[2024-06-18 02:00:39,969] {logging_mixin.py:115} INFO - [2024-06-18 02:00:39,969] {dagbag.py:508} INFO - Filling up the DagBag from /opt/airflow/dags/1-bashoperator.py
[2024-06-18 02:00:39,973] {processor.py:651} INFO - DAG(s) dict_keys(['bashoperator']) retrieved from /opt/airflow/dags/1-bashoperator.py
[2024-06-18 02:00:39,989] {logging_mixin.py:115} INFO - [2024-06-18 02:00:39,989] {dag.py:2420} INFO - Sync 1 DAGs
[2024-06-18 02:00:40,004] {logging_mixin.py:115} INFO - [2024-06-18 02:00:40,004] {dag.py:2972} INFO - Setting next_dagrun for bashoperator to 2024-05-15T00:00:00+00:00, run_after=2024-05-16T00:00:00+00:00
[2024-06-18 02:00:40,011] {processor.py:161} INFO - Processing /opt/airflow/dags/1-bashoperator.py took 0.045 seconds
[2024-06-18 02:01:10,352] {processor.py:153} INFO - Started process (PID=34065) to work on /opt/airflow/dags/1-bashoperator.py
[2024-06-18 02:01:10,353] {processor.py:641} INFO - Processing file /opt/airflow/dags/1-bashoperator.py for tasks to queue
[2024-06-18 02:01:10,353] {logging_mixin.py:115} INFO - [2024-06-18 02:01:10,353] {dagbag.py:508} INFO - Filling up the DagBag from /opt/airflow/dags/1-bashoperator.py
[2024-06-18 02:01:10,358] {processor.py:651} INFO - DAG(s) dict_keys(['bashoperator']) retrieved from /opt/airflow/dags/1-bashoperator.py
[2024-06-18 02:01:10,374] {logging_mixin.py:115} INFO - [2024-06-18 02:01:10,374] {dag.py:2420} INFO - Sync 1 DAGs
[2024-06-18 02:01:10,388] {logging_mixin.py:115} INFO - [2024-06-18 02:01:10,388] {dag.py:2972} INFO - Setting next_dagrun for bashoperator to 2024-05-15T00:00:00+00:00, run_after=2024-05-16T00:00:00+00:00
[2024-06-18 02:01:10,411] {processor.py:161} INFO - Processing /opt/airflow/dags/1-bashoperator.py took 0.061 seconds
[2024-06-18 02:01:40,711] {processor.py:153} INFO - Started process (PID=34099) to work on /opt/airflow/dags/1-bashoperator.py
[2024-06-18 02:01:40,712] {processor.py:641} INFO - Processing file /opt/airflow/dags/1-bashoperator.py for tasks to queue
[2024-06-18 02:01:40,712] {logging_mixin.py:115} INFO - [2024-06-18 02:01:40,712] {dagbag.py:508} INFO - Filling up the DagBag from /opt/airflow/dags/1-bashoperator.py
[2024-06-18 02:01:40,716] {processor.py:651} INFO - DAG(s) dict_keys(['bashoperator']) retrieved from /opt/airflow/dags/1-bashoperator.py
[2024-06-18 02:01:40,731] {logging_mixin.py:115} INFO - [2024-06-18 02:01:40,731] {dag.py:2420} INFO - Sync 1 DAGs
[2024-06-18 02:01:40,744] {logging_mixin.py:115} INFO - [2024-06-18 02:01:40,744] {dag.py:2972} INFO - Setting next_dagrun for bashoperator to 2024-05-15T00:00:00+00:00, run_after=2024-05-16T00:00:00+00:00
[2024-06-18 02:01:40,752] {processor.py:161} INFO - Processing /opt/airflow/dags/1-bashoperator.py took 0.043 seconds
[2024-06-18 02:02:11,075] {processor.py:153} INFO - Started process (PID=34134) to work on /opt/airflow/dags/1-bashoperator.py
[2024-06-18 02:02:11,075] {processor.py:641} INFO - Processing file /opt/airflow/dags/1-bashoperator.py for tasks to queue
[2024-06-18 02:02:11,076] {logging_mixin.py:115} INFO - [2024-06-18 02:02:11,076] {dagbag.py:508} INFO - Filling up the DagBag from /opt/airflow/dags/1-bashoperator.py
[2024-06-18 02:02:11,080] {processor.py:651} INFO - DAG(s) dict_keys(['bashoperator']) retrieved from /opt/airflow/dags/1-bashoperator.py
[2024-06-18 02:02:11,097] {logging_mixin.py:115} INFO - [2024-06-18 02:02:11,097] {dag.py:2420} INFO - Sync 1 DAGs
[2024-06-18 02:02:11,111] {logging_mixin.py:115} INFO - [2024-06-18 02:02:11,111] {dag.py:2972} INFO - Setting next_dagrun for bashoperator to 2024-05-15T00:00:00+00:00, run_after=2024-05-16T00:00:00+00:00
[2024-06-18 02:02:11,120] {processor.py:161} INFO - Processing /opt/airflow/dags/1-bashoperator.py took 0.047 seconds
[2024-06-18 02:02:41,437] {processor.py:153} INFO - Started process (PID=34169) to work on /opt/airflow/dags/1-bashoperator.py
[2024-06-18 02:02:41,437] {processor.py:641} INFO - Processing file /opt/airflow/dags/1-bashoperator.py for tasks to queue
[2024-06-18 02:02:41,437] {logging_mixin.py:115} INFO - [2024-06-18 02:02:41,437] {dagbag.py:508} INFO - Filling up the DagBag from /opt/airflow/dags/1-bashoperator.py
[2024-06-18 02:02:41,441] {processor.py:651} INFO - DAG(s) dict_keys(['bashoperator']) retrieved from /opt/airflow/dags/1-bashoperator.py
[2024-06-18 02:02:41,460] {logging_mixin.py:115} INFO - [2024-06-18 02:02:41,460] {dag.py:2420} INFO - Sync 1 DAGs
[2024-06-18 02:02:41,475] {logging_mixin.py:115} INFO - [2024-06-18 02:02:41,475] {dag.py:2972} INFO - Setting next_dagrun for bashoperator to 2024-05-15T00:00:00+00:00, run_after=2024-05-16T00:00:00+00:00
[2024-06-18 02:02:41,485] {processor.py:161} INFO - Processing /opt/airflow/dags/1-bashoperator.py took 0.051 seconds
[2024-06-18 02:03:11,782] {processor.py:153} INFO - Started process (PID=34195) to work on /opt/airflow/dags/1-bashoperator.py
[2024-06-18 02:03:11,782] {processor.py:641} INFO - Processing file /opt/airflow/dags/1-bashoperator.py for tasks to queue
[2024-06-18 02:03:11,782] {logging_mixin.py:115} INFO - [2024-06-18 02:03:11,782] {dagbag.py:508} INFO - Filling up the DagBag from /opt/airflow/dags/1-bashoperator.py
[2024-06-18 02:03:11,786] {processor.py:651} INFO - DAG(s) dict_keys(['bashoperator']) retrieved from /opt/airflow/dags/1-bashoperator.py
[2024-06-18 02:03:11,802] {logging_mixin.py:115} INFO - [2024-06-18 02:03:11,802] {dag.py:2420} INFO - Sync 1 DAGs
[2024-06-18 02:03:11,817] {logging_mixin.py:115} INFO - [2024-06-18 02:03:11,817] {dag.py:2972} INFO - Setting next_dagrun for bashoperator to 2024-05-15T00:00:00+00:00, run_after=2024-05-16T00:00:00+00:00
[2024-06-18 02:03:11,827] {processor.py:161} INFO - Processing /opt/airflow/dags/1-bashoperator.py took 0.047 seconds
[2024-06-18 02:03:42,137] {processor.py:153} INFO - Started process (PID=34230) to work on /opt/airflow/dags/1-bashoperator.py
[2024-06-18 02:03:42,137] {processor.py:641} INFO - Processing file /opt/airflow/dags/1-bashoperator.py for tasks to queue
[2024-06-18 02:03:42,137] {logging_mixin.py:115} INFO - [2024-06-18 02:03:42,137] {dagbag.py:508} INFO - Filling up the DagBag from /opt/airflow/dags/1-bashoperator.py
[2024-06-18 02:03:42,141] {processor.py:651} INFO - DAG(s) dict_keys(['bashoperator']) retrieved from /opt/airflow/dags/1-bashoperator.py
[2024-06-18 02:03:42,157] {logging_mixin.py:115} INFO - [2024-06-18 02:03:42,157] {dag.py:2420} INFO - Sync 1 DAGs
[2024-06-18 02:03:42,171] {logging_mixin.py:115} INFO - [2024-06-18 02:03:42,171] {dag.py:2972} INFO - Setting next_dagrun for bashoperator to 2024-05-15T00:00:00+00:00, run_after=2024-05-16T00:00:00+00:00
[2024-06-18 02:03:42,179] {processor.py:161} INFO - Processing /opt/airflow/dags/1-bashoperator.py took 0.045 seconds
[2024-06-18 02:04:12,552] {processor.py:153} INFO - Started process (PID=34265) to work on /opt/airflow/dags/1-bashoperator.py
[2024-06-18 02:04:12,552] {processor.py:641} INFO - Processing file /opt/airflow/dags/1-bashoperator.py for tasks to queue
[2024-06-18 02:04:12,553] {logging_mixin.py:115} INFO - [2024-06-18 02:04:12,553] {dagbag.py:508} INFO - Filling up the DagBag from /opt/airflow/dags/1-bashoperator.py
[2024-06-18 02:04:12,557] {processor.py:651} INFO - DAG(s) dict_keys(['bashoperator']) retrieved from /opt/airflow/dags/1-bashoperator.py
[2024-06-18 02:04:12,577] {logging_mixin.py:115} INFO - [2024-06-18 02:04:12,577] {dag.py:2420} INFO - Sync 1 DAGs
[2024-06-18 02:04:12,591] {logging_mixin.py:115} INFO - [2024-06-18 02:04:12,591] {dag.py:2972} INFO - Setting next_dagrun for bashoperator to 2024-05-15T00:00:00+00:00, run_after=2024-05-16T00:00:00+00:00
[2024-06-18 02:04:12,600] {processor.py:161} INFO - Processing /opt/airflow/dags/1-bashoperator.py took 0.050 seconds
[2024-06-18 02:04:42,905] {processor.py:153} INFO - Started process (PID=34300) to work on /opt/airflow/dags/1-bashoperator.py
[2024-06-18 02:04:42,906] {processor.py:641} INFO - Processing file /opt/airflow/dags/1-bashoperator.py for tasks to queue
[2024-06-18 02:04:42,906] {logging_mixin.py:115} INFO - [2024-06-18 02:04:42,906] {dagbag.py:508} INFO - Filling up the DagBag from /opt/airflow/dags/1-bashoperator.py
[2024-06-18 02:04:42,910] {processor.py:651} INFO - DAG(s) dict_keys(['bashoperator']) retrieved from /opt/airflow/dags/1-bashoperator.py
[2024-06-18 02:04:42,926] {logging_mixin.py:115} INFO - [2024-06-18 02:04:42,926] {dag.py:2420} INFO - Sync 1 DAGs
[2024-06-18 02:04:42,940] {logging_mixin.py:115} INFO - [2024-06-18 02:04:42,940] {dag.py:2972} INFO - Setting next_dagrun for bashoperator to 2024-05-15T00:00:00+00:00, run_after=2024-05-16T00:00:00+00:00
[2024-06-18 02:04:42,947] {processor.py:161} INFO - Processing /opt/airflow/dags/1-bashoperator.py took 0.045 seconds
[2024-06-18 02:05:13,312] {processor.py:153} INFO - Started process (PID=34335) to work on /opt/airflow/dags/1-bashoperator.py
[2024-06-18 02:05:13,312] {processor.py:641} INFO - Processing file /opt/airflow/dags/1-bashoperator.py for tasks to queue
[2024-06-18 02:05:13,313] {logging_mixin.py:115} INFO - [2024-06-18 02:05:13,313] {dagbag.py:508} INFO - Filling up the DagBag from /opt/airflow/dags/1-bashoperator.py
[2024-06-18 02:05:13,317] {processor.py:651} INFO - DAG(s) dict_keys(['bashoperator']) retrieved from /opt/airflow/dags/1-bashoperator.py
[2024-06-18 02:05:13,335] {logging_mixin.py:115} INFO - [2024-06-18 02:05:13,335] {dag.py:2420} INFO - Sync 1 DAGs
[2024-06-18 02:05:13,349] {logging_mixin.py:115} INFO - [2024-06-18 02:05:13,349] {dag.py:2972} INFO - Setting next_dagrun for bashoperator to 2024-05-15T00:00:00+00:00, run_after=2024-05-16T00:00:00+00:00
[2024-06-18 02:05:13,356] {processor.py:161} INFO - Processing /opt/airflow/dags/1-bashoperator.py took 0.047 seconds
[2024-06-18 02:05:43,667] {processor.py:153} INFO - Started process (PID=34360) to work on /opt/airflow/dags/1-bashoperator.py
[2024-06-18 02:05:43,668] {processor.py:641} INFO - Processing file /opt/airflow/dags/1-bashoperator.py for tasks to queue
[2024-06-18 02:05:43,668] {logging_mixin.py:115} INFO - [2024-06-18 02:05:43,668] {dagbag.py:508} INFO - Filling up the DagBag from /opt/airflow/dags/1-bashoperator.py
[2024-06-18 02:05:43,672] {processor.py:651} INFO - DAG(s) dict_keys(['bashoperator']) retrieved from /opt/airflow/dags/1-bashoperator.py
[2024-06-18 02:05:43,688] {logging_mixin.py:115} INFO - [2024-06-18 02:05:43,687] {dag.py:2420} INFO - Sync 1 DAGs
[2024-06-18 02:05:43,701] {logging_mixin.py:115} INFO - [2024-06-18 02:05:43,701] {dag.py:2972} INFO - Setting next_dagrun for bashoperator to 2024-05-15T00:00:00+00:00, run_after=2024-05-16T00:00:00+00:00
[2024-06-18 02:05:43,710] {processor.py:161} INFO - Processing /opt/airflow/dags/1-bashoperator.py took 0.045 seconds
[2024-06-18 02:06:14,018] {processor.py:153} INFO - Started process (PID=34394) to work on /opt/airflow/dags/1-bashoperator.py
[2024-06-18 02:06:14,019] {processor.py:641} INFO - Processing file /opt/airflow/dags/1-bashoperator.py for tasks to queue
[2024-06-18 02:06:14,019] {logging_mixin.py:115} INFO - [2024-06-18 02:06:14,019] {dagbag.py:508} INFO - Filling up the DagBag from /opt/airflow/dags/1-bashoperator.py
[2024-06-18 02:06:14,023] {processor.py:651} INFO - DAG(s) dict_keys(['bashoperator']) retrieved from /opt/airflow/dags/1-bashoperator.py
[2024-06-18 02:06:14,039] {logging_mixin.py:115} INFO - [2024-06-18 02:06:14,039] {dag.py:2420} INFO - Sync 1 DAGs
[2024-06-18 02:06:14,052] {logging_mixin.py:115} INFO - [2024-06-18 02:06:14,052] {dag.py:2972} INFO - Setting next_dagrun for bashoperator to 2024-05-15T00:00:00+00:00, run_after=2024-05-16T00:00:00+00:00
[2024-06-18 02:06:14,060] {processor.py:161} INFO - Processing /opt/airflow/dags/1-bashoperator.py took 0.044 seconds
[2024-06-18 02:06:44,383] {processor.py:153} INFO - Started process (PID=34429) to work on /opt/airflow/dags/1-bashoperator.py
[2024-06-18 02:06:44,384] {processor.py:641} INFO - Processing file /opt/airflow/dags/1-bashoperator.py for tasks to queue
[2024-06-18 02:06:44,384] {logging_mixin.py:115} INFO - [2024-06-18 02:06:44,384] {dagbag.py:508} INFO - Filling up the DagBag from /opt/airflow/dags/1-bashoperator.py
[2024-06-18 02:06:44,388] {processor.py:651} INFO - DAG(s) dict_keys(['bashoperator']) retrieved from /opt/airflow/dags/1-bashoperator.py
[2024-06-18 02:06:44,407] {logging_mixin.py:115} INFO - [2024-06-18 02:06:44,407] {dag.py:2420} INFO - Sync 1 DAGs
[2024-06-18 02:06:44,421] {logging_mixin.py:115} INFO - [2024-06-18 02:06:44,421] {dag.py:2972} INFO - Setting next_dagrun for bashoperator to 2024-05-15T00:00:00+00:00, run_after=2024-05-16T00:00:00+00:00
[2024-06-18 02:06:44,432] {processor.py:161} INFO - Processing /opt/airflow/dags/1-bashoperator.py took 0.051 seconds
[2024-06-18 02:07:14,740] {processor.py:153} INFO - Started process (PID=34463) to work on /opt/airflow/dags/1-bashoperator.py
[2024-06-18 02:07:14,741] {processor.py:641} INFO - Processing file /opt/airflow/dags/1-bashoperator.py for tasks to queue
[2024-06-18 02:07:14,741] {logging_mixin.py:115} INFO - [2024-06-18 02:07:14,741] {dagbag.py:508} INFO - Filling up the DagBag from /opt/airflow/dags/1-bashoperator.py
[2024-06-18 02:07:14,745] {processor.py:651} INFO - DAG(s) dict_keys(['bashoperator']) retrieved from /opt/airflow/dags/1-bashoperator.py
[2024-06-18 02:07:14,761] {logging_mixin.py:115} INFO - [2024-06-18 02:07:14,761] {dag.py:2420} INFO - Sync 1 DAGs
[2024-06-18 02:07:14,774] {logging_mixin.py:115} INFO - [2024-06-18 02:07:14,774] {dag.py:2972} INFO - Setting next_dagrun for bashoperator to 2024-05-15T00:00:00+00:00, run_after=2024-05-16T00:00:00+00:00
[2024-06-18 02:07:14,781] {processor.py:161} INFO - Processing /opt/airflow/dags/1-bashoperator.py took 0.045 seconds
[2024-06-18 02:07:45,086] {processor.py:153} INFO - Started process (PID=34497) to work on /opt/airflow/dags/1-bashoperator.py
[2024-06-18 02:07:45,087] {processor.py:641} INFO - Processing file /opt/airflow/dags/1-bashoperator.py for tasks to queue
[2024-06-18 02:07:45,087] {logging_mixin.py:115} INFO - [2024-06-18 02:07:45,087] {dagbag.py:508} INFO - Filling up the DagBag from /opt/airflow/dags/1-bashoperator.py
[2024-06-18 02:07:45,091] {processor.py:651} INFO - DAG(s) dict_keys(['bashoperator']) retrieved from /opt/airflow/dags/1-bashoperator.py
[2024-06-18 02:07:45,107] {logging_mixin.py:115} INFO - [2024-06-18 02:07:45,107] {dag.py:2420} INFO - Sync 1 DAGs
[2024-06-18 02:07:45,120] {logging_mixin.py:115} INFO - [2024-06-18 02:07:45,120] {dag.py:2972} INFO - Setting next_dagrun for bashoperator to 2024-05-15T00:00:00+00:00, run_after=2024-05-16T00:00:00+00:00
[2024-06-18 02:07:45,129] {processor.py:161} INFO - Processing /opt/airflow/dags/1-bashoperator.py took 0.045 seconds
[2024-06-18 02:08:15,433] {processor.py:153} INFO - Started process (PID=34523) to work on /opt/airflow/dags/1-bashoperator.py
[2024-06-18 02:08:15,434] {processor.py:641} INFO - Processing file /opt/airflow/dags/1-bashoperator.py for tasks to queue
[2024-06-18 02:08:15,435] {logging_mixin.py:115} INFO - [2024-06-18 02:08:15,435] {dagbag.py:508} INFO - Filling up the DagBag from /opt/airflow/dags/1-bashoperator.py
[2024-06-18 02:08:15,441] {processor.py:651} INFO - DAG(s) dict_keys(['bashoperator']) retrieved from /opt/airflow/dags/1-bashoperator.py
[2024-06-18 02:08:15,459] {logging_mixin.py:115} INFO - [2024-06-18 02:08:15,459] {dag.py:2420} INFO - Sync 1 DAGs
[2024-06-18 02:08:15,472] {logging_mixin.py:115} INFO - [2024-06-18 02:08:15,472] {dag.py:2972} INFO - Setting next_dagrun for bashoperator to 2024-05-15T00:00:00+00:00, run_after=2024-05-16T00:00:00+00:00
[2024-06-18 02:08:15,480] {processor.py:161} INFO - Processing /opt/airflow/dags/1-bashoperator.py took 0.049 seconds
[2024-06-18 02:08:45,837] {processor.py:153} INFO - Started process (PID=34558) to work on /opt/airflow/dags/1-bashoperator.py
[2024-06-18 02:08:45,837] {processor.py:641} INFO - Processing file /opt/airflow/dags/1-bashoperator.py for tasks to queue
[2024-06-18 02:08:45,838] {logging_mixin.py:115} INFO - [2024-06-18 02:08:45,837] {dagbag.py:508} INFO - Filling up the DagBag from /opt/airflow/dags/1-bashoperator.py
[2024-06-18 02:08:45,841] {processor.py:651} INFO - DAG(s) dict_keys(['bashoperator']) retrieved from /opt/airflow/dags/1-bashoperator.py
[2024-06-18 02:08:45,857] {logging_mixin.py:115} INFO - [2024-06-18 02:08:45,857] {dag.py:2420} INFO - Sync 1 DAGs
[2024-06-18 02:08:45,872] {logging_mixin.py:115} INFO - [2024-06-18 02:08:45,872] {dag.py:2972} INFO - Setting next_dagrun for bashoperator to 2024-05-15T00:00:00+00:00, run_after=2024-05-16T00:00:00+00:00
[2024-06-18 02:08:45,879] {processor.py:161} INFO - Processing /opt/airflow/dags/1-bashoperator.py took 0.044 seconds
[2024-06-18 02:09:16,179] {processor.py:153} INFO - Started process (PID=34592) to work on /opt/airflow/dags/1-bashoperator.py
[2024-06-18 02:09:16,180] {processor.py:641} INFO - Processing file /opt/airflow/dags/1-bashoperator.py for tasks to queue
[2024-06-18 02:09:16,180] {logging_mixin.py:115} INFO - [2024-06-18 02:09:16,180] {dagbag.py:508} INFO - Filling up the DagBag from /opt/airflow/dags/1-bashoperator.py
[2024-06-18 02:09:16,184] {processor.py:651} INFO - DAG(s) dict_keys(['bashoperator']) retrieved from /opt/airflow/dags/1-bashoperator.py
[2024-06-18 02:09:16,199] {logging_mixin.py:115} INFO - [2024-06-18 02:09:16,199] {dag.py:2420} INFO - Sync 1 DAGs
[2024-06-18 02:09:16,212] {logging_mixin.py:115} INFO - [2024-06-18 02:09:16,212] {dag.py:2972} INFO - Setting next_dagrun for bashoperator to 2024-05-15T00:00:00+00:00, run_after=2024-05-16T00:00:00+00:00
[2024-06-18 02:09:16,220] {processor.py:161} INFO - Processing /opt/airflow/dags/1-bashoperator.py took 0.043 seconds
[2024-06-18 02:09:46,572] {processor.py:153} INFO - Started process (PID=34627) to work on /opt/airflow/dags/1-bashoperator.py
[2024-06-18 02:09:46,573] {processor.py:641} INFO - Processing file /opt/airflow/dags/1-bashoperator.py for tasks to queue
[2024-06-18 02:09:46,573] {logging_mixin.py:115} INFO - [2024-06-18 02:09:46,573] {dagbag.py:508} INFO - Filling up the DagBag from /opt/airflow/dags/1-bashoperator.py
[2024-06-18 02:09:46,577] {processor.py:651} INFO - DAG(s) dict_keys(['bashoperator']) retrieved from /opt/airflow/dags/1-bashoperator.py
[2024-06-18 02:09:46,593] {logging_mixin.py:115} INFO - [2024-06-18 02:09:46,593] {dag.py:2420} INFO - Sync 1 DAGs
[2024-06-18 02:09:46,606] {logging_mixin.py:115} INFO - [2024-06-18 02:09:46,606] {dag.py:2972} INFO - Setting next_dagrun for bashoperator to 2024-05-15T00:00:00+00:00, run_after=2024-05-16T00:00:00+00:00
[2024-06-18 02:09:46,615] {processor.py:161} INFO - Processing /opt/airflow/dags/1-bashoperator.py took 0.045 seconds
[2024-06-18 02:10:16,933] {processor.py:153} INFO - Started process (PID=34662) to work on /opt/airflow/dags/1-bashoperator.py
[2024-06-18 02:10:16,934] {processor.py:641} INFO - Processing file /opt/airflow/dags/1-bashoperator.py for tasks to queue
[2024-06-18 02:10:16,934] {logging_mixin.py:115} INFO - [2024-06-18 02:10:16,934] {dagbag.py:508} INFO - Filling up the DagBag from /opt/airflow/dags/1-bashoperator.py
[2024-06-18 02:10:16,938] {processor.py:651} INFO - DAG(s) dict_keys(['bashoperator']) retrieved from /opt/airflow/dags/1-bashoperator.py
[2024-06-18 02:10:16,961] {logging_mixin.py:115} INFO - [2024-06-18 02:10:16,961] {dag.py:2420} INFO - Sync 1 DAGs
[2024-06-18 02:10:16,979] {logging_mixin.py:115} INFO - [2024-06-18 02:10:16,979] {dag.py:2972} INFO - Setting next_dagrun for bashoperator to 2024-05-15T00:00:00+00:00, run_after=2024-05-16T00:00:00+00:00
[2024-06-18 02:10:16,994] {processor.py:161} INFO - Processing /opt/airflow/dags/1-bashoperator.py took 0.063 seconds
[2024-06-18 02:10:47,375] {processor.py:153} INFO - Started process (PID=34697) to work on /opt/airflow/dags/1-bashoperator.py
[2024-06-18 02:10:47,375] {processor.py:641} INFO - Processing file /opt/airflow/dags/1-bashoperator.py for tasks to queue
[2024-06-18 02:10:47,376] {logging_mixin.py:115} INFO - [2024-06-18 02:10:47,376] {dagbag.py:508} INFO - Filling up the DagBag from /opt/airflow/dags/1-bashoperator.py
[2024-06-18 02:10:47,380] {processor.py:651} INFO - DAG(s) dict_keys(['bashoperator']) retrieved from /opt/airflow/dags/1-bashoperator.py
[2024-06-18 02:10:47,403] {logging_mixin.py:115} INFO - [2024-06-18 02:10:47,403] {dag.py:2420} INFO - Sync 1 DAGs
[2024-06-18 02:10:47,421] {logging_mixin.py:115} INFO - [2024-06-18 02:10:47,420] {dag.py:2972} INFO - Setting next_dagrun for bashoperator to 2024-05-15T00:00:00+00:00, run_after=2024-05-16T00:00:00+00:00
[2024-06-18 02:10:47,431] {processor.py:161} INFO - Processing /opt/airflow/dags/1-bashoperator.py took 0.058 seconds
[2024-06-18 02:11:17,737] {processor.py:153} INFO - Started process (PID=34723) to work on /opt/airflow/dags/1-bashoperator.py
[2024-06-18 02:11:17,737] {processor.py:641} INFO - Processing file /opt/airflow/dags/1-bashoperator.py for tasks to queue
[2024-06-18 02:11:17,737] {logging_mixin.py:115} INFO - [2024-06-18 02:11:17,737] {dagbag.py:508} INFO - Filling up the DagBag from /opt/airflow/dags/1-bashoperator.py
[2024-06-18 02:11:17,741] {processor.py:651} INFO - DAG(s) dict_keys(['bashoperator']) retrieved from /opt/airflow/dags/1-bashoperator.py
[2024-06-18 02:11:17,757] {logging_mixin.py:115} INFO - [2024-06-18 02:11:17,757] {dag.py:2420} INFO - Sync 1 DAGs
[2024-06-18 02:11:17,770] {logging_mixin.py:115} INFO - [2024-06-18 02:11:17,769] {dag.py:2972} INFO - Setting next_dagrun for bashoperator to 2024-05-15T00:00:00+00:00, run_after=2024-05-16T00:00:00+00:00
[2024-06-18 02:11:17,778] {processor.py:161} INFO - Processing /opt/airflow/dags/1-bashoperator.py took 0.043 seconds
[2024-06-18 02:11:48,105] {processor.py:153} INFO - Started process (PID=34758) to work on /opt/airflow/dags/1-bashoperator.py
[2024-06-18 02:11:48,106] {processor.py:641} INFO - Processing file /opt/airflow/dags/1-bashoperator.py for tasks to queue
[2024-06-18 02:11:48,106] {logging_mixin.py:115} INFO - [2024-06-18 02:11:48,106] {dagbag.py:508} INFO - Filling up the DagBag from /opt/airflow/dags/1-bashoperator.py
[2024-06-18 02:11:48,111] {processor.py:651} INFO - DAG(s) dict_keys(['bashoperator']) retrieved from /opt/airflow/dags/1-bashoperator.py
[2024-06-18 02:11:48,126] {logging_mixin.py:115} INFO - [2024-06-18 02:11:48,126] {dag.py:2420} INFO - Sync 1 DAGs
[2024-06-18 02:11:48,142] {logging_mixin.py:115} INFO - [2024-06-18 02:11:48,142] {dag.py:2972} INFO - Setting next_dagrun for bashoperator to 2024-05-15T00:00:00+00:00, run_after=2024-05-16T00:00:00+00:00
[2024-06-18 02:11:48,151] {processor.py:161} INFO - Processing /opt/airflow/dags/1-bashoperator.py took 0.048 seconds
[2024-06-18 02:12:18,475] {processor.py:153} INFO - Started process (PID=34793) to work on /opt/airflow/dags/1-bashoperator.py
[2024-06-18 02:12:18,476] {processor.py:641} INFO - Processing file /opt/airflow/dags/1-bashoperator.py for tasks to queue
[2024-06-18 02:12:18,476] {logging_mixin.py:115} INFO - [2024-06-18 02:12:18,476] {dagbag.py:508} INFO - Filling up the DagBag from /opt/airflow/dags/1-bashoperator.py
[2024-06-18 02:12:18,481] {processor.py:651} INFO - DAG(s) dict_keys(['bashoperator']) retrieved from /opt/airflow/dags/1-bashoperator.py
[2024-06-18 02:12:18,498] {logging_mixin.py:115} INFO - [2024-06-18 02:12:18,498] {dag.py:2420} INFO - Sync 1 DAGs
[2024-06-18 02:12:18,512] {logging_mixin.py:115} INFO - [2024-06-18 02:12:18,512] {dag.py:2972} INFO - Setting next_dagrun for bashoperator to 2024-05-15T00:00:00+00:00, run_after=2024-05-16T00:00:00+00:00
[2024-06-18 02:12:18,520] {processor.py:161} INFO - Processing /opt/airflow/dags/1-bashoperator.py took 0.047 seconds
[2024-06-18 02:12:48,827] {processor.py:153} INFO - Started process (PID=34828) to work on /opt/airflow/dags/1-bashoperator.py
[2024-06-18 02:12:48,827] {processor.py:641} INFO - Processing file /opt/airflow/dags/1-bashoperator.py for tasks to queue
[2024-06-18 02:12:48,827] {logging_mixin.py:115} INFO - [2024-06-18 02:12:48,827] {dagbag.py:508} INFO - Filling up the DagBag from /opt/airflow/dags/1-bashoperator.py
[2024-06-18 02:12:48,831] {processor.py:651} INFO - DAG(s) dict_keys(['bashoperator']) retrieved from /opt/airflow/dags/1-bashoperator.py
[2024-06-18 02:12:48,848] {logging_mixin.py:115} INFO - [2024-06-18 02:12:48,848] {dag.py:2420} INFO - Sync 1 DAGs
[2024-06-18 02:12:48,860] {logging_mixin.py:115} INFO - [2024-06-18 02:12:48,860] {dag.py:2972} INFO - Setting next_dagrun for bashoperator to 2024-05-15T00:00:00+00:00, run_after=2024-05-16T00:00:00+00:00
[2024-06-18 02:12:48,868] {processor.py:161} INFO - Processing /opt/airflow/dags/1-bashoperator.py took 0.043 seconds
[2024-06-18 02:13:19,167] {processor.py:153} INFO - Started process (PID=34863) to work on /opt/airflow/dags/1-bashoperator.py
[2024-06-18 02:13:19,168] {processor.py:641} INFO - Processing file /opt/airflow/dags/1-bashoperator.py for tasks to queue
[2024-06-18 02:13:19,168] {logging_mixin.py:115} INFO - [2024-06-18 02:13:19,168] {dagbag.py:508} INFO - Filling up the DagBag from /opt/airflow/dags/1-bashoperator.py
[2024-06-18 02:13:19,171] {processor.py:651} INFO - DAG(s) dict_keys(['bashoperator']) retrieved from /opt/airflow/dags/1-bashoperator.py
[2024-06-18 02:13:19,187] {logging_mixin.py:115} INFO - [2024-06-18 02:13:19,187] {dag.py:2420} INFO - Sync 1 DAGs
[2024-06-18 02:13:19,200] {logging_mixin.py:115} INFO - [2024-06-18 02:13:19,200] {dag.py:2972} INFO - Setting next_dagrun for bashoperator to 2024-05-15T00:00:00+00:00, run_after=2024-05-16T00:00:00+00:00
[2024-06-18 02:13:19,209] {processor.py:161} INFO - Processing /opt/airflow/dags/1-bashoperator.py took 0.044 seconds
[2024-06-18 02:13:49,520] {processor.py:153} INFO - Started process (PID=34888) to work on /opt/airflow/dags/1-bashoperator.py
[2024-06-18 02:13:49,521] {processor.py:641} INFO - Processing file /opt/airflow/dags/1-bashoperator.py for tasks to queue
[2024-06-18 02:13:49,521] {logging_mixin.py:115} INFO - [2024-06-18 02:13:49,521] {dagbag.py:508} INFO - Filling up the DagBag from /opt/airflow/dags/1-bashoperator.py
[2024-06-18 02:13:49,524] {processor.py:651} INFO - DAG(s) dict_keys(['bashoperator']) retrieved from /opt/airflow/dags/1-bashoperator.py
[2024-06-18 02:13:49,540] {logging_mixin.py:115} INFO - [2024-06-18 02:13:49,540] {dag.py:2420} INFO - Sync 1 DAGs
[2024-06-18 02:13:49,553] {logging_mixin.py:115} INFO - [2024-06-18 02:13:49,553] {dag.py:2972} INFO - Setting next_dagrun for bashoperator to 2024-05-15T00:00:00+00:00, run_after=2024-05-16T00:00:00+00:00
[2024-06-18 02:13:49,560] {processor.py:161} INFO - Processing /opt/airflow/dags/1-bashoperator.py took 0.042 seconds
[2024-06-18 02:14:19,887] {processor.py:153} INFO - Started process (PID=34922) to work on /opt/airflow/dags/1-bashoperator.py
[2024-06-18 02:14:19,887] {processor.py:641} INFO - Processing file /opt/airflow/dags/1-bashoperator.py for tasks to queue
[2024-06-18 02:14:19,887] {logging_mixin.py:115} INFO - [2024-06-18 02:14:19,887] {dagbag.py:508} INFO - Filling up the DagBag from /opt/airflow/dags/1-bashoperator.py
[2024-06-18 02:14:19,892] {processor.py:651} INFO - DAG(s) dict_keys(['bashoperator']) retrieved from /opt/airflow/dags/1-bashoperator.py
[2024-06-18 02:14:19,911] {logging_mixin.py:115} INFO - [2024-06-18 02:14:19,911] {dag.py:2420} INFO - Sync 1 DAGs
[2024-06-18 02:14:19,925] {logging_mixin.py:115} INFO - [2024-06-18 02:14:19,925] {dag.py:2972} INFO - Setting next_dagrun for bashoperator to 2024-05-15T00:00:00+00:00, run_after=2024-05-16T00:00:00+00:00
[2024-06-18 02:14:19,933] {processor.py:161} INFO - Processing /opt/airflow/dags/1-bashoperator.py took 0.049 seconds
[2024-06-18 02:14:50,237] {processor.py:153} INFO - Started process (PID=34957) to work on /opt/airflow/dags/1-bashoperator.py
[2024-06-18 02:14:50,237] {processor.py:641} INFO - Processing file /opt/airflow/dags/1-bashoperator.py for tasks to queue
[2024-06-18 02:14:50,237] {logging_mixin.py:115} INFO - [2024-06-18 02:14:50,237] {dagbag.py:508} INFO - Filling up the DagBag from /opt/airflow/dags/1-bashoperator.py
[2024-06-18 02:14:50,241] {processor.py:651} INFO - DAG(s) dict_keys(['bashoperator']) retrieved from /opt/airflow/dags/1-bashoperator.py
[2024-06-18 02:14:50,257] {logging_mixin.py:115} INFO - [2024-06-18 02:14:50,257] {dag.py:2420} INFO - Sync 1 DAGs
[2024-06-18 02:14:50,271] {logging_mixin.py:115} INFO - [2024-06-18 02:14:50,271] {dag.py:2972} INFO - Setting next_dagrun for bashoperator to 2024-05-15T00:00:00+00:00, run_after=2024-05-16T00:00:00+00:00
[2024-06-18 02:14:50,278] {processor.py:161} INFO - Processing /opt/airflow/dags/1-bashoperator.py took 0.044 seconds
[2024-06-18 02:15:20,588] {processor.py:153} INFO - Started process (PID=34993) to work on /opt/airflow/dags/1-bashoperator.py
[2024-06-18 02:15:20,588] {processor.py:641} INFO - Processing file /opt/airflow/dags/1-bashoperator.py for tasks to queue
[2024-06-18 02:15:20,588] {logging_mixin.py:115} INFO - [2024-06-18 02:15:20,588] {dagbag.py:508} INFO - Filling up the DagBag from /opt/airflow/dags/1-bashoperator.py
[2024-06-18 02:15:20,592] {processor.py:651} INFO - DAG(s) dict_keys(['bashoperator']) retrieved from /opt/airflow/dags/1-bashoperator.py
[2024-06-18 02:15:20,609] {logging_mixin.py:115} INFO - [2024-06-18 02:15:20,608] {dag.py:2420} INFO - Sync 1 DAGs
[2024-06-18 02:15:20,622] {logging_mixin.py:115} INFO - [2024-06-18 02:15:20,621] {dag.py:2972} INFO - Setting next_dagrun for bashoperator to 2024-05-15T00:00:00+00:00, run_after=2024-05-16T00:00:00+00:00
[2024-06-18 02:15:20,629] {processor.py:161} INFO - Processing /opt/airflow/dags/1-bashoperator.py took 0.044 seconds
[2024-06-18 02:15:50,932] {processor.py:153} INFO - Started process (PID=35028) to work on /opt/airflow/dags/1-bashoperator.py
[2024-06-18 02:15:50,933] {processor.py:641} INFO - Processing file /opt/airflow/dags/1-bashoperator.py for tasks to queue
[2024-06-18 02:15:50,933] {logging_mixin.py:115} INFO - [2024-06-18 02:15:50,933] {dagbag.py:508} INFO - Filling up the DagBag from /opt/airflow/dags/1-bashoperator.py
[2024-06-18 02:15:50,936] {processor.py:651} INFO - DAG(s) dict_keys(['bashoperator']) retrieved from /opt/airflow/dags/1-bashoperator.py
[2024-06-18 02:15:50,953] {logging_mixin.py:115} INFO - [2024-06-18 02:15:50,953] {dag.py:2420} INFO - Sync 1 DAGs
[2024-06-18 02:15:50,968] {logging_mixin.py:115} INFO - [2024-06-18 02:15:50,968] {dag.py:2972} INFO - Setting next_dagrun for bashoperator to 2024-05-15T00:00:00+00:00, run_after=2024-05-16T00:00:00+00:00
[2024-06-18 02:15:50,975] {processor.py:161} INFO - Processing /opt/airflow/dags/1-bashoperator.py took 0.045 seconds
[2024-06-18 02:16:21,303] {processor.py:153} INFO - Started process (PID=35062) to work on /opt/airflow/dags/1-bashoperator.py
[2024-06-18 02:16:21,306] {processor.py:641} INFO - Processing file /opt/airflow/dags/1-bashoperator.py for tasks to queue
[2024-06-18 02:16:21,307] {logging_mixin.py:115} INFO - [2024-06-18 02:16:21,307] {dagbag.py:508} INFO - Filling up the DagBag from /opt/airflow/dags/1-bashoperator.py
[2024-06-18 02:16:21,311] {processor.py:651} INFO - DAG(s) dict_keys(['bashoperator']) retrieved from /opt/airflow/dags/1-bashoperator.py
[2024-06-18 02:16:21,330] {logging_mixin.py:115} INFO - [2024-06-18 02:16:21,330] {dag.py:2420} INFO - Sync 1 DAGs
[2024-06-18 02:16:21,345] {logging_mixin.py:115} INFO - [2024-06-18 02:16:21,344] {dag.py:2972} INFO - Setting next_dagrun for bashoperator to 2024-05-15T00:00:00+00:00, run_after=2024-05-16T00:00:00+00:00
[2024-06-18 02:16:21,354] {processor.py:161} INFO - Processing /opt/airflow/dags/1-bashoperator.py took 0.053 seconds
[2024-06-18 02:16:51,662] {processor.py:153} INFO - Started process (PID=35088) to work on /opt/airflow/dags/1-bashoperator.py
[2024-06-18 02:16:51,662] {processor.py:641} INFO - Processing file /opt/airflow/dags/1-bashoperator.py for tasks to queue
[2024-06-18 02:16:51,663] {logging_mixin.py:115} INFO - [2024-06-18 02:16:51,663] {dagbag.py:508} INFO - Filling up the DagBag from /opt/airflow/dags/1-bashoperator.py
[2024-06-18 02:16:51,667] {processor.py:651} INFO - DAG(s) dict_keys(['bashoperator']) retrieved from /opt/airflow/dags/1-bashoperator.py
[2024-06-18 02:16:51,684] {logging_mixin.py:115} INFO - [2024-06-18 02:16:51,684] {dag.py:2420} INFO - Sync 1 DAGs
[2024-06-18 02:16:51,699] {logging_mixin.py:115} INFO - [2024-06-18 02:16:51,699] {dag.py:2972} INFO - Setting next_dagrun for bashoperator to 2024-05-15T00:00:00+00:00, run_after=2024-05-16T00:00:00+00:00
[2024-06-18 02:16:51,707] {processor.py:161} INFO - Processing /opt/airflow/dags/1-bashoperator.py took 0.047 seconds
[2024-06-18 02:17:22,065] {processor.py:153} INFO - Started process (PID=35123) to work on /opt/airflow/dags/1-bashoperator.py
[2024-06-18 02:17:22,065] {processor.py:641} INFO - Processing file /opt/airflow/dags/1-bashoperator.py for tasks to queue
[2024-06-18 02:17:22,065] {logging_mixin.py:115} INFO - [2024-06-18 02:17:22,065] {dagbag.py:508} INFO - Filling up the DagBag from /opt/airflow/dags/1-bashoperator.py
[2024-06-18 02:17:22,069] {processor.py:651} INFO - DAG(s) dict_keys(['bashoperator']) retrieved from /opt/airflow/dags/1-bashoperator.py
[2024-06-18 02:17:22,087] {logging_mixin.py:115} INFO - [2024-06-18 02:17:22,087] {dag.py:2420} INFO - Sync 1 DAGs
[2024-06-18 02:17:22,101] {logging_mixin.py:115} INFO - [2024-06-18 02:17:22,101] {dag.py:2972} INFO - Setting next_dagrun for bashoperator to 2024-05-15T00:00:00+00:00, run_after=2024-05-16T00:00:00+00:00
[2024-06-18 02:17:22,110] {processor.py:161} INFO - Processing /opt/airflow/dags/1-bashoperator.py took 0.047 seconds
[2024-06-18 02:17:52,367] {processor.py:153} INFO - Started process (PID=35158) to work on /opt/airflow/dags/1-bashoperator.py
[2024-06-18 02:17:52,367] {processor.py:641} INFO - Processing file /opt/airflow/dags/1-bashoperator.py for tasks to queue
[2024-06-18 02:17:52,368] {logging_mixin.py:115} INFO - [2024-06-18 02:17:52,368] {dagbag.py:508} INFO - Filling up the DagBag from /opt/airflow/dags/1-bashoperator.py
[2024-06-18 02:17:52,372] {processor.py:651} INFO - DAG(s) dict_keys(['bashoperator']) retrieved from /opt/airflow/dags/1-bashoperator.py
[2024-06-18 02:17:52,387] {logging_mixin.py:115} INFO - [2024-06-18 02:17:52,387] {dag.py:2420} INFO - Sync 1 DAGs
[2024-06-18 02:17:52,401] {logging_mixin.py:115} INFO - [2024-06-18 02:17:52,401] {dag.py:2972} INFO - Setting next_dagrun for bashoperator to 2024-05-15T00:00:00+00:00, run_after=2024-05-16T00:00:00+00:00
[2024-06-18 02:17:52,410] {processor.py:161} INFO - Processing /opt/airflow/dags/1-bashoperator.py took 0.046 seconds
[2024-06-18 02:18:22,715] {processor.py:153} INFO - Started process (PID=35193) to work on /opt/airflow/dags/1-bashoperator.py
[2024-06-18 02:18:22,716] {processor.py:641} INFO - Processing file /opt/airflow/dags/1-bashoperator.py for tasks to queue
[2024-06-18 02:18:22,716] {logging_mixin.py:115} INFO - [2024-06-18 02:18:22,716] {dagbag.py:508} INFO - Filling up the DagBag from /opt/airflow/dags/1-bashoperator.py
[2024-06-18 02:18:22,721] {processor.py:651} INFO - DAG(s) dict_keys(['bashoperator']) retrieved from /opt/airflow/dags/1-bashoperator.py
[2024-06-18 02:18:22,738] {logging_mixin.py:115} INFO - [2024-06-18 02:18:22,738] {dag.py:2420} INFO - Sync 1 DAGs
[2024-06-18 02:18:22,752] {logging_mixin.py:115} INFO - [2024-06-18 02:18:22,752] {dag.py:2972} INFO - Setting next_dagrun for bashoperator to 2024-05-15T00:00:00+00:00, run_after=2024-05-16T00:00:00+00:00
[2024-06-18 02:18:22,759] {processor.py:161} INFO - Processing /opt/airflow/dags/1-bashoperator.py took 0.046 seconds
[2024-06-18 02:18:53,101] {processor.py:153} INFO - Started process (PID=35228) to work on /opt/airflow/dags/1-bashoperator.py
[2024-06-18 02:18:53,101] {processor.py:641} INFO - Processing file /opt/airflow/dags/1-bashoperator.py for tasks to queue
[2024-06-18 02:18:53,102] {logging_mixin.py:115} INFO - [2024-06-18 02:18:53,102] {dagbag.py:508} INFO - Filling up the DagBag from /opt/airflow/dags/1-bashoperator.py
[2024-06-18 02:18:53,105] {processor.py:651} INFO - DAG(s) dict_keys(['bashoperator']) retrieved from /opt/airflow/dags/1-bashoperator.py
[2024-06-18 02:18:53,122] {logging_mixin.py:115} INFO - [2024-06-18 02:18:53,122] {dag.py:2420} INFO - Sync 1 DAGs
[2024-06-18 02:18:53,136] {logging_mixin.py:115} INFO - [2024-06-18 02:18:53,136] {dag.py:2972} INFO - Setting next_dagrun for bashoperator to 2024-05-15T00:00:00+00:00, run_after=2024-05-16T00:00:00+00:00
[2024-06-18 02:18:53,146] {processor.py:161} INFO - Processing /opt/airflow/dags/1-bashoperator.py took 0.047 seconds
