[2024-09-17 22:11:49,550] {processor.py:153} INFO - Started process (PID=47) to work on /opt/airflow/dags/1-bashoperator.py
[2024-09-17 22:11:49,552] {processor.py:641} INFO - Processing file /opt/airflow/dags/1-bashoperator.py for tasks to queue
[2024-09-17 22:11:49,552] {logging_mixin.py:115} INFO - [2024-09-17 22:11:49,552] {dagbag.py:508} INFO - Filling up the DagBag from /opt/airflow/dags/1-bashoperator.py
[2024-09-17 22:11:49,556] {processor.py:651} INFO - DAG(s) dict_keys(['bashoperator']) retrieved from /opt/airflow/dags/1-bashoperator.py
[2024-09-17 22:11:49,572] {logging_mixin.py:115} INFO - [2024-09-17 22:11:49,572] {dag.py:2420} INFO - Sync 1 DAGs
[2024-09-17 22:11:49,673] {logging_mixin.py:115} INFO - [2024-09-17 22:11:49,673] {dag.py:2972} INFO - Setting next_dagrun for bashoperator to 2024-05-15T00:00:00+00:00, run_after=2024-05-16T00:00:00+00:00
[2024-09-17 22:11:49,682] {processor.py:161} INFO - Processing /opt/airflow/dags/1-bashoperator.py took 0.134 seconds
[2024-09-17 22:12:20,539] {processor.py:153} INFO - Started process (PID=85) to work on /opt/airflow/dags/1-bashoperator.py
[2024-09-17 22:12:20,541] {processor.py:641} INFO - Processing file /opt/airflow/dags/1-bashoperator.py for tasks to queue
[2024-09-17 22:12:20,542] {logging_mixin.py:115} INFO - [2024-09-17 22:12:20,542] {dagbag.py:508} INFO - Filling up the DagBag from /opt/airflow/dags/1-bashoperator.py
[2024-09-17 22:12:20,546] {processor.py:651} INFO - DAG(s) dict_keys(['bashoperator']) retrieved from /opt/airflow/dags/1-bashoperator.py
[2024-09-17 22:12:20,563] {logging_mixin.py:115} INFO - [2024-09-17 22:12:20,563] {dag.py:2420} INFO - Sync 1 DAGs
[2024-09-17 22:12:20,657] {logging_mixin.py:115} INFO - [2024-09-17 22:12:20,657] {dag.py:2972} INFO - Setting next_dagrun for bashoperator to 2024-05-15T00:00:00+00:00, run_after=2024-05-16T00:00:00+00:00
[2024-09-17 22:12:20,665] {processor.py:161} INFO - Processing /opt/airflow/dags/1-bashoperator.py took 0.127 seconds
[2024-09-17 22:12:51,578] {processor.py:153} INFO - Started process (PID=124) to work on /opt/airflow/dags/1-bashoperator.py
[2024-09-17 22:12:51,579] {processor.py:641} INFO - Processing file /opt/airflow/dags/1-bashoperator.py for tasks to queue
[2024-09-17 22:12:51,579] {logging_mixin.py:115} INFO - [2024-09-17 22:12:51,579] {dagbag.py:508} INFO - Filling up the DagBag from /opt/airflow/dags/1-bashoperator.py
[2024-09-17 22:12:51,582] {processor.py:651} INFO - DAG(s) dict_keys(['bashoperator']) retrieved from /opt/airflow/dags/1-bashoperator.py
[2024-09-17 22:12:51,668] {logging_mixin.py:115} INFO - [2024-09-17 22:12:51,668] {dag.py:2420} INFO - Sync 1 DAGs
[2024-09-17 22:12:51,679] {logging_mixin.py:115} INFO - [2024-09-17 22:12:51,679] {dag.py:2972} INFO - Setting next_dagrun for bashoperator to 2024-05-15T00:00:00+00:00, run_after=2024-05-16T00:00:00+00:00
[2024-09-17 22:12:51,686] {processor.py:161} INFO - Processing /opt/airflow/dags/1-bashoperator.py took 0.111 seconds
[2024-09-17 22:13:22,378] {processor.py:153} INFO - Started process (PID=163) to work on /opt/airflow/dags/1-bashoperator.py
[2024-09-17 22:13:22,378] {processor.py:641} INFO - Processing file /opt/airflow/dags/1-bashoperator.py for tasks to queue
[2024-09-17 22:13:22,378] {logging_mixin.py:115} INFO - [2024-09-17 22:13:22,378] {dagbag.py:508} INFO - Filling up the DagBag from /opt/airflow/dags/1-bashoperator.py
[2024-09-17 22:13:22,383] {processor.py:651} INFO - DAG(s) dict_keys(['bashoperator']) retrieved from /opt/airflow/dags/1-bashoperator.py
[2024-09-17 22:13:22,399] {logging_mixin.py:115} INFO - [2024-09-17 22:13:22,399] {dag.py:2420} INFO - Sync 1 DAGs
[2024-09-17 22:13:22,413] {logging_mixin.py:115} INFO - [2024-09-17 22:13:22,413] {dag.py:2972} INFO - Setting next_dagrun for bashoperator to 2024-05-15T00:00:00+00:00, run_after=2024-05-16T00:00:00+00:00
[2024-09-17 22:13:22,421] {processor.py:161} INFO - Processing /opt/airflow/dags/1-bashoperator.py took 0.046 seconds
[2024-09-17 22:13:52,848] {processor.py:153} INFO - Started process (PID=202) to work on /opt/airflow/dags/1-bashoperator.py
[2024-09-17 22:13:52,848] {processor.py:641} INFO - Processing file /opt/airflow/dags/1-bashoperator.py for tasks to queue
[2024-09-17 22:13:52,848] {logging_mixin.py:115} INFO - [2024-09-17 22:13:52,848] {dagbag.py:508} INFO - Filling up the DagBag from /opt/airflow/dags/1-bashoperator.py
[2024-09-17 22:13:52,852] {processor.py:651} INFO - DAG(s) dict_keys(['bashoperator']) retrieved from /opt/airflow/dags/1-bashoperator.py
[2024-09-17 22:13:52,867] {logging_mixin.py:115} INFO - [2024-09-17 22:13:52,867] {dag.py:2420} INFO - Sync 1 DAGs
[2024-09-17 22:13:52,880] {logging_mixin.py:115} INFO - [2024-09-17 22:13:52,879] {dag.py:2972} INFO - Setting next_dagrun for bashoperator to 2024-05-15T00:00:00+00:00, run_after=2024-05-16T00:00:00+00:00
[2024-09-17 22:13:52,887] {processor.py:161} INFO - Processing /opt/airflow/dags/1-bashoperator.py took 0.042 seconds
[2024-09-17 22:14:23,319] {processor.py:153} INFO - Started process (PID=233) to work on /opt/airflow/dags/1-bashoperator.py
[2024-09-17 22:14:23,320] {processor.py:641} INFO - Processing file /opt/airflow/dags/1-bashoperator.py for tasks to queue
[2024-09-17 22:14:23,320] {logging_mixin.py:115} INFO - [2024-09-17 22:14:23,320] {dagbag.py:508} INFO - Filling up the DagBag from /opt/airflow/dags/1-bashoperator.py
[2024-09-17 22:14:23,323] {processor.py:651} INFO - DAG(s) dict_keys(['bashoperator']) retrieved from /opt/airflow/dags/1-bashoperator.py
[2024-09-17 22:14:23,338] {logging_mixin.py:115} INFO - [2024-09-17 22:14:23,338] {dag.py:2420} INFO - Sync 1 DAGs
[2024-09-17 22:14:23,350] {logging_mixin.py:115} INFO - [2024-09-17 22:14:23,350] {dag.py:2972} INFO - Setting next_dagrun for bashoperator to 2024-05-15T00:00:00+00:00, run_after=2024-05-16T00:00:00+00:00
[2024-09-17 22:14:23,360] {processor.py:161} INFO - Processing /opt/airflow/dags/1-bashoperator.py took 0.042 seconds
[2024-09-17 22:14:53,800] {processor.py:153} INFO - Started process (PID=272) to work on /opt/airflow/dags/1-bashoperator.py
[2024-09-17 22:14:53,800] {processor.py:641} INFO - Processing file /opt/airflow/dags/1-bashoperator.py for tasks to queue
[2024-09-17 22:14:53,801] {logging_mixin.py:115} INFO - [2024-09-17 22:14:53,801] {dagbag.py:508} INFO - Filling up the DagBag from /opt/airflow/dags/1-bashoperator.py
[2024-09-17 22:14:53,804] {processor.py:651} INFO - DAG(s) dict_keys(['bashoperator']) retrieved from /opt/airflow/dags/1-bashoperator.py
[2024-09-17 22:14:53,819] {logging_mixin.py:115} INFO - [2024-09-17 22:14:53,819] {dag.py:2420} INFO - Sync 1 DAGs
[2024-09-17 22:14:53,833] {logging_mixin.py:115} INFO - [2024-09-17 22:14:53,833] {dag.py:2972} INFO - Setting next_dagrun for bashoperator to 2024-05-15T00:00:00+00:00, run_after=2024-05-16T00:00:00+00:00
[2024-09-17 22:14:53,841] {processor.py:161} INFO - Processing /opt/airflow/dags/1-bashoperator.py took 0.043 seconds
[2024-09-17 22:15:24,301] {processor.py:153} INFO - Started process (PID=311) to work on /opt/airflow/dags/1-bashoperator.py
[2024-09-17 22:15:24,302] {processor.py:641} INFO - Processing file /opt/airflow/dags/1-bashoperator.py for tasks to queue
[2024-09-17 22:15:24,302] {logging_mixin.py:115} INFO - [2024-09-17 22:15:24,302] {dagbag.py:508} INFO - Filling up the DagBag from /opt/airflow/dags/1-bashoperator.py
[2024-09-17 22:15:24,305] {processor.py:651} INFO - DAG(s) dict_keys(['bashoperator']) retrieved from /opt/airflow/dags/1-bashoperator.py
[2024-09-17 22:15:24,322] {logging_mixin.py:115} INFO - [2024-09-17 22:15:24,322] {dag.py:2420} INFO - Sync 1 DAGs
[2024-09-17 22:15:24,337] {logging_mixin.py:115} INFO - [2024-09-17 22:15:24,337] {dag.py:2972} INFO - Setting next_dagrun for bashoperator to 2024-05-15T00:00:00+00:00, run_after=2024-05-16T00:00:00+00:00
[2024-09-17 22:15:24,346] {processor.py:161} INFO - Processing /opt/airflow/dags/1-bashoperator.py took 0.047 seconds
[2024-09-17 22:15:54,892] {processor.py:153} INFO - Started process (PID=350) to work on /opt/airflow/dags/1-bashoperator.py
[2024-09-17 22:15:54,892] {processor.py:641} INFO - Processing file /opt/airflow/dags/1-bashoperator.py for tasks to queue
[2024-09-17 22:15:54,893] {logging_mixin.py:115} INFO - [2024-09-17 22:15:54,892] {dagbag.py:508} INFO - Filling up the DagBag from /opt/airflow/dags/1-bashoperator.py
[2024-09-17 22:15:54,897] {processor.py:651} INFO - DAG(s) dict_keys(['bashoperator']) retrieved from /opt/airflow/dags/1-bashoperator.py
[2024-09-17 22:15:54,915] {logging_mixin.py:115} INFO - [2024-09-17 22:15:54,915] {dag.py:2420} INFO - Sync 1 DAGs
[2024-09-17 22:15:54,929] {logging_mixin.py:115} INFO - [2024-09-17 22:15:54,929] {dag.py:2972} INFO - Setting next_dagrun for bashoperator to 2024-05-15T00:00:00+00:00, run_after=2024-05-16T00:00:00+00:00
[2024-09-17 22:15:54,937] {processor.py:161} INFO - Processing /opt/airflow/dags/1-bashoperator.py took 0.048 seconds
[2024-09-17 22:16:25,331] {processor.py:153} INFO - Started process (PID=389) to work on /opt/airflow/dags/1-bashoperator.py
[2024-09-17 22:16:25,331] {processor.py:641} INFO - Processing file /opt/airflow/dags/1-bashoperator.py for tasks to queue
[2024-09-17 22:16:25,331] {logging_mixin.py:115} INFO - [2024-09-17 22:16:25,331] {dagbag.py:508} INFO - Filling up the DagBag from /opt/airflow/dags/1-bashoperator.py
[2024-09-17 22:16:25,335] {processor.py:651} INFO - DAG(s) dict_keys(['bashoperator']) retrieved from /opt/airflow/dags/1-bashoperator.py
[2024-09-17 22:16:25,351] {logging_mixin.py:115} INFO - [2024-09-17 22:16:25,351] {dag.py:2420} INFO - Sync 1 DAGs
[2024-09-17 22:16:25,367] {logging_mixin.py:115} INFO - [2024-09-17 22:16:25,366] {dag.py:2972} INFO - Setting next_dagrun for bashoperator to 2024-05-15T00:00:00+00:00, run_after=2024-05-16T00:00:00+00:00
[2024-09-17 22:16:25,377] {processor.py:161} INFO - Processing /opt/airflow/dags/1-bashoperator.py took 0.049 seconds
[2024-09-17 22:16:55,889] {processor.py:153} INFO - Started process (PID=428) to work on /opt/airflow/dags/1-bashoperator.py
[2024-09-17 22:16:55,889] {processor.py:641} INFO - Processing file /opt/airflow/dags/1-bashoperator.py for tasks to queue
[2024-09-17 22:16:55,890] {logging_mixin.py:115} INFO - [2024-09-17 22:16:55,890] {dagbag.py:508} INFO - Filling up the DagBag from /opt/airflow/dags/1-bashoperator.py
[2024-09-17 22:16:55,894] {processor.py:651} INFO - DAG(s) dict_keys(['bashoperator']) retrieved from /opt/airflow/dags/1-bashoperator.py
[2024-09-17 22:16:55,912] {logging_mixin.py:115} INFO - [2024-09-17 22:16:55,912] {dag.py:2420} INFO - Sync 1 DAGs
[2024-09-17 22:16:55,928] {logging_mixin.py:115} INFO - [2024-09-17 22:16:55,927] {dag.py:2972} INFO - Setting next_dagrun for bashoperator to 2024-05-15T00:00:00+00:00, run_after=2024-05-16T00:00:00+00:00
[2024-09-17 22:16:55,936] {processor.py:161} INFO - Processing /opt/airflow/dags/1-bashoperator.py took 0.050 seconds
[2024-09-17 22:17:26,375] {processor.py:153} INFO - Started process (PID=458) to work on /opt/airflow/dags/1-bashoperator.py
[2024-09-17 22:17:26,375] {processor.py:641} INFO - Processing file /opt/airflow/dags/1-bashoperator.py for tasks to queue
[2024-09-17 22:17:26,376] {logging_mixin.py:115} INFO - [2024-09-17 22:17:26,376] {dagbag.py:508} INFO - Filling up the DagBag from /opt/airflow/dags/1-bashoperator.py
[2024-09-17 22:17:26,380] {processor.py:651} INFO - DAG(s) dict_keys(['bashoperator']) retrieved from /opt/airflow/dags/1-bashoperator.py
[2024-09-17 22:17:26,398] {logging_mixin.py:115} INFO - [2024-09-17 22:17:26,398] {dag.py:2420} INFO - Sync 1 DAGs
[2024-09-17 22:17:26,412] {logging_mixin.py:115} INFO - [2024-09-17 22:17:26,412] {dag.py:2972} INFO - Setting next_dagrun for bashoperator to 2024-05-15T00:00:00+00:00, run_after=2024-05-16T00:00:00+00:00
[2024-09-17 22:17:26,420] {processor.py:161} INFO - Processing /opt/airflow/dags/1-bashoperator.py took 0.047 seconds
[2024-09-17 22:17:56,848] {processor.py:153} INFO - Started process (PID=496) to work on /opt/airflow/dags/1-bashoperator.py
[2024-09-17 22:17:56,849] {processor.py:641} INFO - Processing file /opt/airflow/dags/1-bashoperator.py for tasks to queue
[2024-09-17 22:17:56,849] {logging_mixin.py:115} INFO - [2024-09-17 22:17:56,849] {dagbag.py:508} INFO - Filling up the DagBag from /opt/airflow/dags/1-bashoperator.py
[2024-09-17 22:17:56,853] {processor.py:651} INFO - DAG(s) dict_keys(['bashoperator']) retrieved from /opt/airflow/dags/1-bashoperator.py
[2024-09-17 22:17:56,868] {logging_mixin.py:115} INFO - [2024-09-17 22:17:56,868] {dag.py:2420} INFO - Sync 1 DAGs
[2024-09-17 22:17:56,881] {logging_mixin.py:115} INFO - [2024-09-17 22:17:56,881] {dag.py:2972} INFO - Setting next_dagrun for bashoperator to 2024-05-15T00:00:00+00:00, run_after=2024-05-16T00:00:00+00:00
[2024-09-17 22:17:56,888] {processor.py:161} INFO - Processing /opt/airflow/dags/1-bashoperator.py took 0.042 seconds
[2024-09-17 22:18:27,449] {processor.py:153} INFO - Started process (PID=535) to work on /opt/airflow/dags/1-bashoperator.py
[2024-09-17 22:18:27,450] {processor.py:641} INFO - Processing file /opt/airflow/dags/1-bashoperator.py for tasks to queue
[2024-09-17 22:18:27,450] {logging_mixin.py:115} INFO - [2024-09-17 22:18:27,450] {dagbag.py:508} INFO - Filling up the DagBag from /opt/airflow/dags/1-bashoperator.py
[2024-09-17 22:18:27,457] {processor.py:651} INFO - DAG(s) dict_keys(['bashoperator']) retrieved from /opt/airflow/dags/1-bashoperator.py
[2024-09-17 22:18:27,479] {logging_mixin.py:115} INFO - [2024-09-17 22:18:27,479] {dag.py:2420} INFO - Sync 1 DAGs
[2024-09-17 22:18:27,499] {logging_mixin.py:115} INFO - [2024-09-17 22:18:27,499] {dag.py:2972} INFO - Setting next_dagrun for bashoperator to 2024-05-15T00:00:00+00:00, run_after=2024-05-16T00:00:00+00:00
[2024-09-17 22:18:27,512] {processor.py:161} INFO - Processing /opt/airflow/dags/1-bashoperator.py took 0.068 seconds
[2024-09-17 22:18:58,044] {processor.py:153} INFO - Started process (PID=574) to work on /opt/airflow/dags/1-bashoperator.py
[2024-09-17 22:18:58,045] {processor.py:641} INFO - Processing file /opt/airflow/dags/1-bashoperator.py for tasks to queue
[2024-09-17 22:18:58,046] {logging_mixin.py:115} INFO - [2024-09-17 22:18:58,045] {dagbag.py:508} INFO - Filling up the DagBag from /opt/airflow/dags/1-bashoperator.py
[2024-09-17 22:18:58,050] {processor.py:651} INFO - DAG(s) dict_keys(['bashoperator']) retrieved from /opt/airflow/dags/1-bashoperator.py
[2024-09-17 22:18:58,069] {logging_mixin.py:115} INFO - [2024-09-17 22:18:58,069] {dag.py:2420} INFO - Sync 1 DAGs
[2024-09-17 22:18:58,088] {logging_mixin.py:115} INFO - [2024-09-17 22:18:58,088] {dag.py:2972} INFO - Setting next_dagrun for bashoperator to 2024-05-15T00:00:00+00:00, run_after=2024-05-16T00:00:00+00:00
[2024-09-17 22:18:58,099] {processor.py:161} INFO - Processing /opt/airflow/dags/1-bashoperator.py took 0.057 seconds
[2024-09-17 22:19:28,496] {processor.py:153} INFO - Started process (PID=613) to work on /opt/airflow/dags/1-bashoperator.py
[2024-09-17 22:19:28,497] {processor.py:641} INFO - Processing file /opt/airflow/dags/1-bashoperator.py for tasks to queue
[2024-09-17 22:19:28,497] {logging_mixin.py:115} INFO - [2024-09-17 22:19:28,497] {dagbag.py:508} INFO - Filling up the DagBag from /opt/airflow/dags/1-bashoperator.py
[2024-09-17 22:19:28,501] {processor.py:651} INFO - DAG(s) dict_keys(['bashoperator']) retrieved from /opt/airflow/dags/1-bashoperator.py
[2024-09-17 22:19:28,520] {logging_mixin.py:115} INFO - [2024-09-17 22:19:28,520] {dag.py:2420} INFO - Sync 1 DAGs
[2024-09-17 22:19:28,535] {logging_mixin.py:115} INFO - [2024-09-17 22:19:28,535] {dag.py:2972} INFO - Setting next_dagrun for bashoperator to 2024-05-15T00:00:00+00:00, run_after=2024-05-16T00:00:00+00:00
[2024-09-17 22:19:28,547] {processor.py:161} INFO - Processing /opt/airflow/dags/1-bashoperator.py took 0.053 seconds
[2024-09-17 22:19:58,898] {processor.py:153} INFO - Started process (PID=643) to work on /opt/airflow/dags/1-bashoperator.py
[2024-09-17 22:19:58,899] {processor.py:641} INFO - Processing file /opt/airflow/dags/1-bashoperator.py for tasks to queue
[2024-09-17 22:19:58,899] {logging_mixin.py:115} INFO - [2024-09-17 22:19:58,899] {dagbag.py:508} INFO - Filling up the DagBag from /opt/airflow/dags/1-bashoperator.py
[2024-09-17 22:19:58,903] {processor.py:651} INFO - DAG(s) dict_keys(['bashoperator']) retrieved from /opt/airflow/dags/1-bashoperator.py
[2024-09-17 22:19:58,922] {logging_mixin.py:115} INFO - [2024-09-17 22:19:58,922] {dag.py:2420} INFO - Sync 1 DAGs
[2024-09-17 22:19:58,937] {logging_mixin.py:115} INFO - [2024-09-17 22:19:58,937] {dag.py:2972} INFO - Setting next_dagrun for bashoperator to 2024-05-15T00:00:00+00:00, run_after=2024-05-16T00:00:00+00:00
[2024-09-17 22:19:58,946] {processor.py:161} INFO - Processing /opt/airflow/dags/1-bashoperator.py took 0.051 seconds
[2024-09-17 22:20:29,431] {processor.py:153} INFO - Started process (PID=681) to work on /opt/airflow/dags/1-bashoperator.py
[2024-09-17 22:20:29,431] {processor.py:641} INFO - Processing file /opt/airflow/dags/1-bashoperator.py for tasks to queue
[2024-09-17 22:20:29,432] {logging_mixin.py:115} INFO - [2024-09-17 22:20:29,432] {dagbag.py:508} INFO - Filling up the DagBag from /opt/airflow/dags/1-bashoperator.py
[2024-09-17 22:20:29,435] {processor.py:651} INFO - DAG(s) dict_keys(['bashoperator']) retrieved from /opt/airflow/dags/1-bashoperator.py
[2024-09-17 22:20:29,454] {logging_mixin.py:115} INFO - [2024-09-17 22:20:29,454] {dag.py:2420} INFO - Sync 1 DAGs
[2024-09-17 22:20:29,470] {logging_mixin.py:115} INFO - [2024-09-17 22:20:29,469] {dag.py:2972} INFO - Setting next_dagrun for bashoperator to 2024-05-15T00:00:00+00:00, run_after=2024-05-16T00:00:00+00:00
[2024-09-17 22:20:29,479] {processor.py:161} INFO - Processing /opt/airflow/dags/1-bashoperator.py took 0.051 seconds
[2024-09-17 22:20:59,994] {processor.py:153} INFO - Started process (PID=720) to work on /opt/airflow/dags/1-bashoperator.py
[2024-09-17 22:20:59,995] {processor.py:641} INFO - Processing file /opt/airflow/dags/1-bashoperator.py for tasks to queue
[2024-09-17 22:20:59,995] {logging_mixin.py:115} INFO - [2024-09-17 22:20:59,995] {dagbag.py:508} INFO - Filling up the DagBag from /opt/airflow/dags/1-bashoperator.py
[2024-09-17 22:20:59,999] {processor.py:651} INFO - DAG(s) dict_keys(['bashoperator']) retrieved from /opt/airflow/dags/1-bashoperator.py
[2024-09-17 22:21:00,018] {logging_mixin.py:115} INFO - [2024-09-17 22:21:00,018] {dag.py:2420} INFO - Sync 1 DAGs
[2024-09-17 22:21:00,033] {logging_mixin.py:115} INFO - [2024-09-17 22:21:00,033] {dag.py:2972} INFO - Setting next_dagrun for bashoperator to 2024-05-15T00:00:00+00:00, run_after=2024-05-16T00:00:00+00:00
[2024-09-17 22:21:00,042] {processor.py:161} INFO - Processing /opt/airflow/dags/1-bashoperator.py took 0.051 seconds
[2024-09-17 22:21:30,553] {processor.py:153} INFO - Started process (PID=759) to work on /opt/airflow/dags/1-bashoperator.py
[2024-09-17 22:21:30,553] {processor.py:641} INFO - Processing file /opt/airflow/dags/1-bashoperator.py for tasks to queue
[2024-09-17 22:21:30,554] {logging_mixin.py:115} INFO - [2024-09-17 22:21:30,554] {dagbag.py:508} INFO - Filling up the DagBag from /opt/airflow/dags/1-bashoperator.py
[2024-09-17 22:21:30,558] {processor.py:651} INFO - DAG(s) dict_keys(['bashoperator']) retrieved from /opt/airflow/dags/1-bashoperator.py
[2024-09-17 22:21:30,577] {logging_mixin.py:115} INFO - [2024-09-17 22:21:30,577] {dag.py:2420} INFO - Sync 1 DAGs
[2024-09-17 22:21:30,596] {logging_mixin.py:115} INFO - [2024-09-17 22:21:30,595] {dag.py:2972} INFO - Setting next_dagrun for bashoperator to 2024-05-15T00:00:00+00:00, run_after=2024-05-16T00:00:00+00:00
[2024-09-17 22:21:30,609] {processor.py:161} INFO - Processing /opt/airflow/dags/1-bashoperator.py took 0.059 seconds
[2024-09-17 22:22:01,012] {processor.py:153} INFO - Started process (PID=798) to work on /opt/airflow/dags/1-bashoperator.py
[2024-09-17 22:22:01,013] {processor.py:641} INFO - Processing file /opt/airflow/dags/1-bashoperator.py for tasks to queue
[2024-09-17 22:22:01,013] {logging_mixin.py:115} INFO - [2024-09-17 22:22:01,013] {dagbag.py:508} INFO - Filling up the DagBag from /opt/airflow/dags/1-bashoperator.py
[2024-09-17 22:22:01,018] {processor.py:651} INFO - DAG(s) dict_keys(['bashoperator']) retrieved from /opt/airflow/dags/1-bashoperator.py
[2024-09-17 22:22:01,039] {logging_mixin.py:115} INFO - [2024-09-17 22:22:01,039] {dag.py:2420} INFO - Sync 1 DAGs
[2024-09-17 22:22:01,057] {logging_mixin.py:115} INFO - [2024-09-17 22:22:01,056] {dag.py:2972} INFO - Setting next_dagrun for bashoperator to 2024-05-15T00:00:00+00:00, run_after=2024-05-16T00:00:00+00:00
[2024-09-17 22:22:01,066] {processor.py:161} INFO - Processing /opt/airflow/dags/1-bashoperator.py took 0.056 seconds
[2024-09-17 22:22:31,599] {processor.py:153} INFO - Started process (PID=836) to work on /opt/airflow/dags/1-bashoperator.py
[2024-09-17 22:22:31,599] {processor.py:641} INFO - Processing file /opt/airflow/dags/1-bashoperator.py for tasks to queue
[2024-09-17 22:22:31,600] {logging_mixin.py:115} INFO - [2024-09-17 22:22:31,599] {dagbag.py:508} INFO - Filling up the DagBag from /opt/airflow/dags/1-bashoperator.py
[2024-09-17 22:22:31,606] {processor.py:651} INFO - DAG(s) dict_keys(['bashoperator']) retrieved from /opt/airflow/dags/1-bashoperator.py
[2024-09-17 22:22:31,630] {logging_mixin.py:115} INFO - [2024-09-17 22:22:31,630] {dag.py:2420} INFO - Sync 1 DAGs
[2024-09-17 22:22:31,649] {logging_mixin.py:115} INFO - [2024-09-17 22:22:31,649] {dag.py:2972} INFO - Setting next_dagrun for bashoperator to 2024-05-15T00:00:00+00:00, run_after=2024-05-16T00:00:00+00:00
[2024-09-17 22:22:31,660] {processor.py:161} INFO - Processing /opt/airflow/dags/1-bashoperator.py took 0.064 seconds
[2024-09-17 22:23:02,082] {processor.py:153} INFO - Started process (PID=866) to work on /opt/airflow/dags/1-bashoperator.py
[2024-09-17 22:23:02,082] {processor.py:641} INFO - Processing file /opt/airflow/dags/1-bashoperator.py for tasks to queue
[2024-09-17 22:23:02,082] {logging_mixin.py:115} INFO - [2024-09-17 22:23:02,082] {dagbag.py:508} INFO - Filling up the DagBag from /opt/airflow/dags/1-bashoperator.py
[2024-09-17 22:23:02,086] {processor.py:651} INFO - DAG(s) dict_keys(['bashoperator']) retrieved from /opt/airflow/dags/1-bashoperator.py
[2024-09-17 22:23:02,104] {logging_mixin.py:115} INFO - [2024-09-17 22:23:02,104] {dag.py:2420} INFO - Sync 1 DAGs
[2024-09-17 22:23:02,118] {logging_mixin.py:115} INFO - [2024-09-17 22:23:02,118] {dag.py:2972} INFO - Setting next_dagrun for bashoperator to 2024-05-15T00:00:00+00:00, run_after=2024-05-16T00:00:00+00:00
[2024-09-17 22:23:02,128] {processor.py:161} INFO - Processing /opt/airflow/dags/1-bashoperator.py took 0.050 seconds
[2024-09-17 22:23:32,672] {processor.py:153} INFO - Started process (PID=903) to work on /opt/airflow/dags/1-bashoperator.py
[2024-09-17 22:23:32,672] {processor.py:641} INFO - Processing file /opt/airflow/dags/1-bashoperator.py for tasks to queue
[2024-09-17 22:23:32,673] {logging_mixin.py:115} INFO - [2024-09-17 22:23:32,673] {dagbag.py:508} INFO - Filling up the DagBag from /opt/airflow/dags/1-bashoperator.py
[2024-09-17 22:23:32,679] {processor.py:651} INFO - DAG(s) dict_keys(['bashoperator']) retrieved from /opt/airflow/dags/1-bashoperator.py
[2024-09-17 22:23:32,694] {logging_mixin.py:115} INFO - [2024-09-17 22:23:32,694] {dag.py:2420} INFO - Sync 1 DAGs
[2024-09-17 22:23:32,709] {logging_mixin.py:115} INFO - [2024-09-17 22:23:32,709] {dag.py:2972} INFO - Setting next_dagrun for bashoperator to 2024-05-15T00:00:00+00:00, run_after=2024-05-16T00:00:00+00:00
[2024-09-17 22:23:32,718] {processor.py:161} INFO - Processing /opt/airflow/dags/1-bashoperator.py took 0.048 seconds
[2024-09-17 22:24:03,179] {processor.py:153} INFO - Started process (PID=942) to work on /opt/airflow/dags/1-bashoperator.py
[2024-09-17 22:24:03,180] {processor.py:641} INFO - Processing file /opt/airflow/dags/1-bashoperator.py for tasks to queue
[2024-09-17 22:24:03,180] {logging_mixin.py:115} INFO - [2024-09-17 22:24:03,180] {dagbag.py:508} INFO - Filling up the DagBag from /opt/airflow/dags/1-bashoperator.py
[2024-09-17 22:24:03,185] {processor.py:651} INFO - DAG(s) dict_keys(['bashoperator']) retrieved from /opt/airflow/dags/1-bashoperator.py
[2024-09-17 22:24:03,202] {logging_mixin.py:115} INFO - [2024-09-17 22:24:03,202] {dag.py:2420} INFO - Sync 1 DAGs
[2024-09-17 22:24:03,217] {logging_mixin.py:115} INFO - [2024-09-17 22:24:03,217] {dag.py:2972} INFO - Setting next_dagrun for bashoperator to 2024-05-15T00:00:00+00:00, run_after=2024-05-16T00:00:00+00:00
[2024-09-17 22:24:03,226] {processor.py:161} INFO - Processing /opt/airflow/dags/1-bashoperator.py took 0.049 seconds
[2024-09-17 22:24:33,655] {processor.py:153} INFO - Started process (PID=981) to work on /opt/airflow/dags/1-bashoperator.py
[2024-09-17 22:24:33,655] {processor.py:641} INFO - Processing file /opt/airflow/dags/1-bashoperator.py for tasks to queue
[2024-09-17 22:24:33,656] {logging_mixin.py:115} INFO - [2024-09-17 22:24:33,655] {dagbag.py:508} INFO - Filling up the DagBag from /opt/airflow/dags/1-bashoperator.py
[2024-09-17 22:24:33,660] {processor.py:651} INFO - DAG(s) dict_keys(['bashoperator']) retrieved from /opt/airflow/dags/1-bashoperator.py
[2024-09-17 22:24:33,677] {logging_mixin.py:115} INFO - [2024-09-17 22:24:33,677] {dag.py:2420} INFO - Sync 1 DAGs
[2024-09-17 22:24:33,695] {logging_mixin.py:115} INFO - [2024-09-17 22:24:33,695] {dag.py:2972} INFO - Setting next_dagrun for bashoperator to 2024-05-15T00:00:00+00:00, run_after=2024-05-16T00:00:00+00:00
[2024-09-17 22:24:33,706] {processor.py:161} INFO - Processing /opt/airflow/dags/1-bashoperator.py took 0.054 seconds
[2024-09-17 22:25:04,286] {processor.py:153} INFO - Started process (PID=1020) to work on /opt/airflow/dags/1-bashoperator.py
[2024-09-17 22:25:04,287] {processor.py:641} INFO - Processing file /opt/airflow/dags/1-bashoperator.py for tasks to queue
[2024-09-17 22:25:04,287] {logging_mixin.py:115} INFO - [2024-09-17 22:25:04,287] {dagbag.py:508} INFO - Filling up the DagBag from /opt/airflow/dags/1-bashoperator.py
[2024-09-17 22:25:04,291] {processor.py:651} INFO - DAG(s) dict_keys(['bashoperator']) retrieved from /opt/airflow/dags/1-bashoperator.py
[2024-09-17 22:25:04,307] {logging_mixin.py:115} INFO - [2024-09-17 22:25:04,307] {dag.py:2420} INFO - Sync 1 DAGs
[2024-09-17 22:25:04,327] {logging_mixin.py:115} INFO - [2024-09-17 22:25:04,327] {dag.py:2972} INFO - Setting next_dagrun for bashoperator to 2024-05-15T00:00:00+00:00, run_after=2024-05-16T00:00:00+00:00
[2024-09-17 22:25:04,339] {processor.py:161} INFO - Processing /opt/airflow/dags/1-bashoperator.py took 0.056 seconds
[2024-09-17 22:25:34,887] {processor.py:153} INFO - Started process (PID=1050) to work on /opt/airflow/dags/1-bashoperator.py
[2024-09-17 22:25:34,887] {processor.py:641} INFO - Processing file /opt/airflow/dags/1-bashoperator.py for tasks to queue
[2024-09-17 22:25:34,887] {logging_mixin.py:115} INFO - [2024-09-17 22:25:34,887] {dagbag.py:508} INFO - Filling up the DagBag from /opt/airflow/dags/1-bashoperator.py
[2024-09-17 22:25:34,892] {processor.py:651} INFO - DAG(s) dict_keys(['bashoperator']) retrieved from /opt/airflow/dags/1-bashoperator.py
[2024-09-17 22:25:34,909] {logging_mixin.py:115} INFO - [2024-09-17 22:25:34,909] {dag.py:2420} INFO - Sync 1 DAGs
[2024-09-17 22:25:34,923] {logging_mixin.py:115} INFO - [2024-09-17 22:25:34,923] {dag.py:2972} INFO - Setting next_dagrun for bashoperator to 2024-05-15T00:00:00+00:00, run_after=2024-05-16T00:00:00+00:00
[2024-09-17 22:25:34,942] {processor.py:161} INFO - Processing /opt/airflow/dags/1-bashoperator.py took 0.058 seconds
[2024-09-17 22:26:05,505] {processor.py:153} INFO - Started process (PID=1088) to work on /opt/airflow/dags/1-bashoperator.py
[2024-09-17 22:26:05,506] {processor.py:641} INFO - Processing file /opt/airflow/dags/1-bashoperator.py for tasks to queue
[2024-09-17 22:26:05,507] {logging_mixin.py:115} INFO - [2024-09-17 22:26:05,507] {dagbag.py:508} INFO - Filling up the DagBag from /opt/airflow/dags/1-bashoperator.py
[2024-09-17 22:26:05,511] {processor.py:651} INFO - DAG(s) dict_keys(['bashoperator']) retrieved from /opt/airflow/dags/1-bashoperator.py
[2024-09-17 22:26:05,531] {logging_mixin.py:115} INFO - [2024-09-17 22:26:05,531] {dag.py:2420} INFO - Sync 1 DAGs
[2024-09-17 22:26:05,548] {logging_mixin.py:115} INFO - [2024-09-17 22:26:05,548] {dag.py:2972} INFO - Setting next_dagrun for bashoperator to 2024-05-15T00:00:00+00:00, run_after=2024-05-16T00:00:00+00:00
[2024-09-17 22:26:05,559] {processor.py:161} INFO - Processing /opt/airflow/dags/1-bashoperator.py took 0.056 seconds
[2024-09-17 22:26:36,135] {processor.py:153} INFO - Started process (PID=1126) to work on /opt/airflow/dags/1-bashoperator.py
[2024-09-17 22:26:36,135] {processor.py:641} INFO - Processing file /opt/airflow/dags/1-bashoperator.py for tasks to queue
[2024-09-17 22:26:36,136] {logging_mixin.py:115} INFO - [2024-09-17 22:26:36,136] {dagbag.py:508} INFO - Filling up the DagBag from /opt/airflow/dags/1-bashoperator.py
[2024-09-17 22:26:36,140] {processor.py:651} INFO - DAG(s) dict_keys(['bashoperator']) retrieved from /opt/airflow/dags/1-bashoperator.py
[2024-09-17 22:26:36,159] {logging_mixin.py:115} INFO - [2024-09-17 22:26:36,159] {dag.py:2420} INFO - Sync 1 DAGs
[2024-09-17 22:26:36,175] {logging_mixin.py:115} INFO - [2024-09-17 22:26:36,175] {dag.py:2972} INFO - Setting next_dagrun for bashoperator to 2024-05-15T00:00:00+00:00, run_after=2024-05-16T00:00:00+00:00
[2024-09-17 22:26:36,185] {processor.py:161} INFO - Processing /opt/airflow/dags/1-bashoperator.py took 0.052 seconds
[2024-09-17 22:27:06,753] {processor.py:153} INFO - Started process (PID=1165) to work on /opt/airflow/dags/1-bashoperator.py
[2024-09-17 22:27:06,753] {processor.py:641} INFO - Processing file /opt/airflow/dags/1-bashoperator.py for tasks to queue
[2024-09-17 22:27:06,754] {logging_mixin.py:115} INFO - [2024-09-17 22:27:06,754] {dagbag.py:508} INFO - Filling up the DagBag from /opt/airflow/dags/1-bashoperator.py
[2024-09-17 22:27:06,758] {processor.py:651} INFO - DAG(s) dict_keys(['bashoperator']) retrieved from /opt/airflow/dags/1-bashoperator.py
[2024-09-17 22:27:06,776] {logging_mixin.py:115} INFO - [2024-09-17 22:27:06,776] {dag.py:2420} INFO - Sync 1 DAGs
[2024-09-17 22:27:06,792] {logging_mixin.py:115} INFO - [2024-09-17 22:27:06,792] {dag.py:2972} INFO - Setting next_dagrun for bashoperator to 2024-05-15T00:00:00+00:00, run_after=2024-05-16T00:00:00+00:00
[2024-09-17 22:27:06,801] {processor.py:161} INFO - Processing /opt/airflow/dags/1-bashoperator.py took 0.050 seconds
[2024-09-17 22:27:37,253] {processor.py:153} INFO - Started process (PID=1204) to work on /opt/airflow/dags/1-bashoperator.py
[2024-09-17 22:27:37,254] {processor.py:641} INFO - Processing file /opt/airflow/dags/1-bashoperator.py for tasks to queue
[2024-09-17 22:27:37,254] {logging_mixin.py:115} INFO - [2024-09-17 22:27:37,254] {dagbag.py:508} INFO - Filling up the DagBag from /opt/airflow/dags/1-bashoperator.py
[2024-09-17 22:27:37,259] {processor.py:651} INFO - DAG(s) dict_keys(['bashoperator']) retrieved from /opt/airflow/dags/1-bashoperator.py
[2024-09-17 22:27:37,280] {logging_mixin.py:115} INFO - [2024-09-17 22:27:37,280] {dag.py:2420} INFO - Sync 1 DAGs
[2024-09-17 22:27:37,295] {logging_mixin.py:115} INFO - [2024-09-17 22:27:37,295] {dag.py:2972} INFO - Setting next_dagrun for bashoperator to 2024-05-15T00:00:00+00:00, run_after=2024-05-16T00:00:00+00:00
[2024-09-17 22:27:37,305] {processor.py:161} INFO - Processing /opt/airflow/dags/1-bashoperator.py took 0.055 seconds
[2024-09-17 22:28:07,819] {processor.py:153} INFO - Started process (PID=1234) to work on /opt/airflow/dags/1-bashoperator.py
[2024-09-17 22:28:07,819] {processor.py:641} INFO - Processing file /opt/airflow/dags/1-bashoperator.py for tasks to queue
[2024-09-17 22:28:07,820] {logging_mixin.py:115} INFO - [2024-09-17 22:28:07,820] {dagbag.py:508} INFO - Filling up the DagBag from /opt/airflow/dags/1-bashoperator.py
[2024-09-17 22:28:07,824] {processor.py:651} INFO - DAG(s) dict_keys(['bashoperator']) retrieved from /opt/airflow/dags/1-bashoperator.py
[2024-09-17 22:28:07,842] {logging_mixin.py:115} INFO - [2024-09-17 22:28:07,842] {dag.py:2420} INFO - Sync 1 DAGs
[2024-09-17 22:28:07,863] {logging_mixin.py:115} INFO - [2024-09-17 22:28:07,863] {dag.py:2972} INFO - Setting next_dagrun for bashoperator to 2024-05-15T00:00:00+00:00, run_after=2024-05-16T00:00:00+00:00
[2024-09-17 22:28:07,873] {processor.py:161} INFO - Processing /opt/airflow/dags/1-bashoperator.py took 0.057 seconds
[2024-09-17 22:28:38,371] {processor.py:153} INFO - Started process (PID=1272) to work on /opt/airflow/dags/1-bashoperator.py
[2024-09-17 22:28:38,372] {processor.py:641} INFO - Processing file /opt/airflow/dags/1-bashoperator.py for tasks to queue
[2024-09-17 22:28:38,372] {logging_mixin.py:115} INFO - [2024-09-17 22:28:38,372] {dagbag.py:508} INFO - Filling up the DagBag from /opt/airflow/dags/1-bashoperator.py
[2024-09-17 22:28:38,377] {processor.py:651} INFO - DAG(s) dict_keys(['bashoperator']) retrieved from /opt/airflow/dags/1-bashoperator.py
[2024-09-17 22:28:38,395] {logging_mixin.py:115} INFO - [2024-09-17 22:28:38,395] {dag.py:2420} INFO - Sync 1 DAGs
[2024-09-17 22:28:38,409] {logging_mixin.py:115} INFO - [2024-09-17 22:28:38,409] {dag.py:2972} INFO - Setting next_dagrun for bashoperator to 2024-05-15T00:00:00+00:00, run_after=2024-05-16T00:00:00+00:00
[2024-09-17 22:28:38,419] {processor.py:161} INFO - Processing /opt/airflow/dags/1-bashoperator.py took 0.050 seconds
[2024-09-17 22:29:08,938] {processor.py:153} INFO - Started process (PID=1311) to work on /opt/airflow/dags/1-bashoperator.py
[2024-09-17 22:29:08,939] {processor.py:641} INFO - Processing file /opt/airflow/dags/1-bashoperator.py for tasks to queue
[2024-09-17 22:29:08,939] {logging_mixin.py:115} INFO - [2024-09-17 22:29:08,939] {dagbag.py:508} INFO - Filling up the DagBag from /opt/airflow/dags/1-bashoperator.py
[2024-09-17 22:29:08,943] {processor.py:651} INFO - DAG(s) dict_keys(['bashoperator']) retrieved from /opt/airflow/dags/1-bashoperator.py
[2024-09-17 22:29:08,962] {logging_mixin.py:115} INFO - [2024-09-17 22:29:08,962] {dag.py:2420} INFO - Sync 1 DAGs
[2024-09-17 22:29:08,978] {logging_mixin.py:115} INFO - [2024-09-17 22:29:08,978] {dag.py:2972} INFO - Setting next_dagrun for bashoperator to 2024-05-15T00:00:00+00:00, run_after=2024-05-16T00:00:00+00:00
[2024-09-17 22:29:08,988] {processor.py:161} INFO - Processing /opt/airflow/dags/1-bashoperator.py took 0.053 seconds
[2024-09-17 22:29:39,484] {processor.py:153} INFO - Started process (PID=1350) to work on /opt/airflow/dags/1-bashoperator.py
[2024-09-17 22:29:39,484] {processor.py:641} INFO - Processing file /opt/airflow/dags/1-bashoperator.py for tasks to queue
[2024-09-17 22:29:39,485] {logging_mixin.py:115} INFO - [2024-09-17 22:29:39,485] {dagbag.py:508} INFO - Filling up the DagBag from /opt/airflow/dags/1-bashoperator.py
[2024-09-17 22:29:39,490] {processor.py:651} INFO - DAG(s) dict_keys(['bashoperator']) retrieved from /opt/airflow/dags/1-bashoperator.py
[2024-09-17 22:29:39,513] {logging_mixin.py:115} INFO - [2024-09-17 22:29:39,513] {dag.py:2420} INFO - Sync 1 DAGs
[2024-09-17 22:29:39,528] {logging_mixin.py:115} INFO - [2024-09-17 22:29:39,528] {dag.py:2972} INFO - Setting next_dagrun for bashoperator to 2024-05-15T00:00:00+00:00, run_after=2024-05-16T00:00:00+00:00
[2024-09-17 22:29:39,538] {processor.py:161} INFO - Processing /opt/airflow/dags/1-bashoperator.py took 0.057 seconds
[2024-09-17 22:30:10,018] {processor.py:153} INFO - Started process (PID=1388) to work on /opt/airflow/dags/1-bashoperator.py
[2024-09-17 22:30:10,018] {processor.py:641} INFO - Processing file /opt/airflow/dags/1-bashoperator.py for tasks to queue
[2024-09-17 22:30:10,019] {logging_mixin.py:115} INFO - [2024-09-17 22:30:10,019] {dagbag.py:508} INFO - Filling up the DagBag from /opt/airflow/dags/1-bashoperator.py
[2024-09-17 22:30:10,026] {processor.py:651} INFO - DAG(s) dict_keys(['bashoperator']) retrieved from /opt/airflow/dags/1-bashoperator.py
[2024-09-17 22:30:10,049] {logging_mixin.py:115} INFO - [2024-09-17 22:30:10,049] {dag.py:2420} INFO - Sync 1 DAGs
[2024-09-17 22:30:10,068] {logging_mixin.py:115} INFO - [2024-09-17 22:30:10,068] {dag.py:2972} INFO - Setting next_dagrun for bashoperator to 2024-05-15T00:00:00+00:00, run_after=2024-05-16T00:00:00+00:00
[2024-09-17 22:30:10,078] {processor.py:161} INFO - Processing /opt/airflow/dags/1-bashoperator.py took 0.063 seconds
[2024-09-17 22:30:40,571] {processor.py:153} INFO - Started process (PID=1418) to work on /opt/airflow/dags/1-bashoperator.py
[2024-09-17 22:30:40,572] {processor.py:641} INFO - Processing file /opt/airflow/dags/1-bashoperator.py for tasks to queue
[2024-09-17 22:30:40,572] {logging_mixin.py:115} INFO - [2024-09-17 22:30:40,572] {dagbag.py:508} INFO - Filling up the DagBag from /opt/airflow/dags/1-bashoperator.py
[2024-09-17 22:30:40,576] {processor.py:651} INFO - DAG(s) dict_keys(['bashoperator']) retrieved from /opt/airflow/dags/1-bashoperator.py
[2024-09-17 22:30:40,593] {logging_mixin.py:115} INFO - [2024-09-17 22:30:40,593] {dag.py:2420} INFO - Sync 1 DAGs
[2024-09-17 22:30:40,608] {logging_mixin.py:115} INFO - [2024-09-17 22:30:40,608] {dag.py:2972} INFO - Setting next_dagrun for bashoperator to 2024-05-15T00:00:00+00:00, run_after=2024-05-16T00:00:00+00:00
[2024-09-17 22:30:40,620] {processor.py:161} INFO - Processing /opt/airflow/dags/1-bashoperator.py took 0.051 seconds
[2024-09-17 22:31:11,154] {processor.py:153} INFO - Started process (PID=1457) to work on /opt/airflow/dags/1-bashoperator.py
[2024-09-17 22:31:11,155] {processor.py:641} INFO - Processing file /opt/airflow/dags/1-bashoperator.py for tasks to queue
[2024-09-17 22:31:11,155] {logging_mixin.py:115} INFO - [2024-09-17 22:31:11,155] {dagbag.py:508} INFO - Filling up the DagBag from /opt/airflow/dags/1-bashoperator.py
[2024-09-17 22:31:11,161] {processor.py:651} INFO - DAG(s) dict_keys(['bashoperator']) retrieved from /opt/airflow/dags/1-bashoperator.py
[2024-09-17 22:31:11,182] {logging_mixin.py:115} INFO - [2024-09-17 22:31:11,182] {dag.py:2420} INFO - Sync 1 DAGs
[2024-09-17 22:31:11,199] {logging_mixin.py:115} INFO - [2024-09-17 22:31:11,199] {dag.py:2972} INFO - Setting next_dagrun for bashoperator to 2024-05-15T00:00:00+00:00, run_after=2024-05-16T00:00:00+00:00
[2024-09-17 22:31:11,209] {processor.py:161} INFO - Processing /opt/airflow/dags/1-bashoperator.py took 0.058 seconds
[2024-09-17 22:31:41,631] {processor.py:153} INFO - Started process (PID=1496) to work on /opt/airflow/dags/1-bashoperator.py
[2024-09-17 22:31:41,631] {processor.py:641} INFO - Processing file /opt/airflow/dags/1-bashoperator.py for tasks to queue
[2024-09-17 22:31:41,632] {logging_mixin.py:115} INFO - [2024-09-17 22:31:41,631] {dagbag.py:508} INFO - Filling up the DagBag from /opt/airflow/dags/1-bashoperator.py
[2024-09-17 22:31:41,636] {processor.py:651} INFO - DAG(s) dict_keys(['bashoperator']) retrieved from /opt/airflow/dags/1-bashoperator.py
[2024-09-17 22:31:41,653] {logging_mixin.py:115} INFO - [2024-09-17 22:31:41,653] {dag.py:2420} INFO - Sync 1 DAGs
[2024-09-17 22:31:41,669] {logging_mixin.py:115} INFO - [2024-09-17 22:31:41,669] {dag.py:2972} INFO - Setting next_dagrun for bashoperator to 2024-05-15T00:00:00+00:00, run_after=2024-05-16T00:00:00+00:00
[2024-09-17 22:31:41,677] {processor.py:161} INFO - Processing /opt/airflow/dags/1-bashoperator.py took 0.049 seconds
[2024-09-17 22:32:12,107] {processor.py:153} INFO - Started process (PID=1535) to work on /opt/airflow/dags/1-bashoperator.py
[2024-09-17 22:32:12,108] {processor.py:641} INFO - Processing file /opt/airflow/dags/1-bashoperator.py for tasks to queue
[2024-09-17 22:32:12,108] {logging_mixin.py:115} INFO - [2024-09-17 22:32:12,108] {dagbag.py:508} INFO - Filling up the DagBag from /opt/airflow/dags/1-bashoperator.py
[2024-09-17 22:32:12,112] {processor.py:651} INFO - DAG(s) dict_keys(['bashoperator']) retrieved from /opt/airflow/dags/1-bashoperator.py
[2024-09-17 22:32:12,130] {logging_mixin.py:115} INFO - [2024-09-17 22:32:12,130] {dag.py:2420} INFO - Sync 1 DAGs
[2024-09-17 22:32:12,145] {logging_mixin.py:115} INFO - [2024-09-17 22:32:12,145] {dag.py:2972} INFO - Setting next_dagrun for bashoperator to 2024-05-15T00:00:00+00:00, run_after=2024-05-16T00:00:00+00:00
[2024-09-17 22:32:12,153] {processor.py:161} INFO - Processing /opt/airflow/dags/1-bashoperator.py took 0.048 seconds
[2024-09-17 22:32:42,644] {processor.py:153} INFO - Started process (PID=1574) to work on /opt/airflow/dags/1-bashoperator.py
[2024-09-17 22:32:42,644] {processor.py:641} INFO - Processing file /opt/airflow/dags/1-bashoperator.py for tasks to queue
[2024-09-17 22:32:42,645] {logging_mixin.py:115} INFO - [2024-09-17 22:32:42,645] {dagbag.py:508} INFO - Filling up the DagBag from /opt/airflow/dags/1-bashoperator.py
[2024-09-17 22:32:42,649] {processor.py:651} INFO - DAG(s) dict_keys(['bashoperator']) retrieved from /opt/airflow/dags/1-bashoperator.py
[2024-09-17 22:32:42,671] {logging_mixin.py:115} INFO - [2024-09-17 22:32:42,671] {dag.py:2420} INFO - Sync 1 DAGs
[2024-09-17 22:32:42,690] {logging_mixin.py:115} INFO - [2024-09-17 22:32:42,690] {dag.py:2972} INFO - Setting next_dagrun for bashoperator to 2024-05-15T00:00:00+00:00, run_after=2024-05-16T00:00:00+00:00
[2024-09-17 22:32:42,700] {processor.py:161} INFO - Processing /opt/airflow/dags/1-bashoperator.py took 0.060 seconds
[2024-09-17 22:33:13,185] {processor.py:153} INFO - Started process (PID=1604) to work on /opt/airflow/dags/1-bashoperator.py
[2024-09-17 22:33:13,186] {processor.py:641} INFO - Processing file /opt/airflow/dags/1-bashoperator.py for tasks to queue
[2024-09-17 22:33:13,186] {logging_mixin.py:115} INFO - [2024-09-17 22:33:13,186] {dagbag.py:508} INFO - Filling up the DagBag from /opt/airflow/dags/1-bashoperator.py
[2024-09-17 22:33:13,192] {processor.py:651} INFO - DAG(s) dict_keys(['bashoperator']) retrieved from /opt/airflow/dags/1-bashoperator.py
[2024-09-17 22:33:13,211] {logging_mixin.py:115} INFO - [2024-09-17 22:33:13,211] {dag.py:2420} INFO - Sync 1 DAGs
[2024-09-17 22:33:13,226] {logging_mixin.py:115} INFO - [2024-09-17 22:33:13,226] {dag.py:2972} INFO - Setting next_dagrun for bashoperator to 2024-05-15T00:00:00+00:00, run_after=2024-05-16T00:00:00+00:00
[2024-09-17 22:33:13,239] {processor.py:161} INFO - Processing /opt/airflow/dags/1-bashoperator.py took 0.056 seconds
[2024-09-17 22:33:43,738] {processor.py:153} INFO - Started process (PID=1643) to work on /opt/airflow/dags/1-bashoperator.py
[2024-09-17 22:33:43,739] {processor.py:641} INFO - Processing file /opt/airflow/dags/1-bashoperator.py for tasks to queue
[2024-09-17 22:33:43,739] {logging_mixin.py:115} INFO - [2024-09-17 22:33:43,739] {dagbag.py:508} INFO - Filling up the DagBag from /opt/airflow/dags/1-bashoperator.py
[2024-09-17 22:33:43,744] {processor.py:651} INFO - DAG(s) dict_keys(['bashoperator']) retrieved from /opt/airflow/dags/1-bashoperator.py
[2024-09-17 22:33:43,762] {logging_mixin.py:115} INFO - [2024-09-17 22:33:43,762] {dag.py:2420} INFO - Sync 1 DAGs
[2024-09-17 22:33:43,775] {logging_mixin.py:115} INFO - [2024-09-17 22:33:43,775] {dag.py:2972} INFO - Setting next_dagrun for bashoperator to 2024-05-15T00:00:00+00:00, run_after=2024-05-16T00:00:00+00:00
[2024-09-17 22:33:43,785] {processor.py:161} INFO - Processing /opt/airflow/dags/1-bashoperator.py took 0.049 seconds
[2024-09-17 22:34:14,208] {processor.py:153} INFO - Started process (PID=1682) to work on /opt/airflow/dags/1-bashoperator.py
[2024-09-17 22:34:14,210] {processor.py:641} INFO - Processing file /opt/airflow/dags/1-bashoperator.py for tasks to queue
[2024-09-17 22:34:14,211] {logging_mixin.py:115} INFO - [2024-09-17 22:34:14,210] {dagbag.py:508} INFO - Filling up the DagBag from /opt/airflow/dags/1-bashoperator.py
[2024-09-17 22:34:14,216] {processor.py:651} INFO - DAG(s) dict_keys(['bashoperator']) retrieved from /opt/airflow/dags/1-bashoperator.py
[2024-09-17 22:34:14,237] {logging_mixin.py:115} INFO - [2024-09-17 22:34:14,237] {dag.py:2420} INFO - Sync 1 DAGs
[2024-09-17 22:34:14,252] {logging_mixin.py:115} INFO - [2024-09-17 22:34:14,252] {dag.py:2972} INFO - Setting next_dagrun for bashoperator to 2024-05-15T00:00:00+00:00, run_after=2024-05-16T00:00:00+00:00
[2024-09-17 22:34:14,260] {processor.py:161} INFO - Processing /opt/airflow/dags/1-bashoperator.py took 0.057 seconds
[2024-09-17 22:34:44,809] {processor.py:153} INFO - Started process (PID=1721) to work on /opt/airflow/dags/1-bashoperator.py
[2024-09-17 22:34:44,810] {processor.py:641} INFO - Processing file /opt/airflow/dags/1-bashoperator.py for tasks to queue
[2024-09-17 22:34:44,810] {logging_mixin.py:115} INFO - [2024-09-17 22:34:44,810] {dagbag.py:508} INFO - Filling up the DagBag from /opt/airflow/dags/1-bashoperator.py
[2024-09-17 22:34:44,814] {processor.py:651} INFO - DAG(s) dict_keys(['bashoperator']) retrieved from /opt/airflow/dags/1-bashoperator.py
[2024-09-17 22:34:44,833] {logging_mixin.py:115} INFO - [2024-09-17 22:34:44,833] {dag.py:2420} INFO - Sync 1 DAGs
[2024-09-17 22:34:44,849] {logging_mixin.py:115} INFO - [2024-09-17 22:34:44,849] {dag.py:2972} INFO - Setting next_dagrun for bashoperator to 2024-05-15T00:00:00+00:00, run_after=2024-05-16T00:00:00+00:00
[2024-09-17 22:34:44,859] {processor.py:161} INFO - Processing /opt/airflow/dags/1-bashoperator.py took 0.053 seconds
[2024-09-17 22:35:15,406] {processor.py:153} INFO - Started process (PID=1760) to work on /opt/airflow/dags/1-bashoperator.py
[2024-09-17 22:35:15,407] {processor.py:641} INFO - Processing file /opt/airflow/dags/1-bashoperator.py for tasks to queue
[2024-09-17 22:35:15,407] {logging_mixin.py:115} INFO - [2024-09-17 22:35:15,407] {dagbag.py:508} INFO - Filling up the DagBag from /opt/airflow/dags/1-bashoperator.py
[2024-09-17 22:35:15,412] {processor.py:651} INFO - DAG(s) dict_keys(['bashoperator']) retrieved from /opt/airflow/dags/1-bashoperator.py
[2024-09-17 22:35:15,438] {logging_mixin.py:115} INFO - [2024-09-17 22:35:15,438] {dag.py:2420} INFO - Sync 1 DAGs
[2024-09-17 22:35:15,457] {logging_mixin.py:115} INFO - [2024-09-17 22:35:15,457] {dag.py:2972} INFO - Setting next_dagrun for bashoperator to 2024-05-15T00:00:00+00:00, run_after=2024-05-16T00:00:00+00:00
[2024-09-17 22:35:15,467] {processor.py:161} INFO - Processing /opt/airflow/dags/1-bashoperator.py took 0.064 seconds
[2024-09-17 22:35:45,834] {processor.py:153} INFO - Started process (PID=1790) to work on /opt/airflow/dags/1-bashoperator.py
[2024-09-17 22:35:45,835] {processor.py:641} INFO - Processing file /opt/airflow/dags/1-bashoperator.py for tasks to queue
[2024-09-17 22:35:45,835] {logging_mixin.py:115} INFO - [2024-09-17 22:35:45,835] {dagbag.py:508} INFO - Filling up the DagBag from /opt/airflow/dags/1-bashoperator.py
[2024-09-17 22:35:45,839] {processor.py:651} INFO - DAG(s) dict_keys(['bashoperator']) retrieved from /opt/airflow/dags/1-bashoperator.py
[2024-09-17 22:35:45,859] {logging_mixin.py:115} INFO - [2024-09-17 22:35:45,858] {dag.py:2420} INFO - Sync 1 DAGs
[2024-09-17 22:35:45,876] {logging_mixin.py:115} INFO - [2024-09-17 22:35:45,876] {dag.py:2972} INFO - Setting next_dagrun for bashoperator to 2024-05-15T00:00:00+00:00, run_after=2024-05-16T00:00:00+00:00
[2024-09-17 22:35:45,885] {processor.py:161} INFO - Processing /opt/airflow/dags/1-bashoperator.py took 0.055 seconds
[2024-09-17 22:36:16,293] {processor.py:153} INFO - Started process (PID=1828) to work on /opt/airflow/dags/1-bashoperator.py
[2024-09-17 22:36:16,294] {processor.py:641} INFO - Processing file /opt/airflow/dags/1-bashoperator.py for tasks to queue
[2024-09-17 22:36:16,294] {logging_mixin.py:115} INFO - [2024-09-17 22:36:16,294] {dagbag.py:508} INFO - Filling up the DagBag from /opt/airflow/dags/1-bashoperator.py
[2024-09-17 22:36:16,299] {processor.py:651} INFO - DAG(s) dict_keys(['bashoperator']) retrieved from /opt/airflow/dags/1-bashoperator.py
[2024-09-17 22:36:16,316] {logging_mixin.py:115} INFO - [2024-09-17 22:36:16,316] {dag.py:2420} INFO - Sync 1 DAGs
[2024-09-17 22:36:16,331] {logging_mixin.py:115} INFO - [2024-09-17 22:36:16,331] {dag.py:2972} INFO - Setting next_dagrun for bashoperator to 2024-05-15T00:00:00+00:00, run_after=2024-05-16T00:00:00+00:00
[2024-09-17 22:36:16,342] {processor.py:161} INFO - Processing /opt/airflow/dags/1-bashoperator.py took 0.051 seconds
[2024-09-17 22:36:46,803] {processor.py:153} INFO - Started process (PID=1867) to work on /opt/airflow/dags/1-bashoperator.py
[2024-09-17 22:36:46,804] {processor.py:641} INFO - Processing file /opt/airflow/dags/1-bashoperator.py for tasks to queue
[2024-09-17 22:36:46,804] {logging_mixin.py:115} INFO - [2024-09-17 22:36:46,804] {dagbag.py:508} INFO - Filling up the DagBag from /opt/airflow/dags/1-bashoperator.py
[2024-09-17 22:36:46,808] {processor.py:651} INFO - DAG(s) dict_keys(['bashoperator']) retrieved from /opt/airflow/dags/1-bashoperator.py
[2024-09-17 22:36:46,826] {logging_mixin.py:115} INFO - [2024-09-17 22:36:46,825] {dag.py:2420} INFO - Sync 1 DAGs
[2024-09-17 22:36:46,840] {logging_mixin.py:115} INFO - [2024-09-17 22:36:46,839] {dag.py:2972} INFO - Setting next_dagrun for bashoperator to 2024-05-15T00:00:00+00:00, run_after=2024-05-16T00:00:00+00:00
[2024-09-17 22:36:46,848] {processor.py:161} INFO - Processing /opt/airflow/dags/1-bashoperator.py took 0.047 seconds
[2024-09-17 22:37:17,313] {processor.py:153} INFO - Started process (PID=1906) to work on /opt/airflow/dags/1-bashoperator.py
[2024-09-17 22:37:17,313] {processor.py:641} INFO - Processing file /opt/airflow/dags/1-bashoperator.py for tasks to queue
[2024-09-17 22:37:17,314] {logging_mixin.py:115} INFO - [2024-09-17 22:37:17,314] {dagbag.py:508} INFO - Filling up the DagBag from /opt/airflow/dags/1-bashoperator.py
[2024-09-17 22:37:17,318] {processor.py:651} INFO - DAG(s) dict_keys(['bashoperator']) retrieved from /opt/airflow/dags/1-bashoperator.py
[2024-09-17 22:37:17,336] {logging_mixin.py:115} INFO - [2024-09-17 22:37:17,336] {dag.py:2420} INFO - Sync 1 DAGs
[2024-09-17 22:37:17,351] {logging_mixin.py:115} INFO - [2024-09-17 22:37:17,351] {dag.py:2972} INFO - Setting next_dagrun for bashoperator to 2024-05-15T00:00:00+00:00, run_after=2024-05-16T00:00:00+00:00
[2024-09-17 22:37:17,361] {processor.py:161} INFO - Processing /opt/airflow/dags/1-bashoperator.py took 0.050 seconds
[2024-09-17 22:37:47,791] {processor.py:153} INFO - Started process (PID=1945) to work on /opt/airflow/dags/1-bashoperator.py
[2024-09-17 22:37:47,792] {processor.py:641} INFO - Processing file /opt/airflow/dags/1-bashoperator.py for tasks to queue
[2024-09-17 22:37:47,792] {logging_mixin.py:115} INFO - [2024-09-17 22:37:47,792] {dagbag.py:508} INFO - Filling up the DagBag from /opt/airflow/dags/1-bashoperator.py
[2024-09-17 22:37:47,796] {processor.py:651} INFO - DAG(s) dict_keys(['bashoperator']) retrieved from /opt/airflow/dags/1-bashoperator.py
[2024-09-17 22:37:47,817] {logging_mixin.py:115} INFO - [2024-09-17 22:37:47,817] {dag.py:2420} INFO - Sync 1 DAGs
[2024-09-17 22:37:47,837] {logging_mixin.py:115} INFO - [2024-09-17 22:37:47,837] {dag.py:2972} INFO - Setting next_dagrun for bashoperator to 2024-05-15T00:00:00+00:00, run_after=2024-05-16T00:00:00+00:00
[2024-09-17 22:37:47,846] {processor.py:161} INFO - Processing /opt/airflow/dags/1-bashoperator.py took 0.057 seconds
[2024-09-17 22:38:18,299] {processor.py:153} INFO - Started process (PID=1975) to work on /opt/airflow/dags/1-bashoperator.py
[2024-09-17 22:38:18,300] {processor.py:641} INFO - Processing file /opt/airflow/dags/1-bashoperator.py for tasks to queue
[2024-09-17 22:38:18,300] {logging_mixin.py:115} INFO - [2024-09-17 22:38:18,300] {dagbag.py:508} INFO - Filling up the DagBag from /opt/airflow/dags/1-bashoperator.py
[2024-09-17 22:38:18,304] {processor.py:651} INFO - DAG(s) dict_keys(['bashoperator']) retrieved from /opt/airflow/dags/1-bashoperator.py
[2024-09-17 22:38:18,321] {logging_mixin.py:115} INFO - [2024-09-17 22:38:18,321] {dag.py:2420} INFO - Sync 1 DAGs
[2024-09-17 22:38:18,336] {logging_mixin.py:115} INFO - [2024-09-17 22:38:18,336] {dag.py:2972} INFO - Setting next_dagrun for bashoperator to 2024-05-15T00:00:00+00:00, run_after=2024-05-16T00:00:00+00:00
[2024-09-17 22:38:18,344] {processor.py:161} INFO - Processing /opt/airflow/dags/1-bashoperator.py took 0.048 seconds
[2024-09-17 22:38:48,935] {processor.py:153} INFO - Started process (PID=2014) to work on /opt/airflow/dags/1-bashoperator.py
[2024-09-17 22:38:48,936] {processor.py:641} INFO - Processing file /opt/airflow/dags/1-bashoperator.py for tasks to queue
[2024-09-17 22:38:48,936] {logging_mixin.py:115} INFO - [2024-09-17 22:38:48,936] {dagbag.py:508} INFO - Filling up the DagBag from /opt/airflow/dags/1-bashoperator.py
[2024-09-17 22:38:48,940] {processor.py:651} INFO - DAG(s) dict_keys(['bashoperator']) retrieved from /opt/airflow/dags/1-bashoperator.py
[2024-09-17 22:38:48,960] {logging_mixin.py:115} INFO - [2024-09-17 22:38:48,960] {dag.py:2420} INFO - Sync 1 DAGs
[2024-09-17 22:38:48,978] {logging_mixin.py:115} INFO - [2024-09-17 22:38:48,978] {dag.py:2972} INFO - Setting next_dagrun for bashoperator to 2024-05-15T00:00:00+00:00, run_after=2024-05-16T00:00:00+00:00
[2024-09-17 22:38:48,988] {processor.py:161} INFO - Processing /opt/airflow/dags/1-bashoperator.py took 0.056 seconds
[2024-09-17 22:39:19,442] {processor.py:153} INFO - Started process (PID=2053) to work on /opt/airflow/dags/1-bashoperator.py
[2024-09-17 22:39:19,443] {processor.py:641} INFO - Processing file /opt/airflow/dags/1-bashoperator.py for tasks to queue
[2024-09-17 22:39:19,443] {logging_mixin.py:115} INFO - [2024-09-17 22:39:19,443] {dagbag.py:508} INFO - Filling up the DagBag from /opt/airflow/dags/1-bashoperator.py
[2024-09-17 22:39:19,448] {processor.py:651} INFO - DAG(s) dict_keys(['bashoperator']) retrieved from /opt/airflow/dags/1-bashoperator.py
[2024-09-17 22:39:19,467] {logging_mixin.py:115} INFO - [2024-09-17 22:39:19,467] {dag.py:2420} INFO - Sync 1 DAGs
[2024-09-17 22:39:19,481] {logging_mixin.py:115} INFO - [2024-09-17 22:39:19,481] {dag.py:2972} INFO - Setting next_dagrun for bashoperator to 2024-05-15T00:00:00+00:00, run_after=2024-05-16T00:00:00+00:00
[2024-09-17 22:39:19,490] {processor.py:161} INFO - Processing /opt/airflow/dags/1-bashoperator.py took 0.050 seconds
[2024-09-17 22:39:49,898] {processor.py:153} INFO - Started process (PID=2092) to work on /opt/airflow/dags/1-bashoperator.py
[2024-09-17 22:39:49,898] {processor.py:641} INFO - Processing file /opt/airflow/dags/1-bashoperator.py for tasks to queue
[2024-09-17 22:39:49,899] {logging_mixin.py:115} INFO - [2024-09-17 22:39:49,898] {dagbag.py:508} INFO - Filling up the DagBag from /opt/airflow/dags/1-bashoperator.py
[2024-09-17 22:39:49,902] {processor.py:651} INFO - DAG(s) dict_keys(['bashoperator']) retrieved from /opt/airflow/dags/1-bashoperator.py
[2024-09-17 22:39:49,920] {logging_mixin.py:115} INFO - [2024-09-17 22:39:49,920] {dag.py:2420} INFO - Sync 1 DAGs
[2024-09-17 22:39:49,937] {logging_mixin.py:115} INFO - [2024-09-17 22:39:49,937] {dag.py:2972} INFO - Setting next_dagrun for bashoperator to 2024-05-15T00:00:00+00:00, run_after=2024-05-16T00:00:00+00:00
[2024-09-17 22:39:49,946] {processor.py:161} INFO - Processing /opt/airflow/dags/1-bashoperator.py took 0.050 seconds
[2024-09-17 22:40:20,359] {processor.py:153} INFO - Started process (PID=2131) to work on /opt/airflow/dags/1-bashoperator.py
[2024-09-17 22:40:20,360] {processor.py:641} INFO - Processing file /opt/airflow/dags/1-bashoperator.py for tasks to queue
[2024-09-17 22:40:20,360] {logging_mixin.py:115} INFO - [2024-09-17 22:40:20,360] {dagbag.py:508} INFO - Filling up the DagBag from /opt/airflow/dags/1-bashoperator.py
[2024-09-17 22:40:20,365] {processor.py:651} INFO - DAG(s) dict_keys(['bashoperator']) retrieved from /opt/airflow/dags/1-bashoperator.py
[2024-09-17 22:40:20,383] {logging_mixin.py:115} INFO - [2024-09-17 22:40:20,383] {dag.py:2420} INFO - Sync 1 DAGs
[2024-09-17 22:40:20,398] {logging_mixin.py:115} INFO - [2024-09-17 22:40:20,398] {dag.py:2972} INFO - Setting next_dagrun for bashoperator to 2024-05-15T00:00:00+00:00, run_after=2024-05-16T00:00:00+00:00
[2024-09-17 22:40:20,406] {processor.py:161} INFO - Processing /opt/airflow/dags/1-bashoperator.py took 0.050 seconds
[2024-09-17 22:40:50,885] {processor.py:153} INFO - Started process (PID=2161) to work on /opt/airflow/dags/1-bashoperator.py
[2024-09-17 22:40:50,885] {processor.py:641} INFO - Processing file /opt/airflow/dags/1-bashoperator.py for tasks to queue
[2024-09-17 22:40:50,885] {logging_mixin.py:115} INFO - [2024-09-17 22:40:50,885] {dagbag.py:508} INFO - Filling up the DagBag from /opt/airflow/dags/1-bashoperator.py
[2024-09-17 22:40:50,890] {processor.py:651} INFO - DAG(s) dict_keys(['bashoperator']) retrieved from /opt/airflow/dags/1-bashoperator.py
[2024-09-17 22:40:50,910] {logging_mixin.py:115} INFO - [2024-09-17 22:40:50,910] {dag.py:2420} INFO - Sync 1 DAGs
[2024-09-17 22:40:50,924] {logging_mixin.py:115} INFO - [2024-09-17 22:40:50,924] {dag.py:2972} INFO - Setting next_dagrun for bashoperator to 2024-05-15T00:00:00+00:00, run_after=2024-05-16T00:00:00+00:00
[2024-09-17 22:40:50,933] {processor.py:161} INFO - Processing /opt/airflow/dags/1-bashoperator.py took 0.051 seconds
[2024-09-17 22:41:21,275] {processor.py:153} INFO - Started process (PID=2199) to work on /opt/airflow/dags/1-bashoperator.py
[2024-09-17 22:41:21,275] {processor.py:641} INFO - Processing file /opt/airflow/dags/1-bashoperator.py for tasks to queue
[2024-09-17 22:41:21,276] {logging_mixin.py:115} INFO - [2024-09-17 22:41:21,276] {dagbag.py:508} INFO - Filling up the DagBag from /opt/airflow/dags/1-bashoperator.py
[2024-09-17 22:41:21,280] {processor.py:651} INFO - DAG(s) dict_keys(['bashoperator']) retrieved from /opt/airflow/dags/1-bashoperator.py
[2024-09-17 22:41:21,299] {logging_mixin.py:115} INFO - [2024-09-17 22:41:21,299] {dag.py:2420} INFO - Sync 1 DAGs
[2024-09-17 22:41:21,316] {logging_mixin.py:115} INFO - [2024-09-17 22:41:21,316] {dag.py:2972} INFO - Setting next_dagrun for bashoperator to 2024-05-15T00:00:00+00:00, run_after=2024-05-16T00:00:00+00:00
[2024-09-17 22:41:21,326] {processor.py:161} INFO - Processing /opt/airflow/dags/1-bashoperator.py took 0.053 seconds
[2024-09-17 22:41:51,823] {processor.py:153} INFO - Started process (PID=2238) to work on /opt/airflow/dags/1-bashoperator.py
[2024-09-17 22:41:51,824] {processor.py:641} INFO - Processing file /opt/airflow/dags/1-bashoperator.py for tasks to queue
[2024-09-17 22:41:51,824] {logging_mixin.py:115} INFO - [2024-09-17 22:41:51,824] {dagbag.py:508} INFO - Filling up the DagBag from /opt/airflow/dags/1-bashoperator.py
[2024-09-17 22:41:51,829] {processor.py:651} INFO - DAG(s) dict_keys(['bashoperator']) retrieved from /opt/airflow/dags/1-bashoperator.py
[2024-09-17 22:41:51,846] {logging_mixin.py:115} INFO - [2024-09-17 22:41:51,846] {dag.py:2420} INFO - Sync 1 DAGs
[2024-09-17 22:41:51,860] {logging_mixin.py:115} INFO - [2024-09-17 22:41:51,860] {dag.py:2972} INFO - Setting next_dagrun for bashoperator to 2024-05-15T00:00:00+00:00, run_after=2024-05-16T00:00:00+00:00
[2024-09-17 22:41:51,868] {processor.py:161} INFO - Processing /opt/airflow/dags/1-bashoperator.py took 0.049 seconds
[2024-09-17 22:42:22,270] {processor.py:153} INFO - Started process (PID=2277) to work on /opt/airflow/dags/1-bashoperator.py
[2024-09-17 22:42:22,270] {processor.py:641} INFO - Processing file /opt/airflow/dags/1-bashoperator.py for tasks to queue
[2024-09-17 22:42:22,271] {logging_mixin.py:115} INFO - [2024-09-17 22:42:22,271] {dagbag.py:508} INFO - Filling up the DagBag from /opt/airflow/dags/1-bashoperator.py
[2024-09-17 22:42:22,275] {processor.py:651} INFO - DAG(s) dict_keys(['bashoperator']) retrieved from /opt/airflow/dags/1-bashoperator.py
[2024-09-17 22:42:22,297] {logging_mixin.py:115} INFO - [2024-09-17 22:42:22,297] {dag.py:2420} INFO - Sync 1 DAGs
[2024-09-17 22:42:22,312] {logging_mixin.py:115} INFO - [2024-09-17 22:42:22,311] {dag.py:2972} INFO - Setting next_dagrun for bashoperator to 2024-05-15T00:00:00+00:00, run_after=2024-05-16T00:00:00+00:00
[2024-09-17 22:42:22,322] {processor.py:161} INFO - Processing /opt/airflow/dags/1-bashoperator.py took 0.054 seconds
[2024-09-17 22:42:52,737] {processor.py:153} INFO - Started process (PID=2316) to work on /opt/airflow/dags/1-bashoperator.py
[2024-09-17 22:42:52,738] {processor.py:641} INFO - Processing file /opt/airflow/dags/1-bashoperator.py for tasks to queue
[2024-09-17 22:42:52,738] {logging_mixin.py:115} INFO - [2024-09-17 22:42:52,738] {dagbag.py:508} INFO - Filling up the DagBag from /opt/airflow/dags/1-bashoperator.py
[2024-09-17 22:42:52,742] {processor.py:651} INFO - DAG(s) dict_keys(['bashoperator']) retrieved from /opt/airflow/dags/1-bashoperator.py
[2024-09-17 22:42:52,760] {logging_mixin.py:115} INFO - [2024-09-17 22:42:52,760] {dag.py:2420} INFO - Sync 1 DAGs
[2024-09-17 22:42:52,774] {logging_mixin.py:115} INFO - [2024-09-17 22:42:52,774] {dag.py:2972} INFO - Setting next_dagrun for bashoperator to 2024-05-15T00:00:00+00:00, run_after=2024-05-16T00:00:00+00:00
[2024-09-17 22:42:52,784] {processor.py:161} INFO - Processing /opt/airflow/dags/1-bashoperator.py took 0.049 seconds
[2024-09-17 22:43:23,246] {processor.py:153} INFO - Started process (PID=2346) to work on /opt/airflow/dags/1-bashoperator.py
[2024-09-17 22:43:23,247] {processor.py:641} INFO - Processing file /opt/airflow/dags/1-bashoperator.py for tasks to queue
[2024-09-17 22:43:23,247] {logging_mixin.py:115} INFO - [2024-09-17 22:43:23,247] {dagbag.py:508} INFO - Filling up the DagBag from /opt/airflow/dags/1-bashoperator.py
[2024-09-17 22:43:23,251] {processor.py:651} INFO - DAG(s) dict_keys(['bashoperator']) retrieved from /opt/airflow/dags/1-bashoperator.py
[2024-09-17 22:43:23,270] {logging_mixin.py:115} INFO - [2024-09-17 22:43:23,269] {dag.py:2420} INFO - Sync 1 DAGs
[2024-09-17 22:43:23,283] {logging_mixin.py:115} INFO - [2024-09-17 22:43:23,283] {dag.py:2972} INFO - Setting next_dagrun for bashoperator to 2024-05-15T00:00:00+00:00, run_after=2024-05-16T00:00:00+00:00
[2024-09-17 22:43:23,292] {processor.py:161} INFO - Processing /opt/airflow/dags/1-bashoperator.py took 0.048 seconds
[2024-09-17 22:43:53,753] {processor.py:153} INFO - Started process (PID=2385) to work on /opt/airflow/dags/1-bashoperator.py
[2024-09-17 22:43:53,753] {processor.py:641} INFO - Processing file /opt/airflow/dags/1-bashoperator.py for tasks to queue
[2024-09-17 22:43:53,754] {logging_mixin.py:115} INFO - [2024-09-17 22:43:53,754] {dagbag.py:508} INFO - Filling up the DagBag from /opt/airflow/dags/1-bashoperator.py
[2024-09-17 22:43:53,758] {processor.py:651} INFO - DAG(s) dict_keys(['bashoperator']) retrieved from /opt/airflow/dags/1-bashoperator.py
[2024-09-17 22:43:53,775] {logging_mixin.py:115} INFO - [2024-09-17 22:43:53,774] {dag.py:2420} INFO - Sync 1 DAGs
[2024-09-17 22:43:53,790] {logging_mixin.py:115} INFO - [2024-09-17 22:43:53,789] {dag.py:2972} INFO - Setting next_dagrun for bashoperator to 2024-05-15T00:00:00+00:00, run_after=2024-05-16T00:00:00+00:00
[2024-09-17 22:43:53,797] {processor.py:161} INFO - Processing /opt/airflow/dags/1-bashoperator.py took 0.047 seconds
[2024-09-17 22:44:24,309] {processor.py:153} INFO - Started process (PID=2424) to work on /opt/airflow/dags/1-bashoperator.py
[2024-09-17 22:44:24,309] {processor.py:641} INFO - Processing file /opt/airflow/dags/1-bashoperator.py for tasks to queue
[2024-09-17 22:44:24,310] {logging_mixin.py:115} INFO - [2024-09-17 22:44:24,310] {dagbag.py:508} INFO - Filling up the DagBag from /opt/airflow/dags/1-bashoperator.py
[2024-09-17 22:44:24,314] {processor.py:651} INFO - DAG(s) dict_keys(['bashoperator']) retrieved from /opt/airflow/dags/1-bashoperator.py
[2024-09-17 22:44:24,330] {logging_mixin.py:115} INFO - [2024-09-17 22:44:24,330] {dag.py:2420} INFO - Sync 1 DAGs
[2024-09-17 22:44:24,344] {logging_mixin.py:115} INFO - [2024-09-17 22:44:24,344] {dag.py:2972} INFO - Setting next_dagrun for bashoperator to 2024-05-15T00:00:00+00:00, run_after=2024-05-16T00:00:00+00:00
[2024-09-17 22:44:24,354] {processor.py:161} INFO - Processing /opt/airflow/dags/1-bashoperator.py took 0.048 seconds
[2024-09-17 22:44:54,827] {processor.py:153} INFO - Started process (PID=2463) to work on /opt/airflow/dags/1-bashoperator.py
[2024-09-17 22:44:54,828] {processor.py:641} INFO - Processing file /opt/airflow/dags/1-bashoperator.py for tasks to queue
[2024-09-17 22:44:54,828] {logging_mixin.py:115} INFO - [2024-09-17 22:44:54,828] {dagbag.py:508} INFO - Filling up the DagBag from /opt/airflow/dags/1-bashoperator.py
[2024-09-17 22:44:54,832] {processor.py:651} INFO - DAG(s) dict_keys(['bashoperator']) retrieved from /opt/airflow/dags/1-bashoperator.py
[2024-09-17 22:44:54,850] {logging_mixin.py:115} INFO - [2024-09-17 22:44:54,850] {dag.py:2420} INFO - Sync 1 DAGs
[2024-09-17 22:44:54,869] {logging_mixin.py:115} INFO - [2024-09-17 22:44:54,869] {dag.py:2972} INFO - Setting next_dagrun for bashoperator to 2024-05-15T00:00:00+00:00, run_after=2024-05-16T00:00:00+00:00
[2024-09-17 22:44:54,878] {processor.py:161} INFO - Processing /opt/airflow/dags/1-bashoperator.py took 0.054 seconds
[2024-09-17 22:45:25,333] {processor.py:153} INFO - Started process (PID=2501) to work on /opt/airflow/dags/1-bashoperator.py
[2024-09-17 22:45:25,334] {processor.py:641} INFO - Processing file /opt/airflow/dags/1-bashoperator.py for tasks to queue
[2024-09-17 22:45:25,334] {logging_mixin.py:115} INFO - [2024-09-17 22:45:25,334] {dagbag.py:508} INFO - Filling up the DagBag from /opt/airflow/dags/1-bashoperator.py
[2024-09-17 22:45:25,338] {processor.py:651} INFO - DAG(s) dict_keys(['bashoperator']) retrieved from /opt/airflow/dags/1-bashoperator.py
[2024-09-17 22:45:25,355] {logging_mixin.py:115} INFO - [2024-09-17 22:45:25,355] {dag.py:2420} INFO - Sync 1 DAGs
[2024-09-17 22:45:25,369] {logging_mixin.py:115} INFO - [2024-09-17 22:45:25,369] {dag.py:2972} INFO - Setting next_dagrun for bashoperator to 2024-05-15T00:00:00+00:00, run_after=2024-05-16T00:00:00+00:00
[2024-09-17 22:45:25,379] {processor.py:161} INFO - Processing /opt/airflow/dags/1-bashoperator.py took 0.048 seconds
[2024-09-17 22:45:55,906] {processor.py:153} INFO - Started process (PID=2539) to work on /opt/airflow/dags/1-bashoperator.py
[2024-09-17 22:45:55,906] {processor.py:641} INFO - Processing file /opt/airflow/dags/1-bashoperator.py for tasks to queue
[2024-09-17 22:45:55,906] {logging_mixin.py:115} INFO - [2024-09-17 22:45:55,906] {dagbag.py:508} INFO - Filling up the DagBag from /opt/airflow/dags/1-bashoperator.py
[2024-09-17 22:45:55,910] {processor.py:651} INFO - DAG(s) dict_keys(['bashoperator']) retrieved from /opt/airflow/dags/1-bashoperator.py
[2024-09-17 22:45:55,926] {logging_mixin.py:115} INFO - [2024-09-17 22:45:55,926] {dag.py:2420} INFO - Sync 1 DAGs
[2024-09-17 22:45:55,941] {logging_mixin.py:115} INFO - [2024-09-17 22:45:55,941] {dag.py:2972} INFO - Setting next_dagrun for bashoperator to 2024-05-15T00:00:00+00:00, run_after=2024-05-16T00:00:00+00:00
[2024-09-17 22:45:55,949] {processor.py:161} INFO - Processing /opt/airflow/dags/1-bashoperator.py took 0.045 seconds
[2024-09-17 22:46:26,421] {processor.py:153} INFO - Started process (PID=2569) to work on /opt/airflow/dags/1-bashoperator.py
[2024-09-17 22:46:26,421] {processor.py:641} INFO - Processing file /opt/airflow/dags/1-bashoperator.py for tasks to queue
[2024-09-17 22:46:26,422] {logging_mixin.py:115} INFO - [2024-09-17 22:46:26,422] {dagbag.py:508} INFO - Filling up the DagBag from /opt/airflow/dags/1-bashoperator.py
[2024-09-17 22:46:26,426] {processor.py:651} INFO - DAG(s) dict_keys(['bashoperator']) retrieved from /opt/airflow/dags/1-bashoperator.py
[2024-09-17 22:46:26,442] {logging_mixin.py:115} INFO - [2024-09-17 22:46:26,442] {dag.py:2420} INFO - Sync 1 DAGs
[2024-09-17 22:46:26,456] {logging_mixin.py:115} INFO - [2024-09-17 22:46:26,456] {dag.py:2972} INFO - Setting next_dagrun for bashoperator to 2024-05-15T00:00:00+00:00, run_after=2024-05-16T00:00:00+00:00
[2024-09-17 22:46:26,466] {processor.py:161} INFO - Processing /opt/airflow/dags/1-bashoperator.py took 0.048 seconds
[2024-09-17 22:46:56,942] {processor.py:153} INFO - Started process (PID=2608) to work on /opt/airflow/dags/1-bashoperator.py
[2024-09-17 22:46:56,943] {processor.py:641} INFO - Processing file /opt/airflow/dags/1-bashoperator.py for tasks to queue
[2024-09-17 22:46:56,943] {logging_mixin.py:115} INFO - [2024-09-17 22:46:56,943] {dagbag.py:508} INFO - Filling up the DagBag from /opt/airflow/dags/1-bashoperator.py
[2024-09-17 22:46:56,948] {processor.py:651} INFO - DAG(s) dict_keys(['bashoperator']) retrieved from /opt/airflow/dags/1-bashoperator.py
[2024-09-17 22:46:56,965] {logging_mixin.py:115} INFO - [2024-09-17 22:46:56,965] {dag.py:2420} INFO - Sync 1 DAGs
[2024-09-17 22:46:56,982] {logging_mixin.py:115} INFO - [2024-09-17 22:46:56,982] {dag.py:2972} INFO - Setting next_dagrun for bashoperator to 2024-05-15T00:00:00+00:00, run_after=2024-05-16T00:00:00+00:00
[2024-09-17 22:46:56,991] {processor.py:161} INFO - Processing /opt/airflow/dags/1-bashoperator.py took 0.052 seconds
[2024-09-17 22:47:27,442] {processor.py:153} INFO - Started process (PID=2647) to work on /opt/airflow/dags/1-bashoperator.py
[2024-09-17 22:47:27,442] {processor.py:641} INFO - Processing file /opt/airflow/dags/1-bashoperator.py for tasks to queue
[2024-09-17 22:47:27,443] {logging_mixin.py:115} INFO - [2024-09-17 22:47:27,443] {dagbag.py:508} INFO - Filling up the DagBag from /opt/airflow/dags/1-bashoperator.py
[2024-09-17 22:47:27,447] {processor.py:651} INFO - DAG(s) dict_keys(['bashoperator']) retrieved from /opt/airflow/dags/1-bashoperator.py
[2024-09-17 22:47:27,462] {logging_mixin.py:115} INFO - [2024-09-17 22:47:27,462] {dag.py:2420} INFO - Sync 1 DAGs
[2024-09-17 22:47:27,476] {logging_mixin.py:115} INFO - [2024-09-17 22:47:27,476] {dag.py:2972} INFO - Setting next_dagrun for bashoperator to 2024-05-15T00:00:00+00:00, run_after=2024-05-16T00:00:00+00:00
[2024-09-17 22:47:27,484] {processor.py:161} INFO - Processing /opt/airflow/dags/1-bashoperator.py took 0.045 seconds
[2024-09-17 22:47:57,949] {processor.py:153} INFO - Started process (PID=2686) to work on /opt/airflow/dags/1-bashoperator.py
[2024-09-17 22:47:57,950] {processor.py:641} INFO - Processing file /opt/airflow/dags/1-bashoperator.py for tasks to queue
[2024-09-17 22:47:57,950] {logging_mixin.py:115} INFO - [2024-09-17 22:47:57,950] {dagbag.py:508} INFO - Filling up the DagBag from /opt/airflow/dags/1-bashoperator.py
[2024-09-17 22:47:57,954] {processor.py:651} INFO - DAG(s) dict_keys(['bashoperator']) retrieved from /opt/airflow/dags/1-bashoperator.py
[2024-09-17 22:47:57,972] {logging_mixin.py:115} INFO - [2024-09-17 22:47:57,972] {dag.py:2420} INFO - Sync 1 DAGs
[2024-09-17 22:47:57,987] {logging_mixin.py:115} INFO - [2024-09-17 22:47:57,987] {dag.py:2972} INFO - Setting next_dagrun for bashoperator to 2024-05-15T00:00:00+00:00, run_after=2024-05-16T00:00:00+00:00
[2024-09-17 22:47:57,996] {processor.py:161} INFO - Processing /opt/airflow/dags/1-bashoperator.py took 0.050 seconds
[2024-09-17 22:48:28,463] {processor.py:153} INFO - Started process (PID=2725) to work on /opt/airflow/dags/1-bashoperator.py
[2024-09-17 22:48:28,464] {processor.py:641} INFO - Processing file /opt/airflow/dags/1-bashoperator.py for tasks to queue
[2024-09-17 22:48:28,464] {logging_mixin.py:115} INFO - [2024-09-17 22:48:28,464] {dagbag.py:508} INFO - Filling up the DagBag from /opt/airflow/dags/1-bashoperator.py
[2024-09-17 22:48:28,468] {processor.py:651} INFO - DAG(s) dict_keys(['bashoperator']) retrieved from /opt/airflow/dags/1-bashoperator.py
[2024-09-17 22:48:28,484] {logging_mixin.py:115} INFO - [2024-09-17 22:48:28,484] {dag.py:2420} INFO - Sync 1 DAGs
[2024-09-17 22:48:28,497] {logging_mixin.py:115} INFO - [2024-09-17 22:48:28,497] {dag.py:2972} INFO - Setting next_dagrun for bashoperator to 2024-05-15T00:00:00+00:00, run_after=2024-05-16T00:00:00+00:00
[2024-09-17 22:48:28,504] {processor.py:161} INFO - Processing /opt/airflow/dags/1-bashoperator.py took 0.043 seconds
[2024-09-17 22:48:59,010] {processor.py:153} INFO - Started process (PID=2755) to work on /opt/airflow/dags/1-bashoperator.py
[2024-09-17 22:48:59,010] {processor.py:641} INFO - Processing file /opt/airflow/dags/1-bashoperator.py for tasks to queue
[2024-09-17 22:48:59,011] {logging_mixin.py:115} INFO - [2024-09-17 22:48:59,011] {dagbag.py:508} INFO - Filling up the DagBag from /opt/airflow/dags/1-bashoperator.py
[2024-09-17 22:48:59,018] {processor.py:651} INFO - DAG(s) dict_keys(['bashoperator']) retrieved from /opt/airflow/dags/1-bashoperator.py
[2024-09-17 22:48:59,036] {logging_mixin.py:115} INFO - [2024-09-17 22:48:59,036] {dag.py:2420} INFO - Sync 1 DAGs
[2024-09-17 22:48:59,050] {logging_mixin.py:115} INFO - [2024-09-17 22:48:59,050] {dag.py:2972} INFO - Setting next_dagrun for bashoperator to 2024-05-15T00:00:00+00:00, run_after=2024-05-16T00:00:00+00:00
[2024-09-17 22:48:59,058] {processor.py:161} INFO - Processing /opt/airflow/dags/1-bashoperator.py took 0.051 seconds
[2024-09-17 22:49:29,529] {processor.py:153} INFO - Started process (PID=2794) to work on /opt/airflow/dags/1-bashoperator.py
[2024-09-17 22:49:29,529] {processor.py:641} INFO - Processing file /opt/airflow/dags/1-bashoperator.py for tasks to queue
[2024-09-17 22:49:29,530] {logging_mixin.py:115} INFO - [2024-09-17 22:49:29,530] {dagbag.py:508} INFO - Filling up the DagBag from /opt/airflow/dags/1-bashoperator.py
[2024-09-17 22:49:29,534] {processor.py:651} INFO - DAG(s) dict_keys(['bashoperator']) retrieved from /opt/airflow/dags/1-bashoperator.py
[2024-09-17 22:49:29,550] {logging_mixin.py:115} INFO - [2024-09-17 22:49:29,550] {dag.py:2420} INFO - Sync 1 DAGs
[2024-09-17 22:49:29,564] {logging_mixin.py:115} INFO - [2024-09-17 22:49:29,564] {dag.py:2972} INFO - Setting next_dagrun for bashoperator to 2024-05-15T00:00:00+00:00, run_after=2024-05-16T00:00:00+00:00
[2024-09-17 22:49:29,572] {processor.py:161} INFO - Processing /opt/airflow/dags/1-bashoperator.py took 0.046 seconds
[2024-09-17 22:50:00,089] {processor.py:153} INFO - Started process (PID=2833) to work on /opt/airflow/dags/1-bashoperator.py
[2024-09-17 22:50:00,090] {processor.py:641} INFO - Processing file /opt/airflow/dags/1-bashoperator.py for tasks to queue
[2024-09-17 22:50:00,090] {logging_mixin.py:115} INFO - [2024-09-17 22:50:00,090] {dagbag.py:508} INFO - Filling up the DagBag from /opt/airflow/dags/1-bashoperator.py
[2024-09-17 22:50:00,095] {processor.py:651} INFO - DAG(s) dict_keys(['bashoperator']) retrieved from /opt/airflow/dags/1-bashoperator.py
[2024-09-17 22:50:00,113] {logging_mixin.py:115} INFO - [2024-09-17 22:50:00,113] {dag.py:2420} INFO - Sync 1 DAGs
[2024-09-17 22:50:00,131] {logging_mixin.py:115} INFO - [2024-09-17 22:50:00,131] {dag.py:2972} INFO - Setting next_dagrun for bashoperator to 2024-05-15T00:00:00+00:00, run_after=2024-05-16T00:00:00+00:00
[2024-09-17 22:50:00,141] {processor.py:161} INFO - Processing /opt/airflow/dags/1-bashoperator.py took 0.054 seconds
[2024-09-17 22:50:30,590] {processor.py:153} INFO - Started process (PID=2872) to work on /opt/airflow/dags/1-bashoperator.py
[2024-09-17 22:50:30,591] {processor.py:641} INFO - Processing file /opt/airflow/dags/1-bashoperator.py for tasks to queue
[2024-09-17 22:50:30,592] {logging_mixin.py:115} INFO - [2024-09-17 22:50:30,592] {dagbag.py:508} INFO - Filling up the DagBag from /opt/airflow/dags/1-bashoperator.py
[2024-09-17 22:50:30,598] {processor.py:651} INFO - DAG(s) dict_keys(['bashoperator']) retrieved from /opt/airflow/dags/1-bashoperator.py
[2024-09-17 22:50:30,618] {logging_mixin.py:115} INFO - [2024-09-17 22:50:30,618] {dag.py:2420} INFO - Sync 1 DAGs
[2024-09-17 22:50:30,634] {logging_mixin.py:115} INFO - [2024-09-17 22:50:30,634] {dag.py:2972} INFO - Setting next_dagrun for bashoperator to 2024-05-15T00:00:00+00:00, run_after=2024-05-16T00:00:00+00:00
[2024-09-17 22:50:30,644] {processor.py:161} INFO - Processing /opt/airflow/dags/1-bashoperator.py took 0.058 seconds
[2024-09-17 22:51:01,194] {processor.py:153} INFO - Started process (PID=2911) to work on /opt/airflow/dags/1-bashoperator.py
[2024-09-17 22:51:01,194] {processor.py:641} INFO - Processing file /opt/airflow/dags/1-bashoperator.py for tasks to queue
[2024-09-17 22:51:01,195] {logging_mixin.py:115} INFO - [2024-09-17 22:51:01,195] {dagbag.py:508} INFO - Filling up the DagBag from /opt/airflow/dags/1-bashoperator.py
[2024-09-17 22:51:01,199] {processor.py:651} INFO - DAG(s) dict_keys(['bashoperator']) retrieved from /opt/airflow/dags/1-bashoperator.py
[2024-09-17 22:51:01,215] {logging_mixin.py:115} INFO - [2024-09-17 22:51:01,215] {dag.py:2420} INFO - Sync 1 DAGs
[2024-09-17 22:51:01,230] {logging_mixin.py:115} INFO - [2024-09-17 22:51:01,230] {dag.py:2972} INFO - Setting next_dagrun for bashoperator to 2024-05-15T00:00:00+00:00, run_after=2024-05-16T00:00:00+00:00
[2024-09-17 22:51:01,239] {processor.py:161} INFO - Processing /opt/airflow/dags/1-bashoperator.py took 0.047 seconds
[2024-09-17 22:51:31,709] {processor.py:153} INFO - Started process (PID=2948) to work on /opt/airflow/dags/1-bashoperator.py
[2024-09-17 22:51:31,710] {processor.py:641} INFO - Processing file /opt/airflow/dags/1-bashoperator.py for tasks to queue
[2024-09-17 22:51:31,711] {logging_mixin.py:115} INFO - [2024-09-17 22:51:31,711] {dagbag.py:508} INFO - Filling up the DagBag from /opt/airflow/dags/1-bashoperator.py
[2024-09-17 22:51:31,716] {processor.py:651} INFO - DAG(s) dict_keys(['bashoperator']) retrieved from /opt/airflow/dags/1-bashoperator.py
[2024-09-17 22:51:31,736] {logging_mixin.py:115} INFO - [2024-09-17 22:51:31,736] {dag.py:2420} INFO - Sync 1 DAGs
[2024-09-17 22:51:31,751] {logging_mixin.py:115} INFO - [2024-09-17 22:51:31,751] {dag.py:2972} INFO - Setting next_dagrun for bashoperator to 2024-05-15T00:00:00+00:00, run_after=2024-05-16T00:00:00+00:00
[2024-09-17 22:51:31,763] {processor.py:161} INFO - Processing /opt/airflow/dags/1-bashoperator.py took 0.057 seconds
[2024-09-17 22:52:02,254] {processor.py:153} INFO - Started process (PID=2980) to work on /opt/airflow/dags/1-bashoperator.py
[2024-09-17 22:52:02,254] {processor.py:641} INFO - Processing file /opt/airflow/dags/1-bashoperator.py for tasks to queue
[2024-09-17 22:52:02,255] {logging_mixin.py:115} INFO - [2024-09-17 22:52:02,255] {dagbag.py:508} INFO - Filling up the DagBag from /opt/airflow/dags/1-bashoperator.py
[2024-09-17 22:52:02,259] {processor.py:651} INFO - DAG(s) dict_keys(['bashoperator']) retrieved from /opt/airflow/dags/1-bashoperator.py
[2024-09-17 22:52:02,275] {logging_mixin.py:115} INFO - [2024-09-17 22:52:02,275] {dag.py:2420} INFO - Sync 1 DAGs
[2024-09-17 22:52:02,296] {logging_mixin.py:115} INFO - [2024-09-17 22:52:02,296] {dag.py:2972} INFO - Setting next_dagrun for bashoperator to 2024-05-15T00:00:00+00:00, run_after=2024-05-16T00:00:00+00:00
[2024-09-17 22:52:02,306] {processor.py:161} INFO - Processing /opt/airflow/dags/1-bashoperator.py took 0.054 seconds
[2024-09-17 22:52:32,735] {processor.py:153} INFO - Started process (PID=3018) to work on /opt/airflow/dags/1-bashoperator.py
[2024-09-17 22:52:32,736] {processor.py:641} INFO - Processing file /opt/airflow/dags/1-bashoperator.py for tasks to queue
[2024-09-17 22:52:32,736] {logging_mixin.py:115} INFO - [2024-09-17 22:52:32,736] {dagbag.py:508} INFO - Filling up the DagBag from /opt/airflow/dags/1-bashoperator.py
[2024-09-17 22:52:32,740] {processor.py:651} INFO - DAG(s) dict_keys(['bashoperator']) retrieved from /opt/airflow/dags/1-bashoperator.py
[2024-09-17 22:52:32,762] {logging_mixin.py:115} INFO - [2024-09-17 22:52:32,762] {dag.py:2420} INFO - Sync 1 DAGs
[2024-09-17 22:52:32,778] {logging_mixin.py:115} INFO - [2024-09-17 22:52:32,778] {dag.py:2972} INFO - Setting next_dagrun for bashoperator to 2024-05-15T00:00:00+00:00, run_after=2024-05-16T00:00:00+00:00
[2024-09-17 22:52:32,787] {processor.py:161} INFO - Processing /opt/airflow/dags/1-bashoperator.py took 0.054 seconds
[2024-09-17 22:53:03,273] {processor.py:153} INFO - Started process (PID=3057) to work on /opt/airflow/dags/1-bashoperator.py
[2024-09-17 22:53:03,273] {processor.py:641} INFO - Processing file /opt/airflow/dags/1-bashoperator.py for tasks to queue
[2024-09-17 22:53:03,274] {logging_mixin.py:115} INFO - [2024-09-17 22:53:03,274] {dagbag.py:508} INFO - Filling up the DagBag from /opt/airflow/dags/1-bashoperator.py
[2024-09-17 22:53:03,277] {processor.py:651} INFO - DAG(s) dict_keys(['bashoperator']) retrieved from /opt/airflow/dags/1-bashoperator.py
[2024-09-17 22:53:03,296] {logging_mixin.py:115} INFO - [2024-09-17 22:53:03,296] {dag.py:2420} INFO - Sync 1 DAGs
[2024-09-17 22:53:03,309] {logging_mixin.py:115} INFO - [2024-09-17 22:53:03,309] {dag.py:2972} INFO - Setting next_dagrun for bashoperator to 2024-05-15T00:00:00+00:00, run_after=2024-05-16T00:00:00+00:00
[2024-09-17 22:53:03,317] {processor.py:161} INFO - Processing /opt/airflow/dags/1-bashoperator.py took 0.047 seconds
[2024-09-17 22:53:33,853] {processor.py:153} INFO - Started process (PID=3096) to work on /opt/airflow/dags/1-bashoperator.py
[2024-09-17 22:53:33,854] {processor.py:641} INFO - Processing file /opt/airflow/dags/1-bashoperator.py for tasks to queue
[2024-09-17 22:53:33,854] {logging_mixin.py:115} INFO - [2024-09-17 22:53:33,854] {dagbag.py:508} INFO - Filling up the DagBag from /opt/airflow/dags/1-bashoperator.py
[2024-09-17 22:53:33,858] {processor.py:651} INFO - DAG(s) dict_keys(['bashoperator']) retrieved from /opt/airflow/dags/1-bashoperator.py
[2024-09-17 22:53:33,876] {logging_mixin.py:115} INFO - [2024-09-17 22:53:33,876] {dag.py:2420} INFO - Sync 1 DAGs
[2024-09-17 22:53:33,892] {logging_mixin.py:115} INFO - [2024-09-17 22:53:33,891] {dag.py:2972} INFO - Setting next_dagrun for bashoperator to 2024-05-15T00:00:00+00:00, run_after=2024-05-16T00:00:00+00:00
[2024-09-17 22:53:33,899] {processor.py:161} INFO - Processing /opt/airflow/dags/1-bashoperator.py took 0.048 seconds
[2024-09-17 22:54:04,364] {processor.py:153} INFO - Started process (PID=3135) to work on /opt/airflow/dags/1-bashoperator.py
[2024-09-17 22:54:04,364] {processor.py:641} INFO - Processing file /opt/airflow/dags/1-bashoperator.py for tasks to queue
[2024-09-17 22:54:04,365] {logging_mixin.py:115} INFO - [2024-09-17 22:54:04,365] {dagbag.py:508} INFO - Filling up the DagBag from /opt/airflow/dags/1-bashoperator.py
[2024-09-17 22:54:04,371] {processor.py:651} INFO - DAG(s) dict_keys(['bashoperator']) retrieved from /opt/airflow/dags/1-bashoperator.py
[2024-09-17 22:54:04,390] {logging_mixin.py:115} INFO - [2024-09-17 22:54:04,390] {dag.py:2420} INFO - Sync 1 DAGs
[2024-09-17 22:54:04,410] {logging_mixin.py:115} INFO - [2024-09-17 22:54:04,410] {dag.py:2972} INFO - Setting next_dagrun for bashoperator to 2024-05-15T00:00:00+00:00, run_after=2024-05-16T00:00:00+00:00
[2024-09-17 22:54:04,422] {processor.py:161} INFO - Processing /opt/airflow/dags/1-bashoperator.py took 0.060 seconds
[2024-09-17 22:54:34,890] {processor.py:153} INFO - Started process (PID=3165) to work on /opt/airflow/dags/1-bashoperator.py
[2024-09-17 22:54:34,890] {processor.py:641} INFO - Processing file /opt/airflow/dags/1-bashoperator.py for tasks to queue
[2024-09-17 22:54:34,891] {logging_mixin.py:115} INFO - [2024-09-17 22:54:34,891] {dagbag.py:508} INFO - Filling up the DagBag from /opt/airflow/dags/1-bashoperator.py
[2024-09-17 22:54:34,895] {processor.py:651} INFO - DAG(s) dict_keys(['bashoperator']) retrieved from /opt/airflow/dags/1-bashoperator.py
[2024-09-17 22:54:34,912] {logging_mixin.py:115} INFO - [2024-09-17 22:54:34,912] {dag.py:2420} INFO - Sync 1 DAGs
[2024-09-17 22:54:34,926] {logging_mixin.py:115} INFO - [2024-09-17 22:54:34,926] {dag.py:2972} INFO - Setting next_dagrun for bashoperator to 2024-05-15T00:00:00+00:00, run_after=2024-05-16T00:00:00+00:00
[2024-09-17 22:54:34,933] {processor.py:161} INFO - Processing /opt/airflow/dags/1-bashoperator.py took 0.046 seconds
[2024-09-17 22:55:05,400] {processor.py:153} INFO - Started process (PID=3203) to work on /opt/airflow/dags/1-bashoperator.py
[2024-09-17 22:55:05,400] {processor.py:641} INFO - Processing file /opt/airflow/dags/1-bashoperator.py for tasks to queue
[2024-09-17 22:55:05,401] {logging_mixin.py:115} INFO - [2024-09-17 22:55:05,401] {dagbag.py:508} INFO - Filling up the DagBag from /opt/airflow/dags/1-bashoperator.py
[2024-09-17 22:55:05,405] {processor.py:651} INFO - DAG(s) dict_keys(['bashoperator']) retrieved from /opt/airflow/dags/1-bashoperator.py
[2024-09-17 22:55:05,430] {logging_mixin.py:115} INFO - [2024-09-17 22:55:05,430] {dag.py:2420} INFO - Sync 1 DAGs
[2024-09-17 22:55:05,447] {logging_mixin.py:115} INFO - [2024-09-17 22:55:05,447] {dag.py:2972} INFO - Setting next_dagrun for bashoperator to 2024-05-15T00:00:00+00:00, run_after=2024-05-16T00:00:00+00:00
[2024-09-17 22:55:05,458] {processor.py:161} INFO - Processing /opt/airflow/dags/1-bashoperator.py took 0.061 seconds
[2024-09-17 22:55:35,892] {processor.py:153} INFO - Started process (PID=3242) to work on /opt/airflow/dags/1-bashoperator.py
[2024-09-17 22:55:35,892] {processor.py:641} INFO - Processing file /opt/airflow/dags/1-bashoperator.py for tasks to queue
[2024-09-17 22:55:35,893] {logging_mixin.py:115} INFO - [2024-09-17 22:55:35,893] {dagbag.py:508} INFO - Filling up the DagBag from /opt/airflow/dags/1-bashoperator.py
[2024-09-17 22:55:35,896] {processor.py:651} INFO - DAG(s) dict_keys(['bashoperator']) retrieved from /opt/airflow/dags/1-bashoperator.py
[2024-09-17 22:55:35,919] {logging_mixin.py:115} INFO - [2024-09-17 22:55:35,919] {dag.py:2420} INFO - Sync 1 DAGs
[2024-09-17 22:55:35,933] {logging_mixin.py:115} INFO - [2024-09-17 22:55:35,933] {dag.py:2972} INFO - Setting next_dagrun for bashoperator to 2024-05-15T00:00:00+00:00, run_after=2024-05-16T00:00:00+00:00
[2024-09-17 22:55:35,943] {processor.py:161} INFO - Processing /opt/airflow/dags/1-bashoperator.py took 0.054 seconds
[2024-09-17 22:56:06,421] {processor.py:153} INFO - Started process (PID=3281) to work on /opt/airflow/dags/1-bashoperator.py
[2024-09-17 22:56:06,421] {processor.py:641} INFO - Processing file /opt/airflow/dags/1-bashoperator.py for tasks to queue
[2024-09-17 22:56:06,421] {logging_mixin.py:115} INFO - [2024-09-17 22:56:06,421] {dagbag.py:508} INFO - Filling up the DagBag from /opt/airflow/dags/1-bashoperator.py
[2024-09-17 22:56:06,426] {processor.py:651} INFO - DAG(s) dict_keys(['bashoperator']) retrieved from /opt/airflow/dags/1-bashoperator.py
[2024-09-17 22:56:06,444] {logging_mixin.py:115} INFO - [2024-09-17 22:56:06,444] {dag.py:2420} INFO - Sync 1 DAGs
[2024-09-17 22:56:06,462] {logging_mixin.py:115} INFO - [2024-09-17 22:56:06,462] {dag.py:2972} INFO - Setting next_dagrun for bashoperator to 2024-05-15T00:00:00+00:00, run_after=2024-05-16T00:00:00+00:00
[2024-09-17 22:56:06,472] {processor.py:161} INFO - Processing /opt/airflow/dags/1-bashoperator.py took 0.054 seconds
[2024-09-17 22:56:36,944] {processor.py:153} INFO - Started process (PID=3320) to work on /opt/airflow/dags/1-bashoperator.py
[2024-09-17 22:56:36,944] {processor.py:641} INFO - Processing file /opt/airflow/dags/1-bashoperator.py for tasks to queue
[2024-09-17 22:56:36,944] {logging_mixin.py:115} INFO - [2024-09-17 22:56:36,944] {dagbag.py:508} INFO - Filling up the DagBag from /opt/airflow/dags/1-bashoperator.py
[2024-09-17 22:56:36,951] {processor.py:651} INFO - DAG(s) dict_keys(['bashoperator']) retrieved from /opt/airflow/dags/1-bashoperator.py
[2024-09-17 22:56:36,971] {logging_mixin.py:115} INFO - [2024-09-17 22:56:36,971] {dag.py:2420} INFO - Sync 1 DAGs
[2024-09-17 22:56:36,991] {logging_mixin.py:115} INFO - [2024-09-17 22:56:36,991] {dag.py:2972} INFO - Setting next_dagrun for bashoperator to 2024-05-15T00:00:00+00:00, run_after=2024-05-16T00:00:00+00:00
[2024-09-17 22:56:37,005] {processor.py:161} INFO - Processing /opt/airflow/dags/1-bashoperator.py took 0.066 seconds
[2024-09-17 22:57:07,505] {processor.py:153} INFO - Started process (PID=3350) to work on /opt/airflow/dags/1-bashoperator.py
[2024-09-17 22:57:07,506] {processor.py:641} INFO - Processing file /opt/airflow/dags/1-bashoperator.py for tasks to queue
[2024-09-17 22:57:07,506] {logging_mixin.py:115} INFO - [2024-09-17 22:57:07,506] {dagbag.py:508} INFO - Filling up the DagBag from /opt/airflow/dags/1-bashoperator.py
[2024-09-17 22:57:07,511] {processor.py:651} INFO - DAG(s) dict_keys(['bashoperator']) retrieved from /opt/airflow/dags/1-bashoperator.py
[2024-09-17 22:57:07,527] {logging_mixin.py:115} INFO - [2024-09-17 22:57:07,527] {dag.py:2420} INFO - Sync 1 DAGs
[2024-09-17 22:57:07,540] {logging_mixin.py:115} INFO - [2024-09-17 22:57:07,540] {dag.py:2972} INFO - Setting next_dagrun for bashoperator to 2024-05-15T00:00:00+00:00, run_after=2024-05-16T00:00:00+00:00
[2024-09-17 22:57:07,548] {processor.py:161} INFO - Processing /opt/airflow/dags/1-bashoperator.py took 0.045 seconds
[2024-09-17 22:57:38,069] {processor.py:153} INFO - Started process (PID=3388) to work on /opt/airflow/dags/1-bashoperator.py
[2024-09-17 22:57:38,070] {processor.py:641} INFO - Processing file /opt/airflow/dags/1-bashoperator.py for tasks to queue
[2024-09-17 22:57:38,070] {logging_mixin.py:115} INFO - [2024-09-17 22:57:38,070] {dagbag.py:508} INFO - Filling up the DagBag from /opt/airflow/dags/1-bashoperator.py
[2024-09-17 22:57:38,074] {processor.py:651} INFO - DAG(s) dict_keys(['bashoperator']) retrieved from /opt/airflow/dags/1-bashoperator.py
[2024-09-17 22:57:38,091] {logging_mixin.py:115} INFO - [2024-09-17 22:57:38,091] {dag.py:2420} INFO - Sync 1 DAGs
[2024-09-17 22:57:38,107] {logging_mixin.py:115} INFO - [2024-09-17 22:57:38,107] {dag.py:2972} INFO - Setting next_dagrun for bashoperator to 2024-05-15T00:00:00+00:00, run_after=2024-05-16T00:00:00+00:00
[2024-09-17 22:57:38,116] {processor.py:161} INFO - Processing /opt/airflow/dags/1-bashoperator.py took 0.049 seconds
[2024-09-17 22:58:08,616] {processor.py:153} INFO - Started process (PID=3427) to work on /opt/airflow/dags/1-bashoperator.py
[2024-09-17 22:58:08,616] {processor.py:641} INFO - Processing file /opt/airflow/dags/1-bashoperator.py for tasks to queue
[2024-09-17 22:58:08,617] {logging_mixin.py:115} INFO - [2024-09-17 22:58:08,617] {dagbag.py:508} INFO - Filling up the DagBag from /opt/airflow/dags/1-bashoperator.py
[2024-09-17 22:58:08,620] {processor.py:651} INFO - DAG(s) dict_keys(['bashoperator']) retrieved from /opt/airflow/dags/1-bashoperator.py
[2024-09-17 22:58:08,636] {logging_mixin.py:115} INFO - [2024-09-17 22:58:08,636] {dag.py:2420} INFO - Sync 1 DAGs
[2024-09-17 22:58:08,650] {logging_mixin.py:115} INFO - [2024-09-17 22:58:08,650] {dag.py:2972} INFO - Setting next_dagrun for bashoperator to 2024-05-15T00:00:00+00:00, run_after=2024-05-16T00:00:00+00:00
[2024-09-17 22:58:08,659] {processor.py:161} INFO - Processing /opt/airflow/dags/1-bashoperator.py took 0.046 seconds
[2024-09-17 22:58:39,184] {processor.py:153} INFO - Started process (PID=3467) to work on /opt/airflow/dags/1-bashoperator.py
[2024-09-17 22:58:39,184] {processor.py:641} INFO - Processing file /opt/airflow/dags/1-bashoperator.py for tasks to queue
[2024-09-17 22:58:39,184] {logging_mixin.py:115} INFO - [2024-09-17 22:58:39,184] {dagbag.py:508} INFO - Filling up the DagBag from /opt/airflow/dags/1-bashoperator.py
[2024-09-17 22:58:39,188] {processor.py:651} INFO - DAG(s) dict_keys(['bashoperator']) retrieved from /opt/airflow/dags/1-bashoperator.py
[2024-09-17 22:58:39,204] {logging_mixin.py:115} INFO - [2024-09-17 22:58:39,204] {dag.py:2420} INFO - Sync 1 DAGs
[2024-09-17 22:58:39,218] {logging_mixin.py:115} INFO - [2024-09-17 22:58:39,218] {dag.py:2972} INFO - Setting next_dagrun for bashoperator to 2024-05-15T00:00:00+00:00, run_after=2024-05-16T00:00:00+00:00
[2024-09-17 22:58:39,226] {processor.py:161} INFO - Processing /opt/airflow/dags/1-bashoperator.py took 0.044 seconds
[2024-09-17 22:59:09,685] {processor.py:153} INFO - Started process (PID=3506) to work on /opt/airflow/dags/1-bashoperator.py
[2024-09-17 22:59:09,687] {processor.py:641} INFO - Processing file /opt/airflow/dags/1-bashoperator.py for tasks to queue
[2024-09-17 22:59:09,687] {logging_mixin.py:115} INFO - [2024-09-17 22:59:09,687] {dagbag.py:508} INFO - Filling up the DagBag from /opt/airflow/dags/1-bashoperator.py
[2024-09-17 22:59:09,692] {processor.py:651} INFO - DAG(s) dict_keys(['bashoperator']) retrieved from /opt/airflow/dags/1-bashoperator.py
[2024-09-17 22:59:09,709] {logging_mixin.py:115} INFO - [2024-09-17 22:59:09,709] {dag.py:2420} INFO - Sync 1 DAGs
[2024-09-17 22:59:09,732] {logging_mixin.py:115} INFO - [2024-09-17 22:59:09,731] {dag.py:2972} INFO - Setting next_dagrun for bashoperator to 2024-05-15T00:00:00+00:00, run_after=2024-05-16T00:00:00+00:00
[2024-09-17 22:59:09,740] {processor.py:161} INFO - Processing /opt/airflow/dags/1-bashoperator.py took 0.057 seconds
[2024-09-17 22:59:40,262] {processor.py:153} INFO - Started process (PID=3536) to work on /opt/airflow/dags/1-bashoperator.py
[2024-09-17 22:59:40,262] {processor.py:641} INFO - Processing file /opt/airflow/dags/1-bashoperator.py for tasks to queue
[2024-09-17 22:59:40,263] {logging_mixin.py:115} INFO - [2024-09-17 22:59:40,262] {dagbag.py:508} INFO - Filling up the DagBag from /opt/airflow/dags/1-bashoperator.py
[2024-09-17 22:59:40,267] {processor.py:651} INFO - DAG(s) dict_keys(['bashoperator']) retrieved from /opt/airflow/dags/1-bashoperator.py
[2024-09-17 22:59:40,284] {logging_mixin.py:115} INFO - [2024-09-17 22:59:40,284] {dag.py:2420} INFO - Sync 1 DAGs
[2024-09-17 22:59:40,300] {logging_mixin.py:115} INFO - [2024-09-17 22:59:40,300] {dag.py:2972} INFO - Setting next_dagrun for bashoperator to 2024-05-15T00:00:00+00:00, run_after=2024-05-16T00:00:00+00:00
[2024-09-17 22:59:40,308] {processor.py:161} INFO - Processing /opt/airflow/dags/1-bashoperator.py took 0.049 seconds
[2024-09-17 23:00:10,762] {processor.py:153} INFO - Started process (PID=3575) to work on /opt/airflow/dags/1-bashoperator.py
[2024-09-17 23:00:10,762] {processor.py:641} INFO - Processing file /opt/airflow/dags/1-bashoperator.py for tasks to queue
[2024-09-17 23:00:10,762] {logging_mixin.py:115} INFO - [2024-09-17 23:00:10,762] {dagbag.py:508} INFO - Filling up the DagBag from /opt/airflow/dags/1-bashoperator.py
[2024-09-17 23:00:10,766] {processor.py:651} INFO - DAG(s) dict_keys(['bashoperator']) retrieved from /opt/airflow/dags/1-bashoperator.py
[2024-09-17 23:00:10,783] {logging_mixin.py:115} INFO - [2024-09-17 23:00:10,783] {dag.py:2420} INFO - Sync 1 DAGs
[2024-09-17 23:00:10,798] {logging_mixin.py:115} INFO - [2024-09-17 23:00:10,797] {dag.py:2972} INFO - Setting next_dagrun for bashoperator to 2024-05-15T00:00:00+00:00, run_after=2024-05-16T00:00:00+00:00
[2024-09-17 23:00:10,808] {processor.py:161} INFO - Processing /opt/airflow/dags/1-bashoperator.py took 0.049 seconds
[2024-09-17 23:00:41,341] {processor.py:153} INFO - Started process (PID=3614) to work on /opt/airflow/dags/1-bashoperator.py
[2024-09-17 23:00:41,342] {processor.py:641} INFO - Processing file /opt/airflow/dags/1-bashoperator.py for tasks to queue
[2024-09-17 23:00:41,342] {logging_mixin.py:115} INFO - [2024-09-17 23:00:41,342] {dagbag.py:508} INFO - Filling up the DagBag from /opt/airflow/dags/1-bashoperator.py
[2024-09-17 23:00:41,347] {processor.py:651} INFO - DAG(s) dict_keys(['bashoperator']) retrieved from /opt/airflow/dags/1-bashoperator.py
[2024-09-17 23:00:41,366] {logging_mixin.py:115} INFO - [2024-09-17 23:00:41,366] {dag.py:2420} INFO - Sync 1 DAGs
[2024-09-17 23:00:41,380] {logging_mixin.py:115} INFO - [2024-09-17 23:00:41,380] {dag.py:2972} INFO - Setting next_dagrun for bashoperator to 2024-05-15T00:00:00+00:00, run_after=2024-05-16T00:00:00+00:00
[2024-09-17 23:00:41,391] {processor.py:161} INFO - Processing /opt/airflow/dags/1-bashoperator.py took 0.052 seconds
[2024-09-17 23:01:11,745] {processor.py:153} INFO - Started process (PID=3653) to work on /opt/airflow/dags/1-bashoperator.py
[2024-09-17 23:01:11,745] {processor.py:641} INFO - Processing file /opt/airflow/dags/1-bashoperator.py for tasks to queue
[2024-09-17 23:01:11,746] {logging_mixin.py:115} INFO - [2024-09-17 23:01:11,746] {dagbag.py:508} INFO - Filling up the DagBag from /opt/airflow/dags/1-bashoperator.py
[2024-09-17 23:01:11,749] {processor.py:651} INFO - DAG(s) dict_keys(['bashoperator']) retrieved from /opt/airflow/dags/1-bashoperator.py
[2024-09-17 23:01:11,766] {logging_mixin.py:115} INFO - [2024-09-17 23:01:11,766] {dag.py:2420} INFO - Sync 1 DAGs
[2024-09-17 23:01:11,783] {logging_mixin.py:115} INFO - [2024-09-17 23:01:11,782] {dag.py:2972} INFO - Setting next_dagrun for bashoperator to 2024-05-15T00:00:00+00:00, run_after=2024-05-16T00:00:00+00:00
[2024-09-17 23:01:11,791] {processor.py:161} INFO - Processing /opt/airflow/dags/1-bashoperator.py took 0.049 seconds
[2024-09-17 23:01:42,242] {processor.py:153} INFO - Started process (PID=3692) to work on /opt/airflow/dags/1-bashoperator.py
[2024-09-17 23:01:42,243] {processor.py:641} INFO - Processing file /opt/airflow/dags/1-bashoperator.py for tasks to queue
[2024-09-17 23:01:42,243] {logging_mixin.py:115} INFO - [2024-09-17 23:01:42,243] {dagbag.py:508} INFO - Filling up the DagBag from /opt/airflow/dags/1-bashoperator.py
[2024-09-17 23:01:42,249] {processor.py:651} INFO - DAG(s) dict_keys(['bashoperator']) retrieved from /opt/airflow/dags/1-bashoperator.py
[2024-09-17 23:01:42,268] {logging_mixin.py:115} INFO - [2024-09-17 23:01:42,268] {dag.py:2420} INFO - Sync 1 DAGs
[2024-09-17 23:01:42,284] {logging_mixin.py:115} INFO - [2024-09-17 23:01:42,283] {dag.py:2972} INFO - Setting next_dagrun for bashoperator to 2024-05-15T00:00:00+00:00, run_after=2024-05-16T00:00:00+00:00
[2024-09-17 23:01:42,296] {processor.py:161} INFO - Processing /opt/airflow/dags/1-bashoperator.py took 0.056 seconds
[2024-09-17 23:02:12,764] {processor.py:153} INFO - Started process (PID=3722) to work on /opt/airflow/dags/1-bashoperator.py
[2024-09-17 23:02:12,765] {processor.py:641} INFO - Processing file /opt/airflow/dags/1-bashoperator.py for tasks to queue
[2024-09-17 23:02:12,765] {logging_mixin.py:115} INFO - [2024-09-17 23:02:12,765] {dagbag.py:508} INFO - Filling up the DagBag from /opt/airflow/dags/1-bashoperator.py
[2024-09-17 23:02:12,769] {processor.py:651} INFO - DAG(s) dict_keys(['bashoperator']) retrieved from /opt/airflow/dags/1-bashoperator.py
[2024-09-17 23:02:12,785] {logging_mixin.py:115} INFO - [2024-09-17 23:02:12,785] {dag.py:2420} INFO - Sync 1 DAGs
[2024-09-17 23:02:12,801] {logging_mixin.py:115} INFO - [2024-09-17 23:02:12,801] {dag.py:2972} INFO - Setting next_dagrun for bashoperator to 2024-05-15T00:00:00+00:00, run_after=2024-05-16T00:00:00+00:00
[2024-09-17 23:02:12,809] {processor.py:161} INFO - Processing /opt/airflow/dags/1-bashoperator.py took 0.048 seconds
[2024-09-17 23:02:43,222] {processor.py:153} INFO - Started process (PID=3761) to work on /opt/airflow/dags/1-bashoperator.py
[2024-09-17 23:02:43,222] {processor.py:641} INFO - Processing file /opt/airflow/dags/1-bashoperator.py for tasks to queue
[2024-09-17 23:02:43,223] {logging_mixin.py:115} INFO - [2024-09-17 23:02:43,223] {dagbag.py:508} INFO - Filling up the DagBag from /opt/airflow/dags/1-bashoperator.py
[2024-09-17 23:02:43,227] {processor.py:651} INFO - DAG(s) dict_keys(['bashoperator']) retrieved from /opt/airflow/dags/1-bashoperator.py
[2024-09-17 23:02:43,243] {logging_mixin.py:115} INFO - [2024-09-17 23:02:43,243] {dag.py:2420} INFO - Sync 1 DAGs
[2024-09-17 23:02:43,260] {logging_mixin.py:115} INFO - [2024-09-17 23:02:43,260] {dag.py:2972} INFO - Setting next_dagrun for bashoperator to 2024-05-15T00:00:00+00:00, run_after=2024-05-16T00:00:00+00:00
[2024-09-17 23:02:43,268] {processor.py:161} INFO - Processing /opt/airflow/dags/1-bashoperator.py took 0.048 seconds
[2024-09-17 23:03:13,749] {processor.py:153} INFO - Started process (PID=3800) to work on /opt/airflow/dags/1-bashoperator.py
[2024-09-17 23:03:13,749] {processor.py:641} INFO - Processing file /opt/airflow/dags/1-bashoperator.py for tasks to queue
[2024-09-17 23:03:13,750] {logging_mixin.py:115} INFO - [2024-09-17 23:03:13,750] {dagbag.py:508} INFO - Filling up the DagBag from /opt/airflow/dags/1-bashoperator.py
[2024-09-17 23:03:13,754] {processor.py:651} INFO - DAG(s) dict_keys(['bashoperator']) retrieved from /opt/airflow/dags/1-bashoperator.py
[2024-09-17 23:03:13,771] {logging_mixin.py:115} INFO - [2024-09-17 23:03:13,771] {dag.py:2420} INFO - Sync 1 DAGs
[2024-09-17 23:03:13,785] {logging_mixin.py:115} INFO - [2024-09-17 23:03:13,785] {dag.py:2972} INFO - Setting next_dagrun for bashoperator to 2024-05-15T00:00:00+00:00, run_after=2024-05-16T00:00:00+00:00
[2024-09-17 23:03:13,793] {processor.py:161} INFO - Processing /opt/airflow/dags/1-bashoperator.py took 0.047 seconds
[2024-09-17 23:03:44,184] {processor.py:153} INFO - Started process (PID=3839) to work on /opt/airflow/dags/1-bashoperator.py
[2024-09-17 23:03:44,185] {processor.py:641} INFO - Processing file /opt/airflow/dags/1-bashoperator.py for tasks to queue
[2024-09-17 23:03:44,185] {logging_mixin.py:115} INFO - [2024-09-17 23:03:44,185] {dagbag.py:508} INFO - Filling up the DagBag from /opt/airflow/dags/1-bashoperator.py
[2024-09-17 23:03:44,189] {processor.py:651} INFO - DAG(s) dict_keys(['bashoperator']) retrieved from /opt/airflow/dags/1-bashoperator.py
[2024-09-17 23:03:44,209] {logging_mixin.py:115} INFO - [2024-09-17 23:03:44,209] {dag.py:2420} INFO - Sync 1 DAGs
[2024-09-17 23:03:44,224] {logging_mixin.py:115} INFO - [2024-09-17 23:03:44,223] {dag.py:2972} INFO - Setting next_dagrun for bashoperator to 2024-05-15T00:00:00+00:00, run_after=2024-05-16T00:00:00+00:00
[2024-09-17 23:03:44,232] {processor.py:161} INFO - Processing /opt/airflow/dags/1-bashoperator.py took 0.050 seconds
[2024-09-17 23:04:14,740] {processor.py:153} INFO - Started process (PID=3878) to work on /opt/airflow/dags/1-bashoperator.py
[2024-09-17 23:04:14,741] {processor.py:641} INFO - Processing file /opt/airflow/dags/1-bashoperator.py for tasks to queue
[2024-09-17 23:04:14,742] {logging_mixin.py:115} INFO - [2024-09-17 23:04:14,742] {dagbag.py:508} INFO - Filling up the DagBag from /opt/airflow/dags/1-bashoperator.py
[2024-09-17 23:04:14,748] {processor.py:651} INFO - DAG(s) dict_keys(['bashoperator']) retrieved from /opt/airflow/dags/1-bashoperator.py
[2024-09-17 23:04:14,765] {logging_mixin.py:115} INFO - [2024-09-17 23:04:14,765] {dag.py:2420} INFO - Sync 1 DAGs
[2024-09-17 23:04:14,781] {logging_mixin.py:115} INFO - [2024-09-17 23:04:14,781] {dag.py:2972} INFO - Setting next_dagrun for bashoperator to 2024-05-15T00:00:00+00:00, run_after=2024-05-16T00:00:00+00:00
[2024-09-17 23:04:14,790] {processor.py:161} INFO - Processing /opt/airflow/dags/1-bashoperator.py took 0.053 seconds
[2024-09-17 23:04:45,309] {processor.py:153} INFO - Started process (PID=3917) to work on /opt/airflow/dags/1-bashoperator.py
[2024-09-17 23:04:45,309] {processor.py:641} INFO - Processing file /opt/airflow/dags/1-bashoperator.py for tasks to queue
[2024-09-17 23:04:45,310] {logging_mixin.py:115} INFO - [2024-09-17 23:04:45,310] {dagbag.py:508} INFO - Filling up the DagBag from /opt/airflow/dags/1-bashoperator.py
[2024-09-17 23:04:45,316] {processor.py:651} INFO - DAG(s) dict_keys(['bashoperator']) retrieved from /opt/airflow/dags/1-bashoperator.py
[2024-09-17 23:04:45,338] {logging_mixin.py:115} INFO - [2024-09-17 23:04:45,338] {dag.py:2420} INFO - Sync 1 DAGs
[2024-09-17 23:04:45,357] {logging_mixin.py:115} INFO - [2024-09-17 23:04:45,357] {dag.py:2972} INFO - Setting next_dagrun for bashoperator to 2024-05-15T00:00:00+00:00, run_after=2024-05-16T00:00:00+00:00
[2024-09-17 23:04:45,366] {processor.py:161} INFO - Processing /opt/airflow/dags/1-bashoperator.py took 0.060 seconds
[2024-09-17 23:05:15,920] {processor.py:153} INFO - Started process (PID=3947) to work on /opt/airflow/dags/1-bashoperator.py
[2024-09-17 23:05:15,921] {processor.py:641} INFO - Processing file /opt/airflow/dags/1-bashoperator.py for tasks to queue
[2024-09-17 23:05:15,921] {logging_mixin.py:115} INFO - [2024-09-17 23:05:15,921] {dagbag.py:508} INFO - Filling up the DagBag from /opt/airflow/dags/1-bashoperator.py
[2024-09-17 23:05:15,927] {processor.py:651} INFO - DAG(s) dict_keys(['bashoperator']) retrieved from /opt/airflow/dags/1-bashoperator.py
[2024-09-17 23:05:15,948] {logging_mixin.py:115} INFO - [2024-09-17 23:05:15,948] {dag.py:2420} INFO - Sync 1 DAGs
[2024-09-17 23:05:15,962] {logging_mixin.py:115} INFO - [2024-09-17 23:05:15,962] {dag.py:2972} INFO - Setting next_dagrun for bashoperator to 2024-05-15T00:00:00+00:00, run_after=2024-05-16T00:00:00+00:00
[2024-09-17 23:05:15,970] {processor.py:161} INFO - Processing /opt/airflow/dags/1-bashoperator.py took 0.052 seconds
[2024-09-17 23:05:46,511] {processor.py:153} INFO - Started process (PID=3986) to work on /opt/airflow/dags/1-bashoperator.py
[2024-09-17 23:05:46,512] {processor.py:641} INFO - Processing file /opt/airflow/dags/1-bashoperator.py for tasks to queue
[2024-09-17 23:05:46,512] {logging_mixin.py:115} INFO - [2024-09-17 23:05:46,512] {dagbag.py:508} INFO - Filling up the DagBag from /opt/airflow/dags/1-bashoperator.py
[2024-09-17 23:05:46,516] {processor.py:651} INFO - DAG(s) dict_keys(['bashoperator']) retrieved from /opt/airflow/dags/1-bashoperator.py
[2024-09-17 23:05:46,541] {logging_mixin.py:115} INFO - [2024-09-17 23:05:46,541] {dag.py:2420} INFO - Sync 1 DAGs
[2024-09-17 23:05:46,555] {logging_mixin.py:115} INFO - [2024-09-17 23:05:46,554] {dag.py:2972} INFO - Setting next_dagrun for bashoperator to 2024-05-15T00:00:00+00:00, run_after=2024-05-16T00:00:00+00:00
[2024-09-17 23:05:46,563] {processor.py:161} INFO - Processing /opt/airflow/dags/1-bashoperator.py took 0.054 seconds
[2024-09-17 23:06:16,963] {processor.py:153} INFO - Started process (PID=4025) to work on /opt/airflow/dags/1-bashoperator.py
[2024-09-17 23:06:16,963] {processor.py:641} INFO - Processing file /opt/airflow/dags/1-bashoperator.py for tasks to queue
[2024-09-17 23:06:16,963] {logging_mixin.py:115} INFO - [2024-09-17 23:06:16,963] {dagbag.py:508} INFO - Filling up the DagBag from /opt/airflow/dags/1-bashoperator.py
[2024-09-17 23:06:16,968] {processor.py:651} INFO - DAG(s) dict_keys(['bashoperator']) retrieved from /opt/airflow/dags/1-bashoperator.py
[2024-09-17 23:06:16,993] {logging_mixin.py:115} INFO - [2024-09-17 23:06:16,993] {dag.py:2420} INFO - Sync 1 DAGs
[2024-09-17 23:06:17,009] {logging_mixin.py:115} INFO - [2024-09-17 23:06:17,009] {dag.py:2972} INFO - Setting next_dagrun for bashoperator to 2024-05-15T00:00:00+00:00, run_after=2024-05-16T00:00:00+00:00
[2024-09-17 23:06:17,019] {processor.py:161} INFO - Processing /opt/airflow/dags/1-bashoperator.py took 0.059 seconds
[2024-09-17 23:06:47,544] {processor.py:153} INFO - Started process (PID=4064) to work on /opt/airflow/dags/1-bashoperator.py
[2024-09-17 23:06:47,544] {processor.py:641} INFO - Processing file /opt/airflow/dags/1-bashoperator.py for tasks to queue
[2024-09-17 23:06:47,545] {logging_mixin.py:115} INFO - [2024-09-17 23:06:47,545] {dagbag.py:508} INFO - Filling up the DagBag from /opt/airflow/dags/1-bashoperator.py
[2024-09-17 23:06:47,549] {processor.py:651} INFO - DAG(s) dict_keys(['bashoperator']) retrieved from /opt/airflow/dags/1-bashoperator.py
[2024-09-17 23:06:47,568] {logging_mixin.py:115} INFO - [2024-09-17 23:06:47,568] {dag.py:2420} INFO - Sync 1 DAGs
[2024-09-17 23:06:47,582] {logging_mixin.py:115} INFO - [2024-09-17 23:06:47,582] {dag.py:2972} INFO - Setting next_dagrun for bashoperator to 2024-05-15T00:00:00+00:00, run_after=2024-05-16T00:00:00+00:00
[2024-09-17 23:06:47,592] {processor.py:161} INFO - Processing /opt/airflow/dags/1-bashoperator.py took 0.050 seconds
[2024-09-17 23:07:18,022] {processor.py:153} INFO - Started process (PID=4103) to work on /opt/airflow/dags/1-bashoperator.py
[2024-09-17 23:07:18,022] {processor.py:641} INFO - Processing file /opt/airflow/dags/1-bashoperator.py for tasks to queue
[2024-09-17 23:07:18,023] {logging_mixin.py:115} INFO - [2024-09-17 23:07:18,022] {dagbag.py:508} INFO - Filling up the DagBag from /opt/airflow/dags/1-bashoperator.py
[2024-09-17 23:07:18,027] {processor.py:651} INFO - DAG(s) dict_keys(['bashoperator']) retrieved from /opt/airflow/dags/1-bashoperator.py
[2024-09-17 23:07:18,044] {logging_mixin.py:115} INFO - [2024-09-17 23:07:18,043] {dag.py:2420} INFO - Sync 1 DAGs
[2024-09-17 23:07:18,059] {logging_mixin.py:115} INFO - [2024-09-17 23:07:18,059] {dag.py:2972} INFO - Setting next_dagrun for bashoperator to 2024-05-15T00:00:00+00:00, run_after=2024-05-16T00:00:00+00:00
[2024-09-17 23:07:18,067] {processor.py:161} INFO - Processing /opt/airflow/dags/1-bashoperator.py took 0.048 seconds
[2024-09-17 23:07:48,538] {processor.py:153} INFO - Started process (PID=4133) to work on /opt/airflow/dags/1-bashoperator.py
[2024-09-17 23:07:48,539] {processor.py:641} INFO - Processing file /opt/airflow/dags/1-bashoperator.py for tasks to queue
[2024-09-17 23:07:48,539] {logging_mixin.py:115} INFO - [2024-09-17 23:07:48,539] {dagbag.py:508} INFO - Filling up the DagBag from /opt/airflow/dags/1-bashoperator.py
[2024-09-17 23:07:48,544] {processor.py:651} INFO - DAG(s) dict_keys(['bashoperator']) retrieved from /opt/airflow/dags/1-bashoperator.py
[2024-09-17 23:07:48,561] {logging_mixin.py:115} INFO - [2024-09-17 23:07:48,561] {dag.py:2420} INFO - Sync 1 DAGs
[2024-09-17 23:07:48,577] {logging_mixin.py:115} INFO - [2024-09-17 23:07:48,577] {dag.py:2972} INFO - Setting next_dagrun for bashoperator to 2024-05-15T00:00:00+00:00, run_after=2024-05-16T00:00:00+00:00
[2024-09-17 23:07:48,584] {processor.py:161} INFO - Processing /opt/airflow/dags/1-bashoperator.py took 0.049 seconds
[2024-09-17 23:08:19,053] {processor.py:153} INFO - Started process (PID=4171) to work on /opt/airflow/dags/1-bashoperator.py
[2024-09-17 23:08:19,053] {processor.py:641} INFO - Processing file /opt/airflow/dags/1-bashoperator.py for tasks to queue
[2024-09-17 23:08:19,054] {logging_mixin.py:115} INFO - [2024-09-17 23:08:19,054] {dagbag.py:508} INFO - Filling up the DagBag from /opt/airflow/dags/1-bashoperator.py
[2024-09-17 23:08:19,058] {processor.py:651} INFO - DAG(s) dict_keys(['bashoperator']) retrieved from /opt/airflow/dags/1-bashoperator.py
[2024-09-17 23:08:19,075] {logging_mixin.py:115} INFO - [2024-09-17 23:08:19,075] {dag.py:2420} INFO - Sync 1 DAGs
[2024-09-17 23:08:19,089] {logging_mixin.py:115} INFO - [2024-09-17 23:08:19,089] {dag.py:2972} INFO - Setting next_dagrun for bashoperator to 2024-05-15T00:00:00+00:00, run_after=2024-05-16T00:00:00+00:00
[2024-09-17 23:08:19,098] {processor.py:161} INFO - Processing /opt/airflow/dags/1-bashoperator.py took 0.048 seconds
[2024-09-17 23:08:49,525] {processor.py:153} INFO - Started process (PID=4209) to work on /opt/airflow/dags/1-bashoperator.py
[2024-09-17 23:08:49,525] {processor.py:641} INFO - Processing file /opt/airflow/dags/1-bashoperator.py for tasks to queue
[2024-09-17 23:08:49,525] {logging_mixin.py:115} INFO - [2024-09-17 23:08:49,525] {dagbag.py:508} INFO - Filling up the DagBag from /opt/airflow/dags/1-bashoperator.py
[2024-09-17 23:08:49,529] {processor.py:651} INFO - DAG(s) dict_keys(['bashoperator']) retrieved from /opt/airflow/dags/1-bashoperator.py
[2024-09-17 23:08:49,547] {logging_mixin.py:115} INFO - [2024-09-17 23:08:49,547] {dag.py:2420} INFO - Sync 1 DAGs
[2024-09-17 23:08:49,562] {logging_mixin.py:115} INFO - [2024-09-17 23:08:49,562] {dag.py:2972} INFO - Setting next_dagrun for bashoperator to 2024-05-15T00:00:00+00:00, run_after=2024-05-16T00:00:00+00:00
[2024-09-17 23:08:49,570] {processor.py:161} INFO - Processing /opt/airflow/dags/1-bashoperator.py took 0.047 seconds
[2024-09-17 23:09:20,050] {processor.py:153} INFO - Started process (PID=4248) to work on /opt/airflow/dags/1-bashoperator.py
[2024-09-17 23:09:20,051] {processor.py:641} INFO - Processing file /opt/airflow/dags/1-bashoperator.py for tasks to queue
[2024-09-17 23:09:20,051] {logging_mixin.py:115} INFO - [2024-09-17 23:09:20,051] {dagbag.py:508} INFO - Filling up the DagBag from /opt/airflow/dags/1-bashoperator.py
[2024-09-17 23:09:20,056] {processor.py:651} INFO - DAG(s) dict_keys(['bashoperator']) retrieved from /opt/airflow/dags/1-bashoperator.py
[2024-09-17 23:09:20,073] {logging_mixin.py:115} INFO - [2024-09-17 23:09:20,073] {dag.py:2420} INFO - Sync 1 DAGs
[2024-09-17 23:09:20,087] {logging_mixin.py:115} INFO - [2024-09-17 23:09:20,087] {dag.py:2972} INFO - Setting next_dagrun for bashoperator to 2024-05-15T00:00:00+00:00, run_after=2024-05-16T00:00:00+00:00
[2024-09-17 23:09:20,095] {processor.py:161} INFO - Processing /opt/airflow/dags/1-bashoperator.py took 0.047 seconds
[2024-09-17 23:09:50,608] {processor.py:153} INFO - Started process (PID=4287) to work on /opt/airflow/dags/1-bashoperator.py
[2024-09-17 23:09:50,608] {processor.py:641} INFO - Processing file /opt/airflow/dags/1-bashoperator.py for tasks to queue
[2024-09-17 23:09:50,608] {logging_mixin.py:115} INFO - [2024-09-17 23:09:50,608] {dagbag.py:508} INFO - Filling up the DagBag from /opt/airflow/dags/1-bashoperator.py
[2024-09-17 23:09:50,612] {processor.py:651} INFO - DAG(s) dict_keys(['bashoperator']) retrieved from /opt/airflow/dags/1-bashoperator.py
[2024-09-17 23:09:50,633] {logging_mixin.py:115} INFO - [2024-09-17 23:09:50,633] {dag.py:2420} INFO - Sync 1 DAGs
[2024-09-17 23:09:50,649] {logging_mixin.py:115} INFO - [2024-09-17 23:09:50,649] {dag.py:2972} INFO - Setting next_dagrun for bashoperator to 2024-05-15T00:00:00+00:00, run_after=2024-05-16T00:00:00+00:00
[2024-09-17 23:09:50,656] {processor.py:161} INFO - Processing /opt/airflow/dags/1-bashoperator.py took 0.052 seconds
[2024-09-17 23:10:21,117] {processor.py:153} INFO - Started process (PID=4325) to work on /opt/airflow/dags/1-bashoperator.py
[2024-09-17 23:10:21,117] {processor.py:641} INFO - Processing file /opt/airflow/dags/1-bashoperator.py for tasks to queue
[2024-09-17 23:10:21,118] {logging_mixin.py:115} INFO - [2024-09-17 23:10:21,117] {dagbag.py:508} INFO - Filling up the DagBag from /opt/airflow/dags/1-bashoperator.py
[2024-09-17 23:10:21,122] {processor.py:651} INFO - DAG(s) dict_keys(['bashoperator']) retrieved from /opt/airflow/dags/1-bashoperator.py
[2024-09-17 23:10:21,141] {logging_mixin.py:115} INFO - [2024-09-17 23:10:21,141] {dag.py:2420} INFO - Sync 1 DAGs
[2024-09-17 23:10:21,158] {logging_mixin.py:115} INFO - [2024-09-17 23:10:21,158] {dag.py:2972} INFO - Setting next_dagrun for bashoperator to 2024-05-15T00:00:00+00:00, run_after=2024-05-16T00:00:00+00:00
[2024-09-17 23:10:21,168] {processor.py:161} INFO - Processing /opt/airflow/dags/1-bashoperator.py took 0.054 seconds
[2024-09-17 23:10:51,572] {processor.py:153} INFO - Started process (PID=4355) to work on /opt/airflow/dags/1-bashoperator.py
[2024-09-17 23:10:51,572] {processor.py:641} INFO - Processing file /opt/airflow/dags/1-bashoperator.py for tasks to queue
[2024-09-17 23:10:51,572] {logging_mixin.py:115} INFO - [2024-09-17 23:10:51,572] {dagbag.py:508} INFO - Filling up the DagBag from /opt/airflow/dags/1-bashoperator.py
[2024-09-17 23:10:51,576] {processor.py:651} INFO - DAG(s) dict_keys(['bashoperator']) retrieved from /opt/airflow/dags/1-bashoperator.py
[2024-09-17 23:10:51,593] {logging_mixin.py:115} INFO - [2024-09-17 23:10:51,593] {dag.py:2420} INFO - Sync 1 DAGs
[2024-09-17 23:10:51,613] {logging_mixin.py:115} INFO - [2024-09-17 23:10:51,613] {dag.py:2972} INFO - Setting next_dagrun for bashoperator to 2024-05-15T00:00:00+00:00, run_after=2024-05-16T00:00:00+00:00
[2024-09-17 23:10:51,627] {processor.py:161} INFO - Processing /opt/airflow/dags/1-bashoperator.py took 0.058 seconds
[2024-09-17 23:11:22,101] {processor.py:153} INFO - Started process (PID=4394) to work on /opt/airflow/dags/1-bashoperator.py
[2024-09-17 23:11:22,102] {processor.py:641} INFO - Processing file /opt/airflow/dags/1-bashoperator.py for tasks to queue
[2024-09-17 23:11:22,102] {logging_mixin.py:115} INFO - [2024-09-17 23:11:22,102] {dagbag.py:508} INFO - Filling up the DagBag from /opt/airflow/dags/1-bashoperator.py
[2024-09-17 23:11:22,106] {processor.py:651} INFO - DAG(s) dict_keys(['bashoperator']) retrieved from /opt/airflow/dags/1-bashoperator.py
[2024-09-17 23:11:22,123] {logging_mixin.py:115} INFO - [2024-09-17 23:11:22,123] {dag.py:2420} INFO - Sync 1 DAGs
[2024-09-17 23:11:22,137] {logging_mixin.py:115} INFO - [2024-09-17 23:11:22,137] {dag.py:2972} INFO - Setting next_dagrun for bashoperator to 2024-05-15T00:00:00+00:00, run_after=2024-05-16T00:00:00+00:00
[2024-09-17 23:11:22,146] {processor.py:161} INFO - Processing /opt/airflow/dags/1-bashoperator.py took 0.047 seconds
[2024-09-17 23:11:52,616] {processor.py:153} INFO - Started process (PID=4433) to work on /opt/airflow/dags/1-bashoperator.py
[2024-09-17 23:11:52,616] {processor.py:641} INFO - Processing file /opt/airflow/dags/1-bashoperator.py for tasks to queue
[2024-09-17 23:11:52,617] {logging_mixin.py:115} INFO - [2024-09-17 23:11:52,617] {dagbag.py:508} INFO - Filling up the DagBag from /opt/airflow/dags/1-bashoperator.py
[2024-09-17 23:11:52,622] {processor.py:651} INFO - DAG(s) dict_keys(['bashoperator']) retrieved from /opt/airflow/dags/1-bashoperator.py
[2024-09-17 23:11:52,640] {logging_mixin.py:115} INFO - [2024-09-17 23:11:52,640] {dag.py:2420} INFO - Sync 1 DAGs
[2024-09-17 23:11:52,657] {logging_mixin.py:115} INFO - [2024-09-17 23:11:52,657] {dag.py:2972} INFO - Setting next_dagrun for bashoperator to 2024-05-15T00:00:00+00:00, run_after=2024-05-16T00:00:00+00:00
[2024-09-17 23:11:52,668] {processor.py:161} INFO - Processing /opt/airflow/dags/1-bashoperator.py took 0.054 seconds
[2024-09-17 23:12:23,183] {processor.py:153} INFO - Started process (PID=4471) to work on /opt/airflow/dags/1-bashoperator.py
[2024-09-17 23:12:23,184] {processor.py:641} INFO - Processing file /opt/airflow/dags/1-bashoperator.py for tasks to queue
[2024-09-17 23:12:23,184] {logging_mixin.py:115} INFO - [2024-09-17 23:12:23,184] {dagbag.py:508} INFO - Filling up the DagBag from /opt/airflow/dags/1-bashoperator.py
[2024-09-17 23:12:23,188] {processor.py:651} INFO - DAG(s) dict_keys(['bashoperator']) retrieved from /opt/airflow/dags/1-bashoperator.py
[2024-09-17 23:12:23,204] {logging_mixin.py:115} INFO - [2024-09-17 23:12:23,204] {dag.py:2420} INFO - Sync 1 DAGs
[2024-09-17 23:12:23,219] {logging_mixin.py:115} INFO - [2024-09-17 23:12:23,219] {dag.py:2972} INFO - Setting next_dagrun for bashoperator to 2024-05-15T00:00:00+00:00, run_after=2024-05-16T00:00:00+00:00
[2024-09-17 23:12:23,227] {processor.py:161} INFO - Processing /opt/airflow/dags/1-bashoperator.py took 0.046 seconds
[2024-09-17 23:12:53,726] {processor.py:153} INFO - Started process (PID=4510) to work on /opt/airflow/dags/1-bashoperator.py
[2024-09-17 23:12:53,727] {processor.py:641} INFO - Processing file /opt/airflow/dags/1-bashoperator.py for tasks to queue
[2024-09-17 23:12:53,727] {logging_mixin.py:115} INFO - [2024-09-17 23:12:53,727] {dagbag.py:508} INFO - Filling up the DagBag from /opt/airflow/dags/1-bashoperator.py
[2024-09-17 23:12:53,732] {processor.py:651} INFO - DAG(s) dict_keys(['bashoperator']) retrieved from /opt/airflow/dags/1-bashoperator.py
[2024-09-17 23:12:53,750] {logging_mixin.py:115} INFO - [2024-09-17 23:12:53,750] {dag.py:2420} INFO - Sync 1 DAGs
[2024-09-17 23:12:53,767] {logging_mixin.py:115} INFO - [2024-09-17 23:12:53,767] {dag.py:2972} INFO - Setting next_dagrun for bashoperator to 2024-05-15T00:00:00+00:00, run_after=2024-05-16T00:00:00+00:00
[2024-09-17 23:12:53,775] {processor.py:161} INFO - Processing /opt/airflow/dags/1-bashoperator.py took 0.052 seconds
[2024-09-17 23:13:24,168] {processor.py:153} INFO - Started process (PID=4540) to work on /opt/airflow/dags/1-bashoperator.py
[2024-09-17 23:13:24,169] {processor.py:641} INFO - Processing file /opt/airflow/dags/1-bashoperator.py for tasks to queue
[2024-09-17 23:13:24,169] {logging_mixin.py:115} INFO - [2024-09-17 23:13:24,169] {dagbag.py:508} INFO - Filling up the DagBag from /opt/airflow/dags/1-bashoperator.py
[2024-09-17 23:13:24,173] {processor.py:651} INFO - DAG(s) dict_keys(['bashoperator']) retrieved from /opt/airflow/dags/1-bashoperator.py
[2024-09-17 23:13:24,192] {logging_mixin.py:115} INFO - [2024-09-17 23:13:24,192] {dag.py:2420} INFO - Sync 1 DAGs
[2024-09-17 23:13:24,206] {logging_mixin.py:115} INFO - [2024-09-17 23:13:24,206] {dag.py:2972} INFO - Setting next_dagrun for bashoperator to 2024-05-15T00:00:00+00:00, run_after=2024-05-16T00:00:00+00:00
[2024-09-17 23:13:24,215] {processor.py:161} INFO - Processing /opt/airflow/dags/1-bashoperator.py took 0.049 seconds
[2024-09-17 23:13:54,660] {processor.py:153} INFO - Started process (PID=4578) to work on /opt/airflow/dags/1-bashoperator.py
[2024-09-17 23:13:54,660] {processor.py:641} INFO - Processing file /opt/airflow/dags/1-bashoperator.py for tasks to queue
[2024-09-17 23:13:54,661] {logging_mixin.py:115} INFO - [2024-09-17 23:13:54,661] {dagbag.py:508} INFO - Filling up the DagBag from /opt/airflow/dags/1-bashoperator.py
[2024-09-17 23:13:54,665] {processor.py:651} INFO - DAG(s) dict_keys(['bashoperator']) retrieved from /opt/airflow/dags/1-bashoperator.py
[2024-09-17 23:13:54,683] {logging_mixin.py:115} INFO - [2024-09-17 23:13:54,683] {dag.py:2420} INFO - Sync 1 DAGs
[2024-09-17 23:13:54,697] {logging_mixin.py:115} INFO - [2024-09-17 23:13:54,696] {dag.py:2972} INFO - Setting next_dagrun for bashoperator to 2024-05-15T00:00:00+00:00, run_after=2024-05-16T00:00:00+00:00
[2024-09-17 23:13:54,704] {processor.py:161} INFO - Processing /opt/airflow/dags/1-bashoperator.py took 0.046 seconds
[2024-09-17 23:14:25,107] {processor.py:153} INFO - Started process (PID=4617) to work on /opt/airflow/dags/1-bashoperator.py
[2024-09-17 23:14:25,107] {processor.py:641} INFO - Processing file /opt/airflow/dags/1-bashoperator.py for tasks to queue
[2024-09-17 23:14:25,108] {logging_mixin.py:115} INFO - [2024-09-17 23:14:25,108] {dagbag.py:508} INFO - Filling up the DagBag from /opt/airflow/dags/1-bashoperator.py
[2024-09-17 23:14:25,113] {processor.py:651} INFO - DAG(s) dict_keys(['bashoperator']) retrieved from /opt/airflow/dags/1-bashoperator.py
[2024-09-17 23:14:25,129] {logging_mixin.py:115} INFO - [2024-09-17 23:14:25,129] {dag.py:2420} INFO - Sync 1 DAGs
[2024-09-17 23:14:25,144] {logging_mixin.py:115} INFO - [2024-09-17 23:14:25,144] {dag.py:2972} INFO - Setting next_dagrun for bashoperator to 2024-05-15T00:00:00+00:00, run_after=2024-05-16T00:00:00+00:00
[2024-09-17 23:14:25,154] {processor.py:161} INFO - Processing /opt/airflow/dags/1-bashoperator.py took 0.049 seconds
[2024-09-17 23:14:55,549] {processor.py:153} INFO - Started process (PID=4656) to work on /opt/airflow/dags/1-bashoperator.py
[2024-09-17 23:14:55,550] {processor.py:641} INFO - Processing file /opt/airflow/dags/1-bashoperator.py for tasks to queue
[2024-09-17 23:14:55,550] {logging_mixin.py:115} INFO - [2024-09-17 23:14:55,550] {dagbag.py:508} INFO - Filling up the DagBag from /opt/airflow/dags/1-bashoperator.py
[2024-09-17 23:14:55,554] {processor.py:651} INFO - DAG(s) dict_keys(['bashoperator']) retrieved from /opt/airflow/dags/1-bashoperator.py
[2024-09-17 23:14:55,573] {logging_mixin.py:115} INFO - [2024-09-17 23:14:55,573] {dag.py:2420} INFO - Sync 1 DAGs
[2024-09-17 23:14:55,589] {logging_mixin.py:115} INFO - [2024-09-17 23:14:55,589] {dag.py:2972} INFO - Setting next_dagrun for bashoperator to 2024-05-15T00:00:00+00:00, run_after=2024-05-16T00:00:00+00:00
[2024-09-17 23:14:55,597] {processor.py:161} INFO - Processing /opt/airflow/dags/1-bashoperator.py took 0.051 seconds
[2024-09-17 23:15:26,082] {processor.py:153} INFO - Started process (PID=4695) to work on /opt/airflow/dags/1-bashoperator.py
[2024-09-17 23:15:26,082] {processor.py:641} INFO - Processing file /opt/airflow/dags/1-bashoperator.py for tasks to queue
[2024-09-17 23:15:26,083] {logging_mixin.py:115} INFO - [2024-09-17 23:15:26,083] {dagbag.py:508} INFO - Filling up the DagBag from /opt/airflow/dags/1-bashoperator.py
[2024-09-17 23:15:26,087] {processor.py:651} INFO - DAG(s) dict_keys(['bashoperator']) retrieved from /opt/airflow/dags/1-bashoperator.py
[2024-09-17 23:15:26,109] {logging_mixin.py:115} INFO - [2024-09-17 23:15:26,108] {dag.py:2420} INFO - Sync 1 DAGs
[2024-09-17 23:15:26,128] {logging_mixin.py:115} INFO - [2024-09-17 23:15:26,128] {dag.py:2972} INFO - Setting next_dagrun for bashoperator to 2024-05-15T00:00:00+00:00, run_after=2024-05-16T00:00:00+00:00
[2024-09-17 23:15:26,138] {processor.py:161} INFO - Processing /opt/airflow/dags/1-bashoperator.py took 0.059 seconds
[2024-09-17 23:15:56,635] {processor.py:153} INFO - Started process (PID=4725) to work on /opt/airflow/dags/1-bashoperator.py
[2024-09-17 23:15:56,636] {processor.py:641} INFO - Processing file /opt/airflow/dags/1-bashoperator.py for tasks to queue
[2024-09-17 23:15:56,636] {logging_mixin.py:115} INFO - [2024-09-17 23:15:56,636] {dagbag.py:508} INFO - Filling up the DagBag from /opt/airflow/dags/1-bashoperator.py
[2024-09-17 23:15:56,642] {processor.py:651} INFO - DAG(s) dict_keys(['bashoperator']) retrieved from /opt/airflow/dags/1-bashoperator.py
[2024-09-17 23:15:56,665] {logging_mixin.py:115} INFO - [2024-09-17 23:15:56,665] {dag.py:2420} INFO - Sync 1 DAGs
[2024-09-17 23:15:56,685] {logging_mixin.py:115} INFO - [2024-09-17 23:15:56,685] {dag.py:2972} INFO - Setting next_dagrun for bashoperator to 2024-05-15T00:00:00+00:00, run_after=2024-05-16T00:00:00+00:00
[2024-09-17 23:15:56,696] {processor.py:161} INFO - Processing /opt/airflow/dags/1-bashoperator.py took 0.064 seconds
[2024-09-17 23:16:27,128] {processor.py:153} INFO - Started process (PID=4763) to work on /opt/airflow/dags/1-bashoperator.py
[2024-09-17 23:16:27,128] {processor.py:641} INFO - Processing file /opt/airflow/dags/1-bashoperator.py for tasks to queue
[2024-09-17 23:16:27,129] {logging_mixin.py:115} INFO - [2024-09-17 23:16:27,129] {dagbag.py:508} INFO - Filling up the DagBag from /opt/airflow/dags/1-bashoperator.py
[2024-09-17 23:16:27,135] {processor.py:651} INFO - DAG(s) dict_keys(['bashoperator']) retrieved from /opt/airflow/dags/1-bashoperator.py
[2024-09-17 23:16:27,155] {logging_mixin.py:115} INFO - [2024-09-17 23:16:27,155] {dag.py:2420} INFO - Sync 1 DAGs
[2024-09-17 23:16:27,172] {logging_mixin.py:115} INFO - [2024-09-17 23:16:27,172] {dag.py:2972} INFO - Setting next_dagrun for bashoperator to 2024-05-15T00:00:00+00:00, run_after=2024-05-16T00:00:00+00:00
[2024-09-17 23:16:27,183] {processor.py:161} INFO - Processing /opt/airflow/dags/1-bashoperator.py took 0.058 seconds
[2024-09-17 23:16:57,685] {processor.py:153} INFO - Started process (PID=4802) to work on /opt/airflow/dags/1-bashoperator.py
[2024-09-17 23:16:57,685] {processor.py:641} INFO - Processing file /opt/airflow/dags/1-bashoperator.py for tasks to queue
[2024-09-17 23:16:57,686] {logging_mixin.py:115} INFO - [2024-09-17 23:16:57,686] {dagbag.py:508} INFO - Filling up the DagBag from /opt/airflow/dags/1-bashoperator.py
[2024-09-17 23:16:57,690] {processor.py:651} INFO - DAG(s) dict_keys(['bashoperator']) retrieved from /opt/airflow/dags/1-bashoperator.py
[2024-09-17 23:16:57,707] {logging_mixin.py:115} INFO - [2024-09-17 23:16:57,707] {dag.py:2420} INFO - Sync 1 DAGs
[2024-09-17 23:16:57,722] {logging_mixin.py:115} INFO - [2024-09-17 23:16:57,722] {dag.py:2972} INFO - Setting next_dagrun for bashoperator to 2024-05-15T00:00:00+00:00, run_after=2024-05-16T00:00:00+00:00
[2024-09-17 23:16:57,731] {processor.py:161} INFO - Processing /opt/airflow/dags/1-bashoperator.py took 0.049 seconds
[2024-09-17 23:17:28,222] {processor.py:153} INFO - Started process (PID=4841) to work on /opt/airflow/dags/1-bashoperator.py
[2024-09-17 23:17:28,223] {processor.py:641} INFO - Processing file /opt/airflow/dags/1-bashoperator.py for tasks to queue
[2024-09-17 23:17:28,223] {logging_mixin.py:115} INFO - [2024-09-17 23:17:28,223] {dagbag.py:508} INFO - Filling up the DagBag from /opt/airflow/dags/1-bashoperator.py
[2024-09-17 23:17:28,230] {processor.py:651} INFO - DAG(s) dict_keys(['bashoperator']) retrieved from /opt/airflow/dags/1-bashoperator.py
[2024-09-17 23:17:28,251] {logging_mixin.py:115} INFO - [2024-09-17 23:17:28,251] {dag.py:2420} INFO - Sync 1 DAGs
[2024-09-17 23:17:28,267] {logging_mixin.py:115} INFO - [2024-09-17 23:17:28,267] {dag.py:2972} INFO - Setting next_dagrun for bashoperator to 2024-05-15T00:00:00+00:00, run_after=2024-05-16T00:00:00+00:00
[2024-09-17 23:17:28,276] {processor.py:161} INFO - Processing /opt/airflow/dags/1-bashoperator.py took 0.056 seconds
[2024-09-17 23:17:58,802] {processor.py:153} INFO - Started process (PID=4880) to work on /opt/airflow/dags/1-bashoperator.py
[2024-09-17 23:17:58,802] {processor.py:641} INFO - Processing file /opt/airflow/dags/1-bashoperator.py for tasks to queue
[2024-09-17 23:17:58,803] {logging_mixin.py:115} INFO - [2024-09-17 23:17:58,803] {dagbag.py:508} INFO - Filling up the DagBag from /opt/airflow/dags/1-bashoperator.py
[2024-09-17 23:17:58,807] {processor.py:651} INFO - DAG(s) dict_keys(['bashoperator']) retrieved from /opt/airflow/dags/1-bashoperator.py
[2024-09-17 23:17:58,829] {logging_mixin.py:115} INFO - [2024-09-17 23:17:58,829] {dag.py:2420} INFO - Sync 1 DAGs
[2024-09-17 23:17:58,848] {logging_mixin.py:115} INFO - [2024-09-17 23:17:58,848] {dag.py:2972} INFO - Setting next_dagrun for bashoperator to 2024-05-15T00:00:00+00:00, run_after=2024-05-16T00:00:00+00:00
[2024-09-17 23:17:58,858] {processor.py:161} INFO - Processing /opt/airflow/dags/1-bashoperator.py took 0.059 seconds
[2024-09-17 23:18:29,334] {processor.py:153} INFO - Started process (PID=4919) to work on /opt/airflow/dags/1-bashoperator.py
[2024-09-17 23:18:29,334] {processor.py:641} INFO - Processing file /opt/airflow/dags/1-bashoperator.py for tasks to queue
[2024-09-17 23:18:29,335] {logging_mixin.py:115} INFO - [2024-09-17 23:18:29,335] {dagbag.py:508} INFO - Filling up the DagBag from /opt/airflow/dags/1-bashoperator.py
[2024-09-17 23:18:29,340] {processor.py:651} INFO - DAG(s) dict_keys(['bashoperator']) retrieved from /opt/airflow/dags/1-bashoperator.py
[2024-09-17 23:18:29,361] {logging_mixin.py:115} INFO - [2024-09-17 23:18:29,361] {dag.py:2420} INFO - Sync 1 DAGs
[2024-09-17 23:18:29,381] {logging_mixin.py:115} INFO - [2024-09-17 23:18:29,381] {dag.py:2972} INFO - Setting next_dagrun for bashoperator to 2024-05-15T00:00:00+00:00, run_after=2024-05-16T00:00:00+00:00
[2024-09-17 23:18:29,392] {processor.py:161} INFO - Processing /opt/airflow/dags/1-bashoperator.py took 0.061 seconds
[2024-09-17 23:18:59,845] {processor.py:153} INFO - Started process (PID=4949) to work on /opt/airflow/dags/1-bashoperator.py
[2024-09-17 23:18:59,845] {processor.py:641} INFO - Processing file /opt/airflow/dags/1-bashoperator.py for tasks to queue
[2024-09-17 23:18:59,847] {logging_mixin.py:115} INFO - [2024-09-17 23:18:59,847] {dagbag.py:508} INFO - Filling up the DagBag from /opt/airflow/dags/1-bashoperator.py
[2024-09-17 23:18:59,851] {processor.py:651} INFO - DAG(s) dict_keys(['bashoperator']) retrieved from /opt/airflow/dags/1-bashoperator.py
[2024-09-17 23:18:59,871] {logging_mixin.py:115} INFO - [2024-09-17 23:18:59,871] {dag.py:2420} INFO - Sync 1 DAGs
[2024-09-17 23:18:59,891] {logging_mixin.py:115} INFO - [2024-09-17 23:18:59,891] {dag.py:2972} INFO - Setting next_dagrun for bashoperator to 2024-05-15T00:00:00+00:00, run_after=2024-05-16T00:00:00+00:00
[2024-09-17 23:18:59,902] {processor.py:161} INFO - Processing /opt/airflow/dags/1-bashoperator.py took 0.060 seconds
[2024-09-17 23:19:30,467] {processor.py:153} INFO - Started process (PID=4987) to work on /opt/airflow/dags/1-bashoperator.py
[2024-09-17 23:19:30,468] {processor.py:641} INFO - Processing file /opt/airflow/dags/1-bashoperator.py for tasks to queue
[2024-09-17 23:19:30,468] {logging_mixin.py:115} INFO - [2024-09-17 23:19:30,468] {dagbag.py:508} INFO - Filling up the DagBag from /opt/airflow/dags/1-bashoperator.py
[2024-09-17 23:19:30,473] {processor.py:651} INFO - DAG(s) dict_keys(['bashoperator']) retrieved from /opt/airflow/dags/1-bashoperator.py
[2024-09-17 23:19:30,491] {logging_mixin.py:115} INFO - [2024-09-17 23:19:30,491] {dag.py:2420} INFO - Sync 1 DAGs
[2024-09-17 23:19:30,508] {logging_mixin.py:115} INFO - [2024-09-17 23:19:30,508] {dag.py:2972} INFO - Setting next_dagrun for bashoperator to 2024-05-15T00:00:00+00:00, run_after=2024-05-16T00:00:00+00:00
[2024-09-17 23:19:30,519] {processor.py:161} INFO - Processing /opt/airflow/dags/1-bashoperator.py took 0.054 seconds
[2024-09-17 23:20:01,026] {processor.py:153} INFO - Started process (PID=5026) to work on /opt/airflow/dags/1-bashoperator.py
[2024-09-17 23:20:01,027] {processor.py:641} INFO - Processing file /opt/airflow/dags/1-bashoperator.py for tasks to queue
[2024-09-17 23:20:01,027] {logging_mixin.py:115} INFO - [2024-09-17 23:20:01,027] {dagbag.py:508} INFO - Filling up the DagBag from /opt/airflow/dags/1-bashoperator.py
[2024-09-17 23:20:01,033] {processor.py:651} INFO - DAG(s) dict_keys(['bashoperator']) retrieved from /opt/airflow/dags/1-bashoperator.py
[2024-09-17 23:20:01,052] {logging_mixin.py:115} INFO - [2024-09-17 23:20:01,052] {dag.py:2420} INFO - Sync 1 DAGs
[2024-09-17 23:20:01,075] {logging_mixin.py:115} INFO - [2024-09-17 23:20:01,074] {dag.py:2972} INFO - Setting next_dagrun for bashoperator to 2024-05-15T00:00:00+00:00, run_after=2024-05-16T00:00:00+00:00
[2024-09-17 23:20:01,083] {processor.py:161} INFO - Processing /opt/airflow/dags/1-bashoperator.py took 0.060 seconds
[2024-09-17 23:20:31,511] {processor.py:153} INFO - Started process (PID=5065) to work on /opt/airflow/dags/1-bashoperator.py
[2024-09-17 23:20:31,512] {processor.py:641} INFO - Processing file /opt/airflow/dags/1-bashoperator.py for tasks to queue
[2024-09-17 23:20:31,512] {logging_mixin.py:115} INFO - [2024-09-17 23:20:31,512] {dagbag.py:508} INFO - Filling up the DagBag from /opt/airflow/dags/1-bashoperator.py
[2024-09-17 23:20:31,518] {processor.py:651} INFO - DAG(s) dict_keys(['bashoperator']) retrieved from /opt/airflow/dags/1-bashoperator.py
[2024-09-17 23:20:31,535] {logging_mixin.py:115} INFO - [2024-09-17 23:20:31,535] {dag.py:2420} INFO - Sync 1 DAGs
[2024-09-17 23:20:31,550] {logging_mixin.py:115} INFO - [2024-09-17 23:20:31,549] {dag.py:2972} INFO - Setting next_dagrun for bashoperator to 2024-05-15T00:00:00+00:00, run_after=2024-05-16T00:00:00+00:00
[2024-09-17 23:20:31,559] {processor.py:161} INFO - Processing /opt/airflow/dags/1-bashoperator.py took 0.049 seconds
[2024-09-17 23:21:02,117] {processor.py:153} INFO - Started process (PID=5104) to work on /opt/airflow/dags/1-bashoperator.py
[2024-09-17 23:21:02,118] {processor.py:641} INFO - Processing file /opt/airflow/dags/1-bashoperator.py for tasks to queue
[2024-09-17 23:21:02,119] {logging_mixin.py:115} INFO - [2024-09-17 23:21:02,119] {dagbag.py:508} INFO - Filling up the DagBag from /opt/airflow/dags/1-bashoperator.py
[2024-09-17 23:21:02,126] {processor.py:651} INFO - DAG(s) dict_keys(['bashoperator']) retrieved from /opt/airflow/dags/1-bashoperator.py
[2024-09-17 23:21:02,152] {logging_mixin.py:115} INFO - [2024-09-17 23:21:02,151] {dag.py:2420} INFO - Sync 1 DAGs
[2024-09-17 23:21:02,174] {logging_mixin.py:115} INFO - [2024-09-17 23:21:02,174] {dag.py:2972} INFO - Setting next_dagrun for bashoperator to 2024-05-15T00:00:00+00:00, run_after=2024-05-16T00:00:00+00:00
[2024-09-17 23:21:02,184] {processor.py:161} INFO - Processing /opt/airflow/dags/1-bashoperator.py took 0.070 seconds
[2024-09-17 23:21:32,690] {processor.py:153} INFO - Started process (PID=5134) to work on /opt/airflow/dags/1-bashoperator.py
[2024-09-17 23:21:32,692] {processor.py:641} INFO - Processing file /opt/airflow/dags/1-bashoperator.py for tasks to queue
[2024-09-17 23:21:32,693] {logging_mixin.py:115} INFO - [2024-09-17 23:21:32,693] {dagbag.py:508} INFO - Filling up the DagBag from /opt/airflow/dags/1-bashoperator.py
[2024-09-17 23:21:32,699] {processor.py:651} INFO - DAG(s) dict_keys(['bashoperator']) retrieved from /opt/airflow/dags/1-bashoperator.py
[2024-09-17 23:21:32,718] {logging_mixin.py:115} INFO - [2024-09-17 23:21:32,718] {dag.py:2420} INFO - Sync 1 DAGs
[2024-09-17 23:21:32,736] {logging_mixin.py:115} INFO - [2024-09-17 23:21:32,736] {dag.py:2972} INFO - Setting next_dagrun for bashoperator to 2024-05-15T00:00:00+00:00, run_after=2024-05-16T00:00:00+00:00
[2024-09-17 23:21:32,747] {processor.py:161} INFO - Processing /opt/airflow/dags/1-bashoperator.py took 0.060 seconds
[2024-09-17 23:22:03,277] {processor.py:153} INFO - Started process (PID=5173) to work on /opt/airflow/dags/1-bashoperator.py
[2024-09-17 23:22:03,277] {processor.py:641} INFO - Processing file /opt/airflow/dags/1-bashoperator.py for tasks to queue
[2024-09-17 23:22:03,278] {logging_mixin.py:115} INFO - [2024-09-17 23:22:03,278] {dagbag.py:508} INFO - Filling up the DagBag from /opt/airflow/dags/1-bashoperator.py
[2024-09-17 23:22:03,282] {processor.py:651} INFO - DAG(s) dict_keys(['bashoperator']) retrieved from /opt/airflow/dags/1-bashoperator.py
[2024-09-17 23:22:03,299] {logging_mixin.py:115} INFO - [2024-09-17 23:22:03,299] {dag.py:2420} INFO - Sync 1 DAGs
[2024-09-17 23:22:03,314] {logging_mixin.py:115} INFO - [2024-09-17 23:22:03,314] {dag.py:2972} INFO - Setting next_dagrun for bashoperator to 2024-05-15T00:00:00+00:00, run_after=2024-05-16T00:00:00+00:00
[2024-09-17 23:22:03,322] {processor.py:161} INFO - Processing /opt/airflow/dags/1-bashoperator.py took 0.048 seconds
[2024-09-17 23:22:33,782] {processor.py:153} INFO - Started process (PID=5212) to work on /opt/airflow/dags/1-bashoperator.py
[2024-09-17 23:22:33,783] {processor.py:641} INFO - Processing file /opt/airflow/dags/1-bashoperator.py for tasks to queue
[2024-09-17 23:22:33,783] {logging_mixin.py:115} INFO - [2024-09-17 23:22:33,783] {dagbag.py:508} INFO - Filling up the DagBag from /opt/airflow/dags/1-bashoperator.py
[2024-09-17 23:22:33,787] {processor.py:651} INFO - DAG(s) dict_keys(['bashoperator']) retrieved from /opt/airflow/dags/1-bashoperator.py
[2024-09-17 23:22:33,803] {logging_mixin.py:115} INFO - [2024-09-17 23:22:33,803] {dag.py:2420} INFO - Sync 1 DAGs
[2024-09-17 23:22:33,818] {logging_mixin.py:115} INFO - [2024-09-17 23:22:33,817] {dag.py:2972} INFO - Setting next_dagrun for bashoperator to 2024-05-15T00:00:00+00:00, run_after=2024-05-16T00:00:00+00:00
[2024-09-17 23:22:33,826] {processor.py:161} INFO - Processing /opt/airflow/dags/1-bashoperator.py took 0.046 seconds
[2024-09-17 23:23:04,341] {processor.py:153} INFO - Started process (PID=5250) to work on /opt/airflow/dags/1-bashoperator.py
[2024-09-17 23:23:04,342] {processor.py:641} INFO - Processing file /opt/airflow/dags/1-bashoperator.py for tasks to queue
[2024-09-17 23:23:04,342] {logging_mixin.py:115} INFO - [2024-09-17 23:23:04,342] {dagbag.py:508} INFO - Filling up the DagBag from /opt/airflow/dags/1-bashoperator.py
[2024-09-17 23:23:04,347] {processor.py:651} INFO - DAG(s) dict_keys(['bashoperator']) retrieved from /opt/airflow/dags/1-bashoperator.py
[2024-09-17 23:23:04,366] {logging_mixin.py:115} INFO - [2024-09-17 23:23:04,366] {dag.py:2420} INFO - Sync 1 DAGs
[2024-09-17 23:23:04,383] {logging_mixin.py:115} INFO - [2024-09-17 23:23:04,382] {dag.py:2972} INFO - Setting next_dagrun for bashoperator to 2024-05-15T00:00:00+00:00, run_after=2024-05-16T00:00:00+00:00
[2024-09-17 23:23:04,393] {processor.py:161} INFO - Processing /opt/airflow/dags/1-bashoperator.py took 0.054 seconds
[2024-09-17 23:23:34,883] {processor.py:153} INFO - Started process (PID=5289) to work on /opt/airflow/dags/1-bashoperator.py
[2024-09-17 23:23:34,884] {processor.py:641} INFO - Processing file /opt/airflow/dags/1-bashoperator.py for tasks to queue
[2024-09-17 23:23:34,884] {logging_mixin.py:115} INFO - [2024-09-17 23:23:34,884] {dagbag.py:508} INFO - Filling up the DagBag from /opt/airflow/dags/1-bashoperator.py
[2024-09-17 23:23:34,889] {processor.py:651} INFO - DAG(s) dict_keys(['bashoperator']) retrieved from /opt/airflow/dags/1-bashoperator.py
[2024-09-17 23:23:34,907] {logging_mixin.py:115} INFO - [2024-09-17 23:23:34,907] {dag.py:2420} INFO - Sync 1 DAGs
[2024-09-17 23:23:34,921] {logging_mixin.py:115} INFO - [2024-09-17 23:23:34,921] {dag.py:2972} INFO - Setting next_dagrun for bashoperator to 2024-05-15T00:00:00+00:00, run_after=2024-05-16T00:00:00+00:00
[2024-09-17 23:23:34,930] {processor.py:161} INFO - Processing /opt/airflow/dags/1-bashoperator.py took 0.049 seconds
[2024-09-17 23:24:05,326] {processor.py:153} INFO - Started process (PID=5319) to work on /opt/airflow/dags/1-bashoperator.py
[2024-09-17 23:24:05,326] {processor.py:641} INFO - Processing file /opt/airflow/dags/1-bashoperator.py for tasks to queue
[2024-09-17 23:24:05,327] {logging_mixin.py:115} INFO - [2024-09-17 23:24:05,327] {dagbag.py:508} INFO - Filling up the DagBag from /opt/airflow/dags/1-bashoperator.py
[2024-09-17 23:24:05,331] {processor.py:651} INFO - DAG(s) dict_keys(['bashoperator']) retrieved from /opt/airflow/dags/1-bashoperator.py
[2024-09-17 23:24:05,347] {logging_mixin.py:115} INFO - [2024-09-17 23:24:05,347] {dag.py:2420} INFO - Sync 1 DAGs
[2024-09-17 23:24:05,361] {logging_mixin.py:115} INFO - [2024-09-17 23:24:05,361] {dag.py:2972} INFO - Setting next_dagrun for bashoperator to 2024-05-15T00:00:00+00:00, run_after=2024-05-16T00:00:00+00:00
[2024-09-17 23:24:05,369] {processor.py:161} INFO - Processing /opt/airflow/dags/1-bashoperator.py took 0.046 seconds
[2024-09-17 23:24:35,871] {processor.py:153} INFO - Started process (PID=5358) to work on /opt/airflow/dags/1-bashoperator.py
[2024-09-17 23:24:35,871] {processor.py:641} INFO - Processing file /opt/airflow/dags/1-bashoperator.py for tasks to queue
[2024-09-17 23:24:35,872] {logging_mixin.py:115} INFO - [2024-09-17 23:24:35,872] {dagbag.py:508} INFO - Filling up the DagBag from /opt/airflow/dags/1-bashoperator.py
[2024-09-17 23:24:35,877] {processor.py:651} INFO - DAG(s) dict_keys(['bashoperator']) retrieved from /opt/airflow/dags/1-bashoperator.py
[2024-09-17 23:24:35,894] {logging_mixin.py:115} INFO - [2024-09-17 23:24:35,894] {dag.py:2420} INFO - Sync 1 DAGs
[2024-09-17 23:24:35,910] {logging_mixin.py:115} INFO - [2024-09-17 23:24:35,910] {dag.py:2972} INFO - Setting next_dagrun for bashoperator to 2024-05-15T00:00:00+00:00, run_after=2024-05-16T00:00:00+00:00
[2024-09-17 23:24:35,920] {processor.py:161} INFO - Processing /opt/airflow/dags/1-bashoperator.py took 0.051 seconds
[2024-09-17 23:25:06,433] {processor.py:153} INFO - Started process (PID=5397) to work on /opt/airflow/dags/1-bashoperator.py
[2024-09-17 23:25:06,433] {processor.py:641} INFO - Processing file /opt/airflow/dags/1-bashoperator.py for tasks to queue
[2024-09-17 23:25:06,433] {logging_mixin.py:115} INFO - [2024-09-17 23:25:06,433] {dagbag.py:508} INFO - Filling up the DagBag from /opt/airflow/dags/1-bashoperator.py
[2024-09-17 23:25:06,438] {processor.py:651} INFO - DAG(s) dict_keys(['bashoperator']) retrieved from /opt/airflow/dags/1-bashoperator.py
[2024-09-17 23:25:06,455] {logging_mixin.py:115} INFO - [2024-09-17 23:25:06,455] {dag.py:2420} INFO - Sync 1 DAGs
[2024-09-17 23:25:06,471] {logging_mixin.py:115} INFO - [2024-09-17 23:25:06,471] {dag.py:2972} INFO - Setting next_dagrun for bashoperator to 2024-05-15T00:00:00+00:00, run_after=2024-05-16T00:00:00+00:00
[2024-09-17 23:25:06,480] {processor.py:161} INFO - Processing /opt/airflow/dags/1-bashoperator.py took 0.050 seconds
[2024-09-17 23:25:36,943] {processor.py:153} INFO - Started process (PID=5436) to work on /opt/airflow/dags/1-bashoperator.py
[2024-09-17 23:25:36,943] {processor.py:641} INFO - Processing file /opt/airflow/dags/1-bashoperator.py for tasks to queue
[2024-09-17 23:25:36,944] {logging_mixin.py:115} INFO - [2024-09-17 23:25:36,944] {dagbag.py:508} INFO - Filling up the DagBag from /opt/airflow/dags/1-bashoperator.py
[2024-09-17 23:25:36,948] {processor.py:651} INFO - DAG(s) dict_keys(['bashoperator']) retrieved from /opt/airflow/dags/1-bashoperator.py
[2024-09-17 23:25:36,965] {logging_mixin.py:115} INFO - [2024-09-17 23:25:36,965] {dag.py:2420} INFO - Sync 1 DAGs
[2024-09-17 23:25:36,979] {logging_mixin.py:115} INFO - [2024-09-17 23:25:36,979] {dag.py:2972} INFO - Setting next_dagrun for bashoperator to 2024-05-15T00:00:00+00:00, run_after=2024-05-16T00:00:00+00:00
[2024-09-17 23:25:36,988] {processor.py:161} INFO - Processing /opt/airflow/dags/1-bashoperator.py took 0.048 seconds
[2024-09-17 23:26:07,499] {processor.py:153} INFO - Started process (PID=5474) to work on /opt/airflow/dags/1-bashoperator.py
[2024-09-17 23:26:07,502] {processor.py:641} INFO - Processing file /opt/airflow/dags/1-bashoperator.py for tasks to queue
[2024-09-17 23:26:07,503] {logging_mixin.py:115} INFO - [2024-09-17 23:26:07,503] {dagbag.py:508} INFO - Filling up the DagBag from /opt/airflow/dags/1-bashoperator.py
[2024-09-17 23:26:07,506] {processor.py:651} INFO - DAG(s) dict_keys(['bashoperator']) retrieved from /opt/airflow/dags/1-bashoperator.py
[2024-09-17 23:26:07,524] {logging_mixin.py:115} INFO - [2024-09-17 23:26:07,524] {dag.py:2420} INFO - Sync 1 DAGs
[2024-09-17 23:26:07,539] {logging_mixin.py:115} INFO - [2024-09-17 23:26:07,539] {dag.py:2972} INFO - Setting next_dagrun for bashoperator to 2024-05-15T00:00:00+00:00, run_after=2024-05-16T00:00:00+00:00
[2024-09-17 23:26:07,548] {processor.py:161} INFO - Processing /opt/airflow/dags/1-bashoperator.py took 0.051 seconds
[2024-09-17 23:26:37,993] {processor.py:153} INFO - Started process (PID=5504) to work on /opt/airflow/dags/1-bashoperator.py
[2024-09-17 23:26:37,993] {processor.py:641} INFO - Processing file /opt/airflow/dags/1-bashoperator.py for tasks to queue
[2024-09-17 23:26:37,994] {logging_mixin.py:115} INFO - [2024-09-17 23:26:37,994] {dagbag.py:508} INFO - Filling up the DagBag from /opt/airflow/dags/1-bashoperator.py
[2024-09-17 23:26:37,998] {processor.py:651} INFO - DAG(s) dict_keys(['bashoperator']) retrieved from /opt/airflow/dags/1-bashoperator.py
[2024-09-17 23:26:38,015] {logging_mixin.py:115} INFO - [2024-09-17 23:26:38,015] {dag.py:2420} INFO - Sync 1 DAGs
[2024-09-17 23:26:38,031] {logging_mixin.py:115} INFO - [2024-09-17 23:26:38,030] {dag.py:2972} INFO - Setting next_dagrun for bashoperator to 2024-05-15T00:00:00+00:00, run_after=2024-05-16T00:00:00+00:00
[2024-09-17 23:26:38,040] {processor.py:161} INFO - Processing /opt/airflow/dags/1-bashoperator.py took 0.050 seconds
[2024-09-17 23:27:08,486] {processor.py:153} INFO - Started process (PID=5543) to work on /opt/airflow/dags/1-bashoperator.py
[2024-09-17 23:27:08,487] {processor.py:641} INFO - Processing file /opt/airflow/dags/1-bashoperator.py for tasks to queue
[2024-09-17 23:27:08,487] {logging_mixin.py:115} INFO - [2024-09-17 23:27:08,487] {dagbag.py:508} INFO - Filling up the DagBag from /opt/airflow/dags/1-bashoperator.py
[2024-09-17 23:27:08,491] {processor.py:651} INFO - DAG(s) dict_keys(['bashoperator']) retrieved from /opt/airflow/dags/1-bashoperator.py
[2024-09-17 23:27:08,508] {logging_mixin.py:115} INFO - [2024-09-17 23:27:08,508] {dag.py:2420} INFO - Sync 1 DAGs
[2024-09-17 23:27:08,523] {logging_mixin.py:115} INFO - [2024-09-17 23:27:08,523] {dag.py:2972} INFO - Setting next_dagrun for bashoperator to 2024-05-15T00:00:00+00:00, run_after=2024-05-16T00:00:00+00:00
[2024-09-17 23:27:08,531] {processor.py:161} INFO - Processing /opt/airflow/dags/1-bashoperator.py took 0.048 seconds
[2024-09-17 23:27:38,996] {processor.py:153} INFO - Started process (PID=5582) to work on /opt/airflow/dags/1-bashoperator.py
[2024-09-17 23:27:38,997] {processor.py:641} INFO - Processing file /opt/airflow/dags/1-bashoperator.py for tasks to queue
[2024-09-17 23:27:38,997] {logging_mixin.py:115} INFO - [2024-09-17 23:27:38,997] {dagbag.py:508} INFO - Filling up the DagBag from /opt/airflow/dags/1-bashoperator.py
[2024-09-17 23:27:39,002] {processor.py:651} INFO - DAG(s) dict_keys(['bashoperator']) retrieved from /opt/airflow/dags/1-bashoperator.py
[2024-09-17 23:27:39,021] {logging_mixin.py:115} INFO - [2024-09-17 23:27:39,021] {dag.py:2420} INFO - Sync 1 DAGs
[2024-09-17 23:27:39,037] {logging_mixin.py:115} INFO - [2024-09-17 23:27:39,037] {dag.py:2972} INFO - Setting next_dagrun for bashoperator to 2024-05-15T00:00:00+00:00, run_after=2024-05-16T00:00:00+00:00
[2024-09-17 23:27:39,046] {processor.py:161} INFO - Processing /opt/airflow/dags/1-bashoperator.py took 0.052 seconds
[2024-09-17 23:28:09,544] {processor.py:153} INFO - Started process (PID=5621) to work on /opt/airflow/dags/1-bashoperator.py
[2024-09-17 23:28:09,545] {processor.py:641} INFO - Processing file /opt/airflow/dags/1-bashoperator.py for tasks to queue
[2024-09-17 23:28:09,546] {logging_mixin.py:115} INFO - [2024-09-17 23:28:09,545] {dagbag.py:508} INFO - Filling up the DagBag from /opt/airflow/dags/1-bashoperator.py
[2024-09-17 23:28:09,549] {processor.py:651} INFO - DAG(s) dict_keys(['bashoperator']) retrieved from /opt/airflow/dags/1-bashoperator.py
[2024-09-17 23:28:09,565] {logging_mixin.py:115} INFO - [2024-09-17 23:28:09,565] {dag.py:2420} INFO - Sync 1 DAGs
[2024-09-17 23:28:09,578] {logging_mixin.py:115} INFO - [2024-09-17 23:28:09,578] {dag.py:2972} INFO - Setting next_dagrun for bashoperator to 2024-05-15T00:00:00+00:00, run_after=2024-05-16T00:00:00+00:00
[2024-09-17 23:28:09,586] {processor.py:161} INFO - Processing /opt/airflow/dags/1-bashoperator.py took 0.043 seconds
[2024-09-17 23:28:40,078] {processor.py:153} INFO - Started process (PID=5660) to work on /opt/airflow/dags/1-bashoperator.py
[2024-09-17 23:28:40,078] {processor.py:641} INFO - Processing file /opt/airflow/dags/1-bashoperator.py for tasks to queue
[2024-09-17 23:28:40,079] {logging_mixin.py:115} INFO - [2024-09-17 23:28:40,079] {dagbag.py:508} INFO - Filling up the DagBag from /opt/airflow/dags/1-bashoperator.py
[2024-09-17 23:28:40,082] {processor.py:651} INFO - DAG(s) dict_keys(['bashoperator']) retrieved from /opt/airflow/dags/1-bashoperator.py
[2024-09-17 23:28:40,099] {logging_mixin.py:115} INFO - [2024-09-17 23:28:40,099] {dag.py:2420} INFO - Sync 1 DAGs
[2024-09-17 23:28:40,112] {logging_mixin.py:115} INFO - [2024-09-17 23:28:40,112] {dag.py:2972} INFO - Setting next_dagrun for bashoperator to 2024-05-15T00:00:00+00:00, run_after=2024-05-16T00:00:00+00:00
[2024-09-17 23:28:40,119] {processor.py:161} INFO - Processing /opt/airflow/dags/1-bashoperator.py took 0.044 seconds
[2024-09-17 23:29:10,501] {processor.py:153} INFO - Started process (PID=5698) to work on /opt/airflow/dags/1-bashoperator.py
[2024-09-17 23:29:10,502] {processor.py:641} INFO - Processing file /opt/airflow/dags/1-bashoperator.py for tasks to queue
[2024-09-17 23:29:10,502] {logging_mixin.py:115} INFO - [2024-09-17 23:29:10,502] {dagbag.py:508} INFO - Filling up the DagBag from /opt/airflow/dags/1-bashoperator.py
[2024-09-17 23:29:10,506] {processor.py:651} INFO - DAG(s) dict_keys(['bashoperator']) retrieved from /opt/airflow/dags/1-bashoperator.py
[2024-09-17 23:29:10,522] {logging_mixin.py:115} INFO - [2024-09-17 23:29:10,521] {dag.py:2420} INFO - Sync 1 DAGs
[2024-09-17 23:29:10,534] {logging_mixin.py:115} INFO - [2024-09-17 23:29:10,534] {dag.py:2972} INFO - Setting next_dagrun for bashoperator to 2024-05-15T00:00:00+00:00, run_after=2024-05-16T00:00:00+00:00
[2024-09-17 23:29:10,543] {processor.py:161} INFO - Processing /opt/airflow/dags/1-bashoperator.py took 0.044 seconds
[2024-09-17 23:29:40,997] {processor.py:153} INFO - Started process (PID=5728) to work on /opt/airflow/dags/1-bashoperator.py
[2024-09-17 23:29:40,998] {processor.py:641} INFO - Processing file /opt/airflow/dags/1-bashoperator.py for tasks to queue
[2024-09-17 23:29:40,999] {logging_mixin.py:115} INFO - [2024-09-17 23:29:40,999] {dagbag.py:508} INFO - Filling up the DagBag from /opt/airflow/dags/1-bashoperator.py
[2024-09-17 23:29:41,004] {processor.py:651} INFO - DAG(s) dict_keys(['bashoperator']) retrieved from /opt/airflow/dags/1-bashoperator.py
[2024-09-17 23:29:41,022] {logging_mixin.py:115} INFO - [2024-09-17 23:29:41,022] {dag.py:2420} INFO - Sync 1 DAGs
[2024-09-17 23:29:41,038] {logging_mixin.py:115} INFO - [2024-09-17 23:29:41,037] {dag.py:2972} INFO - Setting next_dagrun for bashoperator to 2024-05-15T00:00:00+00:00, run_after=2024-05-16T00:00:00+00:00
[2024-09-17 23:29:41,054] {processor.py:161} INFO - Processing /opt/airflow/dags/1-bashoperator.py took 0.059 seconds
[2024-09-17 23:30:11,553] {processor.py:153} INFO - Started process (PID=5767) to work on /opt/airflow/dags/1-bashoperator.py
[2024-09-17 23:30:11,554] {processor.py:641} INFO - Processing file /opt/airflow/dags/1-bashoperator.py for tasks to queue
[2024-09-17 23:30:11,554] {logging_mixin.py:115} INFO - [2024-09-17 23:30:11,554] {dagbag.py:508} INFO - Filling up the DagBag from /opt/airflow/dags/1-bashoperator.py
[2024-09-17 23:30:11,559] {processor.py:651} INFO - DAG(s) dict_keys(['bashoperator']) retrieved from /opt/airflow/dags/1-bashoperator.py
[2024-09-17 23:30:11,577] {logging_mixin.py:115} INFO - [2024-09-17 23:30:11,577] {dag.py:2420} INFO - Sync 1 DAGs
[2024-09-17 23:30:11,593] {logging_mixin.py:115} INFO - [2024-09-17 23:30:11,593] {dag.py:2972} INFO - Setting next_dagrun for bashoperator to 2024-05-15T00:00:00+00:00, run_after=2024-05-16T00:00:00+00:00
[2024-09-17 23:30:11,601] {processor.py:161} INFO - Processing /opt/airflow/dags/1-bashoperator.py took 0.051 seconds
[2024-09-17 23:30:42,066] {processor.py:153} INFO - Started process (PID=5806) to work on /opt/airflow/dags/1-bashoperator.py
[2024-09-17 23:30:42,067] {processor.py:641} INFO - Processing file /opt/airflow/dags/1-bashoperator.py for tasks to queue
[2024-09-17 23:30:42,067] {logging_mixin.py:115} INFO - [2024-09-17 23:30:42,067] {dagbag.py:508} INFO - Filling up the DagBag from /opt/airflow/dags/1-bashoperator.py
[2024-09-17 23:30:42,072] {processor.py:651} INFO - DAG(s) dict_keys(['bashoperator']) retrieved from /opt/airflow/dags/1-bashoperator.py
[2024-09-17 23:30:42,090] {logging_mixin.py:115} INFO - [2024-09-17 23:30:42,090] {dag.py:2420} INFO - Sync 1 DAGs
[2024-09-17 23:30:42,105] {logging_mixin.py:115} INFO - [2024-09-17 23:30:42,105] {dag.py:2972} INFO - Setting next_dagrun for bashoperator to 2024-05-15T00:00:00+00:00, run_after=2024-05-16T00:00:00+00:00
[2024-09-17 23:30:42,114] {processor.py:161} INFO - Processing /opt/airflow/dags/1-bashoperator.py took 0.050 seconds
[2024-09-17 23:31:12,588] {processor.py:153} INFO - Started process (PID=5845) to work on /opt/airflow/dags/1-bashoperator.py
[2024-09-17 23:31:12,588] {processor.py:641} INFO - Processing file /opt/airflow/dags/1-bashoperator.py for tasks to queue
[2024-09-17 23:31:12,588] {logging_mixin.py:115} INFO - [2024-09-17 23:31:12,588] {dagbag.py:508} INFO - Filling up the DagBag from /opt/airflow/dags/1-bashoperator.py
[2024-09-17 23:31:12,593] {processor.py:651} INFO - DAG(s) dict_keys(['bashoperator']) retrieved from /opt/airflow/dags/1-bashoperator.py
[2024-09-17 23:31:12,611] {logging_mixin.py:115} INFO - [2024-09-17 23:31:12,611] {dag.py:2420} INFO - Sync 1 DAGs
[2024-09-17 23:31:12,626] {logging_mixin.py:115} INFO - [2024-09-17 23:31:12,626] {dag.py:2972} INFO - Setting next_dagrun for bashoperator to 2024-05-15T00:00:00+00:00, run_after=2024-05-16T00:00:00+00:00
[2024-09-17 23:31:12,635] {processor.py:161} INFO - Processing /opt/airflow/dags/1-bashoperator.py took 0.050 seconds
[2024-09-17 23:31:43,082] {processor.py:153} INFO - Started process (PID=5884) to work on /opt/airflow/dags/1-bashoperator.py
[2024-09-17 23:31:43,082] {processor.py:641} INFO - Processing file /opt/airflow/dags/1-bashoperator.py for tasks to queue
[2024-09-17 23:31:43,082] {logging_mixin.py:115} INFO - [2024-09-17 23:31:43,082] {dagbag.py:508} INFO - Filling up the DagBag from /opt/airflow/dags/1-bashoperator.py
[2024-09-17 23:31:43,086] {processor.py:651} INFO - DAG(s) dict_keys(['bashoperator']) retrieved from /opt/airflow/dags/1-bashoperator.py
[2024-09-17 23:31:43,102] {logging_mixin.py:115} INFO - [2024-09-17 23:31:43,102] {dag.py:2420} INFO - Sync 1 DAGs
[2024-09-17 23:31:43,116] {logging_mixin.py:115} INFO - [2024-09-17 23:31:43,116] {dag.py:2972} INFO - Setting next_dagrun for bashoperator to 2024-05-15T00:00:00+00:00, run_after=2024-05-16T00:00:00+00:00
[2024-09-17 23:31:43,125] {processor.py:161} INFO - Processing /opt/airflow/dags/1-bashoperator.py took 0.046 seconds
[2024-09-17 23:32:13,702] {processor.py:153} INFO - Started process (PID=5921) to work on /opt/airflow/dags/1-bashoperator.py
[2024-09-17 23:32:13,703] {processor.py:641} INFO - Processing file /opt/airflow/dags/1-bashoperator.py for tasks to queue
[2024-09-17 23:32:13,704] {logging_mixin.py:115} INFO - [2024-09-17 23:32:13,704] {dagbag.py:508} INFO - Filling up the DagBag from /opt/airflow/dags/1-bashoperator.py
[2024-09-17 23:32:13,711] {processor.py:651} INFO - DAG(s) dict_keys(['bashoperator']) retrieved from /opt/airflow/dags/1-bashoperator.py
[2024-09-17 23:32:13,736] {logging_mixin.py:115} INFO - [2024-09-17 23:32:13,736] {dag.py:2420} INFO - Sync 1 DAGs
[2024-09-17 23:32:13,756] {logging_mixin.py:115} INFO - [2024-09-17 23:32:13,755] {dag.py:2972} INFO - Setting next_dagrun for bashoperator to 2024-05-15T00:00:00+00:00, run_after=2024-05-16T00:00:00+00:00
[2024-09-17 23:32:13,768] {processor.py:161} INFO - Processing /opt/airflow/dags/1-bashoperator.py took 0.070 seconds
[2024-09-17 23:32:44,229] {processor.py:153} INFO - Started process (PID=5953) to work on /opt/airflow/dags/1-bashoperator.py
[2024-09-17 23:32:44,230] {processor.py:641} INFO - Processing file /opt/airflow/dags/1-bashoperator.py for tasks to queue
[2024-09-17 23:32:44,230] {logging_mixin.py:115} INFO - [2024-09-17 23:32:44,230] {dagbag.py:508} INFO - Filling up the DagBag from /opt/airflow/dags/1-bashoperator.py
[2024-09-17 23:32:44,234] {processor.py:651} INFO - DAG(s) dict_keys(['bashoperator']) retrieved from /opt/airflow/dags/1-bashoperator.py
[2024-09-17 23:32:44,250] {logging_mixin.py:115} INFO - [2024-09-17 23:32:44,250] {dag.py:2420} INFO - Sync 1 DAGs
[2024-09-17 23:32:44,265] {logging_mixin.py:115} INFO - [2024-09-17 23:32:44,265] {dag.py:2972} INFO - Setting next_dagrun for bashoperator to 2024-05-15T00:00:00+00:00, run_after=2024-05-16T00:00:00+00:00
[2024-09-17 23:32:44,273] {processor.py:161} INFO - Processing /opt/airflow/dags/1-bashoperator.py took 0.046 seconds
[2024-09-17 23:33:14,672] {processor.py:153} INFO - Started process (PID=5992) to work on /opt/airflow/dags/1-bashoperator.py
[2024-09-17 23:33:14,673] {processor.py:641} INFO - Processing file /opt/airflow/dags/1-bashoperator.py for tasks to queue
[2024-09-17 23:33:14,673] {logging_mixin.py:115} INFO - [2024-09-17 23:33:14,673] {dagbag.py:508} INFO - Filling up the DagBag from /opt/airflow/dags/1-bashoperator.py
[2024-09-17 23:33:14,677] {processor.py:651} INFO - DAG(s) dict_keys(['bashoperator']) retrieved from /opt/airflow/dags/1-bashoperator.py
[2024-09-17 23:33:14,695] {logging_mixin.py:115} INFO - [2024-09-17 23:33:14,695] {dag.py:2420} INFO - Sync 1 DAGs
[2024-09-17 23:33:14,710] {logging_mixin.py:115} INFO - [2024-09-17 23:33:14,710] {dag.py:2972} INFO - Setting next_dagrun for bashoperator to 2024-05-15T00:00:00+00:00, run_after=2024-05-16T00:00:00+00:00
[2024-09-17 23:33:14,718] {processor.py:161} INFO - Processing /opt/airflow/dags/1-bashoperator.py took 0.048 seconds
[2024-09-17 23:33:45,193] {processor.py:153} INFO - Started process (PID=6030) to work on /opt/airflow/dags/1-bashoperator.py
[2024-09-17 23:33:45,194] {processor.py:641} INFO - Processing file /opt/airflow/dags/1-bashoperator.py for tasks to queue
[2024-09-17 23:33:45,194] {logging_mixin.py:115} INFO - [2024-09-17 23:33:45,194] {dagbag.py:508} INFO - Filling up the DagBag from /opt/airflow/dags/1-bashoperator.py
[2024-09-17 23:33:45,198] {processor.py:651} INFO - DAG(s) dict_keys(['bashoperator']) retrieved from /opt/airflow/dags/1-bashoperator.py
[2024-09-17 23:33:45,218] {logging_mixin.py:115} INFO - [2024-09-17 23:33:45,218] {dag.py:2420} INFO - Sync 1 DAGs
[2024-09-17 23:33:45,235] {logging_mixin.py:115} INFO - [2024-09-17 23:33:45,235] {dag.py:2972} INFO - Setting next_dagrun for bashoperator to 2024-05-15T00:00:00+00:00, run_after=2024-05-16T00:00:00+00:00
[2024-09-17 23:33:45,243] {processor.py:161} INFO - Processing /opt/airflow/dags/1-bashoperator.py took 0.052 seconds
[2024-09-17 23:34:15,825] {processor.py:153} INFO - Started process (PID=6069) to work on /opt/airflow/dags/1-bashoperator.py
[2024-09-17 23:34:15,826] {processor.py:641} INFO - Processing file /opt/airflow/dags/1-bashoperator.py for tasks to queue
[2024-09-17 23:34:15,826] {logging_mixin.py:115} INFO - [2024-09-17 23:34:15,826] {dagbag.py:508} INFO - Filling up the DagBag from /opt/airflow/dags/1-bashoperator.py
[2024-09-17 23:34:15,832] {processor.py:651} INFO - DAG(s) dict_keys(['bashoperator']) retrieved from /opt/airflow/dags/1-bashoperator.py
[2024-09-17 23:34:15,861] {logging_mixin.py:115} INFO - [2024-09-17 23:34:15,861] {dag.py:2420} INFO - Sync 1 DAGs
[2024-09-17 23:34:15,878] {logging_mixin.py:115} INFO - [2024-09-17 23:34:15,878] {dag.py:2972} INFO - Setting next_dagrun for bashoperator to 2024-05-15T00:00:00+00:00, run_after=2024-05-16T00:00:00+00:00
[2024-09-17 23:34:15,889] {processor.py:161} INFO - Processing /opt/airflow/dags/1-bashoperator.py took 0.066 seconds
[2024-09-17 23:34:46,452] {processor.py:153} INFO - Started process (PID=6108) to work on /opt/airflow/dags/1-bashoperator.py
[2024-09-17 23:34:46,453] {processor.py:641} INFO - Processing file /opt/airflow/dags/1-bashoperator.py for tasks to queue
[2024-09-17 23:34:46,454] {logging_mixin.py:115} INFO - [2024-09-17 23:34:46,454] {dagbag.py:508} INFO - Filling up the DagBag from /opt/airflow/dags/1-bashoperator.py
[2024-09-17 23:34:46,458] {processor.py:651} INFO - DAG(s) dict_keys(['bashoperator']) retrieved from /opt/airflow/dags/1-bashoperator.py
[2024-09-17 23:34:46,481] {logging_mixin.py:115} INFO - [2024-09-17 23:34:46,481] {dag.py:2420} INFO - Sync 1 DAGs
[2024-09-17 23:34:46,502] {logging_mixin.py:115} INFO - [2024-09-17 23:34:46,502] {dag.py:2972} INFO - Setting next_dagrun for bashoperator to 2024-05-15T00:00:00+00:00, run_after=2024-05-16T00:00:00+00:00
[2024-09-17 23:34:46,515] {processor.py:161} INFO - Processing /opt/airflow/dags/1-bashoperator.py took 0.066 seconds
[2024-09-17 23:35:17,036] {processor.py:153} INFO - Started process (PID=6137) to work on /opt/airflow/dags/1-bashoperator.py
[2024-09-17 23:35:17,037] {processor.py:641} INFO - Processing file /opt/airflow/dags/1-bashoperator.py for tasks to queue
[2024-09-17 23:35:17,037] {logging_mixin.py:115} INFO - [2024-09-17 23:35:17,037] {dagbag.py:508} INFO - Filling up the DagBag from /opt/airflow/dags/1-bashoperator.py
[2024-09-17 23:35:17,041] {processor.py:651} INFO - DAG(s) dict_keys(['bashoperator']) retrieved from /opt/airflow/dags/1-bashoperator.py
[2024-09-17 23:35:17,061] {logging_mixin.py:115} INFO - [2024-09-17 23:35:17,061] {dag.py:2420} INFO - Sync 1 DAGs
[2024-09-17 23:35:17,076] {logging_mixin.py:115} INFO - [2024-09-17 23:35:17,076] {dag.py:2972} INFO - Setting next_dagrun for bashoperator to 2024-05-15T00:00:00+00:00, run_after=2024-05-16T00:00:00+00:00
[2024-09-17 23:35:17,084] {processor.py:161} INFO - Processing /opt/airflow/dags/1-bashoperator.py took 0.050 seconds
[2024-09-17 23:35:47,513] {processor.py:153} INFO - Started process (PID=6175) to work on /opt/airflow/dags/1-bashoperator.py
[2024-09-17 23:35:47,513] {processor.py:641} INFO - Processing file /opt/airflow/dags/1-bashoperator.py for tasks to queue
[2024-09-17 23:35:47,514] {logging_mixin.py:115} INFO - [2024-09-17 23:35:47,513] {dagbag.py:508} INFO - Filling up the DagBag from /opt/airflow/dags/1-bashoperator.py
[2024-09-17 23:35:47,518] {processor.py:651} INFO - DAG(s) dict_keys(['bashoperator']) retrieved from /opt/airflow/dags/1-bashoperator.py
[2024-09-17 23:35:47,535] {logging_mixin.py:115} INFO - [2024-09-17 23:35:47,535] {dag.py:2420} INFO - Sync 1 DAGs
[2024-09-17 23:35:47,550] {logging_mixin.py:115} INFO - [2024-09-17 23:35:47,550] {dag.py:2972} INFO - Setting next_dagrun for bashoperator to 2024-05-15T00:00:00+00:00, run_after=2024-05-16T00:00:00+00:00
[2024-09-17 23:35:47,560] {processor.py:161} INFO - Processing /opt/airflow/dags/1-bashoperator.py took 0.049 seconds
[2024-09-17 23:36:18,007] {processor.py:153} INFO - Started process (PID=6213) to work on /opt/airflow/dags/1-bashoperator.py
[2024-09-17 23:36:18,008] {processor.py:641} INFO - Processing file /opt/airflow/dags/1-bashoperator.py for tasks to queue
[2024-09-17 23:36:18,008] {logging_mixin.py:115} INFO - [2024-09-17 23:36:18,008] {dagbag.py:508} INFO - Filling up the DagBag from /opt/airflow/dags/1-bashoperator.py
[2024-09-17 23:36:18,011] {processor.py:651} INFO - DAG(s) dict_keys(['bashoperator']) retrieved from /opt/airflow/dags/1-bashoperator.py
[2024-09-17 23:36:18,029] {logging_mixin.py:115} INFO - [2024-09-17 23:36:18,029] {dag.py:2420} INFO - Sync 1 DAGs
[2024-09-17 23:36:18,045] {logging_mixin.py:115} INFO - [2024-09-17 23:36:18,045] {dag.py:2972} INFO - Setting next_dagrun for bashoperator to 2024-05-15T00:00:00+00:00, run_after=2024-05-16T00:00:00+00:00
[2024-09-17 23:36:18,054] {processor.py:161} INFO - Processing /opt/airflow/dags/1-bashoperator.py took 0.049 seconds
[2024-09-17 23:36:48,554] {processor.py:153} INFO - Started process (PID=6251) to work on /opt/airflow/dags/1-bashoperator.py
[2024-09-17 23:36:48,555] {processor.py:641} INFO - Processing file /opt/airflow/dags/1-bashoperator.py for tasks to queue
[2024-09-17 23:36:48,555] {logging_mixin.py:115} INFO - [2024-09-17 23:36:48,555] {dagbag.py:508} INFO - Filling up the DagBag from /opt/airflow/dags/1-bashoperator.py
[2024-09-17 23:36:48,559] {processor.py:651} INFO - DAG(s) dict_keys(['bashoperator']) retrieved from /opt/airflow/dags/1-bashoperator.py
[2024-09-17 23:36:48,580] {logging_mixin.py:115} INFO - [2024-09-17 23:36:48,580] {dag.py:2420} INFO - Sync 1 DAGs
[2024-09-17 23:36:48,595] {logging_mixin.py:115} INFO - [2024-09-17 23:36:48,595] {dag.py:2972} INFO - Setting next_dagrun for bashoperator to 2024-05-15T00:00:00+00:00, run_after=2024-05-16T00:00:00+00:00
[2024-09-17 23:36:48,605] {processor.py:161} INFO - Processing /opt/airflow/dags/1-bashoperator.py took 0.053 seconds
[2024-09-17 23:37:19,080] {processor.py:153} INFO - Started process (PID=6290) to work on /opt/airflow/dags/1-bashoperator.py
[2024-09-17 23:37:19,080] {processor.py:641} INFO - Processing file /opt/airflow/dags/1-bashoperator.py for tasks to queue
[2024-09-17 23:37:19,081] {logging_mixin.py:115} INFO - [2024-09-17 23:37:19,080] {dagbag.py:508} INFO - Filling up the DagBag from /opt/airflow/dags/1-bashoperator.py
[2024-09-17 23:37:19,086] {processor.py:651} INFO - DAG(s) dict_keys(['bashoperator']) retrieved from /opt/airflow/dags/1-bashoperator.py
[2024-09-17 23:37:19,108] {logging_mixin.py:115} INFO - [2024-09-17 23:37:19,108] {dag.py:2420} INFO - Sync 1 DAGs
[2024-09-17 23:37:19,125] {logging_mixin.py:115} INFO - [2024-09-17 23:37:19,125] {dag.py:2972} INFO - Setting next_dagrun for bashoperator to 2024-05-15T00:00:00+00:00, run_after=2024-05-16T00:00:00+00:00
[2024-09-17 23:37:19,136] {processor.py:161} INFO - Processing /opt/airflow/dags/1-bashoperator.py took 0.059 seconds
[2024-09-17 23:37:49,608] {processor.py:153} INFO - Started process (PID=6320) to work on /opt/airflow/dags/1-bashoperator.py
[2024-09-17 23:37:49,608] {processor.py:641} INFO - Processing file /opt/airflow/dags/1-bashoperator.py for tasks to queue
[2024-09-17 23:37:49,609] {logging_mixin.py:115} INFO - [2024-09-17 23:37:49,609] {dagbag.py:508} INFO - Filling up the DagBag from /opt/airflow/dags/1-bashoperator.py
[2024-09-17 23:37:49,613] {processor.py:651} INFO - DAG(s) dict_keys(['bashoperator']) retrieved from /opt/airflow/dags/1-bashoperator.py
[2024-09-17 23:37:49,632] {logging_mixin.py:115} INFO - [2024-09-17 23:37:49,632] {dag.py:2420} INFO - Sync 1 DAGs
[2024-09-17 23:37:49,647] {logging_mixin.py:115} INFO - [2024-09-17 23:37:49,647] {dag.py:2972} INFO - Setting next_dagrun for bashoperator to 2024-05-15T00:00:00+00:00, run_after=2024-05-16T00:00:00+00:00
[2024-09-17 23:37:49,655] {processor.py:161} INFO - Processing /opt/airflow/dags/1-bashoperator.py took 0.050 seconds
[2024-09-17 23:38:20,304] {processor.py:153} INFO - Started process (PID=6359) to work on /opt/airflow/dags/1-bashoperator.py
[2024-09-17 23:38:20,305] {processor.py:641} INFO - Processing file /opt/airflow/dags/1-bashoperator.py for tasks to queue
[2024-09-17 23:38:20,305] {logging_mixin.py:115} INFO - [2024-09-17 23:38:20,305] {dagbag.py:508} INFO - Filling up the DagBag from /opt/airflow/dags/1-bashoperator.py
[2024-09-17 23:38:20,310] {processor.py:651} INFO - DAG(s) dict_keys(['bashoperator']) retrieved from /opt/airflow/dags/1-bashoperator.py
[2024-09-17 23:38:20,334] {logging_mixin.py:115} INFO - [2024-09-17 23:38:20,334] {dag.py:2420} INFO - Sync 1 DAGs
[2024-09-17 23:38:20,351] {logging_mixin.py:115} INFO - [2024-09-17 23:38:20,351] {dag.py:2972} INFO - Setting next_dagrun for bashoperator to 2024-05-15T00:00:00+00:00, run_after=2024-05-16T00:00:00+00:00
[2024-09-17 23:38:20,361] {processor.py:161} INFO - Processing /opt/airflow/dags/1-bashoperator.py took 0.060 seconds
[2024-09-17 23:38:50,896] {processor.py:153} INFO - Started process (PID=6398) to work on /opt/airflow/dags/1-bashoperator.py
[2024-09-17 23:38:50,896] {processor.py:641} INFO - Processing file /opt/airflow/dags/1-bashoperator.py for tasks to queue
[2024-09-17 23:38:50,896] {logging_mixin.py:115} INFO - [2024-09-17 23:38:50,896] {dagbag.py:508} INFO - Filling up the DagBag from /opt/airflow/dags/1-bashoperator.py
[2024-09-17 23:38:50,900] {processor.py:651} INFO - DAG(s) dict_keys(['bashoperator']) retrieved from /opt/airflow/dags/1-bashoperator.py
[2024-09-17 23:38:50,918] {logging_mixin.py:115} INFO - [2024-09-17 23:38:50,918] {dag.py:2420} INFO - Sync 1 DAGs
[2024-09-17 23:38:50,935] {logging_mixin.py:115} INFO - [2024-09-17 23:38:50,935] {dag.py:2972} INFO - Setting next_dagrun for bashoperator to 2024-05-15T00:00:00+00:00, run_after=2024-05-16T00:00:00+00:00
[2024-09-17 23:38:50,943] {processor.py:161} INFO - Processing /opt/airflow/dags/1-bashoperator.py took 0.050 seconds
[2024-09-17 23:39:21,439] {processor.py:153} INFO - Started process (PID=6437) to work on /opt/airflow/dags/1-bashoperator.py
[2024-09-17 23:39:21,440] {processor.py:641} INFO - Processing file /opt/airflow/dags/1-bashoperator.py for tasks to queue
[2024-09-17 23:39:21,440] {logging_mixin.py:115} INFO - [2024-09-17 23:39:21,440] {dagbag.py:508} INFO - Filling up the DagBag from /opt/airflow/dags/1-bashoperator.py
[2024-09-17 23:39:21,444] {processor.py:651} INFO - DAG(s) dict_keys(['bashoperator']) retrieved from /opt/airflow/dags/1-bashoperator.py
[2024-09-17 23:39:21,461] {logging_mixin.py:115} INFO - [2024-09-17 23:39:21,461] {dag.py:2420} INFO - Sync 1 DAGs
[2024-09-17 23:39:21,477] {logging_mixin.py:115} INFO - [2024-09-17 23:39:21,477] {dag.py:2972} INFO - Setting next_dagrun for bashoperator to 2024-05-15T00:00:00+00:00, run_after=2024-05-16T00:00:00+00:00
[2024-09-17 23:39:21,488] {processor.py:161} INFO - Processing /opt/airflow/dags/1-bashoperator.py took 0.051 seconds
[2024-09-17 23:39:51,923] {processor.py:153} INFO - Started process (PID=6467) to work on /opt/airflow/dags/1-bashoperator.py
[2024-09-17 23:39:51,924] {processor.py:641} INFO - Processing file /opt/airflow/dags/1-bashoperator.py for tasks to queue
[2024-09-17 23:39:51,924] {logging_mixin.py:115} INFO - [2024-09-17 23:39:51,924] {dagbag.py:508} INFO - Filling up the DagBag from /opt/airflow/dags/1-bashoperator.py
[2024-09-17 23:39:51,931] {processor.py:651} INFO - DAG(s) dict_keys(['bashoperator']) retrieved from /opt/airflow/dags/1-bashoperator.py
[2024-09-17 23:39:51,950] {logging_mixin.py:115} INFO - [2024-09-17 23:39:51,950] {dag.py:2420} INFO - Sync 1 DAGs
[2024-09-17 23:39:51,965] {logging_mixin.py:115} INFO - [2024-09-17 23:39:51,965] {dag.py:2972} INFO - Setting next_dagrun for bashoperator to 2024-05-15T00:00:00+00:00, run_after=2024-05-16T00:00:00+00:00
[2024-09-17 23:39:51,973] {processor.py:161} INFO - Processing /opt/airflow/dags/1-bashoperator.py took 0.052 seconds
[2024-09-17 23:40:22,446] {processor.py:153} INFO - Started process (PID=6506) to work on /opt/airflow/dags/1-bashoperator.py
[2024-09-17 23:40:22,447] {processor.py:641} INFO - Processing file /opt/airflow/dags/1-bashoperator.py for tasks to queue
[2024-09-17 23:40:22,447] {logging_mixin.py:115} INFO - [2024-09-17 23:40:22,447] {dagbag.py:508} INFO - Filling up the DagBag from /opt/airflow/dags/1-bashoperator.py
[2024-09-17 23:40:22,451] {processor.py:651} INFO - DAG(s) dict_keys(['bashoperator']) retrieved from /opt/airflow/dags/1-bashoperator.py
[2024-09-17 23:40:22,469] {logging_mixin.py:115} INFO - [2024-09-17 23:40:22,469] {dag.py:2420} INFO - Sync 1 DAGs
[2024-09-17 23:40:22,485] {logging_mixin.py:115} INFO - [2024-09-17 23:40:22,485] {dag.py:2972} INFO - Setting next_dagrun for bashoperator to 2024-05-15T00:00:00+00:00, run_after=2024-05-16T00:00:00+00:00
[2024-09-17 23:40:22,494] {processor.py:161} INFO - Processing /opt/airflow/dags/1-bashoperator.py took 0.050 seconds
[2024-09-17 23:40:53,029] {processor.py:153} INFO - Started process (PID=6545) to work on /opt/airflow/dags/1-bashoperator.py
[2024-09-17 23:40:53,030] {processor.py:641} INFO - Processing file /opt/airflow/dags/1-bashoperator.py for tasks to queue
[2024-09-17 23:40:53,030] {logging_mixin.py:115} INFO - [2024-09-17 23:40:53,030] {dagbag.py:508} INFO - Filling up the DagBag from /opt/airflow/dags/1-bashoperator.py
[2024-09-17 23:40:53,034] {processor.py:651} INFO - DAG(s) dict_keys(['bashoperator']) retrieved from /opt/airflow/dags/1-bashoperator.py
[2024-09-17 23:40:53,052] {logging_mixin.py:115} INFO - [2024-09-17 23:40:53,052] {dag.py:2420} INFO - Sync 1 DAGs
[2024-09-17 23:40:53,068] {logging_mixin.py:115} INFO - [2024-09-17 23:40:53,068] {dag.py:2972} INFO - Setting next_dagrun for bashoperator to 2024-05-15T00:00:00+00:00, run_after=2024-05-16T00:00:00+00:00
[2024-09-17 23:40:53,078] {processor.py:161} INFO - Processing /opt/airflow/dags/1-bashoperator.py took 0.050 seconds
[2024-09-17 23:41:23,548] {processor.py:153} INFO - Started process (PID=6584) to work on /opt/airflow/dags/1-bashoperator.py
[2024-09-17 23:41:23,549] {processor.py:641} INFO - Processing file /opt/airflow/dags/1-bashoperator.py for tasks to queue
[2024-09-17 23:41:23,549] {logging_mixin.py:115} INFO - [2024-09-17 23:41:23,549] {dagbag.py:508} INFO - Filling up the DagBag from /opt/airflow/dags/1-bashoperator.py
[2024-09-17 23:41:23,553] {processor.py:651} INFO - DAG(s) dict_keys(['bashoperator']) retrieved from /opt/airflow/dags/1-bashoperator.py
[2024-09-17 23:41:23,573] {logging_mixin.py:115} INFO - [2024-09-17 23:41:23,573] {dag.py:2420} INFO - Sync 1 DAGs
[2024-09-17 23:41:23,588] {logging_mixin.py:115} INFO - [2024-09-17 23:41:23,588] {dag.py:2972} INFO - Setting next_dagrun for bashoperator to 2024-05-15T00:00:00+00:00, run_after=2024-05-16T00:00:00+00:00
[2024-09-17 23:41:23,597] {processor.py:161} INFO - Processing /opt/airflow/dags/1-bashoperator.py took 0.052 seconds
[2024-09-17 23:41:54,015] {processor.py:153} INFO - Started process (PID=6623) to work on /opt/airflow/dags/1-bashoperator.py
[2024-09-17 23:41:54,016] {processor.py:641} INFO - Processing file /opt/airflow/dags/1-bashoperator.py for tasks to queue
[2024-09-17 23:41:54,016] {logging_mixin.py:115} INFO - [2024-09-17 23:41:54,016] {dagbag.py:508} INFO - Filling up the DagBag from /opt/airflow/dags/1-bashoperator.py
[2024-09-17 23:41:54,020] {processor.py:651} INFO - DAG(s) dict_keys(['bashoperator']) retrieved from /opt/airflow/dags/1-bashoperator.py
[2024-09-17 23:41:54,038] {logging_mixin.py:115} INFO - [2024-09-17 23:41:54,038] {dag.py:2420} INFO - Sync 1 DAGs
[2024-09-17 23:41:54,052] {logging_mixin.py:115} INFO - [2024-09-17 23:41:54,052] {dag.py:2972} INFO - Setting next_dagrun for bashoperator to 2024-05-15T00:00:00+00:00, run_after=2024-05-16T00:00:00+00:00
[2024-09-17 23:41:54,061] {processor.py:161} INFO - Processing /opt/airflow/dags/1-bashoperator.py took 0.048 seconds
[2024-09-17 23:42:24,585] {processor.py:153} INFO - Started process (PID=6662) to work on /opt/airflow/dags/1-bashoperator.py
[2024-09-17 23:42:24,586] {processor.py:641} INFO - Processing file /opt/airflow/dags/1-bashoperator.py for tasks to queue
[2024-09-17 23:42:24,587] {logging_mixin.py:115} INFO - [2024-09-17 23:42:24,587] {dagbag.py:508} INFO - Filling up the DagBag from /opt/airflow/dags/1-bashoperator.py
[2024-09-17 23:42:24,593] {processor.py:651} INFO - DAG(s) dict_keys(['bashoperator']) retrieved from /opt/airflow/dags/1-bashoperator.py
[2024-09-17 23:42:24,615] {logging_mixin.py:115} INFO - [2024-09-17 23:42:24,615] {dag.py:2420} INFO - Sync 1 DAGs
[2024-09-17 23:42:24,631] {logging_mixin.py:115} INFO - [2024-09-17 23:42:24,630] {dag.py:2972} INFO - Setting next_dagrun for bashoperator to 2024-05-15T00:00:00+00:00, run_after=2024-05-16T00:00:00+00:00
[2024-09-17 23:42:24,642] {processor.py:161} INFO - Processing /opt/airflow/dags/1-bashoperator.py took 0.060 seconds
[2024-09-17 23:42:55,121] {processor.py:153} INFO - Started process (PID=6691) to work on /opt/airflow/dags/1-bashoperator.py
[2024-09-17 23:42:55,122] {processor.py:641} INFO - Processing file /opt/airflow/dags/1-bashoperator.py for tasks to queue
[2024-09-17 23:42:55,122] {logging_mixin.py:115} INFO - [2024-09-17 23:42:55,122] {dagbag.py:508} INFO - Filling up the DagBag from /opt/airflow/dags/1-bashoperator.py
[2024-09-17 23:42:55,127] {processor.py:651} INFO - DAG(s) dict_keys(['bashoperator']) retrieved from /opt/airflow/dags/1-bashoperator.py
[2024-09-17 23:42:55,148] {logging_mixin.py:115} INFO - [2024-09-17 23:42:55,147] {dag.py:2420} INFO - Sync 1 DAGs
[2024-09-17 23:42:55,163] {logging_mixin.py:115} INFO - [2024-09-17 23:42:55,163] {dag.py:2972} INFO - Setting next_dagrun for bashoperator to 2024-05-15T00:00:00+00:00, run_after=2024-05-16T00:00:00+00:00
[2024-09-17 23:42:55,172] {processor.py:161} INFO - Processing /opt/airflow/dags/1-bashoperator.py took 0.054 seconds
[2024-09-17 23:43:25,601] {processor.py:153} INFO - Started process (PID=6729) to work on /opt/airflow/dags/1-bashoperator.py
[2024-09-17 23:43:25,602] {processor.py:641} INFO - Processing file /opt/airflow/dags/1-bashoperator.py for tasks to queue
[2024-09-17 23:43:25,602] {logging_mixin.py:115} INFO - [2024-09-17 23:43:25,602] {dagbag.py:508} INFO - Filling up the DagBag from /opt/airflow/dags/1-bashoperator.py
[2024-09-17 23:43:25,606] {processor.py:651} INFO - DAG(s) dict_keys(['bashoperator']) retrieved from /opt/airflow/dags/1-bashoperator.py
[2024-09-17 23:43:25,629] {logging_mixin.py:115} INFO - [2024-09-17 23:43:25,628] {dag.py:2420} INFO - Sync 1 DAGs
[2024-09-17 23:43:25,645] {logging_mixin.py:115} INFO - [2024-09-17 23:43:25,645] {dag.py:2972} INFO - Setting next_dagrun for bashoperator to 2024-05-15T00:00:00+00:00, run_after=2024-05-16T00:00:00+00:00
[2024-09-17 23:43:25,654] {processor.py:161} INFO - Processing /opt/airflow/dags/1-bashoperator.py took 0.056 seconds
[2024-09-17 23:43:56,154] {processor.py:153} INFO - Started process (PID=6766) to work on /opt/airflow/dags/1-bashoperator.py
[2024-09-17 23:43:56,157] {processor.py:641} INFO - Processing file /opt/airflow/dags/1-bashoperator.py for tasks to queue
[2024-09-17 23:43:56,158] {logging_mixin.py:115} INFO - [2024-09-17 23:43:56,158] {dagbag.py:508} INFO - Filling up the DagBag from /opt/airflow/dags/1-bashoperator.py
[2024-09-17 23:43:56,161] {processor.py:651} INFO - DAG(s) dict_keys(['bashoperator']) retrieved from /opt/airflow/dags/1-bashoperator.py
[2024-09-17 23:43:56,183] {logging_mixin.py:115} INFO - [2024-09-17 23:43:56,183] {dag.py:2420} INFO - Sync 1 DAGs
[2024-09-17 23:43:56,198] {logging_mixin.py:115} INFO - [2024-09-17 23:43:56,198] {dag.py:2972} INFO - Setting next_dagrun for bashoperator to 2024-05-15T00:00:00+00:00, run_after=2024-05-16T00:00:00+00:00
[2024-09-17 23:43:56,208] {processor.py:161} INFO - Processing /opt/airflow/dags/1-bashoperator.py took 0.056 seconds
[2024-09-17 23:44:26,693] {processor.py:153} INFO - Started process (PID=6805) to work on /opt/airflow/dags/1-bashoperator.py
[2024-09-17 23:44:26,694] {processor.py:641} INFO - Processing file /opt/airflow/dags/1-bashoperator.py for tasks to queue
[2024-09-17 23:44:26,694] {logging_mixin.py:115} INFO - [2024-09-17 23:44:26,694] {dagbag.py:508} INFO - Filling up the DagBag from /opt/airflow/dags/1-bashoperator.py
[2024-09-17 23:44:26,699] {processor.py:651} INFO - DAG(s) dict_keys(['bashoperator']) retrieved from /opt/airflow/dags/1-bashoperator.py
[2024-09-17 23:44:26,718] {logging_mixin.py:115} INFO - [2024-09-17 23:44:26,718] {dag.py:2420} INFO - Sync 1 DAGs
[2024-09-17 23:44:26,731] {logging_mixin.py:115} INFO - [2024-09-17 23:44:26,731] {dag.py:2972} INFO - Setting next_dagrun for bashoperator to 2024-05-15T00:00:00+00:00, run_after=2024-05-16T00:00:00+00:00
[2024-09-17 23:44:26,739] {processor.py:161} INFO - Processing /opt/airflow/dags/1-bashoperator.py took 0.048 seconds
[2024-09-17 23:44:57,222] {processor.py:153} INFO - Started process (PID=6844) to work on /opt/airflow/dags/1-bashoperator.py
[2024-09-17 23:44:57,222] {processor.py:641} INFO - Processing file /opt/airflow/dags/1-bashoperator.py for tasks to queue
[2024-09-17 23:44:57,222] {logging_mixin.py:115} INFO - [2024-09-17 23:44:57,222] {dagbag.py:508} INFO - Filling up the DagBag from /opt/airflow/dags/1-bashoperator.py
[2024-09-17 23:44:57,227] {processor.py:651} INFO - DAG(s) dict_keys(['bashoperator']) retrieved from /opt/airflow/dags/1-bashoperator.py
[2024-09-17 23:44:57,244] {logging_mixin.py:115} INFO - [2024-09-17 23:44:57,244] {dag.py:2420} INFO - Sync 1 DAGs
[2024-09-17 23:44:57,259] {logging_mixin.py:115} INFO - [2024-09-17 23:44:57,259] {dag.py:2972} INFO - Setting next_dagrun for bashoperator to 2024-05-15T00:00:00+00:00, run_after=2024-05-16T00:00:00+00:00
[2024-09-17 23:44:57,269] {processor.py:161} INFO - Processing /opt/airflow/dags/1-bashoperator.py took 0.049 seconds
[2024-09-17 23:45:27,742] {processor.py:153} INFO - Started process (PID=6873) to work on /opt/airflow/dags/1-bashoperator.py
[2024-09-17 23:45:27,743] {processor.py:641} INFO - Processing file /opt/airflow/dags/1-bashoperator.py for tasks to queue
[2024-09-17 23:45:27,743] {logging_mixin.py:115} INFO - [2024-09-17 23:45:27,743] {dagbag.py:508} INFO - Filling up the DagBag from /opt/airflow/dags/1-bashoperator.py
[2024-09-17 23:45:27,747] {processor.py:651} INFO - DAG(s) dict_keys(['bashoperator']) retrieved from /opt/airflow/dags/1-bashoperator.py
[2024-09-17 23:45:27,764] {logging_mixin.py:115} INFO - [2024-09-17 23:45:27,764] {dag.py:2420} INFO - Sync 1 DAGs
[2024-09-17 23:45:27,778] {logging_mixin.py:115} INFO - [2024-09-17 23:45:27,778] {dag.py:2972} INFO - Setting next_dagrun for bashoperator to 2024-05-15T00:00:00+00:00, run_after=2024-05-16T00:00:00+00:00
[2024-09-17 23:45:27,786] {processor.py:161} INFO - Processing /opt/airflow/dags/1-bashoperator.py took 0.046 seconds
[2024-09-17 23:45:58,269] {processor.py:153} INFO - Started process (PID=6912) to work on /opt/airflow/dags/1-bashoperator.py
[2024-09-17 23:45:58,269] {processor.py:641} INFO - Processing file /opt/airflow/dags/1-bashoperator.py for tasks to queue
[2024-09-17 23:45:58,269] {logging_mixin.py:115} INFO - [2024-09-17 23:45:58,269] {dagbag.py:508} INFO - Filling up the DagBag from /opt/airflow/dags/1-bashoperator.py
[2024-09-17 23:45:58,274] {processor.py:651} INFO - DAG(s) dict_keys(['bashoperator']) retrieved from /opt/airflow/dags/1-bashoperator.py
[2024-09-17 23:45:58,291] {logging_mixin.py:115} INFO - [2024-09-17 23:45:58,291] {dag.py:2420} INFO - Sync 1 DAGs
[2024-09-17 23:45:58,305] {logging_mixin.py:115} INFO - [2024-09-17 23:45:58,305] {dag.py:2972} INFO - Setting next_dagrun for bashoperator to 2024-05-15T00:00:00+00:00, run_after=2024-05-16T00:00:00+00:00
[2024-09-17 23:45:58,313] {processor.py:161} INFO - Processing /opt/airflow/dags/1-bashoperator.py took 0.047 seconds
[2024-09-17 23:46:28,746] {processor.py:153} INFO - Started process (PID=6951) to work on /opt/airflow/dags/1-bashoperator.py
[2024-09-17 23:46:28,747] {processor.py:641} INFO - Processing file /opt/airflow/dags/1-bashoperator.py for tasks to queue
[2024-09-17 23:46:28,747] {logging_mixin.py:115} INFO - [2024-09-17 23:46:28,747] {dagbag.py:508} INFO - Filling up the DagBag from /opt/airflow/dags/1-bashoperator.py
[2024-09-17 23:46:28,751] {processor.py:651} INFO - DAG(s) dict_keys(['bashoperator']) retrieved from /opt/airflow/dags/1-bashoperator.py
[2024-09-17 23:46:28,772] {logging_mixin.py:115} INFO - [2024-09-17 23:46:28,772] {dag.py:2420} INFO - Sync 1 DAGs
[2024-09-17 23:46:28,789] {logging_mixin.py:115} INFO - [2024-09-17 23:46:28,789] {dag.py:2972} INFO - Setting next_dagrun for bashoperator to 2024-05-15T00:00:00+00:00, run_after=2024-05-16T00:00:00+00:00
[2024-09-17 23:46:28,797] {processor.py:161} INFO - Processing /opt/airflow/dags/1-bashoperator.py took 0.053 seconds
[2024-09-17 23:46:59,281] {processor.py:153} INFO - Started process (PID=6990) to work on /opt/airflow/dags/1-bashoperator.py
[2024-09-17 23:46:59,282] {processor.py:641} INFO - Processing file /opt/airflow/dags/1-bashoperator.py for tasks to queue
[2024-09-17 23:46:59,282] {logging_mixin.py:115} INFO - [2024-09-17 23:46:59,282] {dagbag.py:508} INFO - Filling up the DagBag from /opt/airflow/dags/1-bashoperator.py
[2024-09-17 23:46:59,286] {processor.py:651} INFO - DAG(s) dict_keys(['bashoperator']) retrieved from /opt/airflow/dags/1-bashoperator.py
[2024-09-17 23:46:59,307] {logging_mixin.py:115} INFO - [2024-09-17 23:46:59,307] {dag.py:2420} INFO - Sync 1 DAGs
[2024-09-17 23:46:59,323] {logging_mixin.py:115} INFO - [2024-09-17 23:46:59,323] {dag.py:2972} INFO - Setting next_dagrun for bashoperator to 2024-05-15T00:00:00+00:00, run_after=2024-05-16T00:00:00+00:00
[2024-09-17 23:46:59,333] {processor.py:161} INFO - Processing /opt/airflow/dags/1-bashoperator.py took 0.054 seconds
[2024-09-17 23:47:29,758] {processor.py:153} INFO - Started process (PID=7029) to work on /opt/airflow/dags/1-bashoperator.py
[2024-09-17 23:47:29,758] {processor.py:641} INFO - Processing file /opt/airflow/dags/1-bashoperator.py for tasks to queue
[2024-09-17 23:47:29,759] {logging_mixin.py:115} INFO - [2024-09-17 23:47:29,759] {dagbag.py:508} INFO - Filling up the DagBag from /opt/airflow/dags/1-bashoperator.py
[2024-09-17 23:47:29,763] {processor.py:651} INFO - DAG(s) dict_keys(['bashoperator']) retrieved from /opt/airflow/dags/1-bashoperator.py
[2024-09-17 23:47:29,783] {logging_mixin.py:115} INFO - [2024-09-17 23:47:29,782] {dag.py:2420} INFO - Sync 1 DAGs
[2024-09-17 23:47:29,798] {logging_mixin.py:115} INFO - [2024-09-17 23:47:29,798] {dag.py:2972} INFO - Setting next_dagrun for bashoperator to 2024-05-15T00:00:00+00:00, run_after=2024-05-16T00:00:00+00:00
[2024-09-17 23:47:29,808] {processor.py:161} INFO - Processing /opt/airflow/dags/1-bashoperator.py took 0.053 seconds
[2024-09-17 23:48:00,282] {processor.py:153} INFO - Started process (PID=7058) to work on /opt/airflow/dags/1-bashoperator.py
[2024-09-17 23:48:00,282] {processor.py:641} INFO - Processing file /opt/airflow/dags/1-bashoperator.py for tasks to queue
[2024-09-17 23:48:00,283] {logging_mixin.py:115} INFO - [2024-09-17 23:48:00,283] {dagbag.py:508} INFO - Filling up the DagBag from /opt/airflow/dags/1-bashoperator.py
[2024-09-17 23:48:00,287] {processor.py:651} INFO - DAG(s) dict_keys(['bashoperator']) retrieved from /opt/airflow/dags/1-bashoperator.py
[2024-09-17 23:48:00,304] {logging_mixin.py:115} INFO - [2024-09-17 23:48:00,304] {dag.py:2420} INFO - Sync 1 DAGs
[2024-09-17 23:48:00,318] {logging_mixin.py:115} INFO - [2024-09-17 23:48:00,318] {dag.py:2972} INFO - Setting next_dagrun for bashoperator to 2024-05-15T00:00:00+00:00, run_after=2024-05-16T00:00:00+00:00
[2024-09-17 23:48:00,326] {processor.py:161} INFO - Processing /opt/airflow/dags/1-bashoperator.py took 0.046 seconds
[2024-09-17 23:48:30,849] {processor.py:153} INFO - Started process (PID=7098) to work on /opt/airflow/dags/1-bashoperator.py
[2024-09-17 23:48:30,849] {processor.py:641} INFO - Processing file /opt/airflow/dags/1-bashoperator.py for tasks to queue
[2024-09-17 23:48:30,850] {logging_mixin.py:115} INFO - [2024-09-17 23:48:30,850] {dagbag.py:508} INFO - Filling up the DagBag from /opt/airflow/dags/1-bashoperator.py
[2024-09-17 23:48:30,854] {processor.py:651} INFO - DAG(s) dict_keys(['bashoperator']) retrieved from /opt/airflow/dags/1-bashoperator.py
[2024-09-17 23:48:30,871] {logging_mixin.py:115} INFO - [2024-09-17 23:48:30,871] {dag.py:2420} INFO - Sync 1 DAGs
[2024-09-17 23:48:30,886] {logging_mixin.py:115} INFO - [2024-09-17 23:48:30,886] {dag.py:2972} INFO - Setting next_dagrun for bashoperator to 2024-05-15T00:00:00+00:00, run_after=2024-05-16T00:00:00+00:00
[2024-09-17 23:48:30,896] {processor.py:161} INFO - Processing /opt/airflow/dags/1-bashoperator.py took 0.050 seconds
[2024-09-17 23:49:01,301] {processor.py:153} INFO - Started process (PID=7137) to work on /opt/airflow/dags/1-bashoperator.py
[2024-09-17 23:49:01,301] {processor.py:641} INFO - Processing file /opt/airflow/dags/1-bashoperator.py for tasks to queue
[2024-09-17 23:49:01,301] {logging_mixin.py:115} INFO - [2024-09-17 23:49:01,301] {dagbag.py:508} INFO - Filling up the DagBag from /opt/airflow/dags/1-bashoperator.py
[2024-09-17 23:49:01,306] {processor.py:651} INFO - DAG(s) dict_keys(['bashoperator']) retrieved from /opt/airflow/dags/1-bashoperator.py
[2024-09-17 23:49:01,323] {logging_mixin.py:115} INFO - [2024-09-17 23:49:01,323] {dag.py:2420} INFO - Sync 1 DAGs
[2024-09-17 23:49:01,337] {logging_mixin.py:115} INFO - [2024-09-17 23:49:01,337] {dag.py:2972} INFO - Setting next_dagrun for bashoperator to 2024-05-15T00:00:00+00:00, run_after=2024-05-16T00:00:00+00:00
[2024-09-17 23:49:01,344] {processor.py:161} INFO - Processing /opt/airflow/dags/1-bashoperator.py took 0.046 seconds
[2024-09-17 23:49:31,794] {processor.py:153} INFO - Started process (PID=7176) to work on /opt/airflow/dags/1-bashoperator.py
[2024-09-17 23:49:31,794] {processor.py:641} INFO - Processing file /opt/airflow/dags/1-bashoperator.py for tasks to queue
[2024-09-17 23:49:31,795] {logging_mixin.py:115} INFO - [2024-09-17 23:49:31,795] {dagbag.py:508} INFO - Filling up the DagBag from /opt/airflow/dags/1-bashoperator.py
[2024-09-17 23:49:31,798] {processor.py:651} INFO - DAG(s) dict_keys(['bashoperator']) retrieved from /opt/airflow/dags/1-bashoperator.py
[2024-09-17 23:49:31,814] {logging_mixin.py:115} INFO - [2024-09-17 23:49:31,814] {dag.py:2420} INFO - Sync 1 DAGs
[2024-09-17 23:49:31,827] {logging_mixin.py:115} INFO - [2024-09-17 23:49:31,827] {dag.py:2972} INFO - Setting next_dagrun for bashoperator to 2024-05-15T00:00:00+00:00, run_after=2024-05-16T00:00:00+00:00
[2024-09-17 23:49:31,836] {processor.py:161} INFO - Processing /opt/airflow/dags/1-bashoperator.py took 0.044 seconds
[2024-09-17 23:50:02,277] {processor.py:153} INFO - Started process (PID=7215) to work on /opt/airflow/dags/1-bashoperator.py
[2024-09-17 23:50:02,278] {processor.py:641} INFO - Processing file /opt/airflow/dags/1-bashoperator.py for tasks to queue
[2024-09-17 23:50:02,278] {logging_mixin.py:115} INFO - [2024-09-17 23:50:02,278] {dagbag.py:508} INFO - Filling up the DagBag from /opt/airflow/dags/1-bashoperator.py
[2024-09-17 23:50:02,282] {processor.py:651} INFO - DAG(s) dict_keys(['bashoperator']) retrieved from /opt/airflow/dags/1-bashoperator.py
[2024-09-17 23:50:02,298] {logging_mixin.py:115} INFO - [2024-09-17 23:50:02,298] {dag.py:2420} INFO - Sync 1 DAGs
[2024-09-17 23:50:02,312] {logging_mixin.py:115} INFO - [2024-09-17 23:50:02,312] {dag.py:2972} INFO - Setting next_dagrun for bashoperator to 2024-05-15T00:00:00+00:00, run_after=2024-05-16T00:00:00+00:00
[2024-09-17 23:50:02,321] {processor.py:161} INFO - Processing /opt/airflow/dags/1-bashoperator.py took 0.045 seconds
[2024-09-17 23:50:32,789] {processor.py:153} INFO - Started process (PID=7254) to work on /opt/airflow/dags/1-bashoperator.py
[2024-09-17 23:50:32,789] {processor.py:641} INFO - Processing file /opt/airflow/dags/1-bashoperator.py for tasks to queue
[2024-09-17 23:50:32,790] {logging_mixin.py:115} INFO - [2024-09-17 23:50:32,790] {dagbag.py:508} INFO - Filling up the DagBag from /opt/airflow/dags/1-bashoperator.py
[2024-09-17 23:50:32,794] {processor.py:651} INFO - DAG(s) dict_keys(['bashoperator']) retrieved from /opt/airflow/dags/1-bashoperator.py
[2024-09-17 23:50:32,812] {logging_mixin.py:115} INFO - [2024-09-17 23:50:32,811] {dag.py:2420} INFO - Sync 1 DAGs
[2024-09-17 23:50:32,828] {logging_mixin.py:115} INFO - [2024-09-17 23:50:32,828] {dag.py:2972} INFO - Setting next_dagrun for bashoperator to 2024-05-15T00:00:00+00:00, run_after=2024-05-16T00:00:00+00:00
[2024-09-17 23:50:32,837] {processor.py:161} INFO - Processing /opt/airflow/dags/1-bashoperator.py took 0.051 seconds
[2024-09-17 23:51:03,220] {processor.py:153} INFO - Started process (PID=7283) to work on /opt/airflow/dags/1-bashoperator.py
[2024-09-17 23:51:03,220] {processor.py:641} INFO - Processing file /opt/airflow/dags/1-bashoperator.py for tasks to queue
[2024-09-17 23:51:03,221] {logging_mixin.py:115} INFO - [2024-09-17 23:51:03,221] {dagbag.py:508} INFO - Filling up the DagBag from /opt/airflow/dags/1-bashoperator.py
[2024-09-17 23:51:03,225] {processor.py:651} INFO - DAG(s) dict_keys(['bashoperator']) retrieved from /opt/airflow/dags/1-bashoperator.py
[2024-09-17 23:51:03,241] {logging_mixin.py:115} INFO - [2024-09-17 23:51:03,241] {dag.py:2420} INFO - Sync 1 DAGs
[2024-09-17 23:51:03,255] {logging_mixin.py:115} INFO - [2024-09-17 23:51:03,255] {dag.py:2972} INFO - Setting next_dagrun for bashoperator to 2024-05-15T00:00:00+00:00, run_after=2024-05-16T00:00:00+00:00
[2024-09-17 23:51:03,263] {processor.py:161} INFO - Processing /opt/airflow/dags/1-bashoperator.py took 0.045 seconds
[2024-09-17 23:51:33,739] {processor.py:153} INFO - Started process (PID=7321) to work on /opt/airflow/dags/1-bashoperator.py
[2024-09-17 23:51:33,739] {processor.py:641} INFO - Processing file /opt/airflow/dags/1-bashoperator.py for tasks to queue
[2024-09-17 23:51:33,739] {logging_mixin.py:115} INFO - [2024-09-17 23:51:33,739] {dagbag.py:508} INFO - Filling up the DagBag from /opt/airflow/dags/1-bashoperator.py
[2024-09-17 23:51:33,743] {processor.py:651} INFO - DAG(s) dict_keys(['bashoperator']) retrieved from /opt/airflow/dags/1-bashoperator.py
[2024-09-17 23:51:33,758] {logging_mixin.py:115} INFO - [2024-09-17 23:51:33,758] {dag.py:2420} INFO - Sync 1 DAGs
[2024-09-17 23:51:33,772] {logging_mixin.py:115} INFO - [2024-09-17 23:51:33,771] {dag.py:2972} INFO - Setting next_dagrun for bashoperator to 2024-05-15T00:00:00+00:00, run_after=2024-05-16T00:00:00+00:00
[2024-09-17 23:51:33,779] {processor.py:161} INFO - Processing /opt/airflow/dags/1-bashoperator.py took 0.042 seconds
[2024-09-17 23:52:04,162] {processor.py:153} INFO - Started process (PID=7360) to work on /opt/airflow/dags/1-bashoperator.py
[2024-09-17 23:52:04,162] {processor.py:641} INFO - Processing file /opt/airflow/dags/1-bashoperator.py for tasks to queue
[2024-09-17 23:52:04,163] {logging_mixin.py:115} INFO - [2024-09-17 23:52:04,163] {dagbag.py:508} INFO - Filling up the DagBag from /opt/airflow/dags/1-bashoperator.py
[2024-09-17 23:52:04,166] {processor.py:651} INFO - DAG(s) dict_keys(['bashoperator']) retrieved from /opt/airflow/dags/1-bashoperator.py
[2024-09-17 23:52:04,183] {logging_mixin.py:115} INFO - [2024-09-17 23:52:04,183] {dag.py:2420} INFO - Sync 1 DAGs
[2024-09-17 23:52:04,198] {logging_mixin.py:115} INFO - [2024-09-17 23:52:04,197] {dag.py:2972} INFO - Setting next_dagrun for bashoperator to 2024-05-15T00:00:00+00:00, run_after=2024-05-16T00:00:00+00:00
[2024-09-17 23:52:04,205] {processor.py:161} INFO - Processing /opt/airflow/dags/1-bashoperator.py took 0.046 seconds
[2024-09-17 23:52:34,702] {processor.py:153} INFO - Started process (PID=7399) to work on /opt/airflow/dags/1-bashoperator.py
[2024-09-17 23:52:34,702] {processor.py:641} INFO - Processing file /opt/airflow/dags/1-bashoperator.py for tasks to queue
[2024-09-17 23:52:34,703] {logging_mixin.py:115} INFO - [2024-09-17 23:52:34,703] {dagbag.py:508} INFO - Filling up the DagBag from /opt/airflow/dags/1-bashoperator.py
[2024-09-17 23:52:34,707] {processor.py:651} INFO - DAG(s) dict_keys(['bashoperator']) retrieved from /opt/airflow/dags/1-bashoperator.py
[2024-09-17 23:52:34,725] {logging_mixin.py:115} INFO - [2024-09-17 23:52:34,725] {dag.py:2420} INFO - Sync 1 DAGs
[2024-09-17 23:52:34,739] {logging_mixin.py:115} INFO - [2024-09-17 23:52:34,739] {dag.py:2972} INFO - Setting next_dagrun for bashoperator to 2024-05-15T00:00:00+00:00, run_after=2024-05-16T00:00:00+00:00
[2024-09-17 23:52:34,747] {processor.py:161} INFO - Processing /opt/airflow/dags/1-bashoperator.py took 0.048 seconds
[2024-09-17 23:53:05,124] {processor.py:153} INFO - Started process (PID=7438) to work on /opt/airflow/dags/1-bashoperator.py
[2024-09-17 23:53:05,124] {processor.py:641} INFO - Processing file /opt/airflow/dags/1-bashoperator.py for tasks to queue
[2024-09-17 23:53:05,124] {logging_mixin.py:115} INFO - [2024-09-17 23:53:05,124] {dagbag.py:508} INFO - Filling up the DagBag from /opt/airflow/dags/1-bashoperator.py
[2024-09-17 23:53:05,129] {processor.py:651} INFO - DAG(s) dict_keys(['bashoperator']) retrieved from /opt/airflow/dags/1-bashoperator.py
[2024-09-17 23:53:05,145] {logging_mixin.py:115} INFO - [2024-09-17 23:53:05,145] {dag.py:2420} INFO - Sync 1 DAGs
[2024-09-17 23:53:05,159] {logging_mixin.py:115} INFO - [2024-09-17 23:53:05,159] {dag.py:2972} INFO - Setting next_dagrun for bashoperator to 2024-05-15T00:00:00+00:00, run_after=2024-05-16T00:00:00+00:00
[2024-09-17 23:53:05,167] {processor.py:161} INFO - Processing /opt/airflow/dags/1-bashoperator.py took 0.045 seconds
[2024-09-17 23:53:35,557] {processor.py:153} INFO - Started process (PID=7467) to work on /opt/airflow/dags/1-bashoperator.py
[2024-09-17 23:53:35,558] {processor.py:641} INFO - Processing file /opt/airflow/dags/1-bashoperator.py for tasks to queue
[2024-09-17 23:53:35,558] {logging_mixin.py:115} INFO - [2024-09-17 23:53:35,558] {dagbag.py:508} INFO - Filling up the DagBag from /opt/airflow/dags/1-bashoperator.py
[2024-09-17 23:53:35,564] {processor.py:651} INFO - DAG(s) dict_keys(['bashoperator']) retrieved from /opt/airflow/dags/1-bashoperator.py
[2024-09-17 23:53:35,582] {logging_mixin.py:115} INFO - [2024-09-17 23:53:35,582] {dag.py:2420} INFO - Sync 1 DAGs
[2024-09-17 23:53:35,595] {logging_mixin.py:115} INFO - [2024-09-17 23:53:35,595] {dag.py:2972} INFO - Setting next_dagrun for bashoperator to 2024-05-15T00:00:00+00:00, run_after=2024-05-16T00:00:00+00:00
[2024-09-17 23:53:35,603] {processor.py:161} INFO - Processing /opt/airflow/dags/1-bashoperator.py took 0.048 seconds
[2024-09-17 23:54:06,017] {processor.py:153} INFO - Started process (PID=7505) to work on /opt/airflow/dags/1-bashoperator.py
[2024-09-17 23:54:06,018] {processor.py:641} INFO - Processing file /opt/airflow/dags/1-bashoperator.py for tasks to queue
[2024-09-17 23:54:06,018] {logging_mixin.py:115} INFO - [2024-09-17 23:54:06,018] {dagbag.py:508} INFO - Filling up the DagBag from /opt/airflow/dags/1-bashoperator.py
[2024-09-17 23:54:06,022] {processor.py:651} INFO - DAG(s) dict_keys(['bashoperator']) retrieved from /opt/airflow/dags/1-bashoperator.py
[2024-09-17 23:54:06,040] {logging_mixin.py:115} INFO - [2024-09-17 23:54:06,040] {dag.py:2420} INFO - Sync 1 DAGs
[2024-09-17 23:54:06,055] {logging_mixin.py:115} INFO - [2024-09-17 23:54:06,055] {dag.py:2972} INFO - Setting next_dagrun for bashoperator to 2024-05-15T00:00:00+00:00, run_after=2024-05-16T00:00:00+00:00
[2024-09-17 23:54:06,064] {processor.py:161} INFO - Processing /opt/airflow/dags/1-bashoperator.py took 0.049 seconds
[2024-09-17 23:54:36,506] {processor.py:153} INFO - Started process (PID=7544) to work on /opt/airflow/dags/1-bashoperator.py
[2024-09-17 23:54:36,507] {processor.py:641} INFO - Processing file /opt/airflow/dags/1-bashoperator.py for tasks to queue
[2024-09-17 23:54:36,507] {logging_mixin.py:115} INFO - [2024-09-17 23:54:36,507] {dagbag.py:508} INFO - Filling up the DagBag from /opt/airflow/dags/1-bashoperator.py
[2024-09-17 23:54:36,510] {processor.py:651} INFO - DAG(s) dict_keys(['bashoperator']) retrieved from /opt/airflow/dags/1-bashoperator.py
[2024-09-17 23:54:36,526] {logging_mixin.py:115} INFO - [2024-09-17 23:54:36,526] {dag.py:2420} INFO - Sync 1 DAGs
[2024-09-17 23:54:36,540] {logging_mixin.py:115} INFO - [2024-09-17 23:54:36,540] {dag.py:2972} INFO - Setting next_dagrun for bashoperator to 2024-05-15T00:00:00+00:00, run_after=2024-05-16T00:00:00+00:00
[2024-09-17 23:54:36,547] {processor.py:161} INFO - Processing /opt/airflow/dags/1-bashoperator.py took 0.043 seconds
[2024-09-17 23:55:07,234] {processor.py:153} INFO - Started process (PID=7583) to work on /opt/airflow/dags/1-bashoperator.py
[2024-09-17 23:55:07,235] {processor.py:641} INFO - Processing file /opt/airflow/dags/1-bashoperator.py for tasks to queue
[2024-09-17 23:55:07,235] {logging_mixin.py:115} INFO - [2024-09-17 23:55:07,235] {dagbag.py:508} INFO - Filling up the DagBag from /opt/airflow/dags/1-bashoperator.py
[2024-09-17 23:55:07,239] {processor.py:651} INFO - DAG(s) dict_keys(['bashoperator']) retrieved from /opt/airflow/dags/1-bashoperator.py
[2024-09-17 23:55:07,260] {logging_mixin.py:115} INFO - [2024-09-17 23:55:07,260] {dag.py:2420} INFO - Sync 1 DAGs
[2024-09-17 23:55:07,278] {logging_mixin.py:115} INFO - [2024-09-17 23:55:07,278] {dag.py:2972} INFO - Setting next_dagrun for bashoperator to 2024-05-15T00:00:00+00:00, run_after=2024-05-16T00:00:00+00:00
[2024-09-17 23:55:07,288] {processor.py:161} INFO - Processing /opt/airflow/dags/1-bashoperator.py took 0.058 seconds
[2024-09-17 23:55:37,819] {processor.py:153} INFO - Started process (PID=7622) to work on /opt/airflow/dags/1-bashoperator.py
[2024-09-17 23:55:37,819] {processor.py:641} INFO - Processing file /opt/airflow/dags/1-bashoperator.py for tasks to queue
[2024-09-17 23:55:37,820] {logging_mixin.py:115} INFO - [2024-09-17 23:55:37,820] {dagbag.py:508} INFO - Filling up the DagBag from /opt/airflow/dags/1-bashoperator.py
[2024-09-17 23:55:37,824] {processor.py:651} INFO - DAG(s) dict_keys(['bashoperator']) retrieved from /opt/airflow/dags/1-bashoperator.py
[2024-09-17 23:55:37,843] {logging_mixin.py:115} INFO - [2024-09-17 23:55:37,843] {dag.py:2420} INFO - Sync 1 DAGs
[2024-09-17 23:55:37,860] {logging_mixin.py:115} INFO - [2024-09-17 23:55:37,860] {dag.py:2972} INFO - Setting next_dagrun for bashoperator to 2024-05-15T00:00:00+00:00, run_after=2024-05-16T00:00:00+00:00
[2024-09-17 23:55:37,869] {processor.py:161} INFO - Processing /opt/airflow/dags/1-bashoperator.py took 0.052 seconds
[2024-09-17 23:56:08,411] {processor.py:153} INFO - Started process (PID=7661) to work on /opt/airflow/dags/1-bashoperator.py
[2024-09-17 23:56:08,412] {processor.py:641} INFO - Processing file /opt/airflow/dags/1-bashoperator.py for tasks to queue
[2024-09-17 23:56:08,412] {logging_mixin.py:115} INFO - [2024-09-17 23:56:08,412] {dagbag.py:508} INFO - Filling up the DagBag from /opt/airflow/dags/1-bashoperator.py
[2024-09-17 23:56:08,421] {processor.py:651} INFO - DAG(s) dict_keys(['bashoperator']) retrieved from /opt/airflow/dags/1-bashoperator.py
[2024-09-17 23:56:08,446] {logging_mixin.py:115} INFO - [2024-09-17 23:56:08,445] {dag.py:2420} INFO - Sync 1 DAGs
[2024-09-17 23:56:08,467] {logging_mixin.py:115} INFO - [2024-09-17 23:56:08,467] {dag.py:2972} INFO - Setting next_dagrun for bashoperator to 2024-05-15T00:00:00+00:00, run_after=2024-05-16T00:00:00+00:00
[2024-09-17 23:56:08,480] {processor.py:161} INFO - Processing /opt/airflow/dags/1-bashoperator.py took 0.074 seconds
[2024-09-17 23:56:38,940] {processor.py:153} INFO - Started process (PID=7691) to work on /opt/airflow/dags/1-bashoperator.py
[2024-09-17 23:56:38,940] {processor.py:641} INFO - Processing file /opt/airflow/dags/1-bashoperator.py for tasks to queue
[2024-09-17 23:56:38,941] {logging_mixin.py:115} INFO - [2024-09-17 23:56:38,941] {dagbag.py:508} INFO - Filling up the DagBag from /opt/airflow/dags/1-bashoperator.py
[2024-09-17 23:56:38,945] {processor.py:651} INFO - DAG(s) dict_keys(['bashoperator']) retrieved from /opt/airflow/dags/1-bashoperator.py
[2024-09-17 23:56:38,968] {logging_mixin.py:115} INFO - [2024-09-17 23:56:38,967] {dag.py:2420} INFO - Sync 1 DAGs
[2024-09-17 23:56:38,983] {logging_mixin.py:115} INFO - [2024-09-17 23:56:38,983] {dag.py:2972} INFO - Setting next_dagrun for bashoperator to 2024-05-15T00:00:00+00:00, run_after=2024-05-16T00:00:00+00:00
[2024-09-17 23:56:38,993] {processor.py:161} INFO - Processing /opt/airflow/dags/1-bashoperator.py took 0.056 seconds
[2024-09-17 23:57:09,505] {processor.py:153} INFO - Started process (PID=7730) to work on /opt/airflow/dags/1-bashoperator.py
[2024-09-17 23:57:09,506] {processor.py:641} INFO - Processing file /opt/airflow/dags/1-bashoperator.py for tasks to queue
[2024-09-17 23:57:09,506] {logging_mixin.py:115} INFO - [2024-09-17 23:57:09,506] {dagbag.py:508} INFO - Filling up the DagBag from /opt/airflow/dags/1-bashoperator.py
[2024-09-17 23:57:09,510] {processor.py:651} INFO - DAG(s) dict_keys(['bashoperator']) retrieved from /opt/airflow/dags/1-bashoperator.py
[2024-09-17 23:57:09,529] {logging_mixin.py:115} INFO - [2024-09-17 23:57:09,529] {dag.py:2420} INFO - Sync 1 DAGs
[2024-09-17 23:57:09,546] {logging_mixin.py:115} INFO - [2024-09-17 23:57:09,546] {dag.py:2972} INFO - Setting next_dagrun for bashoperator to 2024-05-15T00:00:00+00:00, run_after=2024-05-16T00:00:00+00:00
[2024-09-17 23:57:09,556] {processor.py:161} INFO - Processing /opt/airflow/dags/1-bashoperator.py took 0.053 seconds
[2024-09-17 23:57:39,938] {processor.py:153} INFO - Started process (PID=7767) to work on /opt/airflow/dags/1-bashoperator.py
[2024-09-17 23:57:39,938] {processor.py:641} INFO - Processing file /opt/airflow/dags/1-bashoperator.py for tasks to queue
[2024-09-17 23:57:39,939] {logging_mixin.py:115} INFO - [2024-09-17 23:57:39,938] {dagbag.py:508} INFO - Filling up the DagBag from /opt/airflow/dags/1-bashoperator.py
[2024-09-17 23:57:39,942] {processor.py:651} INFO - DAG(s) dict_keys(['bashoperator']) retrieved from /opt/airflow/dags/1-bashoperator.py
[2024-09-17 23:57:39,958] {logging_mixin.py:115} INFO - [2024-09-17 23:57:39,958] {dag.py:2420} INFO - Sync 1 DAGs
[2024-09-17 23:57:39,972] {logging_mixin.py:115} INFO - [2024-09-17 23:57:39,972] {dag.py:2972} INFO - Setting next_dagrun for bashoperator to 2024-05-15T00:00:00+00:00, run_after=2024-05-16T00:00:00+00:00
[2024-09-17 23:57:39,981] {processor.py:161} INFO - Processing /opt/airflow/dags/1-bashoperator.py took 0.045 seconds
[2024-09-17 23:58:10,432] {processor.py:153} INFO - Started process (PID=7805) to work on /opt/airflow/dags/1-bashoperator.py
[2024-09-17 23:58:10,433] {processor.py:641} INFO - Processing file /opt/airflow/dags/1-bashoperator.py for tasks to queue
[2024-09-17 23:58:10,433] {logging_mixin.py:115} INFO - [2024-09-17 23:58:10,433] {dagbag.py:508} INFO - Filling up the DagBag from /opt/airflow/dags/1-bashoperator.py
[2024-09-17 23:58:10,437] {processor.py:651} INFO - DAG(s) dict_keys(['bashoperator']) retrieved from /opt/airflow/dags/1-bashoperator.py
[2024-09-17 23:58:10,453] {logging_mixin.py:115} INFO - [2024-09-17 23:58:10,453] {dag.py:2420} INFO - Sync 1 DAGs
[2024-09-17 23:58:10,467] {logging_mixin.py:115} INFO - [2024-09-17 23:58:10,467] {dag.py:2972} INFO - Setting next_dagrun for bashoperator to 2024-05-15T00:00:00+00:00, run_after=2024-05-16T00:00:00+00:00
[2024-09-17 23:58:10,475] {processor.py:161} INFO - Processing /opt/airflow/dags/1-bashoperator.py took 0.045 seconds
[2024-09-17 23:58:40,990] {processor.py:153} INFO - Started process (PID=7844) to work on /opt/airflow/dags/1-bashoperator.py
[2024-09-17 23:58:40,990] {processor.py:641} INFO - Processing file /opt/airflow/dags/1-bashoperator.py for tasks to queue
[2024-09-17 23:58:40,991] {logging_mixin.py:115} INFO - [2024-09-17 23:58:40,991] {dagbag.py:508} INFO - Filling up the DagBag from /opt/airflow/dags/1-bashoperator.py
[2024-09-17 23:58:40,994] {processor.py:651} INFO - DAG(s) dict_keys(['bashoperator']) retrieved from /opt/airflow/dags/1-bashoperator.py
[2024-09-17 23:58:41,010] {logging_mixin.py:115} INFO - [2024-09-17 23:58:41,010] {dag.py:2420} INFO - Sync 1 DAGs
[2024-09-17 23:58:41,023] {logging_mixin.py:115} INFO - [2024-09-17 23:58:41,023] {dag.py:2972} INFO - Setting next_dagrun for bashoperator to 2024-05-15T00:00:00+00:00, run_after=2024-05-16T00:00:00+00:00
[2024-09-17 23:58:41,030] {processor.py:161} INFO - Processing /opt/airflow/dags/1-bashoperator.py took 0.043 seconds
[2024-09-17 23:59:11,430] {processor.py:153} INFO - Started process (PID=7874) to work on /opt/airflow/dags/1-bashoperator.py
[2024-09-17 23:59:11,430] {processor.py:641} INFO - Processing file /opt/airflow/dags/1-bashoperator.py for tasks to queue
[2024-09-17 23:59:11,431] {logging_mixin.py:115} INFO - [2024-09-17 23:59:11,431] {dagbag.py:508} INFO - Filling up the DagBag from /opt/airflow/dags/1-bashoperator.py
[2024-09-17 23:59:11,435] {processor.py:651} INFO - DAG(s) dict_keys(['bashoperator']) retrieved from /opt/airflow/dags/1-bashoperator.py
[2024-09-17 23:59:11,452] {logging_mixin.py:115} INFO - [2024-09-17 23:59:11,452] {dag.py:2420} INFO - Sync 1 DAGs
[2024-09-17 23:59:11,467] {logging_mixin.py:115} INFO - [2024-09-17 23:59:11,467] {dag.py:2972} INFO - Setting next_dagrun for bashoperator to 2024-05-15T00:00:00+00:00, run_after=2024-05-16T00:00:00+00:00
[2024-09-17 23:59:11,477] {processor.py:161} INFO - Processing /opt/airflow/dags/1-bashoperator.py took 0.050 seconds
[2024-09-17 23:59:41,882] {processor.py:153} INFO - Started process (PID=7913) to work on /opt/airflow/dags/1-bashoperator.py
[2024-09-17 23:59:41,883] {processor.py:641} INFO - Processing file /opt/airflow/dags/1-bashoperator.py for tasks to queue
[2024-09-17 23:59:41,883] {logging_mixin.py:115} INFO - [2024-09-17 23:59:41,883] {dagbag.py:508} INFO - Filling up the DagBag from /opt/airflow/dags/1-bashoperator.py
[2024-09-17 23:59:41,886] {processor.py:651} INFO - DAG(s) dict_keys(['bashoperator']) retrieved from /opt/airflow/dags/1-bashoperator.py
[2024-09-17 23:59:41,906] {logging_mixin.py:115} INFO - [2024-09-17 23:59:41,906] {dag.py:2420} INFO - Sync 1 DAGs
[2024-09-17 23:59:41,920] {logging_mixin.py:115} INFO - [2024-09-17 23:59:41,920] {dag.py:2972} INFO - Setting next_dagrun for bashoperator to 2024-05-15T00:00:00+00:00, run_after=2024-05-16T00:00:00+00:00
[2024-09-17 23:59:41,927] {processor.py:161} INFO - Processing /opt/airflow/dags/1-bashoperator.py took 0.047 seconds
