[2024-09-30 15:46:20,578] {processor.py:153} INFO - Started process (PID=48) to work on /opt/airflow/dags/0-firstdag.py
[2024-09-30 15:46:20,579] {processor.py:641} INFO - Processing file /opt/airflow/dags/0-firstdag.py for tasks to queue
[2024-09-30 15:46:20,580] {logging_mixin.py:115} INFO - [2024-09-30 15:46:20,579] {dagbag.py:508} INFO - Filling up the DagBag from /opt/airflow/dags/0-firstdag.py
[2024-09-30 15:46:20,582] {processor.py:651} INFO - DAG(s) dict_keys(['first_dag']) retrieved from /opt/airflow/dags/0-firstdag.py
[2024-09-30 15:46:20,600] {logging_mixin.py:115} INFO - [2024-09-30 15:46:20,600] {dag.py:2420} INFO - Sync 1 DAGs
[2024-09-30 15:46:20,715] {logging_mixin.py:115} INFO - [2024-09-30 15:46:20,715] {dag.py:2972} INFO - Setting next_dagrun for first_dag to None, run_after=None
[2024-09-30 15:46:20,724] {processor.py:161} INFO - Processing /opt/airflow/dags/0-firstdag.py took 0.148 seconds
[2024-09-30 15:46:51,351] {processor.py:153} INFO - Started process (PID=87) to work on /opt/airflow/dags/0-firstdag.py
[2024-09-30 15:46:51,351] {processor.py:641} INFO - Processing file /opt/airflow/dags/0-firstdag.py for tasks to queue
[2024-09-30 15:46:51,352] {logging_mixin.py:115} INFO - [2024-09-30 15:46:51,352] {dagbag.py:508} INFO - Filling up the DagBag from /opt/airflow/dags/0-firstdag.py
[2024-09-30 15:46:51,354] {processor.py:651} INFO - DAG(s) dict_keys(['first_dag']) retrieved from /opt/airflow/dags/0-firstdag.py
[2024-09-30 15:46:51,373] {logging_mixin.py:115} INFO - [2024-09-30 15:46:51,373] {dag.py:2420} INFO - Sync 1 DAGs
[2024-09-30 15:46:51,461] {logging_mixin.py:115} INFO - [2024-09-30 15:46:51,461] {dag.py:2972} INFO - Setting next_dagrun for first_dag to None, run_after=None
[2024-09-30 15:46:51,469] {processor.py:161} INFO - Processing /opt/airflow/dags/0-firstdag.py took 0.120 seconds
[2024-09-30 15:47:22,335] {processor.py:153} INFO - Started process (PID=126) to work on /opt/airflow/dags/0-firstdag.py
[2024-09-30 15:47:22,336] {processor.py:641} INFO - Processing file /opt/airflow/dags/0-firstdag.py for tasks to queue
[2024-09-30 15:47:22,336] {logging_mixin.py:115} INFO - [2024-09-30 15:47:22,336] {dagbag.py:508} INFO - Filling up the DagBag from /opt/airflow/dags/0-firstdag.py
[2024-09-30 15:47:22,338] {processor.py:651} INFO - DAG(s) dict_keys(['first_dag']) retrieved from /opt/airflow/dags/0-firstdag.py
[2024-09-30 15:47:22,439] {logging_mixin.py:115} INFO - [2024-09-30 15:47:22,438] {dag.py:2420} INFO - Sync 1 DAGs
[2024-09-30 15:47:22,450] {logging_mixin.py:115} INFO - [2024-09-30 15:47:22,450] {dag.py:2972} INFO - Setting next_dagrun for first_dag to None, run_after=None
[2024-09-30 15:47:22,457] {processor.py:161} INFO - Processing /opt/airflow/dags/0-firstdag.py took 0.123 seconds
[2024-09-30 15:47:52,842] {processor.py:153} INFO - Started process (PID=165) to work on /opt/airflow/dags/0-firstdag.py
[2024-09-30 15:47:52,842] {processor.py:641} INFO - Processing file /opt/airflow/dags/0-firstdag.py for tasks to queue
[2024-09-30 15:47:52,843] {logging_mixin.py:115} INFO - [2024-09-30 15:47:52,843] {dagbag.py:508} INFO - Filling up the DagBag from /opt/airflow/dags/0-firstdag.py
[2024-09-30 15:47:52,845] {processor.py:651} INFO - DAG(s) dict_keys(['first_dag']) retrieved from /opt/airflow/dags/0-firstdag.py
[2024-09-30 15:47:52,860] {logging_mixin.py:115} INFO - [2024-09-30 15:47:52,860] {dag.py:2420} INFO - Sync 1 DAGs
[2024-09-30 15:47:52,873] {logging_mixin.py:115} INFO - [2024-09-30 15:47:52,873] {dag.py:2972} INFO - Setting next_dagrun for first_dag to None, run_after=None
[2024-09-30 15:47:52,880] {processor.py:161} INFO - Processing /opt/airflow/dags/0-firstdag.py took 0.041 seconds
[2024-09-30 15:48:23,336] {processor.py:153} INFO - Started process (PID=204) to work on /opt/airflow/dags/0-firstdag.py
[2024-09-30 15:48:23,336] {processor.py:641} INFO - Processing file /opt/airflow/dags/0-firstdag.py for tasks to queue
[2024-09-30 15:48:23,337] {logging_mixin.py:115} INFO - [2024-09-30 15:48:23,336] {dagbag.py:508} INFO - Filling up the DagBag from /opt/airflow/dags/0-firstdag.py
[2024-09-30 15:48:23,339] {processor.py:651} INFO - DAG(s) dict_keys(['first_dag']) retrieved from /opt/airflow/dags/0-firstdag.py
[2024-09-30 15:48:23,355] {logging_mixin.py:115} INFO - [2024-09-30 15:48:23,355] {dag.py:2420} INFO - Sync 1 DAGs
[2024-09-30 15:48:23,369] {logging_mixin.py:115} INFO - [2024-09-30 15:48:23,369] {dag.py:2972} INFO - Setting next_dagrun for first_dag to None, run_after=None
[2024-09-30 15:48:23,379] {processor.py:161} INFO - Processing /opt/airflow/dags/0-firstdag.py took 0.046 seconds
[2024-09-30 15:48:53,825] {processor.py:153} INFO - Started process (PID=234) to work on /opt/airflow/dags/0-firstdag.py
[2024-09-30 15:48:53,825] {processor.py:641} INFO - Processing file /opt/airflow/dags/0-firstdag.py for tasks to queue
[2024-09-30 15:48:53,826] {logging_mixin.py:115} INFO - [2024-09-30 15:48:53,825] {dagbag.py:508} INFO - Filling up the DagBag from /opt/airflow/dags/0-firstdag.py
[2024-09-30 15:48:53,828] {processor.py:651} INFO - DAG(s) dict_keys(['first_dag']) retrieved from /opt/airflow/dags/0-firstdag.py
[2024-09-30 15:48:53,842] {logging_mixin.py:115} INFO - [2024-09-30 15:48:53,842] {dag.py:2420} INFO - Sync 1 DAGs
[2024-09-30 15:48:53,855] {logging_mixin.py:115} INFO - [2024-09-30 15:48:53,855] {dag.py:2972} INFO - Setting next_dagrun for first_dag to None, run_after=None
[2024-09-30 15:48:53,862] {processor.py:161} INFO - Processing /opt/airflow/dags/0-firstdag.py took 0.039 seconds
[2024-09-30 15:49:24,233] {processor.py:153} INFO - Started process (PID=272) to work on /opt/airflow/dags/0-firstdag.py
[2024-09-30 15:49:24,233] {processor.py:641} INFO - Processing file /opt/airflow/dags/0-firstdag.py for tasks to queue
[2024-09-30 15:49:24,234] {logging_mixin.py:115} INFO - [2024-09-30 15:49:24,234] {dagbag.py:508} INFO - Filling up the DagBag from /opt/airflow/dags/0-firstdag.py
[2024-09-30 15:49:24,236] {processor.py:651} INFO - DAG(s) dict_keys(['first_dag']) retrieved from /opt/airflow/dags/0-firstdag.py
[2024-09-30 15:49:24,252] {logging_mixin.py:115} INFO - [2024-09-30 15:49:24,252] {dag.py:2420} INFO - Sync 1 DAGs
[2024-09-30 15:49:24,264] {logging_mixin.py:115} INFO - [2024-09-30 15:49:24,264] {dag.py:2972} INFO - Setting next_dagrun for first_dag to None, run_after=None
[2024-09-30 15:49:24,271] {processor.py:161} INFO - Processing /opt/airflow/dags/0-firstdag.py took 0.040 seconds
[2024-09-30 15:49:54,680] {processor.py:153} INFO - Started process (PID=311) to work on /opt/airflow/dags/0-firstdag.py
[2024-09-30 15:49:54,681] {processor.py:641} INFO - Processing file /opt/airflow/dags/0-firstdag.py for tasks to queue
[2024-09-30 15:49:54,681] {logging_mixin.py:115} INFO - [2024-09-30 15:49:54,681] {dagbag.py:508} INFO - Filling up the DagBag from /opt/airflow/dags/0-firstdag.py
[2024-09-30 15:49:54,683] {processor.py:651} INFO - DAG(s) dict_keys(['first_dag']) retrieved from /opt/airflow/dags/0-firstdag.py
[2024-09-30 15:49:54,698] {logging_mixin.py:115} INFO - [2024-09-30 15:49:54,698] {dag.py:2420} INFO - Sync 1 DAGs
[2024-09-30 15:49:54,710] {logging_mixin.py:115} INFO - [2024-09-30 15:49:54,710] {dag.py:2972} INFO - Setting next_dagrun for first_dag to None, run_after=None
[2024-09-30 15:49:54,717] {processor.py:161} INFO - Processing /opt/airflow/dags/0-firstdag.py took 0.039 seconds
[2024-09-30 15:50:25,137] {processor.py:153} INFO - Started process (PID=350) to work on /opt/airflow/dags/0-firstdag.py
[2024-09-30 15:50:25,138] {processor.py:641} INFO - Processing file /opt/airflow/dags/0-firstdag.py for tasks to queue
[2024-09-30 15:50:25,138] {logging_mixin.py:115} INFO - [2024-09-30 15:50:25,138] {dagbag.py:508} INFO - Filling up the DagBag from /opt/airflow/dags/0-firstdag.py
[2024-09-30 15:50:25,140] {processor.py:651} INFO - DAG(s) dict_keys(['first_dag']) retrieved from /opt/airflow/dags/0-firstdag.py
[2024-09-30 15:50:25,155] {logging_mixin.py:115} INFO - [2024-09-30 15:50:25,155] {dag.py:2420} INFO - Sync 1 DAGs
[2024-09-30 15:50:25,167] {logging_mixin.py:115} INFO - [2024-09-30 15:50:25,167] {dag.py:2972} INFO - Setting next_dagrun for first_dag to None, run_after=None
[2024-09-30 15:50:25,174] {processor.py:161} INFO - Processing /opt/airflow/dags/0-firstdag.py took 0.039 seconds
[2024-09-30 15:50:55,602] {processor.py:153} INFO - Started process (PID=388) to work on /opt/airflow/dags/0-firstdag.py
[2024-09-30 15:50:55,603] {processor.py:641} INFO - Processing file /opt/airflow/dags/0-firstdag.py for tasks to queue
[2024-09-30 15:50:55,603] {logging_mixin.py:115} INFO - [2024-09-30 15:50:55,603] {dagbag.py:508} INFO - Filling up the DagBag from /opt/airflow/dags/0-firstdag.py
[2024-09-30 15:50:55,606] {processor.py:651} INFO - DAG(s) dict_keys(['first_dag']) retrieved from /opt/airflow/dags/0-firstdag.py
[2024-09-30 15:50:55,621] {logging_mixin.py:115} INFO - [2024-09-30 15:50:55,621] {dag.py:2420} INFO - Sync 1 DAGs
[2024-09-30 15:50:55,639] {logging_mixin.py:115} INFO - [2024-09-30 15:50:55,639] {dag.py:2972} INFO - Setting next_dagrun for first_dag to None, run_after=None
[2024-09-30 15:50:55,647] {processor.py:161} INFO - Processing /opt/airflow/dags/0-firstdag.py took 0.048 seconds
[2024-09-30 15:51:26,030] {processor.py:153} INFO - Started process (PID=424) to work on /opt/airflow/dags/0-firstdag.py
[2024-09-30 15:51:26,030] {processor.py:641} INFO - Processing file /opt/airflow/dags/0-firstdag.py for tasks to queue
[2024-09-30 15:51:26,031] {logging_mixin.py:115} INFO - [2024-09-30 15:51:26,031] {dagbag.py:508} INFO - Filling up the DagBag from /opt/airflow/dags/0-firstdag.py
[2024-09-30 15:51:26,033] {processor.py:651} INFO - DAG(s) dict_keys(['first_dag']) retrieved from /opt/airflow/dags/0-firstdag.py
[2024-09-30 15:51:26,048] {logging_mixin.py:115} INFO - [2024-09-30 15:51:26,048] {dag.py:2420} INFO - Sync 1 DAGs
[2024-09-30 15:51:26,061] {logging_mixin.py:115} INFO - [2024-09-30 15:51:26,061] {dag.py:2972} INFO - Setting next_dagrun for first_dag to None, run_after=None
[2024-09-30 15:51:26,068] {processor.py:161} INFO - Processing /opt/airflow/dags/0-firstdag.py took 0.040 seconds
[2024-09-30 15:51:56,491] {processor.py:153} INFO - Started process (PID=454) to work on /opt/airflow/dags/0-firstdag.py
[2024-09-30 15:51:56,492] {processor.py:641} INFO - Processing file /opt/airflow/dags/0-firstdag.py for tasks to queue
[2024-09-30 15:51:56,492] {logging_mixin.py:115} INFO - [2024-09-30 15:51:56,492] {dagbag.py:508} INFO - Filling up the DagBag from /opt/airflow/dags/0-firstdag.py
[2024-09-30 15:51:56,495] {processor.py:651} INFO - DAG(s) dict_keys(['first_dag']) retrieved from /opt/airflow/dags/0-firstdag.py
[2024-09-30 15:51:56,511] {logging_mixin.py:115} INFO - [2024-09-30 15:51:56,511] {dag.py:2420} INFO - Sync 1 DAGs
[2024-09-30 15:51:56,523] {logging_mixin.py:115} INFO - [2024-09-30 15:51:56,523] {dag.py:2972} INFO - Setting next_dagrun for first_dag to None, run_after=None
[2024-09-30 15:51:56,530] {processor.py:161} INFO - Processing /opt/airflow/dags/0-firstdag.py took 0.041 seconds
[2024-09-30 15:52:26,993] {processor.py:153} INFO - Started process (PID=493) to work on /opt/airflow/dags/0-firstdag.py
[2024-09-30 15:52:26,994] {processor.py:641} INFO - Processing file /opt/airflow/dags/0-firstdag.py for tasks to queue
[2024-09-30 15:52:26,994] {logging_mixin.py:115} INFO - [2024-09-30 15:52:26,994] {dagbag.py:508} INFO - Filling up the DagBag from /opt/airflow/dags/0-firstdag.py
[2024-09-30 15:52:26,996] {processor.py:651} INFO - DAG(s) dict_keys(['first_dag']) retrieved from /opt/airflow/dags/0-firstdag.py
[2024-09-30 15:52:27,011] {logging_mixin.py:115} INFO - [2024-09-30 15:52:27,011] {dag.py:2420} INFO - Sync 1 DAGs
[2024-09-30 15:52:27,024] {logging_mixin.py:115} INFO - [2024-09-30 15:52:27,024] {dag.py:2972} INFO - Setting next_dagrun for first_dag to None, run_after=None
[2024-09-30 15:52:27,030] {processor.py:161} INFO - Processing /opt/airflow/dags/0-firstdag.py took 0.039 seconds
[2024-09-30 15:52:57,558] {processor.py:153} INFO - Started process (PID=531) to work on /opt/airflow/dags/0-firstdag.py
[2024-09-30 15:52:57,559] {processor.py:641} INFO - Processing file /opt/airflow/dags/0-firstdag.py for tasks to queue
[2024-09-30 15:52:57,560] {logging_mixin.py:115} INFO - [2024-09-30 15:52:57,559] {dagbag.py:508} INFO - Filling up the DagBag from /opt/airflow/dags/0-firstdag.py
[2024-09-30 15:52:57,562] {processor.py:651} INFO - DAG(s) dict_keys(['first_dag']) retrieved from /opt/airflow/dags/0-firstdag.py
[2024-09-30 15:52:57,580] {logging_mixin.py:115} INFO - [2024-09-30 15:52:57,580] {dag.py:2420} INFO - Sync 1 DAGs
[2024-09-30 15:52:57,594] {logging_mixin.py:115} INFO - [2024-09-30 15:52:57,594] {dag.py:2972} INFO - Setting next_dagrun for first_dag to None, run_after=None
[2024-09-30 15:52:57,603] {processor.py:161} INFO - Processing /opt/airflow/dags/0-firstdag.py took 0.047 seconds
[2024-09-30 15:53:28,029] {processor.py:153} INFO - Started process (PID=569) to work on /opt/airflow/dags/0-firstdag.py
[2024-09-30 15:53:28,029] {processor.py:641} INFO - Processing file /opt/airflow/dags/0-firstdag.py for tasks to queue
[2024-09-30 15:53:28,030] {logging_mixin.py:115} INFO - [2024-09-30 15:53:28,030] {dagbag.py:508} INFO - Filling up the DagBag from /opt/airflow/dags/0-firstdag.py
[2024-09-30 15:53:28,033] {processor.py:651} INFO - DAG(s) dict_keys(['first_dag']) retrieved from /opt/airflow/dags/0-firstdag.py
[2024-09-30 15:53:28,049] {logging_mixin.py:115} INFO - [2024-09-30 15:53:28,049] {dag.py:2420} INFO - Sync 1 DAGs
[2024-09-30 15:53:28,064] {logging_mixin.py:115} INFO - [2024-09-30 15:53:28,064] {dag.py:2972} INFO - Setting next_dagrun for first_dag to None, run_after=None
[2024-09-30 15:53:28,071] {processor.py:161} INFO - Processing /opt/airflow/dags/0-firstdag.py took 0.045 seconds
[2024-09-30 15:53:58,487] {processor.py:153} INFO - Started process (PID=608) to work on /opt/airflow/dags/0-firstdag.py
[2024-09-30 15:53:58,487] {processor.py:641} INFO - Processing file /opt/airflow/dags/0-firstdag.py for tasks to queue
[2024-09-30 15:53:58,488] {logging_mixin.py:115} INFO - [2024-09-30 15:53:58,488] {dagbag.py:508} INFO - Filling up the DagBag from /opt/airflow/dags/0-firstdag.py
[2024-09-30 15:53:58,490] {processor.py:651} INFO - DAG(s) dict_keys(['first_dag']) retrieved from /opt/airflow/dags/0-firstdag.py
[2024-09-30 15:53:58,504] {logging_mixin.py:115} INFO - [2024-09-30 15:53:58,504] {dag.py:2420} INFO - Sync 1 DAGs
[2024-09-30 15:53:58,517] {logging_mixin.py:115} INFO - [2024-09-30 15:53:58,517] {dag.py:2972} INFO - Setting next_dagrun for first_dag to None, run_after=None
[2024-09-30 15:53:58,524] {processor.py:161} INFO - Processing /opt/airflow/dags/0-firstdag.py took 0.040 seconds
[2024-09-30 15:54:28,946] {processor.py:153} INFO - Started process (PID=647) to work on /opt/airflow/dags/0-firstdag.py
[2024-09-30 15:54:28,946] {processor.py:641} INFO - Processing file /opt/airflow/dags/0-firstdag.py for tasks to queue
[2024-09-30 15:54:28,947] {logging_mixin.py:115} INFO - [2024-09-30 15:54:28,947] {dagbag.py:508} INFO - Filling up the DagBag from /opt/airflow/dags/0-firstdag.py
[2024-09-30 15:54:28,950] {processor.py:651} INFO - DAG(s) dict_keys(['first_dag']) retrieved from /opt/airflow/dags/0-firstdag.py
[2024-09-30 15:54:28,967] {logging_mixin.py:115} INFO - [2024-09-30 15:54:28,966] {dag.py:2420} INFO - Sync 1 DAGs
[2024-09-30 15:54:28,980] {logging_mixin.py:115} INFO - [2024-09-30 15:54:28,980] {dag.py:2972} INFO - Setting next_dagrun for first_dag to None, run_after=None
[2024-09-30 15:54:28,987] {processor.py:161} INFO - Processing /opt/airflow/dags/0-firstdag.py took 0.043 seconds
[2024-09-30 15:54:59,419] {processor.py:153} INFO - Started process (PID=677) to work on /opt/airflow/dags/0-firstdag.py
[2024-09-30 15:54:59,420] {processor.py:641} INFO - Processing file /opt/airflow/dags/0-firstdag.py for tasks to queue
[2024-09-30 15:54:59,420] {logging_mixin.py:115} INFO - [2024-09-30 15:54:59,420] {dagbag.py:508} INFO - Filling up the DagBag from /opt/airflow/dags/0-firstdag.py
[2024-09-30 15:54:59,422] {processor.py:651} INFO - DAG(s) dict_keys(['first_dag']) retrieved from /opt/airflow/dags/0-firstdag.py
[2024-09-30 15:54:59,439] {logging_mixin.py:115} INFO - [2024-09-30 15:54:59,439] {dag.py:2420} INFO - Sync 1 DAGs
[2024-09-30 15:54:59,453] {logging_mixin.py:115} INFO - [2024-09-30 15:54:59,453] {dag.py:2972} INFO - Setting next_dagrun for first_dag to None, run_after=None
[2024-09-30 15:54:59,461] {processor.py:161} INFO - Processing /opt/airflow/dags/0-firstdag.py took 0.044 seconds
[2024-09-30 15:55:29,896] {processor.py:153} INFO - Started process (PID=716) to work on /opt/airflow/dags/0-firstdag.py
[2024-09-30 15:55:29,897] {processor.py:641} INFO - Processing file /opt/airflow/dags/0-firstdag.py for tasks to queue
[2024-09-30 15:55:29,897] {logging_mixin.py:115} INFO - [2024-09-30 15:55:29,897] {dagbag.py:508} INFO - Filling up the DagBag from /opt/airflow/dags/0-firstdag.py
[2024-09-30 15:55:29,899] {processor.py:651} INFO - DAG(s) dict_keys(['first_dag']) retrieved from /opt/airflow/dags/0-firstdag.py
[2024-09-30 15:55:29,916] {logging_mixin.py:115} INFO - [2024-09-30 15:55:29,916] {dag.py:2420} INFO - Sync 1 DAGs
[2024-09-30 15:55:29,930] {logging_mixin.py:115} INFO - [2024-09-30 15:55:29,930] {dag.py:2972} INFO - Setting next_dagrun for first_dag to None, run_after=None
[2024-09-30 15:55:29,937] {processor.py:161} INFO - Processing /opt/airflow/dags/0-firstdag.py took 0.043 seconds
[2024-09-30 15:56:00,419] {processor.py:153} INFO - Started process (PID=755) to work on /opt/airflow/dags/0-firstdag.py
[2024-09-30 15:56:00,420] {processor.py:641} INFO - Processing file /opt/airflow/dags/0-firstdag.py for tasks to queue
[2024-09-30 15:56:00,420] {logging_mixin.py:115} INFO - [2024-09-30 15:56:00,420] {dagbag.py:508} INFO - Filling up the DagBag from /opt/airflow/dags/0-firstdag.py
[2024-09-30 15:56:00,422] {processor.py:651} INFO - DAG(s) dict_keys(['first_dag']) retrieved from /opt/airflow/dags/0-firstdag.py
[2024-09-30 15:56:00,438] {logging_mixin.py:115} INFO - [2024-09-30 15:56:00,437] {dag.py:2420} INFO - Sync 1 DAGs
[2024-09-30 15:56:00,451] {logging_mixin.py:115} INFO - [2024-09-30 15:56:00,451] {dag.py:2972} INFO - Setting next_dagrun for first_dag to None, run_after=None
[2024-09-30 15:56:00,458] {processor.py:161} INFO - Processing /opt/airflow/dags/0-firstdag.py took 0.041 seconds
[2024-09-30 15:56:30,919] {processor.py:153} INFO - Started process (PID=793) to work on /opt/airflow/dags/0-firstdag.py
[2024-09-30 15:56:30,919] {processor.py:641} INFO - Processing file /opt/airflow/dags/0-firstdag.py for tasks to queue
[2024-09-30 15:56:30,919] {logging_mixin.py:115} INFO - [2024-09-30 15:56:30,919] {dagbag.py:508} INFO - Filling up the DagBag from /opt/airflow/dags/0-firstdag.py
[2024-09-30 15:56:30,922] {processor.py:651} INFO - DAG(s) dict_keys(['first_dag']) retrieved from /opt/airflow/dags/0-firstdag.py
[2024-09-30 15:56:30,937] {logging_mixin.py:115} INFO - [2024-09-30 15:56:30,937] {dag.py:2420} INFO - Sync 1 DAGs
[2024-09-30 15:56:30,950] {logging_mixin.py:115} INFO - [2024-09-30 15:56:30,950] {dag.py:2972} INFO - Setting next_dagrun for first_dag to None, run_after=None
[2024-09-30 15:56:30,958] {processor.py:161} INFO - Processing /opt/airflow/dags/0-firstdag.py took 0.042 seconds
[2024-09-30 15:57:01,333] {processor.py:153} INFO - Started process (PID=831) to work on /opt/airflow/dags/0-firstdag.py
[2024-09-30 15:57:01,333] {processor.py:641} INFO - Processing file /opt/airflow/dags/0-firstdag.py for tasks to queue
[2024-09-30 15:57:01,333] {logging_mixin.py:115} INFO - [2024-09-30 15:57:01,333] {dagbag.py:508} INFO - Filling up the DagBag from /opt/airflow/dags/0-firstdag.py
[2024-09-30 15:57:01,335] {processor.py:651} INFO - DAG(s) dict_keys(['first_dag']) retrieved from /opt/airflow/dags/0-firstdag.py
[2024-09-30 15:57:01,350] {logging_mixin.py:115} INFO - [2024-09-30 15:57:01,350] {dag.py:2420} INFO - Sync 1 DAGs
[2024-09-30 15:57:01,363] {logging_mixin.py:115} INFO - [2024-09-30 15:57:01,363] {dag.py:2972} INFO - Setting next_dagrun for first_dag to None, run_after=None
[2024-09-30 15:57:01,370] {processor.py:161} INFO - Processing /opt/airflow/dags/0-firstdag.py took 0.039 seconds
[2024-09-30 15:57:31,765] {processor.py:153} INFO - Started process (PID=871) to work on /opt/airflow/dags/0-firstdag.py
[2024-09-30 15:57:31,766] {processor.py:641} INFO - Processing file /opt/airflow/dags/0-firstdag.py for tasks to queue
[2024-09-30 15:57:31,766] {logging_mixin.py:115} INFO - [2024-09-30 15:57:31,766] {dagbag.py:508} INFO - Filling up the DagBag from /opt/airflow/dags/0-firstdag.py
[2024-09-30 15:57:31,769] {processor.py:651} INFO - DAG(s) dict_keys(['first_dag']) retrieved from /opt/airflow/dags/0-firstdag.py
[2024-09-30 15:57:31,786] {logging_mixin.py:115} INFO - [2024-09-30 15:57:31,786] {dag.py:2420} INFO - Sync 1 DAGs
[2024-09-30 15:57:31,801] {logging_mixin.py:115} INFO - [2024-09-30 15:57:31,800] {dag.py:2972} INFO - Setting next_dagrun for first_dag to None, run_after=None
[2024-09-30 15:57:31,809] {processor.py:161} INFO - Processing /opt/airflow/dags/0-firstdag.py took 0.046 seconds
[2024-09-30 15:58:02,189] {processor.py:153} INFO - Started process (PID=900) to work on /opt/airflow/dags/0-firstdag.py
[2024-09-30 15:58:02,190] {processor.py:641} INFO - Processing file /opt/airflow/dags/0-firstdag.py for tasks to queue
[2024-09-30 15:58:02,190] {logging_mixin.py:115} INFO - [2024-09-30 15:58:02,190] {dagbag.py:508} INFO - Filling up the DagBag from /opt/airflow/dags/0-firstdag.py
[2024-09-30 15:58:02,193] {processor.py:651} INFO - DAG(s) dict_keys(['first_dag']) retrieved from /opt/airflow/dags/0-firstdag.py
[2024-09-30 15:58:02,209] {logging_mixin.py:115} INFO - [2024-09-30 15:58:02,209] {dag.py:2420} INFO - Sync 1 DAGs
[2024-09-30 15:58:02,221] {logging_mixin.py:115} INFO - [2024-09-30 15:58:02,221] {dag.py:2972} INFO - Setting next_dagrun for first_dag to None, run_after=None
[2024-09-30 15:58:02,228] {processor.py:161} INFO - Processing /opt/airflow/dags/0-firstdag.py took 0.043 seconds
[2024-09-30 15:58:32,652] {processor.py:153} INFO - Started process (PID=939) to work on /opt/airflow/dags/0-firstdag.py
[2024-09-30 15:58:32,652] {processor.py:641} INFO - Processing file /opt/airflow/dags/0-firstdag.py for tasks to queue
[2024-09-30 15:58:32,653] {logging_mixin.py:115} INFO - [2024-09-30 15:58:32,652] {dagbag.py:508} INFO - Filling up the DagBag from /opt/airflow/dags/0-firstdag.py
[2024-09-30 15:58:32,655] {processor.py:651} INFO - DAG(s) dict_keys(['first_dag']) retrieved from /opt/airflow/dags/0-firstdag.py
[2024-09-30 15:58:32,671] {logging_mixin.py:115} INFO - [2024-09-30 15:58:32,671] {dag.py:2420} INFO - Sync 1 DAGs
[2024-09-30 15:58:32,684] {logging_mixin.py:115} INFO - [2024-09-30 15:58:32,683] {dag.py:2972} INFO - Setting next_dagrun for first_dag to None, run_after=None
[2024-09-30 15:58:32,691] {processor.py:161} INFO - Processing /opt/airflow/dags/0-firstdag.py took 0.042 seconds
[2024-09-30 15:59:03,114] {processor.py:153} INFO - Started process (PID=977) to work on /opt/airflow/dags/0-firstdag.py
[2024-09-30 15:59:03,115] {processor.py:641} INFO - Processing file /opt/airflow/dags/0-firstdag.py for tasks to queue
[2024-09-30 15:59:03,115] {logging_mixin.py:115} INFO - [2024-09-30 15:59:03,115] {dagbag.py:508} INFO - Filling up the DagBag from /opt/airflow/dags/0-firstdag.py
[2024-09-30 15:59:03,117] {processor.py:651} INFO - DAG(s) dict_keys(['first_dag']) retrieved from /opt/airflow/dags/0-firstdag.py
[2024-09-30 15:59:03,132] {logging_mixin.py:115} INFO - [2024-09-30 15:59:03,132] {dag.py:2420} INFO - Sync 1 DAGs
[2024-09-30 15:59:03,144] {logging_mixin.py:115} INFO - [2024-09-30 15:59:03,144] {dag.py:2972} INFO - Setting next_dagrun for first_dag to None, run_after=None
[2024-09-30 15:59:03,151] {processor.py:161} INFO - Processing /opt/airflow/dags/0-firstdag.py took 0.039 seconds
[2024-09-30 15:59:33,574] {processor.py:153} INFO - Started process (PID=1016) to work on /opt/airflow/dags/0-firstdag.py
[2024-09-30 15:59:33,574] {processor.py:641} INFO - Processing file /opt/airflow/dags/0-firstdag.py for tasks to queue
[2024-09-30 15:59:33,574] {logging_mixin.py:115} INFO - [2024-09-30 15:59:33,574] {dagbag.py:508} INFO - Filling up the DagBag from /opt/airflow/dags/0-firstdag.py
[2024-09-30 15:59:33,576] {processor.py:651} INFO - DAG(s) dict_keys(['first_dag']) retrieved from /opt/airflow/dags/0-firstdag.py
[2024-09-30 15:59:33,592] {logging_mixin.py:115} INFO - [2024-09-30 15:59:33,592] {dag.py:2420} INFO - Sync 1 DAGs
[2024-09-30 15:59:33,605] {logging_mixin.py:115} INFO - [2024-09-30 15:59:33,605] {dag.py:2972} INFO - Setting next_dagrun for first_dag to None, run_after=None
[2024-09-30 15:59:33,612] {processor.py:161} INFO - Processing /opt/airflow/dags/0-firstdag.py took 0.039 seconds
[2024-09-30 16:00:03,992] {processor.py:153} INFO - Started process (PID=1055) to work on /opt/airflow/dags/0-firstdag.py
[2024-09-30 16:00:03,992] {processor.py:641} INFO - Processing file /opt/airflow/dags/0-firstdag.py for tasks to queue
[2024-09-30 16:00:03,992] {logging_mixin.py:115} INFO - [2024-09-30 16:00:03,992] {dagbag.py:508} INFO - Filling up the DagBag from /opt/airflow/dags/0-firstdag.py
[2024-09-30 16:00:03,994] {processor.py:651} INFO - DAG(s) dict_keys(['first_dag']) retrieved from /opt/airflow/dags/0-firstdag.py
[2024-09-30 16:00:04,010] {logging_mixin.py:115} INFO - [2024-09-30 16:00:04,010] {dag.py:2420} INFO - Sync 1 DAGs
[2024-09-30 16:00:04,023] {logging_mixin.py:115} INFO - [2024-09-30 16:00:04,023] {dag.py:2972} INFO - Setting next_dagrun for first_dag to None, run_after=None
[2024-09-30 16:00:04,032] {processor.py:161} INFO - Processing /opt/airflow/dags/0-firstdag.py took 0.042 seconds
[2024-09-30 16:00:34,460] {processor.py:153} INFO - Started process (PID=1094) to work on /opt/airflow/dags/0-firstdag.py
[2024-09-30 16:00:34,460] {processor.py:641} INFO - Processing file /opt/airflow/dags/0-firstdag.py for tasks to queue
[2024-09-30 16:00:34,460] {logging_mixin.py:115} INFO - [2024-09-30 16:00:34,460] {dagbag.py:508} INFO - Filling up the DagBag from /opt/airflow/dags/0-firstdag.py
[2024-09-30 16:00:34,463] {processor.py:651} INFO - DAG(s) dict_keys(['first_dag']) retrieved from /opt/airflow/dags/0-firstdag.py
[2024-09-30 16:00:34,484] {logging_mixin.py:115} INFO - [2024-09-30 16:00:34,484] {dag.py:2420} INFO - Sync 1 DAGs
[2024-09-30 16:00:34,498] {logging_mixin.py:115} INFO - [2024-09-30 16:00:34,498] {dag.py:2972} INFO - Setting next_dagrun for first_dag to None, run_after=None
[2024-09-30 16:00:34,507] {processor.py:161} INFO - Processing /opt/airflow/dags/0-firstdag.py took 0.050 seconds
[2024-09-30 16:01:04,938] {processor.py:153} INFO - Started process (PID=1124) to work on /opt/airflow/dags/0-firstdag.py
[2024-09-30 16:01:04,938] {processor.py:641} INFO - Processing file /opt/airflow/dags/0-firstdag.py for tasks to queue
[2024-09-30 16:01:04,938] {logging_mixin.py:115} INFO - [2024-09-30 16:01:04,938] {dagbag.py:508} INFO - Filling up the DagBag from /opt/airflow/dags/0-firstdag.py
[2024-09-30 16:01:04,941] {processor.py:651} INFO - DAG(s) dict_keys(['first_dag']) retrieved from /opt/airflow/dags/0-firstdag.py
[2024-09-30 16:01:04,956] {logging_mixin.py:115} INFO - [2024-09-30 16:01:04,955] {dag.py:2420} INFO - Sync 1 DAGs
[2024-09-30 16:01:04,969] {logging_mixin.py:115} INFO - [2024-09-30 16:01:04,969] {dag.py:2972} INFO - Setting next_dagrun for first_dag to None, run_after=None
[2024-09-30 16:01:04,977] {processor.py:161} INFO - Processing /opt/airflow/dags/0-firstdag.py took 0.042 seconds
[2024-09-30 16:01:35,448] {processor.py:153} INFO - Started process (PID=1162) to work on /opt/airflow/dags/0-firstdag.py
[2024-09-30 16:01:35,448] {processor.py:641} INFO - Processing file /opt/airflow/dags/0-firstdag.py for tasks to queue
[2024-09-30 16:01:35,448] {logging_mixin.py:115} INFO - [2024-09-30 16:01:35,448] {dagbag.py:508} INFO - Filling up the DagBag from /opt/airflow/dags/0-firstdag.py
[2024-09-30 16:01:35,450] {processor.py:651} INFO - DAG(s) dict_keys(['first_dag']) retrieved from /opt/airflow/dags/0-firstdag.py
[2024-09-30 16:01:35,467] {logging_mixin.py:115} INFO - [2024-09-30 16:01:35,467] {dag.py:2420} INFO - Sync 1 DAGs
[2024-09-30 16:01:35,480] {logging_mixin.py:115} INFO - [2024-09-30 16:01:35,480] {dag.py:2972} INFO - Setting next_dagrun for first_dag to None, run_after=None
[2024-09-30 16:01:35,489] {processor.py:161} INFO - Processing /opt/airflow/dags/0-firstdag.py took 0.043 seconds
[2024-09-30 16:02:05,879] {processor.py:153} INFO - Started process (PID=1201) to work on /opt/airflow/dags/0-firstdag.py
[2024-09-30 16:02:05,879] {processor.py:641} INFO - Processing file /opt/airflow/dags/0-firstdag.py for tasks to queue
[2024-09-30 16:02:05,880] {logging_mixin.py:115} INFO - [2024-09-30 16:02:05,880] {dagbag.py:508} INFO - Filling up the DagBag from /opt/airflow/dags/0-firstdag.py
[2024-09-30 16:02:05,883] {processor.py:651} INFO - DAG(s) dict_keys(['first_dag']) retrieved from /opt/airflow/dags/0-firstdag.py
[2024-09-30 16:02:05,901] {logging_mixin.py:115} INFO - [2024-09-30 16:02:05,901] {dag.py:2420} INFO - Sync 1 DAGs
[2024-09-30 16:02:05,914] {logging_mixin.py:115} INFO - [2024-09-30 16:02:05,914] {dag.py:2972} INFO - Setting next_dagrun for first_dag to None, run_after=None
[2024-09-30 16:02:05,921] {processor.py:161} INFO - Processing /opt/airflow/dags/0-firstdag.py took 0.044 seconds
[2024-09-30 16:02:36,365] {processor.py:153} INFO - Started process (PID=1240) to work on /opt/airflow/dags/0-firstdag.py
[2024-09-30 16:02:36,365] {processor.py:641} INFO - Processing file /opt/airflow/dags/0-firstdag.py for tasks to queue
[2024-09-30 16:02:36,366] {logging_mixin.py:115} INFO - [2024-09-30 16:02:36,366] {dagbag.py:508} INFO - Filling up the DagBag from /opt/airflow/dags/0-firstdag.py
[2024-09-30 16:02:36,369] {processor.py:651} INFO - DAG(s) dict_keys(['first_dag']) retrieved from /opt/airflow/dags/0-firstdag.py
[2024-09-30 16:02:36,390] {logging_mixin.py:115} INFO - [2024-09-30 16:02:36,390] {dag.py:2420} INFO - Sync 1 DAGs
[2024-09-30 16:02:36,404] {logging_mixin.py:115} INFO - [2024-09-30 16:02:36,404] {dag.py:2972} INFO - Setting next_dagrun for first_dag to None, run_after=None
[2024-09-30 16:02:36,412] {processor.py:161} INFO - Processing /opt/airflow/dags/0-firstdag.py took 0.050 seconds
[2024-09-30 16:03:06,848] {processor.py:153} INFO - Started process (PID=1279) to work on /opt/airflow/dags/0-firstdag.py
[2024-09-30 16:03:06,848] {processor.py:641} INFO - Processing file /opt/airflow/dags/0-firstdag.py for tasks to queue
[2024-09-30 16:03:06,848] {logging_mixin.py:115} INFO - [2024-09-30 16:03:06,848] {dagbag.py:508} INFO - Filling up the DagBag from /opt/airflow/dags/0-firstdag.py
[2024-09-30 16:03:06,851] {processor.py:651} INFO - DAG(s) dict_keys(['first_dag']) retrieved from /opt/airflow/dags/0-firstdag.py
[2024-09-30 16:03:06,871] {logging_mixin.py:115} INFO - [2024-09-30 16:03:06,871] {dag.py:2420} INFO - Sync 1 DAGs
[2024-09-30 16:03:06,885] {logging_mixin.py:115} INFO - [2024-09-30 16:03:06,884] {dag.py:2972} INFO - Setting next_dagrun for first_dag to None, run_after=None
[2024-09-30 16:03:06,892] {processor.py:161} INFO - Processing /opt/airflow/dags/0-firstdag.py took 0.047 seconds
[2024-09-30 16:03:37,369] {processor.py:153} INFO - Started process (PID=1318) to work on /opt/airflow/dags/0-firstdag.py
[2024-09-30 16:03:37,370] {processor.py:641} INFO - Processing file /opt/airflow/dags/0-firstdag.py for tasks to queue
[2024-09-30 16:03:37,371] {logging_mixin.py:115} INFO - [2024-09-30 16:03:37,370] {dagbag.py:508} INFO - Filling up the DagBag from /opt/airflow/dags/0-firstdag.py
[2024-09-30 16:03:37,376] {processor.py:651} INFO - DAG(s) dict_keys(['first_dag']) retrieved from /opt/airflow/dags/0-firstdag.py
[2024-09-30 16:03:37,394] {logging_mixin.py:115} INFO - [2024-09-30 16:03:37,394] {dag.py:2420} INFO - Sync 1 DAGs
[2024-09-30 16:03:37,407] {logging_mixin.py:115} INFO - [2024-09-30 16:03:37,407] {dag.py:2972} INFO - Setting next_dagrun for first_dag to None, run_after=None
[2024-09-30 16:03:37,415] {processor.py:161} INFO - Processing /opt/airflow/dags/0-firstdag.py took 0.049 seconds
[2024-09-30 16:04:07,875] {processor.py:153} INFO - Started process (PID=1348) to work on /opt/airflow/dags/0-firstdag.py
[2024-09-30 16:04:07,875] {processor.py:641} INFO - Processing file /opt/airflow/dags/0-firstdag.py for tasks to queue
[2024-09-30 16:04:07,875] {logging_mixin.py:115} INFO - [2024-09-30 16:04:07,875] {dagbag.py:508} INFO - Filling up the DagBag from /opt/airflow/dags/0-firstdag.py
[2024-09-30 16:04:07,878] {processor.py:651} INFO - DAG(s) dict_keys(['first_dag']) retrieved from /opt/airflow/dags/0-firstdag.py
[2024-09-30 16:04:07,895] {logging_mixin.py:115} INFO - [2024-09-30 16:04:07,895] {dag.py:2420} INFO - Sync 1 DAGs
[2024-09-30 16:04:07,908] {logging_mixin.py:115} INFO - [2024-09-30 16:04:07,908] {dag.py:2972} INFO - Setting next_dagrun for first_dag to None, run_after=None
[2024-09-30 16:04:07,916] {processor.py:161} INFO - Processing /opt/airflow/dags/0-firstdag.py took 0.043 seconds
[2024-09-30 16:04:38,330] {processor.py:153} INFO - Started process (PID=1387) to work on /opt/airflow/dags/0-firstdag.py
[2024-09-30 16:04:38,330] {processor.py:641} INFO - Processing file /opt/airflow/dags/0-firstdag.py for tasks to queue
[2024-09-30 16:04:38,330] {logging_mixin.py:115} INFO - [2024-09-30 16:04:38,330] {dagbag.py:508} INFO - Filling up the DagBag from /opt/airflow/dags/0-firstdag.py
[2024-09-30 16:04:38,333] {processor.py:651} INFO - DAG(s) dict_keys(['first_dag']) retrieved from /opt/airflow/dags/0-firstdag.py
[2024-09-30 16:04:38,348] {logging_mixin.py:115} INFO - [2024-09-30 16:04:38,348] {dag.py:2420} INFO - Sync 1 DAGs
[2024-09-30 16:04:38,361] {logging_mixin.py:115} INFO - [2024-09-30 16:04:38,361] {dag.py:2972} INFO - Setting next_dagrun for first_dag to None, run_after=None
[2024-09-30 16:04:38,368] {processor.py:161} INFO - Processing /opt/airflow/dags/0-firstdag.py took 0.041 seconds
[2024-09-30 16:05:08,801] {processor.py:153} INFO - Started process (PID=1427) to work on /opt/airflow/dags/0-firstdag.py
[2024-09-30 16:05:08,802] {processor.py:641} INFO - Processing file /opt/airflow/dags/0-firstdag.py for tasks to queue
[2024-09-30 16:05:08,802] {logging_mixin.py:115} INFO - [2024-09-30 16:05:08,802] {dagbag.py:508} INFO - Filling up the DagBag from /opt/airflow/dags/0-firstdag.py
[2024-09-30 16:05:08,804] {processor.py:651} INFO - DAG(s) dict_keys(['first_dag']) retrieved from /opt/airflow/dags/0-firstdag.py
[2024-09-30 16:05:08,819] {logging_mixin.py:115} INFO - [2024-09-30 16:05:08,819] {dag.py:2420} INFO - Sync 1 DAGs
[2024-09-30 16:05:08,831] {logging_mixin.py:115} INFO - [2024-09-30 16:05:08,831] {dag.py:2972} INFO - Setting next_dagrun for first_dag to None, run_after=None
[2024-09-30 16:05:08,840] {processor.py:161} INFO - Processing /opt/airflow/dags/0-firstdag.py took 0.041 seconds
[2024-09-30 16:05:39,268] {processor.py:153} INFO - Started process (PID=1466) to work on /opt/airflow/dags/0-firstdag.py
[2024-09-30 16:05:39,268] {processor.py:641} INFO - Processing file /opt/airflow/dags/0-firstdag.py for tasks to queue
[2024-09-30 16:05:39,269] {logging_mixin.py:115} INFO - [2024-09-30 16:05:39,269] {dagbag.py:508} INFO - Filling up the DagBag from /opt/airflow/dags/0-firstdag.py
[2024-09-30 16:05:39,271] {processor.py:651} INFO - DAG(s) dict_keys(['first_dag']) retrieved from /opt/airflow/dags/0-firstdag.py
[2024-09-30 16:05:39,288] {logging_mixin.py:115} INFO - [2024-09-30 16:05:39,287] {dag.py:2420} INFO - Sync 1 DAGs
[2024-09-30 16:05:39,303] {logging_mixin.py:115} INFO - [2024-09-30 16:05:39,303] {dag.py:2972} INFO - Setting next_dagrun for first_dag to None, run_after=None
[2024-09-30 16:05:39,311] {processor.py:161} INFO - Processing /opt/airflow/dags/0-firstdag.py took 0.046 seconds
[2024-09-30 16:06:09,794] {processor.py:153} INFO - Started process (PID=1505) to work on /opt/airflow/dags/0-firstdag.py
[2024-09-30 16:06:09,795] {processor.py:641} INFO - Processing file /opt/airflow/dags/0-firstdag.py for tasks to queue
[2024-09-30 16:06:09,795] {logging_mixin.py:115} INFO - [2024-09-30 16:06:09,795] {dagbag.py:508} INFO - Filling up the DagBag from /opt/airflow/dags/0-firstdag.py
[2024-09-30 16:06:09,798] {processor.py:651} INFO - DAG(s) dict_keys(['first_dag']) retrieved from /opt/airflow/dags/0-firstdag.py
[2024-09-30 16:06:09,815] {logging_mixin.py:115} INFO - [2024-09-30 16:06:09,815] {dag.py:2420} INFO - Sync 1 DAGs
[2024-09-30 16:06:09,828] {logging_mixin.py:115} INFO - [2024-09-30 16:06:09,828] {dag.py:2972} INFO - Setting next_dagrun for first_dag to None, run_after=None
[2024-09-30 16:06:09,836] {processor.py:161} INFO - Processing /opt/airflow/dags/0-firstdag.py took 0.044 seconds
[2024-09-30 16:06:40,335] {processor.py:153} INFO - Started process (PID=1541) to work on /opt/airflow/dags/0-firstdag.py
[2024-09-30 16:06:40,335] {processor.py:641} INFO - Processing file /opt/airflow/dags/0-firstdag.py for tasks to queue
[2024-09-30 16:06:40,335] {logging_mixin.py:115} INFO - [2024-09-30 16:06:40,335] {dagbag.py:508} INFO - Filling up the DagBag from /opt/airflow/dags/0-firstdag.py
[2024-09-30 16:06:40,338] {processor.py:651} INFO - DAG(s) dict_keys(['first_dag']) retrieved from /opt/airflow/dags/0-firstdag.py
[2024-09-30 16:06:40,354] {logging_mixin.py:115} INFO - [2024-09-30 16:06:40,354] {dag.py:2420} INFO - Sync 1 DAGs
[2024-09-30 16:06:40,368] {logging_mixin.py:115} INFO - [2024-09-30 16:06:40,368] {dag.py:2972} INFO - Setting next_dagrun for first_dag to None, run_after=None
[2024-09-30 16:06:40,376] {processor.py:161} INFO - Processing /opt/airflow/dags/0-firstdag.py took 0.043 seconds
[2024-09-30 16:07:10,798] {processor.py:153} INFO - Started process (PID=1572) to work on /opt/airflow/dags/0-firstdag.py
[2024-09-30 16:07:10,799] {processor.py:641} INFO - Processing file /opt/airflow/dags/0-firstdag.py for tasks to queue
[2024-09-30 16:07:10,799] {logging_mixin.py:115} INFO - [2024-09-30 16:07:10,799] {dagbag.py:508} INFO - Filling up the DagBag from /opt/airflow/dags/0-firstdag.py
[2024-09-30 16:07:10,801] {processor.py:651} INFO - DAG(s) dict_keys(['first_dag']) retrieved from /opt/airflow/dags/0-firstdag.py
[2024-09-30 16:07:10,817] {logging_mixin.py:115} INFO - [2024-09-30 16:07:10,817] {dag.py:2420} INFO - Sync 1 DAGs
[2024-09-30 16:07:10,829] {logging_mixin.py:115} INFO - [2024-09-30 16:07:10,829] {dag.py:2972} INFO - Setting next_dagrun for first_dag to None, run_after=None
[2024-09-30 16:07:10,837] {processor.py:161} INFO - Processing /opt/airflow/dags/0-firstdag.py took 0.041 seconds
[2024-09-30 16:07:41,297] {processor.py:153} INFO - Started process (PID=1611) to work on /opt/airflow/dags/0-firstdag.py
[2024-09-30 16:07:41,297] {processor.py:641} INFO - Processing file /opt/airflow/dags/0-firstdag.py for tasks to queue
[2024-09-30 16:07:41,297] {logging_mixin.py:115} INFO - [2024-09-30 16:07:41,297] {dagbag.py:508} INFO - Filling up the DagBag from /opt/airflow/dags/0-firstdag.py
[2024-09-30 16:07:41,299] {processor.py:651} INFO - DAG(s) dict_keys(['first_dag']) retrieved from /opt/airflow/dags/0-firstdag.py
[2024-09-30 16:07:41,318] {logging_mixin.py:115} INFO - [2024-09-30 16:07:41,318] {dag.py:2420} INFO - Sync 1 DAGs
[2024-09-30 16:07:41,331] {logging_mixin.py:115} INFO - [2024-09-30 16:07:41,331] {dag.py:2972} INFO - Setting next_dagrun for first_dag to None, run_after=None
[2024-09-30 16:07:41,340] {processor.py:161} INFO - Processing /opt/airflow/dags/0-firstdag.py took 0.045 seconds
[2024-09-30 16:08:11,755] {processor.py:153} INFO - Started process (PID=1650) to work on /opt/airflow/dags/0-firstdag.py
[2024-09-30 16:08:11,756] {processor.py:641} INFO - Processing file /opt/airflow/dags/0-firstdag.py for tasks to queue
[2024-09-30 16:08:11,756] {logging_mixin.py:115} INFO - [2024-09-30 16:08:11,756] {dagbag.py:508} INFO - Filling up the DagBag from /opt/airflow/dags/0-firstdag.py
[2024-09-30 16:08:11,758] {processor.py:651} INFO - DAG(s) dict_keys(['first_dag']) retrieved from /opt/airflow/dags/0-firstdag.py
[2024-09-30 16:08:11,776] {logging_mixin.py:115} INFO - [2024-09-30 16:08:11,775] {dag.py:2420} INFO - Sync 1 DAGs
[2024-09-30 16:08:11,789] {logging_mixin.py:115} INFO - [2024-09-30 16:08:11,789] {dag.py:2972} INFO - Setting next_dagrun for first_dag to None, run_after=None
[2024-09-30 16:08:11,796] {processor.py:161} INFO - Processing /opt/airflow/dags/0-firstdag.py took 0.043 seconds
[2024-09-30 16:08:42,252] {processor.py:153} INFO - Started process (PID=1688) to work on /opt/airflow/dags/0-firstdag.py
[2024-09-30 16:08:42,253] {processor.py:641} INFO - Processing file /opt/airflow/dags/0-firstdag.py for tasks to queue
[2024-09-30 16:08:42,253] {logging_mixin.py:115} INFO - [2024-09-30 16:08:42,253] {dagbag.py:508} INFO - Filling up the DagBag from /opt/airflow/dags/0-firstdag.py
[2024-09-30 16:08:42,256] {processor.py:651} INFO - DAG(s) dict_keys(['first_dag']) retrieved from /opt/airflow/dags/0-firstdag.py
[2024-09-30 16:08:42,272] {logging_mixin.py:115} INFO - [2024-09-30 16:08:42,272] {dag.py:2420} INFO - Sync 1 DAGs
[2024-09-30 16:08:42,285] {logging_mixin.py:115} INFO - [2024-09-30 16:08:42,285] {dag.py:2972} INFO - Setting next_dagrun for first_dag to None, run_after=None
[2024-09-30 16:08:42,293] {processor.py:161} INFO - Processing /opt/airflow/dags/0-firstdag.py took 0.043 seconds
[2024-09-30 16:09:12,803] {processor.py:153} INFO - Started process (PID=1727) to work on /opt/airflow/dags/0-firstdag.py
[2024-09-30 16:09:12,804] {processor.py:641} INFO - Processing file /opt/airflow/dags/0-firstdag.py for tasks to queue
[2024-09-30 16:09:12,804] {logging_mixin.py:115} INFO - [2024-09-30 16:09:12,804] {dagbag.py:508} INFO - Filling up the DagBag from /opt/airflow/dags/0-firstdag.py
[2024-09-30 16:09:12,806] {processor.py:651} INFO - DAG(s) dict_keys(['first_dag']) retrieved from /opt/airflow/dags/0-firstdag.py
[2024-09-30 16:09:12,823] {logging_mixin.py:115} INFO - [2024-09-30 16:09:12,823] {dag.py:2420} INFO - Sync 1 DAGs
[2024-09-30 16:09:12,836] {logging_mixin.py:115} INFO - [2024-09-30 16:09:12,836] {dag.py:2972} INFO - Setting next_dagrun for first_dag to None, run_after=None
[2024-09-30 16:09:12,844] {processor.py:161} INFO - Processing /opt/airflow/dags/0-firstdag.py took 0.042 seconds
[2024-09-30 16:09:43,278] {processor.py:153} INFO - Started process (PID=1757) to work on /opt/airflow/dags/0-firstdag.py
[2024-09-30 16:09:43,278] {processor.py:641} INFO - Processing file /opt/airflow/dags/0-firstdag.py for tasks to queue
[2024-09-30 16:09:43,278] {logging_mixin.py:115} INFO - [2024-09-30 16:09:43,278] {dagbag.py:508} INFO - Filling up the DagBag from /opt/airflow/dags/0-firstdag.py
[2024-09-30 16:09:43,280] {processor.py:651} INFO - DAG(s) dict_keys(['first_dag']) retrieved from /opt/airflow/dags/0-firstdag.py
[2024-09-30 16:09:43,296] {logging_mixin.py:115} INFO - [2024-09-30 16:09:43,296] {dag.py:2420} INFO - Sync 1 DAGs
[2024-09-30 16:09:43,309] {logging_mixin.py:115} INFO - [2024-09-30 16:09:43,309] {dag.py:2972} INFO - Setting next_dagrun for first_dag to None, run_after=None
[2024-09-30 16:09:43,316] {processor.py:161} INFO - Processing /opt/airflow/dags/0-firstdag.py took 0.041 seconds
[2024-09-30 16:10:13,775] {processor.py:153} INFO - Started process (PID=1797) to work on /opt/airflow/dags/0-firstdag.py
[2024-09-30 16:10:13,775] {processor.py:641} INFO - Processing file /opt/airflow/dags/0-firstdag.py for tasks to queue
[2024-09-30 16:10:13,775] {logging_mixin.py:115} INFO - [2024-09-30 16:10:13,775] {dagbag.py:508} INFO - Filling up the DagBag from /opt/airflow/dags/0-firstdag.py
[2024-09-30 16:10:13,778] {processor.py:651} INFO - DAG(s) dict_keys(['first_dag']) retrieved from /opt/airflow/dags/0-firstdag.py
[2024-09-30 16:10:13,798] {logging_mixin.py:115} INFO - [2024-09-30 16:10:13,797] {dag.py:2420} INFO - Sync 1 DAGs
[2024-09-30 16:10:13,814] {logging_mixin.py:115} INFO - [2024-09-30 16:10:13,814] {dag.py:2972} INFO - Setting next_dagrun for first_dag to None, run_after=None
[2024-09-30 16:10:13,824] {processor.py:161} INFO - Processing /opt/airflow/dags/0-firstdag.py took 0.051 seconds
[2024-09-30 16:10:44,301] {processor.py:153} INFO - Started process (PID=1836) to work on /opt/airflow/dags/0-firstdag.py
[2024-09-30 16:10:44,301] {processor.py:641} INFO - Processing file /opt/airflow/dags/0-firstdag.py for tasks to queue
[2024-09-30 16:10:44,302] {logging_mixin.py:115} INFO - [2024-09-30 16:10:44,302] {dagbag.py:508} INFO - Filling up the DagBag from /opt/airflow/dags/0-firstdag.py
[2024-09-30 16:10:44,305] {processor.py:651} INFO - DAG(s) dict_keys(['first_dag']) retrieved from /opt/airflow/dags/0-firstdag.py
[2024-09-30 16:10:44,324] {logging_mixin.py:115} INFO - [2024-09-30 16:10:44,324] {dag.py:2420} INFO - Sync 1 DAGs
[2024-09-30 16:10:44,339] {logging_mixin.py:115} INFO - [2024-09-30 16:10:44,339] {dag.py:2972} INFO - Setting next_dagrun for first_dag to None, run_after=None
[2024-09-30 16:10:44,349] {processor.py:161} INFO - Processing /opt/airflow/dags/0-firstdag.py took 0.051 seconds
[2024-09-30 16:11:14,736] {processor.py:153} INFO - Started process (PID=1875) to work on /opt/airflow/dags/0-firstdag.py
[2024-09-30 16:11:14,736] {processor.py:641} INFO - Processing file /opt/airflow/dags/0-firstdag.py for tasks to queue
[2024-09-30 16:11:14,736] {logging_mixin.py:115} INFO - [2024-09-30 16:11:14,736] {dagbag.py:508} INFO - Filling up the DagBag from /opt/airflow/dags/0-firstdag.py
[2024-09-30 16:11:14,739] {processor.py:651} INFO - DAG(s) dict_keys(['first_dag']) retrieved from /opt/airflow/dags/0-firstdag.py
[2024-09-30 16:11:14,756] {logging_mixin.py:115} INFO - [2024-09-30 16:11:14,756] {dag.py:2420} INFO - Sync 1 DAGs
[2024-09-30 16:11:14,772] {logging_mixin.py:115} INFO - [2024-09-30 16:11:14,771] {dag.py:2972} INFO - Setting next_dagrun for first_dag to None, run_after=None
[2024-09-30 16:11:14,780] {processor.py:161} INFO - Processing /opt/airflow/dags/0-firstdag.py took 0.046 seconds
[2024-09-30 16:11:45,261] {processor.py:153} INFO - Started process (PID=1914) to work on /opt/airflow/dags/0-firstdag.py
[2024-09-30 16:11:45,262] {processor.py:641} INFO - Processing file /opt/airflow/dags/0-firstdag.py for tasks to queue
[2024-09-30 16:11:45,262] {logging_mixin.py:115} INFO - [2024-09-30 16:11:45,262] {dagbag.py:508} INFO - Filling up the DagBag from /opt/airflow/dags/0-firstdag.py
[2024-09-30 16:11:45,264] {processor.py:651} INFO - DAG(s) dict_keys(['first_dag']) retrieved from /opt/airflow/dags/0-firstdag.py
[2024-09-30 16:11:45,281] {logging_mixin.py:115} INFO - [2024-09-30 16:11:45,281] {dag.py:2420} INFO - Sync 1 DAGs
[2024-09-30 16:11:45,294] {logging_mixin.py:115} INFO - [2024-09-30 16:11:45,294] {dag.py:2972} INFO - Setting next_dagrun for first_dag to None, run_after=None
[2024-09-30 16:11:45,303] {processor.py:161} INFO - Processing /opt/airflow/dags/0-firstdag.py took 0.044 seconds
[2024-09-30 16:12:15,769] {processor.py:153} INFO - Started process (PID=1953) to work on /opt/airflow/dags/0-firstdag.py
[2024-09-30 16:12:15,771] {processor.py:641} INFO - Processing file /opt/airflow/dags/0-firstdag.py for tasks to queue
[2024-09-30 16:12:15,772] {logging_mixin.py:115} INFO - [2024-09-30 16:12:15,772] {dagbag.py:508} INFO - Filling up the DagBag from /opt/airflow/dags/0-firstdag.py
[2024-09-30 16:12:15,776] {processor.py:651} INFO - DAG(s) dict_keys(['first_dag']) retrieved from /opt/airflow/dags/0-firstdag.py
[2024-09-30 16:12:15,799] {logging_mixin.py:115} INFO - [2024-09-30 16:12:15,798] {dag.py:2420} INFO - Sync 1 DAGs
[2024-09-30 16:12:15,815] {logging_mixin.py:115} INFO - [2024-09-30 16:12:15,815] {dag.py:2972} INFO - Setting next_dagrun for first_dag to None, run_after=None
[2024-09-30 16:12:15,823] {processor.py:161} INFO - Processing /opt/airflow/dags/0-firstdag.py took 0.057 seconds
[2024-09-30 16:12:46,251] {processor.py:153} INFO - Started process (PID=1983) to work on /opt/airflow/dags/0-firstdag.py
[2024-09-30 16:12:46,252] {processor.py:641} INFO - Processing file /opt/airflow/dags/0-firstdag.py for tasks to queue
[2024-09-30 16:12:46,252] {logging_mixin.py:115} INFO - [2024-09-30 16:12:46,252] {dagbag.py:508} INFO - Filling up the DagBag from /opt/airflow/dags/0-firstdag.py
[2024-09-30 16:12:46,254] {processor.py:651} INFO - DAG(s) dict_keys(['first_dag']) retrieved from /opt/airflow/dags/0-firstdag.py
[2024-09-30 16:12:46,270] {logging_mixin.py:115} INFO - [2024-09-30 16:12:46,270] {dag.py:2420} INFO - Sync 1 DAGs
[2024-09-30 16:12:46,285] {logging_mixin.py:115} INFO - [2024-09-30 16:12:46,285] {dag.py:2972} INFO - Setting next_dagrun for first_dag to None, run_after=None
[2024-09-30 16:12:46,293] {processor.py:161} INFO - Processing /opt/airflow/dags/0-firstdag.py took 0.044 seconds
[2024-09-30 16:13:16,689] {processor.py:153} INFO - Started process (PID=2021) to work on /opt/airflow/dags/0-firstdag.py
[2024-09-30 16:13:16,689] {processor.py:641} INFO - Processing file /opt/airflow/dags/0-firstdag.py for tasks to queue
[2024-09-30 16:13:16,690] {logging_mixin.py:115} INFO - [2024-09-30 16:13:16,690] {dagbag.py:508} INFO - Filling up the DagBag from /opt/airflow/dags/0-firstdag.py
[2024-09-30 16:13:16,692] {processor.py:651} INFO - DAG(s) dict_keys(['first_dag']) retrieved from /opt/airflow/dags/0-firstdag.py
[2024-09-30 16:13:16,710] {logging_mixin.py:115} INFO - [2024-09-30 16:13:16,710] {dag.py:2420} INFO - Sync 1 DAGs
[2024-09-30 16:13:16,728] {logging_mixin.py:115} INFO - [2024-09-30 16:13:16,728] {dag.py:2972} INFO - Setting next_dagrun for first_dag to None, run_after=None
[2024-09-30 16:13:16,737] {processor.py:161} INFO - Processing /opt/airflow/dags/0-firstdag.py took 0.051 seconds
[2024-09-30 16:13:47,145] {processor.py:153} INFO - Started process (PID=2060) to work on /opt/airflow/dags/0-firstdag.py
[2024-09-30 16:13:47,146] {processor.py:641} INFO - Processing file /opt/airflow/dags/0-firstdag.py for tasks to queue
[2024-09-30 16:13:47,146] {logging_mixin.py:115} INFO - [2024-09-30 16:13:47,146] {dagbag.py:508} INFO - Filling up the DagBag from /opt/airflow/dags/0-firstdag.py
[2024-09-30 16:13:47,151] {processor.py:651} INFO - DAG(s) dict_keys(['first_dag']) retrieved from /opt/airflow/dags/0-firstdag.py
[2024-09-30 16:13:47,168] {logging_mixin.py:115} INFO - [2024-09-30 16:13:47,168] {dag.py:2420} INFO - Sync 1 DAGs
[2024-09-30 16:13:47,181] {logging_mixin.py:115} INFO - [2024-09-30 16:13:47,181] {dag.py:2972} INFO - Setting next_dagrun for first_dag to None, run_after=None
[2024-09-30 16:13:47,188] {processor.py:161} INFO - Processing /opt/airflow/dags/0-firstdag.py took 0.046 seconds
[2024-09-30 16:14:17,662] {processor.py:153} INFO - Started process (PID=2099) to work on /opt/airflow/dags/0-firstdag.py
[2024-09-30 16:14:17,663] {processor.py:641} INFO - Processing file /opt/airflow/dags/0-firstdag.py for tasks to queue
[2024-09-30 16:14:17,663] {logging_mixin.py:115} INFO - [2024-09-30 16:14:17,663] {dagbag.py:508} INFO - Filling up the DagBag from /opt/airflow/dags/0-firstdag.py
[2024-09-30 16:14:17,666] {processor.py:651} INFO - DAG(s) dict_keys(['first_dag']) retrieved from /opt/airflow/dags/0-firstdag.py
[2024-09-30 16:14:17,682] {logging_mixin.py:115} INFO - [2024-09-30 16:14:17,682] {dag.py:2420} INFO - Sync 1 DAGs
[2024-09-30 16:14:17,696] {logging_mixin.py:115} INFO - [2024-09-30 16:14:17,695] {dag.py:2972} INFO - Setting next_dagrun for first_dag to None, run_after=None
[2024-09-30 16:14:17,704] {processor.py:161} INFO - Processing /opt/airflow/dags/0-firstdag.py took 0.044 seconds
[2024-09-30 16:14:48,124] {processor.py:153} INFO - Started process (PID=2138) to work on /opt/airflow/dags/0-firstdag.py
[2024-09-30 16:14:48,124] {processor.py:641} INFO - Processing file /opt/airflow/dags/0-firstdag.py for tasks to queue
[2024-09-30 16:14:48,124] {logging_mixin.py:115} INFO - [2024-09-30 16:14:48,124] {dagbag.py:508} INFO - Filling up the DagBag from /opt/airflow/dags/0-firstdag.py
[2024-09-30 16:14:48,126] {processor.py:651} INFO - DAG(s) dict_keys(['first_dag']) retrieved from /opt/airflow/dags/0-firstdag.py
[2024-09-30 16:14:48,143] {logging_mixin.py:115} INFO - [2024-09-30 16:14:48,143] {dag.py:2420} INFO - Sync 1 DAGs
[2024-09-30 16:14:48,155] {logging_mixin.py:115} INFO - [2024-09-30 16:14:48,155] {dag.py:2972} INFO - Setting next_dagrun for first_dag to None, run_after=None
[2024-09-30 16:14:48,162] {processor.py:161} INFO - Processing /opt/airflow/dags/0-firstdag.py took 0.040 seconds
[2024-09-30 16:15:18,651] {processor.py:153} INFO - Started process (PID=2168) to work on /opt/airflow/dags/0-firstdag.py
[2024-09-30 16:15:18,651] {processor.py:641} INFO - Processing file /opt/airflow/dags/0-firstdag.py for tasks to queue
[2024-09-30 16:15:18,652] {logging_mixin.py:115} INFO - [2024-09-30 16:15:18,652] {dagbag.py:508} INFO - Filling up the DagBag from /opt/airflow/dags/0-firstdag.py
[2024-09-30 16:15:18,654] {processor.py:651} INFO - DAG(s) dict_keys(['first_dag']) retrieved from /opt/airflow/dags/0-firstdag.py
[2024-09-30 16:15:18,674] {logging_mixin.py:115} INFO - [2024-09-30 16:15:18,674] {dag.py:2420} INFO - Sync 1 DAGs
[2024-09-30 16:15:18,688] {logging_mixin.py:115} INFO - [2024-09-30 16:15:18,688] {dag.py:2972} INFO - Setting next_dagrun for first_dag to None, run_after=None
[2024-09-30 16:15:18,698] {processor.py:161} INFO - Processing /opt/airflow/dags/0-firstdag.py took 0.049 seconds
[2024-09-30 16:15:49,142] {processor.py:153} INFO - Started process (PID=2206) to work on /opt/airflow/dags/0-firstdag.py
[2024-09-30 16:15:49,142] {processor.py:641} INFO - Processing file /opt/airflow/dags/0-firstdag.py for tasks to queue
[2024-09-30 16:15:49,142] {logging_mixin.py:115} INFO - [2024-09-30 16:15:49,142] {dagbag.py:508} INFO - Filling up the DagBag from /opt/airflow/dags/0-firstdag.py
[2024-09-30 16:15:49,144] {processor.py:651} INFO - DAG(s) dict_keys(['first_dag']) retrieved from /opt/airflow/dags/0-firstdag.py
[2024-09-30 16:15:49,160] {logging_mixin.py:115} INFO - [2024-09-30 16:15:49,160] {dag.py:2420} INFO - Sync 1 DAGs
[2024-09-30 16:15:49,174] {logging_mixin.py:115} INFO - [2024-09-30 16:15:49,174] {dag.py:2972} INFO - Setting next_dagrun for first_dag to None, run_after=None
[2024-09-30 16:15:49,183] {processor.py:161} INFO - Processing /opt/airflow/dags/0-firstdag.py took 0.044 seconds
[2024-09-30 16:16:19,649] {processor.py:153} INFO - Started process (PID=2244) to work on /opt/airflow/dags/0-firstdag.py
[2024-09-30 16:16:19,649] {processor.py:641} INFO - Processing file /opt/airflow/dags/0-firstdag.py for tasks to queue
[2024-09-30 16:16:19,650] {logging_mixin.py:115} INFO - [2024-09-30 16:16:19,649] {dagbag.py:508} INFO - Filling up the DagBag from /opt/airflow/dags/0-firstdag.py
[2024-09-30 16:16:19,652] {processor.py:651} INFO - DAG(s) dict_keys(['first_dag']) retrieved from /opt/airflow/dags/0-firstdag.py
[2024-09-30 16:16:19,668] {logging_mixin.py:115} INFO - [2024-09-30 16:16:19,668] {dag.py:2420} INFO - Sync 1 DAGs
[2024-09-30 16:16:19,682] {logging_mixin.py:115} INFO - [2024-09-30 16:16:19,682] {dag.py:2972} INFO - Setting next_dagrun for first_dag to None, run_after=None
[2024-09-30 16:16:19,690] {processor.py:161} INFO - Processing /opt/airflow/dags/0-firstdag.py took 0.044 seconds
[2024-09-30 16:16:50,173] {processor.py:153} INFO - Started process (PID=2282) to work on /opt/airflow/dags/0-firstdag.py
[2024-09-30 16:16:50,173] {processor.py:641} INFO - Processing file /opt/airflow/dags/0-firstdag.py for tasks to queue
[2024-09-30 16:16:50,174] {logging_mixin.py:115} INFO - [2024-09-30 16:16:50,174] {dagbag.py:508} INFO - Filling up the DagBag from /opt/airflow/dags/0-firstdag.py
[2024-09-30 16:16:50,176] {processor.py:651} INFO - DAG(s) dict_keys(['first_dag']) retrieved from /opt/airflow/dags/0-firstdag.py
[2024-09-30 16:16:50,194] {logging_mixin.py:115} INFO - [2024-09-30 16:16:50,194] {dag.py:2420} INFO - Sync 1 DAGs
[2024-09-30 16:16:50,210] {logging_mixin.py:115} INFO - [2024-09-30 16:16:50,210] {dag.py:2972} INFO - Setting next_dagrun for first_dag to None, run_after=None
[2024-09-30 16:16:50,219] {processor.py:161} INFO - Processing /opt/airflow/dags/0-firstdag.py took 0.048 seconds
[2024-09-30 16:17:20,641] {processor.py:153} INFO - Started process (PID=2321) to work on /opt/airflow/dags/0-firstdag.py
[2024-09-30 16:17:20,642] {processor.py:641} INFO - Processing file /opt/airflow/dags/0-firstdag.py for tasks to queue
[2024-09-30 16:17:20,642] {logging_mixin.py:115} INFO - [2024-09-30 16:17:20,642] {dagbag.py:508} INFO - Filling up the DagBag from /opt/airflow/dags/0-firstdag.py
[2024-09-30 16:17:20,644] {processor.py:651} INFO - DAG(s) dict_keys(['first_dag']) retrieved from /opt/airflow/dags/0-firstdag.py
[2024-09-30 16:17:20,659] {logging_mixin.py:115} INFO - [2024-09-30 16:17:20,659] {dag.py:2420} INFO - Sync 1 DAGs
[2024-09-30 16:17:20,675] {logging_mixin.py:115} INFO - [2024-09-30 16:17:20,675] {dag.py:2972} INFO - Setting next_dagrun for first_dag to None, run_after=None
[2024-09-30 16:17:20,682] {processor.py:161} INFO - Processing /opt/airflow/dags/0-firstdag.py took 0.043 seconds
[2024-09-30 16:17:51,106] {processor.py:153} INFO - Started process (PID=2360) to work on /opt/airflow/dags/0-firstdag.py
[2024-09-30 16:17:51,106] {processor.py:641} INFO - Processing file /opt/airflow/dags/0-firstdag.py for tasks to queue
[2024-09-30 16:17:51,107] {logging_mixin.py:115} INFO - [2024-09-30 16:17:51,107] {dagbag.py:508} INFO - Filling up the DagBag from /opt/airflow/dags/0-firstdag.py
[2024-09-30 16:17:51,108] {processor.py:651} INFO - DAG(s) dict_keys(['first_dag']) retrieved from /opt/airflow/dags/0-firstdag.py
[2024-09-30 16:17:51,125] {logging_mixin.py:115} INFO - [2024-09-30 16:17:51,125] {dag.py:2420} INFO - Sync 1 DAGs
[2024-09-30 16:17:51,139] {logging_mixin.py:115} INFO - [2024-09-30 16:17:51,138] {dag.py:2972} INFO - Setting next_dagrun for first_dag to None, run_after=None
[2024-09-30 16:17:51,147] {processor.py:161} INFO - Processing /opt/airflow/dags/0-firstdag.py took 0.044 seconds
[2024-09-30 16:18:21,597] {processor.py:153} INFO - Started process (PID=2390) to work on /opt/airflow/dags/0-firstdag.py
[2024-09-30 16:18:21,598] {processor.py:641} INFO - Processing file /opt/airflow/dags/0-firstdag.py for tasks to queue
[2024-09-30 16:18:21,598] {logging_mixin.py:115} INFO - [2024-09-30 16:18:21,598] {dagbag.py:508} INFO - Filling up the DagBag from /opt/airflow/dags/0-firstdag.py
[2024-09-30 16:18:21,601] {processor.py:651} INFO - DAG(s) dict_keys(['first_dag']) retrieved from /opt/airflow/dags/0-firstdag.py
[2024-09-30 16:18:21,617] {logging_mixin.py:115} INFO - [2024-09-30 16:18:21,617] {dag.py:2420} INFO - Sync 1 DAGs
[2024-09-30 16:18:21,631] {logging_mixin.py:115} INFO - [2024-09-30 16:18:21,631] {dag.py:2972} INFO - Setting next_dagrun for first_dag to None, run_after=None
[2024-09-30 16:18:21,639] {processor.py:161} INFO - Processing /opt/airflow/dags/0-firstdag.py took 0.043 seconds
[2024-09-30 16:18:52,072] {processor.py:153} INFO - Started process (PID=2429) to work on /opt/airflow/dags/0-firstdag.py
[2024-09-30 16:18:52,073] {processor.py:641} INFO - Processing file /opt/airflow/dags/0-firstdag.py for tasks to queue
[2024-09-30 16:18:52,073] {logging_mixin.py:115} INFO - [2024-09-30 16:18:52,073] {dagbag.py:508} INFO - Filling up the DagBag from /opt/airflow/dags/0-firstdag.py
[2024-09-30 16:18:52,076] {processor.py:651} INFO - DAG(s) dict_keys(['first_dag']) retrieved from /opt/airflow/dags/0-firstdag.py
[2024-09-30 16:18:52,091] {logging_mixin.py:115} INFO - [2024-09-30 16:18:52,091] {dag.py:2420} INFO - Sync 1 DAGs
[2024-09-30 16:18:52,105] {logging_mixin.py:115} INFO - [2024-09-30 16:18:52,105] {dag.py:2972} INFO - Setting next_dagrun for first_dag to None, run_after=None
[2024-09-30 16:18:52,114] {processor.py:161} INFO - Processing /opt/airflow/dags/0-firstdag.py took 0.044 seconds
[2024-09-30 16:19:22,593] {processor.py:153} INFO - Started process (PID=2468) to work on /opt/airflow/dags/0-firstdag.py
[2024-09-30 16:19:22,593] {processor.py:641} INFO - Processing file /opt/airflow/dags/0-firstdag.py for tasks to queue
[2024-09-30 16:19:22,593] {logging_mixin.py:115} INFO - [2024-09-30 16:19:22,593] {dagbag.py:508} INFO - Filling up the DagBag from /opt/airflow/dags/0-firstdag.py
[2024-09-30 16:19:22,595] {processor.py:651} INFO - DAG(s) dict_keys(['first_dag']) retrieved from /opt/airflow/dags/0-firstdag.py
[2024-09-30 16:19:22,611] {logging_mixin.py:115} INFO - [2024-09-30 16:19:22,611] {dag.py:2420} INFO - Sync 1 DAGs
[2024-09-30 16:19:22,625] {logging_mixin.py:115} INFO - [2024-09-30 16:19:22,625] {dag.py:2972} INFO - Setting next_dagrun for first_dag to None, run_after=None
[2024-09-30 16:19:22,633] {processor.py:161} INFO - Processing /opt/airflow/dags/0-firstdag.py took 0.043 seconds
[2024-09-30 16:19:53,058] {processor.py:153} INFO - Started process (PID=2506) to work on /opt/airflow/dags/0-firstdag.py
[2024-09-30 16:19:53,059] {processor.py:641} INFO - Processing file /opt/airflow/dags/0-firstdag.py for tasks to queue
[2024-09-30 16:19:53,059] {logging_mixin.py:115} INFO - [2024-09-30 16:19:53,059] {dagbag.py:508} INFO - Filling up the DagBag from /opt/airflow/dags/0-firstdag.py
[2024-09-30 16:19:53,061] {processor.py:651} INFO - DAG(s) dict_keys(['first_dag']) retrieved from /opt/airflow/dags/0-firstdag.py
[2024-09-30 16:19:53,077] {logging_mixin.py:115} INFO - [2024-09-30 16:19:53,077] {dag.py:2420} INFO - Sync 1 DAGs
[2024-09-30 16:19:53,092] {logging_mixin.py:115} INFO - [2024-09-30 16:19:53,091] {dag.py:2972} INFO - Setting next_dagrun for first_dag to None, run_after=None
[2024-09-30 16:19:53,103] {processor.py:161} INFO - Processing /opt/airflow/dags/0-firstdag.py took 0.047 seconds
[2024-09-30 16:20:23,577] {processor.py:153} INFO - Started process (PID=2545) to work on /opt/airflow/dags/0-firstdag.py
[2024-09-30 16:20:23,577] {processor.py:641} INFO - Processing file /opt/airflow/dags/0-firstdag.py for tasks to queue
[2024-09-30 16:20:23,577] {logging_mixin.py:115} INFO - [2024-09-30 16:20:23,577] {dagbag.py:508} INFO - Filling up the DagBag from /opt/airflow/dags/0-firstdag.py
[2024-09-30 16:20:23,580] {processor.py:651} INFO - DAG(s) dict_keys(['first_dag']) retrieved from /opt/airflow/dags/0-firstdag.py
[2024-09-30 16:20:23,595] {logging_mixin.py:115} INFO - [2024-09-30 16:20:23,595] {dag.py:2420} INFO - Sync 1 DAGs
[2024-09-30 16:20:23,608] {logging_mixin.py:115} INFO - [2024-09-30 16:20:23,608] {dag.py:2972} INFO - Setting next_dagrun for first_dag to None, run_after=None
[2024-09-30 16:20:23,615] {processor.py:161} INFO - Processing /opt/airflow/dags/0-firstdag.py took 0.041 seconds
[2024-09-30 16:20:54,059] {processor.py:153} INFO - Started process (PID=2584) to work on /opt/airflow/dags/0-firstdag.py
[2024-09-30 16:20:54,059] {processor.py:641} INFO - Processing file /opt/airflow/dags/0-firstdag.py for tasks to queue
[2024-09-30 16:20:54,060] {logging_mixin.py:115} INFO - [2024-09-30 16:20:54,060] {dagbag.py:508} INFO - Filling up the DagBag from /opt/airflow/dags/0-firstdag.py
[2024-09-30 16:20:54,062] {processor.py:651} INFO - DAG(s) dict_keys(['first_dag']) retrieved from /opt/airflow/dags/0-firstdag.py
[2024-09-30 16:20:54,076] {logging_mixin.py:115} INFO - [2024-09-30 16:20:54,076] {dag.py:2420} INFO - Sync 1 DAGs
[2024-09-30 16:20:54,089] {logging_mixin.py:115} INFO - [2024-09-30 16:20:54,089] {dag.py:2972} INFO - Setting next_dagrun for first_dag to None, run_after=None
[2024-09-30 16:20:54,097] {processor.py:161} INFO - Processing /opt/airflow/dags/0-firstdag.py took 0.040 seconds
[2024-09-30 16:21:24,523] {processor.py:153} INFO - Started process (PID=2614) to work on /opt/airflow/dags/0-firstdag.py
[2024-09-30 16:21:24,523] {processor.py:641} INFO - Processing file /opt/airflow/dags/0-firstdag.py for tasks to queue
[2024-09-30 16:21:24,524] {logging_mixin.py:115} INFO - [2024-09-30 16:21:24,524] {dagbag.py:508} INFO - Filling up the DagBag from /opt/airflow/dags/0-firstdag.py
[2024-09-30 16:21:24,526] {processor.py:651} INFO - DAG(s) dict_keys(['first_dag']) retrieved from /opt/airflow/dags/0-firstdag.py
[2024-09-30 16:21:24,541] {logging_mixin.py:115} INFO - [2024-09-30 16:21:24,541] {dag.py:2420} INFO - Sync 1 DAGs
[2024-09-30 16:21:24,559] {logging_mixin.py:115} INFO - [2024-09-30 16:21:24,559] {dag.py:2972} INFO - Setting next_dagrun for first_dag to None, run_after=None
[2024-09-30 16:21:24,567] {processor.py:161} INFO - Processing /opt/airflow/dags/0-firstdag.py took 0.046 seconds
[2024-09-30 16:21:55,031] {processor.py:153} INFO - Started process (PID=2653) to work on /opt/airflow/dags/0-firstdag.py
[2024-09-30 16:21:55,031] {processor.py:641} INFO - Processing file /opt/airflow/dags/0-firstdag.py for tasks to queue
[2024-09-30 16:21:55,032] {logging_mixin.py:115} INFO - [2024-09-30 16:21:55,032] {dagbag.py:508} INFO - Filling up the DagBag from /opt/airflow/dags/0-firstdag.py
[2024-09-30 16:21:55,035] {processor.py:651} INFO - DAG(s) dict_keys(['first_dag']) retrieved from /opt/airflow/dags/0-firstdag.py
[2024-09-30 16:21:55,052] {logging_mixin.py:115} INFO - [2024-09-30 16:21:55,052] {dag.py:2420} INFO - Sync 1 DAGs
[2024-09-30 16:21:55,068] {logging_mixin.py:115} INFO - [2024-09-30 16:21:55,068] {dag.py:2972} INFO - Setting next_dagrun for first_dag to None, run_after=None
[2024-09-30 16:21:55,078] {processor.py:161} INFO - Processing /opt/airflow/dags/0-firstdag.py took 0.049 seconds
[2024-09-30 16:22:25,516] {processor.py:153} INFO - Started process (PID=2692) to work on /opt/airflow/dags/0-firstdag.py
[2024-09-30 16:22:25,516] {processor.py:641} INFO - Processing file /opt/airflow/dags/0-firstdag.py for tasks to queue
[2024-09-30 16:22:25,517] {logging_mixin.py:115} INFO - [2024-09-30 16:22:25,517] {dagbag.py:508} INFO - Filling up the DagBag from /opt/airflow/dags/0-firstdag.py
[2024-09-30 16:22:25,519] {processor.py:651} INFO - DAG(s) dict_keys(['first_dag']) retrieved from /opt/airflow/dags/0-firstdag.py
[2024-09-30 16:22:25,537] {logging_mixin.py:115} INFO - [2024-09-30 16:22:25,537] {dag.py:2420} INFO - Sync 1 DAGs
[2024-09-30 16:22:25,552] {logging_mixin.py:115} INFO - [2024-09-30 16:22:25,552] {dag.py:2972} INFO - Setting next_dagrun for first_dag to None, run_after=None
[2024-09-30 16:22:25,559] {processor.py:161} INFO - Processing /opt/airflow/dags/0-firstdag.py took 0.046 seconds
[2024-09-30 16:22:55,967] {processor.py:153} INFO - Started process (PID=2730) to work on /opt/airflow/dags/0-firstdag.py
[2024-09-30 16:22:55,968] {processor.py:641} INFO - Processing file /opt/airflow/dags/0-firstdag.py for tasks to queue
[2024-09-30 16:22:55,968] {logging_mixin.py:115} INFO - [2024-09-30 16:22:55,968] {dagbag.py:508} INFO - Filling up the DagBag from /opt/airflow/dags/0-firstdag.py
[2024-09-30 16:22:55,971] {processor.py:651} INFO - DAG(s) dict_keys(['first_dag']) retrieved from /opt/airflow/dags/0-firstdag.py
[2024-09-30 16:22:55,987] {logging_mixin.py:115} INFO - [2024-09-30 16:22:55,987] {dag.py:2420} INFO - Sync 1 DAGs
[2024-09-30 16:22:56,001] {logging_mixin.py:115} INFO - [2024-09-30 16:22:56,001] {dag.py:2972} INFO - Setting next_dagrun for first_dag to None, run_after=None
[2024-09-30 16:22:56,009] {processor.py:161} INFO - Processing /opt/airflow/dags/0-firstdag.py took 0.044 seconds
[2024-09-30 16:23:26,496] {processor.py:153} INFO - Started process (PID=2769) to work on /opt/airflow/dags/0-firstdag.py
[2024-09-30 16:23:26,496] {processor.py:641} INFO - Processing file /opt/airflow/dags/0-firstdag.py for tasks to queue
[2024-09-30 16:23:26,497] {logging_mixin.py:115} INFO - [2024-09-30 16:23:26,497] {dagbag.py:508} INFO - Filling up the DagBag from /opt/airflow/dags/0-firstdag.py
[2024-09-30 16:23:26,504] {processor.py:651} INFO - DAG(s) dict_keys(['first_dag']) retrieved from /opt/airflow/dags/0-firstdag.py
[2024-09-30 16:23:26,521] {logging_mixin.py:115} INFO - [2024-09-30 16:23:26,521] {dag.py:2420} INFO - Sync 1 DAGs
[2024-09-30 16:23:26,535] {logging_mixin.py:115} INFO - [2024-09-30 16:23:26,535] {dag.py:2972} INFO - Setting next_dagrun for first_dag to None, run_after=None
[2024-09-30 16:23:26,543] {processor.py:161} INFO - Processing /opt/airflow/dags/0-firstdag.py took 0.049 seconds
[2024-09-30 16:23:57,047] {processor.py:153} INFO - Started process (PID=2805) to work on /opt/airflow/dags/0-firstdag.py
[2024-09-30 16:23:57,048] {processor.py:641} INFO - Processing file /opt/airflow/dags/0-firstdag.py for tasks to queue
[2024-09-30 16:23:57,049] {logging_mixin.py:115} INFO - [2024-09-30 16:23:57,048] {dagbag.py:508} INFO - Filling up the DagBag from /opt/airflow/dags/0-firstdag.py
[2024-09-30 16:23:57,055] {processor.py:651} INFO - DAG(s) dict_keys(['first_dag']) retrieved from /opt/airflow/dags/0-firstdag.py
[2024-09-30 16:23:57,077] {logging_mixin.py:115} INFO - [2024-09-30 16:23:57,077] {dag.py:2420} INFO - Sync 1 DAGs
[2024-09-30 16:23:57,104] {logging_mixin.py:115} INFO - [2024-09-30 16:23:57,104] {dag.py:2972} INFO - Setting next_dagrun for first_dag to None, run_after=None
[2024-09-30 16:23:57,125] {processor.py:161} INFO - Processing /opt/airflow/dags/0-firstdag.py took 0.082 seconds
[2024-09-30 16:24:27,488] {processor.py:153} INFO - Started process (PID=2837) to work on /opt/airflow/dags/0-firstdag.py
[2024-09-30 16:24:27,488] {processor.py:641} INFO - Processing file /opt/airflow/dags/0-firstdag.py for tasks to queue
[2024-09-30 16:24:27,489] {logging_mixin.py:115} INFO - [2024-09-30 16:24:27,489] {dagbag.py:508} INFO - Filling up the DagBag from /opt/airflow/dags/0-firstdag.py
[2024-09-30 16:24:27,491] {processor.py:651} INFO - DAG(s) dict_keys(['first_dag']) retrieved from /opt/airflow/dags/0-firstdag.py
[2024-09-30 16:24:27,507] {logging_mixin.py:115} INFO - [2024-09-30 16:24:27,507] {dag.py:2420} INFO - Sync 1 DAGs
[2024-09-30 16:24:27,522] {logging_mixin.py:115} INFO - [2024-09-30 16:24:27,522] {dag.py:2972} INFO - Setting next_dagrun for first_dag to None, run_after=None
[2024-09-30 16:24:27,530] {processor.py:161} INFO - Processing /opt/airflow/dags/0-firstdag.py took 0.045 seconds
[2024-09-30 16:24:57,969] {processor.py:153} INFO - Started process (PID=2875) to work on /opt/airflow/dags/0-firstdag.py
[2024-09-30 16:24:57,969] {processor.py:641} INFO - Processing file /opt/airflow/dags/0-firstdag.py for tasks to queue
[2024-09-30 16:24:57,969] {logging_mixin.py:115} INFO - [2024-09-30 16:24:57,969] {dagbag.py:508} INFO - Filling up the DagBag from /opt/airflow/dags/0-firstdag.py
[2024-09-30 16:24:57,971] {processor.py:651} INFO - DAG(s) dict_keys(['first_dag']) retrieved from /opt/airflow/dags/0-firstdag.py
[2024-09-30 16:24:57,988] {logging_mixin.py:115} INFO - [2024-09-30 16:24:57,987] {dag.py:2420} INFO - Sync 1 DAGs
[2024-09-30 16:24:58,000] {logging_mixin.py:115} INFO - [2024-09-30 16:24:58,000] {dag.py:2972} INFO - Setting next_dagrun for first_dag to None, run_after=None
[2024-09-30 16:24:58,009] {processor.py:161} INFO - Processing /opt/airflow/dags/0-firstdag.py took 0.043 seconds
[2024-09-30 16:25:28,511] {processor.py:153} INFO - Started process (PID=2914) to work on /opt/airflow/dags/0-firstdag.py
[2024-09-30 16:25:28,512] {processor.py:641} INFO - Processing file /opt/airflow/dags/0-firstdag.py for tasks to queue
[2024-09-30 16:25:28,512] {logging_mixin.py:115} INFO - [2024-09-30 16:25:28,512] {dagbag.py:508} INFO - Filling up the DagBag from /opt/airflow/dags/0-firstdag.py
[2024-09-30 16:25:28,514] {processor.py:651} INFO - DAG(s) dict_keys(['first_dag']) retrieved from /opt/airflow/dags/0-firstdag.py
[2024-09-30 16:25:28,533] {logging_mixin.py:115} INFO - [2024-09-30 16:25:28,533] {dag.py:2420} INFO - Sync 1 DAGs
[2024-09-30 16:25:28,547] {logging_mixin.py:115} INFO - [2024-09-30 16:25:28,547] {dag.py:2972} INFO - Setting next_dagrun for first_dag to None, run_after=None
[2024-09-30 16:25:28,554] {processor.py:161} INFO - Processing /opt/airflow/dags/0-firstdag.py took 0.045 seconds
[2024-09-30 16:25:59,010] {processor.py:153} INFO - Started process (PID=2953) to work on /opt/airflow/dags/0-firstdag.py
[2024-09-30 16:25:59,010] {processor.py:641} INFO - Processing file /opt/airflow/dags/0-firstdag.py for tasks to queue
[2024-09-30 16:25:59,011] {logging_mixin.py:115} INFO - [2024-09-30 16:25:59,011] {dagbag.py:508} INFO - Filling up the DagBag from /opt/airflow/dags/0-firstdag.py
[2024-09-30 16:25:59,015] {processor.py:651} INFO - DAG(s) dict_keys(['first_dag']) retrieved from /opt/airflow/dags/0-firstdag.py
[2024-09-30 16:25:59,032] {logging_mixin.py:115} INFO - [2024-09-30 16:25:59,031] {dag.py:2420} INFO - Sync 1 DAGs
[2024-09-30 16:25:59,045] {logging_mixin.py:115} INFO - [2024-09-30 16:25:59,045] {dag.py:2972} INFO - Setting next_dagrun for first_dag to None, run_after=None
[2024-09-30 16:25:59,054] {processor.py:161} INFO - Processing /opt/airflow/dags/0-firstdag.py took 0.047 seconds
[2024-09-30 16:26:29,519] {processor.py:153} INFO - Started process (PID=2992) to work on /opt/airflow/dags/0-firstdag.py
[2024-09-30 16:26:29,521] {processor.py:641} INFO - Processing file /opt/airflow/dags/0-firstdag.py for tasks to queue
[2024-09-30 16:26:29,521] {logging_mixin.py:115} INFO - [2024-09-30 16:26:29,521] {dagbag.py:508} INFO - Filling up the DagBag from /opt/airflow/dags/0-firstdag.py
[2024-09-30 16:26:29,524] {processor.py:651} INFO - DAG(s) dict_keys(['first_dag']) retrieved from /opt/airflow/dags/0-firstdag.py
[2024-09-30 16:26:29,540] {logging_mixin.py:115} INFO - [2024-09-30 16:26:29,540] {dag.py:2420} INFO - Sync 1 DAGs
[2024-09-30 16:26:29,556] {logging_mixin.py:115} INFO - [2024-09-30 16:26:29,556] {dag.py:2972} INFO - Setting next_dagrun for first_dag to None, run_after=None
[2024-09-30 16:26:29,564] {processor.py:161} INFO - Processing /opt/airflow/dags/0-firstdag.py took 0.048 seconds
[2024-09-30 16:27:00,024] {processor.py:153} INFO - Started process (PID=3022) to work on /opt/airflow/dags/0-firstdag.py
[2024-09-30 16:27:00,025] {processor.py:641} INFO - Processing file /opt/airflow/dags/0-firstdag.py for tasks to queue
[2024-09-30 16:27:00,025] {logging_mixin.py:115} INFO - [2024-09-30 16:27:00,025] {dagbag.py:508} INFO - Filling up the DagBag from /opt/airflow/dags/0-firstdag.py
[2024-09-30 16:27:00,027] {processor.py:651} INFO - DAG(s) dict_keys(['first_dag']) retrieved from /opt/airflow/dags/0-firstdag.py
[2024-09-30 16:27:00,044] {logging_mixin.py:115} INFO - [2024-09-30 16:27:00,044] {dag.py:2420} INFO - Sync 1 DAGs
[2024-09-30 16:27:00,058] {logging_mixin.py:115} INFO - [2024-09-30 16:27:00,058] {dag.py:2972} INFO - Setting next_dagrun for first_dag to None, run_after=None
[2024-09-30 16:27:00,066] {processor.py:161} INFO - Processing /opt/airflow/dags/0-firstdag.py took 0.044 seconds
[2024-09-30 16:27:30,518] {processor.py:153} INFO - Started process (PID=3061) to work on /opt/airflow/dags/0-firstdag.py
[2024-09-30 16:27:30,518] {processor.py:641} INFO - Processing file /opt/airflow/dags/0-firstdag.py for tasks to queue
[2024-09-30 16:27:30,519] {logging_mixin.py:115} INFO - [2024-09-30 16:27:30,519] {dagbag.py:508} INFO - Filling up the DagBag from /opt/airflow/dags/0-firstdag.py
[2024-09-30 16:27:30,521] {processor.py:651} INFO - DAG(s) dict_keys(['first_dag']) retrieved from /opt/airflow/dags/0-firstdag.py
[2024-09-30 16:27:30,540] {logging_mixin.py:115} INFO - [2024-09-30 16:27:30,540] {dag.py:2420} INFO - Sync 1 DAGs
[2024-09-30 16:27:30,553] {logging_mixin.py:115} INFO - [2024-09-30 16:27:30,553] {dag.py:2972} INFO - Setting next_dagrun for first_dag to None, run_after=None
[2024-09-30 16:27:30,560] {processor.py:161} INFO - Processing /opt/airflow/dags/0-firstdag.py took 0.044 seconds
[2024-09-30 16:28:00,995] {processor.py:153} INFO - Started process (PID=3100) to work on /opt/airflow/dags/0-firstdag.py
[2024-09-30 16:28:00,995] {processor.py:641} INFO - Processing file /opt/airflow/dags/0-firstdag.py for tasks to queue
[2024-09-30 16:28:00,996] {logging_mixin.py:115} INFO - [2024-09-30 16:28:00,996] {dagbag.py:508} INFO - Filling up the DagBag from /opt/airflow/dags/0-firstdag.py
[2024-09-30 16:28:00,998] {processor.py:651} INFO - DAG(s) dict_keys(['first_dag']) retrieved from /opt/airflow/dags/0-firstdag.py
[2024-09-30 16:28:01,013] {logging_mixin.py:115} INFO - [2024-09-30 16:28:01,013] {dag.py:2420} INFO - Sync 1 DAGs
[2024-09-30 16:28:01,026] {logging_mixin.py:115} INFO - [2024-09-30 16:28:01,026] {dag.py:2972} INFO - Setting next_dagrun for first_dag to None, run_after=None
[2024-09-30 16:28:01,033] {processor.py:161} INFO - Processing /opt/airflow/dags/0-firstdag.py took 0.040 seconds
[2024-09-30 16:28:31,521] {processor.py:153} INFO - Started process (PID=3139) to work on /opt/airflow/dags/0-firstdag.py
[2024-09-30 16:28:31,522] {processor.py:641} INFO - Processing file /opt/airflow/dags/0-firstdag.py for tasks to queue
[2024-09-30 16:28:31,522] {logging_mixin.py:115} INFO - [2024-09-30 16:28:31,522] {dagbag.py:508} INFO - Filling up the DagBag from /opt/airflow/dags/0-firstdag.py
[2024-09-30 16:28:31,525] {processor.py:651} INFO - DAG(s) dict_keys(['first_dag']) retrieved from /opt/airflow/dags/0-firstdag.py
[2024-09-30 16:28:31,546] {logging_mixin.py:115} INFO - [2024-09-30 16:28:31,546] {dag.py:2420} INFO - Sync 1 DAGs
[2024-09-30 16:28:31,561] {logging_mixin.py:115} INFO - [2024-09-30 16:28:31,561] {dag.py:2972} INFO - Setting next_dagrun for first_dag to None, run_after=None
[2024-09-30 16:28:31,571] {processor.py:161} INFO - Processing /opt/airflow/dags/0-firstdag.py took 0.051 seconds
[2024-09-30 16:29:02,068] {processor.py:153} INFO - Started process (PID=3179) to work on /opt/airflow/dags/0-firstdag.py
[2024-09-30 16:29:02,068] {processor.py:641} INFO - Processing file /opt/airflow/dags/0-firstdag.py for tasks to queue
[2024-09-30 16:29:02,068] {logging_mixin.py:115} INFO - [2024-09-30 16:29:02,068] {dagbag.py:508} INFO - Filling up the DagBag from /opt/airflow/dags/0-firstdag.py
[2024-09-30 16:29:02,071] {processor.py:651} INFO - DAG(s) dict_keys(['first_dag']) retrieved from /opt/airflow/dags/0-firstdag.py
[2024-09-30 16:29:02,086] {logging_mixin.py:115} INFO - [2024-09-30 16:29:02,086] {dag.py:2420} INFO - Sync 1 DAGs
[2024-09-30 16:29:02,101] {logging_mixin.py:115} INFO - [2024-09-30 16:29:02,101] {dag.py:2972} INFO - Setting next_dagrun for first_dag to None, run_after=None
[2024-09-30 16:29:02,109] {processor.py:161} INFO - Processing /opt/airflow/dags/0-firstdag.py took 0.044 seconds
[2024-09-30 16:29:32,588] {processor.py:153} INFO - Started process (PID=3218) to work on /opt/airflow/dags/0-firstdag.py
[2024-09-30 16:29:32,588] {processor.py:641} INFO - Processing file /opt/airflow/dags/0-firstdag.py for tasks to queue
[2024-09-30 16:29:32,588] {logging_mixin.py:115} INFO - [2024-09-30 16:29:32,588] {dagbag.py:508} INFO - Filling up the DagBag from /opt/airflow/dags/0-firstdag.py
[2024-09-30 16:29:32,591] {processor.py:651} INFO - DAG(s) dict_keys(['first_dag']) retrieved from /opt/airflow/dags/0-firstdag.py
[2024-09-30 16:29:32,608] {logging_mixin.py:115} INFO - [2024-09-30 16:29:32,608] {dag.py:2420} INFO - Sync 1 DAGs
[2024-09-30 16:29:32,628] {logging_mixin.py:115} INFO - [2024-09-30 16:29:32,628] {dag.py:2972} INFO - Setting next_dagrun for first_dag to None, run_after=None
[2024-09-30 16:29:32,639] {processor.py:161} INFO - Processing /opt/airflow/dags/0-firstdag.py took 0.053 seconds
[2024-09-30 16:30:03,026] {processor.py:153} INFO - Started process (PID=3248) to work on /opt/airflow/dags/0-firstdag.py
[2024-09-30 16:30:03,026] {processor.py:641} INFO - Processing file /opt/airflow/dags/0-firstdag.py for tasks to queue
[2024-09-30 16:30:03,027] {logging_mixin.py:115} INFO - [2024-09-30 16:30:03,027] {dagbag.py:508} INFO - Filling up the DagBag from /opt/airflow/dags/0-firstdag.py
[2024-09-30 16:30:03,029] {processor.py:651} INFO - DAG(s) dict_keys(['first_dag']) retrieved from /opt/airflow/dags/0-firstdag.py
[2024-09-30 16:30:03,044] {logging_mixin.py:115} INFO - [2024-09-30 16:30:03,044] {dag.py:2420} INFO - Sync 1 DAGs
[2024-09-30 16:30:03,057] {logging_mixin.py:115} INFO - [2024-09-30 16:30:03,057] {dag.py:2972} INFO - Setting next_dagrun for first_dag to None, run_after=None
[2024-09-30 16:30:03,066] {processor.py:161} INFO - Processing /opt/airflow/dags/0-firstdag.py took 0.043 seconds
[2024-09-30 16:30:33,466] {processor.py:153} INFO - Started process (PID=3286) to work on /opt/airflow/dags/0-firstdag.py
[2024-09-30 16:30:33,466] {processor.py:641} INFO - Processing file /opt/airflow/dags/0-firstdag.py for tasks to queue
[2024-09-30 16:30:33,467] {logging_mixin.py:115} INFO - [2024-09-30 16:30:33,467] {dagbag.py:508} INFO - Filling up the DagBag from /opt/airflow/dags/0-firstdag.py
[2024-09-30 16:30:33,469] {processor.py:651} INFO - DAG(s) dict_keys(['first_dag']) retrieved from /opt/airflow/dags/0-firstdag.py
[2024-09-30 16:30:33,485] {logging_mixin.py:115} INFO - [2024-09-30 16:30:33,485] {dag.py:2420} INFO - Sync 1 DAGs
[2024-09-30 16:30:33,498] {logging_mixin.py:115} INFO - [2024-09-30 16:30:33,498] {dag.py:2972} INFO - Setting next_dagrun for first_dag to None, run_after=None
[2024-09-30 16:30:33,505] {processor.py:161} INFO - Processing /opt/airflow/dags/0-firstdag.py took 0.042 seconds
[2024-09-30 16:31:03,897] {processor.py:153} INFO - Started process (PID=3325) to work on /opt/airflow/dags/0-firstdag.py
[2024-09-30 16:31:03,897] {processor.py:641} INFO - Processing file /opt/airflow/dags/0-firstdag.py for tasks to queue
[2024-09-30 16:31:03,898] {logging_mixin.py:115} INFO - [2024-09-30 16:31:03,898] {dagbag.py:508} INFO - Filling up the DagBag from /opt/airflow/dags/0-firstdag.py
[2024-09-30 16:31:03,900] {processor.py:651} INFO - DAG(s) dict_keys(['first_dag']) retrieved from /opt/airflow/dags/0-firstdag.py
[2024-09-30 16:31:03,915] {logging_mixin.py:115} INFO - [2024-09-30 16:31:03,915] {dag.py:2420} INFO - Sync 1 DAGs
[2024-09-30 16:31:03,927] {logging_mixin.py:115} INFO - [2024-09-30 16:31:03,927] {dag.py:2972} INFO - Setting next_dagrun for first_dag to None, run_after=None
[2024-09-30 16:31:03,935] {processor.py:161} INFO - Processing /opt/airflow/dags/0-firstdag.py took 0.040 seconds
[2024-09-30 16:31:34,315] {processor.py:153} INFO - Started process (PID=3364) to work on /opt/airflow/dags/0-firstdag.py
[2024-09-30 16:31:34,315] {processor.py:641} INFO - Processing file /opt/airflow/dags/0-firstdag.py for tasks to queue
[2024-09-30 16:31:34,315] {logging_mixin.py:115} INFO - [2024-09-30 16:31:34,315] {dagbag.py:508} INFO - Filling up the DagBag from /opt/airflow/dags/0-firstdag.py
[2024-09-30 16:31:34,318] {processor.py:651} INFO - DAG(s) dict_keys(['first_dag']) retrieved from /opt/airflow/dags/0-firstdag.py
[2024-09-30 16:31:34,333] {logging_mixin.py:115} INFO - [2024-09-30 16:31:34,333] {dag.py:2420} INFO - Sync 1 DAGs
[2024-09-30 16:31:34,346] {logging_mixin.py:115} INFO - [2024-09-30 16:31:34,346] {dag.py:2972} INFO - Setting next_dagrun for first_dag to None, run_after=None
[2024-09-30 16:31:34,353] {processor.py:161} INFO - Processing /opt/airflow/dags/0-firstdag.py took 0.040 seconds
[2024-09-30 16:32:04,845] {processor.py:153} INFO - Started process (PID=3403) to work on /opt/airflow/dags/0-firstdag.py
[2024-09-30 16:32:04,846] {processor.py:641} INFO - Processing file /opt/airflow/dags/0-firstdag.py for tasks to queue
[2024-09-30 16:32:04,846] {logging_mixin.py:115} INFO - [2024-09-30 16:32:04,846] {dagbag.py:508} INFO - Filling up the DagBag from /opt/airflow/dags/0-firstdag.py
[2024-09-30 16:32:04,849] {processor.py:651} INFO - DAG(s) dict_keys(['first_dag']) retrieved from /opt/airflow/dags/0-firstdag.py
[2024-09-30 16:32:04,867] {logging_mixin.py:115} INFO - [2024-09-30 16:32:04,867] {dag.py:2420} INFO - Sync 1 DAGs
[2024-09-30 16:32:04,883] {logging_mixin.py:115} INFO - [2024-09-30 16:32:04,882] {dag.py:2972} INFO - Setting next_dagrun for first_dag to None, run_after=None
[2024-09-30 16:32:04,893] {processor.py:161} INFO - Processing /opt/airflow/dags/0-firstdag.py took 0.051 seconds
[2024-09-30 16:32:35,340] {processor.py:153} INFO - Started process (PID=3438) to work on /opt/airflow/dags/0-firstdag.py
[2024-09-30 16:32:35,340] {processor.py:641} INFO - Processing file /opt/airflow/dags/0-firstdag.py for tasks to queue
[2024-09-30 16:32:35,341] {logging_mixin.py:115} INFO - [2024-09-30 16:32:35,341] {dagbag.py:508} INFO - Filling up the DagBag from /opt/airflow/dags/0-firstdag.py
[2024-09-30 16:32:35,344] {processor.py:651} INFO - DAG(s) dict_keys(['first_dag']) retrieved from /opt/airflow/dags/0-firstdag.py
[2024-09-30 16:32:35,365] {logging_mixin.py:115} INFO - [2024-09-30 16:32:35,365] {dag.py:2420} INFO - Sync 1 DAGs
[2024-09-30 16:32:35,382] {logging_mixin.py:115} INFO - [2024-09-30 16:32:35,382] {dag.py:2972} INFO - Setting next_dagrun for first_dag to None, run_after=None
[2024-09-30 16:32:35,392] {processor.py:161} INFO - Processing /opt/airflow/dags/0-firstdag.py took 0.055 seconds
[2024-09-30 16:33:05,895] {processor.py:153} INFO - Started process (PID=3471) to work on /opt/airflow/dags/0-firstdag.py
[2024-09-30 16:33:05,896] {processor.py:641} INFO - Processing file /opt/airflow/dags/0-firstdag.py for tasks to queue
[2024-09-30 16:33:05,896] {logging_mixin.py:115} INFO - [2024-09-30 16:33:05,896] {dagbag.py:508} INFO - Filling up the DagBag from /opt/airflow/dags/0-firstdag.py
[2024-09-30 16:33:05,900] {processor.py:651} INFO - DAG(s) dict_keys(['first_dag']) retrieved from /opt/airflow/dags/0-firstdag.py
[2024-09-30 16:33:05,920] {logging_mixin.py:115} INFO - [2024-09-30 16:33:05,920] {dag.py:2420} INFO - Sync 1 DAGs
[2024-09-30 16:33:05,934] {logging_mixin.py:115} INFO - [2024-09-30 16:33:05,934] {dag.py:2972} INFO - Setting next_dagrun for first_dag to None, run_after=None
[2024-09-30 16:33:05,943] {processor.py:161} INFO - Processing /opt/airflow/dags/0-firstdag.py took 0.050 seconds
[2024-09-30 16:33:36,327] {processor.py:153} INFO - Started process (PID=3510) to work on /opt/airflow/dags/0-firstdag.py
[2024-09-30 16:33:36,327] {processor.py:641} INFO - Processing file /opt/airflow/dags/0-firstdag.py for tasks to queue
[2024-09-30 16:33:36,328] {logging_mixin.py:115} INFO - [2024-09-30 16:33:36,327] {dagbag.py:508} INFO - Filling up the DagBag from /opt/airflow/dags/0-firstdag.py
[2024-09-30 16:33:36,329] {processor.py:651} INFO - DAG(s) dict_keys(['first_dag']) retrieved from /opt/airflow/dags/0-firstdag.py
[2024-09-30 16:33:36,345] {logging_mixin.py:115} INFO - [2024-09-30 16:33:36,344] {dag.py:2420} INFO - Sync 1 DAGs
[2024-09-30 16:33:36,357] {logging_mixin.py:115} INFO - [2024-09-30 16:33:36,357] {dag.py:2972} INFO - Setting next_dagrun for first_dag to None, run_after=None
[2024-09-30 16:33:36,364] {processor.py:161} INFO - Processing /opt/airflow/dags/0-firstdag.py took 0.039 seconds
[2024-09-30 16:34:06,793] {processor.py:153} INFO - Started process (PID=3549) to work on /opt/airflow/dags/0-firstdag.py
[2024-09-30 16:34:06,793] {processor.py:641} INFO - Processing file /opt/airflow/dags/0-firstdag.py for tasks to queue
[2024-09-30 16:34:06,794] {logging_mixin.py:115} INFO - [2024-09-30 16:34:06,794] {dagbag.py:508} INFO - Filling up the DagBag from /opt/airflow/dags/0-firstdag.py
[2024-09-30 16:34:06,796] {processor.py:651} INFO - DAG(s) dict_keys(['first_dag']) retrieved from /opt/airflow/dags/0-firstdag.py
[2024-09-30 16:34:06,814] {logging_mixin.py:115} INFO - [2024-09-30 16:34:06,814] {dag.py:2420} INFO - Sync 1 DAGs
[2024-09-30 16:34:06,827] {logging_mixin.py:115} INFO - [2024-09-30 16:34:06,827] {dag.py:2972} INFO - Setting next_dagrun for first_dag to None, run_after=None
[2024-09-30 16:34:06,834] {processor.py:161} INFO - Processing /opt/airflow/dags/0-firstdag.py took 0.044 seconds
[2024-09-30 16:34:37,269] {processor.py:153} INFO - Started process (PID=3588) to work on /opt/airflow/dags/0-firstdag.py
[2024-09-30 16:34:37,270] {processor.py:641} INFO - Processing file /opt/airflow/dags/0-firstdag.py for tasks to queue
[2024-09-30 16:34:37,270] {logging_mixin.py:115} INFO - [2024-09-30 16:34:37,270] {dagbag.py:508} INFO - Filling up the DagBag from /opt/airflow/dags/0-firstdag.py
[2024-09-30 16:34:37,272] {processor.py:651} INFO - DAG(s) dict_keys(['first_dag']) retrieved from /opt/airflow/dags/0-firstdag.py
[2024-09-30 16:34:37,288] {logging_mixin.py:115} INFO - [2024-09-30 16:34:37,288] {dag.py:2420} INFO - Sync 1 DAGs
[2024-09-30 16:34:37,302] {logging_mixin.py:115} INFO - [2024-09-30 16:34:37,302] {dag.py:2972} INFO - Setting next_dagrun for first_dag to None, run_after=None
[2024-09-30 16:34:37,310] {processor.py:161} INFO - Processing /opt/airflow/dags/0-firstdag.py took 0.042 seconds
[2024-09-30 16:35:07,725] {processor.py:153} INFO - Started process (PID=3627) to work on /opt/airflow/dags/0-firstdag.py
[2024-09-30 16:35:07,725] {processor.py:641} INFO - Processing file /opt/airflow/dags/0-firstdag.py for tasks to queue
[2024-09-30 16:35:07,726] {logging_mixin.py:115} INFO - [2024-09-30 16:35:07,726] {dagbag.py:508} INFO - Filling up the DagBag from /opt/airflow/dags/0-firstdag.py
[2024-09-30 16:35:07,728] {processor.py:651} INFO - DAG(s) dict_keys(['first_dag']) retrieved from /opt/airflow/dags/0-firstdag.py
[2024-09-30 16:35:07,744] {logging_mixin.py:115} INFO - [2024-09-30 16:35:07,744] {dag.py:2420} INFO - Sync 1 DAGs
[2024-09-30 16:35:07,758] {logging_mixin.py:115} INFO - [2024-09-30 16:35:07,757] {dag.py:2972} INFO - Setting next_dagrun for first_dag to None, run_after=None
[2024-09-30 16:35:07,765] {processor.py:161} INFO - Processing /opt/airflow/dags/0-firstdag.py took 0.043 seconds
[2024-09-30 16:35:38,232] {processor.py:153} INFO - Started process (PID=3657) to work on /opt/airflow/dags/0-firstdag.py
[2024-09-30 16:35:38,233] {processor.py:641} INFO - Processing file /opt/airflow/dags/0-firstdag.py for tasks to queue
[2024-09-30 16:35:38,233] {logging_mixin.py:115} INFO - [2024-09-30 16:35:38,233] {dagbag.py:508} INFO - Filling up the DagBag from /opt/airflow/dags/0-firstdag.py
[2024-09-30 16:35:38,235] {processor.py:651} INFO - DAG(s) dict_keys(['first_dag']) retrieved from /opt/airflow/dags/0-firstdag.py
[2024-09-30 16:35:38,252] {logging_mixin.py:115} INFO - [2024-09-30 16:35:38,251] {dag.py:2420} INFO - Sync 1 DAGs
[2024-09-30 16:35:38,264] {logging_mixin.py:115} INFO - [2024-09-30 16:35:38,264] {dag.py:2972} INFO - Setting next_dagrun for first_dag to None, run_after=None
[2024-09-30 16:35:38,272] {processor.py:161} INFO - Processing /opt/airflow/dags/0-firstdag.py took 0.042 seconds
[2024-09-30 16:36:08,701] {processor.py:153} INFO - Started process (PID=3696) to work on /opt/airflow/dags/0-firstdag.py
[2024-09-30 16:36:08,704] {processor.py:641} INFO - Processing file /opt/airflow/dags/0-firstdag.py for tasks to queue
[2024-09-30 16:36:08,704] {logging_mixin.py:115} INFO - [2024-09-30 16:36:08,704] {dagbag.py:508} INFO - Filling up the DagBag from /opt/airflow/dags/0-firstdag.py
[2024-09-30 16:36:08,706] {processor.py:651} INFO - DAG(s) dict_keys(['first_dag']) retrieved from /opt/airflow/dags/0-firstdag.py
[2024-09-30 16:36:08,722] {logging_mixin.py:115} INFO - [2024-09-30 16:36:08,722] {dag.py:2420} INFO - Sync 1 DAGs
[2024-09-30 16:36:08,738] {logging_mixin.py:115} INFO - [2024-09-30 16:36:08,738] {dag.py:2972} INFO - Setting next_dagrun for first_dag to None, run_after=None
[2024-09-30 16:36:08,746] {processor.py:161} INFO - Processing /opt/airflow/dags/0-firstdag.py took 0.048 seconds
[2024-09-30 16:36:39,224] {processor.py:153} INFO - Started process (PID=3736) to work on /opt/airflow/dags/0-firstdag.py
[2024-09-30 16:36:39,224] {processor.py:641} INFO - Processing file /opt/airflow/dags/0-firstdag.py for tasks to queue
[2024-09-30 16:36:39,225] {logging_mixin.py:115} INFO - [2024-09-30 16:36:39,225] {dagbag.py:508} INFO - Filling up the DagBag from /opt/airflow/dags/0-firstdag.py
[2024-09-30 16:36:39,227] {processor.py:651} INFO - DAG(s) dict_keys(['first_dag']) retrieved from /opt/airflow/dags/0-firstdag.py
[2024-09-30 16:36:39,242] {logging_mixin.py:115} INFO - [2024-09-30 16:36:39,242] {dag.py:2420} INFO - Sync 1 DAGs
[2024-09-30 16:36:39,255] {logging_mixin.py:115} INFO - [2024-09-30 16:36:39,255] {dag.py:2972} INFO - Setting next_dagrun for first_dag to None, run_after=None
[2024-09-30 16:36:39,262] {processor.py:161} INFO - Processing /opt/airflow/dags/0-firstdag.py took 0.040 seconds
[2024-09-30 16:37:09,706] {processor.py:153} INFO - Started process (PID=3775) to work on /opt/airflow/dags/0-firstdag.py
[2024-09-30 16:37:09,706] {processor.py:641} INFO - Processing file /opt/airflow/dags/0-firstdag.py for tasks to queue
[2024-09-30 16:37:09,706] {logging_mixin.py:115} INFO - [2024-09-30 16:37:09,706] {dagbag.py:508} INFO - Filling up the DagBag from /opt/airflow/dags/0-firstdag.py
[2024-09-30 16:37:09,708] {processor.py:651} INFO - DAG(s) dict_keys(['first_dag']) retrieved from /opt/airflow/dags/0-firstdag.py
[2024-09-30 16:37:09,723] {logging_mixin.py:115} INFO - [2024-09-30 16:37:09,723] {dag.py:2420} INFO - Sync 1 DAGs
[2024-09-30 16:37:09,736] {logging_mixin.py:115} INFO - [2024-09-30 16:37:09,736] {dag.py:2972} INFO - Setting next_dagrun for first_dag to None, run_after=None
[2024-09-30 16:37:09,746] {processor.py:161} INFO - Processing /opt/airflow/dags/0-firstdag.py took 0.042 seconds
[2024-09-30 16:37:40,161] {processor.py:153} INFO - Started process (PID=3813) to work on /opt/airflow/dags/0-firstdag.py
[2024-09-30 16:37:40,162] {processor.py:641} INFO - Processing file /opt/airflow/dags/0-firstdag.py for tasks to queue
[2024-09-30 16:37:40,162] {logging_mixin.py:115} INFO - [2024-09-30 16:37:40,162] {dagbag.py:508} INFO - Filling up the DagBag from /opt/airflow/dags/0-firstdag.py
[2024-09-30 16:37:40,164] {processor.py:651} INFO - DAG(s) dict_keys(['first_dag']) retrieved from /opt/airflow/dags/0-firstdag.py
[2024-09-30 16:37:40,183] {logging_mixin.py:115} INFO - [2024-09-30 16:37:40,183] {dag.py:2420} INFO - Sync 1 DAGs
[2024-09-30 16:37:40,197] {logging_mixin.py:115} INFO - [2024-09-30 16:37:40,197] {dag.py:2972} INFO - Setting next_dagrun for first_dag to None, run_after=None
[2024-09-30 16:37:40,205] {processor.py:161} INFO - Processing /opt/airflow/dags/0-firstdag.py took 0.046 seconds
[2024-09-30 16:38:10,667] {processor.py:153} INFO - Started process (PID=3852) to work on /opt/airflow/dags/0-firstdag.py
[2024-09-30 16:38:10,667] {processor.py:641} INFO - Processing file /opt/airflow/dags/0-firstdag.py for tasks to queue
[2024-09-30 16:38:10,668] {logging_mixin.py:115} INFO - [2024-09-30 16:38:10,668] {dagbag.py:508} INFO - Filling up the DagBag from /opt/airflow/dags/0-firstdag.py
[2024-09-30 16:38:10,670] {processor.py:651} INFO - DAG(s) dict_keys(['first_dag']) retrieved from /opt/airflow/dags/0-firstdag.py
[2024-09-30 16:38:10,685] {logging_mixin.py:115} INFO - [2024-09-30 16:38:10,685] {dag.py:2420} INFO - Sync 1 DAGs
[2024-09-30 16:38:10,698] {logging_mixin.py:115} INFO - [2024-09-30 16:38:10,698] {dag.py:2972} INFO - Setting next_dagrun for first_dag to None, run_after=None
[2024-09-30 16:38:10,705] {processor.py:161} INFO - Processing /opt/airflow/dags/0-firstdag.py took 0.040 seconds
[2024-09-30 16:38:41,136] {processor.py:153} INFO - Started process (PID=3882) to work on /opt/airflow/dags/0-firstdag.py
[2024-09-30 16:38:41,136] {processor.py:641} INFO - Processing file /opt/airflow/dags/0-firstdag.py for tasks to queue
[2024-09-30 16:38:41,137] {logging_mixin.py:115} INFO - [2024-09-30 16:38:41,137] {dagbag.py:508} INFO - Filling up the DagBag from /opt/airflow/dags/0-firstdag.py
[2024-09-30 16:38:41,139] {processor.py:651} INFO - DAG(s) dict_keys(['first_dag']) retrieved from /opt/airflow/dags/0-firstdag.py
[2024-09-30 16:38:41,156] {logging_mixin.py:115} INFO - [2024-09-30 16:38:41,155] {dag.py:2420} INFO - Sync 1 DAGs
[2024-09-30 16:38:41,169] {logging_mixin.py:115} INFO - [2024-09-30 16:38:41,169] {dag.py:2972} INFO - Setting next_dagrun for first_dag to None, run_after=None
[2024-09-30 16:38:41,177] {processor.py:161} INFO - Processing /opt/airflow/dags/0-firstdag.py took 0.042 seconds
[2024-09-30 16:39:11,613] {processor.py:153} INFO - Started process (PID=3921) to work on /opt/airflow/dags/0-firstdag.py
[2024-09-30 16:39:11,613] {processor.py:641} INFO - Processing file /opt/airflow/dags/0-firstdag.py for tasks to queue
[2024-09-30 16:39:11,613] {logging_mixin.py:115} INFO - [2024-09-30 16:39:11,613] {dagbag.py:508} INFO - Filling up the DagBag from /opt/airflow/dags/0-firstdag.py
[2024-09-30 16:39:11,616] {processor.py:651} INFO - DAG(s) dict_keys(['first_dag']) retrieved from /opt/airflow/dags/0-firstdag.py
[2024-09-30 16:39:11,631] {logging_mixin.py:115} INFO - [2024-09-30 16:39:11,631] {dag.py:2420} INFO - Sync 1 DAGs
[2024-09-30 16:39:11,647] {logging_mixin.py:115} INFO - [2024-09-30 16:39:11,647] {dag.py:2972} INFO - Setting next_dagrun for first_dag to None, run_after=None
[2024-09-30 16:39:11,655] {processor.py:161} INFO - Processing /opt/airflow/dags/0-firstdag.py took 0.044 seconds
[2024-09-30 16:39:42,093] {processor.py:153} INFO - Started process (PID=3960) to work on /opt/airflow/dags/0-firstdag.py
[2024-09-30 16:39:42,094] {processor.py:641} INFO - Processing file /opt/airflow/dags/0-firstdag.py for tasks to queue
[2024-09-30 16:39:42,094] {logging_mixin.py:115} INFO - [2024-09-30 16:39:42,094] {dagbag.py:508} INFO - Filling up the DagBag from /opt/airflow/dags/0-firstdag.py
[2024-09-30 16:39:42,096] {processor.py:651} INFO - DAG(s) dict_keys(['first_dag']) retrieved from /opt/airflow/dags/0-firstdag.py
[2024-09-30 16:39:42,112] {logging_mixin.py:115} INFO - [2024-09-30 16:39:42,112] {dag.py:2420} INFO - Sync 1 DAGs
[2024-09-30 16:39:42,126] {logging_mixin.py:115} INFO - [2024-09-30 16:39:42,126] {dag.py:2972} INFO - Setting next_dagrun for first_dag to None, run_after=None
[2024-09-30 16:39:42,134] {processor.py:161} INFO - Processing /opt/airflow/dags/0-firstdag.py took 0.043 seconds
[2024-09-30 16:40:12,533] {processor.py:153} INFO - Started process (PID=3999) to work on /opt/airflow/dags/0-firstdag.py
[2024-09-30 16:40:12,533] {processor.py:641} INFO - Processing file /opt/airflow/dags/0-firstdag.py for tasks to queue
[2024-09-30 16:40:12,534] {logging_mixin.py:115} INFO - [2024-09-30 16:40:12,534] {dagbag.py:508} INFO - Filling up the DagBag from /opt/airflow/dags/0-firstdag.py
[2024-09-30 16:40:12,536] {processor.py:651} INFO - DAG(s) dict_keys(['first_dag']) retrieved from /opt/airflow/dags/0-firstdag.py
[2024-09-30 16:40:12,552] {logging_mixin.py:115} INFO - [2024-09-30 16:40:12,552] {dag.py:2420} INFO - Sync 1 DAGs
[2024-09-30 16:40:12,565] {logging_mixin.py:115} INFO - [2024-09-30 16:40:12,564] {dag.py:2972} INFO - Setting next_dagrun for first_dag to None, run_after=None
[2024-09-30 16:40:12,571] {processor.py:161} INFO - Processing /opt/airflow/dags/0-firstdag.py took 0.041 seconds
[2024-09-30 16:40:43,020] {processor.py:153} INFO - Started process (PID=4037) to work on /opt/airflow/dags/0-firstdag.py
[2024-09-30 16:40:43,020] {processor.py:641} INFO - Processing file /opt/airflow/dags/0-firstdag.py for tasks to queue
[2024-09-30 16:40:43,021] {logging_mixin.py:115} INFO - [2024-09-30 16:40:43,021] {dagbag.py:508} INFO - Filling up the DagBag from /opt/airflow/dags/0-firstdag.py
[2024-09-30 16:40:43,023] {processor.py:651} INFO - DAG(s) dict_keys(['first_dag']) retrieved from /opt/airflow/dags/0-firstdag.py
[2024-09-30 16:40:43,039] {logging_mixin.py:115} INFO - [2024-09-30 16:40:43,039] {dag.py:2420} INFO - Sync 1 DAGs
[2024-09-30 16:40:43,051] {logging_mixin.py:115} INFO - [2024-09-30 16:40:43,051] {dag.py:2972} INFO - Setting next_dagrun for first_dag to None, run_after=None
[2024-09-30 16:40:43,058] {processor.py:161} INFO - Processing /opt/airflow/dags/0-firstdag.py took 0.040 seconds
[2024-09-30 16:41:13,507] {processor.py:153} INFO - Started process (PID=4076) to work on /opt/airflow/dags/0-firstdag.py
[2024-09-30 16:41:13,508] {processor.py:641} INFO - Processing file /opt/airflow/dags/0-firstdag.py for tasks to queue
[2024-09-30 16:41:13,508] {logging_mixin.py:115} INFO - [2024-09-30 16:41:13,508] {dagbag.py:508} INFO - Filling up the DagBag from /opt/airflow/dags/0-firstdag.py
[2024-09-30 16:41:13,510] {processor.py:651} INFO - DAG(s) dict_keys(['first_dag']) retrieved from /opt/airflow/dags/0-firstdag.py
[2024-09-30 16:41:13,527] {logging_mixin.py:115} INFO - [2024-09-30 16:41:13,527] {dag.py:2420} INFO - Sync 1 DAGs
[2024-09-30 16:41:13,539] {logging_mixin.py:115} INFO - [2024-09-30 16:41:13,539] {dag.py:2972} INFO - Setting next_dagrun for first_dag to None, run_after=None
[2024-09-30 16:41:13,547] {processor.py:161} INFO - Processing /opt/airflow/dags/0-firstdag.py took 0.042 seconds
[2024-09-30 16:41:44,010] {processor.py:153} INFO - Started process (PID=4106) to work on /opt/airflow/dags/0-firstdag.py
[2024-09-30 16:41:44,010] {processor.py:641} INFO - Processing file /opt/airflow/dags/0-firstdag.py for tasks to queue
[2024-09-30 16:41:44,013] {logging_mixin.py:115} INFO - [2024-09-30 16:41:44,013] {dagbag.py:508} INFO - Filling up the DagBag from /opt/airflow/dags/0-firstdag.py
[2024-09-30 16:41:44,016] {processor.py:651} INFO - DAG(s) dict_keys(['first_dag']) retrieved from /opt/airflow/dags/0-firstdag.py
[2024-09-30 16:41:44,033] {logging_mixin.py:115} INFO - [2024-09-30 16:41:44,033] {dag.py:2420} INFO - Sync 1 DAGs
[2024-09-30 16:41:44,047] {logging_mixin.py:115} INFO - [2024-09-30 16:41:44,046] {dag.py:2972} INFO - Setting next_dagrun for first_dag to None, run_after=None
[2024-09-30 16:41:44,054] {processor.py:161} INFO - Processing /opt/airflow/dags/0-firstdag.py took 0.047 seconds
[2024-09-30 16:42:14,483] {processor.py:153} INFO - Started process (PID=4145) to work on /opt/airflow/dags/0-firstdag.py
[2024-09-30 16:42:14,483] {processor.py:641} INFO - Processing file /opt/airflow/dags/0-firstdag.py for tasks to queue
[2024-09-30 16:42:14,484] {logging_mixin.py:115} INFO - [2024-09-30 16:42:14,484] {dagbag.py:508} INFO - Filling up the DagBag from /opt/airflow/dags/0-firstdag.py
[2024-09-30 16:42:14,486] {processor.py:651} INFO - DAG(s) dict_keys(['first_dag']) retrieved from /opt/airflow/dags/0-firstdag.py
[2024-09-30 16:42:14,501] {logging_mixin.py:115} INFO - [2024-09-30 16:42:14,501] {dag.py:2420} INFO - Sync 1 DAGs
[2024-09-30 16:42:14,514] {logging_mixin.py:115} INFO - [2024-09-30 16:42:14,514] {dag.py:2972} INFO - Setting next_dagrun for first_dag to None, run_after=None
[2024-09-30 16:42:14,521] {processor.py:161} INFO - Processing /opt/airflow/dags/0-firstdag.py took 0.041 seconds
[2024-09-30 16:42:44,989] {processor.py:153} INFO - Started process (PID=4184) to work on /opt/airflow/dags/0-firstdag.py
[2024-09-30 16:42:44,989] {processor.py:641} INFO - Processing file /opt/airflow/dags/0-firstdag.py for tasks to queue
[2024-09-30 16:42:44,989] {logging_mixin.py:115} INFO - [2024-09-30 16:42:44,989] {dagbag.py:508} INFO - Filling up the DagBag from /opt/airflow/dags/0-firstdag.py
[2024-09-30 16:42:44,991] {processor.py:651} INFO - DAG(s) dict_keys(['first_dag']) retrieved from /opt/airflow/dags/0-firstdag.py
[2024-09-30 16:42:45,008] {logging_mixin.py:115} INFO - [2024-09-30 16:42:45,008] {dag.py:2420} INFO - Sync 1 DAGs
[2024-09-30 16:42:45,021] {logging_mixin.py:115} INFO - [2024-09-30 16:42:45,021] {dag.py:2972} INFO - Setting next_dagrun for first_dag to None, run_after=None
[2024-09-30 16:42:45,029] {processor.py:161} INFO - Processing /opt/airflow/dags/0-firstdag.py took 0.043 seconds
[2024-09-30 16:43:15,505] {processor.py:153} INFO - Started process (PID=4223) to work on /opt/airflow/dags/0-firstdag.py
[2024-09-30 16:43:15,505] {processor.py:641} INFO - Processing file /opt/airflow/dags/0-firstdag.py for tasks to queue
[2024-09-30 16:43:15,505] {logging_mixin.py:115} INFO - [2024-09-30 16:43:15,505] {dagbag.py:508} INFO - Filling up the DagBag from /opt/airflow/dags/0-firstdag.py
[2024-09-30 16:43:15,507] {processor.py:651} INFO - DAG(s) dict_keys(['first_dag']) retrieved from /opt/airflow/dags/0-firstdag.py
[2024-09-30 16:43:15,522] {logging_mixin.py:115} INFO - [2024-09-30 16:43:15,522] {dag.py:2420} INFO - Sync 1 DAGs
[2024-09-30 16:43:15,535] {logging_mixin.py:115} INFO - [2024-09-30 16:43:15,534] {dag.py:2972} INFO - Setting next_dagrun for first_dag to None, run_after=None
[2024-09-30 16:43:15,542] {processor.py:161} INFO - Processing /opt/airflow/dags/0-firstdag.py took 0.039 seconds
[2024-09-30 16:43:45,981] {processor.py:153} INFO - Started process (PID=4261) to work on /opt/airflow/dags/0-firstdag.py
[2024-09-30 16:43:45,981] {processor.py:641} INFO - Processing file /opt/airflow/dags/0-firstdag.py for tasks to queue
[2024-09-30 16:43:45,982] {logging_mixin.py:115} INFO - [2024-09-30 16:43:45,982] {dagbag.py:508} INFO - Filling up the DagBag from /opt/airflow/dags/0-firstdag.py
[2024-09-30 16:43:45,984] {processor.py:651} INFO - DAG(s) dict_keys(['first_dag']) retrieved from /opt/airflow/dags/0-firstdag.py
[2024-09-30 16:43:46,000] {logging_mixin.py:115} INFO - [2024-09-30 16:43:46,000] {dag.py:2420} INFO - Sync 1 DAGs
[2024-09-30 16:43:46,014] {logging_mixin.py:115} INFO - [2024-09-30 16:43:46,014] {dag.py:2972} INFO - Setting next_dagrun for first_dag to None, run_after=None
[2024-09-30 16:43:46,021] {processor.py:161} INFO - Processing /opt/airflow/dags/0-firstdag.py took 0.042 seconds
[2024-09-30 16:44:16,445] {processor.py:153} INFO - Started process (PID=4300) to work on /opt/airflow/dags/0-firstdag.py
[2024-09-30 16:44:16,446] {processor.py:641} INFO - Processing file /opt/airflow/dags/0-firstdag.py for tasks to queue
[2024-09-30 16:44:16,446] {logging_mixin.py:115} INFO - [2024-09-30 16:44:16,446] {dagbag.py:508} INFO - Filling up the DagBag from /opt/airflow/dags/0-firstdag.py
[2024-09-30 16:44:16,449] {processor.py:651} INFO - DAG(s) dict_keys(['first_dag']) retrieved from /opt/airflow/dags/0-firstdag.py
[2024-09-30 16:44:16,464] {logging_mixin.py:115} INFO - [2024-09-30 16:44:16,464] {dag.py:2420} INFO - Sync 1 DAGs
[2024-09-30 16:44:16,477] {logging_mixin.py:115} INFO - [2024-09-30 16:44:16,476] {dag.py:2972} INFO - Setting next_dagrun for first_dag to None, run_after=None
[2024-09-30 16:44:16,485] {processor.py:161} INFO - Processing /opt/airflow/dags/0-firstdag.py took 0.042 seconds
[2024-09-30 16:44:46,949] {processor.py:153} INFO - Started process (PID=4329) to work on /opt/airflow/dags/0-firstdag.py
[2024-09-30 16:44:46,949] {processor.py:641} INFO - Processing file /opt/airflow/dags/0-firstdag.py for tasks to queue
[2024-09-30 16:44:46,950] {logging_mixin.py:115} INFO - [2024-09-30 16:44:46,950] {dagbag.py:508} INFO - Filling up the DagBag from /opt/airflow/dags/0-firstdag.py
[2024-09-30 16:44:46,952] {processor.py:651} INFO - DAG(s) dict_keys(['first_dag']) retrieved from /opt/airflow/dags/0-firstdag.py
[2024-09-30 16:44:46,968] {logging_mixin.py:115} INFO - [2024-09-30 16:44:46,968] {dag.py:2420} INFO - Sync 1 DAGs
[2024-09-30 16:44:46,983] {logging_mixin.py:115} INFO - [2024-09-30 16:44:46,983] {dag.py:2972} INFO - Setting next_dagrun for first_dag to None, run_after=None
[2024-09-30 16:44:46,990] {processor.py:161} INFO - Processing /opt/airflow/dags/0-firstdag.py took 0.043 seconds
[2024-09-30 16:45:17,423] {processor.py:153} INFO - Started process (PID=4368) to work on /opt/airflow/dags/0-firstdag.py
[2024-09-30 16:45:17,424] {processor.py:641} INFO - Processing file /opt/airflow/dags/0-firstdag.py for tasks to queue
[2024-09-30 16:45:17,424] {logging_mixin.py:115} INFO - [2024-09-30 16:45:17,424] {dagbag.py:508} INFO - Filling up the DagBag from /opt/airflow/dags/0-firstdag.py
[2024-09-30 16:45:17,426] {processor.py:651} INFO - DAG(s) dict_keys(['first_dag']) retrieved from /opt/airflow/dags/0-firstdag.py
[2024-09-30 16:45:17,442] {logging_mixin.py:115} INFO - [2024-09-30 16:45:17,442] {dag.py:2420} INFO - Sync 1 DAGs
[2024-09-30 16:45:17,455] {logging_mixin.py:115} INFO - [2024-09-30 16:45:17,455] {dag.py:2972} INFO - Setting next_dagrun for first_dag to None, run_after=None
[2024-09-30 16:45:17,461] {processor.py:161} INFO - Processing /opt/airflow/dags/0-firstdag.py took 0.040 seconds
[2024-09-30 16:45:47,861] {processor.py:153} INFO - Started process (PID=4407) to work on /opt/airflow/dags/0-firstdag.py
[2024-09-30 16:45:47,861] {processor.py:641} INFO - Processing file /opt/airflow/dags/0-firstdag.py for tasks to queue
[2024-09-30 16:45:47,861] {logging_mixin.py:115} INFO - [2024-09-30 16:45:47,861] {dagbag.py:508} INFO - Filling up the DagBag from /opt/airflow/dags/0-firstdag.py
[2024-09-30 16:45:47,864] {processor.py:651} INFO - DAG(s) dict_keys(['first_dag']) retrieved from /opt/airflow/dags/0-firstdag.py
[2024-09-30 16:45:47,882] {logging_mixin.py:115} INFO - [2024-09-30 16:45:47,882] {dag.py:2420} INFO - Sync 1 DAGs
[2024-09-30 16:45:47,894] {logging_mixin.py:115} INFO - [2024-09-30 16:45:47,894] {dag.py:2972} INFO - Setting next_dagrun for first_dag to None, run_after=None
[2024-09-30 16:45:47,902] {processor.py:161} INFO - Processing /opt/airflow/dags/0-firstdag.py took 0.044 seconds
[2024-09-30 16:46:18,342] {processor.py:153} INFO - Started process (PID=4446) to work on /opt/airflow/dags/0-firstdag.py
[2024-09-30 16:46:18,342] {processor.py:641} INFO - Processing file /opt/airflow/dags/0-firstdag.py for tasks to queue
[2024-09-30 16:46:18,343] {logging_mixin.py:115} INFO - [2024-09-30 16:46:18,343] {dagbag.py:508} INFO - Filling up the DagBag from /opt/airflow/dags/0-firstdag.py
[2024-09-30 16:46:18,345] {processor.py:651} INFO - DAG(s) dict_keys(['first_dag']) retrieved from /opt/airflow/dags/0-firstdag.py
[2024-09-30 16:46:18,360] {logging_mixin.py:115} INFO - [2024-09-30 16:46:18,360] {dag.py:2420} INFO - Sync 1 DAGs
[2024-09-30 16:46:18,373] {logging_mixin.py:115} INFO - [2024-09-30 16:46:18,372] {dag.py:2972} INFO - Setting next_dagrun for first_dag to None, run_after=None
[2024-09-30 16:46:18,380] {processor.py:161} INFO - Processing /opt/airflow/dags/0-firstdag.py took 0.040 seconds
[2024-09-30 16:46:48,835] {processor.py:153} INFO - Started process (PID=4485) to work on /opt/airflow/dags/0-firstdag.py
[2024-09-30 16:46:48,835] {processor.py:641} INFO - Processing file /opt/airflow/dags/0-firstdag.py for tasks to queue
[2024-09-30 16:46:48,835] {logging_mixin.py:115} INFO - [2024-09-30 16:46:48,835] {dagbag.py:508} INFO - Filling up the DagBag from /opt/airflow/dags/0-firstdag.py
[2024-09-30 16:46:48,838] {processor.py:651} INFO - DAG(s) dict_keys(['first_dag']) retrieved from /opt/airflow/dags/0-firstdag.py
[2024-09-30 16:46:48,854] {logging_mixin.py:115} INFO - [2024-09-30 16:46:48,854] {dag.py:2420} INFO - Sync 1 DAGs
[2024-09-30 16:46:48,868] {logging_mixin.py:115} INFO - [2024-09-30 16:46:48,868] {dag.py:2972} INFO - Setting next_dagrun for first_dag to None, run_after=None
[2024-09-30 16:46:48,875] {processor.py:161} INFO - Processing /opt/airflow/dags/0-firstdag.py took 0.043 seconds
[2024-09-30 16:47:19,391] {processor.py:153} INFO - Started process (PID=4524) to work on /opt/airflow/dags/0-firstdag.py
[2024-09-30 16:47:19,393] {processor.py:641} INFO - Processing file /opt/airflow/dags/0-firstdag.py for tasks to queue
[2024-09-30 16:47:19,394] {logging_mixin.py:115} INFO - [2024-09-30 16:47:19,394] {dagbag.py:508} INFO - Filling up the DagBag from /opt/airflow/dags/0-firstdag.py
[2024-09-30 16:47:19,398] {processor.py:651} INFO - DAG(s) dict_keys(['first_dag']) retrieved from /opt/airflow/dags/0-firstdag.py
[2024-09-30 16:47:19,416] {logging_mixin.py:115} INFO - [2024-09-30 16:47:19,416] {dag.py:2420} INFO - Sync 1 DAGs
[2024-09-30 16:47:19,433] {logging_mixin.py:115} INFO - [2024-09-30 16:47:19,433] {dag.py:2972} INFO - Setting next_dagrun for first_dag to None, run_after=None
[2024-09-30 16:47:19,441] {processor.py:161} INFO - Processing /opt/airflow/dags/0-firstdag.py took 0.054 seconds
[2024-09-30 16:47:49,856] {processor.py:153} INFO - Started process (PID=4554) to work on /opt/airflow/dags/0-firstdag.py
[2024-09-30 16:47:49,857] {processor.py:641} INFO - Processing file /opt/airflow/dags/0-firstdag.py for tasks to queue
[2024-09-30 16:47:49,857] {logging_mixin.py:115} INFO - [2024-09-30 16:47:49,857] {dagbag.py:508} INFO - Filling up the DagBag from /opt/airflow/dags/0-firstdag.py
[2024-09-30 16:47:49,859] {processor.py:651} INFO - DAG(s) dict_keys(['first_dag']) retrieved from /opt/airflow/dags/0-firstdag.py
[2024-09-30 16:47:49,877] {logging_mixin.py:115} INFO - [2024-09-30 16:47:49,877] {dag.py:2420} INFO - Sync 1 DAGs
[2024-09-30 16:47:49,891] {logging_mixin.py:115} INFO - [2024-09-30 16:47:49,891] {dag.py:2972} INFO - Setting next_dagrun for first_dag to None, run_after=None
[2024-09-30 16:47:49,898] {processor.py:161} INFO - Processing /opt/airflow/dags/0-firstdag.py took 0.044 seconds
[2024-09-30 16:48:20,380] {processor.py:153} INFO - Started process (PID=4591) to work on /opt/airflow/dags/0-firstdag.py
[2024-09-30 16:48:20,380] {processor.py:641} INFO - Processing file /opt/airflow/dags/0-firstdag.py for tasks to queue
[2024-09-30 16:48:20,381] {logging_mixin.py:115} INFO - [2024-09-30 16:48:20,381] {dagbag.py:508} INFO - Filling up the DagBag from /opt/airflow/dags/0-firstdag.py
[2024-09-30 16:48:20,383] {processor.py:651} INFO - DAG(s) dict_keys(['first_dag']) retrieved from /opt/airflow/dags/0-firstdag.py
[2024-09-30 16:48:20,403] {logging_mixin.py:115} INFO - [2024-09-30 16:48:20,403] {dag.py:2420} INFO - Sync 1 DAGs
[2024-09-30 16:48:20,416] {logging_mixin.py:115} INFO - [2024-09-30 16:48:20,416] {dag.py:2972} INFO - Setting next_dagrun for first_dag to None, run_after=None
[2024-09-30 16:48:20,424] {processor.py:161} INFO - Processing /opt/airflow/dags/0-firstdag.py took 0.046 seconds
[2024-09-30 16:48:50,844] {processor.py:153} INFO - Started process (PID=4630) to work on /opt/airflow/dags/0-firstdag.py
[2024-09-30 16:48:50,844] {processor.py:641} INFO - Processing file /opt/airflow/dags/0-firstdag.py for tasks to queue
[2024-09-30 16:48:50,845] {logging_mixin.py:115} INFO - [2024-09-30 16:48:50,845] {dagbag.py:508} INFO - Filling up the DagBag from /opt/airflow/dags/0-firstdag.py
[2024-09-30 16:48:50,847] {processor.py:651} INFO - DAG(s) dict_keys(['first_dag']) retrieved from /opt/airflow/dags/0-firstdag.py
[2024-09-30 16:48:50,865] {logging_mixin.py:115} INFO - [2024-09-30 16:48:50,865] {dag.py:2420} INFO - Sync 1 DAGs
[2024-09-30 16:48:50,877] {logging_mixin.py:115} INFO - [2024-09-30 16:48:50,877] {dag.py:2972} INFO - Setting next_dagrun for first_dag to None, run_after=None
[2024-09-30 16:48:50,884] {processor.py:161} INFO - Processing /opt/airflow/dags/0-firstdag.py took 0.043 seconds
[2024-09-30 16:49:21,272] {processor.py:153} INFO - Started process (PID=4669) to work on /opt/airflow/dags/0-firstdag.py
[2024-09-30 16:49:21,272] {processor.py:641} INFO - Processing file /opt/airflow/dags/0-firstdag.py for tasks to queue
[2024-09-30 16:49:21,273] {logging_mixin.py:115} INFO - [2024-09-30 16:49:21,273] {dagbag.py:508} INFO - Filling up the DagBag from /opt/airflow/dags/0-firstdag.py
[2024-09-30 16:49:21,277] {processor.py:651} INFO - DAG(s) dict_keys(['first_dag']) retrieved from /opt/airflow/dags/0-firstdag.py
[2024-09-30 16:49:21,293] {logging_mixin.py:115} INFO - [2024-09-30 16:49:21,293] {dag.py:2420} INFO - Sync 1 DAGs
[2024-09-30 16:49:21,306] {logging_mixin.py:115} INFO - [2024-09-30 16:49:21,306] {dag.py:2972} INFO - Setting next_dagrun for first_dag to None, run_after=None
[2024-09-30 16:49:21,313] {processor.py:161} INFO - Processing /opt/airflow/dags/0-firstdag.py took 0.043 seconds
[2024-09-30 16:49:51,792] {processor.py:153} INFO - Started process (PID=4709) to work on /opt/airflow/dags/0-firstdag.py
[2024-09-30 16:49:51,793] {processor.py:641} INFO - Processing file /opt/airflow/dags/0-firstdag.py for tasks to queue
[2024-09-30 16:49:51,793] {logging_mixin.py:115} INFO - [2024-09-30 16:49:51,793] {dagbag.py:508} INFO - Filling up the DagBag from /opt/airflow/dags/0-firstdag.py
[2024-09-30 16:49:51,795] {processor.py:651} INFO - DAG(s) dict_keys(['first_dag']) retrieved from /opt/airflow/dags/0-firstdag.py
[2024-09-30 16:49:51,811] {logging_mixin.py:115} INFO - [2024-09-30 16:49:51,811] {dag.py:2420} INFO - Sync 1 DAGs
[2024-09-30 16:49:51,824] {logging_mixin.py:115} INFO - [2024-09-30 16:49:51,824] {dag.py:2972} INFO - Setting next_dagrun for first_dag to None, run_after=None
[2024-09-30 16:49:51,832] {processor.py:161} INFO - Processing /opt/airflow/dags/0-firstdag.py took 0.042 seconds
[2024-09-30 16:50:22,300] {processor.py:153} INFO - Started process (PID=4739) to work on /opt/airflow/dags/0-firstdag.py
[2024-09-30 16:50:22,300] {processor.py:641} INFO - Processing file /opt/airflow/dags/0-firstdag.py for tasks to queue
[2024-09-30 16:50:22,300] {logging_mixin.py:115} INFO - [2024-09-30 16:50:22,300] {dagbag.py:508} INFO - Filling up the DagBag from /opt/airflow/dags/0-firstdag.py
[2024-09-30 16:50:22,303] {processor.py:651} INFO - DAG(s) dict_keys(['first_dag']) retrieved from /opt/airflow/dags/0-firstdag.py
[2024-09-30 16:50:22,318] {logging_mixin.py:115} INFO - [2024-09-30 16:50:22,318] {dag.py:2420} INFO - Sync 1 DAGs
[2024-09-30 16:50:22,331] {logging_mixin.py:115} INFO - [2024-09-30 16:50:22,331] {dag.py:2972} INFO - Setting next_dagrun for first_dag to None, run_after=None
[2024-09-30 16:50:22,339] {processor.py:161} INFO - Processing /opt/airflow/dags/0-firstdag.py took 0.041 seconds
[2024-09-30 16:50:52,752] {processor.py:153} INFO - Started process (PID=4778) to work on /opt/airflow/dags/0-firstdag.py
[2024-09-30 16:50:52,753] {processor.py:641} INFO - Processing file /opt/airflow/dags/0-firstdag.py for tasks to queue
[2024-09-30 16:50:52,753] {logging_mixin.py:115} INFO - [2024-09-30 16:50:52,753] {dagbag.py:508} INFO - Filling up the DagBag from /opt/airflow/dags/0-firstdag.py
[2024-09-30 16:50:52,755] {processor.py:651} INFO - DAG(s) dict_keys(['first_dag']) retrieved from /opt/airflow/dags/0-firstdag.py
[2024-09-30 16:50:52,770] {logging_mixin.py:115} INFO - [2024-09-30 16:50:52,770] {dag.py:2420} INFO - Sync 1 DAGs
[2024-09-30 16:50:52,783] {logging_mixin.py:115} INFO - [2024-09-30 16:50:52,783] {dag.py:2972} INFO - Setting next_dagrun for first_dag to None, run_after=None
[2024-09-30 16:50:52,790] {processor.py:161} INFO - Processing /opt/airflow/dags/0-firstdag.py took 0.039 seconds
[2024-09-30 16:51:23,251] {processor.py:153} INFO - Started process (PID=4816) to work on /opt/airflow/dags/0-firstdag.py
[2024-09-30 16:51:23,251] {processor.py:641} INFO - Processing file /opt/airflow/dags/0-firstdag.py for tasks to queue
[2024-09-30 16:51:23,252] {logging_mixin.py:115} INFO - [2024-09-30 16:51:23,252] {dagbag.py:508} INFO - Filling up the DagBag from /opt/airflow/dags/0-firstdag.py
[2024-09-30 16:51:23,254] {processor.py:651} INFO - DAG(s) dict_keys(['first_dag']) retrieved from /opt/airflow/dags/0-firstdag.py
[2024-09-30 16:51:23,270] {logging_mixin.py:115} INFO - [2024-09-30 16:51:23,270] {dag.py:2420} INFO - Sync 1 DAGs
[2024-09-30 16:51:23,284] {logging_mixin.py:115} INFO - [2024-09-30 16:51:23,284] {dag.py:2972} INFO - Setting next_dagrun for first_dag to None, run_after=None
[2024-09-30 16:51:23,294] {processor.py:161} INFO - Processing /opt/airflow/dags/0-firstdag.py took 0.046 seconds
[2024-09-30 16:51:53,740] {processor.py:153} INFO - Started process (PID=4854) to work on /opt/airflow/dags/0-firstdag.py
[2024-09-30 16:51:53,740] {processor.py:641} INFO - Processing file /opt/airflow/dags/0-firstdag.py for tasks to queue
[2024-09-30 16:51:53,740] {logging_mixin.py:115} INFO - [2024-09-30 16:51:53,740] {dagbag.py:508} INFO - Filling up the DagBag from /opt/airflow/dags/0-firstdag.py
[2024-09-30 16:51:53,743] {processor.py:651} INFO - DAG(s) dict_keys(['first_dag']) retrieved from /opt/airflow/dags/0-firstdag.py
[2024-09-30 16:51:53,760] {logging_mixin.py:115} INFO - [2024-09-30 16:51:53,760] {dag.py:2420} INFO - Sync 1 DAGs
[2024-09-30 16:51:53,773] {logging_mixin.py:115} INFO - [2024-09-30 16:51:53,773] {dag.py:2972} INFO - Setting next_dagrun for first_dag to None, run_after=None
[2024-09-30 16:51:53,780] {processor.py:161} INFO - Processing /opt/airflow/dags/0-firstdag.py took 0.043 seconds
[2024-09-30 16:52:24,226] {processor.py:153} INFO - Started process (PID=4891) to work on /opt/airflow/dags/0-firstdag.py
[2024-09-30 16:52:24,227] {processor.py:641} INFO - Processing file /opt/airflow/dags/0-firstdag.py for tasks to queue
[2024-09-30 16:52:24,227] {logging_mixin.py:115} INFO - [2024-09-30 16:52:24,227] {dagbag.py:508} INFO - Filling up the DagBag from /opt/airflow/dags/0-firstdag.py
[2024-09-30 16:52:24,229] {processor.py:651} INFO - DAG(s) dict_keys(['first_dag']) retrieved from /opt/airflow/dags/0-firstdag.py
[2024-09-30 16:52:24,245] {logging_mixin.py:115} INFO - [2024-09-30 16:52:24,244] {dag.py:2420} INFO - Sync 1 DAGs
[2024-09-30 16:52:24,258] {logging_mixin.py:115} INFO - [2024-09-30 16:52:24,258] {dag.py:2972} INFO - Setting next_dagrun for first_dag to None, run_after=None
[2024-09-30 16:52:24,265] {processor.py:161} INFO - Processing /opt/airflow/dags/0-firstdag.py took 0.041 seconds
[2024-09-30 16:52:54,779] {processor.py:153} INFO - Started process (PID=4930) to work on /opt/airflow/dags/0-firstdag.py
[2024-09-30 16:52:54,780] {processor.py:641} INFO - Processing file /opt/airflow/dags/0-firstdag.py for tasks to queue
[2024-09-30 16:52:54,780] {logging_mixin.py:115} INFO - [2024-09-30 16:52:54,780] {dagbag.py:508} INFO - Filling up the DagBag from /opt/airflow/dags/0-firstdag.py
[2024-09-30 16:52:54,784] {processor.py:651} INFO - DAG(s) dict_keys(['first_dag']) retrieved from /opt/airflow/dags/0-firstdag.py
[2024-09-30 16:52:54,801] {logging_mixin.py:115} INFO - [2024-09-30 16:52:54,801] {dag.py:2420} INFO - Sync 1 DAGs
[2024-09-30 16:52:54,815] {logging_mixin.py:115} INFO - [2024-09-30 16:52:54,815] {dag.py:2972} INFO - Setting next_dagrun for first_dag to None, run_after=None
[2024-09-30 16:52:54,825] {processor.py:161} INFO - Processing /opt/airflow/dags/0-firstdag.py took 0.048 seconds
[2024-09-30 16:53:25,261] {processor.py:153} INFO - Started process (PID=4960) to work on /opt/airflow/dags/0-firstdag.py
[2024-09-30 16:53:25,261] {processor.py:641} INFO - Processing file /opt/airflow/dags/0-firstdag.py for tasks to queue
[2024-09-30 16:53:25,262] {logging_mixin.py:115} INFO - [2024-09-30 16:53:25,262] {dagbag.py:508} INFO - Filling up the DagBag from /opt/airflow/dags/0-firstdag.py
[2024-09-30 16:53:25,264] {processor.py:651} INFO - DAG(s) dict_keys(['first_dag']) retrieved from /opt/airflow/dags/0-firstdag.py
[2024-09-30 16:53:25,284] {logging_mixin.py:115} INFO - [2024-09-30 16:53:25,283] {dag.py:2420} INFO - Sync 1 DAGs
[2024-09-30 16:53:25,296] {logging_mixin.py:115} INFO - [2024-09-30 16:53:25,296] {dag.py:2972} INFO - Setting next_dagrun for first_dag to None, run_after=None
[2024-09-30 16:53:25,303] {processor.py:161} INFO - Processing /opt/airflow/dags/0-firstdag.py took 0.045 seconds
[2024-09-30 16:53:55,734] {processor.py:153} INFO - Started process (PID=4999) to work on /opt/airflow/dags/0-firstdag.py
[2024-09-30 16:53:55,734] {processor.py:641} INFO - Processing file /opt/airflow/dags/0-firstdag.py for tasks to queue
[2024-09-30 16:53:55,735] {logging_mixin.py:115} INFO - [2024-09-30 16:53:55,735] {dagbag.py:508} INFO - Filling up the DagBag from /opt/airflow/dags/0-firstdag.py
[2024-09-30 16:53:55,737] {processor.py:651} INFO - DAG(s) dict_keys(['first_dag']) retrieved from /opt/airflow/dags/0-firstdag.py
[2024-09-30 16:53:55,752] {logging_mixin.py:115} INFO - [2024-09-30 16:53:55,752] {dag.py:2420} INFO - Sync 1 DAGs
[2024-09-30 16:53:55,766] {logging_mixin.py:115} INFO - [2024-09-30 16:53:55,766] {dag.py:2972} INFO - Setting next_dagrun for first_dag to None, run_after=None
[2024-09-30 16:53:55,774] {processor.py:161} INFO - Processing /opt/airflow/dags/0-firstdag.py took 0.043 seconds
[2024-09-30 16:54:26,199] {processor.py:153} INFO - Started process (PID=5038) to work on /opt/airflow/dags/0-firstdag.py
[2024-09-30 16:54:26,200] {processor.py:641} INFO - Processing file /opt/airflow/dags/0-firstdag.py for tasks to queue
[2024-09-30 16:54:26,200] {logging_mixin.py:115} INFO - [2024-09-30 16:54:26,200] {dagbag.py:508} INFO - Filling up the DagBag from /opt/airflow/dags/0-firstdag.py
[2024-09-30 16:54:26,203] {processor.py:651} INFO - DAG(s) dict_keys(['first_dag']) retrieved from /opt/airflow/dags/0-firstdag.py
[2024-09-30 16:54:26,220] {logging_mixin.py:115} INFO - [2024-09-30 16:54:26,220] {dag.py:2420} INFO - Sync 1 DAGs
[2024-09-30 16:54:26,234] {logging_mixin.py:115} INFO - [2024-09-30 16:54:26,234] {dag.py:2972} INFO - Setting next_dagrun for first_dag to None, run_after=None
[2024-09-30 16:54:26,241] {processor.py:161} INFO - Processing /opt/airflow/dags/0-firstdag.py took 0.044 seconds
[2024-09-30 16:54:56,721] {processor.py:153} INFO - Started process (PID=5077) to work on /opt/airflow/dags/0-firstdag.py
[2024-09-30 16:54:56,722] {processor.py:641} INFO - Processing file /opt/airflow/dags/0-firstdag.py for tasks to queue
[2024-09-30 16:54:56,722] {logging_mixin.py:115} INFO - [2024-09-30 16:54:56,722] {dagbag.py:508} INFO - Filling up the DagBag from /opt/airflow/dags/0-firstdag.py
[2024-09-30 16:54:56,724] {processor.py:651} INFO - DAG(s) dict_keys(['first_dag']) retrieved from /opt/airflow/dags/0-firstdag.py
[2024-09-30 16:54:56,740] {logging_mixin.py:115} INFO - [2024-09-30 16:54:56,740] {dag.py:2420} INFO - Sync 1 DAGs
[2024-09-30 16:54:56,753] {logging_mixin.py:115} INFO - [2024-09-30 16:54:56,753] {dag.py:2972} INFO - Setting next_dagrun for first_dag to None, run_after=None
[2024-09-30 16:54:56,760] {processor.py:161} INFO - Processing /opt/airflow/dags/0-firstdag.py took 0.041 seconds
[2024-09-30 16:55:27,210] {processor.py:153} INFO - Started process (PID=5115) to work on /opt/airflow/dags/0-firstdag.py
[2024-09-30 16:55:27,210] {processor.py:641} INFO - Processing file /opt/airflow/dags/0-firstdag.py for tasks to queue
[2024-09-30 16:55:27,211] {logging_mixin.py:115} INFO - [2024-09-30 16:55:27,210] {dagbag.py:508} INFO - Filling up the DagBag from /opt/airflow/dags/0-firstdag.py
[2024-09-30 16:55:27,213] {processor.py:651} INFO - DAG(s) dict_keys(['first_dag']) retrieved from /opt/airflow/dags/0-firstdag.py
[2024-09-30 16:55:27,235] {logging_mixin.py:115} INFO - [2024-09-30 16:55:27,234] {dag.py:2420} INFO - Sync 1 DAGs
[2024-09-30 16:55:27,252] {logging_mixin.py:115} INFO - [2024-09-30 16:55:27,251] {dag.py:2972} INFO - Setting next_dagrun for first_dag to None, run_after=None
[2024-09-30 16:55:27,261] {processor.py:161} INFO - Processing /opt/airflow/dags/0-firstdag.py took 0.054 seconds
[2024-09-30 16:55:57,687] {processor.py:153} INFO - Started process (PID=5145) to work on /opt/airflow/dags/0-firstdag.py
[2024-09-30 16:55:57,687] {processor.py:641} INFO - Processing file /opt/airflow/dags/0-firstdag.py for tasks to queue
[2024-09-30 16:55:57,688] {logging_mixin.py:115} INFO - [2024-09-30 16:55:57,688] {dagbag.py:508} INFO - Filling up the DagBag from /opt/airflow/dags/0-firstdag.py
[2024-09-30 16:55:57,691] {processor.py:651} INFO - DAG(s) dict_keys(['first_dag']) retrieved from /opt/airflow/dags/0-firstdag.py
[2024-09-30 16:55:57,707] {logging_mixin.py:115} INFO - [2024-09-30 16:55:57,707] {dag.py:2420} INFO - Sync 1 DAGs
[2024-09-30 16:55:57,720] {logging_mixin.py:115} INFO - [2024-09-30 16:55:57,720] {dag.py:2972} INFO - Setting next_dagrun for first_dag to None, run_after=None
[2024-09-30 16:55:57,728] {processor.py:161} INFO - Processing /opt/airflow/dags/0-firstdag.py took 0.044 seconds
[2024-09-30 16:56:28,201] {processor.py:153} INFO - Started process (PID=5184) to work on /opt/airflow/dags/0-firstdag.py
[2024-09-30 16:56:28,201] {processor.py:641} INFO - Processing file /opt/airflow/dags/0-firstdag.py for tasks to queue
[2024-09-30 16:56:28,202] {logging_mixin.py:115} INFO - [2024-09-30 16:56:28,202] {dagbag.py:508} INFO - Filling up the DagBag from /opt/airflow/dags/0-firstdag.py
[2024-09-30 16:56:28,204] {processor.py:651} INFO - DAG(s) dict_keys(['first_dag']) retrieved from /opt/airflow/dags/0-firstdag.py
[2024-09-30 16:56:28,221] {logging_mixin.py:115} INFO - [2024-09-30 16:56:28,221] {dag.py:2420} INFO - Sync 1 DAGs
[2024-09-30 16:56:28,235] {logging_mixin.py:115} INFO - [2024-09-30 16:56:28,235] {dag.py:2972} INFO - Setting next_dagrun for first_dag to None, run_after=None
[2024-09-30 16:56:28,243] {processor.py:161} INFO - Processing /opt/airflow/dags/0-firstdag.py took 0.044 seconds
[2024-09-30 16:56:58,703] {processor.py:153} INFO - Started process (PID=5222) to work on /opt/airflow/dags/0-firstdag.py
[2024-09-30 16:56:58,703] {processor.py:641} INFO - Processing file /opt/airflow/dags/0-firstdag.py for tasks to queue
[2024-09-30 16:56:58,704] {logging_mixin.py:115} INFO - [2024-09-30 16:56:58,704] {dagbag.py:508} INFO - Filling up the DagBag from /opt/airflow/dags/0-firstdag.py
[2024-09-30 16:56:58,707] {processor.py:651} INFO - DAG(s) dict_keys(['first_dag']) retrieved from /opt/airflow/dags/0-firstdag.py
[2024-09-30 16:56:58,722] {logging_mixin.py:115} INFO - [2024-09-30 16:56:58,722] {dag.py:2420} INFO - Sync 1 DAGs
[2024-09-30 16:56:58,735] {logging_mixin.py:115} INFO - [2024-09-30 16:56:58,735] {dag.py:2972} INFO - Setting next_dagrun for first_dag to None, run_after=None
[2024-09-30 16:56:58,743] {processor.py:161} INFO - Processing /opt/airflow/dags/0-firstdag.py took 0.042 seconds
[2024-09-30 16:57:29,164] {processor.py:153} INFO - Started process (PID=5261) to work on /opt/airflow/dags/0-firstdag.py
[2024-09-30 16:57:29,165] {processor.py:641} INFO - Processing file /opt/airflow/dags/0-firstdag.py for tasks to queue
[2024-09-30 16:57:29,166] {logging_mixin.py:115} INFO - [2024-09-30 16:57:29,166] {dagbag.py:508} INFO - Filling up the DagBag from /opt/airflow/dags/0-firstdag.py
[2024-09-30 16:57:29,169] {processor.py:651} INFO - DAG(s) dict_keys(['first_dag']) retrieved from /opt/airflow/dags/0-firstdag.py
[2024-09-30 16:57:29,187] {logging_mixin.py:115} INFO - [2024-09-30 16:57:29,187] {dag.py:2420} INFO - Sync 1 DAGs
[2024-09-30 16:57:29,203] {logging_mixin.py:115} INFO - [2024-09-30 16:57:29,203] {dag.py:2972} INFO - Setting next_dagrun for first_dag to None, run_after=None
[2024-09-30 16:57:29,212] {processor.py:161} INFO - Processing /opt/airflow/dags/0-firstdag.py took 0.050 seconds
[2024-09-30 16:57:59,662] {processor.py:153} INFO - Started process (PID=5300) to work on /opt/airflow/dags/0-firstdag.py
[2024-09-30 16:57:59,662] {processor.py:641} INFO - Processing file /opt/airflow/dags/0-firstdag.py for tasks to queue
[2024-09-30 16:57:59,662] {logging_mixin.py:115} INFO - [2024-09-30 16:57:59,662] {dagbag.py:508} INFO - Filling up the DagBag from /opt/airflow/dags/0-firstdag.py
[2024-09-30 16:57:59,665] {processor.py:651} INFO - DAG(s) dict_keys(['first_dag']) retrieved from /opt/airflow/dags/0-firstdag.py
[2024-09-30 16:57:59,683] {logging_mixin.py:115} INFO - [2024-09-30 16:57:59,683] {dag.py:2420} INFO - Sync 1 DAGs
[2024-09-30 16:57:59,698] {logging_mixin.py:115} INFO - [2024-09-30 16:57:59,698] {dag.py:2972} INFO - Setting next_dagrun for first_dag to None, run_after=None
[2024-09-30 16:57:59,707] {processor.py:161} INFO - Processing /opt/airflow/dags/0-firstdag.py took 0.048 seconds
[2024-09-30 16:58:30,215] {processor.py:153} INFO - Started process (PID=5338) to work on /opt/airflow/dags/0-firstdag.py
[2024-09-30 16:58:30,216] {processor.py:641} INFO - Processing file /opt/airflow/dags/0-firstdag.py for tasks to queue
[2024-09-30 16:58:30,217] {logging_mixin.py:115} INFO - [2024-09-30 16:58:30,217] {dagbag.py:508} INFO - Filling up the DagBag from /opt/airflow/dags/0-firstdag.py
[2024-09-30 16:58:30,219] {processor.py:651} INFO - DAG(s) dict_keys(['first_dag']) retrieved from /opt/airflow/dags/0-firstdag.py
[2024-09-30 16:58:30,235] {logging_mixin.py:115} INFO - [2024-09-30 16:58:30,235] {dag.py:2420} INFO - Sync 1 DAGs
[2024-09-30 16:58:30,249] {logging_mixin.py:115} INFO - [2024-09-30 16:58:30,249] {dag.py:2972} INFO - Setting next_dagrun for first_dag to None, run_after=None
[2024-09-30 16:58:30,257] {processor.py:161} INFO - Processing /opt/airflow/dags/0-firstdag.py took 0.044 seconds
[2024-09-30 16:59:00,641] {processor.py:153} INFO - Started process (PID=5368) to work on /opt/airflow/dags/0-firstdag.py
[2024-09-30 16:59:00,642] {processor.py:641} INFO - Processing file /opt/airflow/dags/0-firstdag.py for tasks to queue
[2024-09-30 16:59:00,642] {logging_mixin.py:115} INFO - [2024-09-30 16:59:00,642] {dagbag.py:508} INFO - Filling up the DagBag from /opt/airflow/dags/0-firstdag.py
[2024-09-30 16:59:00,644] {processor.py:651} INFO - DAG(s) dict_keys(['first_dag']) retrieved from /opt/airflow/dags/0-firstdag.py
[2024-09-30 16:59:00,663] {logging_mixin.py:115} INFO - [2024-09-30 16:59:00,663] {dag.py:2420} INFO - Sync 1 DAGs
[2024-09-30 16:59:00,677] {logging_mixin.py:115} INFO - [2024-09-30 16:59:00,677] {dag.py:2972} INFO - Setting next_dagrun for first_dag to None, run_after=None
[2024-09-30 16:59:00,685] {processor.py:161} INFO - Processing /opt/airflow/dags/0-firstdag.py took 0.046 seconds
[2024-09-30 16:59:31,119] {processor.py:153} INFO - Started process (PID=5406) to work on /opt/airflow/dags/0-firstdag.py
[2024-09-30 16:59:31,119] {processor.py:641} INFO - Processing file /opt/airflow/dags/0-firstdag.py for tasks to queue
[2024-09-30 16:59:31,120] {logging_mixin.py:115} INFO - [2024-09-30 16:59:31,120] {dagbag.py:508} INFO - Filling up the DagBag from /opt/airflow/dags/0-firstdag.py
[2024-09-30 16:59:31,122] {processor.py:651} INFO - DAG(s) dict_keys(['first_dag']) retrieved from /opt/airflow/dags/0-firstdag.py
[2024-09-30 16:59:31,141] {logging_mixin.py:115} INFO - [2024-09-30 16:59:31,141] {dag.py:2420} INFO - Sync 1 DAGs
[2024-09-30 16:59:31,158] {logging_mixin.py:115} INFO - [2024-09-30 16:59:31,158] {dag.py:2972} INFO - Setting next_dagrun for first_dag to None, run_after=None
[2024-09-30 16:59:31,167] {processor.py:161} INFO - Processing /opt/airflow/dags/0-firstdag.py took 0.051 seconds
[2024-09-30 17:00:01,609] {processor.py:153} INFO - Started process (PID=5444) to work on /opt/airflow/dags/0-firstdag.py
[2024-09-30 17:00:01,609] {processor.py:641} INFO - Processing file /opt/airflow/dags/0-firstdag.py for tasks to queue
[2024-09-30 17:00:01,610] {logging_mixin.py:115} INFO - [2024-09-30 17:00:01,610] {dagbag.py:508} INFO - Filling up the DagBag from /opt/airflow/dags/0-firstdag.py
[2024-09-30 17:00:01,612] {processor.py:651} INFO - DAG(s) dict_keys(['first_dag']) retrieved from /opt/airflow/dags/0-firstdag.py
[2024-09-30 17:00:01,627] {logging_mixin.py:115} INFO - [2024-09-30 17:00:01,627] {dag.py:2420} INFO - Sync 1 DAGs
[2024-09-30 17:00:01,640] {logging_mixin.py:115} INFO - [2024-09-30 17:00:01,640] {dag.py:2972} INFO - Setting next_dagrun for first_dag to None, run_after=None
[2024-09-30 17:00:01,646] {processor.py:161} INFO - Processing /opt/airflow/dags/0-firstdag.py took 0.039 seconds
[2024-09-30 17:00:32,096] {processor.py:153} INFO - Started process (PID=5483) to work on /opt/airflow/dags/0-firstdag.py
[2024-09-30 17:00:32,096] {processor.py:641} INFO - Processing file /opt/airflow/dags/0-firstdag.py for tasks to queue
[2024-09-30 17:00:32,097] {logging_mixin.py:115} INFO - [2024-09-30 17:00:32,097] {dagbag.py:508} INFO - Filling up the DagBag from /opt/airflow/dags/0-firstdag.py
[2024-09-30 17:00:32,099] {processor.py:651} INFO - DAG(s) dict_keys(['first_dag']) retrieved from /opt/airflow/dags/0-firstdag.py
[2024-09-30 17:00:32,115] {logging_mixin.py:115} INFO - [2024-09-30 17:00:32,114] {dag.py:2420} INFO - Sync 1 DAGs
[2024-09-30 17:00:32,130] {logging_mixin.py:115} INFO - [2024-09-30 17:00:32,130] {dag.py:2972} INFO - Setting next_dagrun for first_dag to None, run_after=None
[2024-09-30 17:00:32,140] {processor.py:161} INFO - Processing /opt/airflow/dags/0-firstdag.py took 0.047 seconds
[2024-09-30 17:01:02,613] {processor.py:153} INFO - Started process (PID=5522) to work on /opt/airflow/dags/0-firstdag.py
[2024-09-30 17:01:02,614] {processor.py:641} INFO - Processing file /opt/airflow/dags/0-firstdag.py for tasks to queue
[2024-09-30 17:01:02,614] {logging_mixin.py:115} INFO - [2024-09-30 17:01:02,614] {dagbag.py:508} INFO - Filling up the DagBag from /opt/airflow/dags/0-firstdag.py
[2024-09-30 17:01:02,616] {processor.py:651} INFO - DAG(s) dict_keys(['first_dag']) retrieved from /opt/airflow/dags/0-firstdag.py
[2024-09-30 17:01:02,632] {logging_mixin.py:115} INFO - [2024-09-30 17:01:02,632] {dag.py:2420} INFO - Sync 1 DAGs
[2024-09-30 17:01:02,646] {logging_mixin.py:115} INFO - [2024-09-30 17:01:02,646] {dag.py:2972} INFO - Setting next_dagrun for first_dag to None, run_after=None
[2024-09-30 17:01:02,653] {processor.py:161} INFO - Processing /opt/airflow/dags/0-firstdag.py took 0.042 seconds
[2024-09-30 17:01:33,116] {processor.py:153} INFO - Started process (PID=5561) to work on /opt/airflow/dags/0-firstdag.py
[2024-09-30 17:01:33,116] {processor.py:641} INFO - Processing file /opt/airflow/dags/0-firstdag.py for tasks to queue
[2024-09-30 17:01:33,117] {logging_mixin.py:115} INFO - [2024-09-30 17:01:33,117] {dagbag.py:508} INFO - Filling up the DagBag from /opt/airflow/dags/0-firstdag.py
[2024-09-30 17:01:33,119] {processor.py:651} INFO - DAG(s) dict_keys(['first_dag']) retrieved from /opt/airflow/dags/0-firstdag.py
[2024-09-30 17:01:33,135] {logging_mixin.py:115} INFO - [2024-09-30 17:01:33,135] {dag.py:2420} INFO - Sync 1 DAGs
[2024-09-30 17:01:33,150] {logging_mixin.py:115} INFO - [2024-09-30 17:01:33,150] {dag.py:2972} INFO - Setting next_dagrun for first_dag to None, run_after=None
[2024-09-30 17:01:33,161] {processor.py:161} INFO - Processing /opt/airflow/dags/0-firstdag.py took 0.046 seconds
[2024-09-30 17:02:03,538] {processor.py:153} INFO - Started process (PID=5591) to work on /opt/airflow/dags/0-firstdag.py
[2024-09-30 17:02:03,538] {processor.py:641} INFO - Processing file /opt/airflow/dags/0-firstdag.py for tasks to queue
[2024-09-30 17:02:03,539] {logging_mixin.py:115} INFO - [2024-09-30 17:02:03,539] {dagbag.py:508} INFO - Filling up the DagBag from /opt/airflow/dags/0-firstdag.py
[2024-09-30 17:02:03,541] {processor.py:651} INFO - DAG(s) dict_keys(['first_dag']) retrieved from /opt/airflow/dags/0-firstdag.py
[2024-09-30 17:02:03,557] {logging_mixin.py:115} INFO - [2024-09-30 17:02:03,557] {dag.py:2420} INFO - Sync 1 DAGs
[2024-09-30 17:02:03,571] {logging_mixin.py:115} INFO - [2024-09-30 17:02:03,571] {dag.py:2972} INFO - Setting next_dagrun for first_dag to None, run_after=None
[2024-09-30 17:02:03,580] {processor.py:161} INFO - Processing /opt/airflow/dags/0-firstdag.py took 0.045 seconds
[2024-09-30 17:02:34,940] {processor.py:153} INFO - Started process (PID=5630) to work on /opt/airflow/dags/0-firstdag.py
[2024-09-30 17:02:34,940] {processor.py:641} INFO - Processing file /opt/airflow/dags/0-firstdag.py for tasks to queue
[2024-09-30 17:02:34,941] {logging_mixin.py:115} INFO - [2024-09-30 17:02:34,941] {dagbag.py:508} INFO - Filling up the DagBag from /opt/airflow/dags/0-firstdag.py
[2024-09-30 17:02:34,943] {processor.py:651} INFO - DAG(s) dict_keys(['first_dag']) retrieved from /opt/airflow/dags/0-firstdag.py
[2024-09-30 17:02:34,958] {logging_mixin.py:115} INFO - [2024-09-30 17:02:34,958] {dag.py:2420} INFO - Sync 1 DAGs
[2024-09-30 17:02:34,972] {logging_mixin.py:115} INFO - [2024-09-30 17:02:34,972] {dag.py:2972} INFO - Setting next_dagrun for first_dag to None, run_after=None
[2024-09-30 17:02:34,980] {processor.py:161} INFO - Processing /opt/airflow/dags/0-firstdag.py took 0.042 seconds
[2024-09-30 17:03:05,412] {processor.py:153} INFO - Started process (PID=5669) to work on /opt/airflow/dags/0-firstdag.py
[2024-09-30 17:03:05,413] {processor.py:641} INFO - Processing file /opt/airflow/dags/0-firstdag.py for tasks to queue
[2024-09-30 17:03:05,414] {logging_mixin.py:115} INFO - [2024-09-30 17:03:05,414] {dagbag.py:508} INFO - Filling up the DagBag from /opt/airflow/dags/0-firstdag.py
[2024-09-30 17:03:05,416] {processor.py:651} INFO - DAG(s) dict_keys(['first_dag']) retrieved from /opt/airflow/dags/0-firstdag.py
[2024-09-30 17:03:05,434] {logging_mixin.py:115} INFO - [2024-09-30 17:03:05,434] {dag.py:2420} INFO - Sync 1 DAGs
[2024-09-30 17:03:05,448] {logging_mixin.py:115} INFO - [2024-09-30 17:03:05,448] {dag.py:2972} INFO - Setting next_dagrun for first_dag to None, run_after=None
[2024-09-30 17:03:05,456] {processor.py:161} INFO - Processing /opt/airflow/dags/0-firstdag.py took 0.047 seconds
[2024-09-30 17:03:35,949] {processor.py:153} INFO - Started process (PID=5708) to work on /opt/airflow/dags/0-firstdag.py
[2024-09-30 17:03:35,949] {processor.py:641} INFO - Processing file /opt/airflow/dags/0-firstdag.py for tasks to queue
[2024-09-30 17:03:35,950] {logging_mixin.py:115} INFO - [2024-09-30 17:03:35,950] {dagbag.py:508} INFO - Filling up the DagBag from /opt/airflow/dags/0-firstdag.py
[2024-09-30 17:03:35,953] {processor.py:651} INFO - DAG(s) dict_keys(['first_dag']) retrieved from /opt/airflow/dags/0-firstdag.py
[2024-09-30 17:03:35,973] {logging_mixin.py:115} INFO - [2024-09-30 17:03:35,973] {dag.py:2420} INFO - Sync 1 DAGs
[2024-09-30 17:03:35,987] {logging_mixin.py:115} INFO - [2024-09-30 17:03:35,987] {dag.py:2972} INFO - Setting next_dagrun for first_dag to None, run_after=None
[2024-09-30 17:03:35,996] {processor.py:161} INFO - Processing /opt/airflow/dags/0-firstdag.py took 0.051 seconds
[2024-09-30 17:04:06,549] {processor.py:153} INFO - Started process (PID=5747) to work on /opt/airflow/dags/0-firstdag.py
[2024-09-30 17:04:06,549] {processor.py:641} INFO - Processing file /opt/airflow/dags/0-firstdag.py for tasks to queue
[2024-09-30 17:04:06,549] {logging_mixin.py:115} INFO - [2024-09-30 17:04:06,549] {dagbag.py:508} INFO - Filling up the DagBag from /opt/airflow/dags/0-firstdag.py
[2024-09-30 17:04:06,552] {processor.py:651} INFO - DAG(s) dict_keys(['first_dag']) retrieved from /opt/airflow/dags/0-firstdag.py
[2024-09-30 17:04:06,571] {logging_mixin.py:115} INFO - [2024-09-30 17:04:06,571] {dag.py:2420} INFO - Sync 1 DAGs
[2024-09-30 17:04:06,585] {logging_mixin.py:115} INFO - [2024-09-30 17:04:06,585] {dag.py:2972} INFO - Setting next_dagrun for first_dag to None, run_after=None
[2024-09-30 17:04:06,592] {processor.py:161} INFO - Processing /opt/airflow/dags/0-firstdag.py took 0.046 seconds
[2024-09-30 17:04:37,072] {processor.py:153} INFO - Started process (PID=5786) to work on /opt/airflow/dags/0-firstdag.py
[2024-09-30 17:04:37,073] {processor.py:641} INFO - Processing file /opt/airflow/dags/0-firstdag.py for tasks to queue
[2024-09-30 17:04:37,073] {logging_mixin.py:115} INFO - [2024-09-30 17:04:37,073] {dagbag.py:508} INFO - Filling up the DagBag from /opt/airflow/dags/0-firstdag.py
[2024-09-30 17:04:37,076] {processor.py:651} INFO - DAG(s) dict_keys(['first_dag']) retrieved from /opt/airflow/dags/0-firstdag.py
[2024-09-30 17:04:37,096] {logging_mixin.py:115} INFO - [2024-09-30 17:04:37,095] {dag.py:2420} INFO - Sync 1 DAGs
[2024-09-30 17:04:37,111] {logging_mixin.py:115} INFO - [2024-09-30 17:04:37,111] {dag.py:2972} INFO - Setting next_dagrun for first_dag to None, run_after=None
[2024-09-30 17:04:37,120] {processor.py:161} INFO - Processing /opt/airflow/dags/0-firstdag.py took 0.051 seconds
[2024-09-30 17:05:07,551] {processor.py:153} INFO - Started process (PID=5816) to work on /opt/airflow/dags/0-firstdag.py
[2024-09-30 17:05:07,551] {processor.py:641} INFO - Processing file /opt/airflow/dags/0-firstdag.py for tasks to queue
[2024-09-30 17:05:07,552] {logging_mixin.py:115} INFO - [2024-09-30 17:05:07,552] {dagbag.py:508} INFO - Filling up the DagBag from /opt/airflow/dags/0-firstdag.py
[2024-09-30 17:05:07,555] {processor.py:651} INFO - DAG(s) dict_keys(['first_dag']) retrieved from /opt/airflow/dags/0-firstdag.py
[2024-09-30 17:05:07,575] {logging_mixin.py:115} INFO - [2024-09-30 17:05:07,575] {dag.py:2420} INFO - Sync 1 DAGs
[2024-09-30 17:05:07,592] {logging_mixin.py:115} INFO - [2024-09-30 17:05:07,592] {dag.py:2972} INFO - Setting next_dagrun for first_dag to None, run_after=None
[2024-09-30 17:05:07,600] {processor.py:161} INFO - Processing /opt/airflow/dags/0-firstdag.py took 0.051 seconds
[2024-09-30 17:05:38,073] {processor.py:153} INFO - Started process (PID=5855) to work on /opt/airflow/dags/0-firstdag.py
[2024-09-30 17:05:38,074] {processor.py:641} INFO - Processing file /opt/airflow/dags/0-firstdag.py for tasks to queue
[2024-09-30 17:05:38,074] {logging_mixin.py:115} INFO - [2024-09-30 17:05:38,074] {dagbag.py:508} INFO - Filling up the DagBag from /opt/airflow/dags/0-firstdag.py
[2024-09-30 17:05:38,076] {processor.py:651} INFO - DAG(s) dict_keys(['first_dag']) retrieved from /opt/airflow/dags/0-firstdag.py
[2024-09-30 17:05:38,094] {logging_mixin.py:115} INFO - [2024-09-30 17:05:38,093] {dag.py:2420} INFO - Sync 1 DAGs
[2024-09-30 17:05:38,107] {logging_mixin.py:115} INFO - [2024-09-30 17:05:38,107] {dag.py:2972} INFO - Setting next_dagrun for first_dag to None, run_after=None
[2024-09-30 17:05:38,115] {processor.py:161} INFO - Processing /opt/airflow/dags/0-firstdag.py took 0.044 seconds
[2024-09-30 17:06:08,600] {processor.py:153} INFO - Started process (PID=5894) to work on /opt/airflow/dags/0-firstdag.py
[2024-09-30 17:06:08,600] {processor.py:641} INFO - Processing file /opt/airflow/dags/0-firstdag.py for tasks to queue
[2024-09-30 17:06:08,601] {logging_mixin.py:115} INFO - [2024-09-30 17:06:08,601] {dagbag.py:508} INFO - Filling up the DagBag from /opt/airflow/dags/0-firstdag.py
[2024-09-30 17:06:08,603] {processor.py:651} INFO - DAG(s) dict_keys(['first_dag']) retrieved from /opt/airflow/dags/0-firstdag.py
[2024-09-30 17:06:08,621] {logging_mixin.py:115} INFO - [2024-09-30 17:06:08,621] {dag.py:2420} INFO - Sync 1 DAGs
[2024-09-30 17:06:08,637] {logging_mixin.py:115} INFO - [2024-09-30 17:06:08,637] {dag.py:2972} INFO - Setting next_dagrun for first_dag to None, run_after=None
[2024-09-30 17:06:08,646] {processor.py:161} INFO - Processing /opt/airflow/dags/0-firstdag.py took 0.048 seconds
[2024-09-30 17:06:39,178] {processor.py:153} INFO - Started process (PID=5933) to work on /opt/airflow/dags/0-firstdag.py
[2024-09-30 17:06:39,179] {processor.py:641} INFO - Processing file /opt/airflow/dags/0-firstdag.py for tasks to queue
[2024-09-30 17:06:39,179] {logging_mixin.py:115} INFO - [2024-09-30 17:06:39,179] {dagbag.py:508} INFO - Filling up the DagBag from /opt/airflow/dags/0-firstdag.py
[2024-09-30 17:06:39,182] {processor.py:651} INFO - DAG(s) dict_keys(['first_dag']) retrieved from /opt/airflow/dags/0-firstdag.py
[2024-09-30 17:06:39,199] {logging_mixin.py:115} INFO - [2024-09-30 17:06:39,199] {dag.py:2420} INFO - Sync 1 DAGs
[2024-09-30 17:06:39,215] {logging_mixin.py:115} INFO - [2024-09-30 17:06:39,215] {dag.py:2972} INFO - Setting next_dagrun for first_dag to None, run_after=None
[2024-09-30 17:06:39,227] {processor.py:161} INFO - Processing /opt/airflow/dags/0-firstdag.py took 0.051 seconds
[2024-09-30 17:07:09,677] {processor.py:153} INFO - Started process (PID=5972) to work on /opt/airflow/dags/0-firstdag.py
[2024-09-30 17:07:09,678] {processor.py:641} INFO - Processing file /opt/airflow/dags/0-firstdag.py for tasks to queue
[2024-09-30 17:07:09,678] {logging_mixin.py:115} INFO - [2024-09-30 17:07:09,678] {dagbag.py:508} INFO - Filling up the DagBag from /opt/airflow/dags/0-firstdag.py
[2024-09-30 17:07:09,681] {processor.py:651} INFO - DAG(s) dict_keys(['first_dag']) retrieved from /opt/airflow/dags/0-firstdag.py
[2024-09-30 17:07:09,701] {logging_mixin.py:115} INFO - [2024-09-30 17:07:09,701] {dag.py:2420} INFO - Sync 1 DAGs
[2024-09-30 17:07:09,717] {logging_mixin.py:115} INFO - [2024-09-30 17:07:09,717] {dag.py:2972} INFO - Setting next_dagrun for first_dag to None, run_after=None
[2024-09-30 17:07:09,726] {processor.py:161} INFO - Processing /opt/airflow/dags/0-firstdag.py took 0.051 seconds
[2024-09-30 17:07:40,226] {processor.py:153} INFO - Started process (PID=6002) to work on /opt/airflow/dags/0-firstdag.py
[2024-09-30 17:07:40,226] {processor.py:641} INFO - Processing file /opt/airflow/dags/0-firstdag.py for tasks to queue
[2024-09-30 17:07:40,227] {logging_mixin.py:115} INFO - [2024-09-30 17:07:40,226] {dagbag.py:508} INFO - Filling up the DagBag from /opt/airflow/dags/0-firstdag.py
[2024-09-30 17:07:40,229] {processor.py:651} INFO - DAG(s) dict_keys(['first_dag']) retrieved from /opt/airflow/dags/0-firstdag.py
[2024-09-30 17:07:40,245] {logging_mixin.py:115} INFO - [2024-09-30 17:07:40,245] {dag.py:2420} INFO - Sync 1 DAGs
[2024-09-30 17:07:40,259] {logging_mixin.py:115} INFO - [2024-09-30 17:07:40,259] {dag.py:2972} INFO - Setting next_dagrun for first_dag to None, run_after=None
[2024-09-30 17:07:40,267] {processor.py:161} INFO - Processing /opt/airflow/dags/0-firstdag.py took 0.043 seconds
[2024-09-30 17:08:10,664] {processor.py:153} INFO - Started process (PID=6041) to work on /opt/airflow/dags/0-firstdag.py
[2024-09-30 17:08:10,665] {processor.py:641} INFO - Processing file /opt/airflow/dags/0-firstdag.py for tasks to queue
[2024-09-30 17:08:10,665] {logging_mixin.py:115} INFO - [2024-09-30 17:08:10,665] {dagbag.py:508} INFO - Filling up the DagBag from /opt/airflow/dags/0-firstdag.py
[2024-09-30 17:08:10,667] {processor.py:651} INFO - DAG(s) dict_keys(['first_dag']) retrieved from /opt/airflow/dags/0-firstdag.py
[2024-09-30 17:08:10,683] {logging_mixin.py:115} INFO - [2024-09-30 17:08:10,683] {dag.py:2420} INFO - Sync 1 DAGs
[2024-09-30 17:08:10,696] {logging_mixin.py:115} INFO - [2024-09-30 17:08:10,696] {dag.py:2972} INFO - Setting next_dagrun for first_dag to None, run_after=None
[2024-09-30 17:08:10,703] {processor.py:161} INFO - Processing /opt/airflow/dags/0-firstdag.py took 0.041 seconds
[2024-09-30 17:08:41,154] {processor.py:153} INFO - Started process (PID=6080) to work on /opt/airflow/dags/0-firstdag.py
[2024-09-30 17:08:41,155] {processor.py:641} INFO - Processing file /opt/airflow/dags/0-firstdag.py for tasks to queue
[2024-09-30 17:08:41,155] {logging_mixin.py:115} INFO - [2024-09-30 17:08:41,155] {dagbag.py:508} INFO - Filling up the DagBag from /opt/airflow/dags/0-firstdag.py
[2024-09-30 17:08:41,157] {processor.py:651} INFO - DAG(s) dict_keys(['first_dag']) retrieved from /opt/airflow/dags/0-firstdag.py
[2024-09-30 17:08:41,174] {logging_mixin.py:115} INFO - [2024-09-30 17:08:41,173] {dag.py:2420} INFO - Sync 1 DAGs
[2024-09-30 17:08:41,189] {logging_mixin.py:115} INFO - [2024-09-30 17:08:41,189] {dag.py:2972} INFO - Setting next_dagrun for first_dag to None, run_after=None
[2024-09-30 17:08:41,197] {processor.py:161} INFO - Processing /opt/airflow/dags/0-firstdag.py took 0.045 seconds
[2024-09-30 17:09:11,674] {processor.py:153} INFO - Started process (PID=6122) to work on /opt/airflow/dags/0-firstdag.py
[2024-09-30 17:09:11,674] {processor.py:641} INFO - Processing file /opt/airflow/dags/0-firstdag.py for tasks to queue
[2024-09-30 17:09:11,675] {logging_mixin.py:115} INFO - [2024-09-30 17:09:11,675] {dagbag.py:508} INFO - Filling up the DagBag from /opt/airflow/dags/0-firstdag.py
[2024-09-30 17:09:11,677] {processor.py:651} INFO - DAG(s) dict_keys(['first_dag']) retrieved from /opt/airflow/dags/0-firstdag.py
[2024-09-30 17:09:11,694] {logging_mixin.py:115} INFO - [2024-09-30 17:09:11,694] {dag.py:2420} INFO - Sync 1 DAGs
[2024-09-30 17:09:11,708] {logging_mixin.py:115} INFO - [2024-09-30 17:09:11,708] {dag.py:2972} INFO - Setting next_dagrun for first_dag to None, run_after=None
[2024-09-30 17:09:11,715] {processor.py:161} INFO - Processing /opt/airflow/dags/0-firstdag.py took 0.043 seconds
[2024-09-30 17:09:42,215] {processor.py:153} INFO - Started process (PID=6162) to work on /opt/airflow/dags/0-firstdag.py
[2024-09-30 17:09:42,215] {processor.py:641} INFO - Processing file /opt/airflow/dags/0-firstdag.py for tasks to queue
[2024-09-30 17:09:42,216] {logging_mixin.py:115} INFO - [2024-09-30 17:09:42,216] {dagbag.py:508} INFO - Filling up the DagBag from /opt/airflow/dags/0-firstdag.py
[2024-09-30 17:09:42,219] {processor.py:651} INFO - DAG(s) dict_keys(['first_dag']) retrieved from /opt/airflow/dags/0-firstdag.py
[2024-09-30 17:09:42,236] {logging_mixin.py:115} INFO - [2024-09-30 17:09:42,236] {dag.py:2420} INFO - Sync 1 DAGs
[2024-09-30 17:09:42,250] {logging_mixin.py:115} INFO - [2024-09-30 17:09:42,250] {dag.py:2972} INFO - Setting next_dagrun for first_dag to None, run_after=None
[2024-09-30 17:09:42,258] {processor.py:161} INFO - Processing /opt/airflow/dags/0-firstdag.py took 0.046 seconds
[2024-09-30 17:10:12,749] {processor.py:153} INFO - Started process (PID=6200) to work on /opt/airflow/dags/0-firstdag.py
[2024-09-30 17:10:12,750] {processor.py:641} INFO - Processing file /opt/airflow/dags/0-firstdag.py for tasks to queue
[2024-09-30 17:10:12,750] {logging_mixin.py:115} INFO - [2024-09-30 17:10:12,750] {dagbag.py:508} INFO - Filling up the DagBag from /opt/airflow/dags/0-firstdag.py
[2024-09-30 17:10:12,753] {processor.py:651} INFO - DAG(s) dict_keys(['first_dag']) retrieved from /opt/airflow/dags/0-firstdag.py
[2024-09-30 17:10:12,772] {logging_mixin.py:115} INFO - [2024-09-30 17:10:12,772] {dag.py:2420} INFO - Sync 1 DAGs
[2024-09-30 17:10:12,790] {logging_mixin.py:115} INFO - [2024-09-30 17:10:12,790] {dag.py:2972} INFO - Setting next_dagrun for first_dag to None, run_after=None
[2024-09-30 17:10:12,799] {processor.py:161} INFO - Processing /opt/airflow/dags/0-firstdag.py took 0.054 seconds
[2024-09-30 17:10:43,337] {processor.py:153} INFO - Started process (PID=6233) to work on /opt/airflow/dags/0-firstdag.py
[2024-09-30 17:10:43,340] {processor.py:641} INFO - Processing file /opt/airflow/dags/0-firstdag.py for tasks to queue
[2024-09-30 17:10:43,341] {logging_mixin.py:115} INFO - [2024-09-30 17:10:43,341] {dagbag.py:508} INFO - Filling up the DagBag from /opt/airflow/dags/0-firstdag.py
[2024-09-30 17:10:43,344] {processor.py:651} INFO - DAG(s) dict_keys(['first_dag']) retrieved from /opt/airflow/dags/0-firstdag.py
[2024-09-30 17:10:43,365] {logging_mixin.py:115} INFO - [2024-09-30 17:10:43,365] {dag.py:2420} INFO - Sync 1 DAGs
[2024-09-30 17:10:43,381] {logging_mixin.py:115} INFO - [2024-09-30 17:10:43,381] {dag.py:2972} INFO - Setting next_dagrun for first_dag to None, run_after=None
[2024-09-30 17:10:43,389] {processor.py:161} INFO - Processing /opt/airflow/dags/0-firstdag.py took 0.055 seconds
[2024-09-30 17:11:13,923] {processor.py:153} INFO - Started process (PID=6273) to work on /opt/airflow/dags/0-firstdag.py
[2024-09-30 17:11:13,924] {processor.py:641} INFO - Processing file /opt/airflow/dags/0-firstdag.py for tasks to queue
[2024-09-30 17:11:13,924] {logging_mixin.py:115} INFO - [2024-09-30 17:11:13,924] {dagbag.py:508} INFO - Filling up the DagBag from /opt/airflow/dags/0-firstdag.py
[2024-09-30 17:11:13,926] {processor.py:651} INFO - DAG(s) dict_keys(['first_dag']) retrieved from /opt/airflow/dags/0-firstdag.py
[2024-09-30 17:11:13,944] {logging_mixin.py:115} INFO - [2024-09-30 17:11:13,944] {dag.py:2420} INFO - Sync 1 DAGs
[2024-09-30 17:11:13,957] {logging_mixin.py:115} INFO - [2024-09-30 17:11:13,957] {dag.py:2972} INFO - Setting next_dagrun for first_dag to None, run_after=None
[2024-09-30 17:11:13,966] {processor.py:161} INFO - Processing /opt/airflow/dags/0-firstdag.py took 0.045 seconds
[2024-09-30 17:11:44,416] {processor.py:153} INFO - Started process (PID=6313) to work on /opt/airflow/dags/0-firstdag.py
[2024-09-30 17:11:44,416] {processor.py:641} INFO - Processing file /opt/airflow/dags/0-firstdag.py for tasks to queue
[2024-09-30 17:11:44,417] {logging_mixin.py:115} INFO - [2024-09-30 17:11:44,416] {dagbag.py:508} INFO - Filling up the DagBag from /opt/airflow/dags/0-firstdag.py
[2024-09-30 17:11:44,418] {processor.py:651} INFO - DAG(s) dict_keys(['first_dag']) retrieved from /opt/airflow/dags/0-firstdag.py
[2024-09-30 17:11:44,434] {logging_mixin.py:115} INFO - [2024-09-30 17:11:44,434] {dag.py:2420} INFO - Sync 1 DAGs
[2024-09-30 17:11:44,447] {logging_mixin.py:115} INFO - [2024-09-30 17:11:44,446] {dag.py:2972} INFO - Setting next_dagrun for first_dag to None, run_after=None
[2024-09-30 17:11:44,454] {processor.py:161} INFO - Processing /opt/airflow/dags/0-firstdag.py took 0.041 seconds
[2024-09-30 17:12:14,998] {processor.py:153} INFO - Started process (PID=6353) to work on /opt/airflow/dags/0-firstdag.py
[2024-09-30 17:12:14,999] {processor.py:641} INFO - Processing file /opt/airflow/dags/0-firstdag.py for tasks to queue
[2024-09-30 17:12:15,000] {logging_mixin.py:115} INFO - [2024-09-30 17:12:14,999] {dagbag.py:508} INFO - Filling up the DagBag from /opt/airflow/dags/0-firstdag.py
[2024-09-30 17:12:15,002] {processor.py:651} INFO - DAG(s) dict_keys(['first_dag']) retrieved from /opt/airflow/dags/0-firstdag.py
[2024-09-30 17:12:15,021] {logging_mixin.py:115} INFO - [2024-09-30 17:12:15,021] {dag.py:2420} INFO - Sync 1 DAGs
[2024-09-30 17:12:15,037] {logging_mixin.py:115} INFO - [2024-09-30 17:12:15,037] {dag.py:2972} INFO - Setting next_dagrun for first_dag to None, run_after=None
[2024-09-30 17:12:15,045] {processor.py:161} INFO - Processing /opt/airflow/dags/0-firstdag.py took 0.049 seconds
[2024-09-30 17:12:45,512] {processor.py:153} INFO - Started process (PID=6393) to work on /opt/airflow/dags/0-firstdag.py
[2024-09-30 17:12:45,513] {processor.py:641} INFO - Processing file /opt/airflow/dags/0-firstdag.py for tasks to queue
[2024-09-30 17:12:45,513] {logging_mixin.py:115} INFO - [2024-09-30 17:12:45,513] {dagbag.py:508} INFO - Filling up the DagBag from /opt/airflow/dags/0-firstdag.py
[2024-09-30 17:12:45,515] {processor.py:651} INFO - DAG(s) dict_keys(['first_dag']) retrieved from /opt/airflow/dags/0-firstdag.py
[2024-09-30 17:12:45,531] {logging_mixin.py:115} INFO - [2024-09-30 17:12:45,531] {dag.py:2420} INFO - Sync 1 DAGs
[2024-09-30 17:12:45,545] {logging_mixin.py:115} INFO - [2024-09-30 17:12:45,545] {dag.py:2972} INFO - Setting next_dagrun for first_dag to None, run_after=None
[2024-09-30 17:12:45,552] {processor.py:161} INFO - Processing /opt/airflow/dags/0-firstdag.py took 0.042 seconds
[2024-09-30 17:13:16,013] {processor.py:153} INFO - Started process (PID=6424) to work on /opt/airflow/dags/0-firstdag.py
[2024-09-30 17:13:16,013] {processor.py:641} INFO - Processing file /opt/airflow/dags/0-firstdag.py for tasks to queue
[2024-09-30 17:13:16,014] {logging_mixin.py:115} INFO - [2024-09-30 17:13:16,014] {dagbag.py:508} INFO - Filling up the DagBag from /opt/airflow/dags/0-firstdag.py
[2024-09-30 17:13:16,016] {processor.py:651} INFO - DAG(s) dict_keys(['first_dag']) retrieved from /opt/airflow/dags/0-firstdag.py
[2024-09-30 17:13:16,031] {logging_mixin.py:115} INFO - [2024-09-30 17:13:16,031] {dag.py:2420} INFO - Sync 1 DAGs
[2024-09-30 17:13:16,045] {logging_mixin.py:115} INFO - [2024-09-30 17:13:16,045] {dag.py:2972} INFO - Setting next_dagrun for first_dag to None, run_after=None
[2024-09-30 17:13:16,052] {processor.py:161} INFO - Processing /opt/airflow/dags/0-firstdag.py took 0.041 seconds
[2024-09-30 17:13:46,509] {processor.py:153} INFO - Started process (PID=6464) to work on /opt/airflow/dags/0-firstdag.py
[2024-09-30 17:13:46,510] {processor.py:641} INFO - Processing file /opt/airflow/dags/0-firstdag.py for tasks to queue
[2024-09-30 17:13:46,510] {logging_mixin.py:115} INFO - [2024-09-30 17:13:46,510] {dagbag.py:508} INFO - Filling up the DagBag from /opt/airflow/dags/0-firstdag.py
[2024-09-30 17:13:46,512] {processor.py:651} INFO - DAG(s) dict_keys(['first_dag']) retrieved from /opt/airflow/dags/0-firstdag.py
[2024-09-30 17:13:46,530] {logging_mixin.py:115} INFO - [2024-09-30 17:13:46,530] {dag.py:2420} INFO - Sync 1 DAGs
[2024-09-30 17:13:46,544] {logging_mixin.py:115} INFO - [2024-09-30 17:13:46,544] {dag.py:2972} INFO - Setting next_dagrun for first_dag to None, run_after=None
[2024-09-30 17:13:46,551] {processor.py:161} INFO - Processing /opt/airflow/dags/0-firstdag.py took 0.044 seconds
[2024-09-30 17:14:16,971] {processor.py:153} INFO - Started process (PID=6504) to work on /opt/airflow/dags/0-firstdag.py
[2024-09-30 17:14:16,971] {processor.py:641} INFO - Processing file /opt/airflow/dags/0-firstdag.py for tasks to queue
[2024-09-30 17:14:16,972] {logging_mixin.py:115} INFO - [2024-09-30 17:14:16,972] {dagbag.py:508} INFO - Filling up the DagBag from /opt/airflow/dags/0-firstdag.py
[2024-09-30 17:14:16,976] {processor.py:651} INFO - DAG(s) dict_keys(['first_dag']) retrieved from /opt/airflow/dags/0-firstdag.py
[2024-09-30 17:14:16,992] {logging_mixin.py:115} INFO - [2024-09-30 17:14:16,992] {dag.py:2420} INFO - Sync 1 DAGs
[2024-09-30 17:14:17,005] {logging_mixin.py:115} INFO - [2024-09-30 17:14:17,005] {dag.py:2972} INFO - Setting next_dagrun for first_dag to None, run_after=None
[2024-09-30 17:14:17,012] {processor.py:161} INFO - Processing /opt/airflow/dags/0-firstdag.py took 0.043 seconds
[2024-09-30 17:14:47,486] {processor.py:153} INFO - Started process (PID=6544) to work on /opt/airflow/dags/0-firstdag.py
[2024-09-30 17:14:47,486] {processor.py:641} INFO - Processing file /opt/airflow/dags/0-firstdag.py for tasks to queue
[2024-09-30 17:14:47,487] {logging_mixin.py:115} INFO - [2024-09-30 17:14:47,487] {dagbag.py:508} INFO - Filling up the DagBag from /opt/airflow/dags/0-firstdag.py
[2024-09-30 17:14:47,489] {processor.py:651} INFO - DAG(s) dict_keys(['first_dag']) retrieved from /opt/airflow/dags/0-firstdag.py
[2024-09-30 17:14:47,505] {logging_mixin.py:115} INFO - [2024-09-30 17:14:47,504] {dag.py:2420} INFO - Sync 1 DAGs
[2024-09-30 17:14:47,518] {logging_mixin.py:115} INFO - [2024-09-30 17:14:47,517] {dag.py:2972} INFO - Setting next_dagrun for first_dag to None, run_after=None
[2024-09-30 17:14:47,524] {processor.py:161} INFO - Processing /opt/airflow/dags/0-firstdag.py took 0.040 seconds
[2024-09-30 17:15:18,005] {processor.py:153} INFO - Started process (PID=6584) to work on /opt/airflow/dags/0-firstdag.py
[2024-09-30 17:15:18,005] {processor.py:641} INFO - Processing file /opt/airflow/dags/0-firstdag.py for tasks to queue
[2024-09-30 17:15:18,006] {logging_mixin.py:115} INFO - [2024-09-30 17:15:18,006] {dagbag.py:508} INFO - Filling up the DagBag from /opt/airflow/dags/0-firstdag.py
[2024-09-30 17:15:18,008] {processor.py:651} INFO - DAG(s) dict_keys(['first_dag']) retrieved from /opt/airflow/dags/0-firstdag.py
[2024-09-30 17:15:18,026] {logging_mixin.py:115} INFO - [2024-09-30 17:15:18,026] {dag.py:2420} INFO - Sync 1 DAGs
[2024-09-30 17:15:18,039] {logging_mixin.py:115} INFO - [2024-09-30 17:15:18,039] {dag.py:2972} INFO - Setting next_dagrun for first_dag to None, run_after=None
[2024-09-30 17:15:18,046] {processor.py:161} INFO - Processing /opt/airflow/dags/0-firstdag.py took 0.043 seconds
[2024-09-30 17:15:48,516] {processor.py:153} INFO - Started process (PID=6624) to work on /opt/airflow/dags/0-firstdag.py
[2024-09-30 17:15:48,516] {processor.py:641} INFO - Processing file /opt/airflow/dags/0-firstdag.py for tasks to queue
[2024-09-30 17:15:48,517] {logging_mixin.py:115} INFO - [2024-09-30 17:15:48,517] {dagbag.py:508} INFO - Filling up the DagBag from /opt/airflow/dags/0-firstdag.py
[2024-09-30 17:15:48,519] {processor.py:651} INFO - DAG(s) dict_keys(['first_dag']) retrieved from /opt/airflow/dags/0-firstdag.py
[2024-09-30 17:15:48,536] {logging_mixin.py:115} INFO - [2024-09-30 17:15:48,536] {dag.py:2420} INFO - Sync 1 DAGs
[2024-09-30 17:15:48,549] {logging_mixin.py:115} INFO - [2024-09-30 17:15:48,549] {dag.py:2972} INFO - Setting next_dagrun for first_dag to None, run_after=None
[2024-09-30 17:15:48,556] {processor.py:161} INFO - Processing /opt/airflow/dags/0-firstdag.py took 0.042 seconds
[2024-09-30 17:16:19,052] {processor.py:153} INFO - Started process (PID=6654) to work on /opt/airflow/dags/0-firstdag.py
[2024-09-30 17:16:19,052] {processor.py:641} INFO - Processing file /opt/airflow/dags/0-firstdag.py for tasks to queue
[2024-09-30 17:16:19,053] {logging_mixin.py:115} INFO - [2024-09-30 17:16:19,053] {dagbag.py:508} INFO - Filling up the DagBag from /opt/airflow/dags/0-firstdag.py
[2024-09-30 17:16:19,055] {processor.py:651} INFO - DAG(s) dict_keys(['first_dag']) retrieved from /opt/airflow/dags/0-firstdag.py
[2024-09-30 17:16:19,072] {logging_mixin.py:115} INFO - [2024-09-30 17:16:19,072] {dag.py:2420} INFO - Sync 1 DAGs
[2024-09-30 17:16:19,085] {logging_mixin.py:115} INFO - [2024-09-30 17:16:19,085] {dag.py:2972} INFO - Setting next_dagrun for first_dag to None, run_after=None
[2024-09-30 17:16:19,112] {processor.py:161} INFO - Processing /opt/airflow/dags/0-firstdag.py took 0.063 seconds
[2024-09-30 17:16:49,574] {processor.py:153} INFO - Started process (PID=6694) to work on /opt/airflow/dags/0-firstdag.py
[2024-09-30 17:16:49,575] {processor.py:641} INFO - Processing file /opt/airflow/dags/0-firstdag.py for tasks to queue
[2024-09-30 17:16:49,575] {logging_mixin.py:115} INFO - [2024-09-30 17:16:49,575] {dagbag.py:508} INFO - Filling up the DagBag from /opt/airflow/dags/0-firstdag.py
[2024-09-30 17:16:49,577] {processor.py:651} INFO - DAG(s) dict_keys(['first_dag']) retrieved from /opt/airflow/dags/0-firstdag.py
[2024-09-30 17:16:49,593] {logging_mixin.py:115} INFO - [2024-09-30 17:16:49,593] {dag.py:2420} INFO - Sync 1 DAGs
[2024-09-30 17:16:49,606] {logging_mixin.py:115} INFO - [2024-09-30 17:16:49,606] {dag.py:2972} INFO - Setting next_dagrun for first_dag to None, run_after=None
[2024-09-30 17:16:49,613] {processor.py:161} INFO - Processing /opt/airflow/dags/0-firstdag.py took 0.041 seconds
[2024-09-30 17:17:20,082] {processor.py:153} INFO - Started process (PID=6734) to work on /opt/airflow/dags/0-firstdag.py
[2024-09-30 17:17:20,083] {processor.py:641} INFO - Processing file /opt/airflow/dags/0-firstdag.py for tasks to queue
[2024-09-30 17:17:20,083] {logging_mixin.py:115} INFO - [2024-09-30 17:17:20,083] {dagbag.py:508} INFO - Filling up the DagBag from /opt/airflow/dags/0-firstdag.py
[2024-09-30 17:17:20,086] {processor.py:651} INFO - DAG(s) dict_keys(['first_dag']) retrieved from /opt/airflow/dags/0-firstdag.py
[2024-09-30 17:17:20,101] {logging_mixin.py:115} INFO - [2024-09-30 17:17:20,101] {dag.py:2420} INFO - Sync 1 DAGs
[2024-09-30 17:17:20,114] {logging_mixin.py:115} INFO - [2024-09-30 17:17:20,114] {dag.py:2972} INFO - Setting next_dagrun for first_dag to None, run_after=None
[2024-09-30 17:17:20,122] {processor.py:161} INFO - Processing /opt/airflow/dags/0-firstdag.py took 0.042 seconds
[2024-09-30 17:17:50,606] {processor.py:153} INFO - Started process (PID=6775) to work on /opt/airflow/dags/0-firstdag.py
[2024-09-30 17:17:50,607] {processor.py:641} INFO - Processing file /opt/airflow/dags/0-firstdag.py for tasks to queue
[2024-09-30 17:17:50,607] {logging_mixin.py:115} INFO - [2024-09-30 17:17:50,607] {dagbag.py:508} INFO - Filling up the DagBag from /opt/airflow/dags/0-firstdag.py
[2024-09-30 17:17:50,611] {processor.py:651} INFO - DAG(s) dict_keys(['first_dag']) retrieved from /opt/airflow/dags/0-firstdag.py
[2024-09-30 17:17:50,627] {logging_mixin.py:115} INFO - [2024-09-30 17:17:50,627] {dag.py:2420} INFO - Sync 1 DAGs
[2024-09-30 17:17:50,640] {logging_mixin.py:115} INFO - [2024-09-30 17:17:50,640] {dag.py:2972} INFO - Setting next_dagrun for first_dag to None, run_after=None
[2024-09-30 17:17:50,647] {processor.py:161} INFO - Processing /opt/airflow/dags/0-firstdag.py took 0.043 seconds
[2024-09-30 17:18:21,093] {processor.py:153} INFO - Started process (PID=6815) to work on /opt/airflow/dags/0-firstdag.py
[2024-09-30 17:18:21,094] {processor.py:641} INFO - Processing file /opt/airflow/dags/0-firstdag.py for tasks to queue
[2024-09-30 17:18:21,094] {logging_mixin.py:115} INFO - [2024-09-30 17:18:21,094] {dagbag.py:508} INFO - Filling up the DagBag from /opt/airflow/dags/0-firstdag.py
[2024-09-30 17:18:21,097] {processor.py:651} INFO - DAG(s) dict_keys(['first_dag']) retrieved from /opt/airflow/dags/0-firstdag.py
[2024-09-30 17:18:21,113] {logging_mixin.py:115} INFO - [2024-09-30 17:18:21,113] {dag.py:2420} INFO - Sync 1 DAGs
[2024-09-30 17:18:21,128] {logging_mixin.py:115} INFO - [2024-09-30 17:18:21,127] {dag.py:2972} INFO - Setting next_dagrun for first_dag to None, run_after=None
[2024-09-30 17:18:21,135] {processor.py:161} INFO - Processing /opt/airflow/dags/0-firstdag.py took 0.044 seconds
[2024-09-30 17:18:51,625] {processor.py:153} INFO - Started process (PID=6854) to work on /opt/airflow/dags/0-firstdag.py
[2024-09-30 17:18:51,625] {processor.py:641} INFO - Processing file /opt/airflow/dags/0-firstdag.py for tasks to queue
[2024-09-30 17:18:51,626] {logging_mixin.py:115} INFO - [2024-09-30 17:18:51,625] {dagbag.py:508} INFO - Filling up the DagBag from /opt/airflow/dags/0-firstdag.py
[2024-09-30 17:18:51,628] {processor.py:651} INFO - DAG(s) dict_keys(['first_dag']) retrieved from /opt/airflow/dags/0-firstdag.py
[2024-09-30 17:18:51,646] {logging_mixin.py:115} INFO - [2024-09-30 17:18:51,645] {dag.py:2420} INFO - Sync 1 DAGs
[2024-09-30 17:18:51,661] {logging_mixin.py:115} INFO - [2024-09-30 17:18:51,661] {dag.py:2972} INFO - Setting next_dagrun for first_dag to None, run_after=None
[2024-09-30 17:18:51,669] {processor.py:161} INFO - Processing /opt/airflow/dags/0-firstdag.py took 0.047 seconds
[2024-09-30 17:19:22,077] {processor.py:153} INFO - Started process (PID=6885) to work on /opt/airflow/dags/0-firstdag.py
[2024-09-30 17:19:22,077] {processor.py:641} INFO - Processing file /opt/airflow/dags/0-firstdag.py for tasks to queue
[2024-09-30 17:19:22,077] {logging_mixin.py:115} INFO - [2024-09-30 17:19:22,077] {dagbag.py:508} INFO - Filling up the DagBag from /opt/airflow/dags/0-firstdag.py
[2024-09-30 17:19:22,079] {processor.py:651} INFO - DAG(s) dict_keys(['first_dag']) retrieved from /opt/airflow/dags/0-firstdag.py
[2024-09-30 17:19:22,097] {logging_mixin.py:115} INFO - [2024-09-30 17:19:22,097] {dag.py:2420} INFO - Sync 1 DAGs
[2024-09-30 17:19:22,110] {logging_mixin.py:115} INFO - [2024-09-30 17:19:22,110] {dag.py:2972} INFO - Setting next_dagrun for first_dag to None, run_after=None
[2024-09-30 17:19:22,117] {processor.py:161} INFO - Processing /opt/airflow/dags/0-firstdag.py took 0.043 seconds
[2024-09-30 17:19:52,531] {processor.py:153} INFO - Started process (PID=6925) to work on /opt/airflow/dags/0-firstdag.py
[2024-09-30 17:19:52,532] {processor.py:641} INFO - Processing file /opt/airflow/dags/0-firstdag.py for tasks to queue
[2024-09-30 17:19:52,532] {logging_mixin.py:115} INFO - [2024-09-30 17:19:52,532] {dagbag.py:508} INFO - Filling up the DagBag from /opt/airflow/dags/0-firstdag.py
[2024-09-30 17:19:52,535] {processor.py:651} INFO - DAG(s) dict_keys(['first_dag']) retrieved from /opt/airflow/dags/0-firstdag.py
[2024-09-30 17:19:52,550] {logging_mixin.py:115} INFO - [2024-09-30 17:19:52,549] {dag.py:2420} INFO - Sync 1 DAGs
[2024-09-30 17:19:52,562] {logging_mixin.py:115} INFO - [2024-09-30 17:19:52,562] {dag.py:2972} INFO - Setting next_dagrun for first_dag to None, run_after=None
[2024-09-30 17:19:52,569] {processor.py:161} INFO - Processing /opt/airflow/dags/0-firstdag.py took 0.040 seconds
[2024-09-30 17:20:23,049] {processor.py:153} INFO - Started process (PID=6965) to work on /opt/airflow/dags/0-firstdag.py
[2024-09-30 17:20:23,049] {processor.py:641} INFO - Processing file /opt/airflow/dags/0-firstdag.py for tasks to queue
[2024-09-30 17:20:23,050] {logging_mixin.py:115} INFO - [2024-09-30 17:20:23,050] {dagbag.py:508} INFO - Filling up the DagBag from /opt/airflow/dags/0-firstdag.py
[2024-09-30 17:20:23,052] {processor.py:651} INFO - DAG(s) dict_keys(['first_dag']) retrieved from /opt/airflow/dags/0-firstdag.py
[2024-09-30 17:20:23,070] {logging_mixin.py:115} INFO - [2024-09-30 17:20:23,070] {dag.py:2420} INFO - Sync 1 DAGs
[2024-09-30 17:20:23,083] {logging_mixin.py:115} INFO - [2024-09-30 17:20:23,083] {dag.py:2972} INFO - Setting next_dagrun for first_dag to None, run_after=None
[2024-09-30 17:20:23,091] {processor.py:161} INFO - Processing /opt/airflow/dags/0-firstdag.py took 0.044 seconds
[2024-09-30 17:20:53,554] {processor.py:153} INFO - Started process (PID=7005) to work on /opt/airflow/dags/0-firstdag.py
[2024-09-30 17:20:53,554] {processor.py:641} INFO - Processing file /opt/airflow/dags/0-firstdag.py for tasks to queue
[2024-09-30 17:20:53,554] {logging_mixin.py:115} INFO - [2024-09-30 17:20:53,554] {dagbag.py:508} INFO - Filling up the DagBag from /opt/airflow/dags/0-firstdag.py
[2024-09-30 17:20:53,556] {processor.py:651} INFO - DAG(s) dict_keys(['first_dag']) retrieved from /opt/airflow/dags/0-firstdag.py
[2024-09-30 17:20:53,573] {logging_mixin.py:115} INFO - [2024-09-30 17:20:53,573] {dag.py:2420} INFO - Sync 1 DAGs
[2024-09-30 17:20:53,586] {logging_mixin.py:115} INFO - [2024-09-30 17:20:53,586] {dag.py:2972} INFO - Setting next_dagrun for first_dag to None, run_after=None
[2024-09-30 17:20:53,594] {processor.py:161} INFO - Processing /opt/airflow/dags/0-firstdag.py took 0.042 seconds
[2024-09-30 17:21:24,068] {processor.py:153} INFO - Started process (PID=7045) to work on /opt/airflow/dags/0-firstdag.py
[2024-09-30 17:21:24,068] {processor.py:641} INFO - Processing file /opt/airflow/dags/0-firstdag.py for tasks to queue
[2024-09-30 17:21:24,069] {logging_mixin.py:115} INFO - [2024-09-30 17:21:24,068] {dagbag.py:508} INFO - Filling up the DagBag from /opt/airflow/dags/0-firstdag.py
[2024-09-30 17:21:24,071] {processor.py:651} INFO - DAG(s) dict_keys(['first_dag']) retrieved from /opt/airflow/dags/0-firstdag.py
[2024-09-30 17:21:24,086] {logging_mixin.py:115} INFO - [2024-09-30 17:21:24,086] {dag.py:2420} INFO - Sync 1 DAGs
[2024-09-30 17:21:24,100] {logging_mixin.py:115} INFO - [2024-09-30 17:21:24,100] {dag.py:2972} INFO - Setting next_dagrun for first_dag to None, run_after=None
[2024-09-30 17:21:24,109] {processor.py:161} INFO - Processing /opt/airflow/dags/0-firstdag.py took 0.043 seconds
[2024-09-30 17:21:54,588] {processor.py:153} INFO - Started process (PID=7085) to work on /opt/airflow/dags/0-firstdag.py
[2024-09-30 17:21:54,588] {processor.py:641} INFO - Processing file /opt/airflow/dags/0-firstdag.py for tasks to queue
[2024-09-30 17:21:54,589] {logging_mixin.py:115} INFO - [2024-09-30 17:21:54,589] {dagbag.py:508} INFO - Filling up the DagBag from /opt/airflow/dags/0-firstdag.py
[2024-09-30 17:21:54,591] {processor.py:651} INFO - DAG(s) dict_keys(['first_dag']) retrieved from /opt/airflow/dags/0-firstdag.py
[2024-09-30 17:21:54,608] {logging_mixin.py:115} INFO - [2024-09-30 17:21:54,608] {dag.py:2420} INFO - Sync 1 DAGs
[2024-09-30 17:21:54,621] {logging_mixin.py:115} INFO - [2024-09-30 17:21:54,621] {dag.py:2972} INFO - Setting next_dagrun for first_dag to None, run_after=None
[2024-09-30 17:21:54,630] {processor.py:161} INFO - Processing /opt/airflow/dags/0-firstdag.py took 0.044 seconds
[2024-09-30 17:22:25,086] {processor.py:153} INFO - Started process (PID=7115) to work on /opt/airflow/dags/0-firstdag.py
[2024-09-30 17:22:25,086] {processor.py:641} INFO - Processing file /opt/airflow/dags/0-firstdag.py for tasks to queue
[2024-09-30 17:22:25,087] {logging_mixin.py:115} INFO - [2024-09-30 17:22:25,087] {dagbag.py:508} INFO - Filling up the DagBag from /opt/airflow/dags/0-firstdag.py
[2024-09-30 17:22:25,089] {processor.py:651} INFO - DAG(s) dict_keys(['first_dag']) retrieved from /opt/airflow/dags/0-firstdag.py
[2024-09-30 17:22:25,104] {logging_mixin.py:115} INFO - [2024-09-30 17:22:25,104] {dag.py:2420} INFO - Sync 1 DAGs
[2024-09-30 17:22:25,117] {logging_mixin.py:115} INFO - [2024-09-30 17:22:25,117] {dag.py:2972} INFO - Setting next_dagrun for first_dag to None, run_after=None
[2024-09-30 17:22:25,126] {processor.py:161} INFO - Processing /opt/airflow/dags/0-firstdag.py took 0.042 seconds
[2024-09-30 17:22:55,598] {processor.py:153} INFO - Started process (PID=7155) to work on /opt/airflow/dags/0-firstdag.py
[2024-09-30 17:22:55,599] {processor.py:641} INFO - Processing file /opt/airflow/dags/0-firstdag.py for tasks to queue
[2024-09-30 17:22:55,599] {logging_mixin.py:115} INFO - [2024-09-30 17:22:55,599] {dagbag.py:508} INFO - Filling up the DagBag from /opt/airflow/dags/0-firstdag.py
[2024-09-30 17:22:55,602] {processor.py:651} INFO - DAG(s) dict_keys(['first_dag']) retrieved from /opt/airflow/dags/0-firstdag.py
[2024-09-30 17:22:55,617] {logging_mixin.py:115} INFO - [2024-09-30 17:22:55,617] {dag.py:2420} INFO - Sync 1 DAGs
[2024-09-30 17:22:55,631] {logging_mixin.py:115} INFO - [2024-09-30 17:22:55,631] {dag.py:2972} INFO - Setting next_dagrun for first_dag to None, run_after=None
[2024-09-30 17:22:55,638] {processor.py:161} INFO - Processing /opt/airflow/dags/0-firstdag.py took 0.042 seconds
[2024-09-30 17:23:26,108] {processor.py:153} INFO - Started process (PID=7194) to work on /opt/airflow/dags/0-firstdag.py
[2024-09-30 17:23:26,109] {processor.py:641} INFO - Processing file /opt/airflow/dags/0-firstdag.py for tasks to queue
[2024-09-30 17:23:26,109] {logging_mixin.py:115} INFO - [2024-09-30 17:23:26,109] {dagbag.py:508} INFO - Filling up the DagBag from /opt/airflow/dags/0-firstdag.py
[2024-09-30 17:23:26,111] {processor.py:651} INFO - DAG(s) dict_keys(['first_dag']) retrieved from /opt/airflow/dags/0-firstdag.py
[2024-09-30 17:23:26,129] {logging_mixin.py:115} INFO - [2024-09-30 17:23:26,129] {dag.py:2420} INFO - Sync 1 DAGs
[2024-09-30 17:23:26,143] {logging_mixin.py:115} INFO - [2024-09-30 17:23:26,143] {dag.py:2972} INFO - Setting next_dagrun for first_dag to None, run_after=None
[2024-09-30 17:23:26,152] {processor.py:161} INFO - Processing /opt/airflow/dags/0-firstdag.py took 0.046 seconds
[2024-09-30 17:23:56,559] {processor.py:153} INFO - Started process (PID=7234) to work on /opt/airflow/dags/0-firstdag.py
[2024-09-30 17:23:56,560] {processor.py:641} INFO - Processing file /opt/airflow/dags/0-firstdag.py for tasks to queue
[2024-09-30 17:23:56,560] {logging_mixin.py:115} INFO - [2024-09-30 17:23:56,560] {dagbag.py:508} INFO - Filling up the DagBag from /opt/airflow/dags/0-firstdag.py
[2024-09-30 17:23:56,562] {processor.py:651} INFO - DAG(s) dict_keys(['first_dag']) retrieved from /opt/airflow/dags/0-firstdag.py
[2024-09-30 17:23:56,581] {logging_mixin.py:115} INFO - [2024-09-30 17:23:56,581] {dag.py:2420} INFO - Sync 1 DAGs
[2024-09-30 17:23:56,595] {logging_mixin.py:115} INFO - [2024-09-30 17:23:56,595] {dag.py:2972} INFO - Setting next_dagrun for first_dag to None, run_after=None
[2024-09-30 17:23:56,603] {processor.py:161} INFO - Processing /opt/airflow/dags/0-firstdag.py took 0.046 seconds
[2024-09-30 17:24:27,112] {processor.py:153} INFO - Started process (PID=7274) to work on /opt/airflow/dags/0-firstdag.py
[2024-09-30 17:24:27,113] {processor.py:641} INFO - Processing file /opt/airflow/dags/0-firstdag.py for tasks to queue
[2024-09-30 17:24:27,113] {logging_mixin.py:115} INFO - [2024-09-30 17:24:27,113] {dagbag.py:508} INFO - Filling up the DagBag from /opt/airflow/dags/0-firstdag.py
[2024-09-30 17:24:27,116] {processor.py:651} INFO - DAG(s) dict_keys(['first_dag']) retrieved from /opt/airflow/dags/0-firstdag.py
[2024-09-30 17:24:27,134] {logging_mixin.py:115} INFO - [2024-09-30 17:24:27,134] {dag.py:2420} INFO - Sync 1 DAGs
[2024-09-30 17:24:27,148] {logging_mixin.py:115} INFO - [2024-09-30 17:24:27,148] {dag.py:2972} INFO - Setting next_dagrun for first_dag to None, run_after=None
[2024-09-30 17:24:27,155] {processor.py:161} INFO - Processing /opt/airflow/dags/0-firstdag.py took 0.045 seconds
[2024-09-30 17:24:57,612] {processor.py:153} INFO - Started process (PID=7314) to work on /opt/airflow/dags/0-firstdag.py
[2024-09-30 17:24:57,612] {processor.py:641} INFO - Processing file /opt/airflow/dags/0-firstdag.py for tasks to queue
[2024-09-30 17:24:57,613] {logging_mixin.py:115} INFO - [2024-09-30 17:24:57,612] {dagbag.py:508} INFO - Filling up the DagBag from /opt/airflow/dags/0-firstdag.py
[2024-09-30 17:24:57,615] {processor.py:651} INFO - DAG(s) dict_keys(['first_dag']) retrieved from /opt/airflow/dags/0-firstdag.py
[2024-09-30 17:24:57,631] {logging_mixin.py:115} INFO - [2024-09-30 17:24:57,631] {dag.py:2420} INFO - Sync 1 DAGs
[2024-09-30 17:24:57,645] {logging_mixin.py:115} INFO - [2024-09-30 17:24:57,645] {dag.py:2972} INFO - Setting next_dagrun for first_dag to None, run_after=None
[2024-09-30 17:24:57,653] {processor.py:161} INFO - Processing /opt/airflow/dags/0-firstdag.py took 0.043 seconds
[2024-09-30 17:25:28,103] {processor.py:153} INFO - Started process (PID=7345) to work on /opt/airflow/dags/0-firstdag.py
[2024-09-30 17:25:28,103] {processor.py:641} INFO - Processing file /opt/airflow/dags/0-firstdag.py for tasks to queue
[2024-09-30 17:25:28,104] {logging_mixin.py:115} INFO - [2024-09-30 17:25:28,104] {dagbag.py:508} INFO - Filling up the DagBag from /opt/airflow/dags/0-firstdag.py
[2024-09-30 17:25:28,106] {processor.py:651} INFO - DAG(s) dict_keys(['first_dag']) retrieved from /opt/airflow/dags/0-firstdag.py
[2024-09-30 17:25:28,121] {logging_mixin.py:115} INFO - [2024-09-30 17:25:28,121] {dag.py:2420} INFO - Sync 1 DAGs
[2024-09-30 17:25:28,134] {logging_mixin.py:115} INFO - [2024-09-30 17:25:28,134] {dag.py:2972} INFO - Setting next_dagrun for first_dag to None, run_after=None
[2024-09-30 17:25:28,141] {processor.py:161} INFO - Processing /opt/airflow/dags/0-firstdag.py took 0.040 seconds
[2024-09-30 17:25:58,612] {processor.py:153} INFO - Started process (PID=7384) to work on /opt/airflow/dags/0-firstdag.py
[2024-09-30 17:25:58,613] {processor.py:641} INFO - Processing file /opt/airflow/dags/0-firstdag.py for tasks to queue
[2024-09-30 17:25:58,613] {logging_mixin.py:115} INFO - [2024-09-30 17:25:58,613] {dagbag.py:508} INFO - Filling up the DagBag from /opt/airflow/dags/0-firstdag.py
[2024-09-30 17:25:58,615] {processor.py:651} INFO - DAG(s) dict_keys(['first_dag']) retrieved from /opt/airflow/dags/0-firstdag.py
[2024-09-30 17:25:58,631] {logging_mixin.py:115} INFO - [2024-09-30 17:25:58,631] {dag.py:2420} INFO - Sync 1 DAGs
[2024-09-30 17:25:58,644] {logging_mixin.py:115} INFO - [2024-09-30 17:25:58,644] {dag.py:2972} INFO - Setting next_dagrun for first_dag to None, run_after=None
[2024-09-30 17:25:58,651] {processor.py:161} INFO - Processing /opt/airflow/dags/0-firstdag.py took 0.040 seconds
[2024-09-30 17:26:29,080] {processor.py:153} INFO - Started process (PID=7424) to work on /opt/airflow/dags/0-firstdag.py
[2024-09-30 17:26:29,081] {processor.py:641} INFO - Processing file /opt/airflow/dags/0-firstdag.py for tasks to queue
[2024-09-30 17:26:29,081] {logging_mixin.py:115} INFO - [2024-09-30 17:26:29,081] {dagbag.py:508} INFO - Filling up the DagBag from /opt/airflow/dags/0-firstdag.py
[2024-09-30 17:26:29,083] {processor.py:651} INFO - DAG(s) dict_keys(['first_dag']) retrieved from /opt/airflow/dags/0-firstdag.py
[2024-09-30 17:26:29,099] {logging_mixin.py:115} INFO - [2024-09-30 17:26:29,099] {dag.py:2420} INFO - Sync 1 DAGs
[2024-09-30 17:26:29,112] {logging_mixin.py:115} INFO - [2024-09-30 17:26:29,112] {dag.py:2972} INFO - Setting next_dagrun for first_dag to None, run_after=None
[2024-09-30 17:26:29,120] {processor.py:161} INFO - Processing /opt/airflow/dags/0-firstdag.py took 0.042 seconds
[2024-09-30 17:26:59,543] {processor.py:153} INFO - Started process (PID=7464) to work on /opt/airflow/dags/0-firstdag.py
[2024-09-30 17:26:59,543] {processor.py:641} INFO - Processing file /opt/airflow/dags/0-firstdag.py for tasks to queue
[2024-09-30 17:26:59,544] {logging_mixin.py:115} INFO - [2024-09-30 17:26:59,544] {dagbag.py:508} INFO - Filling up the DagBag from /opt/airflow/dags/0-firstdag.py
[2024-09-30 17:26:59,546] {processor.py:651} INFO - DAG(s) dict_keys(['first_dag']) retrieved from /opt/airflow/dags/0-firstdag.py
[2024-09-30 17:26:59,561] {logging_mixin.py:115} INFO - [2024-09-30 17:26:59,561] {dag.py:2420} INFO - Sync 1 DAGs
[2024-09-30 17:26:59,574] {logging_mixin.py:115} INFO - [2024-09-30 17:26:59,574] {dag.py:2972} INFO - Setting next_dagrun for first_dag to None, run_after=None
[2024-09-30 17:26:59,582] {processor.py:161} INFO - Processing /opt/airflow/dags/0-firstdag.py took 0.041 seconds
[2024-09-30 17:27:30,097] {processor.py:153} INFO - Started process (PID=7504) to work on /opt/airflow/dags/0-firstdag.py
[2024-09-30 17:27:30,097] {processor.py:641} INFO - Processing file /opt/airflow/dags/0-firstdag.py for tasks to queue
[2024-09-30 17:27:30,098] {logging_mixin.py:115} INFO - [2024-09-30 17:27:30,098] {dagbag.py:508} INFO - Filling up the DagBag from /opt/airflow/dags/0-firstdag.py
[2024-09-30 17:27:30,100] {processor.py:651} INFO - DAG(s) dict_keys(['first_dag']) retrieved from /opt/airflow/dags/0-firstdag.py
[2024-09-30 17:27:30,116] {logging_mixin.py:115} INFO - [2024-09-30 17:27:30,116] {dag.py:2420} INFO - Sync 1 DAGs
[2024-09-30 17:27:30,130] {logging_mixin.py:115} INFO - [2024-09-30 17:27:30,130] {dag.py:2972} INFO - Setting next_dagrun for first_dag to None, run_after=None
[2024-09-30 17:27:30,137] {processor.py:161} INFO - Processing /opt/airflow/dags/0-firstdag.py took 0.042 seconds
[2024-09-30 17:28:00,627] {processor.py:153} INFO - Started process (PID=7541) to work on /opt/airflow/dags/0-firstdag.py
[2024-09-30 17:28:00,628] {processor.py:641} INFO - Processing file /opt/airflow/dags/0-firstdag.py for tasks to queue
[2024-09-30 17:28:00,629] {logging_mixin.py:115} INFO - [2024-09-30 17:28:00,628] {dagbag.py:508} INFO - Filling up the DagBag from /opt/airflow/dags/0-firstdag.py
[2024-09-30 17:28:00,632] {processor.py:651} INFO - DAG(s) dict_keys(['first_dag']) retrieved from /opt/airflow/dags/0-firstdag.py
[2024-09-30 17:28:00,653] {logging_mixin.py:115} INFO - [2024-09-30 17:28:00,653] {dag.py:2420} INFO - Sync 1 DAGs
[2024-09-30 17:28:00,671] {logging_mixin.py:115} INFO - [2024-09-30 17:28:00,670] {dag.py:2972} INFO - Setting next_dagrun for first_dag to None, run_after=None
[2024-09-30 17:28:00,682] {processor.py:161} INFO - Processing /opt/airflow/dags/0-firstdag.py took 0.057 seconds
[2024-09-30 17:28:31,117] {processor.py:153} INFO - Started process (PID=7574) to work on /opt/airflow/dags/0-firstdag.py
[2024-09-30 17:28:31,118] {processor.py:641} INFO - Processing file /opt/airflow/dags/0-firstdag.py for tasks to queue
[2024-09-30 17:28:31,118] {logging_mixin.py:115} INFO - [2024-09-30 17:28:31,118] {dagbag.py:508} INFO - Filling up the DagBag from /opt/airflow/dags/0-firstdag.py
[2024-09-30 17:28:31,120] {processor.py:651} INFO - DAG(s) dict_keys(['first_dag']) retrieved from /opt/airflow/dags/0-firstdag.py
[2024-09-30 17:28:31,137] {logging_mixin.py:115} INFO - [2024-09-30 17:28:31,137] {dag.py:2420} INFO - Sync 1 DAGs
[2024-09-30 17:28:31,150] {logging_mixin.py:115} INFO - [2024-09-30 17:28:31,150] {dag.py:2972} INFO - Setting next_dagrun for first_dag to None, run_after=None
[2024-09-30 17:28:31,157] {processor.py:161} INFO - Processing /opt/airflow/dags/0-firstdag.py took 0.042 seconds
[2024-09-30 17:29:01,654] {processor.py:153} INFO - Started process (PID=7614) to work on /opt/airflow/dags/0-firstdag.py
[2024-09-30 17:29:01,654] {processor.py:641} INFO - Processing file /opt/airflow/dags/0-firstdag.py for tasks to queue
[2024-09-30 17:29:01,655] {logging_mixin.py:115} INFO - [2024-09-30 17:29:01,655] {dagbag.py:508} INFO - Filling up the DagBag from /opt/airflow/dags/0-firstdag.py
[2024-09-30 17:29:01,657] {processor.py:651} INFO - DAG(s) dict_keys(['first_dag']) retrieved from /opt/airflow/dags/0-firstdag.py
[2024-09-30 17:29:01,672] {logging_mixin.py:115} INFO - [2024-09-30 17:29:01,672] {dag.py:2420} INFO - Sync 1 DAGs
[2024-09-30 17:29:01,685] {logging_mixin.py:115} INFO - [2024-09-30 17:29:01,685] {dag.py:2972} INFO - Setting next_dagrun for first_dag to None, run_after=None
[2024-09-30 17:29:01,692] {processor.py:161} INFO - Processing /opt/airflow/dags/0-firstdag.py took 0.040 seconds
[2024-09-30 17:29:32,165] {processor.py:153} INFO - Started process (PID=7654) to work on /opt/airflow/dags/0-firstdag.py
[2024-09-30 17:29:32,165] {processor.py:641} INFO - Processing file /opt/airflow/dags/0-firstdag.py for tasks to queue
[2024-09-30 17:29:32,165] {logging_mixin.py:115} INFO - [2024-09-30 17:29:32,165] {dagbag.py:508} INFO - Filling up the DagBag from /opt/airflow/dags/0-firstdag.py
[2024-09-30 17:29:32,168] {processor.py:651} INFO - DAG(s) dict_keys(['first_dag']) retrieved from /opt/airflow/dags/0-firstdag.py
[2024-09-30 17:29:32,185] {logging_mixin.py:115} INFO - [2024-09-30 17:29:32,185] {dag.py:2420} INFO - Sync 1 DAGs
[2024-09-30 17:29:32,198] {logging_mixin.py:115} INFO - [2024-09-30 17:29:32,198] {dag.py:2972} INFO - Setting next_dagrun for first_dag to None, run_after=None
[2024-09-30 17:29:32,205] {processor.py:161} INFO - Processing /opt/airflow/dags/0-firstdag.py took 0.043 seconds
[2024-09-30 17:30:02,701] {processor.py:153} INFO - Started process (PID=7694) to work on /opt/airflow/dags/0-firstdag.py
[2024-09-30 17:30:02,702] {processor.py:641} INFO - Processing file /opt/airflow/dags/0-firstdag.py for tasks to queue
[2024-09-30 17:30:02,702] {logging_mixin.py:115} INFO - [2024-09-30 17:30:02,702] {dagbag.py:508} INFO - Filling up the DagBag from /opt/airflow/dags/0-firstdag.py
[2024-09-30 17:30:02,705] {processor.py:651} INFO - DAG(s) dict_keys(['first_dag']) retrieved from /opt/airflow/dags/0-firstdag.py
[2024-09-30 17:30:02,722] {logging_mixin.py:115} INFO - [2024-09-30 17:30:02,722] {dag.py:2420} INFO - Sync 1 DAGs
[2024-09-30 17:30:02,741] {logging_mixin.py:115} INFO - [2024-09-30 17:30:02,741] {dag.py:2972} INFO - Setting next_dagrun for first_dag to None, run_after=None
[2024-09-30 17:30:02,748] {processor.py:161} INFO - Processing /opt/airflow/dags/0-firstdag.py took 0.049 seconds
[2024-09-30 17:30:33,263] {processor.py:153} INFO - Started process (PID=7733) to work on /opt/airflow/dags/0-firstdag.py
[2024-09-30 17:30:33,263] {processor.py:641} INFO - Processing file /opt/airflow/dags/0-firstdag.py for tasks to queue
[2024-09-30 17:30:33,264] {logging_mixin.py:115} INFO - [2024-09-30 17:30:33,264] {dagbag.py:508} INFO - Filling up the DagBag from /opt/airflow/dags/0-firstdag.py
[2024-09-30 17:30:33,266] {processor.py:651} INFO - DAG(s) dict_keys(['first_dag']) retrieved from /opt/airflow/dags/0-firstdag.py
[2024-09-30 17:30:33,282] {logging_mixin.py:115} INFO - [2024-09-30 17:30:33,282] {dag.py:2420} INFO - Sync 1 DAGs
[2024-09-30 17:30:33,296] {logging_mixin.py:115} INFO - [2024-09-30 17:30:33,296] {dag.py:2972} INFO - Setting next_dagrun for first_dag to None, run_after=None
[2024-09-30 17:30:33,303] {processor.py:161} INFO - Processing /opt/airflow/dags/0-firstdag.py took 0.042 seconds
[2024-09-30 17:31:03,783] {processor.py:153} INFO - Started process (PID=7764) to work on /opt/airflow/dags/0-firstdag.py
[2024-09-30 17:31:03,784] {processor.py:641} INFO - Processing file /opt/airflow/dags/0-firstdag.py for tasks to queue
[2024-09-30 17:31:03,784] {logging_mixin.py:115} INFO - [2024-09-30 17:31:03,784] {dagbag.py:508} INFO - Filling up the DagBag from /opt/airflow/dags/0-firstdag.py
[2024-09-30 17:31:03,787] {processor.py:651} INFO - DAG(s) dict_keys(['first_dag']) retrieved from /opt/airflow/dags/0-firstdag.py
[2024-09-30 17:31:03,803] {logging_mixin.py:115} INFO - [2024-09-30 17:31:03,803] {dag.py:2420} INFO - Sync 1 DAGs
[2024-09-30 17:31:03,816] {logging_mixin.py:115} INFO - [2024-09-30 17:31:03,816] {dag.py:2972} INFO - Setting next_dagrun for first_dag to None, run_after=None
[2024-09-30 17:31:03,823] {processor.py:161} INFO - Processing /opt/airflow/dags/0-firstdag.py took 0.042 seconds
[2024-09-30 17:31:34,300] {processor.py:153} INFO - Started process (PID=7803) to work on /opt/airflow/dags/0-firstdag.py
[2024-09-30 17:31:34,301] {processor.py:641} INFO - Processing file /opt/airflow/dags/0-firstdag.py for tasks to queue
[2024-09-30 17:31:34,301] {logging_mixin.py:115} INFO - [2024-09-30 17:31:34,301] {dagbag.py:508} INFO - Filling up the DagBag from /opt/airflow/dags/0-firstdag.py
[2024-09-30 17:31:34,303] {processor.py:651} INFO - DAG(s) dict_keys(['first_dag']) retrieved from /opt/airflow/dags/0-firstdag.py
[2024-09-30 17:31:34,319] {logging_mixin.py:115} INFO - [2024-09-30 17:31:34,319] {dag.py:2420} INFO - Sync 1 DAGs
[2024-09-30 17:31:34,332] {logging_mixin.py:115} INFO - [2024-09-30 17:31:34,331] {dag.py:2972} INFO - Setting next_dagrun for first_dag to None, run_after=None
[2024-09-30 17:31:34,338] {processor.py:161} INFO - Processing /opt/airflow/dags/0-firstdag.py took 0.040 seconds
[2024-09-30 17:32:04,849] {processor.py:153} INFO - Started process (PID=7843) to work on /opt/airflow/dags/0-firstdag.py
[2024-09-30 17:32:04,849] {processor.py:641} INFO - Processing file /opt/airflow/dags/0-firstdag.py for tasks to queue
[2024-09-30 17:32:04,850] {logging_mixin.py:115} INFO - [2024-09-30 17:32:04,849] {dagbag.py:508} INFO - Filling up the DagBag from /opt/airflow/dags/0-firstdag.py
[2024-09-30 17:32:04,852] {processor.py:651} INFO - DAG(s) dict_keys(['first_dag']) retrieved from /opt/airflow/dags/0-firstdag.py
[2024-09-30 17:32:04,868] {logging_mixin.py:115} INFO - [2024-09-30 17:32:04,868] {dag.py:2420} INFO - Sync 1 DAGs
[2024-09-30 17:32:04,881] {logging_mixin.py:115} INFO - [2024-09-30 17:32:04,881] {dag.py:2972} INFO - Setting next_dagrun for first_dag to None, run_after=None
[2024-09-30 17:32:04,889] {processor.py:161} INFO - Processing /opt/airflow/dags/0-firstdag.py took 0.042 seconds
[2024-09-30 17:32:35,430] {processor.py:153} INFO - Started process (PID=7882) to work on /opt/airflow/dags/0-firstdag.py
[2024-09-30 17:32:35,431] {processor.py:641} INFO - Processing file /opt/airflow/dags/0-firstdag.py for tasks to queue
[2024-09-30 17:32:35,431] {logging_mixin.py:115} INFO - [2024-09-30 17:32:35,431] {dagbag.py:508} INFO - Filling up the DagBag from /opt/airflow/dags/0-firstdag.py
[2024-09-30 17:32:35,434] {processor.py:651} INFO - DAG(s) dict_keys(['first_dag']) retrieved from /opt/airflow/dags/0-firstdag.py
[2024-09-30 17:32:35,452] {logging_mixin.py:115} INFO - [2024-09-30 17:32:35,451] {dag.py:2420} INFO - Sync 1 DAGs
[2024-09-30 17:32:35,467] {logging_mixin.py:115} INFO - [2024-09-30 17:32:35,467] {dag.py:2972} INFO - Setting next_dagrun for first_dag to None, run_after=None
[2024-09-30 17:32:35,475] {processor.py:161} INFO - Processing /opt/airflow/dags/0-firstdag.py took 0.047 seconds
[2024-09-30 17:33:05,944] {processor.py:153} INFO - Started process (PID=7922) to work on /opt/airflow/dags/0-firstdag.py
[2024-09-30 17:33:05,944] {processor.py:641} INFO - Processing file /opt/airflow/dags/0-firstdag.py for tasks to queue
[2024-09-30 17:33:05,944] {logging_mixin.py:115} INFO - [2024-09-30 17:33:05,944] {dagbag.py:508} INFO - Filling up the DagBag from /opt/airflow/dags/0-firstdag.py
[2024-09-30 17:33:05,947] {processor.py:651} INFO - DAG(s) dict_keys(['first_dag']) retrieved from /opt/airflow/dags/0-firstdag.py
[2024-09-30 17:33:05,962] {logging_mixin.py:115} INFO - [2024-09-30 17:33:05,962] {dag.py:2420} INFO - Sync 1 DAGs
[2024-09-30 17:33:05,977] {logging_mixin.py:115} INFO - [2024-09-30 17:33:05,977] {dag.py:2972} INFO - Setting next_dagrun for first_dag to None, run_after=None
[2024-09-30 17:33:05,984] {processor.py:161} INFO - Processing /opt/airflow/dags/0-firstdag.py took 0.042 seconds
[2024-09-30 17:33:36,398] {processor.py:153} INFO - Started process (PID=7961) to work on /opt/airflow/dags/0-firstdag.py
[2024-09-30 17:33:36,398] {processor.py:641} INFO - Processing file /opt/airflow/dags/0-firstdag.py for tasks to queue
[2024-09-30 17:33:36,399] {logging_mixin.py:115} INFO - [2024-09-30 17:33:36,399] {dagbag.py:508} INFO - Filling up the DagBag from /opt/airflow/dags/0-firstdag.py
[2024-09-30 17:33:36,401] {processor.py:651} INFO - DAG(s) dict_keys(['first_dag']) retrieved from /opt/airflow/dags/0-firstdag.py
[2024-09-30 17:33:36,416] {logging_mixin.py:115} INFO - [2024-09-30 17:33:36,416] {dag.py:2420} INFO - Sync 1 DAGs
[2024-09-30 17:33:36,430] {logging_mixin.py:115} INFO - [2024-09-30 17:33:36,430] {dag.py:2972} INFO - Setting next_dagrun for first_dag to None, run_after=None
[2024-09-30 17:33:36,437] {processor.py:161} INFO - Processing /opt/airflow/dags/0-firstdag.py took 0.041 seconds
[2024-09-30 17:34:06,910] {processor.py:153} INFO - Started process (PID=7991) to work on /opt/airflow/dags/0-firstdag.py
[2024-09-30 17:34:06,910] {processor.py:641} INFO - Processing file /opt/airflow/dags/0-firstdag.py for tasks to queue
[2024-09-30 17:34:06,911] {logging_mixin.py:115} INFO - [2024-09-30 17:34:06,911] {dagbag.py:508} INFO - Filling up the DagBag from /opt/airflow/dags/0-firstdag.py
[2024-09-30 17:34:06,913] {processor.py:651} INFO - DAG(s) dict_keys(['first_dag']) retrieved from /opt/airflow/dags/0-firstdag.py
[2024-09-30 17:34:06,929] {logging_mixin.py:115} INFO - [2024-09-30 17:34:06,928] {dag.py:2420} INFO - Sync 1 DAGs
[2024-09-30 17:34:06,941] {logging_mixin.py:115} INFO - [2024-09-30 17:34:06,941] {dag.py:2972} INFO - Setting next_dagrun for first_dag to None, run_after=None
[2024-09-30 17:34:06,948] {processor.py:161} INFO - Processing /opt/airflow/dags/0-firstdag.py took 0.041 seconds
[2024-09-30 17:34:37,413] {processor.py:153} INFO - Started process (PID=8031) to work on /opt/airflow/dags/0-firstdag.py
[2024-09-30 17:34:37,413] {processor.py:641} INFO - Processing file /opt/airflow/dags/0-firstdag.py for tasks to queue
[2024-09-30 17:34:37,413] {logging_mixin.py:115} INFO - [2024-09-30 17:34:37,413] {dagbag.py:508} INFO - Filling up the DagBag from /opt/airflow/dags/0-firstdag.py
[2024-09-30 17:34:37,416] {processor.py:651} INFO - DAG(s) dict_keys(['first_dag']) retrieved from /opt/airflow/dags/0-firstdag.py
[2024-09-30 17:34:37,431] {logging_mixin.py:115} INFO - [2024-09-30 17:34:37,431] {dag.py:2420} INFO - Sync 1 DAGs
[2024-09-30 17:34:37,444] {logging_mixin.py:115} INFO - [2024-09-30 17:34:37,444] {dag.py:2972} INFO - Setting next_dagrun for first_dag to None, run_after=None
[2024-09-30 17:34:37,451] {processor.py:161} INFO - Processing /opt/airflow/dags/0-firstdag.py took 0.040 seconds
[2024-09-30 17:35:07,919] {processor.py:153} INFO - Started process (PID=8071) to work on /opt/airflow/dags/0-firstdag.py
[2024-09-30 17:35:07,920] {processor.py:641} INFO - Processing file /opt/airflow/dags/0-firstdag.py for tasks to queue
[2024-09-30 17:35:07,920] {logging_mixin.py:115} INFO - [2024-09-30 17:35:07,920] {dagbag.py:508} INFO - Filling up the DagBag from /opt/airflow/dags/0-firstdag.py
[2024-09-30 17:35:07,923] {processor.py:651} INFO - DAG(s) dict_keys(['first_dag']) retrieved from /opt/airflow/dags/0-firstdag.py
[2024-09-30 17:35:07,938] {logging_mixin.py:115} INFO - [2024-09-30 17:35:07,938] {dag.py:2420} INFO - Sync 1 DAGs
[2024-09-30 17:35:07,950] {logging_mixin.py:115} INFO - [2024-09-30 17:35:07,950] {dag.py:2972} INFO - Setting next_dagrun for first_dag to None, run_after=None
[2024-09-30 17:35:07,958] {processor.py:161} INFO - Processing /opt/airflow/dags/0-firstdag.py took 0.043 seconds
[2024-09-30 17:35:38,436] {processor.py:153} INFO - Started process (PID=8111) to work on /opt/airflow/dags/0-firstdag.py
[2024-09-30 17:35:38,436] {processor.py:641} INFO - Processing file /opt/airflow/dags/0-firstdag.py for tasks to queue
[2024-09-30 17:35:38,437] {logging_mixin.py:115} INFO - [2024-09-30 17:35:38,437] {dagbag.py:508} INFO - Filling up the DagBag from /opt/airflow/dags/0-firstdag.py
[2024-09-30 17:35:38,439] {processor.py:651} INFO - DAG(s) dict_keys(['first_dag']) retrieved from /opt/airflow/dags/0-firstdag.py
[2024-09-30 17:35:38,454] {logging_mixin.py:115} INFO - [2024-09-30 17:35:38,454] {dag.py:2420} INFO - Sync 1 DAGs
[2024-09-30 17:35:38,467] {logging_mixin.py:115} INFO - [2024-09-30 17:35:38,467] {dag.py:2972} INFO - Setting next_dagrun for first_dag to None, run_after=None
[2024-09-30 17:35:38,474] {processor.py:161} INFO - Processing /opt/airflow/dags/0-firstdag.py took 0.040 seconds
[2024-09-30 17:36:08,919] {processor.py:153} INFO - Started process (PID=8151) to work on /opt/airflow/dags/0-firstdag.py
[2024-09-30 17:36:08,920] {processor.py:641} INFO - Processing file /opt/airflow/dags/0-firstdag.py for tasks to queue
[2024-09-30 17:36:08,920] {logging_mixin.py:115} INFO - [2024-09-30 17:36:08,920] {dagbag.py:508} INFO - Filling up the DagBag from /opt/airflow/dags/0-firstdag.py
[2024-09-30 17:36:08,922] {processor.py:651} INFO - DAG(s) dict_keys(['first_dag']) retrieved from /opt/airflow/dags/0-firstdag.py
[2024-09-30 17:36:08,937] {logging_mixin.py:115} INFO - [2024-09-30 17:36:08,937] {dag.py:2420} INFO - Sync 1 DAGs
[2024-09-30 17:36:08,950] {logging_mixin.py:115} INFO - [2024-09-30 17:36:08,950] {dag.py:2972} INFO - Setting next_dagrun for first_dag to None, run_after=None
[2024-09-30 17:36:08,960] {processor.py:161} INFO - Processing /opt/airflow/dags/0-firstdag.py took 0.043 seconds
[2024-09-30 17:36:39,432] {processor.py:153} INFO - Started process (PID=8190) to work on /opt/airflow/dags/0-firstdag.py
[2024-09-30 17:36:39,433] {processor.py:641} INFO - Processing file /opt/airflow/dags/0-firstdag.py for tasks to queue
[2024-09-30 17:36:39,434] {logging_mixin.py:115} INFO - [2024-09-30 17:36:39,434] {dagbag.py:508} INFO - Filling up the DagBag from /opt/airflow/dags/0-firstdag.py
[2024-09-30 17:36:39,437] {processor.py:651} INFO - DAG(s) dict_keys(['first_dag']) retrieved from /opt/airflow/dags/0-firstdag.py
[2024-09-30 17:36:39,459] {logging_mixin.py:115} INFO - [2024-09-30 17:36:39,459] {dag.py:2420} INFO - Sync 1 DAGs
[2024-09-30 17:36:39,474] {logging_mixin.py:115} INFO - [2024-09-30 17:36:39,474] {dag.py:2972} INFO - Setting next_dagrun for first_dag to None, run_after=None
[2024-09-30 17:36:39,483] {processor.py:161} INFO - Processing /opt/airflow/dags/0-firstdag.py took 0.053 seconds
[2024-09-30 17:37:09,951] {processor.py:153} INFO - Started process (PID=8221) to work on /opt/airflow/dags/0-firstdag.py
[2024-09-30 17:37:09,952] {processor.py:641} INFO - Processing file /opt/airflow/dags/0-firstdag.py for tasks to queue
[2024-09-30 17:37:09,952] {logging_mixin.py:115} INFO - [2024-09-30 17:37:09,952] {dagbag.py:508} INFO - Filling up the DagBag from /opt/airflow/dags/0-firstdag.py
[2024-09-30 17:37:09,954] {processor.py:651} INFO - DAG(s) dict_keys(['first_dag']) retrieved from /opt/airflow/dags/0-firstdag.py
[2024-09-30 17:37:09,972] {logging_mixin.py:115} INFO - [2024-09-30 17:37:09,972] {dag.py:2420} INFO - Sync 1 DAGs
[2024-09-30 17:37:09,985] {logging_mixin.py:115} INFO - [2024-09-30 17:37:09,985] {dag.py:2972} INFO - Setting next_dagrun for first_dag to None, run_after=None
[2024-09-30 17:37:09,993] {processor.py:161} INFO - Processing /opt/airflow/dags/0-firstdag.py took 0.045 seconds
[2024-09-30 17:37:40,461] {processor.py:153} INFO - Started process (PID=8261) to work on /opt/airflow/dags/0-firstdag.py
[2024-09-30 17:37:40,461] {processor.py:641} INFO - Processing file /opt/airflow/dags/0-firstdag.py for tasks to queue
[2024-09-30 17:37:40,462] {logging_mixin.py:115} INFO - [2024-09-30 17:37:40,462] {dagbag.py:508} INFO - Filling up the DagBag from /opt/airflow/dags/0-firstdag.py
[2024-09-30 17:37:40,464] {processor.py:651} INFO - DAG(s) dict_keys(['first_dag']) retrieved from /opt/airflow/dags/0-firstdag.py
[2024-09-30 17:37:40,480] {logging_mixin.py:115} INFO - [2024-09-30 17:37:40,479] {dag.py:2420} INFO - Sync 1 DAGs
[2024-09-30 17:37:40,493] {logging_mixin.py:115} INFO - [2024-09-30 17:37:40,493] {dag.py:2972} INFO - Setting next_dagrun for first_dag to None, run_after=None
[2024-09-30 17:37:40,500] {processor.py:161} INFO - Processing /opt/airflow/dags/0-firstdag.py took 0.041 seconds
[2024-09-30 17:38:10,957] {processor.py:153} INFO - Started process (PID=8300) to work on /opt/airflow/dags/0-firstdag.py
[2024-09-30 17:38:10,958] {processor.py:641} INFO - Processing file /opt/airflow/dags/0-firstdag.py for tasks to queue
[2024-09-30 17:38:10,958] {logging_mixin.py:115} INFO - [2024-09-30 17:38:10,958] {dagbag.py:508} INFO - Filling up the DagBag from /opt/airflow/dags/0-firstdag.py
[2024-09-30 17:38:10,960] {processor.py:651} INFO - DAG(s) dict_keys(['first_dag']) retrieved from /opt/airflow/dags/0-firstdag.py
[2024-09-30 17:38:10,976] {logging_mixin.py:115} INFO - [2024-09-30 17:38:10,976] {dag.py:2420} INFO - Sync 1 DAGs
[2024-09-30 17:38:10,989] {logging_mixin.py:115} INFO - [2024-09-30 17:38:10,989] {dag.py:2972} INFO - Setting next_dagrun for first_dag to None, run_after=None
[2024-09-30 17:38:10,996] {processor.py:161} INFO - Processing /opt/airflow/dags/0-firstdag.py took 0.040 seconds
