[2024-09-30 15:46:19,622] {processor.py:153} INFO - Started process (PID=39) to work on /opt/airflow/dags/7.1-ExternalTaskSensor.py
[2024-09-30 15:46:19,622] {processor.py:641} INFO - Processing file /opt/airflow/dags/7.1-ExternalTaskSensor.py for tasks to queue
[2024-09-30 15:46:19,623] {logging_mixin.py:115} INFO - [2024-09-30 15:46:19,623] {dagbag.py:508} INFO - Filling up the DagBag from /opt/airflow/dags/7.1-ExternalTaskSensor.py
[2024-09-30 15:46:19,628] {processor.py:651} INFO - DAG(s) dict_keys(['7.1-ExternalTaskSensor']) retrieved from /opt/airflow/dags/7.1-ExternalTaskSensor.py
[2024-09-30 15:46:19,647] {logging_mixin.py:115} INFO - [2024-09-30 15:46:19,647] {dag.py:2420} INFO - Sync 1 DAGs
[2024-09-30 15:46:19,748] {logging_mixin.py:115} INFO - [2024-09-30 15:46:19,748] {dag.py:2972} INFO - Setting next_dagrun for 7.1-ExternalTaskSensor to 2024-08-12T00:00:00+00:00, run_after=2024-08-13T00:00:00+00:00
[2024-09-30 15:46:19,784] {processor.py:161} INFO - Processing /opt/airflow/dags/7.1-ExternalTaskSensor.py took 0.164 seconds
[2024-09-30 15:46:50,515] {processor.py:153} INFO - Started process (PID=78) to work on /opt/airflow/dags/7.1-ExternalTaskSensor.py
[2024-09-30 15:46:50,515] {processor.py:641} INFO - Processing file /opt/airflow/dags/7.1-ExternalTaskSensor.py for tasks to queue
[2024-09-30 15:46:50,516] {logging_mixin.py:115} INFO - [2024-09-30 15:46:50,516] {dagbag.py:508} INFO - Filling up the DagBag from /opt/airflow/dags/7.1-ExternalTaskSensor.py
[2024-09-30 15:46:50,521] {processor.py:651} INFO - DAG(s) dict_keys(['7.1-ExternalTaskSensor']) retrieved from /opt/airflow/dags/7.1-ExternalTaskSensor.py
[2024-09-30 15:46:50,537] {logging_mixin.py:115} INFO - [2024-09-30 15:46:50,537] {dag.py:2420} INFO - Sync 1 DAGs
[2024-09-30 15:46:50,628] {logging_mixin.py:115} INFO - [2024-09-30 15:46:50,628] {dag.py:2972} INFO - Setting next_dagrun for 7.1-ExternalTaskSensor to 2024-08-12T00:00:00+00:00, run_after=2024-08-13T00:00:00+00:00
[2024-09-30 15:46:50,636] {processor.py:161} INFO - Processing /opt/airflow/dags/7.1-ExternalTaskSensor.py took 0.124 seconds
[2024-09-30 15:47:20,675] {processor.py:153} INFO - Started process (PID=117) to work on /opt/airflow/dags/7.1-ExternalTaskSensor.py
[2024-09-30 15:47:20,676] {processor.py:641} INFO - Processing file /opt/airflow/dags/7.1-ExternalTaskSensor.py for tasks to queue
[2024-09-30 15:47:20,676] {logging_mixin.py:115} INFO - [2024-09-30 15:47:20,676] {dagbag.py:508} INFO - Filling up the DagBag from /opt/airflow/dags/7.1-ExternalTaskSensor.py
[2024-09-30 15:47:20,682] {processor.py:651} INFO - DAG(s) dict_keys(['7.1-ExternalTaskSensor']) retrieved from /opt/airflow/dags/7.1-ExternalTaskSensor.py
[2024-09-30 15:47:20,770] {logging_mixin.py:115} INFO - [2024-09-30 15:47:20,770] {dag.py:2420} INFO - Sync 1 DAGs
[2024-09-30 15:47:20,783] {logging_mixin.py:115} INFO - [2024-09-30 15:47:20,783] {dag.py:2972} INFO - Setting next_dagrun for 7.1-ExternalTaskSensor to 2024-08-12T00:00:00+00:00, run_after=2024-08-13T00:00:00+00:00
[2024-09-30 15:47:20,790] {processor.py:161} INFO - Processing /opt/airflow/dags/7.1-ExternalTaskSensor.py took 0.117 seconds
[2024-09-30 15:47:51,594] {processor.py:153} INFO - Started process (PID=156) to work on /opt/airflow/dags/7.1-ExternalTaskSensor.py
[2024-09-30 15:47:51,596] {processor.py:641} INFO - Processing file /opt/airflow/dags/7.1-ExternalTaskSensor.py for tasks to queue
[2024-09-30 15:47:51,596] {logging_mixin.py:115} INFO - [2024-09-30 15:47:51,596] {dagbag.py:508} INFO - Filling up the DagBag from /opt/airflow/dags/7.1-ExternalTaskSensor.py
[2024-09-30 15:47:51,602] {processor.py:651} INFO - DAG(s) dict_keys(['7.1-ExternalTaskSensor']) retrieved from /opt/airflow/dags/7.1-ExternalTaskSensor.py
[2024-09-30 15:47:51,619] {logging_mixin.py:115} INFO - [2024-09-30 15:47:51,619] {dag.py:2420} INFO - Sync 1 DAGs
[2024-09-30 15:47:51,634] {logging_mixin.py:115} INFO - [2024-09-30 15:47:51,634] {dag.py:2972} INFO - Setting next_dagrun for 7.1-ExternalTaskSensor to 2024-08-12T00:00:00+00:00, run_after=2024-08-13T00:00:00+00:00
[2024-09-30 15:47:51,642] {processor.py:161} INFO - Processing /opt/airflow/dags/7.1-ExternalTaskSensor.py took 0.051 seconds
[2024-09-30 15:48:22,046] {processor.py:153} INFO - Started process (PID=186) to work on /opt/airflow/dags/7.1-ExternalTaskSensor.py
[2024-09-30 15:48:22,046] {processor.py:641} INFO - Processing file /opt/airflow/dags/7.1-ExternalTaskSensor.py for tasks to queue
[2024-09-30 15:48:22,048] {logging_mixin.py:115} INFO - [2024-09-30 15:48:22,048] {dagbag.py:508} INFO - Filling up the DagBag from /opt/airflow/dags/7.1-ExternalTaskSensor.py
[2024-09-30 15:48:22,057] {processor.py:651} INFO - DAG(s) dict_keys(['7.1-ExternalTaskSensor']) retrieved from /opt/airflow/dags/7.1-ExternalTaskSensor.py
[2024-09-30 15:48:22,073] {logging_mixin.py:115} INFO - [2024-09-30 15:48:22,073] {dag.py:2420} INFO - Sync 1 DAGs
[2024-09-30 15:48:22,088] {logging_mixin.py:115} INFO - [2024-09-30 15:48:22,088] {dag.py:2972} INFO - Setting next_dagrun for 7.1-ExternalTaskSensor to 2024-08-12T00:00:00+00:00, run_after=2024-08-13T00:00:00+00:00
[2024-09-30 15:48:22,097] {processor.py:161} INFO - Processing /opt/airflow/dags/7.1-ExternalTaskSensor.py took 0.053 seconds
[2024-09-30 15:48:52,567] {processor.py:153} INFO - Started process (PID=225) to work on /opt/airflow/dags/7.1-ExternalTaskSensor.py
[2024-09-30 15:48:52,567] {processor.py:641} INFO - Processing file /opt/airflow/dags/7.1-ExternalTaskSensor.py for tasks to queue
[2024-09-30 15:48:52,568] {logging_mixin.py:115} INFO - [2024-09-30 15:48:52,568] {dagbag.py:508} INFO - Filling up the DagBag from /opt/airflow/dags/7.1-ExternalTaskSensor.py
[2024-09-30 15:48:52,573] {processor.py:651} INFO - DAG(s) dict_keys(['7.1-ExternalTaskSensor']) retrieved from /opt/airflow/dags/7.1-ExternalTaskSensor.py
[2024-09-30 15:48:52,587] {logging_mixin.py:115} INFO - [2024-09-30 15:48:52,587] {dag.py:2420} INFO - Sync 1 DAGs
[2024-09-30 15:48:52,600] {logging_mixin.py:115} INFO - [2024-09-30 15:48:52,600] {dag.py:2972} INFO - Setting next_dagrun for 7.1-ExternalTaskSensor to 2024-08-12T00:00:00+00:00, run_after=2024-08-13T00:00:00+00:00
[2024-09-30 15:48:52,607] {processor.py:161} INFO - Processing /opt/airflow/dags/7.1-ExternalTaskSensor.py took 0.042 seconds
[2024-09-30 15:49:23,008] {processor.py:153} INFO - Started process (PID=263) to work on /opt/airflow/dags/7.1-ExternalTaskSensor.py
[2024-09-30 15:49:23,009] {processor.py:641} INFO - Processing file /opt/airflow/dags/7.1-ExternalTaskSensor.py for tasks to queue
[2024-09-30 15:49:23,009] {logging_mixin.py:115} INFO - [2024-09-30 15:49:23,009] {dagbag.py:508} INFO - Filling up the DagBag from /opt/airflow/dags/7.1-ExternalTaskSensor.py
[2024-09-30 15:49:23,014] {processor.py:651} INFO - DAG(s) dict_keys(['7.1-ExternalTaskSensor']) retrieved from /opt/airflow/dags/7.1-ExternalTaskSensor.py
[2024-09-30 15:49:23,031] {logging_mixin.py:115} INFO - [2024-09-30 15:49:23,031] {dag.py:2420} INFO - Sync 1 DAGs
[2024-09-30 15:49:23,044] {logging_mixin.py:115} INFO - [2024-09-30 15:49:23,044] {dag.py:2972} INFO - Setting next_dagrun for 7.1-ExternalTaskSensor to 2024-08-12T00:00:00+00:00, run_after=2024-08-13T00:00:00+00:00
[2024-09-30 15:49:23,051] {processor.py:161} INFO - Processing /opt/airflow/dags/7.1-ExternalTaskSensor.py took 0.045 seconds
[2024-09-30 15:49:53,425] {processor.py:153} INFO - Started process (PID=302) to work on /opt/airflow/dags/7.1-ExternalTaskSensor.py
[2024-09-30 15:49:53,425] {processor.py:641} INFO - Processing file /opt/airflow/dags/7.1-ExternalTaskSensor.py for tasks to queue
[2024-09-30 15:49:53,426] {logging_mixin.py:115} INFO - [2024-09-30 15:49:53,426] {dagbag.py:508} INFO - Filling up the DagBag from /opt/airflow/dags/7.1-ExternalTaskSensor.py
[2024-09-30 15:49:53,431] {processor.py:651} INFO - DAG(s) dict_keys(['7.1-ExternalTaskSensor']) retrieved from /opt/airflow/dags/7.1-ExternalTaskSensor.py
[2024-09-30 15:49:53,445] {logging_mixin.py:115} INFO - [2024-09-30 15:49:53,445] {dag.py:2420} INFO - Sync 1 DAGs
[2024-09-30 15:49:53,458] {logging_mixin.py:115} INFO - [2024-09-30 15:49:53,458] {dag.py:2972} INFO - Setting next_dagrun for 7.1-ExternalTaskSensor to 2024-08-12T00:00:00+00:00, run_after=2024-08-13T00:00:00+00:00
[2024-09-30 15:49:53,465] {processor.py:161} INFO - Processing /opt/airflow/dags/7.1-ExternalTaskSensor.py took 0.042 seconds
[2024-09-30 15:50:23,874] {processor.py:153} INFO - Started process (PID=341) to work on /opt/airflow/dags/7.1-ExternalTaskSensor.py
[2024-09-30 15:50:23,874] {processor.py:641} INFO - Processing file /opt/airflow/dags/7.1-ExternalTaskSensor.py for tasks to queue
[2024-09-30 15:50:23,875] {logging_mixin.py:115} INFO - [2024-09-30 15:50:23,874] {dagbag.py:508} INFO - Filling up the DagBag from /opt/airflow/dags/7.1-ExternalTaskSensor.py
[2024-09-30 15:50:23,880] {processor.py:651} INFO - DAG(s) dict_keys(['7.1-ExternalTaskSensor']) retrieved from /opt/airflow/dags/7.1-ExternalTaskSensor.py
[2024-09-30 15:50:23,894] {logging_mixin.py:115} INFO - [2024-09-30 15:50:23,894] {dag.py:2420} INFO - Sync 1 DAGs
[2024-09-30 15:50:23,909] {logging_mixin.py:115} INFO - [2024-09-30 15:50:23,909] {dag.py:2972} INFO - Setting next_dagrun for 7.1-ExternalTaskSensor to 2024-08-12T00:00:00+00:00, run_after=2024-08-13T00:00:00+00:00
[2024-09-30 15:50:23,916] {processor.py:161} INFO - Processing /opt/airflow/dags/7.1-ExternalTaskSensor.py took 0.044 seconds
[2024-09-30 15:50:54,329] {processor.py:153} INFO - Started process (PID=379) to work on /opt/airflow/dags/7.1-ExternalTaskSensor.py
[2024-09-30 15:50:54,329] {processor.py:641} INFO - Processing file /opt/airflow/dags/7.1-ExternalTaskSensor.py for tasks to queue
[2024-09-30 15:50:54,330] {logging_mixin.py:115} INFO - [2024-09-30 15:50:54,330] {dagbag.py:508} INFO - Filling up the DagBag from /opt/airflow/dags/7.1-ExternalTaskSensor.py
[2024-09-30 15:50:54,335] {processor.py:651} INFO - DAG(s) dict_keys(['7.1-ExternalTaskSensor']) retrieved from /opt/airflow/dags/7.1-ExternalTaskSensor.py
[2024-09-30 15:50:54,350] {logging_mixin.py:115} INFO - [2024-09-30 15:50:54,349] {dag.py:2420} INFO - Sync 1 DAGs
[2024-09-30 15:50:54,363] {logging_mixin.py:115} INFO - [2024-09-30 15:50:54,363] {dag.py:2972} INFO - Setting next_dagrun for 7.1-ExternalTaskSensor to 2024-08-12T00:00:00+00:00, run_after=2024-08-13T00:00:00+00:00
[2024-09-30 15:50:54,369] {processor.py:161} INFO - Processing /opt/airflow/dags/7.1-ExternalTaskSensor.py took 0.043 seconds
[2024-09-30 15:51:24,809] {processor.py:153} INFO - Started process (PID=407) to work on /opt/airflow/dags/7.1-ExternalTaskSensor.py
[2024-09-30 15:51:24,809] {processor.py:641} INFO - Processing file /opt/airflow/dags/7.1-ExternalTaskSensor.py for tasks to queue
[2024-09-30 15:51:24,809] {logging_mixin.py:115} INFO - [2024-09-30 15:51:24,809] {dagbag.py:508} INFO - Filling up the DagBag from /opt/airflow/dags/7.1-ExternalTaskSensor.py
[2024-09-30 15:51:24,814] {processor.py:651} INFO - DAG(s) dict_keys(['7.1-ExternalTaskSensor']) retrieved from /opt/airflow/dags/7.1-ExternalTaskSensor.py
[2024-09-30 15:51:24,830] {logging_mixin.py:115} INFO - [2024-09-30 15:51:24,829] {dag.py:2420} INFO - Sync 1 DAGs
[2024-09-30 15:51:24,843] {logging_mixin.py:115} INFO - [2024-09-30 15:51:24,843] {dag.py:2972} INFO - Setting next_dagrun for 7.1-ExternalTaskSensor to 2024-08-12T00:00:00+00:00, run_after=2024-08-13T00:00:00+00:00
[2024-09-30 15:51:24,851] {processor.py:161} INFO - Processing /opt/airflow/dags/7.1-ExternalTaskSensor.py took 0.045 seconds
[2024-09-30 15:51:55,252] {processor.py:153} INFO - Started process (PID=445) to work on /opt/airflow/dags/7.1-ExternalTaskSensor.py
[2024-09-30 15:51:55,252] {processor.py:641} INFO - Processing file /opt/airflow/dags/7.1-ExternalTaskSensor.py for tasks to queue
[2024-09-30 15:51:55,253] {logging_mixin.py:115} INFO - [2024-09-30 15:51:55,253] {dagbag.py:508} INFO - Filling up the DagBag from /opt/airflow/dags/7.1-ExternalTaskSensor.py
[2024-09-30 15:51:55,261] {processor.py:651} INFO - DAG(s) dict_keys(['7.1-ExternalTaskSensor']) retrieved from /opt/airflow/dags/7.1-ExternalTaskSensor.py
[2024-09-30 15:51:55,282] {logging_mixin.py:115} INFO - [2024-09-30 15:51:55,282] {dag.py:2420} INFO - Sync 1 DAGs
[2024-09-30 15:51:55,297] {logging_mixin.py:115} INFO - [2024-09-30 15:51:55,297] {dag.py:2972} INFO - Setting next_dagrun for 7.1-ExternalTaskSensor to 2024-08-12T00:00:00+00:00, run_after=2024-08-13T00:00:00+00:00
[2024-09-30 15:51:55,306] {processor.py:161} INFO - Processing /opt/airflow/dags/7.1-ExternalTaskSensor.py took 0.057 seconds
[2024-09-30 15:52:25,727] {processor.py:153} INFO - Started process (PID=484) to work on /opt/airflow/dags/7.1-ExternalTaskSensor.py
[2024-09-30 15:52:25,727] {processor.py:641} INFO - Processing file /opt/airflow/dags/7.1-ExternalTaskSensor.py for tasks to queue
[2024-09-30 15:52:25,727] {logging_mixin.py:115} INFO - [2024-09-30 15:52:25,727] {dagbag.py:508} INFO - Filling up the DagBag from /opt/airflow/dags/7.1-ExternalTaskSensor.py
[2024-09-30 15:52:25,733] {processor.py:651} INFO - DAG(s) dict_keys(['7.1-ExternalTaskSensor']) retrieved from /opt/airflow/dags/7.1-ExternalTaskSensor.py
[2024-09-30 15:52:25,749] {logging_mixin.py:115} INFO - [2024-09-30 15:52:25,749] {dag.py:2420} INFO - Sync 1 DAGs
[2024-09-30 15:52:25,761] {logging_mixin.py:115} INFO - [2024-09-30 15:52:25,761] {dag.py:2972} INFO - Setting next_dagrun for 7.1-ExternalTaskSensor to 2024-08-12T00:00:00+00:00, run_after=2024-08-13T00:00:00+00:00
[2024-09-30 15:52:25,768] {processor.py:161} INFO - Processing /opt/airflow/dags/7.1-ExternalTaskSensor.py took 0.044 seconds
[2024-09-30 15:52:56,221] {processor.py:153} INFO - Started process (PID=522) to work on /opt/airflow/dags/7.1-ExternalTaskSensor.py
[2024-09-30 15:52:56,221] {processor.py:641} INFO - Processing file /opt/airflow/dags/7.1-ExternalTaskSensor.py for tasks to queue
[2024-09-30 15:52:56,222] {logging_mixin.py:115} INFO - [2024-09-30 15:52:56,221] {dagbag.py:508} INFO - Filling up the DagBag from /opt/airflow/dags/7.1-ExternalTaskSensor.py
[2024-09-30 15:52:56,228] {processor.py:651} INFO - DAG(s) dict_keys(['7.1-ExternalTaskSensor']) retrieved from /opt/airflow/dags/7.1-ExternalTaskSensor.py
[2024-09-30 15:52:56,245] {logging_mixin.py:115} INFO - [2024-09-30 15:52:56,245] {dag.py:2420} INFO - Sync 1 DAGs
[2024-09-30 15:52:56,261] {logging_mixin.py:115} INFO - [2024-09-30 15:52:56,261] {dag.py:2972} INFO - Setting next_dagrun for 7.1-ExternalTaskSensor to 2024-08-12T00:00:00+00:00, run_after=2024-08-13T00:00:00+00:00
[2024-09-30 15:52:56,274] {processor.py:161} INFO - Processing /opt/airflow/dags/7.1-ExternalTaskSensor.py took 0.056 seconds
[2024-09-30 15:53:26,755] {processor.py:153} INFO - Started process (PID=560) to work on /opt/airflow/dags/7.1-ExternalTaskSensor.py
[2024-09-30 15:53:26,755] {processor.py:641} INFO - Processing file /opt/airflow/dags/7.1-ExternalTaskSensor.py for tasks to queue
[2024-09-30 15:53:26,756] {logging_mixin.py:115} INFO - [2024-09-30 15:53:26,756] {dagbag.py:508} INFO - Filling up the DagBag from /opt/airflow/dags/7.1-ExternalTaskSensor.py
[2024-09-30 15:53:26,761] {processor.py:651} INFO - DAG(s) dict_keys(['7.1-ExternalTaskSensor']) retrieved from /opt/airflow/dags/7.1-ExternalTaskSensor.py
[2024-09-30 15:53:26,776] {logging_mixin.py:115} INFO - [2024-09-30 15:53:26,776] {dag.py:2420} INFO - Sync 1 DAGs
[2024-09-30 15:53:26,789] {logging_mixin.py:115} INFO - [2024-09-30 15:53:26,789] {dag.py:2972} INFO - Setting next_dagrun for 7.1-ExternalTaskSensor to 2024-08-12T00:00:00+00:00, run_after=2024-08-13T00:00:00+00:00
[2024-09-30 15:53:26,796] {processor.py:161} INFO - Processing /opt/airflow/dags/7.1-ExternalTaskSensor.py took 0.043 seconds
[2024-09-30 15:53:57,225] {processor.py:153} INFO - Started process (PID=599) to work on /opt/airflow/dags/7.1-ExternalTaskSensor.py
[2024-09-30 15:53:57,226] {processor.py:641} INFO - Processing file /opt/airflow/dags/7.1-ExternalTaskSensor.py for tasks to queue
[2024-09-30 15:53:57,226] {logging_mixin.py:115} INFO - [2024-09-30 15:53:57,226] {dagbag.py:508} INFO - Filling up the DagBag from /opt/airflow/dags/7.1-ExternalTaskSensor.py
[2024-09-30 15:53:57,231] {processor.py:651} INFO - DAG(s) dict_keys(['7.1-ExternalTaskSensor']) retrieved from /opt/airflow/dags/7.1-ExternalTaskSensor.py
[2024-09-30 15:53:57,245] {logging_mixin.py:115} INFO - [2024-09-30 15:53:57,245] {dag.py:2420} INFO - Sync 1 DAGs
[2024-09-30 15:53:57,258] {logging_mixin.py:115} INFO - [2024-09-30 15:53:57,258] {dag.py:2972} INFO - Setting next_dagrun for 7.1-ExternalTaskSensor to 2024-08-12T00:00:00+00:00, run_after=2024-08-13T00:00:00+00:00
[2024-09-30 15:53:57,265] {processor.py:161} INFO - Processing /opt/airflow/dags/7.1-ExternalTaskSensor.py took 0.042 seconds
[2024-09-30 15:54:27,688] {processor.py:153} INFO - Started process (PID=629) to work on /opt/airflow/dags/7.1-ExternalTaskSensor.py
[2024-09-30 15:54:27,688] {processor.py:641} INFO - Processing file /opt/airflow/dags/7.1-ExternalTaskSensor.py for tasks to queue
[2024-09-30 15:54:27,689] {logging_mixin.py:115} INFO - [2024-09-30 15:54:27,689] {dagbag.py:508} INFO - Filling up the DagBag from /opt/airflow/dags/7.1-ExternalTaskSensor.py
[2024-09-30 15:54:27,694] {processor.py:651} INFO - DAG(s) dict_keys(['7.1-ExternalTaskSensor']) retrieved from /opt/airflow/dags/7.1-ExternalTaskSensor.py
[2024-09-30 15:54:27,712] {logging_mixin.py:115} INFO - [2024-09-30 15:54:27,712] {dag.py:2420} INFO - Sync 1 DAGs
[2024-09-30 15:54:27,729] {logging_mixin.py:115} INFO - [2024-09-30 15:54:27,729] {dag.py:2972} INFO - Setting next_dagrun for 7.1-ExternalTaskSensor to 2024-08-12T00:00:00+00:00, run_after=2024-08-13T00:00:00+00:00
[2024-09-30 15:54:27,736] {processor.py:161} INFO - Processing /opt/airflow/dags/7.1-ExternalTaskSensor.py took 0.050 seconds
[2024-09-30 15:54:58,146] {processor.py:153} INFO - Started process (PID=668) to work on /opt/airflow/dags/7.1-ExternalTaskSensor.py
[2024-09-30 15:54:58,147] {processor.py:641} INFO - Processing file /opt/airflow/dags/7.1-ExternalTaskSensor.py for tasks to queue
[2024-09-30 15:54:58,147] {logging_mixin.py:115} INFO - [2024-09-30 15:54:58,147] {dagbag.py:508} INFO - Filling up the DagBag from /opt/airflow/dags/7.1-ExternalTaskSensor.py
[2024-09-30 15:54:58,153] {processor.py:651} INFO - DAG(s) dict_keys(['7.1-ExternalTaskSensor']) retrieved from /opt/airflow/dags/7.1-ExternalTaskSensor.py
[2024-09-30 15:54:58,167] {logging_mixin.py:115} INFO - [2024-09-30 15:54:58,167] {dag.py:2420} INFO - Sync 1 DAGs
[2024-09-30 15:54:58,180] {logging_mixin.py:115} INFO - [2024-09-30 15:54:58,180] {dag.py:2972} INFO - Setting next_dagrun for 7.1-ExternalTaskSensor to 2024-08-12T00:00:00+00:00, run_after=2024-08-13T00:00:00+00:00
[2024-09-30 15:54:58,188] {processor.py:161} INFO - Processing /opt/airflow/dags/7.1-ExternalTaskSensor.py took 0.045 seconds
[2024-09-30 15:55:28,616] {processor.py:153} INFO - Started process (PID=707) to work on /opt/airflow/dags/7.1-ExternalTaskSensor.py
[2024-09-30 15:55:28,617] {processor.py:641} INFO - Processing file /opt/airflow/dags/7.1-ExternalTaskSensor.py for tasks to queue
[2024-09-30 15:55:28,617] {logging_mixin.py:115} INFO - [2024-09-30 15:55:28,617] {dagbag.py:508} INFO - Filling up the DagBag from /opt/airflow/dags/7.1-ExternalTaskSensor.py
[2024-09-30 15:55:28,622] {processor.py:651} INFO - DAG(s) dict_keys(['7.1-ExternalTaskSensor']) retrieved from /opt/airflow/dags/7.1-ExternalTaskSensor.py
[2024-09-30 15:55:28,637] {logging_mixin.py:115} INFO - [2024-09-30 15:55:28,636] {dag.py:2420} INFO - Sync 1 DAGs
[2024-09-30 15:55:28,650] {logging_mixin.py:115} INFO - [2024-09-30 15:55:28,650] {dag.py:2972} INFO - Setting next_dagrun for 7.1-ExternalTaskSensor to 2024-08-12T00:00:00+00:00, run_after=2024-08-13T00:00:00+00:00
[2024-09-30 15:55:28,658] {processor.py:161} INFO - Processing /opt/airflow/dags/7.1-ExternalTaskSensor.py took 0.044 seconds
[2024-09-30 15:55:59,136] {processor.py:153} INFO - Started process (PID=746) to work on /opt/airflow/dags/7.1-ExternalTaskSensor.py
[2024-09-30 15:55:59,136] {processor.py:641} INFO - Processing file /opt/airflow/dags/7.1-ExternalTaskSensor.py for tasks to queue
[2024-09-30 15:55:59,137] {logging_mixin.py:115} INFO - [2024-09-30 15:55:59,136] {dagbag.py:508} INFO - Filling up the DagBag from /opt/airflow/dags/7.1-ExternalTaskSensor.py
[2024-09-30 15:55:59,142] {processor.py:651} INFO - DAG(s) dict_keys(['7.1-ExternalTaskSensor']) retrieved from /opt/airflow/dags/7.1-ExternalTaskSensor.py
[2024-09-30 15:55:59,156] {logging_mixin.py:115} INFO - [2024-09-30 15:55:59,156] {dag.py:2420} INFO - Sync 1 DAGs
[2024-09-30 15:55:59,170] {logging_mixin.py:115} INFO - [2024-09-30 15:55:59,170] {dag.py:2972} INFO - Setting next_dagrun for 7.1-ExternalTaskSensor to 2024-08-12T00:00:00+00:00, run_after=2024-08-13T00:00:00+00:00
[2024-09-30 15:55:59,177] {processor.py:161} INFO - Processing /opt/airflow/dags/7.1-ExternalTaskSensor.py took 0.044 seconds
[2024-09-30 15:56:29,620] {processor.py:153} INFO - Started process (PID=784) to work on /opt/airflow/dags/7.1-ExternalTaskSensor.py
[2024-09-30 15:56:29,621] {processor.py:641} INFO - Processing file /opt/airflow/dags/7.1-ExternalTaskSensor.py for tasks to queue
[2024-09-30 15:56:29,621] {logging_mixin.py:115} INFO - [2024-09-30 15:56:29,621] {dagbag.py:508} INFO - Filling up the DagBag from /opt/airflow/dags/7.1-ExternalTaskSensor.py
[2024-09-30 15:56:29,626] {processor.py:651} INFO - DAG(s) dict_keys(['7.1-ExternalTaskSensor']) retrieved from /opt/airflow/dags/7.1-ExternalTaskSensor.py
[2024-09-30 15:56:29,642] {logging_mixin.py:115} INFO - [2024-09-30 15:56:29,642] {dag.py:2420} INFO - Sync 1 DAGs
[2024-09-30 15:56:29,655] {logging_mixin.py:115} INFO - [2024-09-30 15:56:29,655] {dag.py:2972} INFO - Setting next_dagrun for 7.1-ExternalTaskSensor to 2024-08-12T00:00:00+00:00, run_after=2024-08-13T00:00:00+00:00
[2024-09-30 15:56:29,664] {processor.py:161} INFO - Processing /opt/airflow/dags/7.1-ExternalTaskSensor.py took 0.045 seconds
[2024-09-30 15:57:00,115] {processor.py:153} INFO - Started process (PID=822) to work on /opt/airflow/dags/7.1-ExternalTaskSensor.py
[2024-09-30 15:57:00,115] {processor.py:641} INFO - Processing file /opt/airflow/dags/7.1-ExternalTaskSensor.py for tasks to queue
[2024-09-30 15:57:00,115] {logging_mixin.py:115} INFO - [2024-09-30 15:57:00,115] {dagbag.py:508} INFO - Filling up the DagBag from /opt/airflow/dags/7.1-ExternalTaskSensor.py
[2024-09-30 15:57:00,120] {processor.py:651} INFO - DAG(s) dict_keys(['7.1-ExternalTaskSensor']) retrieved from /opt/airflow/dags/7.1-ExternalTaskSensor.py
[2024-09-30 15:57:00,136] {logging_mixin.py:115} INFO - [2024-09-30 15:57:00,136] {dag.py:2420} INFO - Sync 1 DAGs
[2024-09-30 15:57:00,150] {logging_mixin.py:115} INFO - [2024-09-30 15:57:00,150] {dag.py:2972} INFO - Setting next_dagrun for 7.1-ExternalTaskSensor to 2024-08-12T00:00:00+00:00, run_after=2024-08-13T00:00:00+00:00
[2024-09-30 15:57:00,157] {processor.py:161} INFO - Processing /opt/airflow/dags/7.1-ExternalTaskSensor.py took 0.045 seconds
[2024-09-30 15:57:30,525] {processor.py:153} INFO - Started process (PID=853) to work on /opt/airflow/dags/7.1-ExternalTaskSensor.py
[2024-09-30 15:57:30,525] {processor.py:641} INFO - Processing file /opt/airflow/dags/7.1-ExternalTaskSensor.py for tasks to queue
[2024-09-30 15:57:30,525] {logging_mixin.py:115} INFO - [2024-09-30 15:57:30,525] {dagbag.py:508} INFO - Filling up the DagBag from /opt/airflow/dags/7.1-ExternalTaskSensor.py
[2024-09-30 15:57:30,531] {processor.py:651} INFO - DAG(s) dict_keys(['7.1-ExternalTaskSensor']) retrieved from /opt/airflow/dags/7.1-ExternalTaskSensor.py
[2024-09-30 15:57:30,546] {logging_mixin.py:115} INFO - [2024-09-30 15:57:30,546] {dag.py:2420} INFO - Sync 1 DAGs
[2024-09-30 15:57:30,560] {logging_mixin.py:115} INFO - [2024-09-30 15:57:30,560] {dag.py:2972} INFO - Setting next_dagrun for 7.1-ExternalTaskSensor to 2024-08-12T00:00:00+00:00, run_after=2024-08-13T00:00:00+00:00
[2024-09-30 15:57:30,568] {processor.py:161} INFO - Processing /opt/airflow/dags/7.1-ExternalTaskSensor.py took 0.045 seconds
[2024-09-30 15:58:00,963] {processor.py:153} INFO - Started process (PID=891) to work on /opt/airflow/dags/7.1-ExternalTaskSensor.py
[2024-09-30 15:58:00,963] {processor.py:641} INFO - Processing file /opt/airflow/dags/7.1-ExternalTaskSensor.py for tasks to queue
[2024-09-30 15:58:00,964] {logging_mixin.py:115} INFO - [2024-09-30 15:58:00,964] {dagbag.py:508} INFO - Filling up the DagBag from /opt/airflow/dags/7.1-ExternalTaskSensor.py
[2024-09-30 15:58:00,970] {processor.py:651} INFO - DAG(s) dict_keys(['7.1-ExternalTaskSensor']) retrieved from /opt/airflow/dags/7.1-ExternalTaskSensor.py
[2024-09-30 15:58:00,986] {logging_mixin.py:115} INFO - [2024-09-30 15:58:00,986] {dag.py:2420} INFO - Sync 1 DAGs
[2024-09-30 15:58:00,999] {logging_mixin.py:115} INFO - [2024-09-30 15:58:00,999] {dag.py:2972} INFO - Setting next_dagrun for 7.1-ExternalTaskSensor to 2024-08-12T00:00:00+00:00, run_after=2024-08-13T00:00:00+00:00
[2024-09-30 15:58:01,006] {processor.py:161} INFO - Processing /opt/airflow/dags/7.1-ExternalTaskSensor.py took 0.045 seconds
[2024-09-30 15:58:31,423] {processor.py:153} INFO - Started process (PID=930) to work on /opt/airflow/dags/7.1-ExternalTaskSensor.py
[2024-09-30 15:58:31,424] {processor.py:641} INFO - Processing file /opt/airflow/dags/7.1-ExternalTaskSensor.py for tasks to queue
[2024-09-30 15:58:31,424] {logging_mixin.py:115} INFO - [2024-09-30 15:58:31,424] {dagbag.py:508} INFO - Filling up the DagBag from /opt/airflow/dags/7.1-ExternalTaskSensor.py
[2024-09-30 15:58:31,429] {processor.py:651} INFO - DAG(s) dict_keys(['7.1-ExternalTaskSensor']) retrieved from /opt/airflow/dags/7.1-ExternalTaskSensor.py
[2024-09-30 15:58:31,445] {logging_mixin.py:115} INFO - [2024-09-30 15:58:31,445] {dag.py:2420} INFO - Sync 1 DAGs
[2024-09-30 15:58:31,459] {logging_mixin.py:115} INFO - [2024-09-30 15:58:31,459] {dag.py:2972} INFO - Setting next_dagrun for 7.1-ExternalTaskSensor to 2024-08-12T00:00:00+00:00, run_after=2024-08-13T00:00:00+00:00
[2024-09-30 15:58:31,466] {processor.py:161} INFO - Processing /opt/airflow/dags/7.1-ExternalTaskSensor.py took 0.046 seconds
[2024-09-30 15:59:01,848] {processor.py:153} INFO - Started process (PID=968) to work on /opt/airflow/dags/7.1-ExternalTaskSensor.py
[2024-09-30 15:59:01,848] {processor.py:641} INFO - Processing file /opt/airflow/dags/7.1-ExternalTaskSensor.py for tasks to queue
[2024-09-30 15:59:01,849] {logging_mixin.py:115} INFO - [2024-09-30 15:59:01,848] {dagbag.py:508} INFO - Filling up the DagBag from /opt/airflow/dags/7.1-ExternalTaskSensor.py
[2024-09-30 15:59:01,853] {processor.py:651} INFO - DAG(s) dict_keys(['7.1-ExternalTaskSensor']) retrieved from /opt/airflow/dags/7.1-ExternalTaskSensor.py
[2024-09-30 15:59:01,868] {logging_mixin.py:115} INFO - [2024-09-30 15:59:01,868] {dag.py:2420} INFO - Sync 1 DAGs
[2024-09-30 15:59:01,881] {logging_mixin.py:115} INFO - [2024-09-30 15:59:01,881] {dag.py:2972} INFO - Setting next_dagrun for 7.1-ExternalTaskSensor to 2024-08-12T00:00:00+00:00, run_after=2024-08-13T00:00:00+00:00
[2024-09-30 15:59:01,888] {processor.py:161} INFO - Processing /opt/airflow/dags/7.1-ExternalTaskSensor.py took 0.042 seconds
[2024-09-30 15:59:32,307] {processor.py:153} INFO - Started process (PID=1007) to work on /opt/airflow/dags/7.1-ExternalTaskSensor.py
[2024-09-30 15:59:32,308] {processor.py:641} INFO - Processing file /opt/airflow/dags/7.1-ExternalTaskSensor.py for tasks to queue
[2024-09-30 15:59:32,308] {logging_mixin.py:115} INFO - [2024-09-30 15:59:32,308] {dagbag.py:508} INFO - Filling up the DagBag from /opt/airflow/dags/7.1-ExternalTaskSensor.py
[2024-09-30 15:59:32,313] {processor.py:651} INFO - DAG(s) dict_keys(['7.1-ExternalTaskSensor']) retrieved from /opt/airflow/dags/7.1-ExternalTaskSensor.py
[2024-09-30 15:59:32,328] {logging_mixin.py:115} INFO - [2024-09-30 15:59:32,328] {dag.py:2420} INFO - Sync 1 DAGs
[2024-09-30 15:59:32,341] {logging_mixin.py:115} INFO - [2024-09-30 15:59:32,341] {dag.py:2972} INFO - Setting next_dagrun for 7.1-ExternalTaskSensor to 2024-08-12T00:00:00+00:00, run_after=2024-08-13T00:00:00+00:00
[2024-09-30 15:59:32,348] {processor.py:161} INFO - Processing /opt/airflow/dags/7.1-ExternalTaskSensor.py took 0.043 seconds
[2024-09-30 16:00:02,768] {processor.py:153} INFO - Started process (PID=1046) to work on /opt/airflow/dags/7.1-ExternalTaskSensor.py
[2024-09-30 16:00:02,768] {processor.py:641} INFO - Processing file /opt/airflow/dags/7.1-ExternalTaskSensor.py for tasks to queue
[2024-09-30 16:00:02,768] {logging_mixin.py:115} INFO - [2024-09-30 16:00:02,768] {dagbag.py:508} INFO - Filling up the DagBag from /opt/airflow/dags/7.1-ExternalTaskSensor.py
[2024-09-30 16:00:02,774] {processor.py:651} INFO - DAG(s) dict_keys(['7.1-ExternalTaskSensor']) retrieved from /opt/airflow/dags/7.1-ExternalTaskSensor.py
[2024-09-30 16:00:02,789] {logging_mixin.py:115} INFO - [2024-09-30 16:00:02,789] {dag.py:2420} INFO - Sync 1 DAGs
[2024-09-30 16:00:02,804] {logging_mixin.py:115} INFO - [2024-09-30 16:00:02,804] {dag.py:2972} INFO - Setting next_dagrun for 7.1-ExternalTaskSensor to 2024-08-12T00:00:00+00:00, run_after=2024-08-13T00:00:00+00:00
[2024-09-30 16:00:02,812] {processor.py:161} INFO - Processing /opt/airflow/dags/7.1-ExternalTaskSensor.py took 0.046 seconds
[2024-09-30 16:00:33,178] {processor.py:153} INFO - Started process (PID=1076) to work on /opt/airflow/dags/7.1-ExternalTaskSensor.py
[2024-09-30 16:00:33,179] {processor.py:641} INFO - Processing file /opt/airflow/dags/7.1-ExternalTaskSensor.py for tasks to queue
[2024-09-30 16:00:33,179] {logging_mixin.py:115} INFO - [2024-09-30 16:00:33,179] {dagbag.py:508} INFO - Filling up the DagBag from /opt/airflow/dags/7.1-ExternalTaskSensor.py
[2024-09-30 16:00:33,185] {processor.py:651} INFO - DAG(s) dict_keys(['7.1-ExternalTaskSensor']) retrieved from /opt/airflow/dags/7.1-ExternalTaskSensor.py
[2024-09-30 16:00:33,199] {logging_mixin.py:115} INFO - [2024-09-30 16:00:33,199] {dag.py:2420} INFO - Sync 1 DAGs
[2024-09-30 16:00:33,212] {logging_mixin.py:115} INFO - [2024-09-30 16:00:33,212] {dag.py:2972} INFO - Setting next_dagrun for 7.1-ExternalTaskSensor to 2024-08-12T00:00:00+00:00, run_after=2024-08-13T00:00:00+00:00
[2024-09-30 16:00:33,220] {processor.py:161} INFO - Processing /opt/airflow/dags/7.1-ExternalTaskSensor.py took 0.044 seconds
[2024-09-30 16:01:03,668] {processor.py:153} INFO - Started process (PID=1115) to work on /opt/airflow/dags/7.1-ExternalTaskSensor.py
[2024-09-30 16:01:03,669] {processor.py:641} INFO - Processing file /opt/airflow/dags/7.1-ExternalTaskSensor.py for tasks to queue
[2024-09-30 16:01:03,669] {logging_mixin.py:115} INFO - [2024-09-30 16:01:03,669] {dagbag.py:508} INFO - Filling up the DagBag from /opt/airflow/dags/7.1-ExternalTaskSensor.py
[2024-09-30 16:01:03,674] {processor.py:651} INFO - DAG(s) dict_keys(['7.1-ExternalTaskSensor']) retrieved from /opt/airflow/dags/7.1-ExternalTaskSensor.py
[2024-09-30 16:01:03,688] {logging_mixin.py:115} INFO - [2024-09-30 16:01:03,688] {dag.py:2420} INFO - Sync 1 DAGs
[2024-09-30 16:01:03,702] {logging_mixin.py:115} INFO - [2024-09-30 16:01:03,702] {dag.py:2972} INFO - Setting next_dagrun for 7.1-ExternalTaskSensor to 2024-08-12T00:00:00+00:00, run_after=2024-08-13T00:00:00+00:00
[2024-09-30 16:01:03,709] {processor.py:161} INFO - Processing /opt/airflow/dags/7.1-ExternalTaskSensor.py took 0.043 seconds
[2024-09-30 16:01:34,174] {processor.py:153} INFO - Started process (PID=1153) to work on /opt/airflow/dags/7.1-ExternalTaskSensor.py
[2024-09-30 16:01:34,174] {processor.py:641} INFO - Processing file /opt/airflow/dags/7.1-ExternalTaskSensor.py for tasks to queue
[2024-09-30 16:01:34,174] {logging_mixin.py:115} INFO - [2024-09-30 16:01:34,174] {dagbag.py:508} INFO - Filling up the DagBag from /opt/airflow/dags/7.1-ExternalTaskSensor.py
[2024-09-30 16:01:34,179] {processor.py:651} INFO - DAG(s) dict_keys(['7.1-ExternalTaskSensor']) retrieved from /opt/airflow/dags/7.1-ExternalTaskSensor.py
[2024-09-30 16:01:34,194] {logging_mixin.py:115} INFO - [2024-09-30 16:01:34,194] {dag.py:2420} INFO - Sync 1 DAGs
[2024-09-30 16:01:34,207] {logging_mixin.py:115} INFO - [2024-09-30 16:01:34,207] {dag.py:2972} INFO - Setting next_dagrun for 7.1-ExternalTaskSensor to 2024-08-12T00:00:00+00:00, run_after=2024-08-13T00:00:00+00:00
[2024-09-30 16:01:34,214] {processor.py:161} INFO - Processing /opt/airflow/dags/7.1-ExternalTaskSensor.py took 0.042 seconds
[2024-09-30 16:02:04,645] {processor.py:153} INFO - Started process (PID=1192) to work on /opt/airflow/dags/7.1-ExternalTaskSensor.py
[2024-09-30 16:02:04,645] {processor.py:641} INFO - Processing file /opt/airflow/dags/7.1-ExternalTaskSensor.py for tasks to queue
[2024-09-30 16:02:04,645] {logging_mixin.py:115} INFO - [2024-09-30 16:02:04,645] {dagbag.py:508} INFO - Filling up the DagBag from /opt/airflow/dags/7.1-ExternalTaskSensor.py
[2024-09-30 16:02:04,651] {processor.py:651} INFO - DAG(s) dict_keys(['7.1-ExternalTaskSensor']) retrieved from /opt/airflow/dags/7.1-ExternalTaskSensor.py
[2024-09-30 16:02:04,666] {logging_mixin.py:115} INFO - [2024-09-30 16:02:04,666] {dag.py:2420} INFO - Sync 1 DAGs
[2024-09-30 16:02:04,680] {logging_mixin.py:115} INFO - [2024-09-30 16:02:04,680] {dag.py:2972} INFO - Setting next_dagrun for 7.1-ExternalTaskSensor to 2024-08-12T00:00:00+00:00, run_after=2024-08-13T00:00:00+00:00
[2024-09-30 16:02:04,688] {processor.py:161} INFO - Processing /opt/airflow/dags/7.1-ExternalTaskSensor.py took 0.046 seconds
[2024-09-30 16:02:35,091] {processor.py:153} INFO - Started process (PID=1231) to work on /opt/airflow/dags/7.1-ExternalTaskSensor.py
[2024-09-30 16:02:35,092] {processor.py:641} INFO - Processing file /opt/airflow/dags/7.1-ExternalTaskSensor.py for tasks to queue
[2024-09-30 16:02:35,092] {logging_mixin.py:115} INFO - [2024-09-30 16:02:35,092] {dagbag.py:508} INFO - Filling up the DagBag from /opt/airflow/dags/7.1-ExternalTaskSensor.py
[2024-09-30 16:02:35,097] {processor.py:651} INFO - DAG(s) dict_keys(['7.1-ExternalTaskSensor']) retrieved from /opt/airflow/dags/7.1-ExternalTaskSensor.py
[2024-09-30 16:02:35,111] {logging_mixin.py:115} INFO - [2024-09-30 16:02:35,111] {dag.py:2420} INFO - Sync 1 DAGs
[2024-09-30 16:02:35,124] {logging_mixin.py:115} INFO - [2024-09-30 16:02:35,124] {dag.py:2972} INFO - Setting next_dagrun for 7.1-ExternalTaskSensor to 2024-08-12T00:00:00+00:00, run_after=2024-08-13T00:00:00+00:00
[2024-09-30 16:02:35,132] {processor.py:161} INFO - Processing /opt/airflow/dags/7.1-ExternalTaskSensor.py took 0.042 seconds
[2024-09-30 16:03:05,559] {processor.py:153} INFO - Started process (PID=1270) to work on /opt/airflow/dags/7.1-ExternalTaskSensor.py
[2024-09-30 16:03:05,559] {processor.py:641} INFO - Processing file /opt/airflow/dags/7.1-ExternalTaskSensor.py for tasks to queue
[2024-09-30 16:03:05,560] {logging_mixin.py:115} INFO - [2024-09-30 16:03:05,560] {dagbag.py:508} INFO - Filling up the DagBag from /opt/airflow/dags/7.1-ExternalTaskSensor.py
[2024-09-30 16:03:05,565] {processor.py:651} INFO - DAG(s) dict_keys(['7.1-ExternalTaskSensor']) retrieved from /opt/airflow/dags/7.1-ExternalTaskSensor.py
[2024-09-30 16:03:05,582] {logging_mixin.py:115} INFO - [2024-09-30 16:03:05,582] {dag.py:2420} INFO - Sync 1 DAGs
[2024-09-30 16:03:05,597] {logging_mixin.py:115} INFO - [2024-09-30 16:03:05,597] {dag.py:2972} INFO - Setting next_dagrun for 7.1-ExternalTaskSensor to 2024-08-12T00:00:00+00:00, run_after=2024-08-13T00:00:00+00:00
[2024-09-30 16:03:05,605] {processor.py:161} INFO - Processing /opt/airflow/dags/7.1-ExternalTaskSensor.py took 0.049 seconds
[2024-09-30 16:03:36,069] {processor.py:153} INFO - Started process (PID=1301) to work on /opt/airflow/dags/7.1-ExternalTaskSensor.py
[2024-09-30 16:03:36,069] {processor.py:641} INFO - Processing file /opt/airflow/dags/7.1-ExternalTaskSensor.py for tasks to queue
[2024-09-30 16:03:36,070] {logging_mixin.py:115} INFO - [2024-09-30 16:03:36,070] {dagbag.py:508} INFO - Filling up the DagBag from /opt/airflow/dags/7.1-ExternalTaskSensor.py
[2024-09-30 16:03:36,075] {processor.py:651} INFO - DAG(s) dict_keys(['7.1-ExternalTaskSensor']) retrieved from /opt/airflow/dags/7.1-ExternalTaskSensor.py
[2024-09-30 16:03:36,090] {logging_mixin.py:115} INFO - [2024-09-30 16:03:36,090] {dag.py:2420} INFO - Sync 1 DAGs
[2024-09-30 16:03:36,103] {logging_mixin.py:115} INFO - [2024-09-30 16:03:36,103] {dag.py:2972} INFO - Setting next_dagrun for 7.1-ExternalTaskSensor to 2024-08-12T00:00:00+00:00, run_after=2024-08-13T00:00:00+00:00
[2024-09-30 16:03:36,110] {processor.py:161} INFO - Processing /opt/airflow/dags/7.1-ExternalTaskSensor.py took 0.043 seconds
[2024-09-30 16:04:06,574] {processor.py:153} INFO - Started process (PID=1339) to work on /opt/airflow/dags/7.1-ExternalTaskSensor.py
[2024-09-30 16:04:06,574] {processor.py:641} INFO - Processing file /opt/airflow/dags/7.1-ExternalTaskSensor.py for tasks to queue
[2024-09-30 16:04:06,575] {logging_mixin.py:115} INFO - [2024-09-30 16:04:06,575] {dagbag.py:508} INFO - Filling up the DagBag from /opt/airflow/dags/7.1-ExternalTaskSensor.py
[2024-09-30 16:04:06,580] {processor.py:651} INFO - DAG(s) dict_keys(['7.1-ExternalTaskSensor']) retrieved from /opt/airflow/dags/7.1-ExternalTaskSensor.py
[2024-09-30 16:04:06,599] {logging_mixin.py:115} INFO - [2024-09-30 16:04:06,599] {dag.py:2420} INFO - Sync 1 DAGs
[2024-09-30 16:04:06,614] {logging_mixin.py:115} INFO - [2024-09-30 16:04:06,614] {dag.py:2972} INFO - Setting next_dagrun for 7.1-ExternalTaskSensor to 2024-08-12T00:00:00+00:00, run_after=2024-08-13T00:00:00+00:00
[2024-09-30 16:04:06,623] {processor.py:161} INFO - Processing /opt/airflow/dags/7.1-ExternalTaskSensor.py took 0.052 seconds
[2024-09-30 16:04:37,069] {processor.py:153} INFO - Started process (PID=1378) to work on /opt/airflow/dags/7.1-ExternalTaskSensor.py
[2024-09-30 16:04:37,070] {processor.py:641} INFO - Processing file /opt/airflow/dags/7.1-ExternalTaskSensor.py for tasks to queue
[2024-09-30 16:04:37,070] {logging_mixin.py:115} INFO - [2024-09-30 16:04:37,070] {dagbag.py:508} INFO - Filling up the DagBag from /opt/airflow/dags/7.1-ExternalTaskSensor.py
[2024-09-30 16:04:37,075] {processor.py:651} INFO - DAG(s) dict_keys(['7.1-ExternalTaskSensor']) retrieved from /opt/airflow/dags/7.1-ExternalTaskSensor.py
[2024-09-30 16:04:37,090] {logging_mixin.py:115} INFO - [2024-09-30 16:04:37,090] {dag.py:2420} INFO - Sync 1 DAGs
[2024-09-30 16:04:37,104] {logging_mixin.py:115} INFO - [2024-09-30 16:04:37,104] {dag.py:2972} INFO - Setting next_dagrun for 7.1-ExternalTaskSensor to 2024-08-12T00:00:00+00:00, run_after=2024-08-13T00:00:00+00:00
[2024-09-30 16:04:37,112] {processor.py:161} INFO - Processing /opt/airflow/dags/7.1-ExternalTaskSensor.py took 0.045 seconds
[2024-09-30 16:05:07,560] {processor.py:153} INFO - Started process (PID=1418) to work on /opt/airflow/dags/7.1-ExternalTaskSensor.py
[2024-09-30 16:05:07,561] {processor.py:641} INFO - Processing file /opt/airflow/dags/7.1-ExternalTaskSensor.py for tasks to queue
[2024-09-30 16:05:07,561] {logging_mixin.py:115} INFO - [2024-09-30 16:05:07,561] {dagbag.py:508} INFO - Filling up the DagBag from /opt/airflow/dags/7.1-ExternalTaskSensor.py
[2024-09-30 16:05:07,567] {processor.py:651} INFO - DAG(s) dict_keys(['7.1-ExternalTaskSensor']) retrieved from /opt/airflow/dags/7.1-ExternalTaskSensor.py
[2024-09-30 16:05:07,583] {logging_mixin.py:115} INFO - [2024-09-30 16:05:07,583] {dag.py:2420} INFO - Sync 1 DAGs
[2024-09-30 16:05:07,597] {logging_mixin.py:115} INFO - [2024-09-30 16:05:07,597] {dag.py:2972} INFO - Setting next_dagrun for 7.1-ExternalTaskSensor to 2024-08-12T00:00:00+00:00, run_after=2024-08-13T00:00:00+00:00
[2024-09-30 16:05:07,604] {processor.py:161} INFO - Processing /opt/airflow/dags/7.1-ExternalTaskSensor.py took 0.046 seconds
[2024-09-30 16:05:37,994] {processor.py:153} INFO - Started process (PID=1457) to work on /opt/airflow/dags/7.1-ExternalTaskSensor.py
[2024-09-30 16:05:37,995] {processor.py:641} INFO - Processing file /opt/airflow/dags/7.1-ExternalTaskSensor.py for tasks to queue
[2024-09-30 16:05:37,995] {logging_mixin.py:115} INFO - [2024-09-30 16:05:37,995] {dagbag.py:508} INFO - Filling up the DagBag from /opt/airflow/dags/7.1-ExternalTaskSensor.py
[2024-09-30 16:05:38,001] {processor.py:651} INFO - DAG(s) dict_keys(['7.1-ExternalTaskSensor']) retrieved from /opt/airflow/dags/7.1-ExternalTaskSensor.py
[2024-09-30 16:05:38,016] {logging_mixin.py:115} INFO - [2024-09-30 16:05:38,015] {dag.py:2420} INFO - Sync 1 DAGs
[2024-09-30 16:05:38,029] {logging_mixin.py:115} INFO - [2024-09-30 16:05:38,029] {dag.py:2972} INFO - Setting next_dagrun for 7.1-ExternalTaskSensor to 2024-08-12T00:00:00+00:00, run_after=2024-08-13T00:00:00+00:00
[2024-09-30 16:05:38,037] {processor.py:161} INFO - Processing /opt/airflow/dags/7.1-ExternalTaskSensor.py took 0.044 seconds
[2024-09-30 16:06:08,494] {processor.py:153} INFO - Started process (PID=1496) to work on /opt/airflow/dags/7.1-ExternalTaskSensor.py
[2024-09-30 16:06:08,495] {processor.py:641} INFO - Processing file /opt/airflow/dags/7.1-ExternalTaskSensor.py for tasks to queue
[2024-09-30 16:06:08,496] {logging_mixin.py:115} INFO - [2024-09-30 16:06:08,496] {dagbag.py:508} INFO - Filling up the DagBag from /opt/airflow/dags/7.1-ExternalTaskSensor.py
[2024-09-30 16:06:08,504] {processor.py:651} INFO - DAG(s) dict_keys(['7.1-ExternalTaskSensor']) retrieved from /opt/airflow/dags/7.1-ExternalTaskSensor.py
[2024-09-30 16:06:08,522] {logging_mixin.py:115} INFO - [2024-09-30 16:06:08,522] {dag.py:2420} INFO - Sync 1 DAGs
[2024-09-30 16:06:08,539] {logging_mixin.py:115} INFO - [2024-09-30 16:06:08,539] {dag.py:2972} INFO - Setting next_dagrun for 7.1-ExternalTaskSensor to 2024-08-12T00:00:00+00:00, run_after=2024-08-13T00:00:00+00:00
[2024-09-30 16:06:08,548] {processor.py:161} INFO - Processing /opt/airflow/dags/7.1-ExternalTaskSensor.py took 0.059 seconds
[2024-09-30 16:06:39,039] {processor.py:153} INFO - Started process (PID=1525) to work on /opt/airflow/dags/7.1-ExternalTaskSensor.py
[2024-09-30 16:06:39,039] {processor.py:641} INFO - Processing file /opt/airflow/dags/7.1-ExternalTaskSensor.py for tasks to queue
[2024-09-30 16:06:39,040] {logging_mixin.py:115} INFO - [2024-09-30 16:06:39,040] {dagbag.py:508} INFO - Filling up the DagBag from /opt/airflow/dags/7.1-ExternalTaskSensor.py
[2024-09-30 16:06:39,044] {processor.py:651} INFO - DAG(s) dict_keys(['7.1-ExternalTaskSensor']) retrieved from /opt/airflow/dags/7.1-ExternalTaskSensor.py
[2024-09-30 16:06:39,063] {logging_mixin.py:115} INFO - [2024-09-30 16:06:39,063] {dag.py:2420} INFO - Sync 1 DAGs
[2024-09-30 16:06:39,076] {logging_mixin.py:115} INFO - [2024-09-30 16:06:39,076] {dag.py:2972} INFO - Setting next_dagrun for 7.1-ExternalTaskSensor to 2024-08-12T00:00:00+00:00, run_after=2024-08-13T00:00:00+00:00
[2024-09-30 16:06:39,083] {processor.py:161} INFO - Processing /opt/airflow/dags/7.1-ExternalTaskSensor.py took 0.046 seconds
[2024-09-30 16:07:09,531] {processor.py:153} INFO - Started process (PID=1563) to work on /opt/airflow/dags/7.1-ExternalTaskSensor.py
[2024-09-30 16:07:09,531] {processor.py:641} INFO - Processing file /opt/airflow/dags/7.1-ExternalTaskSensor.py for tasks to queue
[2024-09-30 16:07:09,532] {logging_mixin.py:115} INFO - [2024-09-30 16:07:09,532] {dagbag.py:508} INFO - Filling up the DagBag from /opt/airflow/dags/7.1-ExternalTaskSensor.py
[2024-09-30 16:07:09,537] {processor.py:651} INFO - DAG(s) dict_keys(['7.1-ExternalTaskSensor']) retrieved from /opt/airflow/dags/7.1-ExternalTaskSensor.py
[2024-09-30 16:07:09,552] {logging_mixin.py:115} INFO - [2024-09-30 16:07:09,551] {dag.py:2420} INFO - Sync 1 DAGs
[2024-09-30 16:07:09,565] {logging_mixin.py:115} INFO - [2024-09-30 16:07:09,564] {dag.py:2972} INFO - Setting next_dagrun for 7.1-ExternalTaskSensor to 2024-08-12T00:00:00+00:00, run_after=2024-08-13T00:00:00+00:00
[2024-09-30 16:07:09,572] {processor.py:161} INFO - Processing /opt/airflow/dags/7.1-ExternalTaskSensor.py took 0.043 seconds
[2024-09-30 16:07:40,009] {processor.py:153} INFO - Started process (PID=1602) to work on /opt/airflow/dags/7.1-ExternalTaskSensor.py
[2024-09-30 16:07:40,009] {processor.py:641} INFO - Processing file /opt/airflow/dags/7.1-ExternalTaskSensor.py for tasks to queue
[2024-09-30 16:07:40,010] {logging_mixin.py:115} INFO - [2024-09-30 16:07:40,009] {dagbag.py:508} INFO - Filling up the DagBag from /opt/airflow/dags/7.1-ExternalTaskSensor.py
[2024-09-30 16:07:40,015] {processor.py:651} INFO - DAG(s) dict_keys(['7.1-ExternalTaskSensor']) retrieved from /opt/airflow/dags/7.1-ExternalTaskSensor.py
[2024-09-30 16:07:40,032] {logging_mixin.py:115} INFO - [2024-09-30 16:07:40,031] {dag.py:2420} INFO - Sync 1 DAGs
[2024-09-30 16:07:40,046] {logging_mixin.py:115} INFO - [2024-09-30 16:07:40,046] {dag.py:2972} INFO - Setting next_dagrun for 7.1-ExternalTaskSensor to 2024-08-12T00:00:00+00:00, run_after=2024-08-13T00:00:00+00:00
[2024-09-30 16:07:40,054] {processor.py:161} INFO - Processing /opt/airflow/dags/7.1-ExternalTaskSensor.py took 0.048 seconds
[2024-09-30 16:08:10,488] {processor.py:153} INFO - Started process (PID=1641) to work on /opt/airflow/dags/7.1-ExternalTaskSensor.py
[2024-09-30 16:08:10,488] {processor.py:641} INFO - Processing file /opt/airflow/dags/7.1-ExternalTaskSensor.py for tasks to queue
[2024-09-30 16:08:10,489] {logging_mixin.py:115} INFO - [2024-09-30 16:08:10,489] {dagbag.py:508} INFO - Filling up the DagBag from /opt/airflow/dags/7.1-ExternalTaskSensor.py
[2024-09-30 16:08:10,494] {processor.py:651} INFO - DAG(s) dict_keys(['7.1-ExternalTaskSensor']) retrieved from /opt/airflow/dags/7.1-ExternalTaskSensor.py
[2024-09-30 16:08:10,509] {logging_mixin.py:115} INFO - [2024-09-30 16:08:10,509] {dag.py:2420} INFO - Sync 1 DAGs
[2024-09-30 16:08:10,523] {logging_mixin.py:115} INFO - [2024-09-30 16:08:10,523] {dag.py:2972} INFO - Setting next_dagrun for 7.1-ExternalTaskSensor to 2024-08-12T00:00:00+00:00, run_after=2024-08-13T00:00:00+00:00
[2024-09-30 16:08:10,530] {processor.py:161} INFO - Processing /opt/airflow/dags/7.1-ExternalTaskSensor.py took 0.044 seconds
[2024-09-30 16:08:40,970] {processor.py:153} INFO - Started process (PID=1679) to work on /opt/airflow/dags/7.1-ExternalTaskSensor.py
[2024-09-30 16:08:40,970] {processor.py:641} INFO - Processing file /opt/airflow/dags/7.1-ExternalTaskSensor.py for tasks to queue
[2024-09-30 16:08:40,970] {logging_mixin.py:115} INFO - [2024-09-30 16:08:40,970] {dagbag.py:508} INFO - Filling up the DagBag from /opt/airflow/dags/7.1-ExternalTaskSensor.py
[2024-09-30 16:08:40,976] {processor.py:651} INFO - DAG(s) dict_keys(['7.1-ExternalTaskSensor']) retrieved from /opt/airflow/dags/7.1-ExternalTaskSensor.py
[2024-09-30 16:08:40,990] {logging_mixin.py:115} INFO - [2024-09-30 16:08:40,990] {dag.py:2420} INFO - Sync 1 DAGs
[2024-09-30 16:08:41,003] {logging_mixin.py:115} INFO - [2024-09-30 16:08:41,003] {dag.py:2972} INFO - Setting next_dagrun for 7.1-ExternalTaskSensor to 2024-08-12T00:00:00+00:00, run_after=2024-08-13T00:00:00+00:00
[2024-09-30 16:08:41,010] {processor.py:161} INFO - Processing /opt/airflow/dags/7.1-ExternalTaskSensor.py took 0.042 seconds
[2024-09-30 16:09:11,500] {processor.py:153} INFO - Started process (PID=1709) to work on /opt/airflow/dags/7.1-ExternalTaskSensor.py
[2024-09-30 16:09:11,501] {processor.py:641} INFO - Processing file /opt/airflow/dags/7.1-ExternalTaskSensor.py for tasks to queue
[2024-09-30 16:09:11,501] {logging_mixin.py:115} INFO - [2024-09-30 16:09:11,501] {dagbag.py:508} INFO - Filling up the DagBag from /opt/airflow/dags/7.1-ExternalTaskSensor.py
[2024-09-30 16:09:11,505] {processor.py:651} INFO - DAG(s) dict_keys(['7.1-ExternalTaskSensor']) retrieved from /opt/airflow/dags/7.1-ExternalTaskSensor.py
[2024-09-30 16:09:11,521] {logging_mixin.py:115} INFO - [2024-09-30 16:09:11,521] {dag.py:2420} INFO - Sync 1 DAGs
[2024-09-30 16:09:11,534] {logging_mixin.py:115} INFO - [2024-09-30 16:09:11,534] {dag.py:2972} INFO - Setting next_dagrun for 7.1-ExternalTaskSensor to 2024-08-12T00:00:00+00:00, run_after=2024-08-13T00:00:00+00:00
[2024-09-30 16:09:11,542] {processor.py:161} INFO - Processing /opt/airflow/dags/7.1-ExternalTaskSensor.py took 0.044 seconds
[2024-09-30 16:09:41,999] {processor.py:153} INFO - Started process (PID=1748) to work on /opt/airflow/dags/7.1-ExternalTaskSensor.py
[2024-09-30 16:09:42,000] {processor.py:641} INFO - Processing file /opt/airflow/dags/7.1-ExternalTaskSensor.py for tasks to queue
[2024-09-30 16:09:42,000] {logging_mixin.py:115} INFO - [2024-09-30 16:09:42,000] {dagbag.py:508} INFO - Filling up the DagBag from /opt/airflow/dags/7.1-ExternalTaskSensor.py
[2024-09-30 16:09:42,005] {processor.py:651} INFO - DAG(s) dict_keys(['7.1-ExternalTaskSensor']) retrieved from /opt/airflow/dags/7.1-ExternalTaskSensor.py
[2024-09-30 16:09:42,023] {logging_mixin.py:115} INFO - [2024-09-30 16:09:42,023] {dag.py:2420} INFO - Sync 1 DAGs
[2024-09-30 16:09:42,037] {logging_mixin.py:115} INFO - [2024-09-30 16:09:42,037] {dag.py:2972} INFO - Setting next_dagrun for 7.1-ExternalTaskSensor to 2024-08-12T00:00:00+00:00, run_after=2024-08-13T00:00:00+00:00
[2024-09-30 16:09:42,044] {processor.py:161} INFO - Processing /opt/airflow/dags/7.1-ExternalTaskSensor.py took 0.047 seconds
[2024-09-30 16:10:12,484] {processor.py:153} INFO - Started process (PID=1788) to work on /opt/airflow/dags/7.1-ExternalTaskSensor.py
[2024-09-30 16:10:12,484] {processor.py:641} INFO - Processing file /opt/airflow/dags/7.1-ExternalTaskSensor.py for tasks to queue
[2024-09-30 16:10:12,485] {logging_mixin.py:115} INFO - [2024-09-30 16:10:12,485] {dagbag.py:508} INFO - Filling up the DagBag from /opt/airflow/dags/7.1-ExternalTaskSensor.py
[2024-09-30 16:10:12,490] {processor.py:651} INFO - DAG(s) dict_keys(['7.1-ExternalTaskSensor']) retrieved from /opt/airflow/dags/7.1-ExternalTaskSensor.py
[2024-09-30 16:10:12,509] {logging_mixin.py:115} INFO - [2024-09-30 16:10:12,509] {dag.py:2420} INFO - Sync 1 DAGs
[2024-09-30 16:10:12,523] {logging_mixin.py:115} INFO - [2024-09-30 16:10:12,523] {dag.py:2972} INFO - Setting next_dagrun for 7.1-ExternalTaskSensor to 2024-08-12T00:00:00+00:00, run_after=2024-08-13T00:00:00+00:00
[2024-09-30 16:10:12,530] {processor.py:161} INFO - Processing /opt/airflow/dags/7.1-ExternalTaskSensor.py took 0.048 seconds
[2024-09-30 16:10:43,023] {processor.py:153} INFO - Started process (PID=1827) to work on /opt/airflow/dags/7.1-ExternalTaskSensor.py
[2024-09-30 16:10:43,024] {processor.py:641} INFO - Processing file /opt/airflow/dags/7.1-ExternalTaskSensor.py for tasks to queue
[2024-09-30 16:10:43,024] {logging_mixin.py:115} INFO - [2024-09-30 16:10:43,024] {dagbag.py:508} INFO - Filling up the DagBag from /opt/airflow/dags/7.1-ExternalTaskSensor.py
[2024-09-30 16:10:43,030] {processor.py:651} INFO - DAG(s) dict_keys(['7.1-ExternalTaskSensor']) retrieved from /opt/airflow/dags/7.1-ExternalTaskSensor.py
[2024-09-30 16:10:43,045] {logging_mixin.py:115} INFO - [2024-09-30 16:10:43,044] {dag.py:2420} INFO - Sync 1 DAGs
[2024-09-30 16:10:43,057] {logging_mixin.py:115} INFO - [2024-09-30 16:10:43,057] {dag.py:2972} INFO - Setting next_dagrun for 7.1-ExternalTaskSensor to 2024-08-12T00:00:00+00:00, run_after=2024-08-13T00:00:00+00:00
[2024-09-30 16:10:43,065] {processor.py:161} INFO - Processing /opt/airflow/dags/7.1-ExternalTaskSensor.py took 0.044 seconds
[2024-09-30 16:11:13,509] {processor.py:153} INFO - Started process (PID=1866) to work on /opt/airflow/dags/7.1-ExternalTaskSensor.py
[2024-09-30 16:11:13,510] {processor.py:641} INFO - Processing file /opt/airflow/dags/7.1-ExternalTaskSensor.py for tasks to queue
[2024-09-30 16:11:13,510] {logging_mixin.py:115} INFO - [2024-09-30 16:11:13,510] {dagbag.py:508} INFO - Filling up the DagBag from /opt/airflow/dags/7.1-ExternalTaskSensor.py
[2024-09-30 16:11:13,516] {processor.py:651} INFO - DAG(s) dict_keys(['7.1-ExternalTaskSensor']) retrieved from /opt/airflow/dags/7.1-ExternalTaskSensor.py
[2024-09-30 16:11:13,531] {logging_mixin.py:115} INFO - [2024-09-30 16:11:13,531] {dag.py:2420} INFO - Sync 1 DAGs
[2024-09-30 16:11:13,546] {logging_mixin.py:115} INFO - [2024-09-30 16:11:13,546] {dag.py:2972} INFO - Setting next_dagrun for 7.1-ExternalTaskSensor to 2024-08-12T00:00:00+00:00, run_after=2024-08-13T00:00:00+00:00
[2024-09-30 16:11:13,553] {processor.py:161} INFO - Processing /opt/airflow/dags/7.1-ExternalTaskSensor.py took 0.046 seconds
[2024-09-30 16:11:43,975] {processor.py:153} INFO - Started process (PID=1905) to work on /opt/airflow/dags/7.1-ExternalTaskSensor.py
[2024-09-30 16:11:43,975] {processor.py:641} INFO - Processing file /opt/airflow/dags/7.1-ExternalTaskSensor.py for tasks to queue
[2024-09-30 16:11:43,975] {logging_mixin.py:115} INFO - [2024-09-30 16:11:43,975] {dagbag.py:508} INFO - Filling up the DagBag from /opt/airflow/dags/7.1-ExternalTaskSensor.py
[2024-09-30 16:11:43,980] {processor.py:651} INFO - DAG(s) dict_keys(['7.1-ExternalTaskSensor']) retrieved from /opt/airflow/dags/7.1-ExternalTaskSensor.py
[2024-09-30 16:11:43,997] {logging_mixin.py:115} INFO - [2024-09-30 16:11:43,997] {dag.py:2420} INFO - Sync 1 DAGs
[2024-09-30 16:11:44,012] {logging_mixin.py:115} INFO - [2024-09-30 16:11:44,012] {dag.py:2972} INFO - Setting next_dagrun for 7.1-ExternalTaskSensor to 2024-08-12T00:00:00+00:00, run_after=2024-08-13T00:00:00+00:00
[2024-09-30 16:11:44,019] {processor.py:161} INFO - Processing /opt/airflow/dags/7.1-ExternalTaskSensor.py took 0.047 seconds
[2024-09-30 16:12:14,478] {processor.py:153} INFO - Started process (PID=1935) to work on /opt/airflow/dags/7.1-ExternalTaskSensor.py
[2024-09-30 16:12:14,478] {processor.py:641} INFO - Processing file /opt/airflow/dags/7.1-ExternalTaskSensor.py for tasks to queue
[2024-09-30 16:12:14,479] {logging_mixin.py:115} INFO - [2024-09-30 16:12:14,479] {dagbag.py:508} INFO - Filling up the DagBag from /opt/airflow/dags/7.1-ExternalTaskSensor.py
[2024-09-30 16:12:14,484] {processor.py:651} INFO - DAG(s) dict_keys(['7.1-ExternalTaskSensor']) retrieved from /opt/airflow/dags/7.1-ExternalTaskSensor.py
[2024-09-30 16:12:14,502] {logging_mixin.py:115} INFO - [2024-09-30 16:12:14,502] {dag.py:2420} INFO - Sync 1 DAGs
[2024-09-30 16:12:14,515] {logging_mixin.py:115} INFO - [2024-09-30 16:12:14,515] {dag.py:2972} INFO - Setting next_dagrun for 7.1-ExternalTaskSensor to 2024-08-12T00:00:00+00:00, run_after=2024-08-13T00:00:00+00:00
[2024-09-30 16:12:14,522] {processor.py:161} INFO - Processing /opt/airflow/dags/7.1-ExternalTaskSensor.py took 0.047 seconds
[2024-09-30 16:12:44,976] {processor.py:153} INFO - Started process (PID=1974) to work on /opt/airflow/dags/7.1-ExternalTaskSensor.py
[2024-09-30 16:12:44,976] {processor.py:641} INFO - Processing file /opt/airflow/dags/7.1-ExternalTaskSensor.py for tasks to queue
[2024-09-30 16:12:44,976] {logging_mixin.py:115} INFO - [2024-09-30 16:12:44,976] {dagbag.py:508} INFO - Filling up the DagBag from /opt/airflow/dags/7.1-ExternalTaskSensor.py
[2024-09-30 16:12:44,983] {processor.py:651} INFO - DAG(s) dict_keys(['7.1-ExternalTaskSensor']) retrieved from /opt/airflow/dags/7.1-ExternalTaskSensor.py
[2024-09-30 16:12:45,000] {logging_mixin.py:115} INFO - [2024-09-30 16:12:45,000] {dag.py:2420} INFO - Sync 1 DAGs
[2024-09-30 16:12:45,013] {logging_mixin.py:115} INFO - [2024-09-30 16:12:45,013] {dag.py:2972} INFO - Setting next_dagrun for 7.1-ExternalTaskSensor to 2024-08-12T00:00:00+00:00, run_after=2024-08-13T00:00:00+00:00
[2024-09-30 16:12:45,021] {processor.py:161} INFO - Processing /opt/airflow/dags/7.1-ExternalTaskSensor.py took 0.048 seconds
[2024-09-30 16:13:15,452] {processor.py:153} INFO - Started process (PID=2012) to work on /opt/airflow/dags/7.1-ExternalTaskSensor.py
[2024-09-30 16:13:15,452] {processor.py:641} INFO - Processing file /opt/airflow/dags/7.1-ExternalTaskSensor.py for tasks to queue
[2024-09-30 16:13:15,453] {logging_mixin.py:115} INFO - [2024-09-30 16:13:15,453] {dagbag.py:508} INFO - Filling up the DagBag from /opt/airflow/dags/7.1-ExternalTaskSensor.py
[2024-09-30 16:13:15,458] {processor.py:651} INFO - DAG(s) dict_keys(['7.1-ExternalTaskSensor']) retrieved from /opt/airflow/dags/7.1-ExternalTaskSensor.py
[2024-09-30 16:13:15,481] {logging_mixin.py:115} INFO - [2024-09-30 16:13:15,481] {dag.py:2420} INFO - Sync 1 DAGs
[2024-09-30 16:13:15,495] {logging_mixin.py:115} INFO - [2024-09-30 16:13:15,495] {dag.py:2972} INFO - Setting next_dagrun for 7.1-ExternalTaskSensor to 2024-08-12T00:00:00+00:00, run_after=2024-08-13T00:00:00+00:00
[2024-09-30 16:13:15,503] {processor.py:161} INFO - Processing /opt/airflow/dags/7.1-ExternalTaskSensor.py took 0.053 seconds
[2024-09-30 16:13:45,903] {processor.py:153} INFO - Started process (PID=2051) to work on /opt/airflow/dags/7.1-ExternalTaskSensor.py
[2024-09-30 16:13:45,904] {processor.py:641} INFO - Processing file /opt/airflow/dags/7.1-ExternalTaskSensor.py for tasks to queue
[2024-09-30 16:13:45,904] {logging_mixin.py:115} INFO - [2024-09-30 16:13:45,904] {dagbag.py:508} INFO - Filling up the DagBag from /opt/airflow/dags/7.1-ExternalTaskSensor.py
[2024-09-30 16:13:45,910] {processor.py:651} INFO - DAG(s) dict_keys(['7.1-ExternalTaskSensor']) retrieved from /opt/airflow/dags/7.1-ExternalTaskSensor.py
[2024-09-30 16:13:45,928] {logging_mixin.py:115} INFO - [2024-09-30 16:13:45,928] {dag.py:2420} INFO - Sync 1 DAGs
[2024-09-30 16:13:45,944] {logging_mixin.py:115} INFO - [2024-09-30 16:13:45,944] {dag.py:2972} INFO - Setting next_dagrun for 7.1-ExternalTaskSensor to 2024-08-12T00:00:00+00:00, run_after=2024-08-13T00:00:00+00:00
[2024-09-30 16:13:45,953] {processor.py:161} INFO - Processing /opt/airflow/dags/7.1-ExternalTaskSensor.py took 0.052 seconds
[2024-09-30 16:14:16,351] {processor.py:153} INFO - Started process (PID=2090) to work on /opt/airflow/dags/7.1-ExternalTaskSensor.py
[2024-09-30 16:14:16,351] {processor.py:641} INFO - Processing file /opt/airflow/dags/7.1-ExternalTaskSensor.py for tasks to queue
[2024-09-30 16:14:16,352] {logging_mixin.py:115} INFO - [2024-09-30 16:14:16,351] {dagbag.py:508} INFO - Filling up the DagBag from /opt/airflow/dags/7.1-ExternalTaskSensor.py
[2024-09-30 16:14:16,356] {processor.py:651} INFO - DAG(s) dict_keys(['7.1-ExternalTaskSensor']) retrieved from /opt/airflow/dags/7.1-ExternalTaskSensor.py
[2024-09-30 16:14:16,379] {logging_mixin.py:115} INFO - [2024-09-30 16:14:16,379] {dag.py:2420} INFO - Sync 1 DAGs
[2024-09-30 16:14:16,394] {logging_mixin.py:115} INFO - [2024-09-30 16:14:16,394] {dag.py:2972} INFO - Setting next_dagrun for 7.1-ExternalTaskSensor to 2024-08-12T00:00:00+00:00, run_after=2024-08-13T00:00:00+00:00
[2024-09-30 16:14:16,402] {processor.py:161} INFO - Processing /opt/airflow/dags/7.1-ExternalTaskSensor.py took 0.054 seconds
[2024-09-30 16:14:46,882] {processor.py:153} INFO - Started process (PID=2129) to work on /opt/airflow/dags/7.1-ExternalTaskSensor.py
[2024-09-30 16:14:46,883] {processor.py:641} INFO - Processing file /opt/airflow/dags/7.1-ExternalTaskSensor.py for tasks to queue
[2024-09-30 16:14:46,883] {logging_mixin.py:115} INFO - [2024-09-30 16:14:46,883] {dagbag.py:508} INFO - Filling up the DagBag from /opt/airflow/dags/7.1-ExternalTaskSensor.py
[2024-09-30 16:14:46,888] {processor.py:651} INFO - DAG(s) dict_keys(['7.1-ExternalTaskSensor']) retrieved from /opt/airflow/dags/7.1-ExternalTaskSensor.py
[2024-09-30 16:14:46,904] {logging_mixin.py:115} INFO - [2024-09-30 16:14:46,904] {dag.py:2420} INFO - Sync 1 DAGs
[2024-09-30 16:14:46,918] {logging_mixin.py:115} INFO - [2024-09-30 16:14:46,918] {dag.py:2972} INFO - Setting next_dagrun for 7.1-ExternalTaskSensor to 2024-08-12T00:00:00+00:00, run_after=2024-08-13T00:00:00+00:00
[2024-09-30 16:14:46,927] {processor.py:161} INFO - Processing /opt/airflow/dags/7.1-ExternalTaskSensor.py took 0.047 seconds
[2024-09-30 16:15:17,340] {processor.py:153} INFO - Started process (PID=2159) to work on /opt/airflow/dags/7.1-ExternalTaskSensor.py
[2024-09-30 16:15:17,340] {processor.py:641} INFO - Processing file /opt/airflow/dags/7.1-ExternalTaskSensor.py for tasks to queue
[2024-09-30 16:15:17,341] {logging_mixin.py:115} INFO - [2024-09-30 16:15:17,341] {dagbag.py:508} INFO - Filling up the DagBag from /opt/airflow/dags/7.1-ExternalTaskSensor.py
[2024-09-30 16:15:17,347] {processor.py:651} INFO - DAG(s) dict_keys(['7.1-ExternalTaskSensor']) retrieved from /opt/airflow/dags/7.1-ExternalTaskSensor.py
[2024-09-30 16:15:17,363] {logging_mixin.py:115} INFO - [2024-09-30 16:15:17,363] {dag.py:2420} INFO - Sync 1 DAGs
[2024-09-30 16:15:17,376] {logging_mixin.py:115} INFO - [2024-09-30 16:15:17,376] {dag.py:2972} INFO - Setting next_dagrun for 7.1-ExternalTaskSensor to 2024-08-12T00:00:00+00:00, run_after=2024-08-13T00:00:00+00:00
[2024-09-30 16:15:17,383] {processor.py:161} INFO - Processing /opt/airflow/dags/7.1-ExternalTaskSensor.py took 0.047 seconds
[2024-09-30 16:15:47,870] {processor.py:153} INFO - Started process (PID=2197) to work on /opt/airflow/dags/7.1-ExternalTaskSensor.py
[2024-09-30 16:15:47,871] {processor.py:641} INFO - Processing file /opt/airflow/dags/7.1-ExternalTaskSensor.py for tasks to queue
[2024-09-30 16:15:47,871] {logging_mixin.py:115} INFO - [2024-09-30 16:15:47,871] {dagbag.py:508} INFO - Filling up the DagBag from /opt/airflow/dags/7.1-ExternalTaskSensor.py
[2024-09-30 16:15:47,877] {processor.py:651} INFO - DAG(s) dict_keys(['7.1-ExternalTaskSensor']) retrieved from /opt/airflow/dags/7.1-ExternalTaskSensor.py
[2024-09-30 16:15:47,891] {logging_mixin.py:115} INFO - [2024-09-30 16:15:47,891] {dag.py:2420} INFO - Sync 1 DAGs
[2024-09-30 16:15:47,904] {logging_mixin.py:115} INFO - [2024-09-30 16:15:47,904] {dag.py:2972} INFO - Setting next_dagrun for 7.1-ExternalTaskSensor to 2024-08-12T00:00:00+00:00, run_after=2024-08-13T00:00:00+00:00
[2024-09-30 16:15:47,912] {processor.py:161} INFO - Processing /opt/airflow/dags/7.1-ExternalTaskSensor.py took 0.043 seconds
[2024-09-30 16:16:18,376] {processor.py:153} INFO - Started process (PID=2235) to work on /opt/airflow/dags/7.1-ExternalTaskSensor.py
[2024-09-30 16:16:18,377] {processor.py:641} INFO - Processing file /opt/airflow/dags/7.1-ExternalTaskSensor.py for tasks to queue
[2024-09-30 16:16:18,377] {logging_mixin.py:115} INFO - [2024-09-30 16:16:18,377] {dagbag.py:508} INFO - Filling up the DagBag from /opt/airflow/dags/7.1-ExternalTaskSensor.py
[2024-09-30 16:16:18,382] {processor.py:651} INFO - DAG(s) dict_keys(['7.1-ExternalTaskSensor']) retrieved from /opt/airflow/dags/7.1-ExternalTaskSensor.py
[2024-09-30 16:16:18,397] {logging_mixin.py:115} INFO - [2024-09-30 16:16:18,397] {dag.py:2420} INFO - Sync 1 DAGs
[2024-09-30 16:16:18,410] {logging_mixin.py:115} INFO - [2024-09-30 16:16:18,410] {dag.py:2972} INFO - Setting next_dagrun for 7.1-ExternalTaskSensor to 2024-08-12T00:00:00+00:00, run_after=2024-08-13T00:00:00+00:00
[2024-09-30 16:16:18,417] {processor.py:161} INFO - Processing /opt/airflow/dags/7.1-ExternalTaskSensor.py took 0.043 seconds
[2024-09-30 16:16:48,908] {processor.py:153} INFO - Started process (PID=2273) to work on /opt/airflow/dags/7.1-ExternalTaskSensor.py
[2024-09-30 16:16:48,908] {processor.py:641} INFO - Processing file /opt/airflow/dags/7.1-ExternalTaskSensor.py for tasks to queue
[2024-09-30 16:16:48,909] {logging_mixin.py:115} INFO - [2024-09-30 16:16:48,909] {dagbag.py:508} INFO - Filling up the DagBag from /opt/airflow/dags/7.1-ExternalTaskSensor.py
[2024-09-30 16:16:48,915] {processor.py:651} INFO - DAG(s) dict_keys(['7.1-ExternalTaskSensor']) retrieved from /opt/airflow/dags/7.1-ExternalTaskSensor.py
[2024-09-30 16:16:48,934] {logging_mixin.py:115} INFO - [2024-09-30 16:16:48,934] {dag.py:2420} INFO - Sync 1 DAGs
[2024-09-30 16:16:48,949] {logging_mixin.py:115} INFO - [2024-09-30 16:16:48,949] {dag.py:2972} INFO - Setting next_dagrun for 7.1-ExternalTaskSensor to 2024-08-12T00:00:00+00:00, run_after=2024-08-13T00:00:00+00:00
[2024-09-30 16:16:48,958] {processor.py:161} INFO - Processing /opt/airflow/dags/7.1-ExternalTaskSensor.py took 0.053 seconds
[2024-09-30 16:17:19,368] {processor.py:153} INFO - Started process (PID=2312) to work on /opt/airflow/dags/7.1-ExternalTaskSensor.py
[2024-09-30 16:17:19,368] {processor.py:641} INFO - Processing file /opt/airflow/dags/7.1-ExternalTaskSensor.py for tasks to queue
[2024-09-30 16:17:19,369] {logging_mixin.py:115} INFO - [2024-09-30 16:17:19,369] {dagbag.py:508} INFO - Filling up the DagBag from /opt/airflow/dags/7.1-ExternalTaskSensor.py
[2024-09-30 16:17:19,373] {processor.py:651} INFO - DAG(s) dict_keys(['7.1-ExternalTaskSensor']) retrieved from /opt/airflow/dags/7.1-ExternalTaskSensor.py
[2024-09-30 16:17:19,388] {logging_mixin.py:115} INFO - [2024-09-30 16:17:19,388] {dag.py:2420} INFO - Sync 1 DAGs
[2024-09-30 16:17:19,402] {logging_mixin.py:115} INFO - [2024-09-30 16:17:19,402] {dag.py:2972} INFO - Setting next_dagrun for 7.1-ExternalTaskSensor to 2024-08-12T00:00:00+00:00, run_after=2024-08-13T00:00:00+00:00
[2024-09-30 16:17:19,409] {processor.py:161} INFO - Processing /opt/airflow/dags/7.1-ExternalTaskSensor.py took 0.043 seconds
[2024-09-30 16:17:49,849] {processor.py:153} INFO - Started process (PID=2349) to work on /opt/airflow/dags/7.1-ExternalTaskSensor.py
[2024-09-30 16:17:49,850] {processor.py:641} INFO - Processing file /opt/airflow/dags/7.1-ExternalTaskSensor.py for tasks to queue
[2024-09-30 16:17:49,851] {logging_mixin.py:115} INFO - [2024-09-30 16:17:49,850] {dagbag.py:508} INFO - Filling up the DagBag from /opt/airflow/dags/7.1-ExternalTaskSensor.py
[2024-09-30 16:17:49,858] {processor.py:651} INFO - DAG(s) dict_keys(['7.1-ExternalTaskSensor']) retrieved from /opt/airflow/dags/7.1-ExternalTaskSensor.py
[2024-09-30 16:17:49,876] {logging_mixin.py:115} INFO - [2024-09-30 16:17:49,876] {dag.py:2420} INFO - Sync 1 DAGs
[2024-09-30 16:17:49,892] {logging_mixin.py:115} INFO - [2024-09-30 16:17:49,892] {dag.py:2972} INFO - Setting next_dagrun for 7.1-ExternalTaskSensor to 2024-08-12T00:00:00+00:00, run_after=2024-08-13T00:00:00+00:00
[2024-09-30 16:17:49,901] {processor.py:161} INFO - Processing /opt/airflow/dags/7.1-ExternalTaskSensor.py took 0.054 seconds
[2024-09-30 16:18:20,307] {processor.py:153} INFO - Started process (PID=2381) to work on /opt/airflow/dags/7.1-ExternalTaskSensor.py
[2024-09-30 16:18:20,307] {processor.py:641} INFO - Processing file /opt/airflow/dags/7.1-ExternalTaskSensor.py for tasks to queue
[2024-09-30 16:18:20,308] {logging_mixin.py:115} INFO - [2024-09-30 16:18:20,308] {dagbag.py:508} INFO - Filling up the DagBag from /opt/airflow/dags/7.1-ExternalTaskSensor.py
[2024-09-30 16:18:20,314] {processor.py:651} INFO - DAG(s) dict_keys(['7.1-ExternalTaskSensor']) retrieved from /opt/airflow/dags/7.1-ExternalTaskSensor.py
[2024-09-30 16:18:20,329] {logging_mixin.py:115} INFO - [2024-09-30 16:18:20,329] {dag.py:2420} INFO - Sync 1 DAGs
[2024-09-30 16:18:20,342] {logging_mixin.py:115} INFO - [2024-09-30 16:18:20,342] {dag.py:2972} INFO - Setting next_dagrun for 7.1-ExternalTaskSensor to 2024-08-12T00:00:00+00:00, run_after=2024-08-13T00:00:00+00:00
[2024-09-30 16:18:20,350] {processor.py:161} INFO - Processing /opt/airflow/dags/7.1-ExternalTaskSensor.py took 0.045 seconds
[2024-09-30 16:18:50,806] {processor.py:153} INFO - Started process (PID=2420) to work on /opt/airflow/dags/7.1-ExternalTaskSensor.py
[2024-09-30 16:18:50,807] {processor.py:641} INFO - Processing file /opt/airflow/dags/7.1-ExternalTaskSensor.py for tasks to queue
[2024-09-30 16:18:50,807] {logging_mixin.py:115} INFO - [2024-09-30 16:18:50,807] {dagbag.py:508} INFO - Filling up the DagBag from /opt/airflow/dags/7.1-ExternalTaskSensor.py
[2024-09-30 16:18:50,812] {processor.py:651} INFO - DAG(s) dict_keys(['7.1-ExternalTaskSensor']) retrieved from /opt/airflow/dags/7.1-ExternalTaskSensor.py
[2024-09-30 16:18:50,827] {logging_mixin.py:115} INFO - [2024-09-30 16:18:50,827] {dag.py:2420} INFO - Sync 1 DAGs
[2024-09-30 16:18:50,840] {logging_mixin.py:115} INFO - [2024-09-30 16:18:50,840] {dag.py:2972} INFO - Setting next_dagrun for 7.1-ExternalTaskSensor to 2024-08-12T00:00:00+00:00, run_after=2024-08-13T00:00:00+00:00
[2024-09-30 16:18:50,847] {processor.py:161} INFO - Processing /opt/airflow/dags/7.1-ExternalTaskSensor.py took 0.043 seconds
[2024-09-30 16:19:21,308] {processor.py:153} INFO - Started process (PID=2459) to work on /opt/airflow/dags/7.1-ExternalTaskSensor.py
[2024-09-30 16:19:21,308] {processor.py:641} INFO - Processing file /opt/airflow/dags/7.1-ExternalTaskSensor.py for tasks to queue
[2024-09-30 16:19:21,308] {logging_mixin.py:115} INFO - [2024-09-30 16:19:21,308] {dagbag.py:508} INFO - Filling up the DagBag from /opt/airflow/dags/7.1-ExternalTaskSensor.py
[2024-09-30 16:19:21,313] {processor.py:651} INFO - DAG(s) dict_keys(['7.1-ExternalTaskSensor']) retrieved from /opt/airflow/dags/7.1-ExternalTaskSensor.py
[2024-09-30 16:19:21,328] {logging_mixin.py:115} INFO - [2024-09-30 16:19:21,328] {dag.py:2420} INFO - Sync 1 DAGs
[2024-09-30 16:19:21,341] {logging_mixin.py:115} INFO - [2024-09-30 16:19:21,341] {dag.py:2972} INFO - Setting next_dagrun for 7.1-ExternalTaskSensor to 2024-08-12T00:00:00+00:00, run_after=2024-08-13T00:00:00+00:00
[2024-09-30 16:19:21,347] {processor.py:161} INFO - Processing /opt/airflow/dags/7.1-ExternalTaskSensor.py took 0.042 seconds
[2024-09-30 16:19:51,785] {processor.py:153} INFO - Started process (PID=2497) to work on /opt/airflow/dags/7.1-ExternalTaskSensor.py
[2024-09-30 16:19:51,785] {processor.py:641} INFO - Processing file /opt/airflow/dags/7.1-ExternalTaskSensor.py for tasks to queue
[2024-09-30 16:19:51,786] {logging_mixin.py:115} INFO - [2024-09-30 16:19:51,786] {dagbag.py:508} INFO - Filling up the DagBag from /opt/airflow/dags/7.1-ExternalTaskSensor.py
[2024-09-30 16:19:51,791] {processor.py:651} INFO - DAG(s) dict_keys(['7.1-ExternalTaskSensor']) retrieved from /opt/airflow/dags/7.1-ExternalTaskSensor.py
[2024-09-30 16:19:51,806] {logging_mixin.py:115} INFO - [2024-09-30 16:19:51,806] {dag.py:2420} INFO - Sync 1 DAGs
[2024-09-30 16:19:51,819] {logging_mixin.py:115} INFO - [2024-09-30 16:19:51,819] {dag.py:2972} INFO - Setting next_dagrun for 7.1-ExternalTaskSensor to 2024-08-12T00:00:00+00:00, run_after=2024-08-13T00:00:00+00:00
[2024-09-30 16:19:51,826] {processor.py:161} INFO - Processing /opt/airflow/dags/7.1-ExternalTaskSensor.py took 0.043 seconds
[2024-09-30 16:20:22,304] {processor.py:153} INFO - Started process (PID=2536) to work on /opt/airflow/dags/7.1-ExternalTaskSensor.py
[2024-09-30 16:20:22,304] {processor.py:641} INFO - Processing file /opt/airflow/dags/7.1-ExternalTaskSensor.py for tasks to queue
[2024-09-30 16:20:22,304] {logging_mixin.py:115} INFO - [2024-09-30 16:20:22,304] {dagbag.py:508} INFO - Filling up the DagBag from /opt/airflow/dags/7.1-ExternalTaskSensor.py
[2024-09-30 16:20:22,310] {processor.py:651} INFO - DAG(s) dict_keys(['7.1-ExternalTaskSensor']) retrieved from /opt/airflow/dags/7.1-ExternalTaskSensor.py
[2024-09-30 16:20:22,324] {logging_mixin.py:115} INFO - [2024-09-30 16:20:22,324] {dag.py:2420} INFO - Sync 1 DAGs
[2024-09-30 16:20:22,340] {logging_mixin.py:115} INFO - [2024-09-30 16:20:22,340] {dag.py:2972} INFO - Setting next_dagrun for 7.1-ExternalTaskSensor to 2024-08-12T00:00:00+00:00, run_after=2024-08-13T00:00:00+00:00
[2024-09-30 16:20:22,347] {processor.py:161} INFO - Processing /opt/airflow/dags/7.1-ExternalTaskSensor.py took 0.046 seconds
[2024-09-30 16:20:52,788] {processor.py:153} INFO - Started process (PID=2566) to work on /opt/airflow/dags/7.1-ExternalTaskSensor.py
[2024-09-30 16:20:52,788] {processor.py:641} INFO - Processing file /opt/airflow/dags/7.1-ExternalTaskSensor.py for tasks to queue
[2024-09-30 16:20:52,788] {logging_mixin.py:115} INFO - [2024-09-30 16:20:52,788] {dagbag.py:508} INFO - Filling up the DagBag from /opt/airflow/dags/7.1-ExternalTaskSensor.py
[2024-09-30 16:20:52,794] {processor.py:651} INFO - DAG(s) dict_keys(['7.1-ExternalTaskSensor']) retrieved from /opt/airflow/dags/7.1-ExternalTaskSensor.py
[2024-09-30 16:20:52,809] {logging_mixin.py:115} INFO - [2024-09-30 16:20:52,809] {dag.py:2420} INFO - Sync 1 DAGs
[2024-09-30 16:20:52,824] {logging_mixin.py:115} INFO - [2024-09-30 16:20:52,824] {dag.py:2972} INFO - Setting next_dagrun for 7.1-ExternalTaskSensor to 2024-08-12T00:00:00+00:00, run_after=2024-08-13T00:00:00+00:00
[2024-09-30 16:20:52,832] {processor.py:161} INFO - Processing /opt/airflow/dags/7.1-ExternalTaskSensor.py took 0.047 seconds
[2024-09-30 16:21:23,255] {processor.py:153} INFO - Started process (PID=2605) to work on /opt/airflow/dags/7.1-ExternalTaskSensor.py
[2024-09-30 16:21:23,255] {processor.py:641} INFO - Processing file /opt/airflow/dags/7.1-ExternalTaskSensor.py for tasks to queue
[2024-09-30 16:21:23,256] {logging_mixin.py:115} INFO - [2024-09-30 16:21:23,256] {dagbag.py:508} INFO - Filling up the DagBag from /opt/airflow/dags/7.1-ExternalTaskSensor.py
[2024-09-30 16:21:23,261] {processor.py:651} INFO - DAG(s) dict_keys(['7.1-ExternalTaskSensor']) retrieved from /opt/airflow/dags/7.1-ExternalTaskSensor.py
[2024-09-30 16:21:23,276] {logging_mixin.py:115} INFO - [2024-09-30 16:21:23,276] {dag.py:2420} INFO - Sync 1 DAGs
[2024-09-30 16:21:23,290] {logging_mixin.py:115} INFO - [2024-09-30 16:21:23,290] {dag.py:2972} INFO - Setting next_dagrun for 7.1-ExternalTaskSensor to 2024-08-12T00:00:00+00:00, run_after=2024-08-13T00:00:00+00:00
[2024-09-30 16:21:23,297] {processor.py:161} INFO - Processing /opt/airflow/dags/7.1-ExternalTaskSensor.py took 0.044 seconds
[2024-09-30 16:21:53,732] {processor.py:153} INFO - Started process (PID=2644) to work on /opt/airflow/dags/7.1-ExternalTaskSensor.py
[2024-09-30 16:21:53,733] {processor.py:641} INFO - Processing file /opt/airflow/dags/7.1-ExternalTaskSensor.py for tasks to queue
[2024-09-30 16:21:53,733] {logging_mixin.py:115} INFO - [2024-09-30 16:21:53,733] {dagbag.py:508} INFO - Filling up the DagBag from /opt/airflow/dags/7.1-ExternalTaskSensor.py
[2024-09-30 16:21:53,738] {processor.py:651} INFO - DAG(s) dict_keys(['7.1-ExternalTaskSensor']) retrieved from /opt/airflow/dags/7.1-ExternalTaskSensor.py
[2024-09-30 16:21:53,754] {logging_mixin.py:115} INFO - [2024-09-30 16:21:53,754] {dag.py:2420} INFO - Sync 1 DAGs
[2024-09-30 16:21:53,770] {logging_mixin.py:115} INFO - [2024-09-30 16:21:53,770] {dag.py:2972} INFO - Setting next_dagrun for 7.1-ExternalTaskSensor to 2024-08-12T00:00:00+00:00, run_after=2024-08-13T00:00:00+00:00
[2024-09-30 16:21:53,779] {processor.py:161} INFO - Processing /opt/airflow/dags/7.1-ExternalTaskSensor.py took 0.049 seconds
[2024-09-30 16:22:24,231] {processor.py:153} INFO - Started process (PID=2683) to work on /opt/airflow/dags/7.1-ExternalTaskSensor.py
[2024-09-30 16:22:24,232] {processor.py:641} INFO - Processing file /opt/airflow/dags/7.1-ExternalTaskSensor.py for tasks to queue
[2024-09-30 16:22:24,232] {logging_mixin.py:115} INFO - [2024-09-30 16:22:24,232] {dagbag.py:508} INFO - Filling up the DagBag from /opt/airflow/dags/7.1-ExternalTaskSensor.py
[2024-09-30 16:22:24,237] {processor.py:651} INFO - DAG(s) dict_keys(['7.1-ExternalTaskSensor']) retrieved from /opt/airflow/dags/7.1-ExternalTaskSensor.py
[2024-09-30 16:22:24,253] {logging_mixin.py:115} INFO - [2024-09-30 16:22:24,253] {dag.py:2420} INFO - Sync 1 DAGs
[2024-09-30 16:22:24,267] {logging_mixin.py:115} INFO - [2024-09-30 16:22:24,267] {dag.py:2972} INFO - Setting next_dagrun for 7.1-ExternalTaskSensor to 2024-08-12T00:00:00+00:00, run_after=2024-08-13T00:00:00+00:00
[2024-09-30 16:22:24,274] {processor.py:161} INFO - Processing /opt/airflow/dags/7.1-ExternalTaskSensor.py took 0.045 seconds
[2024-09-30 16:22:54,725] {processor.py:153} INFO - Started process (PID=2721) to work on /opt/airflow/dags/7.1-ExternalTaskSensor.py
[2024-09-30 16:22:54,726] {processor.py:641} INFO - Processing file /opt/airflow/dags/7.1-ExternalTaskSensor.py for tasks to queue
[2024-09-30 16:22:54,726] {logging_mixin.py:115} INFO - [2024-09-30 16:22:54,726] {dagbag.py:508} INFO - Filling up the DagBag from /opt/airflow/dags/7.1-ExternalTaskSensor.py
[2024-09-30 16:22:54,732] {processor.py:651} INFO - DAG(s) dict_keys(['7.1-ExternalTaskSensor']) retrieved from /opt/airflow/dags/7.1-ExternalTaskSensor.py
[2024-09-30 16:22:54,749] {logging_mixin.py:115} INFO - [2024-09-30 16:22:54,749] {dag.py:2420} INFO - Sync 1 DAGs
[2024-09-30 16:22:54,765] {logging_mixin.py:115} INFO - [2024-09-30 16:22:54,765] {dag.py:2972} INFO - Setting next_dagrun for 7.1-ExternalTaskSensor to 2024-08-12T00:00:00+00:00, run_after=2024-08-13T00:00:00+00:00
[2024-09-30 16:22:54,773] {processor.py:161} INFO - Processing /opt/airflow/dags/7.1-ExternalTaskSensor.py took 0.050 seconds
[2024-09-30 16:23:25,192] {processor.py:153} INFO - Started process (PID=2760) to work on /opt/airflow/dags/7.1-ExternalTaskSensor.py
[2024-09-30 16:23:25,193] {processor.py:641} INFO - Processing file /opt/airflow/dags/7.1-ExternalTaskSensor.py for tasks to queue
[2024-09-30 16:23:25,193] {logging_mixin.py:115} INFO - [2024-09-30 16:23:25,193] {dagbag.py:508} INFO - Filling up the DagBag from /opt/airflow/dags/7.1-ExternalTaskSensor.py
[2024-09-30 16:23:25,200] {processor.py:651} INFO - DAG(s) dict_keys(['7.1-ExternalTaskSensor']) retrieved from /opt/airflow/dags/7.1-ExternalTaskSensor.py
[2024-09-30 16:23:25,219] {logging_mixin.py:115} INFO - [2024-09-30 16:23:25,218] {dag.py:2420} INFO - Sync 1 DAGs
[2024-09-30 16:23:25,236] {logging_mixin.py:115} INFO - [2024-09-30 16:23:25,236] {dag.py:2972} INFO - Setting next_dagrun for 7.1-ExternalTaskSensor to 2024-08-12T00:00:00+00:00, run_after=2024-08-13T00:00:00+00:00
[2024-09-30 16:23:25,249] {processor.py:161} INFO - Processing /opt/airflow/dags/7.1-ExternalTaskSensor.py took 0.059 seconds
[2024-09-30 16:23:55,710] {processor.py:153} INFO - Started process (PID=2790) to work on /opt/airflow/dags/7.1-ExternalTaskSensor.py
[2024-09-30 16:23:55,710] {processor.py:641} INFO - Processing file /opt/airflow/dags/7.1-ExternalTaskSensor.py for tasks to queue
[2024-09-30 16:23:55,711] {logging_mixin.py:115} INFO - [2024-09-30 16:23:55,711] {dagbag.py:508} INFO - Filling up the DagBag from /opt/airflow/dags/7.1-ExternalTaskSensor.py
[2024-09-30 16:23:55,717] {processor.py:651} INFO - DAG(s) dict_keys(['7.1-ExternalTaskSensor']) retrieved from /opt/airflow/dags/7.1-ExternalTaskSensor.py
[2024-09-30 16:23:55,734] {logging_mixin.py:115} INFO - [2024-09-30 16:23:55,734] {dag.py:2420} INFO - Sync 1 DAGs
[2024-09-30 16:23:55,749] {logging_mixin.py:115} INFO - [2024-09-30 16:23:55,749] {dag.py:2972} INFO - Setting next_dagrun for 7.1-ExternalTaskSensor to 2024-08-12T00:00:00+00:00, run_after=2024-08-13T00:00:00+00:00
[2024-09-30 16:23:55,758] {processor.py:161} INFO - Processing /opt/airflow/dags/7.1-ExternalTaskSensor.py took 0.050 seconds
[2024-09-30 16:24:26,250] {processor.py:153} INFO - Started process (PID=2828) to work on /opt/airflow/dags/7.1-ExternalTaskSensor.py
[2024-09-30 16:24:26,251] {processor.py:641} INFO - Processing file /opt/airflow/dags/7.1-ExternalTaskSensor.py for tasks to queue
[2024-09-30 16:24:26,251] {logging_mixin.py:115} INFO - [2024-09-30 16:24:26,251] {dagbag.py:508} INFO - Filling up the DagBag from /opt/airflow/dags/7.1-ExternalTaskSensor.py
[2024-09-30 16:24:26,256] {processor.py:651} INFO - DAG(s) dict_keys(['7.1-ExternalTaskSensor']) retrieved from /opt/airflow/dags/7.1-ExternalTaskSensor.py
[2024-09-30 16:24:26,275] {logging_mixin.py:115} INFO - [2024-09-30 16:24:26,275] {dag.py:2420} INFO - Sync 1 DAGs
[2024-09-30 16:24:26,290] {logging_mixin.py:115} INFO - [2024-09-30 16:24:26,290] {dag.py:2972} INFO - Setting next_dagrun for 7.1-ExternalTaskSensor to 2024-08-12T00:00:00+00:00, run_after=2024-08-13T00:00:00+00:00
[2024-09-30 16:24:26,297] {processor.py:161} INFO - Processing /opt/airflow/dags/7.1-ExternalTaskSensor.py took 0.049 seconds
[2024-09-30 16:24:56,690] {processor.py:153} INFO - Started process (PID=2866) to work on /opt/airflow/dags/7.1-ExternalTaskSensor.py
[2024-09-30 16:24:56,691] {processor.py:641} INFO - Processing file /opt/airflow/dags/7.1-ExternalTaskSensor.py for tasks to queue
[2024-09-30 16:24:56,691] {logging_mixin.py:115} INFO - [2024-09-30 16:24:56,691] {dagbag.py:508} INFO - Filling up the DagBag from /opt/airflow/dags/7.1-ExternalTaskSensor.py
[2024-09-30 16:24:56,696] {processor.py:651} INFO - DAG(s) dict_keys(['7.1-ExternalTaskSensor']) retrieved from /opt/airflow/dags/7.1-ExternalTaskSensor.py
[2024-09-30 16:24:56,711] {logging_mixin.py:115} INFO - [2024-09-30 16:24:56,711] {dag.py:2420} INFO - Sync 1 DAGs
[2024-09-30 16:24:56,724] {logging_mixin.py:115} INFO - [2024-09-30 16:24:56,724] {dag.py:2972} INFO - Setting next_dagrun for 7.1-ExternalTaskSensor to 2024-08-12T00:00:00+00:00, run_after=2024-08-13T00:00:00+00:00
[2024-09-30 16:24:56,731] {processor.py:161} INFO - Processing /opt/airflow/dags/7.1-ExternalTaskSensor.py took 0.043 seconds
[2024-09-30 16:25:27,235] {processor.py:153} INFO - Started process (PID=2905) to work on /opt/airflow/dags/7.1-ExternalTaskSensor.py
[2024-09-30 16:25:27,236] {processor.py:641} INFO - Processing file /opt/airflow/dags/7.1-ExternalTaskSensor.py for tasks to queue
[2024-09-30 16:25:27,236] {logging_mixin.py:115} INFO - [2024-09-30 16:25:27,236] {dagbag.py:508} INFO - Filling up the DagBag from /opt/airflow/dags/7.1-ExternalTaskSensor.py
[2024-09-30 16:25:27,242] {processor.py:651} INFO - DAG(s) dict_keys(['7.1-ExternalTaskSensor']) retrieved from /opt/airflow/dags/7.1-ExternalTaskSensor.py
[2024-09-30 16:25:27,257] {logging_mixin.py:115} INFO - [2024-09-30 16:25:27,257] {dag.py:2420} INFO - Sync 1 DAGs
[2024-09-30 16:25:27,272] {logging_mixin.py:115} INFO - [2024-09-30 16:25:27,272] {dag.py:2972} INFO - Setting next_dagrun for 7.1-ExternalTaskSensor to 2024-08-12T00:00:00+00:00, run_after=2024-08-13T00:00:00+00:00
[2024-09-30 16:25:27,280] {processor.py:161} INFO - Processing /opt/airflow/dags/7.1-ExternalTaskSensor.py took 0.047 seconds
[2024-09-30 16:25:57,767] {processor.py:153} INFO - Started process (PID=2944) to work on /opt/airflow/dags/7.1-ExternalTaskSensor.py
[2024-09-30 16:25:57,768] {processor.py:641} INFO - Processing file /opt/airflow/dags/7.1-ExternalTaskSensor.py for tasks to queue
[2024-09-30 16:25:57,768] {logging_mixin.py:115} INFO - [2024-09-30 16:25:57,768] {dagbag.py:508} INFO - Filling up the DagBag from /opt/airflow/dags/7.1-ExternalTaskSensor.py
[2024-09-30 16:25:57,774] {processor.py:651} INFO - DAG(s) dict_keys(['7.1-ExternalTaskSensor']) retrieved from /opt/airflow/dags/7.1-ExternalTaskSensor.py
[2024-09-30 16:25:57,789] {logging_mixin.py:115} INFO - [2024-09-30 16:25:57,789] {dag.py:2420} INFO - Sync 1 DAGs
[2024-09-30 16:25:57,803] {logging_mixin.py:115} INFO - [2024-09-30 16:25:57,803] {dag.py:2972} INFO - Setting next_dagrun for 7.1-ExternalTaskSensor to 2024-08-12T00:00:00+00:00, run_after=2024-08-13T00:00:00+00:00
[2024-09-30 16:25:57,812] {processor.py:161} INFO - Processing /opt/airflow/dags/7.1-ExternalTaskSensor.py took 0.047 seconds
[2024-09-30 16:26:28,228] {processor.py:153} INFO - Started process (PID=2974) to work on /opt/airflow/dags/7.1-ExternalTaskSensor.py
[2024-09-30 16:26:28,229] {processor.py:641} INFO - Processing file /opt/airflow/dags/7.1-ExternalTaskSensor.py for tasks to queue
[2024-09-30 16:26:28,229] {logging_mixin.py:115} INFO - [2024-09-30 16:26:28,229] {dagbag.py:508} INFO - Filling up the DagBag from /opt/airflow/dags/7.1-ExternalTaskSensor.py
[2024-09-30 16:26:28,234] {processor.py:651} INFO - DAG(s) dict_keys(['7.1-ExternalTaskSensor']) retrieved from /opt/airflow/dags/7.1-ExternalTaskSensor.py
[2024-09-30 16:26:28,250] {logging_mixin.py:115} INFO - [2024-09-30 16:26:28,250] {dag.py:2420} INFO - Sync 1 DAGs
[2024-09-30 16:26:28,264] {logging_mixin.py:115} INFO - [2024-09-30 16:26:28,264] {dag.py:2972} INFO - Setting next_dagrun for 7.1-ExternalTaskSensor to 2024-08-12T00:00:00+00:00, run_after=2024-08-13T00:00:00+00:00
[2024-09-30 16:26:28,271] {processor.py:161} INFO - Processing /opt/airflow/dags/7.1-ExternalTaskSensor.py took 0.045 seconds
[2024-09-30 16:26:58,723] {processor.py:153} INFO - Started process (PID=3013) to work on /opt/airflow/dags/7.1-ExternalTaskSensor.py
[2024-09-30 16:26:58,723] {processor.py:641} INFO - Processing file /opt/airflow/dags/7.1-ExternalTaskSensor.py for tasks to queue
[2024-09-30 16:26:58,724] {logging_mixin.py:115} INFO - [2024-09-30 16:26:58,724] {dagbag.py:508} INFO - Filling up the DagBag from /opt/airflow/dags/7.1-ExternalTaskSensor.py
[2024-09-30 16:26:58,729] {processor.py:651} INFO - DAG(s) dict_keys(['7.1-ExternalTaskSensor']) retrieved from /opt/airflow/dags/7.1-ExternalTaskSensor.py
[2024-09-30 16:26:58,745] {logging_mixin.py:115} INFO - [2024-09-30 16:26:58,745] {dag.py:2420} INFO - Sync 1 DAGs
[2024-09-30 16:26:58,760] {logging_mixin.py:115} INFO - [2024-09-30 16:26:58,760] {dag.py:2972} INFO - Setting next_dagrun for 7.1-ExternalTaskSensor to 2024-08-12T00:00:00+00:00, run_after=2024-08-13T00:00:00+00:00
[2024-09-30 16:26:58,768] {processor.py:161} INFO - Processing /opt/airflow/dags/7.1-ExternalTaskSensor.py took 0.047 seconds
[2024-09-30 16:27:29,216] {processor.py:153} INFO - Started process (PID=3052) to work on /opt/airflow/dags/7.1-ExternalTaskSensor.py
[2024-09-30 16:27:29,216] {processor.py:641} INFO - Processing file /opt/airflow/dags/7.1-ExternalTaskSensor.py for tasks to queue
[2024-09-30 16:27:29,216] {logging_mixin.py:115} INFO - [2024-09-30 16:27:29,216] {dagbag.py:508} INFO - Filling up the DagBag from /opt/airflow/dags/7.1-ExternalTaskSensor.py
[2024-09-30 16:27:29,221] {processor.py:651} INFO - DAG(s) dict_keys(['7.1-ExternalTaskSensor']) retrieved from /opt/airflow/dags/7.1-ExternalTaskSensor.py
[2024-09-30 16:27:29,236] {logging_mixin.py:115} INFO - [2024-09-30 16:27:29,236] {dag.py:2420} INFO - Sync 1 DAGs
[2024-09-30 16:27:29,249] {logging_mixin.py:115} INFO - [2024-09-30 16:27:29,249] {dag.py:2972} INFO - Setting next_dagrun for 7.1-ExternalTaskSensor to 2024-08-12T00:00:00+00:00, run_after=2024-08-13T00:00:00+00:00
[2024-09-30 16:27:29,258] {processor.py:161} INFO - Processing /opt/airflow/dags/7.1-ExternalTaskSensor.py took 0.044 seconds
[2024-09-30 16:27:59,733] {processor.py:153} INFO - Started process (PID=3091) to work on /opt/airflow/dags/7.1-ExternalTaskSensor.py
[2024-09-30 16:27:59,733] {processor.py:641} INFO - Processing file /opt/airflow/dags/7.1-ExternalTaskSensor.py for tasks to queue
[2024-09-30 16:27:59,734] {logging_mixin.py:115} INFO - [2024-09-30 16:27:59,734] {dagbag.py:508} INFO - Filling up the DagBag from /opt/airflow/dags/7.1-ExternalTaskSensor.py
[2024-09-30 16:27:59,739] {processor.py:651} INFO - DAG(s) dict_keys(['7.1-ExternalTaskSensor']) retrieved from /opt/airflow/dags/7.1-ExternalTaskSensor.py
[2024-09-30 16:27:59,754] {logging_mixin.py:115} INFO - [2024-09-30 16:27:59,754] {dag.py:2420} INFO - Sync 1 DAGs
[2024-09-30 16:27:59,767] {logging_mixin.py:115} INFO - [2024-09-30 16:27:59,767] {dag.py:2972} INFO - Setting next_dagrun for 7.1-ExternalTaskSensor to 2024-08-12T00:00:00+00:00, run_after=2024-08-13T00:00:00+00:00
[2024-09-30 16:27:59,774] {processor.py:161} INFO - Processing /opt/airflow/dags/7.1-ExternalTaskSensor.py took 0.043 seconds
[2024-09-30 16:28:30,231] {processor.py:153} INFO - Started process (PID=3130) to work on /opt/airflow/dags/7.1-ExternalTaskSensor.py
[2024-09-30 16:28:30,232] {processor.py:641} INFO - Processing file /opt/airflow/dags/7.1-ExternalTaskSensor.py for tasks to queue
[2024-09-30 16:28:30,232] {logging_mixin.py:115} INFO - [2024-09-30 16:28:30,232] {dagbag.py:508} INFO - Filling up the DagBag from /opt/airflow/dags/7.1-ExternalTaskSensor.py
[2024-09-30 16:28:30,239] {processor.py:651} INFO - DAG(s) dict_keys(['7.1-ExternalTaskSensor']) retrieved from /opt/airflow/dags/7.1-ExternalTaskSensor.py
[2024-09-30 16:28:30,256] {logging_mixin.py:115} INFO - [2024-09-30 16:28:30,256] {dag.py:2420} INFO - Sync 1 DAGs
[2024-09-30 16:28:30,270] {logging_mixin.py:115} INFO - [2024-09-30 16:28:30,270] {dag.py:2972} INFO - Setting next_dagrun for 7.1-ExternalTaskSensor to 2024-08-12T00:00:00+00:00, run_after=2024-08-13T00:00:00+00:00
[2024-09-30 16:28:30,277] {processor.py:161} INFO - Processing /opt/airflow/dags/7.1-ExternalTaskSensor.py took 0.048 seconds
[2024-09-30 16:29:00,771] {processor.py:153} INFO - Started process (PID=3170) to work on /opt/airflow/dags/7.1-ExternalTaskSensor.py
[2024-09-30 16:29:00,771] {processor.py:641} INFO - Processing file /opt/airflow/dags/7.1-ExternalTaskSensor.py for tasks to queue
[2024-09-30 16:29:00,772] {logging_mixin.py:115} INFO - [2024-09-30 16:29:00,771] {dagbag.py:508} INFO - Filling up the DagBag from /opt/airflow/dags/7.1-ExternalTaskSensor.py
[2024-09-30 16:29:00,781] {processor.py:651} INFO - DAG(s) dict_keys(['7.1-ExternalTaskSensor']) retrieved from /opt/airflow/dags/7.1-ExternalTaskSensor.py
[2024-09-30 16:29:00,799] {logging_mixin.py:115} INFO - [2024-09-30 16:29:00,799] {dag.py:2420} INFO - Sync 1 DAGs
[2024-09-30 16:29:00,814] {logging_mixin.py:115} INFO - [2024-09-30 16:29:00,813] {dag.py:2972} INFO - Setting next_dagrun for 7.1-ExternalTaskSensor to 2024-08-12T00:00:00+00:00, run_after=2024-08-13T00:00:00+00:00
[2024-09-30 16:29:00,822] {processor.py:161} INFO - Processing /opt/airflow/dags/7.1-ExternalTaskSensor.py took 0.054 seconds
[2024-09-30 16:29:31,277] {processor.py:153} INFO - Started process (PID=3200) to work on /opt/airflow/dags/7.1-ExternalTaskSensor.py
[2024-09-30 16:29:31,278] {processor.py:641} INFO - Processing file /opt/airflow/dags/7.1-ExternalTaskSensor.py for tasks to queue
[2024-09-30 16:29:31,278] {logging_mixin.py:115} INFO - [2024-09-30 16:29:31,278] {dagbag.py:508} INFO - Filling up the DagBag from /opt/airflow/dags/7.1-ExternalTaskSensor.py
[2024-09-30 16:29:31,283] {processor.py:651} INFO - DAG(s) dict_keys(['7.1-ExternalTaskSensor']) retrieved from /opt/airflow/dags/7.1-ExternalTaskSensor.py
[2024-09-30 16:29:31,299] {logging_mixin.py:115} INFO - [2024-09-30 16:29:31,299] {dag.py:2420} INFO - Sync 1 DAGs
[2024-09-30 16:29:31,313] {logging_mixin.py:115} INFO - [2024-09-30 16:29:31,313] {dag.py:2972} INFO - Setting next_dagrun for 7.1-ExternalTaskSensor to 2024-08-12T00:00:00+00:00, run_after=2024-08-13T00:00:00+00:00
[2024-09-30 16:29:31,321] {processor.py:161} INFO - Processing /opt/airflow/dags/7.1-ExternalTaskSensor.py took 0.046 seconds
[2024-09-30 16:30:01,798] {processor.py:153} INFO - Started process (PID=3239) to work on /opt/airflow/dags/7.1-ExternalTaskSensor.py
[2024-09-30 16:30:01,798] {processor.py:641} INFO - Processing file /opt/airflow/dags/7.1-ExternalTaskSensor.py for tasks to queue
[2024-09-30 16:30:01,799] {logging_mixin.py:115} INFO - [2024-09-30 16:30:01,799] {dagbag.py:508} INFO - Filling up the DagBag from /opt/airflow/dags/7.1-ExternalTaskSensor.py
[2024-09-30 16:30:01,803] {processor.py:651} INFO - DAG(s) dict_keys(['7.1-ExternalTaskSensor']) retrieved from /opt/airflow/dags/7.1-ExternalTaskSensor.py
[2024-09-30 16:30:01,820] {logging_mixin.py:115} INFO - [2024-09-30 16:30:01,820] {dag.py:2420} INFO - Sync 1 DAGs
[2024-09-30 16:30:01,833] {logging_mixin.py:115} INFO - [2024-09-30 16:30:01,833] {dag.py:2972} INFO - Setting next_dagrun for 7.1-ExternalTaskSensor to 2024-08-12T00:00:00+00:00, run_after=2024-08-13T00:00:00+00:00
[2024-09-30 16:30:01,841] {processor.py:161} INFO - Processing /opt/airflow/dags/7.1-ExternalTaskSensor.py took 0.045 seconds
[2024-09-30 16:30:32,228] {processor.py:153} INFO - Started process (PID=3277) to work on /opt/airflow/dags/7.1-ExternalTaskSensor.py
[2024-09-30 16:30:32,229] {processor.py:641} INFO - Processing file /opt/airflow/dags/7.1-ExternalTaskSensor.py for tasks to queue
[2024-09-30 16:30:32,229] {logging_mixin.py:115} INFO - [2024-09-30 16:30:32,229] {dagbag.py:508} INFO - Filling up the DagBag from /opt/airflow/dags/7.1-ExternalTaskSensor.py
[2024-09-30 16:30:32,235] {processor.py:651} INFO - DAG(s) dict_keys(['7.1-ExternalTaskSensor']) retrieved from /opt/airflow/dags/7.1-ExternalTaskSensor.py
[2024-09-30 16:30:32,250] {logging_mixin.py:115} INFO - [2024-09-30 16:30:32,250] {dag.py:2420} INFO - Sync 1 DAGs
[2024-09-30 16:30:32,265] {logging_mixin.py:115} INFO - [2024-09-30 16:30:32,265] {dag.py:2972} INFO - Setting next_dagrun for 7.1-ExternalTaskSensor to 2024-08-12T00:00:00+00:00, run_after=2024-08-13T00:00:00+00:00
[2024-09-30 16:30:32,273] {processor.py:161} INFO - Processing /opt/airflow/dags/7.1-ExternalTaskSensor.py took 0.047 seconds
[2024-09-30 16:31:02,670] {processor.py:153} INFO - Started process (PID=3316) to work on /opt/airflow/dags/7.1-ExternalTaskSensor.py
[2024-09-30 16:31:02,670] {processor.py:641} INFO - Processing file /opt/airflow/dags/7.1-ExternalTaskSensor.py for tasks to queue
[2024-09-30 16:31:02,670] {logging_mixin.py:115} INFO - [2024-09-30 16:31:02,670] {dagbag.py:508} INFO - Filling up the DagBag from /opt/airflow/dags/7.1-ExternalTaskSensor.py
[2024-09-30 16:31:02,676] {processor.py:651} INFO - DAG(s) dict_keys(['7.1-ExternalTaskSensor']) retrieved from /opt/airflow/dags/7.1-ExternalTaskSensor.py
[2024-09-30 16:31:02,692] {logging_mixin.py:115} INFO - [2024-09-30 16:31:02,692] {dag.py:2420} INFO - Sync 1 DAGs
[2024-09-30 16:31:02,706] {logging_mixin.py:115} INFO - [2024-09-30 16:31:02,705] {dag.py:2972} INFO - Setting next_dagrun for 7.1-ExternalTaskSensor to 2024-08-12T00:00:00+00:00, run_after=2024-08-13T00:00:00+00:00
[2024-09-30 16:31:02,715] {processor.py:161} INFO - Processing /opt/airflow/dags/7.1-ExternalTaskSensor.py took 0.047 seconds
[2024-09-30 16:31:33,087] {processor.py:153} INFO - Started process (PID=3355) to work on /opt/airflow/dags/7.1-ExternalTaskSensor.py
[2024-09-30 16:31:33,087] {processor.py:641} INFO - Processing file /opt/airflow/dags/7.1-ExternalTaskSensor.py for tasks to queue
[2024-09-30 16:31:33,087] {logging_mixin.py:115} INFO - [2024-09-30 16:31:33,087] {dagbag.py:508} INFO - Filling up the DagBag from /opt/airflow/dags/7.1-ExternalTaskSensor.py
[2024-09-30 16:31:33,093] {processor.py:651} INFO - DAG(s) dict_keys(['7.1-ExternalTaskSensor']) retrieved from /opt/airflow/dags/7.1-ExternalTaskSensor.py
[2024-09-30 16:31:33,108] {logging_mixin.py:115} INFO - [2024-09-30 16:31:33,108] {dag.py:2420} INFO - Sync 1 DAGs
[2024-09-30 16:31:33,123] {logging_mixin.py:115} INFO - [2024-09-30 16:31:33,122] {dag.py:2972} INFO - Setting next_dagrun for 7.1-ExternalTaskSensor to 2024-08-12T00:00:00+00:00, run_after=2024-08-13T00:00:00+00:00
[2024-09-30 16:31:33,130] {processor.py:161} INFO - Processing /opt/airflow/dags/7.1-ExternalTaskSensor.py took 0.045 seconds
[2024-09-30 16:32:03,546] {processor.py:153} INFO - Started process (PID=3394) to work on /opt/airflow/dags/7.1-ExternalTaskSensor.py
[2024-09-30 16:32:03,547] {processor.py:641} INFO - Processing file /opt/airflow/dags/7.1-ExternalTaskSensor.py for tasks to queue
[2024-09-30 16:32:03,547] {logging_mixin.py:115} INFO - [2024-09-30 16:32:03,547] {dagbag.py:508} INFO - Filling up the DagBag from /opt/airflow/dags/7.1-ExternalTaskSensor.py
[2024-09-30 16:32:03,553] {processor.py:651} INFO - DAG(s) dict_keys(['7.1-ExternalTaskSensor']) retrieved from /opt/airflow/dags/7.1-ExternalTaskSensor.py
[2024-09-30 16:32:03,575] {logging_mixin.py:115} INFO - [2024-09-30 16:32:03,575] {dag.py:2420} INFO - Sync 1 DAGs
[2024-09-30 16:32:03,594] {logging_mixin.py:115} INFO - [2024-09-30 16:32:03,594] {dag.py:2972} INFO - Setting next_dagrun for 7.1-ExternalTaskSensor to 2024-08-12T00:00:00+00:00, run_after=2024-08-13T00:00:00+00:00
[2024-09-30 16:32:03,604] {processor.py:161} INFO - Processing /opt/airflow/dags/7.1-ExternalTaskSensor.py took 0.061 seconds
[2024-09-30 16:32:34,061] {processor.py:153} INFO - Started process (PID=3423) to work on /opt/airflow/dags/7.1-ExternalTaskSensor.py
[2024-09-30 16:32:34,061] {processor.py:641} INFO - Processing file /opt/airflow/dags/7.1-ExternalTaskSensor.py for tasks to queue
[2024-09-30 16:32:34,062] {logging_mixin.py:115} INFO - [2024-09-30 16:32:34,062] {dagbag.py:508} INFO - Filling up the DagBag from /opt/airflow/dags/7.1-ExternalTaskSensor.py
[2024-09-30 16:32:34,068] {processor.py:651} INFO - DAG(s) dict_keys(['7.1-ExternalTaskSensor']) retrieved from /opt/airflow/dags/7.1-ExternalTaskSensor.py
[2024-09-30 16:32:34,092] {logging_mixin.py:115} INFO - [2024-09-30 16:32:34,092] {dag.py:2420} INFO - Sync 1 DAGs
[2024-09-30 16:32:34,112] {logging_mixin.py:115} INFO - [2024-09-30 16:32:34,112] {dag.py:2972} INFO - Setting next_dagrun for 7.1-ExternalTaskSensor to 2024-08-12T00:00:00+00:00, run_after=2024-08-13T00:00:00+00:00
[2024-09-30 16:32:34,122] {processor.py:161} INFO - Processing /opt/airflow/dags/7.1-ExternalTaskSensor.py took 0.064 seconds
[2024-09-30 16:33:04,567] {processor.py:153} INFO - Started process (PID=3462) to work on /opt/airflow/dags/7.1-ExternalTaskSensor.py
[2024-09-30 16:33:04,567] {processor.py:641} INFO - Processing file /opt/airflow/dags/7.1-ExternalTaskSensor.py for tasks to queue
[2024-09-30 16:33:04,568] {logging_mixin.py:115} INFO - [2024-09-30 16:33:04,567] {dagbag.py:508} INFO - Filling up the DagBag from /opt/airflow/dags/7.1-ExternalTaskSensor.py
[2024-09-30 16:33:04,575] {processor.py:651} INFO - DAG(s) dict_keys(['7.1-ExternalTaskSensor']) retrieved from /opt/airflow/dags/7.1-ExternalTaskSensor.py
[2024-09-30 16:33:04,599] {logging_mixin.py:115} INFO - [2024-09-30 16:33:04,599] {dag.py:2420} INFO - Sync 1 DAGs
[2024-09-30 16:33:04,619] {logging_mixin.py:115} INFO - [2024-09-30 16:33:04,619] {dag.py:2972} INFO - Setting next_dagrun for 7.1-ExternalTaskSensor to 2024-08-12T00:00:00+00:00, run_after=2024-08-13T00:00:00+00:00
[2024-09-30 16:33:04,630] {processor.py:161} INFO - Processing /opt/airflow/dags/7.1-ExternalTaskSensor.py took 0.066 seconds
[2024-09-30 16:33:35,098] {processor.py:153} INFO - Started process (PID=3501) to work on /opt/airflow/dags/7.1-ExternalTaskSensor.py
[2024-09-30 16:33:35,099] {processor.py:641} INFO - Processing file /opt/airflow/dags/7.1-ExternalTaskSensor.py for tasks to queue
[2024-09-30 16:33:35,099] {logging_mixin.py:115} INFO - [2024-09-30 16:33:35,099] {dagbag.py:508} INFO - Filling up the DagBag from /opt/airflow/dags/7.1-ExternalTaskSensor.py
[2024-09-30 16:33:35,108] {processor.py:651} INFO - DAG(s) dict_keys(['7.1-ExternalTaskSensor']) retrieved from /opt/airflow/dags/7.1-ExternalTaskSensor.py
[2024-09-30 16:33:35,124] {logging_mixin.py:115} INFO - [2024-09-30 16:33:35,124] {dag.py:2420} INFO - Sync 1 DAGs
[2024-09-30 16:33:35,144] {logging_mixin.py:115} INFO - [2024-09-30 16:33:35,143] {dag.py:2972} INFO - Setting next_dagrun for 7.1-ExternalTaskSensor to 2024-08-12T00:00:00+00:00, run_after=2024-08-13T00:00:00+00:00
[2024-09-30 16:33:35,153] {processor.py:161} INFO - Processing /opt/airflow/dags/7.1-ExternalTaskSensor.py took 0.057 seconds
[2024-09-30 16:34:05,520] {processor.py:153} INFO - Started process (PID=3540) to work on /opt/airflow/dags/7.1-ExternalTaskSensor.py
[2024-09-30 16:34:05,520] {processor.py:641} INFO - Processing file /opt/airflow/dags/7.1-ExternalTaskSensor.py for tasks to queue
[2024-09-30 16:34:05,520] {logging_mixin.py:115} INFO - [2024-09-30 16:34:05,520] {dagbag.py:508} INFO - Filling up the DagBag from /opt/airflow/dags/7.1-ExternalTaskSensor.py
[2024-09-30 16:34:05,526] {processor.py:651} INFO - DAG(s) dict_keys(['7.1-ExternalTaskSensor']) retrieved from /opt/airflow/dags/7.1-ExternalTaskSensor.py
[2024-09-30 16:34:05,541] {logging_mixin.py:115} INFO - [2024-09-30 16:34:05,540] {dag.py:2420} INFO - Sync 1 DAGs
[2024-09-30 16:34:05,554] {logging_mixin.py:115} INFO - [2024-09-30 16:34:05,554] {dag.py:2972} INFO - Setting next_dagrun for 7.1-ExternalTaskSensor to 2024-08-12T00:00:00+00:00, run_after=2024-08-13T00:00:00+00:00
[2024-09-30 16:34:05,561] {processor.py:161} INFO - Processing /opt/airflow/dags/7.1-ExternalTaskSensor.py took 0.044 seconds
[2024-09-30 16:34:35,993] {processor.py:153} INFO - Started process (PID=3579) to work on /opt/airflow/dags/7.1-ExternalTaskSensor.py
[2024-09-30 16:34:35,993] {processor.py:641} INFO - Processing file /opt/airflow/dags/7.1-ExternalTaskSensor.py for tasks to queue
[2024-09-30 16:34:35,993] {logging_mixin.py:115} INFO - [2024-09-30 16:34:35,993] {dagbag.py:508} INFO - Filling up the DagBag from /opt/airflow/dags/7.1-ExternalTaskSensor.py
[2024-09-30 16:34:35,998] {processor.py:651} INFO - DAG(s) dict_keys(['7.1-ExternalTaskSensor']) retrieved from /opt/airflow/dags/7.1-ExternalTaskSensor.py
[2024-09-30 16:34:36,013] {logging_mixin.py:115} INFO - [2024-09-30 16:34:36,013] {dag.py:2420} INFO - Sync 1 DAGs
[2024-09-30 16:34:36,026] {logging_mixin.py:115} INFO - [2024-09-30 16:34:36,026] {dag.py:2972} INFO - Setting next_dagrun for 7.1-ExternalTaskSensor to 2024-08-12T00:00:00+00:00, run_after=2024-08-13T00:00:00+00:00
[2024-09-30 16:34:36,033] {processor.py:161} INFO - Processing /opt/airflow/dags/7.1-ExternalTaskSensor.py took 0.043 seconds
[2024-09-30 16:35:06,470] {processor.py:153} INFO - Started process (PID=3616) to work on /opt/airflow/dags/7.1-ExternalTaskSensor.py
[2024-09-30 16:35:06,470] {processor.py:641} INFO - Processing file /opt/airflow/dags/7.1-ExternalTaskSensor.py for tasks to queue
[2024-09-30 16:35:06,471] {logging_mixin.py:115} INFO - [2024-09-30 16:35:06,471] {dagbag.py:508} INFO - Filling up the DagBag from /opt/airflow/dags/7.1-ExternalTaskSensor.py
[2024-09-30 16:35:06,476] {processor.py:651} INFO - DAG(s) dict_keys(['7.1-ExternalTaskSensor']) retrieved from /opt/airflow/dags/7.1-ExternalTaskSensor.py
[2024-09-30 16:35:06,494] {logging_mixin.py:115} INFO - [2024-09-30 16:35:06,494] {dag.py:2420} INFO - Sync 1 DAGs
[2024-09-30 16:35:06,509] {logging_mixin.py:115} INFO - [2024-09-30 16:35:06,509] {dag.py:2972} INFO - Setting next_dagrun for 7.1-ExternalTaskSensor to 2024-08-12T00:00:00+00:00, run_after=2024-08-13T00:00:00+00:00
[2024-09-30 16:35:06,518] {processor.py:161} INFO - Processing /opt/airflow/dags/7.1-ExternalTaskSensor.py took 0.050 seconds
[2024-09-30 16:35:36,957] {processor.py:153} INFO - Started process (PID=3648) to work on /opt/airflow/dags/7.1-ExternalTaskSensor.py
[2024-09-30 16:35:36,957] {processor.py:641} INFO - Processing file /opt/airflow/dags/7.1-ExternalTaskSensor.py for tasks to queue
[2024-09-30 16:35:36,958] {logging_mixin.py:115} INFO - [2024-09-30 16:35:36,958] {dagbag.py:508} INFO - Filling up the DagBag from /opt/airflow/dags/7.1-ExternalTaskSensor.py
[2024-09-30 16:35:36,963] {processor.py:651} INFO - DAG(s) dict_keys(['7.1-ExternalTaskSensor']) retrieved from /opt/airflow/dags/7.1-ExternalTaskSensor.py
[2024-09-30 16:35:36,978] {logging_mixin.py:115} INFO - [2024-09-30 16:35:36,978] {dag.py:2420} INFO - Sync 1 DAGs
[2024-09-30 16:35:36,991] {logging_mixin.py:115} INFO - [2024-09-30 16:35:36,991] {dag.py:2972} INFO - Setting next_dagrun for 7.1-ExternalTaskSensor to 2024-08-12T00:00:00+00:00, run_after=2024-08-13T00:00:00+00:00
[2024-09-30 16:35:36,998] {processor.py:161} INFO - Processing /opt/airflow/dags/7.1-ExternalTaskSensor.py took 0.043 seconds
[2024-09-30 16:36:07,429] {processor.py:153} INFO - Started process (PID=3687) to work on /opt/airflow/dags/7.1-ExternalTaskSensor.py
[2024-09-30 16:36:07,429] {processor.py:641} INFO - Processing file /opt/airflow/dags/7.1-ExternalTaskSensor.py for tasks to queue
[2024-09-30 16:36:07,429] {logging_mixin.py:115} INFO - [2024-09-30 16:36:07,429] {dagbag.py:508} INFO - Filling up the DagBag from /opt/airflow/dags/7.1-ExternalTaskSensor.py
[2024-09-30 16:36:07,435] {processor.py:651} INFO - DAG(s) dict_keys(['7.1-ExternalTaskSensor']) retrieved from /opt/airflow/dags/7.1-ExternalTaskSensor.py
[2024-09-30 16:36:07,450] {logging_mixin.py:115} INFO - [2024-09-30 16:36:07,450] {dag.py:2420} INFO - Sync 1 DAGs
[2024-09-30 16:36:07,463] {logging_mixin.py:115} INFO - [2024-09-30 16:36:07,463] {dag.py:2972} INFO - Setting next_dagrun for 7.1-ExternalTaskSensor to 2024-08-12T00:00:00+00:00, run_after=2024-08-13T00:00:00+00:00
[2024-09-30 16:36:07,470] {processor.py:161} INFO - Processing /opt/airflow/dags/7.1-ExternalTaskSensor.py took 0.044 seconds
[2024-09-30 16:36:37,940] {processor.py:153} INFO - Started process (PID=3727) to work on /opt/airflow/dags/7.1-ExternalTaskSensor.py
[2024-09-30 16:36:37,940] {processor.py:641} INFO - Processing file /opt/airflow/dags/7.1-ExternalTaskSensor.py for tasks to queue
[2024-09-30 16:36:37,940] {logging_mixin.py:115} INFO - [2024-09-30 16:36:37,940] {dagbag.py:508} INFO - Filling up the DagBag from /opt/airflow/dags/7.1-ExternalTaskSensor.py
[2024-09-30 16:36:37,946] {processor.py:651} INFO - DAG(s) dict_keys(['7.1-ExternalTaskSensor']) retrieved from /opt/airflow/dags/7.1-ExternalTaskSensor.py
[2024-09-30 16:36:37,960] {logging_mixin.py:115} INFO - [2024-09-30 16:36:37,960] {dag.py:2420} INFO - Sync 1 DAGs
[2024-09-30 16:36:37,974] {logging_mixin.py:115} INFO - [2024-09-30 16:36:37,974] {dag.py:2972} INFO - Setting next_dagrun for 7.1-ExternalTaskSensor to 2024-08-12T00:00:00+00:00, run_after=2024-08-13T00:00:00+00:00
[2024-09-30 16:36:37,981] {processor.py:161} INFO - Processing /opt/airflow/dags/7.1-ExternalTaskSensor.py took 0.043 seconds
[2024-09-30 16:37:08,424] {processor.py:153} INFO - Started process (PID=3766) to work on /opt/airflow/dags/7.1-ExternalTaskSensor.py
[2024-09-30 16:37:08,424] {processor.py:641} INFO - Processing file /opt/airflow/dags/7.1-ExternalTaskSensor.py for tasks to queue
[2024-09-30 16:37:08,425] {logging_mixin.py:115} INFO - [2024-09-30 16:37:08,425] {dagbag.py:508} INFO - Filling up the DagBag from /opt/airflow/dags/7.1-ExternalTaskSensor.py
[2024-09-30 16:37:08,429] {processor.py:651} INFO - DAG(s) dict_keys(['7.1-ExternalTaskSensor']) retrieved from /opt/airflow/dags/7.1-ExternalTaskSensor.py
[2024-09-30 16:37:08,446] {logging_mixin.py:115} INFO - [2024-09-30 16:37:08,446] {dag.py:2420} INFO - Sync 1 DAGs
[2024-09-30 16:37:08,461] {logging_mixin.py:115} INFO - [2024-09-30 16:37:08,461] {dag.py:2972} INFO - Setting next_dagrun for 7.1-ExternalTaskSensor to 2024-08-12T00:00:00+00:00, run_after=2024-08-13T00:00:00+00:00
[2024-09-30 16:37:08,468] {processor.py:161} INFO - Processing /opt/airflow/dags/7.1-ExternalTaskSensor.py took 0.047 seconds
[2024-09-30 16:37:38,930] {processor.py:153} INFO - Started process (PID=3804) to work on /opt/airflow/dags/7.1-ExternalTaskSensor.py
[2024-09-30 16:37:38,930] {processor.py:641} INFO - Processing file /opt/airflow/dags/7.1-ExternalTaskSensor.py for tasks to queue
[2024-09-30 16:37:38,930] {logging_mixin.py:115} INFO - [2024-09-30 16:37:38,930] {dagbag.py:508} INFO - Filling up the DagBag from /opt/airflow/dags/7.1-ExternalTaskSensor.py
[2024-09-30 16:37:38,936] {processor.py:651} INFO - DAG(s) dict_keys(['7.1-ExternalTaskSensor']) retrieved from /opt/airflow/dags/7.1-ExternalTaskSensor.py
[2024-09-30 16:37:38,953] {logging_mixin.py:115} INFO - [2024-09-30 16:37:38,953] {dag.py:2420} INFO - Sync 1 DAGs
[2024-09-30 16:37:38,967] {logging_mixin.py:115} INFO - [2024-09-30 16:37:38,967] {dag.py:2972} INFO - Setting next_dagrun for 7.1-ExternalTaskSensor to 2024-08-12T00:00:00+00:00, run_after=2024-08-13T00:00:00+00:00
[2024-09-30 16:37:38,974] {processor.py:161} INFO - Processing /opt/airflow/dags/7.1-ExternalTaskSensor.py took 0.046 seconds
[2024-09-30 16:38:09,370] {processor.py:153} INFO - Started process (PID=3834) to work on /opt/airflow/dags/7.1-ExternalTaskSensor.py
[2024-09-30 16:38:09,370] {processor.py:641} INFO - Processing file /opt/airflow/dags/7.1-ExternalTaskSensor.py for tasks to queue
[2024-09-30 16:38:09,371] {logging_mixin.py:115} INFO - [2024-09-30 16:38:09,370] {dagbag.py:508} INFO - Filling up the DagBag from /opt/airflow/dags/7.1-ExternalTaskSensor.py
[2024-09-30 16:38:09,376] {processor.py:651} INFO - DAG(s) dict_keys(['7.1-ExternalTaskSensor']) retrieved from /opt/airflow/dags/7.1-ExternalTaskSensor.py
[2024-09-30 16:38:09,395] {logging_mixin.py:115} INFO - [2024-09-30 16:38:09,395] {dag.py:2420} INFO - Sync 1 DAGs
[2024-09-30 16:38:09,409] {logging_mixin.py:115} INFO - [2024-09-30 16:38:09,409] {dag.py:2972} INFO - Setting next_dagrun for 7.1-ExternalTaskSensor to 2024-08-12T00:00:00+00:00, run_after=2024-08-13T00:00:00+00:00
[2024-09-30 16:38:09,416] {processor.py:161} INFO - Processing /opt/airflow/dags/7.1-ExternalTaskSensor.py took 0.049 seconds
[2024-09-30 16:38:39,865] {processor.py:153} INFO - Started process (PID=3873) to work on /opt/airflow/dags/7.1-ExternalTaskSensor.py
[2024-09-30 16:38:39,865] {processor.py:641} INFO - Processing file /opt/airflow/dags/7.1-ExternalTaskSensor.py for tasks to queue
[2024-09-30 16:38:39,866] {logging_mixin.py:115} INFO - [2024-09-30 16:38:39,866] {dagbag.py:508} INFO - Filling up the DagBag from /opt/airflow/dags/7.1-ExternalTaskSensor.py
[2024-09-30 16:38:39,871] {processor.py:651} INFO - DAG(s) dict_keys(['7.1-ExternalTaskSensor']) retrieved from /opt/airflow/dags/7.1-ExternalTaskSensor.py
[2024-09-30 16:38:39,886] {logging_mixin.py:115} INFO - [2024-09-30 16:38:39,886] {dag.py:2420} INFO - Sync 1 DAGs
[2024-09-30 16:38:39,899] {logging_mixin.py:115} INFO - [2024-09-30 16:38:39,899] {dag.py:2972} INFO - Setting next_dagrun for 7.1-ExternalTaskSensor to 2024-08-12T00:00:00+00:00, run_after=2024-08-13T00:00:00+00:00
[2024-09-30 16:38:39,907] {processor.py:161} INFO - Processing /opt/airflow/dags/7.1-ExternalTaskSensor.py took 0.044 seconds
[2024-09-30 16:39:10,336] {processor.py:153} INFO - Started process (PID=3912) to work on /opt/airflow/dags/7.1-ExternalTaskSensor.py
[2024-09-30 16:39:10,337] {processor.py:641} INFO - Processing file /opt/airflow/dags/7.1-ExternalTaskSensor.py for tasks to queue
[2024-09-30 16:39:10,337] {logging_mixin.py:115} INFO - [2024-09-30 16:39:10,337] {dagbag.py:508} INFO - Filling up the DagBag from /opt/airflow/dags/7.1-ExternalTaskSensor.py
[2024-09-30 16:39:10,343] {processor.py:651} INFO - DAG(s) dict_keys(['7.1-ExternalTaskSensor']) retrieved from /opt/airflow/dags/7.1-ExternalTaskSensor.py
[2024-09-30 16:39:10,358] {logging_mixin.py:115} INFO - [2024-09-30 16:39:10,358] {dag.py:2420} INFO - Sync 1 DAGs
[2024-09-30 16:39:10,372] {logging_mixin.py:115} INFO - [2024-09-30 16:39:10,372] {dag.py:2972} INFO - Setting next_dagrun for 7.1-ExternalTaskSensor to 2024-08-12T00:00:00+00:00, run_after=2024-08-13T00:00:00+00:00
[2024-09-30 16:39:10,379] {processor.py:161} INFO - Processing /opt/airflow/dags/7.1-ExternalTaskSensor.py took 0.045 seconds
[2024-09-30 16:39:40,856] {processor.py:153} INFO - Started process (PID=3951) to work on /opt/airflow/dags/7.1-ExternalTaskSensor.py
[2024-09-30 16:39:40,857] {processor.py:641} INFO - Processing file /opt/airflow/dags/7.1-ExternalTaskSensor.py for tasks to queue
[2024-09-30 16:39:40,857] {logging_mixin.py:115} INFO - [2024-09-30 16:39:40,857] {dagbag.py:508} INFO - Filling up the DagBag from /opt/airflow/dags/7.1-ExternalTaskSensor.py
[2024-09-30 16:39:40,862] {processor.py:651} INFO - DAG(s) dict_keys(['7.1-ExternalTaskSensor']) retrieved from /opt/airflow/dags/7.1-ExternalTaskSensor.py
[2024-09-30 16:39:40,881] {logging_mixin.py:115} INFO - [2024-09-30 16:39:40,881] {dag.py:2420} INFO - Sync 1 DAGs
[2024-09-30 16:39:40,896] {logging_mixin.py:115} INFO - [2024-09-30 16:39:40,896] {dag.py:2972} INFO - Setting next_dagrun for 7.1-ExternalTaskSensor to 2024-08-12T00:00:00+00:00, run_after=2024-08-13T00:00:00+00:00
[2024-09-30 16:39:40,904] {processor.py:161} INFO - Processing /opt/airflow/dags/7.1-ExternalTaskSensor.py took 0.050 seconds
[2024-09-30 16:40:11,307] {processor.py:153} INFO - Started process (PID=3990) to work on /opt/airflow/dags/7.1-ExternalTaskSensor.py
[2024-09-30 16:40:11,307] {processor.py:641} INFO - Processing file /opt/airflow/dags/7.1-ExternalTaskSensor.py for tasks to queue
[2024-09-30 16:40:11,308] {logging_mixin.py:115} INFO - [2024-09-30 16:40:11,308] {dagbag.py:508} INFO - Filling up the DagBag from /opt/airflow/dags/7.1-ExternalTaskSensor.py
[2024-09-30 16:40:11,313] {processor.py:651} INFO - DAG(s) dict_keys(['7.1-ExternalTaskSensor']) retrieved from /opt/airflow/dags/7.1-ExternalTaskSensor.py
[2024-09-30 16:40:11,329] {logging_mixin.py:115} INFO - [2024-09-30 16:40:11,329] {dag.py:2420} INFO - Sync 1 DAGs
[2024-09-30 16:40:11,343] {logging_mixin.py:115} INFO - [2024-09-30 16:40:11,343] {dag.py:2972} INFO - Setting next_dagrun for 7.1-ExternalTaskSensor to 2024-08-12T00:00:00+00:00, run_after=2024-08-13T00:00:00+00:00
[2024-09-30 16:40:11,350] {processor.py:161} INFO - Processing /opt/airflow/dags/7.1-ExternalTaskSensor.py took 0.046 seconds
[2024-09-30 16:40:41,737] {processor.py:153} INFO - Started process (PID=4028) to work on /opt/airflow/dags/7.1-ExternalTaskSensor.py
[2024-09-30 16:40:41,738] {processor.py:641} INFO - Processing file /opt/airflow/dags/7.1-ExternalTaskSensor.py for tasks to queue
[2024-09-30 16:40:41,738] {logging_mixin.py:115} INFO - [2024-09-30 16:40:41,738] {dagbag.py:508} INFO - Filling up the DagBag from /opt/airflow/dags/7.1-ExternalTaskSensor.py
[2024-09-30 16:40:41,744] {processor.py:651} INFO - DAG(s) dict_keys(['7.1-ExternalTaskSensor']) retrieved from /opt/airflow/dags/7.1-ExternalTaskSensor.py
[2024-09-30 16:40:41,760] {logging_mixin.py:115} INFO - [2024-09-30 16:40:41,760] {dag.py:2420} INFO - Sync 1 DAGs
[2024-09-30 16:40:41,777] {logging_mixin.py:115} INFO - [2024-09-30 16:40:41,777] {dag.py:2972} INFO - Setting next_dagrun for 7.1-ExternalTaskSensor to 2024-08-12T00:00:00+00:00, run_after=2024-08-13T00:00:00+00:00
[2024-09-30 16:40:41,784] {processor.py:161} INFO - Processing /opt/airflow/dags/7.1-ExternalTaskSensor.py took 0.049 seconds
[2024-09-30 16:41:12,216] {processor.py:153} INFO - Started process (PID=4058) to work on /opt/airflow/dags/7.1-ExternalTaskSensor.py
[2024-09-30 16:41:12,216] {processor.py:641} INFO - Processing file /opt/airflow/dags/7.1-ExternalTaskSensor.py for tasks to queue
[2024-09-30 16:41:12,217] {logging_mixin.py:115} INFO - [2024-09-30 16:41:12,216] {dagbag.py:508} INFO - Filling up the DagBag from /opt/airflow/dags/7.1-ExternalTaskSensor.py
[2024-09-30 16:41:12,222] {processor.py:651} INFO - DAG(s) dict_keys(['7.1-ExternalTaskSensor']) retrieved from /opt/airflow/dags/7.1-ExternalTaskSensor.py
[2024-09-30 16:41:12,237] {logging_mixin.py:115} INFO - [2024-09-30 16:41:12,237] {dag.py:2420} INFO - Sync 1 DAGs
[2024-09-30 16:41:12,250] {logging_mixin.py:115} INFO - [2024-09-30 16:41:12,250] {dag.py:2972} INFO - Setting next_dagrun for 7.1-ExternalTaskSensor to 2024-08-12T00:00:00+00:00, run_after=2024-08-13T00:00:00+00:00
[2024-09-30 16:41:12,258] {processor.py:161} INFO - Processing /opt/airflow/dags/7.1-ExternalTaskSensor.py took 0.044 seconds
[2024-09-30 16:41:42,738] {processor.py:153} INFO - Started process (PID=4097) to work on /opt/airflow/dags/7.1-ExternalTaskSensor.py
[2024-09-30 16:41:42,739] {processor.py:641} INFO - Processing file /opt/airflow/dags/7.1-ExternalTaskSensor.py for tasks to queue
[2024-09-30 16:41:42,739] {logging_mixin.py:115} INFO - [2024-09-30 16:41:42,739] {dagbag.py:508} INFO - Filling up the DagBag from /opt/airflow/dags/7.1-ExternalTaskSensor.py
[2024-09-30 16:41:42,744] {processor.py:651} INFO - DAG(s) dict_keys(['7.1-ExternalTaskSensor']) retrieved from /opt/airflow/dags/7.1-ExternalTaskSensor.py
[2024-09-30 16:41:42,759] {logging_mixin.py:115} INFO - [2024-09-30 16:41:42,759] {dag.py:2420} INFO - Sync 1 DAGs
[2024-09-30 16:41:42,772] {logging_mixin.py:115} INFO - [2024-09-30 16:41:42,772] {dag.py:2972} INFO - Setting next_dagrun for 7.1-ExternalTaskSensor to 2024-08-12T00:00:00+00:00, run_after=2024-08-13T00:00:00+00:00
[2024-09-30 16:41:42,779] {processor.py:161} INFO - Processing /opt/airflow/dags/7.1-ExternalTaskSensor.py took 0.043 seconds
[2024-09-30 16:42:13,216] {processor.py:153} INFO - Started process (PID=4136) to work on /opt/airflow/dags/7.1-ExternalTaskSensor.py
[2024-09-30 16:42:13,217] {processor.py:641} INFO - Processing file /opt/airflow/dags/7.1-ExternalTaskSensor.py for tasks to queue
[2024-09-30 16:42:13,217] {logging_mixin.py:115} INFO - [2024-09-30 16:42:13,217] {dagbag.py:508} INFO - Filling up the DagBag from /opt/airflow/dags/7.1-ExternalTaskSensor.py
[2024-09-30 16:42:13,222] {processor.py:651} INFO - DAG(s) dict_keys(['7.1-ExternalTaskSensor']) retrieved from /opt/airflow/dags/7.1-ExternalTaskSensor.py
[2024-09-30 16:42:13,237] {logging_mixin.py:115} INFO - [2024-09-30 16:42:13,237] {dag.py:2420} INFO - Sync 1 DAGs
[2024-09-30 16:42:13,251] {logging_mixin.py:115} INFO - [2024-09-30 16:42:13,251] {dag.py:2972} INFO - Setting next_dagrun for 7.1-ExternalTaskSensor to 2024-08-12T00:00:00+00:00, run_after=2024-08-13T00:00:00+00:00
[2024-09-30 16:42:13,258] {processor.py:161} INFO - Processing /opt/airflow/dags/7.1-ExternalTaskSensor.py took 0.044 seconds
[2024-09-30 16:42:43,716] {processor.py:153} INFO - Started process (PID=4175) to work on /opt/airflow/dags/7.1-ExternalTaskSensor.py
[2024-09-30 16:42:43,716] {processor.py:641} INFO - Processing file /opt/airflow/dags/7.1-ExternalTaskSensor.py for tasks to queue
[2024-09-30 16:42:43,717] {logging_mixin.py:115} INFO - [2024-09-30 16:42:43,717] {dagbag.py:508} INFO - Filling up the DagBag from /opt/airflow/dags/7.1-ExternalTaskSensor.py
[2024-09-30 16:42:43,721] {processor.py:651} INFO - DAG(s) dict_keys(['7.1-ExternalTaskSensor']) retrieved from /opt/airflow/dags/7.1-ExternalTaskSensor.py
[2024-09-30 16:42:43,737] {logging_mixin.py:115} INFO - [2024-09-30 16:42:43,736] {dag.py:2420} INFO - Sync 1 DAGs
[2024-09-30 16:42:43,750] {logging_mixin.py:115} INFO - [2024-09-30 16:42:43,750] {dag.py:2972} INFO - Setting next_dagrun for 7.1-ExternalTaskSensor to 2024-08-12T00:00:00+00:00, run_after=2024-08-13T00:00:00+00:00
[2024-09-30 16:42:43,757] {processor.py:161} INFO - Processing /opt/airflow/dags/7.1-ExternalTaskSensor.py took 0.044 seconds
[2024-09-30 16:43:14,233] {processor.py:153} INFO - Started process (PID=4214) to work on /opt/airflow/dags/7.1-ExternalTaskSensor.py
[2024-09-30 16:43:14,234] {processor.py:641} INFO - Processing file /opt/airflow/dags/7.1-ExternalTaskSensor.py for tasks to queue
[2024-09-30 16:43:14,234] {logging_mixin.py:115} INFO - [2024-09-30 16:43:14,234] {dagbag.py:508} INFO - Filling up the DagBag from /opt/airflow/dags/7.1-ExternalTaskSensor.py
[2024-09-30 16:43:14,239] {processor.py:651} INFO - DAG(s) dict_keys(['7.1-ExternalTaskSensor']) retrieved from /opt/airflow/dags/7.1-ExternalTaskSensor.py
[2024-09-30 16:43:14,255] {logging_mixin.py:115} INFO - [2024-09-30 16:43:14,255] {dag.py:2420} INFO - Sync 1 DAGs
[2024-09-30 16:43:14,269] {logging_mixin.py:115} INFO - [2024-09-30 16:43:14,269] {dag.py:2972} INFO - Setting next_dagrun for 7.1-ExternalTaskSensor to 2024-08-12T00:00:00+00:00, run_after=2024-08-13T00:00:00+00:00
[2024-09-30 16:43:14,277] {processor.py:161} INFO - Processing /opt/airflow/dags/7.1-ExternalTaskSensor.py took 0.046 seconds
[2024-09-30 16:43:44,697] {processor.py:153} INFO - Started process (PID=4252) to work on /opt/airflow/dags/7.1-ExternalTaskSensor.py
[2024-09-30 16:43:44,697] {processor.py:641} INFO - Processing file /opt/airflow/dags/7.1-ExternalTaskSensor.py for tasks to queue
[2024-09-30 16:43:44,698] {logging_mixin.py:115} INFO - [2024-09-30 16:43:44,698] {dagbag.py:508} INFO - Filling up the DagBag from /opt/airflow/dags/7.1-ExternalTaskSensor.py
[2024-09-30 16:43:44,703] {processor.py:651} INFO - DAG(s) dict_keys(['7.1-ExternalTaskSensor']) retrieved from /opt/airflow/dags/7.1-ExternalTaskSensor.py
[2024-09-30 16:43:44,718] {logging_mixin.py:115} INFO - [2024-09-30 16:43:44,718] {dag.py:2420} INFO - Sync 1 DAGs
[2024-09-30 16:43:44,734] {logging_mixin.py:115} INFO - [2024-09-30 16:43:44,734] {dag.py:2972} INFO - Setting next_dagrun for 7.1-ExternalTaskSensor to 2024-08-12T00:00:00+00:00, run_after=2024-08-13T00:00:00+00:00
[2024-09-30 16:43:44,743] {processor.py:161} INFO - Processing /opt/airflow/dags/7.1-ExternalTaskSensor.py took 0.048 seconds
[2024-09-30 16:44:15,195] {processor.py:153} INFO - Started process (PID=4282) to work on /opt/airflow/dags/7.1-ExternalTaskSensor.py
[2024-09-30 16:44:15,196] {processor.py:641} INFO - Processing file /opt/airflow/dags/7.1-ExternalTaskSensor.py for tasks to queue
[2024-09-30 16:44:15,199] {logging_mixin.py:115} INFO - [2024-09-30 16:44:15,199] {dagbag.py:508} INFO - Filling up the DagBag from /opt/airflow/dags/7.1-ExternalTaskSensor.py
[2024-09-30 16:44:15,204] {processor.py:651} INFO - DAG(s) dict_keys(['7.1-ExternalTaskSensor']) retrieved from /opt/airflow/dags/7.1-ExternalTaskSensor.py
[2024-09-30 16:44:15,221] {logging_mixin.py:115} INFO - [2024-09-30 16:44:15,221] {dag.py:2420} INFO - Sync 1 DAGs
[2024-09-30 16:44:15,236] {logging_mixin.py:115} INFO - [2024-09-30 16:44:15,235] {dag.py:2972} INFO - Setting next_dagrun for 7.1-ExternalTaskSensor to 2024-08-12T00:00:00+00:00, run_after=2024-08-13T00:00:00+00:00
[2024-09-30 16:44:15,243] {processor.py:161} INFO - Processing /opt/airflow/dags/7.1-ExternalTaskSensor.py took 0.050 seconds
[2024-09-30 16:44:45,671] {processor.py:153} INFO - Started process (PID=4320) to work on /opt/airflow/dags/7.1-ExternalTaskSensor.py
[2024-09-30 16:44:45,671] {processor.py:641} INFO - Processing file /opt/airflow/dags/7.1-ExternalTaskSensor.py for tasks to queue
[2024-09-30 16:44:45,672] {logging_mixin.py:115} INFO - [2024-09-30 16:44:45,672] {dagbag.py:508} INFO - Filling up the DagBag from /opt/airflow/dags/7.1-ExternalTaskSensor.py
[2024-09-30 16:44:45,677] {processor.py:651} INFO - DAG(s) dict_keys(['7.1-ExternalTaskSensor']) retrieved from /opt/airflow/dags/7.1-ExternalTaskSensor.py
[2024-09-30 16:44:45,693] {logging_mixin.py:115} INFO - [2024-09-30 16:44:45,693] {dag.py:2420} INFO - Sync 1 DAGs
[2024-09-30 16:44:45,707] {logging_mixin.py:115} INFO - [2024-09-30 16:44:45,707] {dag.py:2972} INFO - Setting next_dagrun for 7.1-ExternalTaskSensor to 2024-08-12T00:00:00+00:00, run_after=2024-08-13T00:00:00+00:00
[2024-09-30 16:44:45,714] {processor.py:161} INFO - Processing /opt/airflow/dags/7.1-ExternalTaskSensor.py took 0.045 seconds
[2024-09-30 16:45:16,145] {processor.py:153} INFO - Started process (PID=4359) to work on /opt/airflow/dags/7.1-ExternalTaskSensor.py
[2024-09-30 16:45:16,146] {processor.py:641} INFO - Processing file /opt/airflow/dags/7.1-ExternalTaskSensor.py for tasks to queue
[2024-09-30 16:45:16,146] {logging_mixin.py:115} INFO - [2024-09-30 16:45:16,146] {dagbag.py:508} INFO - Filling up the DagBag from /opt/airflow/dags/7.1-ExternalTaskSensor.py
[2024-09-30 16:45:16,151] {processor.py:651} INFO - DAG(s) dict_keys(['7.1-ExternalTaskSensor']) retrieved from /opt/airflow/dags/7.1-ExternalTaskSensor.py
[2024-09-30 16:45:16,166] {logging_mixin.py:115} INFO - [2024-09-30 16:45:16,166] {dag.py:2420} INFO - Sync 1 DAGs
[2024-09-30 16:45:16,179] {logging_mixin.py:115} INFO - [2024-09-30 16:45:16,179] {dag.py:2972} INFO - Setting next_dagrun for 7.1-ExternalTaskSensor to 2024-08-12T00:00:00+00:00, run_after=2024-08-13T00:00:00+00:00
[2024-09-30 16:45:16,186] {processor.py:161} INFO - Processing /opt/airflow/dags/7.1-ExternalTaskSensor.py took 0.043 seconds
[2024-09-30 16:45:46,632] {processor.py:153} INFO - Started process (PID=4398) to work on /opt/airflow/dags/7.1-ExternalTaskSensor.py
[2024-09-30 16:45:46,632] {processor.py:641} INFO - Processing file /opt/airflow/dags/7.1-ExternalTaskSensor.py for tasks to queue
[2024-09-30 16:45:46,632] {logging_mixin.py:115} INFO - [2024-09-30 16:45:46,632] {dagbag.py:508} INFO - Filling up the DagBag from /opt/airflow/dags/7.1-ExternalTaskSensor.py
[2024-09-30 16:45:46,638] {processor.py:651} INFO - DAG(s) dict_keys(['7.1-ExternalTaskSensor']) retrieved from /opt/airflow/dags/7.1-ExternalTaskSensor.py
[2024-09-30 16:45:46,656] {logging_mixin.py:115} INFO - [2024-09-30 16:45:46,656] {dag.py:2420} INFO - Sync 1 DAGs
[2024-09-30 16:45:46,671] {logging_mixin.py:115} INFO - [2024-09-30 16:45:46,671] {dag.py:2972} INFO - Setting next_dagrun for 7.1-ExternalTaskSensor to 2024-08-12T00:00:00+00:00, run_after=2024-08-13T00:00:00+00:00
[2024-09-30 16:45:46,678] {processor.py:161} INFO - Processing /opt/airflow/dags/7.1-ExternalTaskSensor.py took 0.049 seconds
[2024-09-30 16:46:17,064] {processor.py:153} INFO - Started process (PID=4437) to work on /opt/airflow/dags/7.1-ExternalTaskSensor.py
[2024-09-30 16:46:17,064] {processor.py:641} INFO - Processing file /opt/airflow/dags/7.1-ExternalTaskSensor.py for tasks to queue
[2024-09-30 16:46:17,065] {logging_mixin.py:115} INFO - [2024-09-30 16:46:17,064] {dagbag.py:508} INFO - Filling up the DagBag from /opt/airflow/dags/7.1-ExternalTaskSensor.py
[2024-09-30 16:46:17,070] {processor.py:651} INFO - DAG(s) dict_keys(['7.1-ExternalTaskSensor']) retrieved from /opt/airflow/dags/7.1-ExternalTaskSensor.py
[2024-09-30 16:46:17,085] {logging_mixin.py:115} INFO - [2024-09-30 16:46:17,084] {dag.py:2420} INFO - Sync 1 DAGs
[2024-09-30 16:46:17,099] {logging_mixin.py:115} INFO - [2024-09-30 16:46:17,099] {dag.py:2972} INFO - Setting next_dagrun for 7.1-ExternalTaskSensor to 2024-08-12T00:00:00+00:00, run_after=2024-08-13T00:00:00+00:00
[2024-09-30 16:46:17,107] {processor.py:161} INFO - Processing /opt/airflow/dags/7.1-ExternalTaskSensor.py took 0.045 seconds
[2024-09-30 16:46:47,551] {processor.py:153} INFO - Started process (PID=4476) to work on /opt/airflow/dags/7.1-ExternalTaskSensor.py
[2024-09-30 16:46:47,551] {processor.py:641} INFO - Processing file /opt/airflow/dags/7.1-ExternalTaskSensor.py for tasks to queue
[2024-09-30 16:46:47,552] {logging_mixin.py:115} INFO - [2024-09-30 16:46:47,552] {dagbag.py:508} INFO - Filling up the DagBag from /opt/airflow/dags/7.1-ExternalTaskSensor.py
[2024-09-30 16:46:47,558] {processor.py:651} INFO - DAG(s) dict_keys(['7.1-ExternalTaskSensor']) retrieved from /opt/airflow/dags/7.1-ExternalTaskSensor.py
[2024-09-30 16:46:47,573] {logging_mixin.py:115} INFO - [2024-09-30 16:46:47,573] {dag.py:2420} INFO - Sync 1 DAGs
[2024-09-30 16:46:47,588] {logging_mixin.py:115} INFO - [2024-09-30 16:46:47,588] {dag.py:2972} INFO - Setting next_dagrun for 7.1-ExternalTaskSensor to 2024-08-12T00:00:00+00:00, run_after=2024-08-13T00:00:00+00:00
[2024-09-30 16:46:47,596] {processor.py:161} INFO - Processing /opt/airflow/dags/7.1-ExternalTaskSensor.py took 0.047 seconds
[2024-09-30 16:47:18,079] {processor.py:153} INFO - Started process (PID=4506) to work on /opt/airflow/dags/7.1-ExternalTaskSensor.py
[2024-09-30 16:47:18,079] {processor.py:641} INFO - Processing file /opt/airflow/dags/7.1-ExternalTaskSensor.py for tasks to queue
[2024-09-30 16:47:18,080] {logging_mixin.py:115} INFO - [2024-09-30 16:47:18,080] {dagbag.py:508} INFO - Filling up the DagBag from /opt/airflow/dags/7.1-ExternalTaskSensor.py
[2024-09-30 16:47:18,085] {processor.py:651} INFO - DAG(s) dict_keys(['7.1-ExternalTaskSensor']) retrieved from /opt/airflow/dags/7.1-ExternalTaskSensor.py
[2024-09-30 16:47:18,100] {logging_mixin.py:115} INFO - [2024-09-30 16:47:18,100] {dag.py:2420} INFO - Sync 1 DAGs
[2024-09-30 16:47:18,116] {logging_mixin.py:115} INFO - [2024-09-30 16:47:18,116] {dag.py:2972} INFO - Setting next_dagrun for 7.1-ExternalTaskSensor to 2024-08-12T00:00:00+00:00, run_after=2024-08-13T00:00:00+00:00
[2024-09-30 16:47:18,123] {processor.py:161} INFO - Processing /opt/airflow/dags/7.1-ExternalTaskSensor.py took 0.046 seconds
[2024-09-30 16:47:48,604] {processor.py:153} INFO - Started process (PID=4545) to work on /opt/airflow/dags/7.1-ExternalTaskSensor.py
[2024-09-30 16:47:48,605] {processor.py:641} INFO - Processing file /opt/airflow/dags/7.1-ExternalTaskSensor.py for tasks to queue
[2024-09-30 16:47:48,605] {logging_mixin.py:115} INFO - [2024-09-30 16:47:48,605] {dagbag.py:508} INFO - Filling up the DagBag from /opt/airflow/dags/7.1-ExternalTaskSensor.py
[2024-09-30 16:47:48,611] {processor.py:651} INFO - DAG(s) dict_keys(['7.1-ExternalTaskSensor']) retrieved from /opt/airflow/dags/7.1-ExternalTaskSensor.py
[2024-09-30 16:47:48,632] {logging_mixin.py:115} INFO - [2024-09-30 16:47:48,632] {dag.py:2420} INFO - Sync 1 DAGs
[2024-09-30 16:47:48,650] {logging_mixin.py:115} INFO - [2024-09-30 16:47:48,650] {dag.py:2972} INFO - Setting next_dagrun for 7.1-ExternalTaskSensor to 2024-08-12T00:00:00+00:00, run_after=2024-08-13T00:00:00+00:00
[2024-09-30 16:47:48,658] {processor.py:161} INFO - Processing /opt/airflow/dags/7.1-ExternalTaskSensor.py took 0.057 seconds
[2024-09-30 16:48:19,062] {processor.py:153} INFO - Started process (PID=4582) to work on /opt/airflow/dags/7.1-ExternalTaskSensor.py
[2024-09-30 16:48:19,062] {processor.py:641} INFO - Processing file /opt/airflow/dags/7.1-ExternalTaskSensor.py for tasks to queue
[2024-09-30 16:48:19,063] {logging_mixin.py:115} INFO - [2024-09-30 16:48:19,063] {dagbag.py:508} INFO - Filling up the DagBag from /opt/airflow/dags/7.1-ExternalTaskSensor.py
[2024-09-30 16:48:19,069] {processor.py:651} INFO - DAG(s) dict_keys(['7.1-ExternalTaskSensor']) retrieved from /opt/airflow/dags/7.1-ExternalTaskSensor.py
[2024-09-30 16:48:19,085] {logging_mixin.py:115} INFO - [2024-09-30 16:48:19,085] {dag.py:2420} INFO - Sync 1 DAGs
[2024-09-30 16:48:19,100] {logging_mixin.py:115} INFO - [2024-09-30 16:48:19,100] {dag.py:2972} INFO - Setting next_dagrun for 7.1-ExternalTaskSensor to 2024-08-12T00:00:00+00:00, run_after=2024-08-13T00:00:00+00:00
[2024-09-30 16:48:19,109] {processor.py:161} INFO - Processing /opt/airflow/dags/7.1-ExternalTaskSensor.py took 0.049 seconds
[2024-09-30 16:48:49,573] {processor.py:153} INFO - Started process (PID=4621) to work on /opt/airflow/dags/7.1-ExternalTaskSensor.py
[2024-09-30 16:48:49,574] {processor.py:641} INFO - Processing file /opt/airflow/dags/7.1-ExternalTaskSensor.py for tasks to queue
[2024-09-30 16:48:49,574] {logging_mixin.py:115} INFO - [2024-09-30 16:48:49,574] {dagbag.py:508} INFO - Filling up the DagBag from /opt/airflow/dags/7.1-ExternalTaskSensor.py
[2024-09-30 16:48:49,580] {processor.py:651} INFO - DAG(s) dict_keys(['7.1-ExternalTaskSensor']) retrieved from /opt/airflow/dags/7.1-ExternalTaskSensor.py
[2024-09-30 16:48:49,595] {logging_mixin.py:115} INFO - [2024-09-30 16:48:49,595] {dag.py:2420} INFO - Sync 1 DAGs
[2024-09-30 16:48:49,608] {logging_mixin.py:115} INFO - [2024-09-30 16:48:49,608] {dag.py:2972} INFO - Setting next_dagrun for 7.1-ExternalTaskSensor to 2024-08-12T00:00:00+00:00, run_after=2024-08-13T00:00:00+00:00
[2024-09-30 16:48:49,615] {processor.py:161} INFO - Processing /opt/airflow/dags/7.1-ExternalTaskSensor.py took 0.044 seconds
[2024-09-30 16:49:20,042] {processor.py:153} INFO - Started process (PID=4660) to work on /opt/airflow/dags/7.1-ExternalTaskSensor.py
[2024-09-30 16:49:20,043] {processor.py:641} INFO - Processing file /opt/airflow/dags/7.1-ExternalTaskSensor.py for tasks to queue
[2024-09-30 16:49:20,043] {logging_mixin.py:115} INFO - [2024-09-30 16:49:20,043] {dagbag.py:508} INFO - Filling up the DagBag from /opt/airflow/dags/7.1-ExternalTaskSensor.py
[2024-09-30 16:49:20,049] {processor.py:651} INFO - DAG(s) dict_keys(['7.1-ExternalTaskSensor']) retrieved from /opt/airflow/dags/7.1-ExternalTaskSensor.py
[2024-09-30 16:49:20,065] {logging_mixin.py:115} INFO - [2024-09-30 16:49:20,065] {dag.py:2420} INFO - Sync 1 DAGs
[2024-09-30 16:49:20,079] {logging_mixin.py:115} INFO - [2024-09-30 16:49:20,078] {dag.py:2972} INFO - Setting next_dagrun for 7.1-ExternalTaskSensor to 2024-08-12T00:00:00+00:00, run_after=2024-08-13T00:00:00+00:00
[2024-09-30 16:49:20,086] {processor.py:161} INFO - Processing /opt/airflow/dags/7.1-ExternalTaskSensor.py took 0.046 seconds
[2024-09-30 16:49:50,484] {processor.py:153} INFO - Started process (PID=4700) to work on /opt/airflow/dags/7.1-ExternalTaskSensor.py
[2024-09-30 16:49:50,484] {processor.py:641} INFO - Processing file /opt/airflow/dags/7.1-ExternalTaskSensor.py for tasks to queue
[2024-09-30 16:49:50,485] {logging_mixin.py:115} INFO - [2024-09-30 16:49:50,485] {dagbag.py:508} INFO - Filling up the DagBag from /opt/airflow/dags/7.1-ExternalTaskSensor.py
[2024-09-30 16:49:50,491] {processor.py:651} INFO - DAG(s) dict_keys(['7.1-ExternalTaskSensor']) retrieved from /opt/airflow/dags/7.1-ExternalTaskSensor.py
[2024-09-30 16:49:50,508] {logging_mixin.py:115} INFO - [2024-09-30 16:49:50,508] {dag.py:2420} INFO - Sync 1 DAGs
[2024-09-30 16:49:50,529] {logging_mixin.py:115} INFO - [2024-09-30 16:49:50,528] {dag.py:2972} INFO - Setting next_dagrun for 7.1-ExternalTaskSensor to 2024-08-12T00:00:00+00:00, run_after=2024-08-13T00:00:00+00:00
[2024-09-30 16:49:50,538] {processor.py:161} INFO - Processing /opt/airflow/dags/7.1-ExternalTaskSensor.py took 0.057 seconds
[2024-09-30 16:50:20,996] {processor.py:153} INFO - Started process (PID=4730) to work on /opt/airflow/dags/7.1-ExternalTaskSensor.py
[2024-09-30 16:50:20,997] {processor.py:641} INFO - Processing file /opt/airflow/dags/7.1-ExternalTaskSensor.py for tasks to queue
[2024-09-30 16:50:20,997] {logging_mixin.py:115} INFO - [2024-09-30 16:50:20,997] {dagbag.py:508} INFO - Filling up the DagBag from /opt/airflow/dags/7.1-ExternalTaskSensor.py
[2024-09-30 16:50:21,003] {processor.py:651} INFO - DAG(s) dict_keys(['7.1-ExternalTaskSensor']) retrieved from /opt/airflow/dags/7.1-ExternalTaskSensor.py
[2024-09-30 16:50:21,018] {logging_mixin.py:115} INFO - [2024-09-30 16:50:21,018] {dag.py:2420} INFO - Sync 1 DAGs
[2024-09-30 16:50:21,033] {logging_mixin.py:115} INFO - [2024-09-30 16:50:21,033] {dag.py:2972} INFO - Setting next_dagrun for 7.1-ExternalTaskSensor to 2024-08-12T00:00:00+00:00, run_after=2024-08-13T00:00:00+00:00
[2024-09-30 16:50:21,041] {processor.py:161} INFO - Processing /opt/airflow/dags/7.1-ExternalTaskSensor.py took 0.046 seconds
[2024-09-30 16:50:51,511] {processor.py:153} INFO - Started process (PID=4769) to work on /opt/airflow/dags/7.1-ExternalTaskSensor.py
[2024-09-30 16:50:51,512] {processor.py:641} INFO - Processing file /opt/airflow/dags/7.1-ExternalTaskSensor.py for tasks to queue
[2024-09-30 16:50:51,513] {logging_mixin.py:115} INFO - [2024-09-30 16:50:51,513] {dagbag.py:508} INFO - Filling up the DagBag from /opt/airflow/dags/7.1-ExternalTaskSensor.py
[2024-09-30 16:50:51,519] {processor.py:651} INFO - DAG(s) dict_keys(['7.1-ExternalTaskSensor']) retrieved from /opt/airflow/dags/7.1-ExternalTaskSensor.py
[2024-09-30 16:50:51,534] {logging_mixin.py:115} INFO - [2024-09-30 16:50:51,534] {dag.py:2420} INFO - Sync 1 DAGs
[2024-09-30 16:50:51,548] {logging_mixin.py:115} INFO - [2024-09-30 16:50:51,548] {dag.py:2972} INFO - Setting next_dagrun for 7.1-ExternalTaskSensor to 2024-08-12T00:00:00+00:00, run_after=2024-08-13T00:00:00+00:00
[2024-09-30 16:50:51,556] {processor.py:161} INFO - Processing /opt/airflow/dags/7.1-ExternalTaskSensor.py took 0.048 seconds
[2024-09-30 16:51:21,953] {processor.py:153} INFO - Started process (PID=4807) to work on /opt/airflow/dags/7.1-ExternalTaskSensor.py
[2024-09-30 16:51:21,953] {processor.py:641} INFO - Processing file /opt/airflow/dags/7.1-ExternalTaskSensor.py for tasks to queue
[2024-09-30 16:51:21,953] {logging_mixin.py:115} INFO - [2024-09-30 16:51:21,953] {dagbag.py:508} INFO - Filling up the DagBag from /opt/airflow/dags/7.1-ExternalTaskSensor.py
[2024-09-30 16:51:21,959] {processor.py:651} INFO - DAG(s) dict_keys(['7.1-ExternalTaskSensor']) retrieved from /opt/airflow/dags/7.1-ExternalTaskSensor.py
[2024-09-30 16:51:21,975] {logging_mixin.py:115} INFO - [2024-09-30 16:51:21,975] {dag.py:2420} INFO - Sync 1 DAGs
[2024-09-30 16:51:21,989] {logging_mixin.py:115} INFO - [2024-09-30 16:51:21,989] {dag.py:2972} INFO - Setting next_dagrun for 7.1-ExternalTaskSensor to 2024-08-12T00:00:00+00:00, run_after=2024-08-13T00:00:00+00:00
[2024-09-30 16:51:21,998] {processor.py:161} INFO - Processing /opt/airflow/dags/7.1-ExternalTaskSensor.py took 0.047 seconds
[2024-09-30 16:51:52,447] {processor.py:153} INFO - Started process (PID=4845) to work on /opt/airflow/dags/7.1-ExternalTaskSensor.py
[2024-09-30 16:51:52,447] {processor.py:641} INFO - Processing file /opt/airflow/dags/7.1-ExternalTaskSensor.py for tasks to queue
[2024-09-30 16:51:52,448] {logging_mixin.py:115} INFO - [2024-09-30 16:51:52,448] {dagbag.py:508} INFO - Filling up the DagBag from /opt/airflow/dags/7.1-ExternalTaskSensor.py
[2024-09-30 16:51:52,453] {processor.py:651} INFO - DAG(s) dict_keys(['7.1-ExternalTaskSensor']) retrieved from /opt/airflow/dags/7.1-ExternalTaskSensor.py
[2024-09-30 16:51:52,468] {logging_mixin.py:115} INFO - [2024-09-30 16:51:52,468] {dag.py:2420} INFO - Sync 1 DAGs
[2024-09-30 16:51:52,483] {logging_mixin.py:115} INFO - [2024-09-30 16:51:52,483] {dag.py:2972} INFO - Setting next_dagrun for 7.1-ExternalTaskSensor to 2024-08-12T00:00:00+00:00, run_after=2024-08-13T00:00:00+00:00
[2024-09-30 16:51:52,489] {processor.py:161} INFO - Processing /opt/airflow/dags/7.1-ExternalTaskSensor.py took 0.045 seconds
[2024-09-30 16:52:22,954] {processor.py:153} INFO - Started process (PID=4882) to work on /opt/airflow/dags/7.1-ExternalTaskSensor.py
[2024-09-30 16:52:22,954] {processor.py:641} INFO - Processing file /opt/airflow/dags/7.1-ExternalTaskSensor.py for tasks to queue
[2024-09-30 16:52:22,955] {logging_mixin.py:115} INFO - [2024-09-30 16:52:22,954] {dagbag.py:508} INFO - Filling up the DagBag from /opt/airflow/dags/7.1-ExternalTaskSensor.py
[2024-09-30 16:52:22,959] {processor.py:651} INFO - DAG(s) dict_keys(['7.1-ExternalTaskSensor']) retrieved from /opt/airflow/dags/7.1-ExternalTaskSensor.py
[2024-09-30 16:52:22,975] {logging_mixin.py:115} INFO - [2024-09-30 16:52:22,975] {dag.py:2420} INFO - Sync 1 DAGs
[2024-09-30 16:52:22,989] {logging_mixin.py:115} INFO - [2024-09-30 16:52:22,989] {dag.py:2972} INFO - Setting next_dagrun for 7.1-ExternalTaskSensor to 2024-08-12T00:00:00+00:00, run_after=2024-08-13T00:00:00+00:00
[2024-09-30 16:52:22,996] {processor.py:161} INFO - Processing /opt/airflow/dags/7.1-ExternalTaskSensor.py took 0.045 seconds
[2024-09-30 16:52:53,480] {processor.py:153} INFO - Started process (PID=4912) to work on /opt/airflow/dags/7.1-ExternalTaskSensor.py
[2024-09-30 16:52:53,480] {processor.py:641} INFO - Processing file /opt/airflow/dags/7.1-ExternalTaskSensor.py for tasks to queue
[2024-09-30 16:52:53,481] {logging_mixin.py:115} INFO - [2024-09-30 16:52:53,480] {dagbag.py:508} INFO - Filling up the DagBag from /opt/airflow/dags/7.1-ExternalTaskSensor.py
[2024-09-30 16:52:53,487] {processor.py:651} INFO - DAG(s) dict_keys(['7.1-ExternalTaskSensor']) retrieved from /opt/airflow/dags/7.1-ExternalTaskSensor.py
[2024-09-30 16:52:53,504] {logging_mixin.py:115} INFO - [2024-09-30 16:52:53,504] {dag.py:2420} INFO - Sync 1 DAGs
[2024-09-30 16:52:53,519] {logging_mixin.py:115} INFO - [2024-09-30 16:52:53,519] {dag.py:2972} INFO - Setting next_dagrun for 7.1-ExternalTaskSensor to 2024-08-12T00:00:00+00:00, run_after=2024-08-13T00:00:00+00:00
[2024-09-30 16:52:53,527] {processor.py:161} INFO - Processing /opt/airflow/dags/7.1-ExternalTaskSensor.py took 0.049 seconds
[2024-09-30 16:53:23,989] {processor.py:153} INFO - Started process (PID=4951) to work on /opt/airflow/dags/7.1-ExternalTaskSensor.py
[2024-09-30 16:53:23,989] {processor.py:641} INFO - Processing file /opt/airflow/dags/7.1-ExternalTaskSensor.py for tasks to queue
[2024-09-30 16:53:23,990] {logging_mixin.py:115} INFO - [2024-09-30 16:53:23,990] {dagbag.py:508} INFO - Filling up the DagBag from /opt/airflow/dags/7.1-ExternalTaskSensor.py
[2024-09-30 16:53:23,995] {processor.py:651} INFO - DAG(s) dict_keys(['7.1-ExternalTaskSensor']) retrieved from /opt/airflow/dags/7.1-ExternalTaskSensor.py
[2024-09-30 16:53:24,010] {logging_mixin.py:115} INFO - [2024-09-30 16:53:24,010] {dag.py:2420} INFO - Sync 1 DAGs
[2024-09-30 16:53:24,024] {logging_mixin.py:115} INFO - [2024-09-30 16:53:24,024] {dag.py:2972} INFO - Setting next_dagrun for 7.1-ExternalTaskSensor to 2024-08-12T00:00:00+00:00, run_after=2024-08-13T00:00:00+00:00
[2024-09-30 16:53:24,031] {processor.py:161} INFO - Processing /opt/airflow/dags/7.1-ExternalTaskSensor.py took 0.044 seconds
[2024-09-30 16:53:54,454] {processor.py:153} INFO - Started process (PID=4990) to work on /opt/airflow/dags/7.1-ExternalTaskSensor.py
[2024-09-30 16:53:54,454] {processor.py:641} INFO - Processing file /opt/airflow/dags/7.1-ExternalTaskSensor.py for tasks to queue
[2024-09-30 16:53:54,455] {logging_mixin.py:115} INFO - [2024-09-30 16:53:54,455] {dagbag.py:508} INFO - Filling up the DagBag from /opt/airflow/dags/7.1-ExternalTaskSensor.py
[2024-09-30 16:53:54,460] {processor.py:651} INFO - DAG(s) dict_keys(['7.1-ExternalTaskSensor']) retrieved from /opt/airflow/dags/7.1-ExternalTaskSensor.py
[2024-09-30 16:53:54,475] {logging_mixin.py:115} INFO - [2024-09-30 16:53:54,475] {dag.py:2420} INFO - Sync 1 DAGs
[2024-09-30 16:53:54,489] {logging_mixin.py:115} INFO - [2024-09-30 16:53:54,489] {dag.py:2972} INFO - Setting next_dagrun for 7.1-ExternalTaskSensor to 2024-08-12T00:00:00+00:00, run_after=2024-08-13T00:00:00+00:00
[2024-09-30 16:53:54,496] {processor.py:161} INFO - Processing /opt/airflow/dags/7.1-ExternalTaskSensor.py took 0.044 seconds
[2024-09-30 16:54:24,923] {processor.py:153} INFO - Started process (PID=5029) to work on /opt/airflow/dags/7.1-ExternalTaskSensor.py
[2024-09-30 16:54:24,923] {processor.py:641} INFO - Processing file /opt/airflow/dags/7.1-ExternalTaskSensor.py for tasks to queue
[2024-09-30 16:54:24,924] {logging_mixin.py:115} INFO - [2024-09-30 16:54:24,924] {dagbag.py:508} INFO - Filling up the DagBag from /opt/airflow/dags/7.1-ExternalTaskSensor.py
[2024-09-30 16:54:24,929] {processor.py:651} INFO - DAG(s) dict_keys(['7.1-ExternalTaskSensor']) retrieved from /opt/airflow/dags/7.1-ExternalTaskSensor.py
[2024-09-30 16:54:24,944] {logging_mixin.py:115} INFO - [2024-09-30 16:54:24,944] {dag.py:2420} INFO - Sync 1 DAGs
[2024-09-30 16:54:24,957] {logging_mixin.py:115} INFO - [2024-09-30 16:54:24,957] {dag.py:2972} INFO - Setting next_dagrun for 7.1-ExternalTaskSensor to 2024-08-12T00:00:00+00:00, run_after=2024-08-13T00:00:00+00:00
[2024-09-30 16:54:24,964] {processor.py:161} INFO - Processing /opt/airflow/dags/7.1-ExternalTaskSensor.py took 0.043 seconds
[2024-09-30 16:54:55,419] {processor.py:153} INFO - Started process (PID=5068) to work on /opt/airflow/dags/7.1-ExternalTaskSensor.py
[2024-09-30 16:54:55,420] {processor.py:641} INFO - Processing file /opt/airflow/dags/7.1-ExternalTaskSensor.py for tasks to queue
[2024-09-30 16:54:55,420] {logging_mixin.py:115} INFO - [2024-09-30 16:54:55,420] {dagbag.py:508} INFO - Filling up the DagBag from /opt/airflow/dags/7.1-ExternalTaskSensor.py
[2024-09-30 16:54:55,425] {processor.py:651} INFO - DAG(s) dict_keys(['7.1-ExternalTaskSensor']) retrieved from /opt/airflow/dags/7.1-ExternalTaskSensor.py
[2024-09-30 16:54:55,443] {logging_mixin.py:115} INFO - [2024-09-30 16:54:55,443] {dag.py:2420} INFO - Sync 1 DAGs
[2024-09-30 16:54:55,458] {logging_mixin.py:115} INFO - [2024-09-30 16:54:55,458] {dag.py:2972} INFO - Setting next_dagrun for 7.1-ExternalTaskSensor to 2024-08-12T00:00:00+00:00, run_after=2024-08-13T00:00:00+00:00
[2024-09-30 16:54:55,466] {processor.py:161} INFO - Processing /opt/airflow/dags/7.1-ExternalTaskSensor.py took 0.049 seconds
[2024-09-30 16:55:25,935] {processor.py:153} INFO - Started process (PID=5106) to work on /opt/airflow/dags/7.1-ExternalTaskSensor.py
[2024-09-30 16:55:25,935] {processor.py:641} INFO - Processing file /opt/airflow/dags/7.1-ExternalTaskSensor.py for tasks to queue
[2024-09-30 16:55:25,936] {logging_mixin.py:115} INFO - [2024-09-30 16:55:25,936] {dagbag.py:508} INFO - Filling up the DagBag from /opt/airflow/dags/7.1-ExternalTaskSensor.py
[2024-09-30 16:55:25,941] {processor.py:651} INFO - DAG(s) dict_keys(['7.1-ExternalTaskSensor']) retrieved from /opt/airflow/dags/7.1-ExternalTaskSensor.py
[2024-09-30 16:55:25,959] {logging_mixin.py:115} INFO - [2024-09-30 16:55:25,959] {dag.py:2420} INFO - Sync 1 DAGs
[2024-09-30 16:55:25,974] {logging_mixin.py:115} INFO - [2024-09-30 16:55:25,974] {dag.py:2972} INFO - Setting next_dagrun for 7.1-ExternalTaskSensor to 2024-08-12T00:00:00+00:00, run_after=2024-08-13T00:00:00+00:00
[2024-09-30 16:55:25,982] {processor.py:161} INFO - Processing /opt/airflow/dags/7.1-ExternalTaskSensor.py took 0.050 seconds
[2024-09-30 16:55:56,409] {processor.py:153} INFO - Started process (PID=5136) to work on /opt/airflow/dags/7.1-ExternalTaskSensor.py
[2024-09-30 16:55:56,410] {processor.py:641} INFO - Processing file /opt/airflow/dags/7.1-ExternalTaskSensor.py for tasks to queue
[2024-09-30 16:55:56,410] {logging_mixin.py:115} INFO - [2024-09-30 16:55:56,410] {dagbag.py:508} INFO - Filling up the DagBag from /opt/airflow/dags/7.1-ExternalTaskSensor.py
[2024-09-30 16:55:56,416] {processor.py:651} INFO - DAG(s) dict_keys(['7.1-ExternalTaskSensor']) retrieved from /opt/airflow/dags/7.1-ExternalTaskSensor.py
[2024-09-30 16:55:56,430] {logging_mixin.py:115} INFO - [2024-09-30 16:55:56,430] {dag.py:2420} INFO - Sync 1 DAGs
[2024-09-30 16:55:56,443] {logging_mixin.py:115} INFO - [2024-09-30 16:55:56,443] {dag.py:2972} INFO - Setting next_dagrun for 7.1-ExternalTaskSensor to 2024-08-12T00:00:00+00:00, run_after=2024-08-13T00:00:00+00:00
[2024-09-30 16:55:56,451] {processor.py:161} INFO - Processing /opt/airflow/dags/7.1-ExternalTaskSensor.py took 0.043 seconds
[2024-09-30 16:56:26,900] {processor.py:153} INFO - Started process (PID=5175) to work on /opt/airflow/dags/7.1-ExternalTaskSensor.py
[2024-09-30 16:56:26,901] {processor.py:641} INFO - Processing file /opt/airflow/dags/7.1-ExternalTaskSensor.py for tasks to queue
[2024-09-30 16:56:26,901] {logging_mixin.py:115} INFO - [2024-09-30 16:56:26,901] {dagbag.py:508} INFO - Filling up the DagBag from /opt/airflow/dags/7.1-ExternalTaskSensor.py
[2024-09-30 16:56:26,907] {processor.py:651} INFO - DAG(s) dict_keys(['7.1-ExternalTaskSensor']) retrieved from /opt/airflow/dags/7.1-ExternalTaskSensor.py
[2024-09-30 16:56:26,922] {logging_mixin.py:115} INFO - [2024-09-30 16:56:26,922] {dag.py:2420} INFO - Sync 1 DAGs
[2024-09-30 16:56:26,937] {logging_mixin.py:115} INFO - [2024-09-30 16:56:26,937] {dag.py:2972} INFO - Setting next_dagrun for 7.1-ExternalTaskSensor to 2024-08-12T00:00:00+00:00, run_after=2024-08-13T00:00:00+00:00
[2024-09-30 16:56:26,945] {processor.py:161} INFO - Processing /opt/airflow/dags/7.1-ExternalTaskSensor.py took 0.047 seconds
[2024-09-30 16:56:57,404] {processor.py:153} INFO - Started process (PID=5213) to work on /opt/airflow/dags/7.1-ExternalTaskSensor.py
[2024-09-30 16:56:57,404] {processor.py:641} INFO - Processing file /opt/airflow/dags/7.1-ExternalTaskSensor.py for tasks to queue
[2024-09-30 16:56:57,405] {logging_mixin.py:115} INFO - [2024-09-30 16:56:57,405] {dagbag.py:508} INFO - Filling up the DagBag from /opt/airflow/dags/7.1-ExternalTaskSensor.py
[2024-09-30 16:56:57,411] {processor.py:651} INFO - DAG(s) dict_keys(['7.1-ExternalTaskSensor']) retrieved from /opt/airflow/dags/7.1-ExternalTaskSensor.py
[2024-09-30 16:56:57,428] {logging_mixin.py:115} INFO - [2024-09-30 16:56:57,428] {dag.py:2420} INFO - Sync 1 DAGs
[2024-09-30 16:56:57,444] {logging_mixin.py:115} INFO - [2024-09-30 16:56:57,444] {dag.py:2972} INFO - Setting next_dagrun for 7.1-ExternalTaskSensor to 2024-08-12T00:00:00+00:00, run_after=2024-08-13T00:00:00+00:00
[2024-09-30 16:56:57,454] {processor.py:161} INFO - Processing /opt/airflow/dags/7.1-ExternalTaskSensor.py took 0.052 seconds
[2024-09-30 16:57:27,909] {processor.py:153} INFO - Started process (PID=5252) to work on /opt/airflow/dags/7.1-ExternalTaskSensor.py
[2024-09-30 16:57:27,910] {processor.py:641} INFO - Processing file /opt/airflow/dags/7.1-ExternalTaskSensor.py for tasks to queue
[2024-09-30 16:57:27,910] {logging_mixin.py:115} INFO - [2024-09-30 16:57:27,910] {dagbag.py:508} INFO - Filling up the DagBag from /opt/airflow/dags/7.1-ExternalTaskSensor.py
[2024-09-30 16:57:27,916] {processor.py:651} INFO - DAG(s) dict_keys(['7.1-ExternalTaskSensor']) retrieved from /opt/airflow/dags/7.1-ExternalTaskSensor.py
[2024-09-30 16:57:27,935] {logging_mixin.py:115} INFO - [2024-09-30 16:57:27,935] {dag.py:2420} INFO - Sync 1 DAGs
[2024-09-30 16:57:27,952] {logging_mixin.py:115} INFO - [2024-09-30 16:57:27,952] {dag.py:2972} INFO - Setting next_dagrun for 7.1-ExternalTaskSensor to 2024-08-12T00:00:00+00:00, run_after=2024-08-13T00:00:00+00:00
[2024-09-30 16:57:27,961] {processor.py:161} INFO - Processing /opt/airflow/dags/7.1-ExternalTaskSensor.py took 0.054 seconds
[2024-09-30 16:57:58,368] {processor.py:153} INFO - Started process (PID=5291) to work on /opt/airflow/dags/7.1-ExternalTaskSensor.py
[2024-09-30 16:57:58,368] {processor.py:641} INFO - Processing file /opt/airflow/dags/7.1-ExternalTaskSensor.py for tasks to queue
[2024-09-30 16:57:58,369] {logging_mixin.py:115} INFO - [2024-09-30 16:57:58,369] {dagbag.py:508} INFO - Filling up the DagBag from /opt/airflow/dags/7.1-ExternalTaskSensor.py
[2024-09-30 16:57:58,374] {processor.py:651} INFO - DAG(s) dict_keys(['7.1-ExternalTaskSensor']) retrieved from /opt/airflow/dags/7.1-ExternalTaskSensor.py
[2024-09-30 16:57:58,390] {logging_mixin.py:115} INFO - [2024-09-30 16:57:58,390] {dag.py:2420} INFO - Sync 1 DAGs
[2024-09-30 16:57:58,406] {logging_mixin.py:115} INFO - [2024-09-30 16:57:58,406] {dag.py:2972} INFO - Setting next_dagrun for 7.1-ExternalTaskSensor to 2024-08-12T00:00:00+00:00, run_after=2024-08-13T00:00:00+00:00
[2024-09-30 16:57:58,414] {processor.py:161} INFO - Processing /opt/airflow/dags/7.1-ExternalTaskSensor.py took 0.048 seconds
[2024-09-30 16:58:28,912] {processor.py:153} INFO - Started process (PID=5321) to work on /opt/airflow/dags/7.1-ExternalTaskSensor.py
[2024-09-30 16:58:28,913] {processor.py:641} INFO - Processing file /opt/airflow/dags/7.1-ExternalTaskSensor.py for tasks to queue
[2024-09-30 16:58:28,913] {logging_mixin.py:115} INFO - [2024-09-30 16:58:28,913] {dagbag.py:508} INFO - Filling up the DagBag from /opt/airflow/dags/7.1-ExternalTaskSensor.py
[2024-09-30 16:58:28,920] {processor.py:651} INFO - DAG(s) dict_keys(['7.1-ExternalTaskSensor']) retrieved from /opt/airflow/dags/7.1-ExternalTaskSensor.py
[2024-09-30 16:58:28,937] {logging_mixin.py:115} INFO - [2024-09-30 16:58:28,937] {dag.py:2420} INFO - Sync 1 DAGs
[2024-09-30 16:58:28,952] {logging_mixin.py:115} INFO - [2024-09-30 16:58:28,952] {dag.py:2972} INFO - Setting next_dagrun for 7.1-ExternalTaskSensor to 2024-08-12T00:00:00+00:00, run_after=2024-08-13T00:00:00+00:00
[2024-09-30 16:58:28,959] {processor.py:161} INFO - Processing /opt/airflow/dags/7.1-ExternalTaskSensor.py took 0.049 seconds
[2024-09-30 16:58:59,411] {processor.py:153} INFO - Started process (PID=5359) to work on /opt/airflow/dags/7.1-ExternalTaskSensor.py
[2024-09-30 16:58:59,411] {processor.py:641} INFO - Processing file /opt/airflow/dags/7.1-ExternalTaskSensor.py for tasks to queue
[2024-09-30 16:58:59,411] {logging_mixin.py:115} INFO - [2024-09-30 16:58:59,411] {dagbag.py:508} INFO - Filling up the DagBag from /opt/airflow/dags/7.1-ExternalTaskSensor.py
[2024-09-30 16:58:59,417] {processor.py:651} INFO - DAG(s) dict_keys(['7.1-ExternalTaskSensor']) retrieved from /opt/airflow/dags/7.1-ExternalTaskSensor.py
[2024-09-30 16:58:59,433] {logging_mixin.py:115} INFO - [2024-09-30 16:58:59,433] {dag.py:2420} INFO - Sync 1 DAGs
[2024-09-30 16:58:59,447] {logging_mixin.py:115} INFO - [2024-09-30 16:58:59,447] {dag.py:2972} INFO - Setting next_dagrun for 7.1-ExternalTaskSensor to 2024-08-12T00:00:00+00:00, run_after=2024-08-13T00:00:00+00:00
[2024-09-30 16:58:59,455] {processor.py:161} INFO - Processing /opt/airflow/dags/7.1-ExternalTaskSensor.py took 0.047 seconds
[2024-09-30 16:59:29,855] {processor.py:153} INFO - Started process (PID=5397) to work on /opt/airflow/dags/7.1-ExternalTaskSensor.py
[2024-09-30 16:59:29,855] {processor.py:641} INFO - Processing file /opt/airflow/dags/7.1-ExternalTaskSensor.py for tasks to queue
[2024-09-30 16:59:29,856] {logging_mixin.py:115} INFO - [2024-09-30 16:59:29,856] {dagbag.py:508} INFO - Filling up the DagBag from /opt/airflow/dags/7.1-ExternalTaskSensor.py
[2024-09-30 16:59:29,861] {processor.py:651} INFO - DAG(s) dict_keys(['7.1-ExternalTaskSensor']) retrieved from /opt/airflow/dags/7.1-ExternalTaskSensor.py
[2024-09-30 16:59:29,881] {logging_mixin.py:115} INFO - [2024-09-30 16:59:29,881] {dag.py:2420} INFO - Sync 1 DAGs
[2024-09-30 16:59:29,907] {logging_mixin.py:115} INFO - [2024-09-30 16:59:29,907] {dag.py:2972} INFO - Setting next_dagrun for 7.1-ExternalTaskSensor to 2024-08-12T00:00:00+00:00, run_after=2024-08-13T00:00:00+00:00
[2024-09-30 16:59:29,917] {processor.py:161} INFO - Processing /opt/airflow/dags/7.1-ExternalTaskSensor.py took 0.064 seconds
[2024-09-30 17:00:00,320] {processor.py:153} INFO - Started process (PID=5435) to work on /opt/airflow/dags/7.1-ExternalTaskSensor.py
[2024-09-30 17:00:00,320] {processor.py:641} INFO - Processing file /opt/airflow/dags/7.1-ExternalTaskSensor.py for tasks to queue
[2024-09-30 17:00:00,321] {logging_mixin.py:115} INFO - [2024-09-30 17:00:00,320] {dagbag.py:508} INFO - Filling up the DagBag from /opt/airflow/dags/7.1-ExternalTaskSensor.py
[2024-09-30 17:00:00,326] {processor.py:651} INFO - DAG(s) dict_keys(['7.1-ExternalTaskSensor']) retrieved from /opt/airflow/dags/7.1-ExternalTaskSensor.py
[2024-09-30 17:00:00,342] {logging_mixin.py:115} INFO - [2024-09-30 17:00:00,342] {dag.py:2420} INFO - Sync 1 DAGs
[2024-09-30 17:00:00,357] {logging_mixin.py:115} INFO - [2024-09-30 17:00:00,357] {dag.py:2972} INFO - Setting next_dagrun for 7.1-ExternalTaskSensor to 2024-08-12T00:00:00+00:00, run_after=2024-08-13T00:00:00+00:00
[2024-09-30 17:00:00,364] {processor.py:161} INFO - Processing /opt/airflow/dags/7.1-ExternalTaskSensor.py took 0.047 seconds
[2024-09-30 17:00:30,809] {processor.py:153} INFO - Started process (PID=5474) to work on /opt/airflow/dags/7.1-ExternalTaskSensor.py
[2024-09-30 17:00:30,809] {processor.py:641} INFO - Processing file /opt/airflow/dags/7.1-ExternalTaskSensor.py for tasks to queue
[2024-09-30 17:00:30,810] {logging_mixin.py:115} INFO - [2024-09-30 17:00:30,810] {dagbag.py:508} INFO - Filling up the DagBag from /opt/airflow/dags/7.1-ExternalTaskSensor.py
[2024-09-30 17:00:30,815] {processor.py:651} INFO - DAG(s) dict_keys(['7.1-ExternalTaskSensor']) retrieved from /opt/airflow/dags/7.1-ExternalTaskSensor.py
[2024-09-30 17:00:30,830] {logging_mixin.py:115} INFO - [2024-09-30 17:00:30,830] {dag.py:2420} INFO - Sync 1 DAGs
[2024-09-30 17:00:30,845] {logging_mixin.py:115} INFO - [2024-09-30 17:00:30,845] {dag.py:2972} INFO - Setting next_dagrun for 7.1-ExternalTaskSensor to 2024-08-12T00:00:00+00:00, run_after=2024-08-13T00:00:00+00:00
[2024-09-30 17:00:30,852] {processor.py:161} INFO - Processing /opt/airflow/dags/7.1-ExternalTaskSensor.py took 0.045 seconds
[2024-09-30 17:01:01,334] {processor.py:153} INFO - Started process (PID=5513) to work on /opt/airflow/dags/7.1-ExternalTaskSensor.py
[2024-09-30 17:01:01,335] {processor.py:641} INFO - Processing file /opt/airflow/dags/7.1-ExternalTaskSensor.py for tasks to queue
[2024-09-30 17:01:01,335] {logging_mixin.py:115} INFO - [2024-09-30 17:01:01,335] {dagbag.py:508} INFO - Filling up the DagBag from /opt/airflow/dags/7.1-ExternalTaskSensor.py
[2024-09-30 17:01:01,341] {processor.py:651} INFO - DAG(s) dict_keys(['7.1-ExternalTaskSensor']) retrieved from /opt/airflow/dags/7.1-ExternalTaskSensor.py
[2024-09-30 17:01:01,356] {logging_mixin.py:115} INFO - [2024-09-30 17:01:01,356] {dag.py:2420} INFO - Sync 1 DAGs
[2024-09-30 17:01:01,371] {logging_mixin.py:115} INFO - [2024-09-30 17:01:01,371] {dag.py:2972} INFO - Setting next_dagrun for 7.1-ExternalTaskSensor to 2024-08-12T00:00:00+00:00, run_after=2024-08-13T00:00:00+00:00
[2024-09-30 17:01:01,379] {processor.py:161} INFO - Processing /opt/airflow/dags/7.1-ExternalTaskSensor.py took 0.047 seconds
[2024-09-30 17:01:31,825] {processor.py:153} INFO - Started process (PID=5543) to work on /opt/airflow/dags/7.1-ExternalTaskSensor.py
[2024-09-30 17:01:31,825] {processor.py:641} INFO - Processing file /opt/airflow/dags/7.1-ExternalTaskSensor.py for tasks to queue
[2024-09-30 17:01:31,826] {logging_mixin.py:115} INFO - [2024-09-30 17:01:31,826] {dagbag.py:508} INFO - Filling up the DagBag from /opt/airflow/dags/7.1-ExternalTaskSensor.py
[2024-09-30 17:01:31,831] {processor.py:651} INFO - DAG(s) dict_keys(['7.1-ExternalTaskSensor']) retrieved from /opt/airflow/dags/7.1-ExternalTaskSensor.py
[2024-09-30 17:01:31,847] {logging_mixin.py:115} INFO - [2024-09-30 17:01:31,847] {dag.py:2420} INFO - Sync 1 DAGs
[2024-09-30 17:01:31,862] {logging_mixin.py:115} INFO - [2024-09-30 17:01:31,862] {dag.py:2972} INFO - Setting next_dagrun for 7.1-ExternalTaskSensor to 2024-08-12T00:00:00+00:00, run_after=2024-08-13T00:00:00+00:00
[2024-09-30 17:01:31,870] {processor.py:161} INFO - Processing /opt/airflow/dags/7.1-ExternalTaskSensor.py took 0.047 seconds
[2024-09-30 17:02:02,308] {processor.py:153} INFO - Started process (PID=5582) to work on /opt/airflow/dags/7.1-ExternalTaskSensor.py
[2024-09-30 17:02:02,308] {processor.py:641} INFO - Processing file /opt/airflow/dags/7.1-ExternalTaskSensor.py for tasks to queue
[2024-09-30 17:02:02,308] {logging_mixin.py:115} INFO - [2024-09-30 17:02:02,308] {dagbag.py:508} INFO - Filling up the DagBag from /opt/airflow/dags/7.1-ExternalTaskSensor.py
[2024-09-30 17:02:02,314] {processor.py:651} INFO - DAG(s) dict_keys(['7.1-ExternalTaskSensor']) retrieved from /opt/airflow/dags/7.1-ExternalTaskSensor.py
[2024-09-30 17:02:02,331] {logging_mixin.py:115} INFO - [2024-09-30 17:02:02,331] {dag.py:2420} INFO - Sync 1 DAGs
[2024-09-30 17:02:02,346] {logging_mixin.py:115} INFO - [2024-09-30 17:02:02,346] {dag.py:2972} INFO - Setting next_dagrun for 7.1-ExternalTaskSensor to 2024-08-12T00:00:00+00:00, run_after=2024-08-13T00:00:00+00:00
[2024-09-30 17:02:02,355] {processor.py:161} INFO - Processing /opt/airflow/dags/7.1-ExternalTaskSensor.py took 0.049 seconds
[2024-09-30 17:02:32,743] {processor.py:153} INFO - Started process (PID=5621) to work on /opt/airflow/dags/7.1-ExternalTaskSensor.py
[2024-09-30 17:02:32,744] {processor.py:641} INFO - Processing file /opt/airflow/dags/7.1-ExternalTaskSensor.py for tasks to queue
[2024-09-30 17:02:32,744] {logging_mixin.py:115} INFO - [2024-09-30 17:02:32,744] {dagbag.py:508} INFO - Filling up the DagBag from /opt/airflow/dags/7.1-ExternalTaskSensor.py
[2024-09-30 17:02:32,749] {processor.py:651} INFO - DAG(s) dict_keys(['7.1-ExternalTaskSensor']) retrieved from /opt/airflow/dags/7.1-ExternalTaskSensor.py
[2024-09-30 17:02:32,767] {logging_mixin.py:115} INFO - [2024-09-30 17:02:32,767] {dag.py:2420} INFO - Sync 1 DAGs
[2024-09-30 17:02:32,785] {logging_mixin.py:115} INFO - [2024-09-30 17:02:32,785] {dag.py:2972} INFO - Setting next_dagrun for 7.1-ExternalTaskSensor to 2024-08-12T00:00:00+00:00, run_after=2024-08-13T00:00:00+00:00
[2024-09-30 17:02:32,794] {processor.py:161} INFO - Processing /opt/airflow/dags/7.1-ExternalTaskSensor.py took 0.052 seconds
[2024-09-30 17:03:03,134] {processor.py:153} INFO - Started process (PID=5660) to work on /opt/airflow/dags/7.1-ExternalTaskSensor.py
[2024-09-30 17:03:03,134] {processor.py:641} INFO - Processing file /opt/airflow/dags/7.1-ExternalTaskSensor.py for tasks to queue
[2024-09-30 17:03:03,135] {logging_mixin.py:115} INFO - [2024-09-30 17:03:03,135] {dagbag.py:508} INFO - Filling up the DagBag from /opt/airflow/dags/7.1-ExternalTaskSensor.py
[2024-09-30 17:03:03,140] {processor.py:651} INFO - DAG(s) dict_keys(['7.1-ExternalTaskSensor']) retrieved from /opt/airflow/dags/7.1-ExternalTaskSensor.py
[2024-09-30 17:03:03,155] {logging_mixin.py:115} INFO - [2024-09-30 17:03:03,155] {dag.py:2420} INFO - Sync 1 DAGs
[2024-09-30 17:03:03,168] {logging_mixin.py:115} INFO - [2024-09-30 17:03:03,168] {dag.py:2972} INFO - Setting next_dagrun for 7.1-ExternalTaskSensor to 2024-08-12T00:00:00+00:00, run_after=2024-08-13T00:00:00+00:00
[2024-09-30 17:03:03,175] {processor.py:161} INFO - Processing /opt/airflow/dags/7.1-ExternalTaskSensor.py took 0.043 seconds
[2024-09-30 17:03:33,632] {processor.py:153} INFO - Started process (PID=5699) to work on /opt/airflow/dags/7.1-ExternalTaskSensor.py
[2024-09-30 17:03:33,633] {processor.py:641} INFO - Processing file /opt/airflow/dags/7.1-ExternalTaskSensor.py for tasks to queue
[2024-09-30 17:03:33,633] {logging_mixin.py:115} INFO - [2024-09-30 17:03:33,633] {dagbag.py:508} INFO - Filling up the DagBag from /opt/airflow/dags/7.1-ExternalTaskSensor.py
[2024-09-30 17:03:33,639] {processor.py:651} INFO - DAG(s) dict_keys(['7.1-ExternalTaskSensor']) retrieved from /opt/airflow/dags/7.1-ExternalTaskSensor.py
[2024-09-30 17:03:33,655] {logging_mixin.py:115} INFO - [2024-09-30 17:03:33,655] {dag.py:2420} INFO - Sync 1 DAGs
[2024-09-30 17:03:33,668] {logging_mixin.py:115} INFO - [2024-09-30 17:03:33,668] {dag.py:2972} INFO - Setting next_dagrun for 7.1-ExternalTaskSensor to 2024-08-12T00:00:00+00:00, run_after=2024-08-13T00:00:00+00:00
[2024-09-30 17:03:33,676] {processor.py:161} INFO - Processing /opt/airflow/dags/7.1-ExternalTaskSensor.py took 0.046 seconds
[2024-09-30 17:04:04,224] {processor.py:153} INFO - Started process (PID=5736) to work on /opt/airflow/dags/7.1-ExternalTaskSensor.py
[2024-09-30 17:04:04,225] {processor.py:641} INFO - Processing file /opt/airflow/dags/7.1-ExternalTaskSensor.py for tasks to queue
[2024-09-30 17:04:04,226] {logging_mixin.py:115} INFO - [2024-09-30 17:04:04,226] {dagbag.py:508} INFO - Filling up the DagBag from /opt/airflow/dags/7.1-ExternalTaskSensor.py
[2024-09-30 17:04:04,235] {processor.py:651} INFO - DAG(s) dict_keys(['7.1-ExternalTaskSensor']) retrieved from /opt/airflow/dags/7.1-ExternalTaskSensor.py
[2024-09-30 17:04:04,260] {logging_mixin.py:115} INFO - [2024-09-30 17:04:04,260] {dag.py:2420} INFO - Sync 1 DAGs
[2024-09-30 17:04:04,293] {logging_mixin.py:115} INFO - [2024-09-30 17:04:04,292] {dag.py:2972} INFO - Setting next_dagrun for 7.1-ExternalTaskSensor to 2024-08-12T00:00:00+00:00, run_after=2024-08-13T00:00:00+00:00
[2024-09-30 17:04:04,310] {processor.py:161} INFO - Processing /opt/airflow/dags/7.1-ExternalTaskSensor.py took 0.088 seconds
[2024-09-30 17:04:34,759] {processor.py:153} INFO - Started process (PID=5768) to work on /opt/airflow/dags/7.1-ExternalTaskSensor.py
[2024-09-30 17:04:34,759] {processor.py:641} INFO - Processing file /opt/airflow/dags/7.1-ExternalTaskSensor.py for tasks to queue
[2024-09-30 17:04:34,759] {logging_mixin.py:115} INFO - [2024-09-30 17:04:34,759] {dagbag.py:508} INFO - Filling up the DagBag from /opt/airflow/dags/7.1-ExternalTaskSensor.py
[2024-09-30 17:04:34,767] {processor.py:651} INFO - DAG(s) dict_keys(['7.1-ExternalTaskSensor']) retrieved from /opt/airflow/dags/7.1-ExternalTaskSensor.py
[2024-09-30 17:04:34,784] {logging_mixin.py:115} INFO - [2024-09-30 17:04:34,783] {dag.py:2420} INFO - Sync 1 DAGs
[2024-09-30 17:04:34,800] {logging_mixin.py:115} INFO - [2024-09-30 17:04:34,800] {dag.py:2972} INFO - Setting next_dagrun for 7.1-ExternalTaskSensor to 2024-08-12T00:00:00+00:00, run_after=2024-08-13T00:00:00+00:00
[2024-09-30 17:04:34,808] {processor.py:161} INFO - Processing /opt/airflow/dags/7.1-ExternalTaskSensor.py took 0.052 seconds
[2024-09-30 17:05:05,282] {processor.py:153} INFO - Started process (PID=5807) to work on /opt/airflow/dags/7.1-ExternalTaskSensor.py
[2024-09-30 17:05:05,282] {processor.py:641} INFO - Processing file /opt/airflow/dags/7.1-ExternalTaskSensor.py for tasks to queue
[2024-09-30 17:05:05,283] {logging_mixin.py:115} INFO - [2024-09-30 17:05:05,283] {dagbag.py:508} INFO - Filling up the DagBag from /opt/airflow/dags/7.1-ExternalTaskSensor.py
[2024-09-30 17:05:05,289] {processor.py:651} INFO - DAG(s) dict_keys(['7.1-ExternalTaskSensor']) retrieved from /opt/airflow/dags/7.1-ExternalTaskSensor.py
[2024-09-30 17:05:05,306] {logging_mixin.py:115} INFO - [2024-09-30 17:05:05,306] {dag.py:2420} INFO - Sync 1 DAGs
[2024-09-30 17:05:05,322] {logging_mixin.py:115} INFO - [2024-09-30 17:05:05,322] {dag.py:2972} INFO - Setting next_dagrun for 7.1-ExternalTaskSensor to 2024-08-12T00:00:00+00:00, run_after=2024-08-13T00:00:00+00:00
[2024-09-30 17:05:05,331] {processor.py:161} INFO - Processing /opt/airflow/dags/7.1-ExternalTaskSensor.py took 0.052 seconds
[2024-09-30 17:05:35,769] {processor.py:153} INFO - Started process (PID=5846) to work on /opt/airflow/dags/7.1-ExternalTaskSensor.py
[2024-09-30 17:05:35,770] {processor.py:641} INFO - Processing file /opt/airflow/dags/7.1-ExternalTaskSensor.py for tasks to queue
[2024-09-30 17:05:35,770] {logging_mixin.py:115} INFO - [2024-09-30 17:05:35,770] {dagbag.py:508} INFO - Filling up the DagBag from /opt/airflow/dags/7.1-ExternalTaskSensor.py
[2024-09-30 17:05:35,777] {processor.py:651} INFO - DAG(s) dict_keys(['7.1-ExternalTaskSensor']) retrieved from /opt/airflow/dags/7.1-ExternalTaskSensor.py
[2024-09-30 17:05:35,795] {logging_mixin.py:115} INFO - [2024-09-30 17:05:35,795] {dag.py:2420} INFO - Sync 1 DAGs
[2024-09-30 17:05:35,811] {logging_mixin.py:115} INFO - [2024-09-30 17:05:35,811] {dag.py:2972} INFO - Setting next_dagrun for 7.1-ExternalTaskSensor to 2024-08-12T00:00:00+00:00, run_after=2024-08-13T00:00:00+00:00
[2024-09-30 17:05:35,820] {processor.py:161} INFO - Processing /opt/airflow/dags/7.1-ExternalTaskSensor.py took 0.055 seconds
[2024-09-30 17:06:06,282] {processor.py:153} INFO - Started process (PID=5885) to work on /opt/airflow/dags/7.1-ExternalTaskSensor.py
[2024-09-30 17:06:06,283] {processor.py:641} INFO - Processing file /opt/airflow/dags/7.1-ExternalTaskSensor.py for tasks to queue
[2024-09-30 17:06:06,283] {logging_mixin.py:115} INFO - [2024-09-30 17:06:06,283] {dagbag.py:508} INFO - Filling up the DagBag from /opt/airflow/dags/7.1-ExternalTaskSensor.py
[2024-09-30 17:06:06,289] {processor.py:651} INFO - DAG(s) dict_keys(['7.1-ExternalTaskSensor']) retrieved from /opt/airflow/dags/7.1-ExternalTaskSensor.py
[2024-09-30 17:06:06,306] {logging_mixin.py:115} INFO - [2024-09-30 17:06:06,306] {dag.py:2420} INFO - Sync 1 DAGs
[2024-09-30 17:06:06,323] {logging_mixin.py:115} INFO - [2024-09-30 17:06:06,323] {dag.py:2972} INFO - Setting next_dagrun for 7.1-ExternalTaskSensor to 2024-08-12T00:00:00+00:00, run_after=2024-08-13T00:00:00+00:00
[2024-09-30 17:06:06,332] {processor.py:161} INFO - Processing /opt/airflow/dags/7.1-ExternalTaskSensor.py took 0.052 seconds
[2024-09-30 17:06:36,855] {processor.py:153} INFO - Started process (PID=5924) to work on /opt/airflow/dags/7.1-ExternalTaskSensor.py
[2024-09-30 17:06:36,856] {processor.py:641} INFO - Processing file /opt/airflow/dags/7.1-ExternalTaskSensor.py for tasks to queue
[2024-09-30 17:06:36,856] {logging_mixin.py:115} INFO - [2024-09-30 17:06:36,856] {dagbag.py:508} INFO - Filling up the DagBag from /opt/airflow/dags/7.1-ExternalTaskSensor.py
[2024-09-30 17:06:36,864] {processor.py:651} INFO - DAG(s) dict_keys(['7.1-ExternalTaskSensor']) retrieved from /opt/airflow/dags/7.1-ExternalTaskSensor.py
[2024-09-30 17:06:36,882] {logging_mixin.py:115} INFO - [2024-09-30 17:06:36,882] {dag.py:2420} INFO - Sync 1 DAGs
[2024-09-30 17:06:36,901] {logging_mixin.py:115} INFO - [2024-09-30 17:06:36,901] {dag.py:2972} INFO - Setting next_dagrun for 7.1-ExternalTaskSensor to 2024-08-12T00:00:00+00:00, run_after=2024-08-13T00:00:00+00:00
[2024-09-30 17:06:36,912] {processor.py:161} INFO - Processing /opt/airflow/dags/7.1-ExternalTaskSensor.py took 0.060 seconds
[2024-09-30 17:07:07,395] {processor.py:153} INFO - Started process (PID=5954) to work on /opt/airflow/dags/7.1-ExternalTaskSensor.py
[2024-09-30 17:07:07,395] {processor.py:641} INFO - Processing file /opt/airflow/dags/7.1-ExternalTaskSensor.py for tasks to queue
[2024-09-30 17:07:07,396] {logging_mixin.py:115} INFO - [2024-09-30 17:07:07,396] {dagbag.py:508} INFO - Filling up the DagBag from /opt/airflow/dags/7.1-ExternalTaskSensor.py
[2024-09-30 17:07:07,402] {processor.py:651} INFO - DAG(s) dict_keys(['7.1-ExternalTaskSensor']) retrieved from /opt/airflow/dags/7.1-ExternalTaskSensor.py
[2024-09-30 17:07:07,420] {logging_mixin.py:115} INFO - [2024-09-30 17:07:07,420] {dag.py:2420} INFO - Sync 1 DAGs
[2024-09-30 17:07:07,436] {logging_mixin.py:115} INFO - [2024-09-30 17:07:07,436] {dag.py:2972} INFO - Setting next_dagrun for 7.1-ExternalTaskSensor to 2024-08-12T00:00:00+00:00, run_after=2024-08-13T00:00:00+00:00
[2024-09-30 17:07:07,445] {processor.py:161} INFO - Processing /opt/airflow/dags/7.1-ExternalTaskSensor.py took 0.054 seconds
[2024-09-30 17:07:37,885] {processor.py:153} INFO - Started process (PID=5993) to work on /opt/airflow/dags/7.1-ExternalTaskSensor.py
[2024-09-30 17:07:37,885] {processor.py:641} INFO - Processing file /opt/airflow/dags/7.1-ExternalTaskSensor.py for tasks to queue
[2024-09-30 17:07:37,886] {logging_mixin.py:115} INFO - [2024-09-30 17:07:37,885] {dagbag.py:508} INFO - Filling up the DagBag from /opt/airflow/dags/7.1-ExternalTaskSensor.py
[2024-09-30 17:07:37,891] {processor.py:651} INFO - DAG(s) dict_keys(['7.1-ExternalTaskSensor']) retrieved from /opt/airflow/dags/7.1-ExternalTaskSensor.py
[2024-09-30 17:07:37,907] {logging_mixin.py:115} INFO - [2024-09-30 17:07:37,907] {dag.py:2420} INFO - Sync 1 DAGs
[2024-09-30 17:07:37,926] {logging_mixin.py:115} INFO - [2024-09-30 17:07:37,926] {dag.py:2972} INFO - Setting next_dagrun for 7.1-ExternalTaskSensor to 2024-08-12T00:00:00+00:00, run_after=2024-08-13T00:00:00+00:00
[2024-09-30 17:07:37,938] {processor.py:161} INFO - Processing /opt/airflow/dags/7.1-ExternalTaskSensor.py took 0.055 seconds
[2024-09-30 17:08:08,418] {processor.py:153} INFO - Started process (PID=6032) to work on /opt/airflow/dags/7.1-ExternalTaskSensor.py
[2024-09-30 17:08:08,419] {processor.py:641} INFO - Processing file /opt/airflow/dags/7.1-ExternalTaskSensor.py for tasks to queue
[2024-09-30 17:08:08,419] {logging_mixin.py:115} INFO - [2024-09-30 17:08:08,419] {dagbag.py:508} INFO - Filling up the DagBag from /opt/airflow/dags/7.1-ExternalTaskSensor.py
[2024-09-30 17:08:08,427] {processor.py:651} INFO - DAG(s) dict_keys(['7.1-ExternalTaskSensor']) retrieved from /opt/airflow/dags/7.1-ExternalTaskSensor.py
[2024-09-30 17:08:08,443] {logging_mixin.py:115} INFO - [2024-09-30 17:08:08,442] {dag.py:2420} INFO - Sync 1 DAGs
[2024-09-30 17:08:08,457] {logging_mixin.py:115} INFO - [2024-09-30 17:08:08,456] {dag.py:2972} INFO - Setting next_dagrun for 7.1-ExternalTaskSensor to 2024-08-12T00:00:00+00:00, run_after=2024-08-13T00:00:00+00:00
[2024-09-30 17:08:08,464] {processor.py:161} INFO - Processing /opt/airflow/dags/7.1-ExternalTaskSensor.py took 0.047 seconds
[2024-09-30 17:08:38,870] {processor.py:153} INFO - Started process (PID=6071) to work on /opt/airflow/dags/7.1-ExternalTaskSensor.py
[2024-09-30 17:08:38,870] {processor.py:641} INFO - Processing file /opt/airflow/dags/7.1-ExternalTaskSensor.py for tasks to queue
[2024-09-30 17:08:38,870] {logging_mixin.py:115} INFO - [2024-09-30 17:08:38,870] {dagbag.py:508} INFO - Filling up the DagBag from /opt/airflow/dags/7.1-ExternalTaskSensor.py
[2024-09-30 17:08:38,877] {processor.py:651} INFO - DAG(s) dict_keys(['7.1-ExternalTaskSensor']) retrieved from /opt/airflow/dags/7.1-ExternalTaskSensor.py
[2024-09-30 17:08:38,892] {logging_mixin.py:115} INFO - [2024-09-30 17:08:38,892] {dag.py:2420} INFO - Sync 1 DAGs
[2024-09-30 17:08:38,907] {logging_mixin.py:115} INFO - [2024-09-30 17:08:38,907] {dag.py:2972} INFO - Setting next_dagrun for 7.1-ExternalTaskSensor to 2024-08-12T00:00:00+00:00, run_after=2024-08-13T00:00:00+00:00
[2024-09-30 17:08:38,915] {processor.py:161} INFO - Processing /opt/airflow/dags/7.1-ExternalTaskSensor.py took 0.047 seconds
[2024-09-30 17:09:09,376] {processor.py:153} INFO - Started process (PID=6113) to work on /opt/airflow/dags/7.1-ExternalTaskSensor.py
[2024-09-30 17:09:09,376] {processor.py:641} INFO - Processing file /opt/airflow/dags/7.1-ExternalTaskSensor.py for tasks to queue
[2024-09-30 17:09:09,377] {logging_mixin.py:115} INFO - [2024-09-30 17:09:09,377] {dagbag.py:508} INFO - Filling up the DagBag from /opt/airflow/dags/7.1-ExternalTaskSensor.py
[2024-09-30 17:09:09,383] {processor.py:651} INFO - DAG(s) dict_keys(['7.1-ExternalTaskSensor']) retrieved from /opt/airflow/dags/7.1-ExternalTaskSensor.py
[2024-09-30 17:09:09,400] {logging_mixin.py:115} INFO - [2024-09-30 17:09:09,400] {dag.py:2420} INFO - Sync 1 DAGs
[2024-09-30 17:09:09,414] {logging_mixin.py:115} INFO - [2024-09-30 17:09:09,414] {dag.py:2972} INFO - Setting next_dagrun for 7.1-ExternalTaskSensor to 2024-08-12T00:00:00+00:00, run_after=2024-08-13T00:00:00+00:00
[2024-09-30 17:09:09,423] {processor.py:161} INFO - Processing /opt/airflow/dags/7.1-ExternalTaskSensor.py took 0.049 seconds
[2024-09-30 17:09:39,908] {processor.py:153} INFO - Started process (PID=6144) to work on /opt/airflow/dags/7.1-ExternalTaskSensor.py
[2024-09-30 17:09:39,909] {processor.py:641} INFO - Processing file /opt/airflow/dags/7.1-ExternalTaskSensor.py for tasks to queue
[2024-09-30 17:09:39,909] {logging_mixin.py:115} INFO - [2024-09-30 17:09:39,909] {dagbag.py:508} INFO - Filling up the DagBag from /opt/airflow/dags/7.1-ExternalTaskSensor.py
[2024-09-30 17:09:39,915] {processor.py:651} INFO - DAG(s) dict_keys(['7.1-ExternalTaskSensor']) retrieved from /opt/airflow/dags/7.1-ExternalTaskSensor.py
[2024-09-30 17:09:39,931] {logging_mixin.py:115} INFO - [2024-09-30 17:09:39,931] {dag.py:2420} INFO - Sync 1 DAGs
[2024-09-30 17:09:39,946] {logging_mixin.py:115} INFO - [2024-09-30 17:09:39,946] {dag.py:2972} INFO - Setting next_dagrun for 7.1-ExternalTaskSensor to 2024-08-12T00:00:00+00:00, run_after=2024-08-13T00:00:00+00:00
[2024-09-30 17:09:39,954] {processor.py:161} INFO - Processing /opt/airflow/dags/7.1-ExternalTaskSensor.py took 0.048 seconds
[2024-09-30 17:10:10,458] {processor.py:153} INFO - Started process (PID=6184) to work on /opt/airflow/dags/7.1-ExternalTaskSensor.py
[2024-09-30 17:10:10,458] {processor.py:641} INFO - Processing file /opt/airflow/dags/7.1-ExternalTaskSensor.py for tasks to queue
[2024-09-30 17:10:10,458] {logging_mixin.py:115} INFO - [2024-09-30 17:10:10,458] {dagbag.py:508} INFO - Filling up the DagBag from /opt/airflow/dags/7.1-ExternalTaskSensor.py
[2024-09-30 17:10:10,463] {processor.py:651} INFO - DAG(s) dict_keys(['7.1-ExternalTaskSensor']) retrieved from /opt/airflow/dags/7.1-ExternalTaskSensor.py
[2024-09-30 17:10:10,478] {logging_mixin.py:115} INFO - [2024-09-30 17:10:10,478] {dag.py:2420} INFO - Sync 1 DAGs
[2024-09-30 17:10:10,491] {logging_mixin.py:115} INFO - [2024-09-30 17:10:10,491] {dag.py:2972} INFO - Setting next_dagrun for 7.1-ExternalTaskSensor to 2024-08-12T00:00:00+00:00, run_after=2024-08-13T00:00:00+00:00
[2024-09-30 17:10:10,499] {processor.py:161} INFO - Processing /opt/airflow/dags/7.1-ExternalTaskSensor.py took 0.043 seconds
[2024-09-30 17:10:40,997] {processor.py:153} INFO - Started process (PID=6224) to work on /opt/airflow/dags/7.1-ExternalTaskSensor.py
[2024-09-30 17:10:40,997] {processor.py:641} INFO - Processing file /opt/airflow/dags/7.1-ExternalTaskSensor.py for tasks to queue
[2024-09-30 17:10:40,998] {logging_mixin.py:115} INFO - [2024-09-30 17:10:40,998] {dagbag.py:508} INFO - Filling up the DagBag from /opt/airflow/dags/7.1-ExternalTaskSensor.py
[2024-09-30 17:10:41,003] {processor.py:651} INFO - DAG(s) dict_keys(['7.1-ExternalTaskSensor']) retrieved from /opt/airflow/dags/7.1-ExternalTaskSensor.py
[2024-09-30 17:10:41,022] {logging_mixin.py:115} INFO - [2024-09-30 17:10:41,022] {dag.py:2420} INFO - Sync 1 DAGs
[2024-09-30 17:10:41,037] {logging_mixin.py:115} INFO - [2024-09-30 17:10:41,037] {dag.py:2972} INFO - Setting next_dagrun for 7.1-ExternalTaskSensor to 2024-08-12T00:00:00+00:00, run_after=2024-08-13T00:00:00+00:00
[2024-09-30 17:10:41,045] {processor.py:161} INFO - Processing /opt/airflow/dags/7.1-ExternalTaskSensor.py took 0.050 seconds
[2024-09-30 17:11:11,593] {processor.py:153} INFO - Started process (PID=6264) to work on /opt/airflow/dags/7.1-ExternalTaskSensor.py
[2024-09-30 17:11:11,593] {processor.py:641} INFO - Processing file /opt/airflow/dags/7.1-ExternalTaskSensor.py for tasks to queue
[2024-09-30 17:11:11,594] {logging_mixin.py:115} INFO - [2024-09-30 17:11:11,594] {dagbag.py:508} INFO - Filling up the DagBag from /opt/airflow/dags/7.1-ExternalTaskSensor.py
[2024-09-30 17:11:11,602] {processor.py:651} INFO - DAG(s) dict_keys(['7.1-ExternalTaskSensor']) retrieved from /opt/airflow/dags/7.1-ExternalTaskSensor.py
[2024-09-30 17:11:11,622] {logging_mixin.py:115} INFO - [2024-09-30 17:11:11,622] {dag.py:2420} INFO - Sync 1 DAGs
[2024-09-30 17:11:11,638] {logging_mixin.py:115} INFO - [2024-09-30 17:11:11,638] {dag.py:2972} INFO - Setting next_dagrun for 7.1-ExternalTaskSensor to 2024-08-12T00:00:00+00:00, run_after=2024-08-13T00:00:00+00:00
[2024-09-30 17:11:11,647] {processor.py:161} INFO - Processing /opt/airflow/dags/7.1-ExternalTaskSensor.py took 0.056 seconds
[2024-09-30 17:11:42,169] {processor.py:153} INFO - Started process (PID=6304) to work on /opt/airflow/dags/7.1-ExternalTaskSensor.py
[2024-09-30 17:11:42,169] {processor.py:641} INFO - Processing file /opt/airflow/dags/7.1-ExternalTaskSensor.py for tasks to queue
[2024-09-30 17:11:42,170] {logging_mixin.py:115} INFO - [2024-09-30 17:11:42,170] {dagbag.py:508} INFO - Filling up the DagBag from /opt/airflow/dags/7.1-ExternalTaskSensor.py
[2024-09-30 17:11:42,176] {processor.py:651} INFO - DAG(s) dict_keys(['7.1-ExternalTaskSensor']) retrieved from /opt/airflow/dags/7.1-ExternalTaskSensor.py
[2024-09-30 17:11:42,193] {logging_mixin.py:115} INFO - [2024-09-30 17:11:42,193] {dag.py:2420} INFO - Sync 1 DAGs
[2024-09-30 17:11:42,209] {logging_mixin.py:115} INFO - [2024-09-30 17:11:42,209] {dag.py:2972} INFO - Setting next_dagrun for 7.1-ExternalTaskSensor to 2024-08-12T00:00:00+00:00, run_after=2024-08-13T00:00:00+00:00
[2024-09-30 17:11:42,220] {processor.py:161} INFO - Processing /opt/airflow/dags/7.1-ExternalTaskSensor.py took 0.053 seconds
[2024-09-30 17:12:12,656] {processor.py:153} INFO - Started process (PID=6344) to work on /opt/airflow/dags/7.1-ExternalTaskSensor.py
[2024-09-30 17:12:12,656] {processor.py:641} INFO - Processing file /opt/airflow/dags/7.1-ExternalTaskSensor.py for tasks to queue
[2024-09-30 17:12:12,657] {logging_mixin.py:115} INFO - [2024-09-30 17:12:12,657] {dagbag.py:508} INFO - Filling up the DagBag from /opt/airflow/dags/7.1-ExternalTaskSensor.py
[2024-09-30 17:12:12,662] {processor.py:651} INFO - DAG(s) dict_keys(['7.1-ExternalTaskSensor']) retrieved from /opt/airflow/dags/7.1-ExternalTaskSensor.py
[2024-09-30 17:12:12,680] {logging_mixin.py:115} INFO - [2024-09-30 17:12:12,680] {dag.py:2420} INFO - Sync 1 DAGs
[2024-09-30 17:12:12,696] {logging_mixin.py:115} INFO - [2024-09-30 17:12:12,696] {dag.py:2972} INFO - Setting next_dagrun for 7.1-ExternalTaskSensor to 2024-08-12T00:00:00+00:00, run_after=2024-08-13T00:00:00+00:00
[2024-09-30 17:12:12,705] {processor.py:161} INFO - Processing /opt/airflow/dags/7.1-ExternalTaskSensor.py took 0.053 seconds
[2024-09-30 17:12:43,230] {processor.py:153} INFO - Started process (PID=6375) to work on /opt/airflow/dags/7.1-ExternalTaskSensor.py
[2024-09-30 17:12:43,231] {processor.py:641} INFO - Processing file /opt/airflow/dags/7.1-ExternalTaskSensor.py for tasks to queue
[2024-09-30 17:12:43,231] {logging_mixin.py:115} INFO - [2024-09-30 17:12:43,231] {dagbag.py:508} INFO - Filling up the DagBag from /opt/airflow/dags/7.1-ExternalTaskSensor.py
[2024-09-30 17:12:43,236] {processor.py:651} INFO - DAG(s) dict_keys(['7.1-ExternalTaskSensor']) retrieved from /opt/airflow/dags/7.1-ExternalTaskSensor.py
[2024-09-30 17:12:43,253] {logging_mixin.py:115} INFO - [2024-09-30 17:12:43,253] {dag.py:2420} INFO - Sync 1 DAGs
[2024-09-30 17:12:43,266] {logging_mixin.py:115} INFO - [2024-09-30 17:12:43,266] {dag.py:2972} INFO - Setting next_dagrun for 7.1-ExternalTaskSensor to 2024-08-12T00:00:00+00:00, run_after=2024-08-13T00:00:00+00:00
[2024-09-30 17:12:43,274] {processor.py:161} INFO - Processing /opt/airflow/dags/7.1-ExternalTaskSensor.py took 0.046 seconds
[2024-09-30 17:13:13,737] {processor.py:153} INFO - Started process (PID=6415) to work on /opt/airflow/dags/7.1-ExternalTaskSensor.py
[2024-09-30 17:13:13,737] {processor.py:641} INFO - Processing file /opt/airflow/dags/7.1-ExternalTaskSensor.py for tasks to queue
[2024-09-30 17:13:13,737] {logging_mixin.py:115} INFO - [2024-09-30 17:13:13,737] {dagbag.py:508} INFO - Filling up the DagBag from /opt/airflow/dags/7.1-ExternalTaskSensor.py
[2024-09-30 17:13:13,742] {processor.py:651} INFO - DAG(s) dict_keys(['7.1-ExternalTaskSensor']) retrieved from /opt/airflow/dags/7.1-ExternalTaskSensor.py
[2024-09-30 17:13:13,758] {logging_mixin.py:115} INFO - [2024-09-30 17:13:13,758] {dag.py:2420} INFO - Sync 1 DAGs
[2024-09-30 17:13:13,771] {logging_mixin.py:115} INFO - [2024-09-30 17:13:13,771] {dag.py:2972} INFO - Setting next_dagrun for 7.1-ExternalTaskSensor to 2024-08-12T00:00:00+00:00, run_after=2024-08-13T00:00:00+00:00
[2024-09-30 17:13:13,779] {processor.py:161} INFO - Processing /opt/airflow/dags/7.1-ExternalTaskSensor.py took 0.045 seconds
[2024-09-30 17:13:44,231] {processor.py:153} INFO - Started process (PID=6455) to work on /opt/airflow/dags/7.1-ExternalTaskSensor.py
[2024-09-30 17:13:44,231] {processor.py:641} INFO - Processing file /opt/airflow/dags/7.1-ExternalTaskSensor.py for tasks to queue
[2024-09-30 17:13:44,232] {logging_mixin.py:115} INFO - [2024-09-30 17:13:44,232] {dagbag.py:508} INFO - Filling up the DagBag from /opt/airflow/dags/7.1-ExternalTaskSensor.py
[2024-09-30 17:13:44,238] {processor.py:651} INFO - DAG(s) dict_keys(['7.1-ExternalTaskSensor']) retrieved from /opt/airflow/dags/7.1-ExternalTaskSensor.py
[2024-09-30 17:13:44,252] {logging_mixin.py:115} INFO - [2024-09-30 17:13:44,252] {dag.py:2420} INFO - Sync 1 DAGs
[2024-09-30 17:13:44,266] {logging_mixin.py:115} INFO - [2024-09-30 17:13:44,266] {dag.py:2972} INFO - Setting next_dagrun for 7.1-ExternalTaskSensor to 2024-08-12T00:00:00+00:00, run_after=2024-08-13T00:00:00+00:00
[2024-09-30 17:13:44,273] {processor.py:161} INFO - Processing /opt/airflow/dags/7.1-ExternalTaskSensor.py took 0.044 seconds
[2024-09-30 17:14:14,737] {processor.py:153} INFO - Started process (PID=6495) to work on /opt/airflow/dags/7.1-ExternalTaskSensor.py
[2024-09-30 17:14:14,737] {processor.py:641} INFO - Processing file /opt/airflow/dags/7.1-ExternalTaskSensor.py for tasks to queue
[2024-09-30 17:14:14,738] {logging_mixin.py:115} INFO - [2024-09-30 17:14:14,738] {dagbag.py:508} INFO - Filling up the DagBag from /opt/airflow/dags/7.1-ExternalTaskSensor.py
[2024-09-30 17:14:14,744] {processor.py:651} INFO - DAG(s) dict_keys(['7.1-ExternalTaskSensor']) retrieved from /opt/airflow/dags/7.1-ExternalTaskSensor.py
[2024-09-30 17:14:14,764] {logging_mixin.py:115} INFO - [2024-09-30 17:14:14,764] {dag.py:2420} INFO - Sync 1 DAGs
[2024-09-30 17:14:14,779] {logging_mixin.py:115} INFO - [2024-09-30 17:14:14,779] {dag.py:2972} INFO - Setting next_dagrun for 7.1-ExternalTaskSensor to 2024-08-12T00:00:00+00:00, run_after=2024-08-13T00:00:00+00:00
[2024-09-30 17:14:14,786] {processor.py:161} INFO - Processing /opt/airflow/dags/7.1-ExternalTaskSensor.py took 0.052 seconds
[2024-09-30 17:14:45,198] {processor.py:153} INFO - Started process (PID=6535) to work on /opt/airflow/dags/7.1-ExternalTaskSensor.py
[2024-09-30 17:14:45,199] {processor.py:641} INFO - Processing file /opt/airflow/dags/7.1-ExternalTaskSensor.py for tasks to queue
[2024-09-30 17:14:45,200] {logging_mixin.py:115} INFO - [2024-09-30 17:14:45,200] {dagbag.py:508} INFO - Filling up the DagBag from /opt/airflow/dags/7.1-ExternalTaskSensor.py
[2024-09-30 17:14:45,208] {processor.py:651} INFO - DAG(s) dict_keys(['7.1-ExternalTaskSensor']) retrieved from /opt/airflow/dags/7.1-ExternalTaskSensor.py
[2024-09-30 17:14:45,225] {logging_mixin.py:115} INFO - [2024-09-30 17:14:45,225] {dag.py:2420} INFO - Sync 1 DAGs
[2024-09-30 17:14:45,240] {logging_mixin.py:115} INFO - [2024-09-30 17:14:45,240] {dag.py:2972} INFO - Setting next_dagrun for 7.1-ExternalTaskSensor to 2024-08-12T00:00:00+00:00, run_after=2024-08-13T00:00:00+00:00
[2024-09-30 17:14:45,249] {processor.py:161} INFO - Processing /opt/airflow/dags/7.1-ExternalTaskSensor.py took 0.053 seconds
[2024-09-30 17:15:15,708] {processor.py:153} INFO - Started process (PID=6575) to work on /opt/airflow/dags/7.1-ExternalTaskSensor.py
[2024-09-30 17:15:15,709] {processor.py:641} INFO - Processing file /opt/airflow/dags/7.1-ExternalTaskSensor.py for tasks to queue
[2024-09-30 17:15:15,709] {logging_mixin.py:115} INFO - [2024-09-30 17:15:15,709] {dagbag.py:508} INFO - Filling up the DagBag from /opt/airflow/dags/7.1-ExternalTaskSensor.py
[2024-09-30 17:15:15,715] {processor.py:651} INFO - DAG(s) dict_keys(['7.1-ExternalTaskSensor']) retrieved from /opt/airflow/dags/7.1-ExternalTaskSensor.py
[2024-09-30 17:15:15,733] {logging_mixin.py:115} INFO - [2024-09-30 17:15:15,733] {dag.py:2420} INFO - Sync 1 DAGs
[2024-09-30 17:15:15,748] {logging_mixin.py:115} INFO - [2024-09-30 17:15:15,748] {dag.py:2972} INFO - Setting next_dagrun for 7.1-ExternalTaskSensor to 2024-08-12T00:00:00+00:00, run_after=2024-08-13T00:00:00+00:00
[2024-09-30 17:15:15,756] {processor.py:161} INFO - Processing /opt/airflow/dags/7.1-ExternalTaskSensor.py took 0.051 seconds
[2024-09-30 17:15:46,230] {processor.py:153} INFO - Started process (PID=6606) to work on /opt/airflow/dags/7.1-ExternalTaskSensor.py
[2024-09-30 17:15:46,231] {processor.py:641} INFO - Processing file /opt/airflow/dags/7.1-ExternalTaskSensor.py for tasks to queue
[2024-09-30 17:15:46,231] {logging_mixin.py:115} INFO - [2024-09-30 17:15:46,231] {dagbag.py:508} INFO - Filling up the DagBag from /opt/airflow/dags/7.1-ExternalTaskSensor.py
[2024-09-30 17:15:46,236] {processor.py:651} INFO - DAG(s) dict_keys(['7.1-ExternalTaskSensor']) retrieved from /opt/airflow/dags/7.1-ExternalTaskSensor.py
[2024-09-30 17:15:46,251] {logging_mixin.py:115} INFO - [2024-09-30 17:15:46,251] {dag.py:2420} INFO - Sync 1 DAGs
[2024-09-30 17:15:46,265] {logging_mixin.py:115} INFO - [2024-09-30 17:15:46,265] {dag.py:2972} INFO - Setting next_dagrun for 7.1-ExternalTaskSensor to 2024-08-12T00:00:00+00:00, run_after=2024-08-13T00:00:00+00:00
[2024-09-30 17:15:46,272] {processor.py:161} INFO - Processing /opt/airflow/dags/7.1-ExternalTaskSensor.py took 0.044 seconds
[2024-09-30 17:16:16,744] {processor.py:153} INFO - Started process (PID=6645) to work on /opt/airflow/dags/7.1-ExternalTaskSensor.py
[2024-09-30 17:16:16,745] {processor.py:641} INFO - Processing file /opt/airflow/dags/7.1-ExternalTaskSensor.py for tasks to queue
[2024-09-30 17:16:16,745] {logging_mixin.py:115} INFO - [2024-09-30 17:16:16,745] {dagbag.py:508} INFO - Filling up the DagBag from /opt/airflow/dags/7.1-ExternalTaskSensor.py
[2024-09-30 17:16:16,752] {processor.py:651} INFO - DAG(s) dict_keys(['7.1-ExternalTaskSensor']) retrieved from /opt/airflow/dags/7.1-ExternalTaskSensor.py
[2024-09-30 17:16:16,771] {logging_mixin.py:115} INFO - [2024-09-30 17:16:16,771] {dag.py:2420} INFO - Sync 1 DAGs
[2024-09-30 17:16:16,785] {logging_mixin.py:115} INFO - [2024-09-30 17:16:16,785] {dag.py:2972} INFO - Setting next_dagrun for 7.1-ExternalTaskSensor to 2024-08-12T00:00:00+00:00, run_after=2024-08-13T00:00:00+00:00
[2024-09-30 17:16:16,792] {processor.py:161} INFO - Processing /opt/airflow/dags/7.1-ExternalTaskSensor.py took 0.051 seconds
[2024-09-30 17:16:47,298] {processor.py:153} INFO - Started process (PID=6685) to work on /opt/airflow/dags/7.1-ExternalTaskSensor.py
[2024-09-30 17:16:47,299] {processor.py:641} INFO - Processing file /opt/airflow/dags/7.1-ExternalTaskSensor.py for tasks to queue
[2024-09-30 17:16:47,299] {logging_mixin.py:115} INFO - [2024-09-30 17:16:47,299] {dagbag.py:508} INFO - Filling up the DagBag from /opt/airflow/dags/7.1-ExternalTaskSensor.py
[2024-09-30 17:16:47,305] {processor.py:651} INFO - DAG(s) dict_keys(['7.1-ExternalTaskSensor']) retrieved from /opt/airflow/dags/7.1-ExternalTaskSensor.py
[2024-09-30 17:16:47,320] {logging_mixin.py:115} INFO - [2024-09-30 17:16:47,320] {dag.py:2420} INFO - Sync 1 DAGs
[2024-09-30 17:16:47,333] {logging_mixin.py:115} INFO - [2024-09-30 17:16:47,333] {dag.py:2972} INFO - Setting next_dagrun for 7.1-ExternalTaskSensor to 2024-08-12T00:00:00+00:00, run_after=2024-08-13T00:00:00+00:00
[2024-09-30 17:16:47,341] {processor.py:161} INFO - Processing /opt/airflow/dags/7.1-ExternalTaskSensor.py took 0.045 seconds
[2024-09-30 17:17:17,800] {processor.py:153} INFO - Started process (PID=6725) to work on /opt/airflow/dags/7.1-ExternalTaskSensor.py
[2024-09-30 17:17:17,800] {processor.py:641} INFO - Processing file /opt/airflow/dags/7.1-ExternalTaskSensor.py for tasks to queue
[2024-09-30 17:17:17,801] {logging_mixin.py:115} INFO - [2024-09-30 17:17:17,801] {dagbag.py:508} INFO - Filling up the DagBag from /opt/airflow/dags/7.1-ExternalTaskSensor.py
[2024-09-30 17:17:17,806] {processor.py:651} INFO - DAG(s) dict_keys(['7.1-ExternalTaskSensor']) retrieved from /opt/airflow/dags/7.1-ExternalTaskSensor.py
[2024-09-30 17:17:17,821] {logging_mixin.py:115} INFO - [2024-09-30 17:17:17,821] {dag.py:2420} INFO - Sync 1 DAGs
[2024-09-30 17:17:17,835] {logging_mixin.py:115} INFO - [2024-09-30 17:17:17,835] {dag.py:2972} INFO - Setting next_dagrun for 7.1-ExternalTaskSensor to 2024-08-12T00:00:00+00:00, run_after=2024-08-13T00:00:00+00:00
[2024-09-30 17:17:17,842] {processor.py:161} INFO - Processing /opt/airflow/dags/7.1-ExternalTaskSensor.py took 0.045 seconds
[2024-09-30 17:17:48,312] {processor.py:153} INFO - Started process (PID=6766) to work on /opt/airflow/dags/7.1-ExternalTaskSensor.py
[2024-09-30 17:17:48,313] {processor.py:641} INFO - Processing file /opt/airflow/dags/7.1-ExternalTaskSensor.py for tasks to queue
[2024-09-30 17:17:48,313] {logging_mixin.py:115} INFO - [2024-09-30 17:17:48,313] {dagbag.py:508} INFO - Filling up the DagBag from /opt/airflow/dags/7.1-ExternalTaskSensor.py
[2024-09-30 17:17:48,318] {processor.py:651} INFO - DAG(s) dict_keys(['7.1-ExternalTaskSensor']) retrieved from /opt/airflow/dags/7.1-ExternalTaskSensor.py
[2024-09-30 17:17:48,336] {logging_mixin.py:115} INFO - [2024-09-30 17:17:48,336] {dag.py:2420} INFO - Sync 1 DAGs
[2024-09-30 17:17:48,350] {logging_mixin.py:115} INFO - [2024-09-30 17:17:48,350] {dag.py:2972} INFO - Setting next_dagrun for 7.1-ExternalTaskSensor to 2024-08-12T00:00:00+00:00, run_after=2024-08-13T00:00:00+00:00
[2024-09-30 17:17:48,357] {processor.py:161} INFO - Processing /opt/airflow/dags/7.1-ExternalTaskSensor.py took 0.047 seconds
[2024-09-30 17:18:18,840] {processor.py:153} INFO - Started process (PID=6806) to work on /opt/airflow/dags/7.1-ExternalTaskSensor.py
[2024-09-30 17:18:18,841] {processor.py:641} INFO - Processing file /opt/airflow/dags/7.1-ExternalTaskSensor.py for tasks to queue
[2024-09-30 17:18:18,841] {logging_mixin.py:115} INFO - [2024-09-30 17:18:18,841] {dagbag.py:508} INFO - Filling up the DagBag from /opt/airflow/dags/7.1-ExternalTaskSensor.py
[2024-09-30 17:18:18,846] {processor.py:651} INFO - DAG(s) dict_keys(['7.1-ExternalTaskSensor']) retrieved from /opt/airflow/dags/7.1-ExternalTaskSensor.py
[2024-09-30 17:18:18,866] {logging_mixin.py:115} INFO - [2024-09-30 17:18:18,866] {dag.py:2420} INFO - Sync 1 DAGs
[2024-09-30 17:18:18,884] {logging_mixin.py:115} INFO - [2024-09-30 17:18:18,884] {dag.py:2972} INFO - Setting next_dagrun for 7.1-ExternalTaskSensor to 2024-08-12T00:00:00+00:00, run_after=2024-08-13T00:00:00+00:00
[2024-09-30 17:18:18,893] {processor.py:161} INFO - Processing /opt/airflow/dags/7.1-ExternalTaskSensor.py took 0.056 seconds
[2024-09-30 17:18:49,331] {processor.py:153} INFO - Started process (PID=6836) to work on /opt/airflow/dags/7.1-ExternalTaskSensor.py
[2024-09-30 17:18:49,332] {processor.py:641} INFO - Processing file /opt/airflow/dags/7.1-ExternalTaskSensor.py for tasks to queue
[2024-09-30 17:18:49,333] {logging_mixin.py:115} INFO - [2024-09-30 17:18:49,333] {dagbag.py:508} INFO - Filling up the DagBag from /opt/airflow/dags/7.1-ExternalTaskSensor.py
[2024-09-30 17:18:49,339] {processor.py:651} INFO - DAG(s) dict_keys(['7.1-ExternalTaskSensor']) retrieved from /opt/airflow/dags/7.1-ExternalTaskSensor.py
[2024-09-30 17:18:49,356] {logging_mixin.py:115} INFO - [2024-09-30 17:18:49,356] {dag.py:2420} INFO - Sync 1 DAGs
[2024-09-30 17:18:49,371] {logging_mixin.py:115} INFO - [2024-09-30 17:18:49,370] {dag.py:2972} INFO - Setting next_dagrun for 7.1-ExternalTaskSensor to 2024-08-12T00:00:00+00:00, run_after=2024-08-13T00:00:00+00:00
[2024-09-30 17:18:49,378] {processor.py:161} INFO - Processing /opt/airflow/dags/7.1-ExternalTaskSensor.py took 0.049 seconds
[2024-09-30 17:19:19,852] {processor.py:153} INFO - Started process (PID=6876) to work on /opt/airflow/dags/7.1-ExternalTaskSensor.py
[2024-09-30 17:19:19,853] {processor.py:641} INFO - Processing file /opt/airflow/dags/7.1-ExternalTaskSensor.py for tasks to queue
[2024-09-30 17:19:19,853] {logging_mixin.py:115} INFO - [2024-09-30 17:19:19,853] {dagbag.py:508} INFO - Filling up the DagBag from /opt/airflow/dags/7.1-ExternalTaskSensor.py
[2024-09-30 17:19:19,859] {processor.py:651} INFO - DAG(s) dict_keys(['7.1-ExternalTaskSensor']) retrieved from /opt/airflow/dags/7.1-ExternalTaskSensor.py
[2024-09-30 17:19:19,874] {logging_mixin.py:115} INFO - [2024-09-30 17:19:19,874] {dag.py:2420} INFO - Sync 1 DAGs
[2024-09-30 17:19:19,887] {logging_mixin.py:115} INFO - [2024-09-30 17:19:19,887] {dag.py:2972} INFO - Setting next_dagrun for 7.1-ExternalTaskSensor to 2024-08-12T00:00:00+00:00, run_after=2024-08-13T00:00:00+00:00
[2024-09-30 17:19:19,894] {processor.py:161} INFO - Processing /opt/airflow/dags/7.1-ExternalTaskSensor.py took 0.044 seconds
[2024-09-30 17:19:50,303] {processor.py:153} INFO - Started process (PID=6916) to work on /opt/airflow/dags/7.1-ExternalTaskSensor.py
[2024-09-30 17:19:50,304] {processor.py:641} INFO - Processing file /opt/airflow/dags/7.1-ExternalTaskSensor.py for tasks to queue
[2024-09-30 17:19:50,304] {logging_mixin.py:115} INFO - [2024-09-30 17:19:50,304] {dagbag.py:508} INFO - Filling up the DagBag from /opt/airflow/dags/7.1-ExternalTaskSensor.py
[2024-09-30 17:19:50,309] {processor.py:651} INFO - DAG(s) dict_keys(['7.1-ExternalTaskSensor']) retrieved from /opt/airflow/dags/7.1-ExternalTaskSensor.py
[2024-09-30 17:19:50,327] {logging_mixin.py:115} INFO - [2024-09-30 17:19:50,326] {dag.py:2420} INFO - Sync 1 DAGs
[2024-09-30 17:19:50,342] {logging_mixin.py:115} INFO - [2024-09-30 17:19:50,342] {dag.py:2972} INFO - Setting next_dagrun for 7.1-ExternalTaskSensor to 2024-08-12T00:00:00+00:00, run_after=2024-08-13T00:00:00+00:00
[2024-09-30 17:19:50,350] {processor.py:161} INFO - Processing /opt/airflow/dags/7.1-ExternalTaskSensor.py took 0.049 seconds
[2024-09-30 17:20:20,763] {processor.py:153} INFO - Started process (PID=6956) to work on /opt/airflow/dags/7.1-ExternalTaskSensor.py
[2024-09-30 17:20:20,763] {processor.py:641} INFO - Processing file /opt/airflow/dags/7.1-ExternalTaskSensor.py for tasks to queue
[2024-09-30 17:20:20,763] {logging_mixin.py:115} INFO - [2024-09-30 17:20:20,763] {dagbag.py:508} INFO - Filling up the DagBag from /opt/airflow/dags/7.1-ExternalTaskSensor.py
[2024-09-30 17:20:20,768] {processor.py:651} INFO - DAG(s) dict_keys(['7.1-ExternalTaskSensor']) retrieved from /opt/airflow/dags/7.1-ExternalTaskSensor.py
[2024-09-30 17:20:20,783] {logging_mixin.py:115} INFO - [2024-09-30 17:20:20,783] {dag.py:2420} INFO - Sync 1 DAGs
[2024-09-30 17:20:20,797] {logging_mixin.py:115} INFO - [2024-09-30 17:20:20,797] {dag.py:2972} INFO - Setting next_dagrun for 7.1-ExternalTaskSensor to 2024-08-12T00:00:00+00:00, run_after=2024-08-13T00:00:00+00:00
[2024-09-30 17:20:20,804] {processor.py:161} INFO - Processing /opt/airflow/dags/7.1-ExternalTaskSensor.py took 0.043 seconds
[2024-09-30 17:20:51,269] {processor.py:153} INFO - Started process (PID=6996) to work on /opt/airflow/dags/7.1-ExternalTaskSensor.py
[2024-09-30 17:20:51,270] {processor.py:641} INFO - Processing file /opt/airflow/dags/7.1-ExternalTaskSensor.py for tasks to queue
[2024-09-30 17:20:51,270] {logging_mixin.py:115} INFO - [2024-09-30 17:20:51,270] {dagbag.py:508} INFO - Filling up the DagBag from /opt/airflow/dags/7.1-ExternalTaskSensor.py
[2024-09-30 17:20:51,275] {processor.py:651} INFO - DAG(s) dict_keys(['7.1-ExternalTaskSensor']) retrieved from /opt/airflow/dags/7.1-ExternalTaskSensor.py
[2024-09-30 17:20:51,292] {logging_mixin.py:115} INFO - [2024-09-30 17:20:51,292] {dag.py:2420} INFO - Sync 1 DAGs
[2024-09-30 17:20:51,307] {logging_mixin.py:115} INFO - [2024-09-30 17:20:51,307] {dag.py:2972} INFO - Setting next_dagrun for 7.1-ExternalTaskSensor to 2024-08-12T00:00:00+00:00, run_after=2024-08-13T00:00:00+00:00
[2024-09-30 17:20:51,314] {processor.py:161} INFO - Processing /opt/airflow/dags/7.1-ExternalTaskSensor.py took 0.047 seconds
[2024-09-30 17:21:21,795] {processor.py:153} INFO - Started process (PID=7034) to work on /opt/airflow/dags/7.1-ExternalTaskSensor.py
[2024-09-30 17:21:21,795] {processor.py:641} INFO - Processing file /opt/airflow/dags/7.1-ExternalTaskSensor.py for tasks to queue
[2024-09-30 17:21:21,795] {logging_mixin.py:115} INFO - [2024-09-30 17:21:21,795] {dagbag.py:508} INFO - Filling up the DagBag from /opt/airflow/dags/7.1-ExternalTaskSensor.py
[2024-09-30 17:21:21,801] {processor.py:651} INFO - DAG(s) dict_keys(['7.1-ExternalTaskSensor']) retrieved from /opt/airflow/dags/7.1-ExternalTaskSensor.py
[2024-09-30 17:21:21,819] {logging_mixin.py:115} INFO - [2024-09-30 17:21:21,819] {dag.py:2420} INFO - Sync 1 DAGs
[2024-09-30 17:21:21,834] {logging_mixin.py:115} INFO - [2024-09-30 17:21:21,834] {dag.py:2972} INFO - Setting next_dagrun for 7.1-ExternalTaskSensor to 2024-08-12T00:00:00+00:00, run_after=2024-08-13T00:00:00+00:00
[2024-09-30 17:21:21,842] {processor.py:161} INFO - Processing /opt/airflow/dags/7.1-ExternalTaskSensor.py took 0.050 seconds
[2024-09-30 17:21:52,294] {processor.py:153} INFO - Started process (PID=7067) to work on /opt/airflow/dags/7.1-ExternalTaskSensor.py
[2024-09-30 17:21:52,294] {processor.py:641} INFO - Processing file /opt/airflow/dags/7.1-ExternalTaskSensor.py for tasks to queue
[2024-09-30 17:21:52,295] {logging_mixin.py:115} INFO - [2024-09-30 17:21:52,295] {dagbag.py:508} INFO - Filling up the DagBag from /opt/airflow/dags/7.1-ExternalTaskSensor.py
[2024-09-30 17:21:52,300] {processor.py:651} INFO - DAG(s) dict_keys(['7.1-ExternalTaskSensor']) retrieved from /opt/airflow/dags/7.1-ExternalTaskSensor.py
[2024-09-30 17:21:52,315] {logging_mixin.py:115} INFO - [2024-09-30 17:21:52,315] {dag.py:2420} INFO - Sync 1 DAGs
[2024-09-30 17:21:52,328] {logging_mixin.py:115} INFO - [2024-09-30 17:21:52,328] {dag.py:2972} INFO - Setting next_dagrun for 7.1-ExternalTaskSensor to 2024-08-12T00:00:00+00:00, run_after=2024-08-13T00:00:00+00:00
[2024-09-30 17:21:52,342] {processor.py:161} INFO - Processing /opt/airflow/dags/7.1-ExternalTaskSensor.py took 0.050 seconds
[2024-09-30 17:22:22,812] {processor.py:153} INFO - Started process (PID=7106) to work on /opt/airflow/dags/7.1-ExternalTaskSensor.py
[2024-09-30 17:22:22,813] {processor.py:641} INFO - Processing file /opt/airflow/dags/7.1-ExternalTaskSensor.py for tasks to queue
[2024-09-30 17:22:22,813] {logging_mixin.py:115} INFO - [2024-09-30 17:22:22,813] {dagbag.py:508} INFO - Filling up the DagBag from /opt/airflow/dags/7.1-ExternalTaskSensor.py
[2024-09-30 17:22:22,818] {processor.py:651} INFO - DAG(s) dict_keys(['7.1-ExternalTaskSensor']) retrieved from /opt/airflow/dags/7.1-ExternalTaskSensor.py
[2024-09-30 17:22:22,833] {logging_mixin.py:115} INFO - [2024-09-30 17:22:22,833] {dag.py:2420} INFO - Sync 1 DAGs
[2024-09-30 17:22:22,847] {logging_mixin.py:115} INFO - [2024-09-30 17:22:22,847] {dag.py:2972} INFO - Setting next_dagrun for 7.1-ExternalTaskSensor to 2024-08-12T00:00:00+00:00, run_after=2024-08-13T00:00:00+00:00
[2024-09-30 17:22:22,854] {processor.py:161} INFO - Processing /opt/airflow/dags/7.1-ExternalTaskSensor.py took 0.044 seconds
[2024-09-30 17:22:53,311] {processor.py:153} INFO - Started process (PID=7146) to work on /opt/airflow/dags/7.1-ExternalTaskSensor.py
[2024-09-30 17:22:53,311] {processor.py:641} INFO - Processing file /opt/airflow/dags/7.1-ExternalTaskSensor.py for tasks to queue
[2024-09-30 17:22:53,312] {logging_mixin.py:115} INFO - [2024-09-30 17:22:53,312] {dagbag.py:508} INFO - Filling up the DagBag from /opt/airflow/dags/7.1-ExternalTaskSensor.py
[2024-09-30 17:22:53,317] {processor.py:651} INFO - DAG(s) dict_keys(['7.1-ExternalTaskSensor']) retrieved from /opt/airflow/dags/7.1-ExternalTaskSensor.py
[2024-09-30 17:22:53,334] {logging_mixin.py:115} INFO - [2024-09-30 17:22:53,334] {dag.py:2420} INFO - Sync 1 DAGs
[2024-09-30 17:22:53,349] {logging_mixin.py:115} INFO - [2024-09-30 17:22:53,349] {dag.py:2972} INFO - Setting next_dagrun for 7.1-ExternalTaskSensor to 2024-08-12T00:00:00+00:00, run_after=2024-08-13T00:00:00+00:00
[2024-09-30 17:22:53,357] {processor.py:161} INFO - Processing /opt/airflow/dags/7.1-ExternalTaskSensor.py took 0.048 seconds
[2024-09-30 17:23:23,830] {processor.py:153} INFO - Started process (PID=7185) to work on /opt/airflow/dags/7.1-ExternalTaskSensor.py
[2024-09-30 17:23:23,831] {processor.py:641} INFO - Processing file /opt/airflow/dags/7.1-ExternalTaskSensor.py for tasks to queue
[2024-09-30 17:23:23,831] {logging_mixin.py:115} INFO - [2024-09-30 17:23:23,831] {dagbag.py:508} INFO - Filling up the DagBag from /opt/airflow/dags/7.1-ExternalTaskSensor.py
[2024-09-30 17:23:23,836] {processor.py:651} INFO - DAG(s) dict_keys(['7.1-ExternalTaskSensor']) retrieved from /opt/airflow/dags/7.1-ExternalTaskSensor.py
[2024-09-30 17:23:23,852] {logging_mixin.py:115} INFO - [2024-09-30 17:23:23,852] {dag.py:2420} INFO - Sync 1 DAGs
[2024-09-30 17:23:23,865] {logging_mixin.py:115} INFO - [2024-09-30 17:23:23,865] {dag.py:2972} INFO - Setting next_dagrun for 7.1-ExternalTaskSensor to 2024-08-12T00:00:00+00:00, run_after=2024-08-13T00:00:00+00:00
[2024-09-30 17:23:23,872] {processor.py:161} INFO - Processing /opt/airflow/dags/7.1-ExternalTaskSensor.py took 0.044 seconds
[2024-09-30 17:23:54,334] {processor.py:153} INFO - Started process (PID=7225) to work on /opt/airflow/dags/7.1-ExternalTaskSensor.py
[2024-09-30 17:23:54,335] {processor.py:641} INFO - Processing file /opt/airflow/dags/7.1-ExternalTaskSensor.py for tasks to queue
[2024-09-30 17:23:54,335] {logging_mixin.py:115} INFO - [2024-09-30 17:23:54,335] {dagbag.py:508} INFO - Filling up the DagBag from /opt/airflow/dags/7.1-ExternalTaskSensor.py
[2024-09-30 17:23:54,340] {processor.py:651} INFO - DAG(s) dict_keys(['7.1-ExternalTaskSensor']) retrieved from /opt/airflow/dags/7.1-ExternalTaskSensor.py
[2024-09-30 17:23:54,355] {logging_mixin.py:115} INFO - [2024-09-30 17:23:54,355] {dag.py:2420} INFO - Sync 1 DAGs
[2024-09-30 17:23:54,369] {logging_mixin.py:115} INFO - [2024-09-30 17:23:54,369] {dag.py:2972} INFO - Setting next_dagrun for 7.1-ExternalTaskSensor to 2024-08-12T00:00:00+00:00, run_after=2024-08-13T00:00:00+00:00
[2024-09-30 17:23:54,376] {processor.py:161} INFO - Processing /opt/airflow/dags/7.1-ExternalTaskSensor.py took 0.044 seconds
[2024-09-30 17:24:24,809] {processor.py:153} INFO - Started process (PID=7263) to work on /opt/airflow/dags/7.1-ExternalTaskSensor.py
[2024-09-30 17:24:24,809] {processor.py:641} INFO - Processing file /opt/airflow/dags/7.1-ExternalTaskSensor.py for tasks to queue
[2024-09-30 17:24:24,810] {logging_mixin.py:115} INFO - [2024-09-30 17:24:24,810] {dagbag.py:508} INFO - Filling up the DagBag from /opt/airflow/dags/7.1-ExternalTaskSensor.py
[2024-09-30 17:24:24,815] {processor.py:651} INFO - DAG(s) dict_keys(['7.1-ExternalTaskSensor']) retrieved from /opt/airflow/dags/7.1-ExternalTaskSensor.py
[2024-09-30 17:24:24,831] {logging_mixin.py:115} INFO - [2024-09-30 17:24:24,831] {dag.py:2420} INFO - Sync 1 DAGs
[2024-09-30 17:24:24,846] {logging_mixin.py:115} INFO - [2024-09-30 17:24:24,846] {dag.py:2972} INFO - Setting next_dagrun for 7.1-ExternalTaskSensor to 2024-08-12T00:00:00+00:00, run_after=2024-08-13T00:00:00+00:00
[2024-09-30 17:24:24,854] {processor.py:161} INFO - Processing /opt/airflow/dags/7.1-ExternalTaskSensor.py took 0.047 seconds
[2024-09-30 17:24:55,337] {processor.py:153} INFO - Started process (PID=7296) to work on /opt/airflow/dags/7.1-ExternalTaskSensor.py
[2024-09-30 17:24:55,338] {processor.py:641} INFO - Processing file /opt/airflow/dags/7.1-ExternalTaskSensor.py for tasks to queue
[2024-09-30 17:24:55,338] {logging_mixin.py:115} INFO - [2024-09-30 17:24:55,338] {dagbag.py:508} INFO - Filling up the DagBag from /opt/airflow/dags/7.1-ExternalTaskSensor.py
[2024-09-30 17:24:55,343] {processor.py:651} INFO - DAG(s) dict_keys(['7.1-ExternalTaskSensor']) retrieved from /opt/airflow/dags/7.1-ExternalTaskSensor.py
[2024-09-30 17:24:55,358] {logging_mixin.py:115} INFO - [2024-09-30 17:24:55,358] {dag.py:2420} INFO - Sync 1 DAGs
[2024-09-30 17:24:55,373] {logging_mixin.py:115} INFO - [2024-09-30 17:24:55,373] {dag.py:2972} INFO - Setting next_dagrun for 7.1-ExternalTaskSensor to 2024-08-12T00:00:00+00:00, run_after=2024-08-13T00:00:00+00:00
[2024-09-30 17:24:55,380] {processor.py:161} INFO - Processing /opt/airflow/dags/7.1-ExternalTaskSensor.py took 0.045 seconds
[2024-09-30 17:25:25,832] {processor.py:153} INFO - Started process (PID=7336) to work on /opt/airflow/dags/7.1-ExternalTaskSensor.py
[2024-09-30 17:25:25,833] {processor.py:641} INFO - Processing file /opt/airflow/dags/7.1-ExternalTaskSensor.py for tasks to queue
[2024-09-30 17:25:25,833] {logging_mixin.py:115} INFO - [2024-09-30 17:25:25,833] {dagbag.py:508} INFO - Filling up the DagBag from /opt/airflow/dags/7.1-ExternalTaskSensor.py
[2024-09-30 17:25:25,838] {processor.py:651} INFO - DAG(s) dict_keys(['7.1-ExternalTaskSensor']) retrieved from /opt/airflow/dags/7.1-ExternalTaskSensor.py
[2024-09-30 17:25:25,855] {logging_mixin.py:115} INFO - [2024-09-30 17:25:25,855] {dag.py:2420} INFO - Sync 1 DAGs
[2024-09-30 17:25:25,868] {logging_mixin.py:115} INFO - [2024-09-30 17:25:25,868] {dag.py:2972} INFO - Setting next_dagrun for 7.1-ExternalTaskSensor to 2024-08-12T00:00:00+00:00, run_after=2024-08-13T00:00:00+00:00
[2024-09-30 17:25:25,875] {processor.py:161} INFO - Processing /opt/airflow/dags/7.1-ExternalTaskSensor.py took 0.045 seconds
[2024-09-30 17:25:56,325] {processor.py:153} INFO - Started process (PID=7375) to work on /opt/airflow/dags/7.1-ExternalTaskSensor.py
[2024-09-30 17:25:56,326] {processor.py:641} INFO - Processing file /opt/airflow/dags/7.1-ExternalTaskSensor.py for tasks to queue
[2024-09-30 17:25:56,326] {logging_mixin.py:115} INFO - [2024-09-30 17:25:56,326] {dagbag.py:508} INFO - Filling up the DagBag from /opt/airflow/dags/7.1-ExternalTaskSensor.py
[2024-09-30 17:25:56,331] {processor.py:651} INFO - DAG(s) dict_keys(['7.1-ExternalTaskSensor']) retrieved from /opt/airflow/dags/7.1-ExternalTaskSensor.py
[2024-09-30 17:25:56,346] {logging_mixin.py:115} INFO - [2024-09-30 17:25:56,346] {dag.py:2420} INFO - Sync 1 DAGs
[2024-09-30 17:25:56,359] {logging_mixin.py:115} INFO - [2024-09-30 17:25:56,359] {dag.py:2972} INFO - Setting next_dagrun for 7.1-ExternalTaskSensor to 2024-08-12T00:00:00+00:00, run_after=2024-08-13T00:00:00+00:00
[2024-09-30 17:25:56,366] {processor.py:161} INFO - Processing /opt/airflow/dags/7.1-ExternalTaskSensor.py took 0.043 seconds
[2024-09-30 17:26:26,848] {processor.py:153} INFO - Started process (PID=7415) to work on /opt/airflow/dags/7.1-ExternalTaskSensor.py
[2024-09-30 17:26:26,848] {processor.py:641} INFO - Processing file /opt/airflow/dags/7.1-ExternalTaskSensor.py for tasks to queue
[2024-09-30 17:26:26,849] {logging_mixin.py:115} INFO - [2024-09-30 17:26:26,849] {dagbag.py:508} INFO - Filling up the DagBag from /opt/airflow/dags/7.1-ExternalTaskSensor.py
[2024-09-30 17:26:26,854] {processor.py:651} INFO - DAG(s) dict_keys(['7.1-ExternalTaskSensor']) retrieved from /opt/airflow/dags/7.1-ExternalTaskSensor.py
[2024-09-30 17:26:26,869] {logging_mixin.py:115} INFO - [2024-09-30 17:26:26,869] {dag.py:2420} INFO - Sync 1 DAGs
[2024-09-30 17:26:26,883] {logging_mixin.py:115} INFO - [2024-09-30 17:26:26,883] {dag.py:2972} INFO - Setting next_dagrun for 7.1-ExternalTaskSensor to 2024-08-12T00:00:00+00:00, run_after=2024-08-13T00:00:00+00:00
[2024-09-30 17:26:26,890] {processor.py:161} INFO - Processing /opt/airflow/dags/7.1-ExternalTaskSensor.py took 0.044 seconds
[2024-09-30 17:26:57,304] {processor.py:153} INFO - Started process (PID=7455) to work on /opt/airflow/dags/7.1-ExternalTaskSensor.py
[2024-09-30 17:26:57,304] {processor.py:641} INFO - Processing file /opt/airflow/dags/7.1-ExternalTaskSensor.py for tasks to queue
[2024-09-30 17:26:57,304] {logging_mixin.py:115} INFO - [2024-09-30 17:26:57,304] {dagbag.py:508} INFO - Filling up the DagBag from /opt/airflow/dags/7.1-ExternalTaskSensor.py
[2024-09-30 17:26:57,312] {processor.py:651} INFO - DAG(s) dict_keys(['7.1-ExternalTaskSensor']) retrieved from /opt/airflow/dags/7.1-ExternalTaskSensor.py
[2024-09-30 17:26:57,328] {logging_mixin.py:115} INFO - [2024-09-30 17:26:57,328] {dag.py:2420} INFO - Sync 1 DAGs
[2024-09-30 17:26:57,343] {logging_mixin.py:115} INFO - [2024-09-30 17:26:57,343] {dag.py:2972} INFO - Setting next_dagrun for 7.1-ExternalTaskSensor to 2024-08-12T00:00:00+00:00, run_after=2024-08-13T00:00:00+00:00
[2024-09-30 17:26:57,351] {processor.py:161} INFO - Processing /opt/airflow/dags/7.1-ExternalTaskSensor.py took 0.050 seconds
[2024-09-30 17:27:27,785] {processor.py:153} INFO - Started process (PID=7486) to work on /opt/airflow/dags/7.1-ExternalTaskSensor.py
[2024-09-30 17:27:27,785] {processor.py:641} INFO - Processing file /opt/airflow/dags/7.1-ExternalTaskSensor.py for tasks to queue
[2024-09-30 17:27:27,786] {logging_mixin.py:115} INFO - [2024-09-30 17:27:27,786] {dagbag.py:508} INFO - Filling up the DagBag from /opt/airflow/dags/7.1-ExternalTaskSensor.py
[2024-09-30 17:27:27,791] {processor.py:651} INFO - DAG(s) dict_keys(['7.1-ExternalTaskSensor']) retrieved from /opt/airflow/dags/7.1-ExternalTaskSensor.py
[2024-09-30 17:27:27,808] {logging_mixin.py:115} INFO - [2024-09-30 17:27:27,807] {dag.py:2420} INFO - Sync 1 DAGs
[2024-09-30 17:27:27,822] {logging_mixin.py:115} INFO - [2024-09-30 17:27:27,821] {dag.py:2972} INFO - Setting next_dagrun for 7.1-ExternalTaskSensor to 2024-08-12T00:00:00+00:00, run_after=2024-08-13T00:00:00+00:00
[2024-09-30 17:27:27,830] {processor.py:161} INFO - Processing /opt/airflow/dags/7.1-ExternalTaskSensor.py took 0.047 seconds
[2024-09-30 17:27:58,320] {processor.py:153} INFO - Started process (PID=7525) to work on /opt/airflow/dags/7.1-ExternalTaskSensor.py
[2024-09-30 17:27:58,321] {processor.py:641} INFO - Processing file /opt/airflow/dags/7.1-ExternalTaskSensor.py for tasks to queue
[2024-09-30 17:27:58,321] {logging_mixin.py:115} INFO - [2024-09-30 17:27:58,321] {dagbag.py:508} INFO - Filling up the DagBag from /opt/airflow/dags/7.1-ExternalTaskSensor.py
[2024-09-30 17:27:58,329] {processor.py:651} INFO - DAG(s) dict_keys(['7.1-ExternalTaskSensor']) retrieved from /opt/airflow/dags/7.1-ExternalTaskSensor.py
[2024-09-30 17:27:58,345] {logging_mixin.py:115} INFO - [2024-09-30 17:27:58,345] {dag.py:2420} INFO - Sync 1 DAGs
[2024-09-30 17:27:58,360] {logging_mixin.py:115} INFO - [2024-09-30 17:27:58,360] {dag.py:2972} INFO - Setting next_dagrun for 7.1-ExternalTaskSensor to 2024-08-12T00:00:00+00:00, run_after=2024-08-13T00:00:00+00:00
[2024-09-30 17:27:58,368] {processor.py:161} INFO - Processing /opt/airflow/dags/7.1-ExternalTaskSensor.py took 0.049 seconds
[2024-09-30 17:28:28,871] {processor.py:153} INFO - Started process (PID=7565) to work on /opt/airflow/dags/7.1-ExternalTaskSensor.py
[2024-09-30 17:28:28,871] {processor.py:641} INFO - Processing file /opt/airflow/dags/7.1-ExternalTaskSensor.py for tasks to queue
[2024-09-30 17:28:28,872] {logging_mixin.py:115} INFO - [2024-09-30 17:28:28,872] {dagbag.py:508} INFO - Filling up the DagBag from /opt/airflow/dags/7.1-ExternalTaskSensor.py
[2024-09-30 17:28:28,877] {processor.py:651} INFO - DAG(s) dict_keys(['7.1-ExternalTaskSensor']) retrieved from /opt/airflow/dags/7.1-ExternalTaskSensor.py
[2024-09-30 17:28:28,900] {logging_mixin.py:115} INFO - [2024-09-30 17:28:28,900] {dag.py:2420} INFO - Sync 1 DAGs
[2024-09-30 17:28:28,919] {logging_mixin.py:115} INFO - [2024-09-30 17:28:28,918] {dag.py:2972} INFO - Setting next_dagrun for 7.1-ExternalTaskSensor to 2024-08-12T00:00:00+00:00, run_after=2024-08-13T00:00:00+00:00
[2024-09-30 17:28:28,932] {processor.py:161} INFO - Processing /opt/airflow/dags/7.1-ExternalTaskSensor.py took 0.063 seconds
[2024-09-30 17:28:59,351] {processor.py:153} INFO - Started process (PID=7605) to work on /opt/airflow/dags/7.1-ExternalTaskSensor.py
[2024-09-30 17:28:59,351] {processor.py:641} INFO - Processing file /opt/airflow/dags/7.1-ExternalTaskSensor.py for tasks to queue
[2024-09-30 17:28:59,352] {logging_mixin.py:115} INFO - [2024-09-30 17:28:59,352] {dagbag.py:508} INFO - Filling up the DagBag from /opt/airflow/dags/7.1-ExternalTaskSensor.py
[2024-09-30 17:28:59,360] {processor.py:651} INFO - DAG(s) dict_keys(['7.1-ExternalTaskSensor']) retrieved from /opt/airflow/dags/7.1-ExternalTaskSensor.py
[2024-09-30 17:28:59,382] {logging_mixin.py:115} INFO - [2024-09-30 17:28:59,382] {dag.py:2420} INFO - Sync 1 DAGs
[2024-09-30 17:28:59,399] {logging_mixin.py:115} INFO - [2024-09-30 17:28:59,399] {dag.py:2972} INFO - Setting next_dagrun for 7.1-ExternalTaskSensor to 2024-08-12T00:00:00+00:00, run_after=2024-08-13T00:00:00+00:00
[2024-09-30 17:28:59,410] {processor.py:161} INFO - Processing /opt/airflow/dags/7.1-ExternalTaskSensor.py took 0.061 seconds
[2024-09-30 17:29:29,886] {processor.py:153} INFO - Started process (PID=7645) to work on /opt/airflow/dags/7.1-ExternalTaskSensor.py
[2024-09-30 17:29:29,887] {processor.py:641} INFO - Processing file /opt/airflow/dags/7.1-ExternalTaskSensor.py for tasks to queue
[2024-09-30 17:29:29,887] {logging_mixin.py:115} INFO - [2024-09-30 17:29:29,887] {dagbag.py:508} INFO - Filling up the DagBag from /opt/airflow/dags/7.1-ExternalTaskSensor.py
[2024-09-30 17:29:29,892] {processor.py:651} INFO - DAG(s) dict_keys(['7.1-ExternalTaskSensor']) retrieved from /opt/airflow/dags/7.1-ExternalTaskSensor.py
[2024-09-30 17:29:29,908] {logging_mixin.py:115} INFO - [2024-09-30 17:29:29,908] {dag.py:2420} INFO - Sync 1 DAGs
[2024-09-30 17:29:29,922] {logging_mixin.py:115} INFO - [2024-09-30 17:29:29,921] {dag.py:2972} INFO - Setting next_dagrun for 7.1-ExternalTaskSensor to 2024-08-12T00:00:00+00:00, run_after=2024-08-13T00:00:00+00:00
[2024-09-30 17:29:29,928] {processor.py:161} INFO - Processing /opt/airflow/dags/7.1-ExternalTaskSensor.py took 0.044 seconds
[2024-09-30 17:30:00,401] {processor.py:153} INFO - Started process (PID=7685) to work on /opt/airflow/dags/7.1-ExternalTaskSensor.py
[2024-09-30 17:30:00,401] {processor.py:641} INFO - Processing file /opt/airflow/dags/7.1-ExternalTaskSensor.py for tasks to queue
[2024-09-30 17:30:00,402] {logging_mixin.py:115} INFO - [2024-09-30 17:30:00,402] {dagbag.py:508} INFO - Filling up the DagBag from /opt/airflow/dags/7.1-ExternalTaskSensor.py
[2024-09-30 17:30:00,407] {processor.py:651} INFO - DAG(s) dict_keys(['7.1-ExternalTaskSensor']) retrieved from /opt/airflow/dags/7.1-ExternalTaskSensor.py
[2024-09-30 17:30:00,423] {logging_mixin.py:115} INFO - [2024-09-30 17:30:00,423] {dag.py:2420} INFO - Sync 1 DAGs
[2024-09-30 17:30:00,439] {logging_mixin.py:115} INFO - [2024-09-30 17:30:00,439] {dag.py:2972} INFO - Setting next_dagrun for 7.1-ExternalTaskSensor to 2024-08-12T00:00:00+00:00, run_after=2024-08-13T00:00:00+00:00
[2024-09-30 17:30:00,447] {processor.py:161} INFO - Processing /opt/airflow/dags/7.1-ExternalTaskSensor.py took 0.048 seconds
[2024-09-30 17:30:30,944] {processor.py:153} INFO - Started process (PID=7716) to work on /opt/airflow/dags/7.1-ExternalTaskSensor.py
[2024-09-30 17:30:30,945] {processor.py:641} INFO - Processing file /opt/airflow/dags/7.1-ExternalTaskSensor.py for tasks to queue
[2024-09-30 17:30:30,945] {logging_mixin.py:115} INFO - [2024-09-30 17:30:30,945] {dagbag.py:508} INFO - Filling up the DagBag from /opt/airflow/dags/7.1-ExternalTaskSensor.py
[2024-09-30 17:30:30,951] {processor.py:651} INFO - DAG(s) dict_keys(['7.1-ExternalTaskSensor']) retrieved from /opt/airflow/dags/7.1-ExternalTaskSensor.py
[2024-09-30 17:30:30,968] {logging_mixin.py:115} INFO - [2024-09-30 17:30:30,968] {dag.py:2420} INFO - Sync 1 DAGs
[2024-09-30 17:30:30,984] {logging_mixin.py:115} INFO - [2024-09-30 17:30:30,983] {dag.py:2972} INFO - Setting next_dagrun for 7.1-ExternalTaskSensor to 2024-08-12T00:00:00+00:00, run_after=2024-08-13T00:00:00+00:00
[2024-09-30 17:30:30,992] {processor.py:161} INFO - Processing /opt/airflow/dags/7.1-ExternalTaskSensor.py took 0.050 seconds
[2024-09-30 17:31:01,488] {processor.py:153} INFO - Started process (PID=7755) to work on /opt/airflow/dags/7.1-ExternalTaskSensor.py
[2024-09-30 17:31:01,489] {processor.py:641} INFO - Processing file /opt/airflow/dags/7.1-ExternalTaskSensor.py for tasks to queue
[2024-09-30 17:31:01,489] {logging_mixin.py:115} INFO - [2024-09-30 17:31:01,489] {dagbag.py:508} INFO - Filling up the DagBag from /opt/airflow/dags/7.1-ExternalTaskSensor.py
[2024-09-30 17:31:01,495] {processor.py:651} INFO - DAG(s) dict_keys(['7.1-ExternalTaskSensor']) retrieved from /opt/airflow/dags/7.1-ExternalTaskSensor.py
[2024-09-30 17:31:01,511] {logging_mixin.py:115} INFO - [2024-09-30 17:31:01,511] {dag.py:2420} INFO - Sync 1 DAGs
[2024-09-30 17:31:01,525] {logging_mixin.py:115} INFO - [2024-09-30 17:31:01,525] {dag.py:2972} INFO - Setting next_dagrun for 7.1-ExternalTaskSensor to 2024-08-12T00:00:00+00:00, run_after=2024-08-13T00:00:00+00:00
[2024-09-30 17:31:01,533] {processor.py:161} INFO - Processing /opt/airflow/dags/7.1-ExternalTaskSensor.py took 0.047 seconds
[2024-09-30 17:31:32,007] {processor.py:153} INFO - Started process (PID=7794) to work on /opt/airflow/dags/7.1-ExternalTaskSensor.py
[2024-09-30 17:31:32,008] {processor.py:641} INFO - Processing file /opt/airflow/dags/7.1-ExternalTaskSensor.py for tasks to queue
[2024-09-30 17:31:32,008] {logging_mixin.py:115} INFO - [2024-09-30 17:31:32,008] {dagbag.py:508} INFO - Filling up the DagBag from /opt/airflow/dags/7.1-ExternalTaskSensor.py
[2024-09-30 17:31:32,013] {processor.py:651} INFO - DAG(s) dict_keys(['7.1-ExternalTaskSensor']) retrieved from /opt/airflow/dags/7.1-ExternalTaskSensor.py
[2024-09-30 17:31:32,030] {logging_mixin.py:115} INFO - [2024-09-30 17:31:32,030] {dag.py:2420} INFO - Sync 1 DAGs
[2024-09-30 17:31:32,044] {logging_mixin.py:115} INFO - [2024-09-30 17:31:32,044] {dag.py:2972} INFO - Setting next_dagrun for 7.1-ExternalTaskSensor to 2024-08-12T00:00:00+00:00, run_after=2024-08-13T00:00:00+00:00
[2024-09-30 17:31:32,051] {processor.py:161} INFO - Processing /opt/airflow/dags/7.1-ExternalTaskSensor.py took 0.046 seconds
[2024-09-30 17:32:02,536] {processor.py:153} INFO - Started process (PID=7834) to work on /opt/airflow/dags/7.1-ExternalTaskSensor.py
[2024-09-30 17:32:02,536] {processor.py:641} INFO - Processing file /opt/airflow/dags/7.1-ExternalTaskSensor.py for tasks to queue
[2024-09-30 17:32:02,537] {logging_mixin.py:115} INFO - [2024-09-30 17:32:02,537] {dagbag.py:508} INFO - Filling up the DagBag from /opt/airflow/dags/7.1-ExternalTaskSensor.py
[2024-09-30 17:32:02,543] {processor.py:651} INFO - DAG(s) dict_keys(['7.1-ExternalTaskSensor']) retrieved from /opt/airflow/dags/7.1-ExternalTaskSensor.py
[2024-09-30 17:32:02,559] {logging_mixin.py:115} INFO - [2024-09-30 17:32:02,559] {dag.py:2420} INFO - Sync 1 DAGs
[2024-09-30 17:32:02,574] {logging_mixin.py:115} INFO - [2024-09-30 17:32:02,574] {dag.py:2972} INFO - Setting next_dagrun for 7.1-ExternalTaskSensor to 2024-08-12T00:00:00+00:00, run_after=2024-08-13T00:00:00+00:00
[2024-09-30 17:32:02,584] {processor.py:161} INFO - Processing /opt/airflow/dags/7.1-ExternalTaskSensor.py took 0.050 seconds
[2024-09-30 17:32:33,113] {processor.py:153} INFO - Started process (PID=7873) to work on /opt/airflow/dags/7.1-ExternalTaskSensor.py
[2024-09-30 17:32:33,114] {processor.py:641} INFO - Processing file /opt/airflow/dags/7.1-ExternalTaskSensor.py for tasks to queue
[2024-09-30 17:32:33,114] {logging_mixin.py:115} INFO - [2024-09-30 17:32:33,114] {dagbag.py:508} INFO - Filling up the DagBag from /opt/airflow/dags/7.1-ExternalTaskSensor.py
[2024-09-30 17:32:33,121] {processor.py:651} INFO - DAG(s) dict_keys(['7.1-ExternalTaskSensor']) retrieved from /opt/airflow/dags/7.1-ExternalTaskSensor.py
[2024-09-30 17:32:33,139] {logging_mixin.py:115} INFO - [2024-09-30 17:32:33,139] {dag.py:2420} INFO - Sync 1 DAGs
[2024-09-30 17:32:33,156] {logging_mixin.py:115} INFO - [2024-09-30 17:32:33,156] {dag.py:2972} INFO - Setting next_dagrun for 7.1-ExternalTaskSensor to 2024-08-12T00:00:00+00:00, run_after=2024-08-13T00:00:00+00:00
[2024-09-30 17:32:33,165] {processor.py:161} INFO - Processing /opt/airflow/dags/7.1-ExternalTaskSensor.py took 0.054 seconds
[2024-09-30 17:33:03,672] {processor.py:153} INFO - Started process (PID=7913) to work on /opt/airflow/dags/7.1-ExternalTaskSensor.py
[2024-09-30 17:33:03,673] {processor.py:641} INFO - Processing file /opt/airflow/dags/7.1-ExternalTaskSensor.py for tasks to queue
[2024-09-30 17:33:03,673] {logging_mixin.py:115} INFO - [2024-09-30 17:33:03,673] {dagbag.py:508} INFO - Filling up the DagBag from /opt/airflow/dags/7.1-ExternalTaskSensor.py
[2024-09-30 17:33:03,681] {processor.py:651} INFO - DAG(s) dict_keys(['7.1-ExternalTaskSensor']) retrieved from /opt/airflow/dags/7.1-ExternalTaskSensor.py
[2024-09-30 17:33:03,701] {logging_mixin.py:115} INFO - [2024-09-30 17:33:03,701] {dag.py:2420} INFO - Sync 1 DAGs
[2024-09-30 17:33:03,718] {logging_mixin.py:115} INFO - [2024-09-30 17:33:03,718] {dag.py:2972} INFO - Setting next_dagrun for 7.1-ExternalTaskSensor to 2024-08-12T00:00:00+00:00, run_after=2024-08-13T00:00:00+00:00
[2024-09-30 17:33:03,728] {processor.py:161} INFO - Processing /opt/airflow/dags/7.1-ExternalTaskSensor.py took 0.058 seconds
[2024-09-30 17:33:34,162] {processor.py:153} INFO - Started process (PID=7944) to work on /opt/airflow/dags/7.1-ExternalTaskSensor.py
[2024-09-30 17:33:34,162] {processor.py:641} INFO - Processing file /opt/airflow/dags/7.1-ExternalTaskSensor.py for tasks to queue
[2024-09-30 17:33:34,163] {logging_mixin.py:115} INFO - [2024-09-30 17:33:34,163] {dagbag.py:508} INFO - Filling up the DagBag from /opt/airflow/dags/7.1-ExternalTaskSensor.py
[2024-09-30 17:33:34,168] {processor.py:651} INFO - DAG(s) dict_keys(['7.1-ExternalTaskSensor']) retrieved from /opt/airflow/dags/7.1-ExternalTaskSensor.py
[2024-09-30 17:33:34,184] {logging_mixin.py:115} INFO - [2024-09-30 17:33:34,184] {dag.py:2420} INFO - Sync 1 DAGs
[2024-09-30 17:33:34,198] {logging_mixin.py:115} INFO - [2024-09-30 17:33:34,198] {dag.py:2972} INFO - Setting next_dagrun for 7.1-ExternalTaskSensor to 2024-08-12T00:00:00+00:00, run_after=2024-08-13T00:00:00+00:00
[2024-09-30 17:33:34,205] {processor.py:161} INFO - Processing /opt/airflow/dags/7.1-ExternalTaskSensor.py took 0.046 seconds
[2024-09-30 17:34:04,622] {processor.py:153} INFO - Started process (PID=7982) to work on /opt/airflow/dags/7.1-ExternalTaskSensor.py
[2024-09-30 17:34:04,622] {processor.py:641} INFO - Processing file /opt/airflow/dags/7.1-ExternalTaskSensor.py for tasks to queue
[2024-09-30 17:34:04,623] {logging_mixin.py:115} INFO - [2024-09-30 17:34:04,623] {dagbag.py:508} INFO - Filling up the DagBag from /opt/airflow/dags/7.1-ExternalTaskSensor.py
[2024-09-30 17:34:04,628] {processor.py:651} INFO - DAG(s) dict_keys(['7.1-ExternalTaskSensor']) retrieved from /opt/airflow/dags/7.1-ExternalTaskSensor.py
[2024-09-30 17:34:04,643] {logging_mixin.py:115} INFO - [2024-09-30 17:34:04,643] {dag.py:2420} INFO - Sync 1 DAGs
[2024-09-30 17:34:04,657] {logging_mixin.py:115} INFO - [2024-09-30 17:34:04,657] {dag.py:2972} INFO - Setting next_dagrun for 7.1-ExternalTaskSensor to 2024-08-12T00:00:00+00:00, run_after=2024-08-13T00:00:00+00:00
[2024-09-30 17:34:04,664] {processor.py:161} INFO - Processing /opt/airflow/dags/7.1-ExternalTaskSensor.py took 0.045 seconds
[2024-09-30 17:34:35,133] {processor.py:153} INFO - Started process (PID=8022) to work on /opt/airflow/dags/7.1-ExternalTaskSensor.py
[2024-09-30 17:34:35,133] {processor.py:641} INFO - Processing file /opt/airflow/dags/7.1-ExternalTaskSensor.py for tasks to queue
[2024-09-30 17:34:35,134] {logging_mixin.py:115} INFO - [2024-09-30 17:34:35,134] {dagbag.py:508} INFO - Filling up the DagBag from /opt/airflow/dags/7.1-ExternalTaskSensor.py
[2024-09-30 17:34:35,139] {processor.py:651} INFO - DAG(s) dict_keys(['7.1-ExternalTaskSensor']) retrieved from /opt/airflow/dags/7.1-ExternalTaskSensor.py
[2024-09-30 17:34:35,154] {logging_mixin.py:115} INFO - [2024-09-30 17:34:35,154] {dag.py:2420} INFO - Sync 1 DAGs
[2024-09-30 17:34:35,168] {logging_mixin.py:115} INFO - [2024-09-30 17:34:35,168] {dag.py:2972} INFO - Setting next_dagrun for 7.1-ExternalTaskSensor to 2024-08-12T00:00:00+00:00, run_after=2024-08-13T00:00:00+00:00
[2024-09-30 17:34:35,175] {processor.py:161} INFO - Processing /opt/airflow/dags/7.1-ExternalTaskSensor.py took 0.044 seconds
[2024-09-30 17:35:05,633] {processor.py:153} INFO - Started process (PID=8062) to work on /opt/airflow/dags/7.1-ExternalTaskSensor.py
[2024-09-30 17:35:05,633] {processor.py:641} INFO - Processing file /opt/airflow/dags/7.1-ExternalTaskSensor.py for tasks to queue
[2024-09-30 17:35:05,634] {logging_mixin.py:115} INFO - [2024-09-30 17:35:05,633] {dagbag.py:508} INFO - Filling up the DagBag from /opt/airflow/dags/7.1-ExternalTaskSensor.py
[2024-09-30 17:35:05,639] {processor.py:651} INFO - DAG(s) dict_keys(['7.1-ExternalTaskSensor']) retrieved from /opt/airflow/dags/7.1-ExternalTaskSensor.py
[2024-09-30 17:35:05,654] {logging_mixin.py:115} INFO - [2024-09-30 17:35:05,654] {dag.py:2420} INFO - Sync 1 DAGs
[2024-09-30 17:35:05,668] {logging_mixin.py:115} INFO - [2024-09-30 17:35:05,668] {dag.py:2972} INFO - Setting next_dagrun for 7.1-ExternalTaskSensor to 2024-08-12T00:00:00+00:00, run_after=2024-08-13T00:00:00+00:00
[2024-09-30 17:35:05,675] {processor.py:161} INFO - Processing /opt/airflow/dags/7.1-ExternalTaskSensor.py took 0.045 seconds
[2024-09-30 17:35:36,147] {processor.py:153} INFO - Started process (PID=8102) to work on /opt/airflow/dags/7.1-ExternalTaskSensor.py
[2024-09-30 17:35:36,151] {processor.py:641} INFO - Processing file /opt/airflow/dags/7.1-ExternalTaskSensor.py for tasks to queue
[2024-09-30 17:35:36,151] {logging_mixin.py:115} INFO - [2024-09-30 17:35:36,151] {dagbag.py:508} INFO - Filling up the DagBag from /opt/airflow/dags/7.1-ExternalTaskSensor.py
[2024-09-30 17:35:36,158] {processor.py:651} INFO - DAG(s) dict_keys(['7.1-ExternalTaskSensor']) retrieved from /opt/airflow/dags/7.1-ExternalTaskSensor.py
[2024-09-30 17:35:36,176] {logging_mixin.py:115} INFO - [2024-09-30 17:35:36,176] {dag.py:2420} INFO - Sync 1 DAGs
[2024-09-30 17:35:36,190] {logging_mixin.py:115} INFO - [2024-09-30 17:35:36,189] {dag.py:2972} INFO - Setting next_dagrun for 7.1-ExternalTaskSensor to 2024-08-12T00:00:00+00:00, run_after=2024-08-13T00:00:00+00:00
[2024-09-30 17:35:36,196] {processor.py:161} INFO - Processing /opt/airflow/dags/7.1-ExternalTaskSensor.py took 0.053 seconds
[2024-09-30 17:36:06,662] {processor.py:153} INFO - Started process (PID=8140) to work on /opt/airflow/dags/7.1-ExternalTaskSensor.py
[2024-09-30 17:36:06,662] {processor.py:641} INFO - Processing file /opt/airflow/dags/7.1-ExternalTaskSensor.py for tasks to queue
[2024-09-30 17:36:06,663] {logging_mixin.py:115} INFO - [2024-09-30 17:36:06,663] {dagbag.py:508} INFO - Filling up the DagBag from /opt/airflow/dags/7.1-ExternalTaskSensor.py
[2024-09-30 17:36:06,669] {processor.py:651} INFO - DAG(s) dict_keys(['7.1-ExternalTaskSensor']) retrieved from /opt/airflow/dags/7.1-ExternalTaskSensor.py
[2024-09-30 17:36:06,687] {logging_mixin.py:115} INFO - [2024-09-30 17:36:06,687] {dag.py:2420} INFO - Sync 1 DAGs
[2024-09-30 17:36:06,703] {logging_mixin.py:115} INFO - [2024-09-30 17:36:06,703] {dag.py:2972} INFO - Setting next_dagrun for 7.1-ExternalTaskSensor to 2024-08-12T00:00:00+00:00, run_after=2024-08-13T00:00:00+00:00
[2024-09-30 17:36:06,711] {processor.py:161} INFO - Processing /opt/airflow/dags/7.1-ExternalTaskSensor.py took 0.052 seconds
[2024-09-30 17:36:37,145] {processor.py:153} INFO - Started process (PID=8172) to work on /opt/airflow/dags/7.1-ExternalTaskSensor.py
[2024-09-30 17:36:37,145] {processor.py:641} INFO - Processing file /opt/airflow/dags/7.1-ExternalTaskSensor.py for tasks to queue
[2024-09-30 17:36:37,145] {logging_mixin.py:115} INFO - [2024-09-30 17:36:37,145] {dagbag.py:508} INFO - Filling up the DagBag from /opt/airflow/dags/7.1-ExternalTaskSensor.py
[2024-09-30 17:36:37,151] {processor.py:651} INFO - DAG(s) dict_keys(['7.1-ExternalTaskSensor']) retrieved from /opt/airflow/dags/7.1-ExternalTaskSensor.py
[2024-09-30 17:36:37,166] {logging_mixin.py:115} INFO - [2024-09-30 17:36:37,166] {dag.py:2420} INFO - Sync 1 DAGs
[2024-09-30 17:36:37,179] {logging_mixin.py:115} INFO - [2024-09-30 17:36:37,179] {dag.py:2972} INFO - Setting next_dagrun for 7.1-ExternalTaskSensor to 2024-08-12T00:00:00+00:00, run_after=2024-08-13T00:00:00+00:00
[2024-09-30 17:36:37,186] {processor.py:161} INFO - Processing /opt/airflow/dags/7.1-ExternalTaskSensor.py took 0.044 seconds
[2024-09-30 17:37:07,665] {processor.py:153} INFO - Started process (PID=8212) to work on /opt/airflow/dags/7.1-ExternalTaskSensor.py
[2024-09-30 17:37:07,666] {processor.py:641} INFO - Processing file /opt/airflow/dags/7.1-ExternalTaskSensor.py for tasks to queue
[2024-09-30 17:37:07,666] {logging_mixin.py:115} INFO - [2024-09-30 17:37:07,666] {dagbag.py:508} INFO - Filling up the DagBag from /opt/airflow/dags/7.1-ExternalTaskSensor.py
[2024-09-30 17:37:07,672] {processor.py:651} INFO - DAG(s) dict_keys(['7.1-ExternalTaskSensor']) retrieved from /opt/airflow/dags/7.1-ExternalTaskSensor.py
[2024-09-30 17:37:07,687] {logging_mixin.py:115} INFO - [2024-09-30 17:37:07,687] {dag.py:2420} INFO - Sync 1 DAGs
[2024-09-30 17:37:07,701] {logging_mixin.py:115} INFO - [2024-09-30 17:37:07,701] {dag.py:2972} INFO - Setting next_dagrun for 7.1-ExternalTaskSensor to 2024-08-12T00:00:00+00:00, run_after=2024-08-13T00:00:00+00:00
[2024-09-30 17:37:07,709] {processor.py:161} INFO - Processing /opt/airflow/dags/7.1-ExternalTaskSensor.py took 0.046 seconds
[2024-09-30 17:37:38,181] {processor.py:153} INFO - Started process (PID=8252) to work on /opt/airflow/dags/7.1-ExternalTaskSensor.py
[2024-09-30 17:37:38,181] {processor.py:641} INFO - Processing file /opt/airflow/dags/7.1-ExternalTaskSensor.py for tasks to queue
[2024-09-30 17:37:38,182] {logging_mixin.py:115} INFO - [2024-09-30 17:37:38,182] {dagbag.py:508} INFO - Filling up the DagBag from /opt/airflow/dags/7.1-ExternalTaskSensor.py
[2024-09-30 17:37:38,187] {processor.py:651} INFO - DAG(s) dict_keys(['7.1-ExternalTaskSensor']) retrieved from /opt/airflow/dags/7.1-ExternalTaskSensor.py
[2024-09-30 17:37:38,202] {logging_mixin.py:115} INFO - [2024-09-30 17:37:38,202] {dag.py:2420} INFO - Sync 1 DAGs
[2024-09-30 17:37:38,216] {logging_mixin.py:115} INFO - [2024-09-30 17:37:38,216] {dag.py:2972} INFO - Setting next_dagrun for 7.1-ExternalTaskSensor to 2024-08-12T00:00:00+00:00, run_after=2024-08-13T00:00:00+00:00
[2024-09-30 17:37:38,223] {processor.py:161} INFO - Processing /opt/airflow/dags/7.1-ExternalTaskSensor.py took 0.044 seconds
[2024-09-30 17:38:08,682] {processor.py:153} INFO - Started process (PID=8291) to work on /opt/airflow/dags/7.1-ExternalTaskSensor.py
[2024-09-30 17:38:08,682] {processor.py:641} INFO - Processing file /opt/airflow/dags/7.1-ExternalTaskSensor.py for tasks to queue
[2024-09-30 17:38:08,682] {logging_mixin.py:115} INFO - [2024-09-30 17:38:08,682] {dagbag.py:508} INFO - Filling up the DagBag from /opt/airflow/dags/7.1-ExternalTaskSensor.py
[2024-09-30 17:38:08,687] {processor.py:651} INFO - DAG(s) dict_keys(['7.1-ExternalTaskSensor']) retrieved from /opt/airflow/dags/7.1-ExternalTaskSensor.py
[2024-09-30 17:38:08,703] {logging_mixin.py:115} INFO - [2024-09-30 17:38:08,703] {dag.py:2420} INFO - Sync 1 DAGs
[2024-09-30 17:38:08,716] {logging_mixin.py:115} INFO - [2024-09-30 17:38:08,716] {dag.py:2972} INFO - Setting next_dagrun for 7.1-ExternalTaskSensor to 2024-08-12T00:00:00+00:00, run_after=2024-08-13T00:00:00+00:00
[2024-09-30 17:38:08,724] {processor.py:161} INFO - Processing /opt/airflow/dags/7.1-ExternalTaskSensor.py took 0.045 seconds
[2024-09-30 17:38:39,177] {processor.py:153} INFO - Started process (PID=8331) to work on /opt/airflow/dags/7.1-ExternalTaskSensor.py
[2024-09-30 17:38:39,177] {processor.py:641} INFO - Processing file /opt/airflow/dags/7.1-ExternalTaskSensor.py for tasks to queue
[2024-09-30 17:38:39,178] {logging_mixin.py:115} INFO - [2024-09-30 17:38:39,178] {dagbag.py:508} INFO - Filling up the DagBag from /opt/airflow/dags/7.1-ExternalTaskSensor.py
[2024-09-30 17:38:39,183] {processor.py:651} INFO - DAG(s) dict_keys(['7.1-ExternalTaskSensor']) retrieved from /opt/airflow/dags/7.1-ExternalTaskSensor.py
[2024-09-30 17:38:39,198] {logging_mixin.py:115} INFO - [2024-09-30 17:38:39,198] {dag.py:2420} INFO - Sync 1 DAGs
[2024-09-30 17:38:39,212] {logging_mixin.py:115} INFO - [2024-09-30 17:38:39,212] {dag.py:2972} INFO - Setting next_dagrun for 7.1-ExternalTaskSensor to 2024-08-12T00:00:00+00:00, run_after=2024-08-13T00:00:00+00:00
[2024-09-30 17:38:39,219] {processor.py:161} INFO - Processing /opt/airflow/dags/7.1-ExternalTaskSensor.py took 0.044 seconds
[2024-09-30 17:39:09,674] {processor.py:153} INFO - Started process (PID=8363) to work on /opt/airflow/dags/7.1-ExternalTaskSensor.py
[2024-09-30 17:39:09,674] {processor.py:641} INFO - Processing file /opt/airflow/dags/7.1-ExternalTaskSensor.py for tasks to queue
[2024-09-30 17:39:09,675] {logging_mixin.py:115} INFO - [2024-09-30 17:39:09,675] {dagbag.py:508} INFO - Filling up the DagBag from /opt/airflow/dags/7.1-ExternalTaskSensor.py
[2024-09-30 17:39:09,681] {processor.py:651} INFO - DAG(s) dict_keys(['7.1-ExternalTaskSensor']) retrieved from /opt/airflow/dags/7.1-ExternalTaskSensor.py
[2024-09-30 17:39:09,697] {logging_mixin.py:115} INFO - [2024-09-30 17:39:09,697] {dag.py:2420} INFO - Sync 1 DAGs
[2024-09-30 17:39:09,712] {logging_mixin.py:115} INFO - [2024-09-30 17:39:09,711] {dag.py:2972} INFO - Setting next_dagrun for 7.1-ExternalTaskSensor to 2024-08-12T00:00:00+00:00, run_after=2024-08-13T00:00:00+00:00
[2024-09-30 17:39:09,720] {processor.py:161} INFO - Processing /opt/airflow/dags/7.1-ExternalTaskSensor.py took 0.048 seconds
[2024-09-30 17:39:40,160] {processor.py:153} INFO - Started process (PID=8404) to work on /opt/airflow/dags/7.1-ExternalTaskSensor.py
[2024-09-30 17:39:40,160] {processor.py:641} INFO - Processing file /opt/airflow/dags/7.1-ExternalTaskSensor.py for tasks to queue
[2024-09-30 17:39:40,161] {logging_mixin.py:115} INFO - [2024-09-30 17:39:40,161] {dagbag.py:508} INFO - Filling up the DagBag from /opt/airflow/dags/7.1-ExternalTaskSensor.py
[2024-09-30 17:39:40,166] {processor.py:651} INFO - DAG(s) dict_keys(['7.1-ExternalTaskSensor']) retrieved from /opt/airflow/dags/7.1-ExternalTaskSensor.py
[2024-09-30 17:39:40,182] {logging_mixin.py:115} INFO - [2024-09-30 17:39:40,182] {dag.py:2420} INFO - Sync 1 DAGs
[2024-09-30 17:39:40,196] {logging_mixin.py:115} INFO - [2024-09-30 17:39:40,196] {dag.py:2972} INFO - Setting next_dagrun for 7.1-ExternalTaskSensor to 2024-08-12T00:00:00+00:00, run_after=2024-08-13T00:00:00+00:00
[2024-09-30 17:39:40,203] {processor.py:161} INFO - Processing /opt/airflow/dags/7.1-ExternalTaskSensor.py took 0.045 seconds
[2024-09-30 17:40:10,678] {processor.py:153} INFO - Started process (PID=8444) to work on /opt/airflow/dags/7.1-ExternalTaskSensor.py
[2024-09-30 17:40:10,678] {processor.py:641} INFO - Processing file /opt/airflow/dags/7.1-ExternalTaskSensor.py for tasks to queue
[2024-09-30 17:40:10,678] {logging_mixin.py:115} INFO - [2024-09-30 17:40:10,678] {dagbag.py:508} INFO - Filling up the DagBag from /opt/airflow/dags/7.1-ExternalTaskSensor.py
[2024-09-30 17:40:10,683] {processor.py:651} INFO - DAG(s) dict_keys(['7.1-ExternalTaskSensor']) retrieved from /opt/airflow/dags/7.1-ExternalTaskSensor.py
[2024-09-30 17:40:10,699] {logging_mixin.py:115} INFO - [2024-09-30 17:40:10,699] {dag.py:2420} INFO - Sync 1 DAGs
[2024-09-30 17:40:10,713] {logging_mixin.py:115} INFO - [2024-09-30 17:40:10,713] {dag.py:2972} INFO - Setting next_dagrun for 7.1-ExternalTaskSensor to 2024-08-12T00:00:00+00:00, run_after=2024-08-13T00:00:00+00:00
[2024-09-30 17:40:10,720] {processor.py:161} INFO - Processing /opt/airflow/dags/7.1-ExternalTaskSensor.py took 0.045 seconds
[2024-09-30 17:40:41,137] {processor.py:153} INFO - Started process (PID=8485) to work on /opt/airflow/dags/7.1-ExternalTaskSensor.py
[2024-09-30 17:40:41,137] {processor.py:641} INFO - Processing file /opt/airflow/dags/7.1-ExternalTaskSensor.py for tasks to queue
[2024-09-30 17:40:41,138] {logging_mixin.py:115} INFO - [2024-09-30 17:40:41,137] {dagbag.py:508} INFO - Filling up the DagBag from /opt/airflow/dags/7.1-ExternalTaskSensor.py
[2024-09-30 17:40:41,143] {processor.py:651} INFO - DAG(s) dict_keys(['7.1-ExternalTaskSensor']) retrieved from /opt/airflow/dags/7.1-ExternalTaskSensor.py
[2024-09-30 17:40:41,164] {logging_mixin.py:115} INFO - [2024-09-30 17:40:41,164] {dag.py:2420} INFO - Sync 1 DAGs
[2024-09-30 17:40:41,180] {logging_mixin.py:115} INFO - [2024-09-30 17:40:41,180] {dag.py:2972} INFO - Setting next_dagrun for 7.1-ExternalTaskSensor to 2024-08-12T00:00:00+00:00, run_after=2024-08-13T00:00:00+00:00
[2024-09-30 17:40:41,190] {processor.py:161} INFO - Processing /opt/airflow/dags/7.1-ExternalTaskSensor.py took 0.055 seconds
[2024-09-30 17:41:11,687] {processor.py:153} INFO - Started process (PID=8527) to work on /opt/airflow/dags/7.1-ExternalTaskSensor.py
[2024-09-30 17:41:11,688] {processor.py:641} INFO - Processing file /opt/airflow/dags/7.1-ExternalTaskSensor.py for tasks to queue
[2024-09-30 17:41:11,688] {logging_mixin.py:115} INFO - [2024-09-30 17:41:11,688] {dagbag.py:508} INFO - Filling up the DagBag from /opt/airflow/dags/7.1-ExternalTaskSensor.py
[2024-09-30 17:41:11,694] {processor.py:651} INFO - DAG(s) dict_keys(['7.1-ExternalTaskSensor']) retrieved from /opt/airflow/dags/7.1-ExternalTaskSensor.py
[2024-09-30 17:41:11,710] {logging_mixin.py:115} INFO - [2024-09-30 17:41:11,710] {dag.py:2420} INFO - Sync 1 DAGs
[2024-09-30 17:41:11,725] {logging_mixin.py:115} INFO - [2024-09-30 17:41:11,725] {dag.py:2972} INFO - Setting next_dagrun for 7.1-ExternalTaskSensor to 2024-08-12T00:00:00+00:00, run_after=2024-08-13T00:00:00+00:00
[2024-09-30 17:41:11,733] {processor.py:161} INFO - Processing /opt/airflow/dags/7.1-ExternalTaskSensor.py took 0.048 seconds
[2024-09-30 17:41:42,338] {processor.py:153} INFO - Started process (PID=8567) to work on /opt/airflow/dags/7.1-ExternalTaskSensor.py
[2024-09-30 17:41:42,339] {processor.py:641} INFO - Processing file /opt/airflow/dags/7.1-ExternalTaskSensor.py for tasks to queue
[2024-09-30 17:41:42,339] {logging_mixin.py:115} INFO - [2024-09-30 17:41:42,339] {dagbag.py:508} INFO - Filling up the DagBag from /opt/airflow/dags/7.1-ExternalTaskSensor.py
[2024-09-30 17:41:42,350] {processor.py:651} INFO - DAG(s) dict_keys(['7.1-ExternalTaskSensor']) retrieved from /opt/airflow/dags/7.1-ExternalTaskSensor.py
[2024-09-30 17:41:42,374] {logging_mixin.py:115} INFO - [2024-09-30 17:41:42,374] {dag.py:2420} INFO - Sync 1 DAGs
[2024-09-30 17:41:42,391] {logging_mixin.py:115} INFO - [2024-09-30 17:41:42,391] {dag.py:2972} INFO - Setting next_dagrun for 7.1-ExternalTaskSensor to 2024-08-12T00:00:00+00:00, run_after=2024-08-13T00:00:00+00:00
[2024-09-30 17:41:42,400] {processor.py:161} INFO - Processing /opt/airflow/dags/7.1-ExternalTaskSensor.py took 0.065 seconds
[2024-09-30 17:42:12,940] {processor.py:153} INFO - Started process (PID=8598) to work on /opt/airflow/dags/7.1-ExternalTaskSensor.py
[2024-09-30 17:42:12,941] {processor.py:641} INFO - Processing file /opt/airflow/dags/7.1-ExternalTaskSensor.py for tasks to queue
[2024-09-30 17:42:12,941] {logging_mixin.py:115} INFO - [2024-09-30 17:42:12,941] {dagbag.py:508} INFO - Filling up the DagBag from /opt/airflow/dags/7.1-ExternalTaskSensor.py
[2024-09-30 17:42:12,947] {processor.py:651} INFO - DAG(s) dict_keys(['7.1-ExternalTaskSensor']) retrieved from /opt/airflow/dags/7.1-ExternalTaskSensor.py
[2024-09-30 17:42:12,966] {logging_mixin.py:115} INFO - [2024-09-30 17:42:12,966] {dag.py:2420} INFO - Sync 1 DAGs
[2024-09-30 17:42:12,983] {logging_mixin.py:115} INFO - [2024-09-30 17:42:12,983] {dag.py:2972} INFO - Setting next_dagrun for 7.1-ExternalTaskSensor to 2024-08-12T00:00:00+00:00, run_after=2024-08-13T00:00:00+00:00
[2024-09-30 17:42:12,992] {processor.py:161} INFO - Processing /opt/airflow/dags/7.1-ExternalTaskSensor.py took 0.054 seconds
[2024-09-30 17:42:43,485] {processor.py:153} INFO - Started process (PID=8639) to work on /opt/airflow/dags/7.1-ExternalTaskSensor.py
[2024-09-30 17:42:43,485] {processor.py:641} INFO - Processing file /opt/airflow/dags/7.1-ExternalTaskSensor.py for tasks to queue
[2024-09-30 17:42:43,486] {logging_mixin.py:115} INFO - [2024-09-30 17:42:43,486] {dagbag.py:508} INFO - Filling up the DagBag from /opt/airflow/dags/7.1-ExternalTaskSensor.py
[2024-09-30 17:42:43,492] {processor.py:651} INFO - DAG(s) dict_keys(['7.1-ExternalTaskSensor']) retrieved from /opt/airflow/dags/7.1-ExternalTaskSensor.py
[2024-09-30 17:42:43,511] {logging_mixin.py:115} INFO - [2024-09-30 17:42:43,511] {dag.py:2420} INFO - Sync 1 DAGs
[2024-09-30 17:42:43,527] {logging_mixin.py:115} INFO - [2024-09-30 17:42:43,527] {dag.py:2972} INFO - Setting next_dagrun for 7.1-ExternalTaskSensor to 2024-08-12T00:00:00+00:00, run_after=2024-08-13T00:00:00+00:00
[2024-09-30 17:42:43,534] {processor.py:161} INFO - Processing /opt/airflow/dags/7.1-ExternalTaskSensor.py took 0.052 seconds
[2024-09-30 17:43:14,021] {processor.py:153} INFO - Started process (PID=8680) to work on /opt/airflow/dags/7.1-ExternalTaskSensor.py
[2024-09-30 17:43:14,022] {processor.py:641} INFO - Processing file /opt/airflow/dags/7.1-ExternalTaskSensor.py for tasks to queue
[2024-09-30 17:43:14,022] {logging_mixin.py:115} INFO - [2024-09-30 17:43:14,022] {dagbag.py:508} INFO - Filling up the DagBag from /opt/airflow/dags/7.1-ExternalTaskSensor.py
[2024-09-30 17:43:14,027] {processor.py:651} INFO - DAG(s) dict_keys(['7.1-ExternalTaskSensor']) retrieved from /opt/airflow/dags/7.1-ExternalTaskSensor.py
[2024-09-30 17:43:14,045] {logging_mixin.py:115} INFO - [2024-09-30 17:43:14,045] {dag.py:2420} INFO - Sync 1 DAGs
[2024-09-30 17:43:14,060] {logging_mixin.py:115} INFO - [2024-09-30 17:43:14,060] {dag.py:2972} INFO - Setting next_dagrun for 7.1-ExternalTaskSensor to 2024-08-12T00:00:00+00:00, run_after=2024-08-13T00:00:00+00:00
[2024-09-30 17:43:14,068] {processor.py:161} INFO - Processing /opt/airflow/dags/7.1-ExternalTaskSensor.py took 0.049 seconds
[2024-09-30 17:43:44,593] {processor.py:153} INFO - Started process (PID=8720) to work on /opt/airflow/dags/7.1-ExternalTaskSensor.py
[2024-09-30 17:43:44,594] {processor.py:641} INFO - Processing file /opt/airflow/dags/7.1-ExternalTaskSensor.py for tasks to queue
[2024-09-30 17:43:44,594] {logging_mixin.py:115} INFO - [2024-09-30 17:43:44,594] {dagbag.py:508} INFO - Filling up the DagBag from /opt/airflow/dags/7.1-ExternalTaskSensor.py
[2024-09-30 17:43:44,600] {processor.py:651} INFO - DAG(s) dict_keys(['7.1-ExternalTaskSensor']) retrieved from /opt/airflow/dags/7.1-ExternalTaskSensor.py
[2024-09-30 17:43:44,618] {logging_mixin.py:115} INFO - [2024-09-30 17:43:44,618] {dag.py:2420} INFO - Sync 1 DAGs
[2024-09-30 17:43:44,633] {logging_mixin.py:115} INFO - [2024-09-30 17:43:44,633] {dag.py:2972} INFO - Setting next_dagrun for 7.1-ExternalTaskSensor to 2024-08-12T00:00:00+00:00, run_after=2024-08-13T00:00:00+00:00
[2024-09-30 17:43:44,641] {processor.py:161} INFO - Processing /opt/airflow/dags/7.1-ExternalTaskSensor.py took 0.050 seconds
[2024-09-30 17:44:15,164] {processor.py:153} INFO - Started process (PID=8761) to work on /opt/airflow/dags/7.1-ExternalTaskSensor.py
[2024-09-30 17:44:15,165] {processor.py:641} INFO - Processing file /opt/airflow/dags/7.1-ExternalTaskSensor.py for tasks to queue
[2024-09-30 17:44:15,165] {logging_mixin.py:115} INFO - [2024-09-30 17:44:15,165] {dagbag.py:508} INFO - Filling up the DagBag from /opt/airflow/dags/7.1-ExternalTaskSensor.py
[2024-09-30 17:44:15,171] {processor.py:651} INFO - DAG(s) dict_keys(['7.1-ExternalTaskSensor']) retrieved from /opt/airflow/dags/7.1-ExternalTaskSensor.py
[2024-09-30 17:44:15,188] {logging_mixin.py:115} INFO - [2024-09-30 17:44:15,187] {dag.py:2420} INFO - Sync 1 DAGs
[2024-09-30 17:44:15,202] {logging_mixin.py:115} INFO - [2024-09-30 17:44:15,202] {dag.py:2972} INFO - Setting next_dagrun for 7.1-ExternalTaskSensor to 2024-08-12T00:00:00+00:00, run_after=2024-08-13T00:00:00+00:00
[2024-09-30 17:44:15,209] {processor.py:161} INFO - Processing /opt/airflow/dags/7.1-ExternalTaskSensor.py took 0.046 seconds
[2024-09-30 17:44:45,716] {processor.py:153} INFO - Started process (PID=8793) to work on /opt/airflow/dags/7.1-ExternalTaskSensor.py
[2024-09-30 17:44:45,717] {processor.py:641} INFO - Processing file /opt/airflow/dags/7.1-ExternalTaskSensor.py for tasks to queue
[2024-09-30 17:44:45,718] {logging_mixin.py:115} INFO - [2024-09-30 17:44:45,717] {dagbag.py:508} INFO - Filling up the DagBag from /opt/airflow/dags/7.1-ExternalTaskSensor.py
[2024-09-30 17:44:45,724] {processor.py:651} INFO - DAG(s) dict_keys(['7.1-ExternalTaskSensor']) retrieved from /opt/airflow/dags/7.1-ExternalTaskSensor.py
[2024-09-30 17:44:45,740] {logging_mixin.py:115} INFO - [2024-09-30 17:44:45,740] {dag.py:2420} INFO - Sync 1 DAGs
[2024-09-30 17:44:45,754] {logging_mixin.py:115} INFO - [2024-09-30 17:44:45,754] {dag.py:2972} INFO - Setting next_dagrun for 7.1-ExternalTaskSensor to 2024-08-12T00:00:00+00:00, run_after=2024-08-13T00:00:00+00:00
[2024-09-30 17:44:45,762] {processor.py:161} INFO - Processing /opt/airflow/dags/7.1-ExternalTaskSensor.py took 0.047 seconds
[2024-09-30 17:45:16,341] {processor.py:153} INFO - Started process (PID=8834) to work on /opt/airflow/dags/7.1-ExternalTaskSensor.py
[2024-09-30 17:45:16,341] {processor.py:641} INFO - Processing file /opt/airflow/dags/7.1-ExternalTaskSensor.py for tasks to queue
[2024-09-30 17:45:16,341] {logging_mixin.py:115} INFO - [2024-09-30 17:45:16,341] {dagbag.py:508} INFO - Filling up the DagBag from /opt/airflow/dags/7.1-ExternalTaskSensor.py
[2024-09-30 17:45:16,347] {processor.py:651} INFO - DAG(s) dict_keys(['7.1-ExternalTaskSensor']) retrieved from /opt/airflow/dags/7.1-ExternalTaskSensor.py
[2024-09-30 17:45:16,364] {logging_mixin.py:115} INFO - [2024-09-30 17:45:16,364] {dag.py:2420} INFO - Sync 1 DAGs
[2024-09-30 17:45:16,378] {logging_mixin.py:115} INFO - [2024-09-30 17:45:16,378] {dag.py:2972} INFO - Setting next_dagrun for 7.1-ExternalTaskSensor to 2024-08-12T00:00:00+00:00, run_after=2024-08-13T00:00:00+00:00
[2024-09-30 17:45:16,387] {processor.py:161} INFO - Processing /opt/airflow/dags/7.1-ExternalTaskSensor.py took 0.048 seconds
[2024-09-30 17:45:47,010] {processor.py:153} INFO - Started process (PID=8878) to work on /opt/airflow/dags/7.1-ExternalTaskSensor.py
[2024-09-30 17:45:47,011] {processor.py:641} INFO - Processing file /opt/airflow/dags/7.1-ExternalTaskSensor.py for tasks to queue
[2024-09-30 17:45:47,011] {logging_mixin.py:115} INFO - [2024-09-30 17:45:47,011] {dagbag.py:508} INFO - Filling up the DagBag from /opt/airflow/dags/7.1-ExternalTaskSensor.py
[2024-09-30 17:45:47,022] {processor.py:651} INFO - DAG(s) dict_keys(['7.1-ExternalTaskSensor']) retrieved from /opt/airflow/dags/7.1-ExternalTaskSensor.py
[2024-09-30 17:45:47,046] {logging_mixin.py:115} INFO - [2024-09-30 17:45:47,045] {dag.py:2420} INFO - Sync 1 DAGs
[2024-09-30 17:45:47,072] {logging_mixin.py:115} INFO - [2024-09-30 17:45:47,072] {dag.py:2972} INFO - Setting next_dagrun for 7.1-ExternalTaskSensor to 2024-08-12T00:00:00+00:00, run_after=2024-08-13T00:00:00+00:00
[2024-09-30 17:45:47,091] {processor.py:161} INFO - Processing /opt/airflow/dags/7.1-ExternalTaskSensor.py took 0.083 seconds
[2024-09-30 17:46:17,646] {processor.py:153} INFO - Started process (PID=8923) to work on /opt/airflow/dags/7.1-ExternalTaskSensor.py
[2024-09-30 17:46:17,647] {processor.py:641} INFO - Processing file /opt/airflow/dags/7.1-ExternalTaskSensor.py for tasks to queue
[2024-09-30 17:46:17,649] {logging_mixin.py:115} INFO - [2024-09-30 17:46:17,649] {dagbag.py:508} INFO - Filling up the DagBag from /opt/airflow/dags/7.1-ExternalTaskSensor.py
[2024-09-30 17:46:17,663] {processor.py:651} INFO - DAG(s) dict_keys(['7.1-ExternalTaskSensor']) retrieved from /opt/airflow/dags/7.1-ExternalTaskSensor.py
[2024-09-30 17:46:17,692] {logging_mixin.py:115} INFO - [2024-09-30 17:46:17,692] {dag.py:2420} INFO - Sync 1 DAGs
[2024-09-30 17:46:17,716] {logging_mixin.py:115} INFO - [2024-09-30 17:46:17,716] {dag.py:2972} INFO - Setting next_dagrun for 7.1-ExternalTaskSensor to 2024-08-12T00:00:00+00:00, run_after=2024-08-13T00:00:00+00:00
[2024-09-30 17:46:17,724] {processor.py:161} INFO - Processing /opt/airflow/dags/7.1-ExternalTaskSensor.py took 0.082 seconds
[2024-09-30 17:46:48,297] {processor.py:153} INFO - Started process (PID=8964) to work on /opt/airflow/dags/7.1-ExternalTaskSensor.py
[2024-09-30 17:46:48,298] {processor.py:641} INFO - Processing file /opt/airflow/dags/7.1-ExternalTaskSensor.py for tasks to queue
[2024-09-30 17:46:48,298] {logging_mixin.py:115} INFO - [2024-09-30 17:46:48,298] {dagbag.py:508} INFO - Filling up the DagBag from /opt/airflow/dags/7.1-ExternalTaskSensor.py
[2024-09-30 17:46:48,304] {processor.py:651} INFO - DAG(s) dict_keys(['7.1-ExternalTaskSensor']) retrieved from /opt/airflow/dags/7.1-ExternalTaskSensor.py
[2024-09-30 17:46:48,321] {logging_mixin.py:115} INFO - [2024-09-30 17:46:48,321] {dag.py:2420} INFO - Sync 1 DAGs
[2024-09-30 17:46:48,336] {logging_mixin.py:115} INFO - [2024-09-30 17:46:48,336] {dag.py:2972} INFO - Setting next_dagrun for 7.1-ExternalTaskSensor to 2024-08-12T00:00:00+00:00, run_after=2024-08-13T00:00:00+00:00
[2024-09-30 17:46:48,344] {processor.py:161} INFO - Processing /opt/airflow/dags/7.1-ExternalTaskSensor.py took 0.049 seconds
[2024-09-30 17:47:18,909] {processor.py:153} INFO - Started process (PID=9005) to work on /opt/airflow/dags/7.1-ExternalTaskSensor.py
[2024-09-30 17:47:18,910] {processor.py:641} INFO - Processing file /opt/airflow/dags/7.1-ExternalTaskSensor.py for tasks to queue
[2024-09-30 17:47:18,910] {logging_mixin.py:115} INFO - [2024-09-30 17:47:18,910] {dagbag.py:508} INFO - Filling up the DagBag from /opt/airflow/dags/7.1-ExternalTaskSensor.py
[2024-09-30 17:47:18,922] {processor.py:651} INFO - DAG(s) dict_keys(['7.1-ExternalTaskSensor']) retrieved from /opt/airflow/dags/7.1-ExternalTaskSensor.py
[2024-09-30 17:47:18,940] {logging_mixin.py:115} INFO - [2024-09-30 17:47:18,940] {dag.py:2420} INFO - Sync 1 DAGs
[2024-09-30 17:47:18,958] {logging_mixin.py:115} INFO - [2024-09-30 17:47:18,957] {dag.py:2972} INFO - Setting next_dagrun for 7.1-ExternalTaskSensor to 2024-08-12T00:00:00+00:00, run_after=2024-08-13T00:00:00+00:00
[2024-09-30 17:47:18,969] {processor.py:161} INFO - Processing /opt/airflow/dags/7.1-ExternalTaskSensor.py took 0.062 seconds
[2024-09-30 17:47:49,469] {processor.py:153} INFO - Started process (PID=9037) to work on /opt/airflow/dags/7.1-ExternalTaskSensor.py
[2024-09-30 17:47:49,470] {processor.py:641} INFO - Processing file /opt/airflow/dags/7.1-ExternalTaskSensor.py for tasks to queue
[2024-09-30 17:47:49,470] {logging_mixin.py:115} INFO - [2024-09-30 17:47:49,470] {dagbag.py:508} INFO - Filling up the DagBag from /opt/airflow/dags/7.1-ExternalTaskSensor.py
[2024-09-30 17:47:49,477] {processor.py:651} INFO - DAG(s) dict_keys(['7.1-ExternalTaskSensor']) retrieved from /opt/airflow/dags/7.1-ExternalTaskSensor.py
[2024-09-30 17:47:49,495] {logging_mixin.py:115} INFO - [2024-09-30 17:47:49,495] {dag.py:2420} INFO - Sync 1 DAGs
[2024-09-30 17:47:49,511] {logging_mixin.py:115} INFO - [2024-09-30 17:47:49,511] {dag.py:2972} INFO - Setting next_dagrun for 7.1-ExternalTaskSensor to 2024-08-12T00:00:00+00:00, run_after=2024-08-13T00:00:00+00:00
[2024-09-30 17:47:49,519] {processor.py:161} INFO - Processing /opt/airflow/dags/7.1-ExternalTaskSensor.py took 0.053 seconds
[2024-09-30 17:48:19,965] {processor.py:153} INFO - Started process (PID=9078) to work on /opt/airflow/dags/7.1-ExternalTaskSensor.py
[2024-09-30 17:48:19,966] {processor.py:641} INFO - Processing file /opt/airflow/dags/7.1-ExternalTaskSensor.py for tasks to queue
[2024-09-30 17:48:19,966] {logging_mixin.py:115} INFO - [2024-09-30 17:48:19,966] {dagbag.py:508} INFO - Filling up the DagBag from /opt/airflow/dags/7.1-ExternalTaskSensor.py
[2024-09-30 17:48:19,973] {processor.py:651} INFO - DAG(s) dict_keys(['7.1-ExternalTaskSensor']) retrieved from /opt/airflow/dags/7.1-ExternalTaskSensor.py
[2024-09-30 17:48:19,993] {logging_mixin.py:115} INFO - [2024-09-30 17:48:19,993] {dag.py:2420} INFO - Sync 1 DAGs
[2024-09-30 17:48:20,011] {logging_mixin.py:115} INFO - [2024-09-30 17:48:20,011] {dag.py:2972} INFO - Setting next_dagrun for 7.1-ExternalTaskSensor to 2024-08-12T00:00:00+00:00, run_after=2024-08-13T00:00:00+00:00
[2024-09-30 17:48:20,019] {processor.py:161} INFO - Processing /opt/airflow/dags/7.1-ExternalTaskSensor.py took 0.057 seconds
[2024-09-30 17:48:50,577] {processor.py:153} INFO - Started process (PID=9118) to work on /opt/airflow/dags/7.1-ExternalTaskSensor.py
[2024-09-30 17:48:50,577] {processor.py:641} INFO - Processing file /opt/airflow/dags/7.1-ExternalTaskSensor.py for tasks to queue
[2024-09-30 17:48:50,578] {logging_mixin.py:115} INFO - [2024-09-30 17:48:50,577] {dagbag.py:508} INFO - Filling up the DagBag from /opt/airflow/dags/7.1-ExternalTaskSensor.py
[2024-09-30 17:48:50,584] {processor.py:651} INFO - DAG(s) dict_keys(['7.1-ExternalTaskSensor']) retrieved from /opt/airflow/dags/7.1-ExternalTaskSensor.py
[2024-09-30 17:48:50,601] {logging_mixin.py:115} INFO - [2024-09-30 17:48:50,601] {dag.py:2420} INFO - Sync 1 DAGs
[2024-09-30 17:48:50,615] {logging_mixin.py:115} INFO - [2024-09-30 17:48:50,615] {dag.py:2972} INFO - Setting next_dagrun for 7.1-ExternalTaskSensor to 2024-08-12T00:00:00+00:00, run_after=2024-08-13T00:00:00+00:00
[2024-09-30 17:48:50,624] {processor.py:161} INFO - Processing /opt/airflow/dags/7.1-ExternalTaskSensor.py took 0.049 seconds
[2024-09-30 17:49:21,078] {processor.py:153} INFO - Started process (PID=9158) to work on /opt/airflow/dags/7.1-ExternalTaskSensor.py
[2024-09-30 17:49:21,078] {processor.py:641} INFO - Processing file /opt/airflow/dags/7.1-ExternalTaskSensor.py for tasks to queue
[2024-09-30 17:49:21,079] {logging_mixin.py:115} INFO - [2024-09-30 17:49:21,079] {dagbag.py:508} INFO - Filling up the DagBag from /opt/airflow/dags/7.1-ExternalTaskSensor.py
[2024-09-30 17:49:21,086] {processor.py:651} INFO - DAG(s) dict_keys(['7.1-ExternalTaskSensor']) retrieved from /opt/airflow/dags/7.1-ExternalTaskSensor.py
[2024-09-30 17:49:21,104] {logging_mixin.py:115} INFO - [2024-09-30 17:49:21,104] {dag.py:2420} INFO - Sync 1 DAGs
[2024-09-30 17:49:21,123] {logging_mixin.py:115} INFO - [2024-09-30 17:49:21,122] {dag.py:2972} INFO - Setting next_dagrun for 7.1-ExternalTaskSensor to 2024-08-12T00:00:00+00:00, run_after=2024-08-13T00:00:00+00:00
[2024-09-30 17:49:21,131] {processor.py:161} INFO - Processing /opt/airflow/dags/7.1-ExternalTaskSensor.py took 0.056 seconds
[2024-09-30 17:49:51,690] {processor.py:153} INFO - Started process (PID=9199) to work on /opt/airflow/dags/7.1-ExternalTaskSensor.py
[2024-09-30 17:49:51,690] {processor.py:641} INFO - Processing file /opt/airflow/dags/7.1-ExternalTaskSensor.py for tasks to queue
[2024-09-30 17:49:51,691] {logging_mixin.py:115} INFO - [2024-09-30 17:49:51,691] {dagbag.py:508} INFO - Filling up the DagBag from /opt/airflow/dags/7.1-ExternalTaskSensor.py
[2024-09-30 17:49:51,698] {processor.py:651} INFO - DAG(s) dict_keys(['7.1-ExternalTaskSensor']) retrieved from /opt/airflow/dags/7.1-ExternalTaskSensor.py
[2024-09-30 17:49:51,726] {logging_mixin.py:115} INFO - [2024-09-30 17:49:51,726] {dag.py:2420} INFO - Sync 1 DAGs
[2024-09-30 17:49:51,748] {logging_mixin.py:115} INFO - [2024-09-30 17:49:51,748] {dag.py:2972} INFO - Setting next_dagrun for 7.1-ExternalTaskSensor to 2024-08-12T00:00:00+00:00, run_after=2024-08-13T00:00:00+00:00
[2024-09-30 17:49:51,759] {processor.py:161} INFO - Processing /opt/airflow/dags/7.1-ExternalTaskSensor.py took 0.073 seconds
[2024-09-30 17:50:22,293] {processor.py:153} INFO - Started process (PID=9231) to work on /opt/airflow/dags/7.1-ExternalTaskSensor.py
[2024-09-30 17:50:22,293] {processor.py:641} INFO - Processing file /opt/airflow/dags/7.1-ExternalTaskSensor.py for tasks to queue
[2024-09-30 17:50:22,294] {logging_mixin.py:115} INFO - [2024-09-30 17:50:22,294] {dagbag.py:508} INFO - Filling up the DagBag from /opt/airflow/dags/7.1-ExternalTaskSensor.py
[2024-09-30 17:50:22,300] {processor.py:651} INFO - DAG(s) dict_keys(['7.1-ExternalTaskSensor']) retrieved from /opt/airflow/dags/7.1-ExternalTaskSensor.py
[2024-09-30 17:50:22,320] {logging_mixin.py:115} INFO - [2024-09-30 17:50:22,320] {dag.py:2420} INFO - Sync 1 DAGs
[2024-09-30 17:50:22,337] {logging_mixin.py:115} INFO - [2024-09-30 17:50:22,337] {dag.py:2972} INFO - Setting next_dagrun for 7.1-ExternalTaskSensor to 2024-08-12T00:00:00+00:00, run_after=2024-08-13T00:00:00+00:00
[2024-09-30 17:50:22,348] {processor.py:161} INFO - Processing /opt/airflow/dags/7.1-ExternalTaskSensor.py took 0.057 seconds
[2024-09-30 17:50:52,979] {processor.py:153} INFO - Started process (PID=9272) to work on /opt/airflow/dags/7.1-ExternalTaskSensor.py
[2024-09-30 17:50:52,980] {processor.py:641} INFO - Processing file /opt/airflow/dags/7.1-ExternalTaskSensor.py for tasks to queue
[2024-09-30 17:50:52,980] {logging_mixin.py:115} INFO - [2024-09-30 17:50:52,980] {dagbag.py:508} INFO - Filling up the DagBag from /opt/airflow/dags/7.1-ExternalTaskSensor.py
[2024-09-30 17:50:52,989] {processor.py:651} INFO - DAG(s) dict_keys(['7.1-ExternalTaskSensor']) retrieved from /opt/airflow/dags/7.1-ExternalTaskSensor.py
[2024-09-30 17:50:53,008] {logging_mixin.py:115} INFO - [2024-09-30 17:50:53,007] {dag.py:2420} INFO - Sync 1 DAGs
[2024-09-30 17:50:53,028] {logging_mixin.py:115} INFO - [2024-09-30 17:50:53,028] {dag.py:2972} INFO - Setting next_dagrun for 7.1-ExternalTaskSensor to 2024-08-12T00:00:00+00:00, run_after=2024-08-13T00:00:00+00:00
[2024-09-30 17:50:53,037] {processor.py:161} INFO - Processing /opt/airflow/dags/7.1-ExternalTaskSensor.py took 0.060 seconds
[2024-09-30 17:51:23,573] {processor.py:153} INFO - Started process (PID=9312) to work on /opt/airflow/dags/7.1-ExternalTaskSensor.py
[2024-09-30 17:51:23,573] {processor.py:641} INFO - Processing file /opt/airflow/dags/7.1-ExternalTaskSensor.py for tasks to queue
[2024-09-30 17:51:23,574] {logging_mixin.py:115} INFO - [2024-09-30 17:51:23,574] {dagbag.py:508} INFO - Filling up the DagBag from /opt/airflow/dags/7.1-ExternalTaskSensor.py
[2024-09-30 17:51:23,580] {processor.py:651} INFO - DAG(s) dict_keys(['7.1-ExternalTaskSensor']) retrieved from /opt/airflow/dags/7.1-ExternalTaskSensor.py
[2024-09-30 17:51:23,596] {logging_mixin.py:115} INFO - [2024-09-30 17:51:23,596] {dag.py:2420} INFO - Sync 1 DAGs
[2024-09-30 17:51:23,611] {logging_mixin.py:115} INFO - [2024-09-30 17:51:23,611] {dag.py:2972} INFO - Setting next_dagrun for 7.1-ExternalTaskSensor to 2024-08-12T00:00:00+00:00, run_after=2024-08-13T00:00:00+00:00
[2024-09-30 17:51:23,620] {processor.py:161} INFO - Processing /opt/airflow/dags/7.1-ExternalTaskSensor.py took 0.049 seconds
[2024-09-30 17:51:54,111] {processor.py:153} INFO - Started process (PID=9353) to work on /opt/airflow/dags/7.1-ExternalTaskSensor.py
[2024-09-30 17:51:54,111] {processor.py:641} INFO - Processing file /opt/airflow/dags/7.1-ExternalTaskSensor.py for tasks to queue
[2024-09-30 17:51:54,112] {logging_mixin.py:115} INFO - [2024-09-30 17:51:54,112] {dagbag.py:508} INFO - Filling up the DagBag from /opt/airflow/dags/7.1-ExternalTaskSensor.py
[2024-09-30 17:51:54,119] {processor.py:651} INFO - DAG(s) dict_keys(['7.1-ExternalTaskSensor']) retrieved from /opt/airflow/dags/7.1-ExternalTaskSensor.py
[2024-09-30 17:51:54,140] {logging_mixin.py:115} INFO - [2024-09-30 17:51:54,140] {dag.py:2420} INFO - Sync 1 DAGs
[2024-09-30 17:51:54,158] {logging_mixin.py:115} INFO - [2024-09-30 17:51:54,158] {dag.py:2972} INFO - Setting next_dagrun for 7.1-ExternalTaskSensor to 2024-08-12T00:00:00+00:00, run_after=2024-08-13T00:00:00+00:00
[2024-09-30 17:51:54,180] {processor.py:161} INFO - Processing /opt/airflow/dags/7.1-ExternalTaskSensor.py took 0.073 seconds
[2024-09-30 17:52:24,828] {processor.py:153} INFO - Started process (PID=9394) to work on /opt/airflow/dags/7.1-ExternalTaskSensor.py
[2024-09-30 17:52:24,829] {processor.py:641} INFO - Processing file /opt/airflow/dags/7.1-ExternalTaskSensor.py for tasks to queue
[2024-09-30 17:52:24,830] {logging_mixin.py:115} INFO - [2024-09-30 17:52:24,830] {dagbag.py:508} INFO - Filling up the DagBag from /opt/airflow/dags/7.1-ExternalTaskSensor.py
[2024-09-30 17:52:24,837] {processor.py:651} INFO - DAG(s) dict_keys(['7.1-ExternalTaskSensor']) retrieved from /opt/airflow/dags/7.1-ExternalTaskSensor.py
[2024-09-30 17:52:24,859] {logging_mixin.py:115} INFO - [2024-09-30 17:52:24,859] {dag.py:2420} INFO - Sync 1 DAGs
[2024-09-30 17:52:24,880] {logging_mixin.py:115} INFO - [2024-09-30 17:52:24,880] {dag.py:2972} INFO - Setting next_dagrun for 7.1-ExternalTaskSensor to 2024-08-12T00:00:00+00:00, run_after=2024-08-13T00:00:00+00:00
[2024-09-30 17:52:24,893] {processor.py:161} INFO - Processing /opt/airflow/dags/7.1-ExternalTaskSensor.py took 0.068 seconds
[2024-09-30 17:52:55,580] {processor.py:153} INFO - Started process (PID=9426) to work on /opt/airflow/dags/7.1-ExternalTaskSensor.py
[2024-09-30 17:52:55,580] {processor.py:641} INFO - Processing file /opt/airflow/dags/7.1-ExternalTaskSensor.py for tasks to queue
[2024-09-30 17:52:55,581] {logging_mixin.py:115} INFO - [2024-09-30 17:52:55,581] {dagbag.py:508} INFO - Filling up the DagBag from /opt/airflow/dags/7.1-ExternalTaskSensor.py
[2024-09-30 17:52:55,587] {processor.py:651} INFO - DAG(s) dict_keys(['7.1-ExternalTaskSensor']) retrieved from /opt/airflow/dags/7.1-ExternalTaskSensor.py
[2024-09-30 17:52:55,608] {logging_mixin.py:115} INFO - [2024-09-30 17:52:55,608] {dag.py:2420} INFO - Sync 1 DAGs
[2024-09-30 17:52:55,630] {logging_mixin.py:115} INFO - [2024-09-30 17:52:55,630] {dag.py:2972} INFO - Setting next_dagrun for 7.1-ExternalTaskSensor to 2024-08-12T00:00:00+00:00, run_after=2024-08-13T00:00:00+00:00
[2024-09-30 17:52:55,641] {processor.py:161} INFO - Processing /opt/airflow/dags/7.1-ExternalTaskSensor.py took 0.065 seconds
[2024-09-30 17:53:26,304] {processor.py:153} INFO - Started process (PID=9465) to work on /opt/airflow/dags/7.1-ExternalTaskSensor.py
[2024-09-30 17:53:26,306] {processor.py:641} INFO - Processing file /opt/airflow/dags/7.1-ExternalTaskSensor.py for tasks to queue
[2024-09-30 17:53:26,307] {logging_mixin.py:115} INFO - [2024-09-30 17:53:26,307] {dagbag.py:508} INFO - Filling up the DagBag from /opt/airflow/dags/7.1-ExternalTaskSensor.py
[2024-09-30 17:53:26,321] {processor.py:651} INFO - DAG(s) dict_keys(['7.1-ExternalTaskSensor']) retrieved from /opt/airflow/dags/7.1-ExternalTaskSensor.py
[2024-09-30 17:53:26,347] {logging_mixin.py:115} INFO - [2024-09-30 17:53:26,346] {dag.py:2420} INFO - Sync 1 DAGs
[2024-09-30 17:53:26,366] {logging_mixin.py:115} INFO - [2024-09-30 17:53:26,365] {dag.py:2972} INFO - Setting next_dagrun for 7.1-ExternalTaskSensor to 2024-08-12T00:00:00+00:00, run_after=2024-08-13T00:00:00+00:00
[2024-09-30 17:53:26,376] {processor.py:161} INFO - Processing /opt/airflow/dags/7.1-ExternalTaskSensor.py took 0.074 seconds
[2024-09-30 17:53:56,920] {processor.py:153} INFO - Started process (PID=9506) to work on /opt/airflow/dags/7.1-ExternalTaskSensor.py
[2024-09-30 17:53:56,921] {processor.py:641} INFO - Processing file /opt/airflow/dags/7.1-ExternalTaskSensor.py for tasks to queue
[2024-09-30 17:53:56,922] {logging_mixin.py:115} INFO - [2024-09-30 17:53:56,922] {dagbag.py:508} INFO - Filling up the DagBag from /opt/airflow/dags/7.1-ExternalTaskSensor.py
[2024-09-30 17:53:56,933] {processor.py:651} INFO - DAG(s) dict_keys(['7.1-ExternalTaskSensor']) retrieved from /opt/airflow/dags/7.1-ExternalTaskSensor.py
[2024-09-30 17:53:56,963] {logging_mixin.py:115} INFO - [2024-09-30 17:53:56,963] {dag.py:2420} INFO - Sync 1 DAGs
[2024-09-30 17:53:56,983] {logging_mixin.py:115} INFO - [2024-09-30 17:53:56,983] {dag.py:2972} INFO - Setting next_dagrun for 7.1-ExternalTaskSensor to 2024-08-12T00:00:00+00:00, run_after=2024-08-13T00:00:00+00:00
[2024-09-30 17:53:56,995] {processor.py:161} INFO - Processing /opt/airflow/dags/7.1-ExternalTaskSensor.py took 0.081 seconds
[2024-09-30 17:54:27,624] {processor.py:153} INFO - Started process (PID=9547) to work on /opt/airflow/dags/7.1-ExternalTaskSensor.py
[2024-09-30 17:54:27,624] {processor.py:641} INFO - Processing file /opt/airflow/dags/7.1-ExternalTaskSensor.py for tasks to queue
[2024-09-30 17:54:27,625] {logging_mixin.py:115} INFO - [2024-09-30 17:54:27,625] {dagbag.py:508} INFO - Filling up the DagBag from /opt/airflow/dags/7.1-ExternalTaskSensor.py
[2024-09-30 17:54:27,633] {processor.py:651} INFO - DAG(s) dict_keys(['7.1-ExternalTaskSensor']) retrieved from /opt/airflow/dags/7.1-ExternalTaskSensor.py
[2024-09-30 17:54:27,656] {logging_mixin.py:115} INFO - [2024-09-30 17:54:27,656] {dag.py:2420} INFO - Sync 1 DAGs
[2024-09-30 17:54:27,677] {logging_mixin.py:115} INFO - [2024-09-30 17:54:27,677] {dag.py:2972} INFO - Setting next_dagrun for 7.1-ExternalTaskSensor to 2024-08-12T00:00:00+00:00, run_after=2024-08-13T00:00:00+00:00
[2024-09-30 17:54:27,689] {processor.py:161} INFO - Processing /opt/airflow/dags/7.1-ExternalTaskSensor.py took 0.067 seconds
[2024-09-30 17:54:58,279] {processor.py:153} INFO - Started process (PID=9579) to work on /opt/airflow/dags/7.1-ExternalTaskSensor.py
[2024-09-30 17:54:58,280] {processor.py:641} INFO - Processing file /opt/airflow/dags/7.1-ExternalTaskSensor.py for tasks to queue
[2024-09-30 17:54:58,280] {logging_mixin.py:115} INFO - [2024-09-30 17:54:58,280] {dagbag.py:508} INFO - Filling up the DagBag from /opt/airflow/dags/7.1-ExternalTaskSensor.py
[2024-09-30 17:54:58,287] {processor.py:651} INFO - DAG(s) dict_keys(['7.1-ExternalTaskSensor']) retrieved from /opt/airflow/dags/7.1-ExternalTaskSensor.py
[2024-09-30 17:54:58,315] {logging_mixin.py:115} INFO - [2024-09-30 17:54:58,315] {dag.py:2420} INFO - Sync 1 DAGs
[2024-09-30 17:54:58,336] {logging_mixin.py:115} INFO - [2024-09-30 17:54:58,336] {dag.py:2972} INFO - Setting next_dagrun for 7.1-ExternalTaskSensor to 2024-08-12T00:00:00+00:00, run_after=2024-08-13T00:00:00+00:00
[2024-09-30 17:54:58,348] {processor.py:161} INFO - Processing /opt/airflow/dags/7.1-ExternalTaskSensor.py took 0.071 seconds
[2024-09-30 17:55:29,013] {processor.py:153} INFO - Started process (PID=9619) to work on /opt/airflow/dags/7.1-ExternalTaskSensor.py
[2024-09-30 17:55:29,014] {processor.py:641} INFO - Processing file /opt/airflow/dags/7.1-ExternalTaskSensor.py for tasks to queue
[2024-09-30 17:55:29,014] {logging_mixin.py:115} INFO - [2024-09-30 17:55:29,014] {dagbag.py:508} INFO - Filling up the DagBag from /opt/airflow/dags/7.1-ExternalTaskSensor.py
[2024-09-30 17:55:29,020] {processor.py:651} INFO - DAG(s) dict_keys(['7.1-ExternalTaskSensor']) retrieved from /opt/airflow/dags/7.1-ExternalTaskSensor.py
[2024-09-30 17:55:29,040] {logging_mixin.py:115} INFO - [2024-09-30 17:55:29,040] {dag.py:2420} INFO - Sync 1 DAGs
[2024-09-30 17:55:29,059] {logging_mixin.py:115} INFO - [2024-09-30 17:55:29,059] {dag.py:2972} INFO - Setting next_dagrun for 7.1-ExternalTaskSensor to 2024-08-12T00:00:00+00:00, run_after=2024-08-13T00:00:00+00:00
[2024-09-30 17:55:29,073] {processor.py:161} INFO - Processing /opt/airflow/dags/7.1-ExternalTaskSensor.py took 0.063 seconds
[2024-09-30 17:55:59,628] {processor.py:153} INFO - Started process (PID=9660) to work on /opt/airflow/dags/7.1-ExternalTaskSensor.py
[2024-09-30 17:55:59,628] {processor.py:641} INFO - Processing file /opt/airflow/dags/7.1-ExternalTaskSensor.py for tasks to queue
[2024-09-30 17:55:59,629] {logging_mixin.py:115} INFO - [2024-09-30 17:55:59,628] {dagbag.py:508} INFO - Filling up the DagBag from /opt/airflow/dags/7.1-ExternalTaskSensor.py
[2024-09-30 17:55:59,635] {processor.py:651} INFO - DAG(s) dict_keys(['7.1-ExternalTaskSensor']) retrieved from /opt/airflow/dags/7.1-ExternalTaskSensor.py
[2024-09-30 17:55:59,655] {logging_mixin.py:115} INFO - [2024-09-30 17:55:59,655] {dag.py:2420} INFO - Sync 1 DAGs
[2024-09-30 17:55:59,672] {logging_mixin.py:115} INFO - [2024-09-30 17:55:59,672] {dag.py:2972} INFO - Setting next_dagrun for 7.1-ExternalTaskSensor to 2024-08-12T00:00:00+00:00, run_after=2024-08-13T00:00:00+00:00
[2024-09-30 17:55:59,683] {processor.py:161} INFO - Processing /opt/airflow/dags/7.1-ExternalTaskSensor.py took 0.058 seconds
[2024-09-30 17:56:30,270] {processor.py:153} INFO - Started process (PID=9701) to work on /opt/airflow/dags/7.1-ExternalTaskSensor.py
[2024-09-30 17:56:30,271] {processor.py:641} INFO - Processing file /opt/airflow/dags/7.1-ExternalTaskSensor.py for tasks to queue
[2024-09-30 17:56:30,271] {logging_mixin.py:115} INFO - [2024-09-30 17:56:30,271] {dagbag.py:508} INFO - Filling up the DagBag from /opt/airflow/dags/7.1-ExternalTaskSensor.py
[2024-09-30 17:56:30,277] {processor.py:651} INFO - DAG(s) dict_keys(['7.1-ExternalTaskSensor']) retrieved from /opt/airflow/dags/7.1-ExternalTaskSensor.py
[2024-09-30 17:56:30,294] {logging_mixin.py:115} INFO - [2024-09-30 17:56:30,294] {dag.py:2420} INFO - Sync 1 DAGs
[2024-09-30 17:56:30,308] {logging_mixin.py:115} INFO - [2024-09-30 17:56:30,308] {dag.py:2972} INFO - Setting next_dagrun for 7.1-ExternalTaskSensor to 2024-08-12T00:00:00+00:00, run_after=2024-08-13T00:00:00+00:00
[2024-09-30 17:56:30,316] {processor.py:161} INFO - Processing /opt/airflow/dags/7.1-ExternalTaskSensor.py took 0.048 seconds
[2024-09-30 17:57:00,834] {processor.py:153} INFO - Started process (PID=9742) to work on /opt/airflow/dags/7.1-ExternalTaskSensor.py
[2024-09-30 17:57:00,835] {processor.py:641} INFO - Processing file /opt/airflow/dags/7.1-ExternalTaskSensor.py for tasks to queue
[2024-09-30 17:57:00,835] {logging_mixin.py:115} INFO - [2024-09-30 17:57:00,835] {dagbag.py:508} INFO - Filling up the DagBag from /opt/airflow/dags/7.1-ExternalTaskSensor.py
[2024-09-30 17:57:00,842] {processor.py:651} INFO - DAG(s) dict_keys(['7.1-ExternalTaskSensor']) retrieved from /opt/airflow/dags/7.1-ExternalTaskSensor.py
[2024-09-30 17:57:00,860] {logging_mixin.py:115} INFO - [2024-09-30 17:57:00,859] {dag.py:2420} INFO - Sync 1 DAGs
[2024-09-30 17:57:00,878] {logging_mixin.py:115} INFO - [2024-09-30 17:57:00,878] {dag.py:2972} INFO - Setting next_dagrun for 7.1-ExternalTaskSensor to 2024-08-12T00:00:00+00:00, run_after=2024-08-13T00:00:00+00:00
[2024-09-30 17:57:00,888] {processor.py:161} INFO - Processing /opt/airflow/dags/7.1-ExternalTaskSensor.py took 0.056 seconds
[2024-09-30 17:57:31,405] {processor.py:153} INFO - Started process (PID=9774) to work on /opt/airflow/dags/7.1-ExternalTaskSensor.py
[2024-09-30 17:57:31,406] {processor.py:641} INFO - Processing file /opt/airflow/dags/7.1-ExternalTaskSensor.py for tasks to queue
[2024-09-30 17:57:31,407] {logging_mixin.py:115} INFO - [2024-09-30 17:57:31,406] {dagbag.py:508} INFO - Filling up the DagBag from /opt/airflow/dags/7.1-ExternalTaskSensor.py
[2024-09-30 17:57:31,414] {processor.py:651} INFO - DAG(s) dict_keys(['7.1-ExternalTaskSensor']) retrieved from /opt/airflow/dags/7.1-ExternalTaskSensor.py
[2024-09-30 17:57:31,430] {logging_mixin.py:115} INFO - [2024-09-30 17:57:31,430] {dag.py:2420} INFO - Sync 1 DAGs
[2024-09-30 17:57:31,445] {logging_mixin.py:115} INFO - [2024-09-30 17:57:31,445] {dag.py:2972} INFO - Setting next_dagrun for 7.1-ExternalTaskSensor to 2024-08-12T00:00:00+00:00, run_after=2024-08-13T00:00:00+00:00
[2024-09-30 17:57:31,451] {processor.py:161} INFO - Processing /opt/airflow/dags/7.1-ExternalTaskSensor.py took 0.049 seconds
[2024-09-30 17:58:01,996] {processor.py:153} INFO - Started process (PID=9815) to work on /opt/airflow/dags/7.1-ExternalTaskSensor.py
[2024-09-30 17:58:01,997] {processor.py:641} INFO - Processing file /opt/airflow/dags/7.1-ExternalTaskSensor.py for tasks to queue
[2024-09-30 17:58:01,997] {logging_mixin.py:115} INFO - [2024-09-30 17:58:01,997] {dagbag.py:508} INFO - Filling up the DagBag from /opt/airflow/dags/7.1-ExternalTaskSensor.py
[2024-09-30 17:58:02,003] {processor.py:651} INFO - DAG(s) dict_keys(['7.1-ExternalTaskSensor']) retrieved from /opt/airflow/dags/7.1-ExternalTaskSensor.py
[2024-09-30 17:58:02,019] {logging_mixin.py:115} INFO - [2024-09-30 17:58:02,019] {dag.py:2420} INFO - Sync 1 DAGs
[2024-09-30 17:58:02,033] {logging_mixin.py:115} INFO - [2024-09-30 17:58:02,033] {dag.py:2972} INFO - Setting next_dagrun for 7.1-ExternalTaskSensor to 2024-08-12T00:00:00+00:00, run_after=2024-08-13T00:00:00+00:00
[2024-09-30 17:58:02,040] {processor.py:161} INFO - Processing /opt/airflow/dags/7.1-ExternalTaskSensor.py took 0.046 seconds
[2024-09-30 17:58:32,462] {processor.py:153} INFO - Started process (PID=9856) to work on /opt/airflow/dags/7.1-ExternalTaskSensor.py
[2024-09-30 17:58:32,462] {processor.py:641} INFO - Processing file /opt/airflow/dags/7.1-ExternalTaskSensor.py for tasks to queue
[2024-09-30 17:58:32,463] {logging_mixin.py:115} INFO - [2024-09-30 17:58:32,463] {dagbag.py:508} INFO - Filling up the DagBag from /opt/airflow/dags/7.1-ExternalTaskSensor.py
[2024-09-30 17:58:32,468] {processor.py:651} INFO - DAG(s) dict_keys(['7.1-ExternalTaskSensor']) retrieved from /opt/airflow/dags/7.1-ExternalTaskSensor.py
[2024-09-30 17:58:32,485] {logging_mixin.py:115} INFO - [2024-09-30 17:58:32,485] {dag.py:2420} INFO - Sync 1 DAGs
[2024-09-30 17:58:32,500] {logging_mixin.py:115} INFO - [2024-09-30 17:58:32,500] {dag.py:2972} INFO - Setting next_dagrun for 7.1-ExternalTaskSensor to 2024-08-12T00:00:00+00:00, run_after=2024-08-13T00:00:00+00:00
[2024-09-30 17:58:32,507] {processor.py:161} INFO - Processing /opt/airflow/dags/7.1-ExternalTaskSensor.py took 0.048 seconds
[2024-09-30 17:59:02,929] {processor.py:153} INFO - Started process (PID=9897) to work on /opt/airflow/dags/7.1-ExternalTaskSensor.py
[2024-09-30 17:59:02,929] {processor.py:641} INFO - Processing file /opt/airflow/dags/7.1-ExternalTaskSensor.py for tasks to queue
[2024-09-30 17:59:02,930] {logging_mixin.py:115} INFO - [2024-09-30 17:59:02,930] {dagbag.py:508} INFO - Filling up the DagBag from /opt/airflow/dags/7.1-ExternalTaskSensor.py
[2024-09-30 17:59:02,935] {processor.py:651} INFO - DAG(s) dict_keys(['7.1-ExternalTaskSensor']) retrieved from /opt/airflow/dags/7.1-ExternalTaskSensor.py
[2024-09-30 17:59:02,950] {logging_mixin.py:115} INFO - [2024-09-30 17:59:02,950] {dag.py:2420} INFO - Sync 1 DAGs
[2024-09-30 17:59:02,963] {logging_mixin.py:115} INFO - [2024-09-30 17:59:02,963] {dag.py:2972} INFO - Setting next_dagrun for 7.1-ExternalTaskSensor to 2024-08-12T00:00:00+00:00, run_after=2024-08-13T00:00:00+00:00
[2024-09-30 17:59:02,970] {processor.py:161} INFO - Processing /opt/airflow/dags/7.1-ExternalTaskSensor.py took 0.043 seconds
[2024-09-30 17:59:33,440] {processor.py:153} INFO - Started process (PID=9938) to work on /opt/airflow/dags/7.1-ExternalTaskSensor.py
[2024-09-30 17:59:33,441] {processor.py:641} INFO - Processing file /opt/airflow/dags/7.1-ExternalTaskSensor.py for tasks to queue
[2024-09-30 17:59:33,441] {logging_mixin.py:115} INFO - [2024-09-30 17:59:33,441] {dagbag.py:508} INFO - Filling up the DagBag from /opt/airflow/dags/7.1-ExternalTaskSensor.py
[2024-09-30 17:59:33,447] {processor.py:651} INFO - DAG(s) dict_keys(['7.1-ExternalTaskSensor']) retrieved from /opt/airflow/dags/7.1-ExternalTaskSensor.py
[2024-09-30 17:59:33,461] {logging_mixin.py:115} INFO - [2024-09-30 17:59:33,461] {dag.py:2420} INFO - Sync 1 DAGs
[2024-09-30 17:59:33,475] {logging_mixin.py:115} INFO - [2024-09-30 17:59:33,475] {dag.py:2972} INFO - Setting next_dagrun for 7.1-ExternalTaskSensor to 2024-08-12T00:00:00+00:00, run_after=2024-08-13T00:00:00+00:00
[2024-09-30 17:59:33,482] {processor.py:161} INFO - Processing /opt/airflow/dags/7.1-ExternalTaskSensor.py took 0.044 seconds
[2024-09-30 18:00:03,954] {processor.py:153} INFO - Started process (PID=9979) to work on /opt/airflow/dags/7.1-ExternalTaskSensor.py
[2024-09-30 18:00:03,954] {processor.py:641} INFO - Processing file /opt/airflow/dags/7.1-ExternalTaskSensor.py for tasks to queue
[2024-09-30 18:00:03,954] {logging_mixin.py:115} INFO - [2024-09-30 18:00:03,954] {dagbag.py:508} INFO - Filling up the DagBag from /opt/airflow/dags/7.1-ExternalTaskSensor.py
[2024-09-30 18:00:03,960] {processor.py:651} INFO - DAG(s) dict_keys(['7.1-ExternalTaskSensor']) retrieved from /opt/airflow/dags/7.1-ExternalTaskSensor.py
[2024-09-30 18:00:03,975] {logging_mixin.py:115} INFO - [2024-09-30 18:00:03,975] {dag.py:2420} INFO - Sync 1 DAGs
[2024-09-30 18:00:03,990] {logging_mixin.py:115} INFO - [2024-09-30 18:00:03,990] {dag.py:2972} INFO - Setting next_dagrun for 7.1-ExternalTaskSensor to 2024-08-12T00:00:00+00:00, run_after=2024-08-13T00:00:00+00:00
[2024-09-30 18:00:03,998] {processor.py:161} INFO - Processing /opt/airflow/dags/7.1-ExternalTaskSensor.py took 0.046 seconds
[2024-09-30 18:00:34,519] {processor.py:153} INFO - Started process (PID=10010) to work on /opt/airflow/dags/7.1-ExternalTaskSensor.py
[2024-09-30 18:00:34,519] {processor.py:641} INFO - Processing file /opt/airflow/dags/7.1-ExternalTaskSensor.py for tasks to queue
[2024-09-30 18:00:34,519] {logging_mixin.py:115} INFO - [2024-09-30 18:00:34,519] {dagbag.py:508} INFO - Filling up the DagBag from /opt/airflow/dags/7.1-ExternalTaskSensor.py
[2024-09-30 18:00:34,526] {processor.py:651} INFO - DAG(s) dict_keys(['7.1-ExternalTaskSensor']) retrieved from /opt/airflow/dags/7.1-ExternalTaskSensor.py
[2024-09-30 18:00:34,542] {logging_mixin.py:115} INFO - [2024-09-30 18:00:34,542] {dag.py:2420} INFO - Sync 1 DAGs
[2024-09-30 18:00:34,560] {logging_mixin.py:115} INFO - [2024-09-30 18:00:34,559] {dag.py:2972} INFO - Setting next_dagrun for 7.1-ExternalTaskSensor to 2024-08-12T00:00:00+00:00, run_after=2024-08-13T00:00:00+00:00
[2024-09-30 18:00:34,567] {processor.py:161} INFO - Processing /opt/airflow/dags/7.1-ExternalTaskSensor.py took 0.050 seconds
[2024-09-30 18:01:05,014] {processor.py:153} INFO - Started process (PID=10051) to work on /opt/airflow/dags/7.1-ExternalTaskSensor.py
[2024-09-30 18:01:05,015] {processor.py:641} INFO - Processing file /opt/airflow/dags/7.1-ExternalTaskSensor.py for tasks to queue
[2024-09-30 18:01:05,015] {logging_mixin.py:115} INFO - [2024-09-30 18:01:05,015] {dagbag.py:508} INFO - Filling up the DagBag from /opt/airflow/dags/7.1-ExternalTaskSensor.py
[2024-09-30 18:01:05,020] {processor.py:651} INFO - DAG(s) dict_keys(['7.1-ExternalTaskSensor']) retrieved from /opt/airflow/dags/7.1-ExternalTaskSensor.py
[2024-09-30 18:01:05,035] {logging_mixin.py:115} INFO - [2024-09-30 18:01:05,035] {dag.py:2420} INFO - Sync 1 DAGs
[2024-09-30 18:01:05,048] {logging_mixin.py:115} INFO - [2024-09-30 18:01:05,048] {dag.py:2972} INFO - Setting next_dagrun for 7.1-ExternalTaskSensor to 2024-08-12T00:00:00+00:00, run_after=2024-08-13T00:00:00+00:00
[2024-09-30 18:01:05,055] {processor.py:161} INFO - Processing /opt/airflow/dags/7.1-ExternalTaskSensor.py took 0.043 seconds
[2024-09-30 18:01:35,526] {processor.py:153} INFO - Started process (PID=10092) to work on /opt/airflow/dags/7.1-ExternalTaskSensor.py
[2024-09-30 18:01:35,526] {processor.py:641} INFO - Processing file /opt/airflow/dags/7.1-ExternalTaskSensor.py for tasks to queue
[2024-09-30 18:01:35,526] {logging_mixin.py:115} INFO - [2024-09-30 18:01:35,526] {dagbag.py:508} INFO - Filling up the DagBag from /opt/airflow/dags/7.1-ExternalTaskSensor.py
[2024-09-30 18:01:35,532] {processor.py:651} INFO - DAG(s) dict_keys(['7.1-ExternalTaskSensor']) retrieved from /opt/airflow/dags/7.1-ExternalTaskSensor.py
[2024-09-30 18:01:35,546] {logging_mixin.py:115} INFO - [2024-09-30 18:01:35,546] {dag.py:2420} INFO - Sync 1 DAGs
[2024-09-30 18:01:35,560] {logging_mixin.py:115} INFO - [2024-09-30 18:01:35,560] {dag.py:2972} INFO - Setting next_dagrun for 7.1-ExternalTaskSensor to 2024-08-12T00:00:00+00:00, run_after=2024-08-13T00:00:00+00:00
[2024-09-30 18:01:35,566] {processor.py:161} INFO - Processing /opt/airflow/dags/7.1-ExternalTaskSensor.py took 0.043 seconds
[2024-09-30 18:02:06,033] {processor.py:153} INFO - Started process (PID=10133) to work on /opt/airflow/dags/7.1-ExternalTaskSensor.py
[2024-09-30 18:02:06,033] {processor.py:641} INFO - Processing file /opt/airflow/dags/7.1-ExternalTaskSensor.py for tasks to queue
[2024-09-30 18:02:06,033] {logging_mixin.py:115} INFO - [2024-09-30 18:02:06,033] {dagbag.py:508} INFO - Filling up the DagBag from /opt/airflow/dags/7.1-ExternalTaskSensor.py
[2024-09-30 18:02:06,039] {processor.py:651} INFO - DAG(s) dict_keys(['7.1-ExternalTaskSensor']) retrieved from /opt/airflow/dags/7.1-ExternalTaskSensor.py
[2024-09-30 18:02:06,054] {logging_mixin.py:115} INFO - [2024-09-30 18:02:06,054] {dag.py:2420} INFO - Sync 1 DAGs
[2024-09-30 18:02:06,067] {logging_mixin.py:115} INFO - [2024-09-30 18:02:06,067] {dag.py:2972} INFO - Setting next_dagrun for 7.1-ExternalTaskSensor to 2024-08-12T00:00:00+00:00, run_after=2024-08-13T00:00:00+00:00
[2024-09-30 18:02:06,074] {processor.py:161} INFO - Processing /opt/airflow/dags/7.1-ExternalTaskSensor.py took 0.044 seconds
[2024-09-30 18:02:36,549] {processor.py:153} INFO - Started process (PID=10173) to work on /opt/airflow/dags/7.1-ExternalTaskSensor.py
[2024-09-30 18:02:36,549] {processor.py:641} INFO - Processing file /opt/airflow/dags/7.1-ExternalTaskSensor.py for tasks to queue
[2024-09-30 18:02:36,549] {logging_mixin.py:115} INFO - [2024-09-30 18:02:36,549] {dagbag.py:508} INFO - Filling up the DagBag from /opt/airflow/dags/7.1-ExternalTaskSensor.py
[2024-09-30 18:02:36,554] {processor.py:651} INFO - DAG(s) dict_keys(['7.1-ExternalTaskSensor']) retrieved from /opt/airflow/dags/7.1-ExternalTaskSensor.py
[2024-09-30 18:02:36,569] {logging_mixin.py:115} INFO - [2024-09-30 18:02:36,569] {dag.py:2420} INFO - Sync 1 DAGs
[2024-09-30 18:02:36,583] {logging_mixin.py:115} INFO - [2024-09-30 18:02:36,583] {dag.py:2972} INFO - Setting next_dagrun for 7.1-ExternalTaskSensor to 2024-08-12T00:00:00+00:00, run_after=2024-08-13T00:00:00+00:00
[2024-09-30 18:02:36,589] {processor.py:161} INFO - Processing /opt/airflow/dags/7.1-ExternalTaskSensor.py took 0.043 seconds
[2024-09-30 18:03:07,076] {processor.py:153} INFO - Started process (PID=10213) to work on /opt/airflow/dags/7.1-ExternalTaskSensor.py
[2024-09-30 18:03:07,076] {processor.py:641} INFO - Processing file /opt/airflow/dags/7.1-ExternalTaskSensor.py for tasks to queue
[2024-09-30 18:03:07,077] {logging_mixin.py:115} INFO - [2024-09-30 18:03:07,077] {dagbag.py:508} INFO - Filling up the DagBag from /opt/airflow/dags/7.1-ExternalTaskSensor.py
[2024-09-30 18:03:07,082] {processor.py:651} INFO - DAG(s) dict_keys(['7.1-ExternalTaskSensor']) retrieved from /opt/airflow/dags/7.1-ExternalTaskSensor.py
[2024-09-30 18:03:07,100] {logging_mixin.py:115} INFO - [2024-09-30 18:03:07,100] {dag.py:2420} INFO - Sync 1 DAGs
[2024-09-30 18:03:07,116] {logging_mixin.py:115} INFO - [2024-09-30 18:03:07,116] {dag.py:2972} INFO - Setting next_dagrun for 7.1-ExternalTaskSensor to 2024-08-12T00:00:00+00:00, run_after=2024-08-13T00:00:00+00:00
[2024-09-30 18:03:07,124] {processor.py:161} INFO - Processing /opt/airflow/dags/7.1-ExternalTaskSensor.py took 0.051 seconds
[2024-09-30 18:03:37,603] {processor.py:153} INFO - Started process (PID=10245) to work on /opt/airflow/dags/7.1-ExternalTaskSensor.py
[2024-09-30 18:03:37,604] {processor.py:641} INFO - Processing file /opt/airflow/dags/7.1-ExternalTaskSensor.py for tasks to queue
[2024-09-30 18:03:37,604] {logging_mixin.py:115} INFO - [2024-09-30 18:03:37,604] {dagbag.py:508} INFO - Filling up the DagBag from /opt/airflow/dags/7.1-ExternalTaskSensor.py
[2024-09-30 18:03:37,609] {processor.py:651} INFO - DAG(s) dict_keys(['7.1-ExternalTaskSensor']) retrieved from /opt/airflow/dags/7.1-ExternalTaskSensor.py
[2024-09-30 18:03:37,625] {logging_mixin.py:115} INFO - [2024-09-30 18:03:37,625] {dag.py:2420} INFO - Sync 1 DAGs
[2024-09-30 18:03:37,639] {logging_mixin.py:115} INFO - [2024-09-30 18:03:37,639] {dag.py:2972} INFO - Setting next_dagrun for 7.1-ExternalTaskSensor to 2024-08-12T00:00:00+00:00, run_after=2024-08-13T00:00:00+00:00
[2024-09-30 18:03:37,646] {processor.py:161} INFO - Processing /opt/airflow/dags/7.1-ExternalTaskSensor.py took 0.045 seconds
[2024-09-30 18:04:08,073] {processor.py:153} INFO - Started process (PID=10285) to work on /opt/airflow/dags/7.1-ExternalTaskSensor.py
[2024-09-30 18:04:08,073] {processor.py:641} INFO - Processing file /opt/airflow/dags/7.1-ExternalTaskSensor.py for tasks to queue
[2024-09-30 18:04:08,074] {logging_mixin.py:115} INFO - [2024-09-30 18:04:08,074] {dagbag.py:508} INFO - Filling up the DagBag from /opt/airflow/dags/7.1-ExternalTaskSensor.py
[2024-09-30 18:04:08,079] {processor.py:651} INFO - DAG(s) dict_keys(['7.1-ExternalTaskSensor']) retrieved from /opt/airflow/dags/7.1-ExternalTaskSensor.py
[2024-09-30 18:04:08,094] {logging_mixin.py:115} INFO - [2024-09-30 18:04:08,094] {dag.py:2420} INFO - Sync 1 DAGs
[2024-09-30 18:04:08,107] {logging_mixin.py:115} INFO - [2024-09-30 18:04:08,107] {dag.py:2972} INFO - Setting next_dagrun for 7.1-ExternalTaskSensor to 2024-08-12T00:00:00+00:00, run_after=2024-08-13T00:00:00+00:00
[2024-09-30 18:04:08,114] {processor.py:161} INFO - Processing /opt/airflow/dags/7.1-ExternalTaskSensor.py took 0.043 seconds
[2024-09-30 18:04:38,590] {processor.py:153} INFO - Started process (PID=10326) to work on /opt/airflow/dags/7.1-ExternalTaskSensor.py
[2024-09-30 18:04:38,590] {processor.py:641} INFO - Processing file /opt/airflow/dags/7.1-ExternalTaskSensor.py for tasks to queue
[2024-09-30 18:04:38,591] {logging_mixin.py:115} INFO - [2024-09-30 18:04:38,591] {dagbag.py:508} INFO - Filling up the DagBag from /opt/airflow/dags/7.1-ExternalTaskSensor.py
[2024-09-30 18:04:38,599] {processor.py:651} INFO - DAG(s) dict_keys(['7.1-ExternalTaskSensor']) retrieved from /opt/airflow/dags/7.1-ExternalTaskSensor.py
[2024-09-30 18:04:38,615] {logging_mixin.py:115} INFO - [2024-09-30 18:04:38,615] {dag.py:2420} INFO - Sync 1 DAGs
[2024-09-30 18:04:38,630] {logging_mixin.py:115} INFO - [2024-09-30 18:04:38,630] {dag.py:2972} INFO - Setting next_dagrun for 7.1-ExternalTaskSensor to 2024-08-12T00:00:00+00:00, run_after=2024-08-13T00:00:00+00:00
[2024-09-30 18:04:38,637] {processor.py:161} INFO - Processing /opt/airflow/dags/7.1-ExternalTaskSensor.py took 0.049 seconds
[2024-09-30 18:05:09,057] {processor.py:153} INFO - Started process (PID=10366) to work on /opt/airflow/dags/7.1-ExternalTaskSensor.py
[2024-09-30 18:05:09,057] {processor.py:641} INFO - Processing file /opt/airflow/dags/7.1-ExternalTaskSensor.py for tasks to queue
[2024-09-30 18:05:09,057] {logging_mixin.py:115} INFO - [2024-09-30 18:05:09,057] {dagbag.py:508} INFO - Filling up the DagBag from /opt/airflow/dags/7.1-ExternalTaskSensor.py
[2024-09-30 18:05:09,063] {processor.py:651} INFO - DAG(s) dict_keys(['7.1-ExternalTaskSensor']) retrieved from /opt/airflow/dags/7.1-ExternalTaskSensor.py
[2024-09-30 18:05:09,078] {logging_mixin.py:115} INFO - [2024-09-30 18:05:09,078] {dag.py:2420} INFO - Sync 1 DAGs
[2024-09-30 18:05:09,091] {logging_mixin.py:115} INFO - [2024-09-30 18:05:09,091] {dag.py:2972} INFO - Setting next_dagrun for 7.1-ExternalTaskSensor to 2024-08-12T00:00:00+00:00, run_after=2024-08-13T00:00:00+00:00
[2024-09-30 18:05:09,097] {processor.py:161} INFO - Processing /opt/airflow/dags/7.1-ExternalTaskSensor.py took 0.043 seconds
[2024-09-30 18:05:39,601] {processor.py:153} INFO - Started process (PID=10406) to work on /opt/airflow/dags/7.1-ExternalTaskSensor.py
[2024-09-30 18:05:39,602] {processor.py:641} INFO - Processing file /opt/airflow/dags/7.1-ExternalTaskSensor.py for tasks to queue
[2024-09-30 18:05:39,603] {logging_mixin.py:115} INFO - [2024-09-30 18:05:39,603] {dagbag.py:508} INFO - Filling up the DagBag from /opt/airflow/dags/7.1-ExternalTaskSensor.py
[2024-09-30 18:05:39,609] {processor.py:651} INFO - DAG(s) dict_keys(['7.1-ExternalTaskSensor']) retrieved from /opt/airflow/dags/7.1-ExternalTaskSensor.py
[2024-09-30 18:05:39,630] {logging_mixin.py:115} INFO - [2024-09-30 18:05:39,630] {dag.py:2420} INFO - Sync 1 DAGs
[2024-09-30 18:05:39,647] {logging_mixin.py:115} INFO - [2024-09-30 18:05:39,647] {dag.py:2972} INFO - Setting next_dagrun for 7.1-ExternalTaskSensor to 2024-08-12T00:00:00+00:00, run_after=2024-08-13T00:00:00+00:00
[2024-09-30 18:05:39,656] {processor.py:161} INFO - Processing /opt/airflow/dags/7.1-ExternalTaskSensor.py took 0.058 seconds
[2024-09-30 18:06:10,218] {processor.py:153} INFO - Started process (PID=10438) to work on /opt/airflow/dags/7.1-ExternalTaskSensor.py
[2024-09-30 18:06:10,219] {processor.py:641} INFO - Processing file /opt/airflow/dags/7.1-ExternalTaskSensor.py for tasks to queue
[2024-09-30 18:06:10,219] {logging_mixin.py:115} INFO - [2024-09-30 18:06:10,219] {dagbag.py:508} INFO - Filling up the DagBag from /opt/airflow/dags/7.1-ExternalTaskSensor.py
[2024-09-30 18:06:10,224] {processor.py:651} INFO - DAG(s) dict_keys(['7.1-ExternalTaskSensor']) retrieved from /opt/airflow/dags/7.1-ExternalTaskSensor.py
[2024-09-30 18:06:10,240] {logging_mixin.py:115} INFO - [2024-09-30 18:06:10,240] {dag.py:2420} INFO - Sync 1 DAGs
[2024-09-30 18:06:10,255] {logging_mixin.py:115} INFO - [2024-09-30 18:06:10,254] {dag.py:2972} INFO - Setting next_dagrun for 7.1-ExternalTaskSensor to 2024-08-12T00:00:00+00:00, run_after=2024-08-13T00:00:00+00:00
[2024-09-30 18:06:10,262] {processor.py:161} INFO - Processing /opt/airflow/dags/7.1-ExternalTaskSensor.py took 0.046 seconds
[2024-09-30 18:06:40,755] {processor.py:153} INFO - Started process (PID=10479) to work on /opt/airflow/dags/7.1-ExternalTaskSensor.py
[2024-09-30 18:06:40,756] {processor.py:641} INFO - Processing file /opt/airflow/dags/7.1-ExternalTaskSensor.py for tasks to queue
[2024-09-30 18:06:40,756] {logging_mixin.py:115} INFO - [2024-09-30 18:06:40,756] {dagbag.py:508} INFO - Filling up the DagBag from /opt/airflow/dags/7.1-ExternalTaskSensor.py
[2024-09-30 18:06:40,762] {processor.py:651} INFO - DAG(s) dict_keys(['7.1-ExternalTaskSensor']) retrieved from /opt/airflow/dags/7.1-ExternalTaskSensor.py
[2024-09-30 18:06:40,777] {logging_mixin.py:115} INFO - [2024-09-30 18:06:40,777] {dag.py:2420} INFO - Sync 1 DAGs
[2024-09-30 18:06:40,792] {logging_mixin.py:115} INFO - [2024-09-30 18:06:40,792] {dag.py:2972} INFO - Setting next_dagrun for 7.1-ExternalTaskSensor to 2024-08-12T00:00:00+00:00, run_after=2024-08-13T00:00:00+00:00
[2024-09-30 18:06:40,799] {processor.py:161} INFO - Processing /opt/airflow/dags/7.1-ExternalTaskSensor.py took 0.045 seconds
[2024-09-30 18:07:11,313] {processor.py:153} INFO - Started process (PID=10520) to work on /opt/airflow/dags/7.1-ExternalTaskSensor.py
[2024-09-30 18:07:11,313] {processor.py:641} INFO - Processing file /opt/airflow/dags/7.1-ExternalTaskSensor.py for tasks to queue
[2024-09-30 18:07:11,314] {logging_mixin.py:115} INFO - [2024-09-30 18:07:11,314] {dagbag.py:508} INFO - Filling up the DagBag from /opt/airflow/dags/7.1-ExternalTaskSensor.py
[2024-09-30 18:07:11,320] {processor.py:651} INFO - DAG(s) dict_keys(['7.1-ExternalTaskSensor']) retrieved from /opt/airflow/dags/7.1-ExternalTaskSensor.py
[2024-09-30 18:07:11,337] {logging_mixin.py:115} INFO - [2024-09-30 18:07:11,337] {dag.py:2420} INFO - Sync 1 DAGs
[2024-09-30 18:07:11,354] {logging_mixin.py:115} INFO - [2024-09-30 18:07:11,354] {dag.py:2972} INFO - Setting next_dagrun for 7.1-ExternalTaskSensor to 2024-08-12T00:00:00+00:00, run_after=2024-08-13T00:00:00+00:00
[2024-09-30 18:07:11,362] {processor.py:161} INFO - Processing /opt/airflow/dags/7.1-ExternalTaskSensor.py took 0.051 seconds
[2024-09-30 18:07:41,880] {processor.py:153} INFO - Started process (PID=10560) to work on /opt/airflow/dags/7.1-ExternalTaskSensor.py
[2024-09-30 18:07:41,881] {processor.py:641} INFO - Processing file /opt/airflow/dags/7.1-ExternalTaskSensor.py for tasks to queue
[2024-09-30 18:07:41,881] {logging_mixin.py:115} INFO - [2024-09-30 18:07:41,881] {dagbag.py:508} INFO - Filling up the DagBag from /opt/airflow/dags/7.1-ExternalTaskSensor.py
[2024-09-30 18:07:41,886] {processor.py:651} INFO - DAG(s) dict_keys(['7.1-ExternalTaskSensor']) retrieved from /opt/airflow/dags/7.1-ExternalTaskSensor.py
[2024-09-30 18:07:41,903] {logging_mixin.py:115} INFO - [2024-09-30 18:07:41,903] {dag.py:2420} INFO - Sync 1 DAGs
[2024-09-30 18:07:41,918] {logging_mixin.py:115} INFO - [2024-09-30 18:07:41,918] {dag.py:2972} INFO - Setting next_dagrun for 7.1-ExternalTaskSensor to 2024-08-12T00:00:00+00:00, run_after=2024-08-13T00:00:00+00:00
[2024-09-30 18:07:41,927] {processor.py:161} INFO - Processing /opt/airflow/dags/7.1-ExternalTaskSensor.py took 0.049 seconds
[2024-09-30 18:08:12,438] {processor.py:153} INFO - Started process (PID=10600) to work on /opt/airflow/dags/7.1-ExternalTaskSensor.py
[2024-09-30 18:08:12,439] {processor.py:641} INFO - Processing file /opt/airflow/dags/7.1-ExternalTaskSensor.py for tasks to queue
[2024-09-30 18:08:12,440] {logging_mixin.py:115} INFO - [2024-09-30 18:08:12,440] {dagbag.py:508} INFO - Filling up the DagBag from /opt/airflow/dags/7.1-ExternalTaskSensor.py
[2024-09-30 18:08:12,445] {processor.py:651} INFO - DAG(s) dict_keys(['7.1-ExternalTaskSensor']) retrieved from /opt/airflow/dags/7.1-ExternalTaskSensor.py
[2024-09-30 18:08:12,467] {logging_mixin.py:115} INFO - [2024-09-30 18:08:12,467] {dag.py:2420} INFO - Sync 1 DAGs
[2024-09-30 18:08:12,484] {logging_mixin.py:115} INFO - [2024-09-30 18:08:12,484] {dag.py:2972} INFO - Setting next_dagrun for 7.1-ExternalTaskSensor to 2024-08-12T00:00:00+00:00, run_after=2024-08-13T00:00:00+00:00
[2024-09-30 18:08:12,494] {processor.py:161} INFO - Processing /opt/airflow/dags/7.1-ExternalTaskSensor.py took 0.058 seconds
[2024-09-30 18:08:43,031] {processor.py:153} INFO - Started process (PID=10641) to work on /opt/airflow/dags/7.1-ExternalTaskSensor.py
[2024-09-30 18:08:43,032] {processor.py:641} INFO - Processing file /opt/airflow/dags/7.1-ExternalTaskSensor.py for tasks to queue
[2024-09-30 18:08:43,032] {logging_mixin.py:115} INFO - [2024-09-30 18:08:43,032] {dagbag.py:508} INFO - Filling up the DagBag from /opt/airflow/dags/7.1-ExternalTaskSensor.py
[2024-09-30 18:08:43,037] {processor.py:651} INFO - DAG(s) dict_keys(['7.1-ExternalTaskSensor']) retrieved from /opt/airflow/dags/7.1-ExternalTaskSensor.py
[2024-09-30 18:08:43,058] {logging_mixin.py:115} INFO - [2024-09-30 18:08:43,057] {dag.py:2420} INFO - Sync 1 DAGs
[2024-09-30 18:08:43,075] {logging_mixin.py:115} INFO - [2024-09-30 18:08:43,075] {dag.py:2972} INFO - Setting next_dagrun for 7.1-ExternalTaskSensor to 2024-08-12T00:00:00+00:00, run_after=2024-08-13T00:00:00+00:00
[2024-09-30 18:08:43,083] {processor.py:161} INFO - Processing /opt/airflow/dags/7.1-ExternalTaskSensor.py took 0.054 seconds
[2024-09-30 18:09:13,610] {processor.py:153} INFO - Started process (PID=10673) to work on /opt/airflow/dags/7.1-ExternalTaskSensor.py
[2024-09-30 18:09:13,611] {processor.py:641} INFO - Processing file /opt/airflow/dags/7.1-ExternalTaskSensor.py for tasks to queue
[2024-09-30 18:09:13,611] {logging_mixin.py:115} INFO - [2024-09-30 18:09:13,611] {dagbag.py:508} INFO - Filling up the DagBag from /opt/airflow/dags/7.1-ExternalTaskSensor.py
[2024-09-30 18:09:13,617] {processor.py:651} INFO - DAG(s) dict_keys(['7.1-ExternalTaskSensor']) retrieved from /opt/airflow/dags/7.1-ExternalTaskSensor.py
[2024-09-30 18:09:13,638] {logging_mixin.py:115} INFO - [2024-09-30 18:09:13,638] {dag.py:2420} INFO - Sync 1 DAGs
[2024-09-30 18:09:13,653] {logging_mixin.py:115} INFO - [2024-09-30 18:09:13,653] {dag.py:2972} INFO - Setting next_dagrun for 7.1-ExternalTaskSensor to 2024-08-12T00:00:00+00:00, run_after=2024-08-13T00:00:00+00:00
[2024-09-30 18:09:13,661] {processor.py:161} INFO - Processing /opt/airflow/dags/7.1-ExternalTaskSensor.py took 0.053 seconds
[2024-09-30 18:09:44,122] {processor.py:153} INFO - Started process (PID=10714) to work on /opt/airflow/dags/7.1-ExternalTaskSensor.py
[2024-09-30 18:09:44,123] {processor.py:641} INFO - Processing file /opt/airflow/dags/7.1-ExternalTaskSensor.py for tasks to queue
[2024-09-30 18:09:44,123] {logging_mixin.py:115} INFO - [2024-09-30 18:09:44,123] {dagbag.py:508} INFO - Filling up the DagBag from /opt/airflow/dags/7.1-ExternalTaskSensor.py
[2024-09-30 18:09:44,130] {processor.py:651} INFO - DAG(s) dict_keys(['7.1-ExternalTaskSensor']) retrieved from /opt/airflow/dags/7.1-ExternalTaskSensor.py
[2024-09-30 18:09:44,148] {logging_mixin.py:115} INFO - [2024-09-30 18:09:44,148] {dag.py:2420} INFO - Sync 1 DAGs
[2024-09-30 18:09:44,163] {logging_mixin.py:115} INFO - [2024-09-30 18:09:44,163] {dag.py:2972} INFO - Setting next_dagrun for 7.1-ExternalTaskSensor to 2024-08-12T00:00:00+00:00, run_after=2024-08-13T00:00:00+00:00
[2024-09-30 18:09:44,171] {processor.py:161} INFO - Processing /opt/airflow/dags/7.1-ExternalTaskSensor.py took 0.051 seconds
[2024-09-30 18:10:14,634] {processor.py:153} INFO - Started process (PID=10755) to work on /opt/airflow/dags/7.1-ExternalTaskSensor.py
[2024-09-30 18:10:14,635] {processor.py:641} INFO - Processing file /opt/airflow/dags/7.1-ExternalTaskSensor.py for tasks to queue
[2024-09-30 18:10:14,635] {logging_mixin.py:115} INFO - [2024-09-30 18:10:14,635] {dagbag.py:508} INFO - Filling up the DagBag from /opt/airflow/dags/7.1-ExternalTaskSensor.py
[2024-09-30 18:10:14,641] {processor.py:651} INFO - DAG(s) dict_keys(['7.1-ExternalTaskSensor']) retrieved from /opt/airflow/dags/7.1-ExternalTaskSensor.py
[2024-09-30 18:10:14,660] {logging_mixin.py:115} INFO - [2024-09-30 18:10:14,660] {dag.py:2420} INFO - Sync 1 DAGs
[2024-09-30 18:10:14,676] {logging_mixin.py:115} INFO - [2024-09-30 18:10:14,676] {dag.py:2972} INFO - Setting next_dagrun for 7.1-ExternalTaskSensor to 2024-08-12T00:00:00+00:00, run_after=2024-08-13T00:00:00+00:00
[2024-09-30 18:10:14,684] {processor.py:161} INFO - Processing /opt/airflow/dags/7.1-ExternalTaskSensor.py took 0.052 seconds
[2024-09-30 18:10:45,205] {processor.py:153} INFO - Started process (PID=10796) to work on /opt/airflow/dags/7.1-ExternalTaskSensor.py
[2024-09-30 18:10:45,205] {processor.py:641} INFO - Processing file /opt/airflow/dags/7.1-ExternalTaskSensor.py for tasks to queue
[2024-09-30 18:10:45,206] {logging_mixin.py:115} INFO - [2024-09-30 18:10:45,206] {dagbag.py:508} INFO - Filling up the DagBag from /opt/airflow/dags/7.1-ExternalTaskSensor.py
[2024-09-30 18:10:45,212] {processor.py:651} INFO - DAG(s) dict_keys(['7.1-ExternalTaskSensor']) retrieved from /opt/airflow/dags/7.1-ExternalTaskSensor.py
[2024-09-30 18:10:45,234] {logging_mixin.py:115} INFO - [2024-09-30 18:10:45,234] {dag.py:2420} INFO - Sync 1 DAGs
[2024-09-30 18:10:45,252] {logging_mixin.py:115} INFO - [2024-09-30 18:10:45,252] {dag.py:2972} INFO - Setting next_dagrun for 7.1-ExternalTaskSensor to 2024-08-12T00:00:00+00:00, run_after=2024-08-13T00:00:00+00:00
[2024-09-30 18:10:45,260] {processor.py:161} INFO - Processing /opt/airflow/dags/7.1-ExternalTaskSensor.py took 0.057 seconds
[2024-09-30 18:11:15,743] {processor.py:153} INFO - Started process (PID=10837) to work on /opt/airflow/dags/7.1-ExternalTaskSensor.py
[2024-09-30 18:11:15,744] {processor.py:641} INFO - Processing file /opt/airflow/dags/7.1-ExternalTaskSensor.py for tasks to queue
[2024-09-30 18:11:15,744] {logging_mixin.py:115} INFO - [2024-09-30 18:11:15,744] {dagbag.py:508} INFO - Filling up the DagBag from /opt/airflow/dags/7.1-ExternalTaskSensor.py
[2024-09-30 18:11:15,749] {processor.py:651} INFO - DAG(s) dict_keys(['7.1-ExternalTaskSensor']) retrieved from /opt/airflow/dags/7.1-ExternalTaskSensor.py
[2024-09-30 18:11:15,766] {logging_mixin.py:115} INFO - [2024-09-30 18:11:15,766] {dag.py:2420} INFO - Sync 1 DAGs
[2024-09-30 18:11:15,781] {logging_mixin.py:115} INFO - [2024-09-30 18:11:15,781] {dag.py:2972} INFO - Setting next_dagrun for 7.1-ExternalTaskSensor to 2024-08-12T00:00:00+00:00, run_after=2024-08-13T00:00:00+00:00
[2024-09-30 18:11:15,792] {processor.py:161} INFO - Processing /opt/airflow/dags/7.1-ExternalTaskSensor.py took 0.050 seconds
[2024-09-30 18:11:46,261] {processor.py:153} INFO - Started process (PID=10869) to work on /opt/airflow/dags/7.1-ExternalTaskSensor.py
[2024-09-30 18:11:46,262] {processor.py:641} INFO - Processing file /opt/airflow/dags/7.1-ExternalTaskSensor.py for tasks to queue
[2024-09-30 18:11:46,262] {logging_mixin.py:115} INFO - [2024-09-30 18:11:46,262] {dagbag.py:508} INFO - Filling up the DagBag from /opt/airflow/dags/7.1-ExternalTaskSensor.py
[2024-09-30 18:11:46,269] {processor.py:651} INFO - DAG(s) dict_keys(['7.1-ExternalTaskSensor']) retrieved from /opt/airflow/dags/7.1-ExternalTaskSensor.py
[2024-09-30 18:11:46,288] {logging_mixin.py:115} INFO - [2024-09-30 18:11:46,288] {dag.py:2420} INFO - Sync 1 DAGs
[2024-09-30 18:11:46,303] {logging_mixin.py:115} INFO - [2024-09-30 18:11:46,303] {dag.py:2972} INFO - Setting next_dagrun for 7.1-ExternalTaskSensor to 2024-08-12T00:00:00+00:00, run_after=2024-08-13T00:00:00+00:00
[2024-09-30 18:11:46,311] {processor.py:161} INFO - Processing /opt/airflow/dags/7.1-ExternalTaskSensor.py took 0.053 seconds
[2024-09-30 18:12:16,863] {processor.py:153} INFO - Started process (PID=10910) to work on /opt/airflow/dags/7.1-ExternalTaskSensor.py
[2024-09-30 18:12:16,863] {processor.py:641} INFO - Processing file /opt/airflow/dags/7.1-ExternalTaskSensor.py for tasks to queue
[2024-09-30 18:12:16,864] {logging_mixin.py:115} INFO - [2024-09-30 18:12:16,864] {dagbag.py:508} INFO - Filling up the DagBag from /opt/airflow/dags/7.1-ExternalTaskSensor.py
[2024-09-30 18:12:16,870] {processor.py:651} INFO - DAG(s) dict_keys(['7.1-ExternalTaskSensor']) retrieved from /opt/airflow/dags/7.1-ExternalTaskSensor.py
[2024-09-30 18:12:16,885] {logging_mixin.py:115} INFO - [2024-09-30 18:12:16,885] {dag.py:2420} INFO - Sync 1 DAGs
[2024-09-30 18:12:16,899] {logging_mixin.py:115} INFO - [2024-09-30 18:12:16,899] {dag.py:2972} INFO - Setting next_dagrun for 7.1-ExternalTaskSensor to 2024-08-12T00:00:00+00:00, run_after=2024-08-13T00:00:00+00:00
[2024-09-30 18:12:16,906] {processor.py:161} INFO - Processing /opt/airflow/dags/7.1-ExternalTaskSensor.py took 0.045 seconds
[2024-09-30 18:12:47,454] {processor.py:153} INFO - Started process (PID=10951) to work on /opt/airflow/dags/7.1-ExternalTaskSensor.py
[2024-09-30 18:12:47,454] {processor.py:641} INFO - Processing file /opt/airflow/dags/7.1-ExternalTaskSensor.py for tasks to queue
[2024-09-30 18:12:47,455] {logging_mixin.py:115} INFO - [2024-09-30 18:12:47,455] {dagbag.py:508} INFO - Filling up the DagBag from /opt/airflow/dags/7.1-ExternalTaskSensor.py
[2024-09-30 18:12:47,462] {processor.py:651} INFO - DAG(s) dict_keys(['7.1-ExternalTaskSensor']) retrieved from /opt/airflow/dags/7.1-ExternalTaskSensor.py
[2024-09-30 18:12:47,483] {logging_mixin.py:115} INFO - [2024-09-30 18:12:47,483] {dag.py:2420} INFO - Sync 1 DAGs
[2024-09-30 18:12:47,499] {logging_mixin.py:115} INFO - [2024-09-30 18:12:47,499] {dag.py:2972} INFO - Setting next_dagrun for 7.1-ExternalTaskSensor to 2024-08-12T00:00:00+00:00, run_after=2024-08-13T00:00:00+00:00
[2024-09-30 18:12:47,507] {processor.py:161} INFO - Processing /opt/airflow/dags/7.1-ExternalTaskSensor.py took 0.056 seconds
[2024-09-30 18:13:18,022] {processor.py:153} INFO - Started process (PID=10992) to work on /opt/airflow/dags/7.1-ExternalTaskSensor.py
[2024-09-30 18:13:18,022] {processor.py:641} INFO - Processing file /opt/airflow/dags/7.1-ExternalTaskSensor.py for tasks to queue
[2024-09-30 18:13:18,023] {logging_mixin.py:115} INFO - [2024-09-30 18:13:18,023] {dagbag.py:508} INFO - Filling up the DagBag from /opt/airflow/dags/7.1-ExternalTaskSensor.py
[2024-09-30 18:13:18,028] {processor.py:651} INFO - DAG(s) dict_keys(['7.1-ExternalTaskSensor']) retrieved from /opt/airflow/dags/7.1-ExternalTaskSensor.py
[2024-09-30 18:13:18,045] {logging_mixin.py:115} INFO - [2024-09-30 18:13:18,045] {dag.py:2420} INFO - Sync 1 DAGs
[2024-09-30 18:13:18,063] {logging_mixin.py:115} INFO - [2024-09-30 18:13:18,063] {dag.py:2972} INFO - Setting next_dagrun for 7.1-ExternalTaskSensor to 2024-08-12T00:00:00+00:00, run_after=2024-08-13T00:00:00+00:00
[2024-09-30 18:13:18,072] {processor.py:161} INFO - Processing /opt/airflow/dags/7.1-ExternalTaskSensor.py took 0.052 seconds
[2024-09-30 18:13:48,617] {processor.py:153} INFO - Started process (PID=11033) to work on /opt/airflow/dags/7.1-ExternalTaskSensor.py
[2024-09-30 18:13:48,618] {processor.py:641} INFO - Processing file /opt/airflow/dags/7.1-ExternalTaskSensor.py for tasks to queue
[2024-09-30 18:13:48,618] {logging_mixin.py:115} INFO - [2024-09-30 18:13:48,618] {dagbag.py:508} INFO - Filling up the DagBag from /opt/airflow/dags/7.1-ExternalTaskSensor.py
[2024-09-30 18:13:48,625] {processor.py:651} INFO - DAG(s) dict_keys(['7.1-ExternalTaskSensor']) retrieved from /opt/airflow/dags/7.1-ExternalTaskSensor.py
[2024-09-30 18:13:48,649] {logging_mixin.py:115} INFO - [2024-09-30 18:13:48,648] {dag.py:2420} INFO - Sync 1 DAGs
[2024-09-30 18:13:48,669] {logging_mixin.py:115} INFO - [2024-09-30 18:13:48,669] {dag.py:2972} INFO - Setting next_dagrun for 7.1-ExternalTaskSensor to 2024-08-12T00:00:00+00:00, run_after=2024-08-13T00:00:00+00:00
[2024-09-30 18:13:48,678] {processor.py:161} INFO - Processing /opt/airflow/dags/7.1-ExternalTaskSensor.py took 0.063 seconds
[2024-09-30 18:14:19,215] {processor.py:153} INFO - Started process (PID=11065) to work on /opt/airflow/dags/7.1-ExternalTaskSensor.py
[2024-09-30 18:14:19,216] {processor.py:641} INFO - Processing file /opt/airflow/dags/7.1-ExternalTaskSensor.py for tasks to queue
[2024-09-30 18:14:19,217] {logging_mixin.py:115} INFO - [2024-09-30 18:14:19,217] {dagbag.py:508} INFO - Filling up the DagBag from /opt/airflow/dags/7.1-ExternalTaskSensor.py
[2024-09-30 18:14:19,225] {processor.py:651} INFO - DAG(s) dict_keys(['7.1-ExternalTaskSensor']) retrieved from /opt/airflow/dags/7.1-ExternalTaskSensor.py
[2024-09-30 18:14:19,248] {logging_mixin.py:115} INFO - [2024-09-30 18:14:19,248] {dag.py:2420} INFO - Sync 1 DAGs
[2024-09-30 18:14:19,266] {logging_mixin.py:115} INFO - [2024-09-30 18:14:19,266] {dag.py:2972} INFO - Setting next_dagrun for 7.1-ExternalTaskSensor to 2024-08-12T00:00:00+00:00, run_after=2024-08-13T00:00:00+00:00
[2024-09-30 18:14:19,277] {processor.py:161} INFO - Processing /opt/airflow/dags/7.1-ExternalTaskSensor.py took 0.066 seconds
[2024-09-30 18:14:49,754] {processor.py:153} INFO - Started process (PID=11106) to work on /opt/airflow/dags/7.1-ExternalTaskSensor.py
[2024-09-30 18:14:49,754] {processor.py:641} INFO - Processing file /opt/airflow/dags/7.1-ExternalTaskSensor.py for tasks to queue
[2024-09-30 18:14:49,755] {logging_mixin.py:115} INFO - [2024-09-30 18:14:49,755] {dagbag.py:508} INFO - Filling up the DagBag from /opt/airflow/dags/7.1-ExternalTaskSensor.py
[2024-09-30 18:14:49,761] {processor.py:651} INFO - DAG(s) dict_keys(['7.1-ExternalTaskSensor']) retrieved from /opt/airflow/dags/7.1-ExternalTaskSensor.py
[2024-09-30 18:14:49,783] {logging_mixin.py:115} INFO - [2024-09-30 18:14:49,783] {dag.py:2420} INFO - Sync 1 DAGs
[2024-09-30 18:14:49,800] {logging_mixin.py:115} INFO - [2024-09-30 18:14:49,799] {dag.py:2972} INFO - Setting next_dagrun for 7.1-ExternalTaskSensor to 2024-08-12T00:00:00+00:00, run_after=2024-08-13T00:00:00+00:00
[2024-09-30 18:14:49,809] {processor.py:161} INFO - Processing /opt/airflow/dags/7.1-ExternalTaskSensor.py took 0.057 seconds
[2024-09-30 18:15:20,259] {processor.py:153} INFO - Started process (PID=11147) to work on /opt/airflow/dags/7.1-ExternalTaskSensor.py
[2024-09-30 18:15:20,260] {processor.py:641} INFO - Processing file /opt/airflow/dags/7.1-ExternalTaskSensor.py for tasks to queue
[2024-09-30 18:15:20,260] {logging_mixin.py:115} INFO - [2024-09-30 18:15:20,260] {dagbag.py:508} INFO - Filling up the DagBag from /opt/airflow/dags/7.1-ExternalTaskSensor.py
[2024-09-30 18:15:20,267] {processor.py:651} INFO - DAG(s) dict_keys(['7.1-ExternalTaskSensor']) retrieved from /opt/airflow/dags/7.1-ExternalTaskSensor.py
[2024-09-30 18:15:20,287] {logging_mixin.py:115} INFO - [2024-09-30 18:15:20,286] {dag.py:2420} INFO - Sync 1 DAGs
[2024-09-30 18:15:20,307] {logging_mixin.py:115} INFO - [2024-09-30 18:15:20,307] {dag.py:2972} INFO - Setting next_dagrun for 7.1-ExternalTaskSensor to 2024-08-12T00:00:00+00:00, run_after=2024-08-13T00:00:00+00:00
[2024-09-30 18:15:20,315] {processor.py:161} INFO - Processing /opt/airflow/dags/7.1-ExternalTaskSensor.py took 0.058 seconds
[2024-09-30 18:15:50,763] {processor.py:153} INFO - Started process (PID=11188) to work on /opt/airflow/dags/7.1-ExternalTaskSensor.py
[2024-09-30 18:15:50,764] {processor.py:641} INFO - Processing file /opt/airflow/dags/7.1-ExternalTaskSensor.py for tasks to queue
[2024-09-30 18:15:50,765] {logging_mixin.py:115} INFO - [2024-09-30 18:15:50,765] {dagbag.py:508} INFO - Filling up the DagBag from /opt/airflow/dags/7.1-ExternalTaskSensor.py
[2024-09-30 18:15:50,770] {processor.py:651} INFO - DAG(s) dict_keys(['7.1-ExternalTaskSensor']) retrieved from /opt/airflow/dags/7.1-ExternalTaskSensor.py
[2024-09-30 18:15:50,789] {logging_mixin.py:115} INFO - [2024-09-30 18:15:50,789] {dag.py:2420} INFO - Sync 1 DAGs
[2024-09-30 18:15:50,806] {logging_mixin.py:115} INFO - [2024-09-30 18:15:50,806] {dag.py:2972} INFO - Setting next_dagrun for 7.1-ExternalTaskSensor to 2024-08-12T00:00:00+00:00, run_after=2024-08-13T00:00:00+00:00
[2024-09-30 18:15:50,817] {processor.py:161} INFO - Processing /opt/airflow/dags/7.1-ExternalTaskSensor.py took 0.055 seconds
[2024-09-30 18:16:21,359] {processor.py:153} INFO - Started process (PID=11229) to work on /opt/airflow/dags/7.1-ExternalTaskSensor.py
[2024-09-30 18:16:21,359] {processor.py:641} INFO - Processing file /opt/airflow/dags/7.1-ExternalTaskSensor.py for tasks to queue
[2024-09-30 18:16:21,360] {logging_mixin.py:115} INFO - [2024-09-30 18:16:21,359] {dagbag.py:508} INFO - Filling up the DagBag from /opt/airflow/dags/7.1-ExternalTaskSensor.py
[2024-09-30 18:16:21,367] {processor.py:651} INFO - DAG(s) dict_keys(['7.1-ExternalTaskSensor']) retrieved from /opt/airflow/dags/7.1-ExternalTaskSensor.py
[2024-09-30 18:16:21,384] {logging_mixin.py:115} INFO - [2024-09-30 18:16:21,384] {dag.py:2420} INFO - Sync 1 DAGs
[2024-09-30 18:16:21,399] {logging_mixin.py:115} INFO - [2024-09-30 18:16:21,399] {dag.py:2972} INFO - Setting next_dagrun for 7.1-ExternalTaskSensor to 2024-08-12T00:00:00+00:00, run_after=2024-08-13T00:00:00+00:00
[2024-09-30 18:16:21,407] {processor.py:161} INFO - Processing /opt/airflow/dags/7.1-ExternalTaskSensor.py took 0.050 seconds
[2024-09-30 18:16:51,875] {processor.py:153} INFO - Started process (PID=11261) to work on /opt/airflow/dags/7.1-ExternalTaskSensor.py
[2024-09-30 18:16:51,876] {processor.py:641} INFO - Processing file /opt/airflow/dags/7.1-ExternalTaskSensor.py for tasks to queue
[2024-09-30 18:16:51,876] {logging_mixin.py:115} INFO - [2024-09-30 18:16:51,876] {dagbag.py:508} INFO - Filling up the DagBag from /opt/airflow/dags/7.1-ExternalTaskSensor.py
[2024-09-30 18:16:51,883] {processor.py:651} INFO - DAG(s) dict_keys(['7.1-ExternalTaskSensor']) retrieved from /opt/airflow/dags/7.1-ExternalTaskSensor.py
[2024-09-30 18:16:51,901] {logging_mixin.py:115} INFO - [2024-09-30 18:16:51,901] {dag.py:2420} INFO - Sync 1 DAGs
[2024-09-30 18:16:51,917] {logging_mixin.py:115} INFO - [2024-09-30 18:16:51,917] {dag.py:2972} INFO - Setting next_dagrun for 7.1-ExternalTaskSensor to 2024-08-12T00:00:00+00:00, run_after=2024-08-13T00:00:00+00:00
[2024-09-30 18:16:51,926] {processor.py:161} INFO - Processing /opt/airflow/dags/7.1-ExternalTaskSensor.py took 0.053 seconds
[2024-09-30 18:17:22,441] {processor.py:153} INFO - Started process (PID=11302) to work on /opt/airflow/dags/7.1-ExternalTaskSensor.py
[2024-09-30 18:17:22,442] {processor.py:641} INFO - Processing file /opt/airflow/dags/7.1-ExternalTaskSensor.py for tasks to queue
[2024-09-30 18:17:22,442] {logging_mixin.py:115} INFO - [2024-09-30 18:17:22,442] {dagbag.py:508} INFO - Filling up the DagBag from /opt/airflow/dags/7.1-ExternalTaskSensor.py
[2024-09-30 18:17:22,448] {processor.py:651} INFO - DAG(s) dict_keys(['7.1-ExternalTaskSensor']) retrieved from /opt/airflow/dags/7.1-ExternalTaskSensor.py
[2024-09-30 18:17:22,464] {logging_mixin.py:115} INFO - [2024-09-30 18:17:22,464] {dag.py:2420} INFO - Sync 1 DAGs
[2024-09-30 18:17:22,478] {logging_mixin.py:115} INFO - [2024-09-30 18:17:22,478] {dag.py:2972} INFO - Setting next_dagrun for 7.1-ExternalTaskSensor to 2024-08-12T00:00:00+00:00, run_after=2024-08-13T00:00:00+00:00
[2024-09-30 18:17:22,485] {processor.py:161} INFO - Processing /opt/airflow/dags/7.1-ExternalTaskSensor.py took 0.046 seconds
[2024-09-30 18:17:52,996] {processor.py:153} INFO - Started process (PID=11343) to work on /opt/airflow/dags/7.1-ExternalTaskSensor.py
[2024-09-30 18:17:52,997] {processor.py:641} INFO - Processing file /opt/airflow/dags/7.1-ExternalTaskSensor.py for tasks to queue
[2024-09-30 18:17:52,998] {logging_mixin.py:115} INFO - [2024-09-30 18:17:52,998] {dagbag.py:508} INFO - Filling up the DagBag from /opt/airflow/dags/7.1-ExternalTaskSensor.py
[2024-09-30 18:17:53,003] {processor.py:651} INFO - DAG(s) dict_keys(['7.1-ExternalTaskSensor']) retrieved from /opt/airflow/dags/7.1-ExternalTaskSensor.py
[2024-09-30 18:17:53,019] {logging_mixin.py:115} INFO - [2024-09-30 18:17:53,019] {dag.py:2420} INFO - Sync 1 DAGs
[2024-09-30 18:17:53,034] {logging_mixin.py:115} INFO - [2024-09-30 18:17:53,034] {dag.py:2972} INFO - Setting next_dagrun for 7.1-ExternalTaskSensor to 2024-08-12T00:00:00+00:00, run_after=2024-08-13T00:00:00+00:00
[2024-09-30 18:17:53,043] {processor.py:161} INFO - Processing /opt/airflow/dags/7.1-ExternalTaskSensor.py took 0.049 seconds
[2024-09-30 18:18:23,529] {processor.py:153} INFO - Started process (PID=11384) to work on /opt/airflow/dags/7.1-ExternalTaskSensor.py
[2024-09-30 18:18:23,530] {processor.py:641} INFO - Processing file /opt/airflow/dags/7.1-ExternalTaskSensor.py for tasks to queue
[2024-09-30 18:18:23,530] {logging_mixin.py:115} INFO - [2024-09-30 18:18:23,530] {dagbag.py:508} INFO - Filling up the DagBag from /opt/airflow/dags/7.1-ExternalTaskSensor.py
[2024-09-30 18:18:23,536] {processor.py:651} INFO - DAG(s) dict_keys(['7.1-ExternalTaskSensor']) retrieved from /opt/airflow/dags/7.1-ExternalTaskSensor.py
[2024-09-30 18:18:23,553] {logging_mixin.py:115} INFO - [2024-09-30 18:18:23,553] {dag.py:2420} INFO - Sync 1 DAGs
[2024-09-30 18:18:23,569] {logging_mixin.py:115} INFO - [2024-09-30 18:18:23,569] {dag.py:2972} INFO - Setting next_dagrun for 7.1-ExternalTaskSensor to 2024-08-12T00:00:00+00:00, run_after=2024-08-13T00:00:00+00:00
[2024-09-30 18:18:23,577] {processor.py:161} INFO - Processing /opt/airflow/dags/7.1-ExternalTaskSensor.py took 0.050 seconds
[2024-09-30 18:18:54,015] {processor.py:153} INFO - Started process (PID=11425) to work on /opt/airflow/dags/7.1-ExternalTaskSensor.py
[2024-09-30 18:18:54,015] {processor.py:641} INFO - Processing file /opt/airflow/dags/7.1-ExternalTaskSensor.py for tasks to queue
[2024-09-30 18:18:54,016] {logging_mixin.py:115} INFO - [2024-09-30 18:18:54,016] {dagbag.py:508} INFO - Filling up the DagBag from /opt/airflow/dags/7.1-ExternalTaskSensor.py
[2024-09-30 18:18:54,022] {processor.py:651} INFO - DAG(s) dict_keys(['7.1-ExternalTaskSensor']) retrieved from /opt/airflow/dags/7.1-ExternalTaskSensor.py
[2024-09-30 18:18:54,038] {logging_mixin.py:115} INFO - [2024-09-30 18:18:54,038] {dag.py:2420} INFO - Sync 1 DAGs
[2024-09-30 18:18:54,053] {logging_mixin.py:115} INFO - [2024-09-30 18:18:54,053] {dag.py:2972} INFO - Setting next_dagrun for 7.1-ExternalTaskSensor to 2024-08-12T00:00:00+00:00, run_after=2024-08-13T00:00:00+00:00
[2024-09-30 18:18:54,059] {processor.py:161} INFO - Processing /opt/airflow/dags/7.1-ExternalTaskSensor.py took 0.047 seconds
[2024-09-30 18:19:24,568] {processor.py:153} INFO - Started process (PID=11457) to work on /opt/airflow/dags/7.1-ExternalTaskSensor.py
[2024-09-30 18:19:24,568] {processor.py:641} INFO - Processing file /opt/airflow/dags/7.1-ExternalTaskSensor.py for tasks to queue
[2024-09-30 18:19:24,568] {logging_mixin.py:115} INFO - [2024-09-30 18:19:24,568] {dagbag.py:508} INFO - Filling up the DagBag from /opt/airflow/dags/7.1-ExternalTaskSensor.py
[2024-09-30 18:19:24,577] {processor.py:651} INFO - DAG(s) dict_keys(['7.1-ExternalTaskSensor']) retrieved from /opt/airflow/dags/7.1-ExternalTaskSensor.py
[2024-09-30 18:19:24,597] {logging_mixin.py:115} INFO - [2024-09-30 18:19:24,596] {dag.py:2420} INFO - Sync 1 DAGs
[2024-09-30 18:19:24,612] {logging_mixin.py:115} INFO - [2024-09-30 18:19:24,612] {dag.py:2972} INFO - Setting next_dagrun for 7.1-ExternalTaskSensor to 2024-08-12T00:00:00+00:00, run_after=2024-08-13T00:00:00+00:00
[2024-09-30 18:19:24,620] {processor.py:161} INFO - Processing /opt/airflow/dags/7.1-ExternalTaskSensor.py took 0.054 seconds
[2024-09-30 18:19:55,133] {processor.py:153} INFO - Started process (PID=11498) to work on /opt/airflow/dags/7.1-ExternalTaskSensor.py
[2024-09-30 18:19:55,134] {processor.py:641} INFO - Processing file /opt/airflow/dags/7.1-ExternalTaskSensor.py for tasks to queue
[2024-09-30 18:19:55,134] {logging_mixin.py:115} INFO - [2024-09-30 18:19:55,134] {dagbag.py:508} INFO - Filling up the DagBag from /opt/airflow/dags/7.1-ExternalTaskSensor.py
[2024-09-30 18:19:55,140] {processor.py:651} INFO - DAG(s) dict_keys(['7.1-ExternalTaskSensor']) retrieved from /opt/airflow/dags/7.1-ExternalTaskSensor.py
[2024-09-30 18:19:55,156] {logging_mixin.py:115} INFO - [2024-09-30 18:19:55,156] {dag.py:2420} INFO - Sync 1 DAGs
[2024-09-30 18:19:55,169] {logging_mixin.py:115} INFO - [2024-09-30 18:19:55,169] {dag.py:2972} INFO - Setting next_dagrun for 7.1-ExternalTaskSensor to 2024-08-12T00:00:00+00:00, run_after=2024-08-13T00:00:00+00:00
[2024-09-30 18:19:55,176] {processor.py:161} INFO - Processing /opt/airflow/dags/7.1-ExternalTaskSensor.py took 0.045 seconds
[2024-09-30 18:20:25,646] {processor.py:153} INFO - Started process (PID=11538) to work on /opt/airflow/dags/7.1-ExternalTaskSensor.py
[2024-09-30 18:20:25,647] {processor.py:641} INFO - Processing file /opt/airflow/dags/7.1-ExternalTaskSensor.py for tasks to queue
[2024-09-30 18:20:25,648] {logging_mixin.py:115} INFO - [2024-09-30 18:20:25,648] {dagbag.py:508} INFO - Filling up the DagBag from /opt/airflow/dags/7.1-ExternalTaskSensor.py
[2024-09-30 18:20:25,656] {processor.py:651} INFO - DAG(s) dict_keys(['7.1-ExternalTaskSensor']) retrieved from /opt/airflow/dags/7.1-ExternalTaskSensor.py
[2024-09-30 18:20:25,682] {logging_mixin.py:115} INFO - [2024-09-30 18:20:25,681] {dag.py:2420} INFO - Sync 1 DAGs
[2024-09-30 18:20:25,701] {logging_mixin.py:115} INFO - [2024-09-30 18:20:25,701] {dag.py:2972} INFO - Setting next_dagrun for 7.1-ExternalTaskSensor to 2024-08-12T00:00:00+00:00, run_after=2024-08-13T00:00:00+00:00
[2024-09-30 18:20:25,714] {processor.py:161} INFO - Processing /opt/airflow/dags/7.1-ExternalTaskSensor.py took 0.071 seconds
[2024-09-30 18:20:56,144] {processor.py:153} INFO - Started process (PID=11578) to work on /opt/airflow/dags/7.1-ExternalTaskSensor.py
[2024-09-30 18:20:56,144] {processor.py:641} INFO - Processing file /opt/airflow/dags/7.1-ExternalTaskSensor.py for tasks to queue
[2024-09-30 18:20:56,145] {logging_mixin.py:115} INFO - [2024-09-30 18:20:56,145] {dagbag.py:508} INFO - Filling up the DagBag from /opt/airflow/dags/7.1-ExternalTaskSensor.py
[2024-09-30 18:20:56,152] {processor.py:651} INFO - DAG(s) dict_keys(['7.1-ExternalTaskSensor']) retrieved from /opt/airflow/dags/7.1-ExternalTaskSensor.py
[2024-09-30 18:20:56,170] {logging_mixin.py:115} INFO - [2024-09-30 18:20:56,170] {dag.py:2420} INFO - Sync 1 DAGs
[2024-09-30 18:20:56,188] {logging_mixin.py:115} INFO - [2024-09-30 18:20:56,188] {dag.py:2972} INFO - Setting next_dagrun for 7.1-ExternalTaskSensor to 2024-08-12T00:00:00+00:00, run_after=2024-08-13T00:00:00+00:00
[2024-09-30 18:20:56,197] {processor.py:161} INFO - Processing /opt/airflow/dags/7.1-ExternalTaskSensor.py took 0.055 seconds
[2024-09-30 18:21:26,650] {processor.py:153} INFO - Started process (PID=11619) to work on /opt/airflow/dags/7.1-ExternalTaskSensor.py
[2024-09-30 18:21:26,650] {processor.py:641} INFO - Processing file /opt/airflow/dags/7.1-ExternalTaskSensor.py for tasks to queue
[2024-09-30 18:21:26,651] {logging_mixin.py:115} INFO - [2024-09-30 18:21:26,650] {dagbag.py:508} INFO - Filling up the DagBag from /opt/airflow/dags/7.1-ExternalTaskSensor.py
[2024-09-30 18:21:26,657] {processor.py:651} INFO - DAG(s) dict_keys(['7.1-ExternalTaskSensor']) retrieved from /opt/airflow/dags/7.1-ExternalTaskSensor.py
[2024-09-30 18:21:26,675] {logging_mixin.py:115} INFO - [2024-09-30 18:21:26,675] {dag.py:2420} INFO - Sync 1 DAGs
[2024-09-30 18:21:26,690] {logging_mixin.py:115} INFO - [2024-09-30 18:21:26,690] {dag.py:2972} INFO - Setting next_dagrun for 7.1-ExternalTaskSensor to 2024-08-12T00:00:00+00:00, run_after=2024-08-13T00:00:00+00:00
[2024-09-30 18:21:26,698] {processor.py:161} INFO - Processing /opt/airflow/dags/7.1-ExternalTaskSensor.py took 0.051 seconds
[2024-09-30 18:21:57,246] {processor.py:153} INFO - Started process (PID=11660) to work on /opt/airflow/dags/7.1-ExternalTaskSensor.py
[2024-09-30 18:21:57,247] {processor.py:641} INFO - Processing file /opt/airflow/dags/7.1-ExternalTaskSensor.py for tasks to queue
[2024-09-30 18:21:57,248] {logging_mixin.py:115} INFO - [2024-09-30 18:21:57,248] {dagbag.py:508} INFO - Filling up the DagBag from /opt/airflow/dags/7.1-ExternalTaskSensor.py
[2024-09-30 18:21:57,255] {processor.py:651} INFO - DAG(s) dict_keys(['7.1-ExternalTaskSensor']) retrieved from /opt/airflow/dags/7.1-ExternalTaskSensor.py
[2024-09-30 18:21:57,283] {logging_mixin.py:115} INFO - [2024-09-30 18:21:57,283] {dag.py:2420} INFO - Sync 1 DAGs
[2024-09-30 18:21:57,302] {logging_mixin.py:115} INFO - [2024-09-30 18:21:57,302] {dag.py:2972} INFO - Setting next_dagrun for 7.1-ExternalTaskSensor to 2024-08-12T00:00:00+00:00, run_after=2024-08-13T00:00:00+00:00
[2024-09-30 18:21:57,312] {processor.py:161} INFO - Processing /opt/airflow/dags/7.1-ExternalTaskSensor.py took 0.068 seconds
[2024-09-30 18:22:27,813] {processor.py:153} INFO - Started process (PID=11692) to work on /opt/airflow/dags/7.1-ExternalTaskSensor.py
[2024-09-30 18:22:27,813] {processor.py:641} INFO - Processing file /opt/airflow/dags/7.1-ExternalTaskSensor.py for tasks to queue
[2024-09-30 18:22:27,814] {logging_mixin.py:115} INFO - [2024-09-30 18:22:27,814] {dagbag.py:508} INFO - Filling up the DagBag from /opt/airflow/dags/7.1-ExternalTaskSensor.py
[2024-09-30 18:22:27,820] {processor.py:651} INFO - DAG(s) dict_keys(['7.1-ExternalTaskSensor']) retrieved from /opt/airflow/dags/7.1-ExternalTaskSensor.py
[2024-09-30 18:22:27,839] {logging_mixin.py:115} INFO - [2024-09-30 18:22:27,838] {dag.py:2420} INFO - Sync 1 DAGs
[2024-09-30 18:22:27,855] {logging_mixin.py:115} INFO - [2024-09-30 18:22:27,855] {dag.py:2972} INFO - Setting next_dagrun for 7.1-ExternalTaskSensor to 2024-08-12T00:00:00+00:00, run_after=2024-08-13T00:00:00+00:00
[2024-09-30 18:22:27,863] {processor.py:161} INFO - Processing /opt/airflow/dags/7.1-ExternalTaskSensor.py took 0.052 seconds
[2024-09-30 18:22:58,446] {processor.py:153} INFO - Started process (PID=11731) to work on /opt/airflow/dags/7.1-ExternalTaskSensor.py
[2024-09-30 18:22:58,447] {processor.py:641} INFO - Processing file /opt/airflow/dags/7.1-ExternalTaskSensor.py for tasks to queue
[2024-09-30 18:22:58,447] {logging_mixin.py:115} INFO - [2024-09-30 18:22:58,447] {dagbag.py:508} INFO - Filling up the DagBag from /opt/airflow/dags/7.1-ExternalTaskSensor.py
[2024-09-30 18:22:58,454] {processor.py:651} INFO - DAG(s) dict_keys(['7.1-ExternalTaskSensor']) retrieved from /opt/airflow/dags/7.1-ExternalTaskSensor.py
[2024-09-30 18:22:58,473] {logging_mixin.py:115} INFO - [2024-09-30 18:22:58,473] {dag.py:2420} INFO - Sync 1 DAGs
[2024-09-30 18:22:58,489] {logging_mixin.py:115} INFO - [2024-09-30 18:22:58,489] {dag.py:2972} INFO - Setting next_dagrun for 7.1-ExternalTaskSensor to 2024-08-12T00:00:00+00:00, run_after=2024-08-13T00:00:00+00:00
[2024-09-30 18:22:58,497] {processor.py:161} INFO - Processing /opt/airflow/dags/7.1-ExternalTaskSensor.py took 0.054 seconds
[2024-09-30 18:23:29,019] {processor.py:153} INFO - Started process (PID=11772) to work on /opt/airflow/dags/7.1-ExternalTaskSensor.py
[2024-09-30 18:23:29,019] {processor.py:641} INFO - Processing file /opt/airflow/dags/7.1-ExternalTaskSensor.py for tasks to queue
[2024-09-30 18:23:29,020] {logging_mixin.py:115} INFO - [2024-09-30 18:23:29,020] {dagbag.py:508} INFO - Filling up the DagBag from /opt/airflow/dags/7.1-ExternalTaskSensor.py
[2024-09-30 18:23:29,027] {processor.py:651} INFO - DAG(s) dict_keys(['7.1-ExternalTaskSensor']) retrieved from /opt/airflow/dags/7.1-ExternalTaskSensor.py
[2024-09-30 18:23:29,045] {logging_mixin.py:115} INFO - [2024-09-30 18:23:29,045] {dag.py:2420} INFO - Sync 1 DAGs
[2024-09-30 18:23:29,061] {logging_mixin.py:115} INFO - [2024-09-30 18:23:29,061] {dag.py:2972} INFO - Setting next_dagrun for 7.1-ExternalTaskSensor to 2024-08-12T00:00:00+00:00, run_after=2024-08-13T00:00:00+00:00
[2024-09-30 18:23:29,069] {processor.py:161} INFO - Processing /opt/airflow/dags/7.1-ExternalTaskSensor.py took 0.054 seconds
[2024-09-30 18:23:59,596] {processor.py:153} INFO - Started process (PID=11813) to work on /opt/airflow/dags/7.1-ExternalTaskSensor.py
[2024-09-30 18:23:59,596] {processor.py:641} INFO - Processing file /opt/airflow/dags/7.1-ExternalTaskSensor.py for tasks to queue
[2024-09-30 18:23:59,596] {logging_mixin.py:115} INFO - [2024-09-30 18:23:59,596] {dagbag.py:508} INFO - Filling up the DagBag from /opt/airflow/dags/7.1-ExternalTaskSensor.py
[2024-09-30 18:23:59,602] {processor.py:651} INFO - DAG(s) dict_keys(['7.1-ExternalTaskSensor']) retrieved from /opt/airflow/dags/7.1-ExternalTaskSensor.py
[2024-09-30 18:23:59,619] {logging_mixin.py:115} INFO - [2024-09-30 18:23:59,619] {dag.py:2420} INFO - Sync 1 DAGs
[2024-09-30 18:23:59,638] {logging_mixin.py:115} INFO - [2024-09-30 18:23:59,638] {dag.py:2972} INFO - Setting next_dagrun for 7.1-ExternalTaskSensor to 2024-08-12T00:00:00+00:00, run_after=2024-08-13T00:00:00+00:00
[2024-09-30 18:23:59,648] {processor.py:161} INFO - Processing /opt/airflow/dags/7.1-ExternalTaskSensor.py took 0.055 seconds
[2024-09-30 18:24:30,150] {processor.py:153} INFO - Started process (PID=11854) to work on /opt/airflow/dags/7.1-ExternalTaskSensor.py
[2024-09-30 18:24:30,150] {processor.py:641} INFO - Processing file /opt/airflow/dags/7.1-ExternalTaskSensor.py for tasks to queue
[2024-09-30 18:24:30,151] {logging_mixin.py:115} INFO - [2024-09-30 18:24:30,151] {dagbag.py:508} INFO - Filling up the DagBag from /opt/airflow/dags/7.1-ExternalTaskSensor.py
[2024-09-30 18:24:30,160] {processor.py:651} INFO - DAG(s) dict_keys(['7.1-ExternalTaskSensor']) retrieved from /opt/airflow/dags/7.1-ExternalTaskSensor.py
[2024-09-30 18:24:30,177] {logging_mixin.py:115} INFO - [2024-09-30 18:24:30,176] {dag.py:2420} INFO - Sync 1 DAGs
[2024-09-30 18:24:30,191] {logging_mixin.py:115} INFO - [2024-09-30 18:24:30,191] {dag.py:2972} INFO - Setting next_dagrun for 7.1-ExternalTaskSensor to 2024-08-12T00:00:00+00:00, run_after=2024-08-13T00:00:00+00:00
[2024-09-30 18:24:30,199] {processor.py:161} INFO - Processing /opt/airflow/dags/7.1-ExternalTaskSensor.py took 0.052 seconds
[2024-09-30 18:25:00,736] {processor.py:153} INFO - Started process (PID=11886) to work on /opt/airflow/dags/7.1-ExternalTaskSensor.py
[2024-09-30 18:25:00,736] {processor.py:641} INFO - Processing file /opt/airflow/dags/7.1-ExternalTaskSensor.py for tasks to queue
[2024-09-30 18:25:00,737] {logging_mixin.py:115} INFO - [2024-09-30 18:25:00,737] {dagbag.py:508} INFO - Filling up the DagBag from /opt/airflow/dags/7.1-ExternalTaskSensor.py
[2024-09-30 18:25:00,743] {processor.py:651} INFO - DAG(s) dict_keys(['7.1-ExternalTaskSensor']) retrieved from /opt/airflow/dags/7.1-ExternalTaskSensor.py
[2024-09-30 18:25:00,759] {logging_mixin.py:115} INFO - [2024-09-30 18:25:00,759] {dag.py:2420} INFO - Sync 1 DAGs
[2024-09-30 18:25:00,774] {logging_mixin.py:115} INFO - [2024-09-30 18:25:00,773] {dag.py:2972} INFO - Setting next_dagrun for 7.1-ExternalTaskSensor to 2024-08-12T00:00:00+00:00, run_after=2024-08-13T00:00:00+00:00
[2024-09-30 18:25:00,781] {processor.py:161} INFO - Processing /opt/airflow/dags/7.1-ExternalTaskSensor.py took 0.047 seconds
[2024-09-30 18:25:31,328] {processor.py:153} INFO - Started process (PID=11927) to work on /opt/airflow/dags/7.1-ExternalTaskSensor.py
[2024-09-30 18:25:31,328] {processor.py:641} INFO - Processing file /opt/airflow/dags/7.1-ExternalTaskSensor.py for tasks to queue
[2024-09-30 18:25:31,328] {logging_mixin.py:115} INFO - [2024-09-30 18:25:31,328] {dagbag.py:508} INFO - Filling up the DagBag from /opt/airflow/dags/7.1-ExternalTaskSensor.py
[2024-09-30 18:25:31,336] {processor.py:651} INFO - DAG(s) dict_keys(['7.1-ExternalTaskSensor']) retrieved from /opt/airflow/dags/7.1-ExternalTaskSensor.py
[2024-09-30 18:25:31,353] {logging_mixin.py:115} INFO - [2024-09-30 18:25:31,353] {dag.py:2420} INFO - Sync 1 DAGs
[2024-09-30 18:25:31,368] {logging_mixin.py:115} INFO - [2024-09-30 18:25:31,368] {dag.py:2972} INFO - Setting next_dagrun for 7.1-ExternalTaskSensor to 2024-08-12T00:00:00+00:00, run_after=2024-08-13T00:00:00+00:00
[2024-09-30 18:25:31,375] {processor.py:161} INFO - Processing /opt/airflow/dags/7.1-ExternalTaskSensor.py took 0.050 seconds
[2024-09-30 18:26:01,895] {processor.py:153} INFO - Started process (PID=11968) to work on /opt/airflow/dags/7.1-ExternalTaskSensor.py
[2024-09-30 18:26:01,895] {processor.py:641} INFO - Processing file /opt/airflow/dags/7.1-ExternalTaskSensor.py for tasks to queue
[2024-09-30 18:26:01,896] {logging_mixin.py:115} INFO - [2024-09-30 18:26:01,896] {dagbag.py:508} INFO - Filling up the DagBag from /opt/airflow/dags/7.1-ExternalTaskSensor.py
[2024-09-30 18:26:01,902] {processor.py:651} INFO - DAG(s) dict_keys(['7.1-ExternalTaskSensor']) retrieved from /opt/airflow/dags/7.1-ExternalTaskSensor.py
[2024-09-30 18:26:01,920] {logging_mixin.py:115} INFO - [2024-09-30 18:26:01,920] {dag.py:2420} INFO - Sync 1 DAGs
[2024-09-30 18:26:01,936] {logging_mixin.py:115} INFO - [2024-09-30 18:26:01,935] {dag.py:2972} INFO - Setting next_dagrun for 7.1-ExternalTaskSensor to 2024-08-12T00:00:00+00:00, run_after=2024-08-13T00:00:00+00:00
[2024-09-30 18:26:01,944] {processor.py:161} INFO - Processing /opt/airflow/dags/7.1-ExternalTaskSensor.py took 0.051 seconds
[2024-09-30 18:26:32,406] {processor.py:153} INFO - Started process (PID=12009) to work on /opt/airflow/dags/7.1-ExternalTaskSensor.py
[2024-09-30 18:26:32,406] {processor.py:641} INFO - Processing file /opt/airflow/dags/7.1-ExternalTaskSensor.py for tasks to queue
[2024-09-30 18:26:32,407] {logging_mixin.py:115} INFO - [2024-09-30 18:26:32,407] {dagbag.py:508} INFO - Filling up the DagBag from /opt/airflow/dags/7.1-ExternalTaskSensor.py
[2024-09-30 18:26:32,412] {processor.py:651} INFO - DAG(s) dict_keys(['7.1-ExternalTaskSensor']) retrieved from /opt/airflow/dags/7.1-ExternalTaskSensor.py
[2024-09-30 18:26:32,432] {logging_mixin.py:115} INFO - [2024-09-30 18:26:32,432] {dag.py:2420} INFO - Sync 1 DAGs
[2024-09-30 18:26:32,452] {logging_mixin.py:115} INFO - [2024-09-30 18:26:32,451] {dag.py:2972} INFO - Setting next_dagrun for 7.1-ExternalTaskSensor to 2024-08-12T00:00:00+00:00, run_after=2024-08-13T00:00:00+00:00
[2024-09-30 18:26:32,459] {processor.py:161} INFO - Processing /opt/airflow/dags/7.1-ExternalTaskSensor.py took 0.055 seconds
[2024-09-30 18:27:02,970] {processor.py:153} INFO - Started process (PID=12050) to work on /opt/airflow/dags/7.1-ExternalTaskSensor.py
[2024-09-30 18:27:02,971] {processor.py:641} INFO - Processing file /opt/airflow/dags/7.1-ExternalTaskSensor.py for tasks to queue
[2024-09-30 18:27:02,971] {logging_mixin.py:115} INFO - [2024-09-30 18:27:02,971] {dagbag.py:508} INFO - Filling up the DagBag from /opt/airflow/dags/7.1-ExternalTaskSensor.py
[2024-09-30 18:27:02,978] {processor.py:651} INFO - DAG(s) dict_keys(['7.1-ExternalTaskSensor']) retrieved from /opt/airflow/dags/7.1-ExternalTaskSensor.py
[2024-09-30 18:27:02,995] {logging_mixin.py:115} INFO - [2024-09-30 18:27:02,995] {dag.py:2420} INFO - Sync 1 DAGs
[2024-09-30 18:27:03,011] {logging_mixin.py:115} INFO - [2024-09-30 18:27:03,011] {dag.py:2972} INFO - Setting next_dagrun for 7.1-ExternalTaskSensor to 2024-08-12T00:00:00+00:00, run_after=2024-08-13T00:00:00+00:00
[2024-09-30 18:27:03,020] {processor.py:161} INFO - Processing /opt/airflow/dags/7.1-ExternalTaskSensor.py took 0.053 seconds
[2024-09-30 18:27:33,536] {processor.py:153} INFO - Started process (PID=12082) to work on /opt/airflow/dags/7.1-ExternalTaskSensor.py
[2024-09-30 18:27:33,537] {processor.py:641} INFO - Processing file /opt/airflow/dags/7.1-ExternalTaskSensor.py for tasks to queue
[2024-09-30 18:27:33,538] {logging_mixin.py:115} INFO - [2024-09-30 18:27:33,538] {dagbag.py:508} INFO - Filling up the DagBag from /opt/airflow/dags/7.1-ExternalTaskSensor.py
[2024-09-30 18:27:33,544] {processor.py:651} INFO - DAG(s) dict_keys(['7.1-ExternalTaskSensor']) retrieved from /opt/airflow/dags/7.1-ExternalTaskSensor.py
[2024-09-30 18:27:33,561] {logging_mixin.py:115} INFO - [2024-09-30 18:27:33,561] {dag.py:2420} INFO - Sync 1 DAGs
[2024-09-30 18:27:33,576] {logging_mixin.py:115} INFO - [2024-09-30 18:27:33,576] {dag.py:2972} INFO - Setting next_dagrun for 7.1-ExternalTaskSensor to 2024-08-12T00:00:00+00:00, run_after=2024-08-13T00:00:00+00:00
[2024-09-30 18:27:33,584] {processor.py:161} INFO - Processing /opt/airflow/dags/7.1-ExternalTaskSensor.py took 0.051 seconds
[2024-09-30 18:28:04,091] {processor.py:153} INFO - Started process (PID=12123) to work on /opt/airflow/dags/7.1-ExternalTaskSensor.py
[2024-09-30 18:28:04,091] {processor.py:641} INFO - Processing file /opt/airflow/dags/7.1-ExternalTaskSensor.py for tasks to queue
[2024-09-30 18:28:04,092] {logging_mixin.py:115} INFO - [2024-09-30 18:28:04,092] {dagbag.py:508} INFO - Filling up the DagBag from /opt/airflow/dags/7.1-ExternalTaskSensor.py
[2024-09-30 18:28:04,097] {processor.py:651} INFO - DAG(s) dict_keys(['7.1-ExternalTaskSensor']) retrieved from /opt/airflow/dags/7.1-ExternalTaskSensor.py
[2024-09-30 18:28:04,113] {logging_mixin.py:115} INFO - [2024-09-30 18:28:04,112] {dag.py:2420} INFO - Sync 1 DAGs
[2024-09-30 18:28:04,127] {logging_mixin.py:115} INFO - [2024-09-30 18:28:04,127] {dag.py:2972} INFO - Setting next_dagrun for 7.1-ExternalTaskSensor to 2024-08-12T00:00:00+00:00, run_after=2024-08-13T00:00:00+00:00
[2024-09-30 18:28:04,135] {processor.py:161} INFO - Processing /opt/airflow/dags/7.1-ExternalTaskSensor.py took 0.045 seconds
[2024-09-30 18:28:34,655] {processor.py:153} INFO - Started process (PID=12164) to work on /opt/airflow/dags/7.1-ExternalTaskSensor.py
[2024-09-30 18:28:34,655] {processor.py:641} INFO - Processing file /opt/airflow/dags/7.1-ExternalTaskSensor.py for tasks to queue
[2024-09-30 18:28:34,656] {logging_mixin.py:115} INFO - [2024-09-30 18:28:34,656] {dagbag.py:508} INFO - Filling up the DagBag from /opt/airflow/dags/7.1-ExternalTaskSensor.py
[2024-09-30 18:28:34,662] {processor.py:651} INFO - DAG(s) dict_keys(['7.1-ExternalTaskSensor']) retrieved from /opt/airflow/dags/7.1-ExternalTaskSensor.py
[2024-09-30 18:28:34,689] {logging_mixin.py:115} INFO - [2024-09-30 18:28:34,689] {dag.py:2420} INFO - Sync 1 DAGs
[2024-09-30 18:28:34,708] {logging_mixin.py:115} INFO - [2024-09-30 18:28:34,708] {dag.py:2972} INFO - Setting next_dagrun for 7.1-ExternalTaskSensor to 2024-08-12T00:00:00+00:00, run_after=2024-08-13T00:00:00+00:00
[2024-09-30 18:28:34,716] {processor.py:161} INFO - Processing /opt/airflow/dags/7.1-ExternalTaskSensor.py took 0.063 seconds
[2024-09-30 18:29:05,218] {processor.py:153} INFO - Started process (PID=12205) to work on /opt/airflow/dags/7.1-ExternalTaskSensor.py
[2024-09-30 18:29:05,219] {processor.py:641} INFO - Processing file /opt/airflow/dags/7.1-ExternalTaskSensor.py for tasks to queue
[2024-09-30 18:29:05,219] {logging_mixin.py:115} INFO - [2024-09-30 18:29:05,219] {dagbag.py:508} INFO - Filling up the DagBag from /opt/airflow/dags/7.1-ExternalTaskSensor.py
[2024-09-30 18:29:05,225] {processor.py:651} INFO - DAG(s) dict_keys(['7.1-ExternalTaskSensor']) retrieved from /opt/airflow/dags/7.1-ExternalTaskSensor.py
[2024-09-30 18:29:05,243] {logging_mixin.py:115} INFO - [2024-09-30 18:29:05,243] {dag.py:2420} INFO - Sync 1 DAGs
[2024-09-30 18:29:05,260] {logging_mixin.py:115} INFO - [2024-09-30 18:29:05,259] {dag.py:2972} INFO - Setting next_dagrun for 7.1-ExternalTaskSensor to 2024-08-12T00:00:00+00:00, run_after=2024-08-13T00:00:00+00:00
[2024-09-30 18:29:05,268] {processor.py:161} INFO - Processing /opt/airflow/dags/7.1-ExternalTaskSensor.py took 0.052 seconds
[2024-09-30 18:29:35,752] {processor.py:153} INFO - Started process (PID=12245) to work on /opt/airflow/dags/7.1-ExternalTaskSensor.py
[2024-09-30 18:29:35,752] {processor.py:641} INFO - Processing file /opt/airflow/dags/7.1-ExternalTaskSensor.py for tasks to queue
[2024-09-30 18:29:35,752] {logging_mixin.py:115} INFO - [2024-09-30 18:29:35,752] {dagbag.py:508} INFO - Filling up the DagBag from /opt/airflow/dags/7.1-ExternalTaskSensor.py
[2024-09-30 18:29:35,758] {processor.py:651} INFO - DAG(s) dict_keys(['7.1-ExternalTaskSensor']) retrieved from /opt/airflow/dags/7.1-ExternalTaskSensor.py
[2024-09-30 18:29:35,774] {logging_mixin.py:115} INFO - [2024-09-30 18:29:35,774] {dag.py:2420} INFO - Sync 1 DAGs
[2024-09-30 18:29:35,789] {logging_mixin.py:115} INFO - [2024-09-30 18:29:35,789] {dag.py:2972} INFO - Setting next_dagrun for 7.1-ExternalTaskSensor to 2024-08-12T00:00:00+00:00, run_after=2024-08-13T00:00:00+00:00
[2024-09-30 18:29:35,796] {processor.py:161} INFO - Processing /opt/airflow/dags/7.1-ExternalTaskSensor.py took 0.047 seconds
[2024-09-30 18:30:06,352] {processor.py:153} INFO - Started process (PID=12284) to work on /opt/airflow/dags/7.1-ExternalTaskSensor.py
[2024-09-30 18:30:06,352] {processor.py:641} INFO - Processing file /opt/airflow/dags/7.1-ExternalTaskSensor.py for tasks to queue
[2024-09-30 18:30:06,353] {logging_mixin.py:115} INFO - [2024-09-30 18:30:06,353] {dagbag.py:508} INFO - Filling up the DagBag from /opt/airflow/dags/7.1-ExternalTaskSensor.py
[2024-09-30 18:30:06,360] {processor.py:651} INFO - DAG(s) dict_keys(['7.1-ExternalTaskSensor']) retrieved from /opt/airflow/dags/7.1-ExternalTaskSensor.py
[2024-09-30 18:30:06,380] {logging_mixin.py:115} INFO - [2024-09-30 18:30:06,380] {dag.py:2420} INFO - Sync 1 DAGs
[2024-09-30 18:30:06,399] {logging_mixin.py:115} INFO - [2024-09-30 18:30:06,399] {dag.py:2972} INFO - Setting next_dagrun for 7.1-ExternalTaskSensor to 2024-08-12T00:00:00+00:00, run_after=2024-08-13T00:00:00+00:00
[2024-09-30 18:30:06,410] {processor.py:161} INFO - Processing /opt/airflow/dags/7.1-ExternalTaskSensor.py took 0.060 seconds
[2024-09-30 18:30:36,875] {processor.py:153} INFO - Started process (PID=12318) to work on /opt/airflow/dags/7.1-ExternalTaskSensor.py
[2024-09-30 18:30:36,876] {processor.py:641} INFO - Processing file /opt/airflow/dags/7.1-ExternalTaskSensor.py for tasks to queue
[2024-09-30 18:30:36,876] {logging_mixin.py:115} INFO - [2024-09-30 18:30:36,876] {dagbag.py:508} INFO - Filling up the DagBag from /opt/airflow/dags/7.1-ExternalTaskSensor.py
[2024-09-30 18:30:36,882] {processor.py:651} INFO - DAG(s) dict_keys(['7.1-ExternalTaskSensor']) retrieved from /opt/airflow/dags/7.1-ExternalTaskSensor.py
[2024-09-30 18:30:36,899] {logging_mixin.py:115} INFO - [2024-09-30 18:30:36,899] {dag.py:2420} INFO - Sync 1 DAGs
[2024-09-30 18:30:36,915] {logging_mixin.py:115} INFO - [2024-09-30 18:30:36,915] {dag.py:2972} INFO - Setting next_dagrun for 7.1-ExternalTaskSensor to 2024-08-12T00:00:00+00:00, run_after=2024-08-13T00:00:00+00:00
[2024-09-30 18:30:36,923] {processor.py:161} INFO - Processing /opt/airflow/dags/7.1-ExternalTaskSensor.py took 0.050 seconds
[2024-09-30 18:31:07,414] {processor.py:153} INFO - Started process (PID=12358) to work on /opt/airflow/dags/7.1-ExternalTaskSensor.py
[2024-09-30 18:31:07,414] {processor.py:641} INFO - Processing file /opt/airflow/dags/7.1-ExternalTaskSensor.py for tasks to queue
[2024-09-30 18:31:07,415] {logging_mixin.py:115} INFO - [2024-09-30 18:31:07,415] {dagbag.py:508} INFO - Filling up the DagBag from /opt/airflow/dags/7.1-ExternalTaskSensor.py
[2024-09-30 18:31:07,421] {processor.py:651} INFO - DAG(s) dict_keys(['7.1-ExternalTaskSensor']) retrieved from /opt/airflow/dags/7.1-ExternalTaskSensor.py
[2024-09-30 18:31:07,440] {logging_mixin.py:115} INFO - [2024-09-30 18:31:07,440] {dag.py:2420} INFO - Sync 1 DAGs
[2024-09-30 18:31:07,456] {logging_mixin.py:115} INFO - [2024-09-30 18:31:07,456] {dag.py:2972} INFO - Setting next_dagrun for 7.1-ExternalTaskSensor to 2024-08-12T00:00:00+00:00, run_after=2024-08-13T00:00:00+00:00
[2024-09-30 18:31:07,465] {processor.py:161} INFO - Processing /opt/airflow/dags/7.1-ExternalTaskSensor.py took 0.054 seconds
[2024-09-30 18:31:38,000] {processor.py:153} INFO - Started process (PID=12398) to work on /opt/airflow/dags/7.1-ExternalTaskSensor.py
[2024-09-30 18:31:38,000] {processor.py:641} INFO - Processing file /opt/airflow/dags/7.1-ExternalTaskSensor.py for tasks to queue
[2024-09-30 18:31:38,001] {logging_mixin.py:115} INFO - [2024-09-30 18:31:38,000] {dagbag.py:508} INFO - Filling up the DagBag from /opt/airflow/dags/7.1-ExternalTaskSensor.py
[2024-09-30 18:31:38,007] {processor.py:651} INFO - DAG(s) dict_keys(['7.1-ExternalTaskSensor']) retrieved from /opt/airflow/dags/7.1-ExternalTaskSensor.py
[2024-09-30 18:31:38,026] {logging_mixin.py:115} INFO - [2024-09-30 18:31:38,026] {dag.py:2420} INFO - Sync 1 DAGs
[2024-09-30 18:31:38,042] {logging_mixin.py:115} INFO - [2024-09-30 18:31:38,042] {dag.py:2972} INFO - Setting next_dagrun for 7.1-ExternalTaskSensor to 2024-08-12T00:00:00+00:00, run_after=2024-08-13T00:00:00+00:00
[2024-09-30 18:31:38,052] {processor.py:161} INFO - Processing /opt/airflow/dags/7.1-ExternalTaskSensor.py took 0.054 seconds
[2024-09-30 18:32:08,594] {processor.py:153} INFO - Started process (PID=12439) to work on /opt/airflow/dags/7.1-ExternalTaskSensor.py
[2024-09-30 18:32:08,595] {processor.py:641} INFO - Processing file /opt/airflow/dags/7.1-ExternalTaskSensor.py for tasks to queue
[2024-09-30 18:32:08,595] {logging_mixin.py:115} INFO - [2024-09-30 18:32:08,595] {dagbag.py:508} INFO - Filling up the DagBag from /opt/airflow/dags/7.1-ExternalTaskSensor.py
[2024-09-30 18:32:08,602] {processor.py:651} INFO - DAG(s) dict_keys(['7.1-ExternalTaskSensor']) retrieved from /opt/airflow/dags/7.1-ExternalTaskSensor.py
[2024-09-30 18:32:08,621] {logging_mixin.py:115} INFO - [2024-09-30 18:32:08,621] {dag.py:2420} INFO - Sync 1 DAGs
[2024-09-30 18:32:08,636] {logging_mixin.py:115} INFO - [2024-09-30 18:32:08,636] {dag.py:2972} INFO - Setting next_dagrun for 7.1-ExternalTaskSensor to 2024-08-12T00:00:00+00:00, run_after=2024-08-13T00:00:00+00:00
[2024-09-30 18:32:08,645] {processor.py:161} INFO - Processing /opt/airflow/dags/7.1-ExternalTaskSensor.py took 0.053 seconds
[2024-09-30 18:32:39,156] {processor.py:153} INFO - Started process (PID=12478) to work on /opt/airflow/dags/7.1-ExternalTaskSensor.py
[2024-09-30 18:32:39,157] {processor.py:641} INFO - Processing file /opt/airflow/dags/7.1-ExternalTaskSensor.py for tasks to queue
[2024-09-30 18:32:39,158] {logging_mixin.py:115} INFO - [2024-09-30 18:32:39,158] {dagbag.py:508} INFO - Filling up the DagBag from /opt/airflow/dags/7.1-ExternalTaskSensor.py
[2024-09-30 18:32:39,164] {processor.py:651} INFO - DAG(s) dict_keys(['7.1-ExternalTaskSensor']) retrieved from /opt/airflow/dags/7.1-ExternalTaskSensor.py
[2024-09-30 18:32:39,185] {logging_mixin.py:115} INFO - [2024-09-30 18:32:39,185] {dag.py:2420} INFO - Sync 1 DAGs
[2024-09-30 18:32:39,201] {logging_mixin.py:115} INFO - [2024-09-30 18:32:39,201] {dag.py:2972} INFO - Setting next_dagrun for 7.1-ExternalTaskSensor to 2024-08-12T00:00:00+00:00, run_after=2024-08-13T00:00:00+00:00
[2024-09-30 18:32:39,210] {processor.py:161} INFO - Processing /opt/airflow/dags/7.1-ExternalTaskSensor.py took 0.056 seconds
[2024-09-30 18:33:09,715] {processor.py:153} INFO - Started process (PID=12510) to work on /opt/airflow/dags/7.1-ExternalTaskSensor.py
[2024-09-30 18:33:09,716] {processor.py:641} INFO - Processing file /opt/airflow/dags/7.1-ExternalTaskSensor.py for tasks to queue
[2024-09-30 18:33:09,716] {logging_mixin.py:115} INFO - [2024-09-30 18:33:09,716] {dagbag.py:508} INFO - Filling up the DagBag from /opt/airflow/dags/7.1-ExternalTaskSensor.py
[2024-09-30 18:33:09,723] {processor.py:651} INFO - DAG(s) dict_keys(['7.1-ExternalTaskSensor']) retrieved from /opt/airflow/dags/7.1-ExternalTaskSensor.py
[2024-09-30 18:33:09,742] {logging_mixin.py:115} INFO - [2024-09-30 18:33:09,741] {dag.py:2420} INFO - Sync 1 DAGs
[2024-09-30 18:33:09,759] {logging_mixin.py:115} INFO - [2024-09-30 18:33:09,759] {dag.py:2972} INFO - Setting next_dagrun for 7.1-ExternalTaskSensor to 2024-08-12T00:00:00+00:00, run_after=2024-08-13T00:00:00+00:00
[2024-09-30 18:33:09,768] {processor.py:161} INFO - Processing /opt/airflow/dags/7.1-ExternalTaskSensor.py took 0.056 seconds
[2024-09-30 18:33:40,363] {processor.py:153} INFO - Started process (PID=12551) to work on /opt/airflow/dags/7.1-ExternalTaskSensor.py
[2024-09-30 18:33:40,364] {processor.py:641} INFO - Processing file /opt/airflow/dags/7.1-ExternalTaskSensor.py for tasks to queue
[2024-09-30 18:33:40,364] {logging_mixin.py:115} INFO - [2024-09-30 18:33:40,364] {dagbag.py:508} INFO - Filling up the DagBag from /opt/airflow/dags/7.1-ExternalTaskSensor.py
[2024-09-30 18:33:40,370] {processor.py:651} INFO - DAG(s) dict_keys(['7.1-ExternalTaskSensor']) retrieved from /opt/airflow/dags/7.1-ExternalTaskSensor.py
[2024-09-30 18:33:40,393] {logging_mixin.py:115} INFO - [2024-09-30 18:33:40,393] {dag.py:2420} INFO - Sync 1 DAGs
[2024-09-30 18:33:40,410] {logging_mixin.py:115} INFO - [2024-09-30 18:33:40,410] {dag.py:2972} INFO - Setting next_dagrun for 7.1-ExternalTaskSensor to 2024-08-12T00:00:00+00:00, run_after=2024-08-13T00:00:00+00:00
[2024-09-30 18:33:40,420] {processor.py:161} INFO - Processing /opt/airflow/dags/7.1-ExternalTaskSensor.py took 0.060 seconds
[2024-09-30 18:34:11,029] {processor.py:153} INFO - Started process (PID=12592) to work on /opt/airflow/dags/7.1-ExternalTaskSensor.py
[2024-09-30 18:34:11,029] {processor.py:641} INFO - Processing file /opt/airflow/dags/7.1-ExternalTaskSensor.py for tasks to queue
[2024-09-30 18:34:11,030] {logging_mixin.py:115} INFO - [2024-09-30 18:34:11,030] {dagbag.py:508} INFO - Filling up the DagBag from /opt/airflow/dags/7.1-ExternalTaskSensor.py
[2024-09-30 18:34:11,036] {processor.py:651} INFO - DAG(s) dict_keys(['7.1-ExternalTaskSensor']) retrieved from /opt/airflow/dags/7.1-ExternalTaskSensor.py
[2024-09-30 18:34:11,058] {logging_mixin.py:115} INFO - [2024-09-30 18:34:11,057] {dag.py:2420} INFO - Sync 1 DAGs
[2024-09-30 18:34:11,076] {logging_mixin.py:115} INFO - [2024-09-30 18:34:11,076] {dag.py:2972} INFO - Setting next_dagrun for 7.1-ExternalTaskSensor to 2024-08-12T00:00:00+00:00, run_after=2024-08-13T00:00:00+00:00
[2024-09-30 18:34:11,086] {processor.py:161} INFO - Processing /opt/airflow/dags/7.1-ExternalTaskSensor.py took 0.060 seconds
[2024-09-30 18:34:41,577] {processor.py:153} INFO - Started process (PID=12633) to work on /opt/airflow/dags/7.1-ExternalTaskSensor.py
[2024-09-30 18:34:41,578] {processor.py:641} INFO - Processing file /opt/airflow/dags/7.1-ExternalTaskSensor.py for tasks to queue
[2024-09-30 18:34:41,578] {logging_mixin.py:115} INFO - [2024-09-30 18:34:41,578] {dagbag.py:508} INFO - Filling up the DagBag from /opt/airflow/dags/7.1-ExternalTaskSensor.py
[2024-09-30 18:34:41,584] {processor.py:651} INFO - DAG(s) dict_keys(['7.1-ExternalTaskSensor']) retrieved from /opt/airflow/dags/7.1-ExternalTaskSensor.py
[2024-09-30 18:34:41,600] {logging_mixin.py:115} INFO - [2024-09-30 18:34:41,600] {dag.py:2420} INFO - Sync 1 DAGs
[2024-09-30 18:34:41,615] {logging_mixin.py:115} INFO - [2024-09-30 18:34:41,615] {dag.py:2972} INFO - Setting next_dagrun for 7.1-ExternalTaskSensor to 2024-08-12T00:00:00+00:00, run_after=2024-08-13T00:00:00+00:00
[2024-09-30 18:34:41,624] {processor.py:161} INFO - Processing /opt/airflow/dags/7.1-ExternalTaskSensor.py took 0.049 seconds
[2024-09-30 18:35:12,161] {processor.py:153} INFO - Started process (PID=12674) to work on /opt/airflow/dags/7.1-ExternalTaskSensor.py
[2024-09-30 18:35:12,162] {processor.py:641} INFO - Processing file /opt/airflow/dags/7.1-ExternalTaskSensor.py for tasks to queue
[2024-09-30 18:35:12,163] {logging_mixin.py:115} INFO - [2024-09-30 18:35:12,163] {dagbag.py:508} INFO - Filling up the DagBag from /opt/airflow/dags/7.1-ExternalTaskSensor.py
[2024-09-30 18:35:12,171] {processor.py:651} INFO - DAG(s) dict_keys(['7.1-ExternalTaskSensor']) retrieved from /opt/airflow/dags/7.1-ExternalTaskSensor.py
[2024-09-30 18:35:12,191] {logging_mixin.py:115} INFO - [2024-09-30 18:35:12,191] {dag.py:2420} INFO - Sync 1 DAGs
[2024-09-30 18:35:12,209] {logging_mixin.py:115} INFO - [2024-09-30 18:35:12,209] {dag.py:2972} INFO - Setting next_dagrun for 7.1-ExternalTaskSensor to 2024-08-12T00:00:00+00:00, run_after=2024-08-13T00:00:00+00:00
[2024-09-30 18:35:12,233] {processor.py:161} INFO - Processing /opt/airflow/dags/7.1-ExternalTaskSensor.py took 0.074 seconds
[2024-09-30 18:35:42,720] {processor.py:153} INFO - Started process (PID=12706) to work on /opt/airflow/dags/7.1-ExternalTaskSensor.py
[2024-09-30 18:35:42,720] {processor.py:641} INFO - Processing file /opt/airflow/dags/7.1-ExternalTaskSensor.py for tasks to queue
[2024-09-30 18:35:42,721] {logging_mixin.py:115} INFO - [2024-09-30 18:35:42,721] {dagbag.py:508} INFO - Filling up the DagBag from /opt/airflow/dags/7.1-ExternalTaskSensor.py
[2024-09-30 18:35:42,729] {processor.py:651} INFO - DAG(s) dict_keys(['7.1-ExternalTaskSensor']) retrieved from /opt/airflow/dags/7.1-ExternalTaskSensor.py
[2024-09-30 18:35:42,753] {logging_mixin.py:115} INFO - [2024-09-30 18:35:42,752] {dag.py:2420} INFO - Sync 1 DAGs
[2024-09-30 18:35:42,772] {logging_mixin.py:115} INFO - [2024-09-30 18:35:42,772] {dag.py:2972} INFO - Setting next_dagrun for 7.1-ExternalTaskSensor to 2024-08-12T00:00:00+00:00, run_after=2024-08-13T00:00:00+00:00
[2024-09-30 18:35:42,780] {processor.py:161} INFO - Processing /opt/airflow/dags/7.1-ExternalTaskSensor.py took 0.063 seconds
[2024-09-30 18:36:13,262] {processor.py:153} INFO - Started process (PID=12746) to work on /opt/airflow/dags/7.1-ExternalTaskSensor.py
[2024-09-30 18:36:13,262] {processor.py:641} INFO - Processing file /opt/airflow/dags/7.1-ExternalTaskSensor.py for tasks to queue
[2024-09-30 18:36:13,262] {logging_mixin.py:115} INFO - [2024-09-30 18:36:13,262] {dagbag.py:508} INFO - Filling up the DagBag from /opt/airflow/dags/7.1-ExternalTaskSensor.py
[2024-09-30 18:36:13,268] {processor.py:651} INFO - DAG(s) dict_keys(['7.1-ExternalTaskSensor']) retrieved from /opt/airflow/dags/7.1-ExternalTaskSensor.py
[2024-09-30 18:36:13,289] {logging_mixin.py:115} INFO - [2024-09-30 18:36:13,289] {dag.py:2420} INFO - Sync 1 DAGs
[2024-09-30 18:36:13,307] {logging_mixin.py:115} INFO - [2024-09-30 18:36:13,307] {dag.py:2972} INFO - Setting next_dagrun for 7.1-ExternalTaskSensor to 2024-08-12T00:00:00+00:00, run_after=2024-08-13T00:00:00+00:00
[2024-09-30 18:36:13,318] {processor.py:161} INFO - Processing /opt/airflow/dags/7.1-ExternalTaskSensor.py took 0.060 seconds
[2024-09-30 18:36:43,806] {processor.py:153} INFO - Started process (PID=12787) to work on /opt/airflow/dags/7.1-ExternalTaskSensor.py
[2024-09-30 18:36:43,807] {processor.py:641} INFO - Processing file /opt/airflow/dags/7.1-ExternalTaskSensor.py for tasks to queue
[2024-09-30 18:36:43,807] {logging_mixin.py:115} INFO - [2024-09-30 18:36:43,807] {dagbag.py:508} INFO - Filling up the DagBag from /opt/airflow/dags/7.1-ExternalTaskSensor.py
[2024-09-30 18:36:43,814] {processor.py:651} INFO - DAG(s) dict_keys(['7.1-ExternalTaskSensor']) retrieved from /opt/airflow/dags/7.1-ExternalTaskSensor.py
[2024-09-30 18:36:43,833] {logging_mixin.py:115} INFO - [2024-09-30 18:36:43,833] {dag.py:2420} INFO - Sync 1 DAGs
[2024-09-30 18:36:43,850] {logging_mixin.py:115} INFO - [2024-09-30 18:36:43,850] {dag.py:2972} INFO - Setting next_dagrun for 7.1-ExternalTaskSensor to 2024-08-12T00:00:00+00:00, run_after=2024-08-13T00:00:00+00:00
[2024-09-30 18:36:43,858] {processor.py:161} INFO - Processing /opt/airflow/dags/7.1-ExternalTaskSensor.py took 0.054 seconds
[2024-09-30 18:37:14,319] {processor.py:153} INFO - Started process (PID=12828) to work on /opt/airflow/dags/7.1-ExternalTaskSensor.py
[2024-09-30 18:37:14,320] {processor.py:641} INFO - Processing file /opt/airflow/dags/7.1-ExternalTaskSensor.py for tasks to queue
[2024-09-30 18:37:14,320] {logging_mixin.py:115} INFO - [2024-09-30 18:37:14,320] {dagbag.py:508} INFO - Filling up the DagBag from /opt/airflow/dags/7.1-ExternalTaskSensor.py
[2024-09-30 18:37:14,327] {processor.py:651} INFO - DAG(s) dict_keys(['7.1-ExternalTaskSensor']) retrieved from /opt/airflow/dags/7.1-ExternalTaskSensor.py
[2024-09-30 18:37:14,344] {logging_mixin.py:115} INFO - [2024-09-30 18:37:14,344] {dag.py:2420} INFO - Sync 1 DAGs
[2024-09-30 18:37:14,361] {logging_mixin.py:115} INFO - [2024-09-30 18:37:14,361] {dag.py:2972} INFO - Setting next_dagrun for 7.1-ExternalTaskSensor to 2024-08-12T00:00:00+00:00, run_after=2024-08-13T00:00:00+00:00
[2024-09-30 18:37:14,370] {processor.py:161} INFO - Processing /opt/airflow/dags/7.1-ExternalTaskSensor.py took 0.053 seconds
[2024-09-30 18:37:44,850] {processor.py:153} INFO - Started process (PID=12868) to work on /opt/airflow/dags/7.1-ExternalTaskSensor.py
[2024-09-30 18:37:44,851] {processor.py:641} INFO - Processing file /opt/airflow/dags/7.1-ExternalTaskSensor.py for tasks to queue
[2024-09-30 18:37:44,851] {logging_mixin.py:115} INFO - [2024-09-30 18:37:44,851] {dagbag.py:508} INFO - Filling up the DagBag from /opt/airflow/dags/7.1-ExternalTaskSensor.py
[2024-09-30 18:37:44,857] {processor.py:651} INFO - DAG(s) dict_keys(['7.1-ExternalTaskSensor']) retrieved from /opt/airflow/dags/7.1-ExternalTaskSensor.py
[2024-09-30 18:37:44,874] {logging_mixin.py:115} INFO - [2024-09-30 18:37:44,874] {dag.py:2420} INFO - Sync 1 DAGs
[2024-09-30 18:37:44,889] {logging_mixin.py:115} INFO - [2024-09-30 18:37:44,889] {dag.py:2972} INFO - Setting next_dagrun for 7.1-ExternalTaskSensor to 2024-08-12T00:00:00+00:00, run_after=2024-08-13T00:00:00+00:00
[2024-09-30 18:37:44,896] {processor.py:161} INFO - Processing /opt/airflow/dags/7.1-ExternalTaskSensor.py took 0.048 seconds
[2024-09-30 18:38:15,419] {processor.py:153} INFO - Started process (PID=12900) to work on /opt/airflow/dags/7.1-ExternalTaskSensor.py
[2024-09-30 18:38:15,420] {processor.py:641} INFO - Processing file /opt/airflow/dags/7.1-ExternalTaskSensor.py for tasks to queue
[2024-09-30 18:38:15,420] {logging_mixin.py:115} INFO - [2024-09-30 18:38:15,420] {dagbag.py:508} INFO - Filling up the DagBag from /opt/airflow/dags/7.1-ExternalTaskSensor.py
[2024-09-30 18:38:15,426] {processor.py:651} INFO - DAG(s) dict_keys(['7.1-ExternalTaskSensor']) retrieved from /opt/airflow/dags/7.1-ExternalTaskSensor.py
[2024-09-30 18:38:15,444] {logging_mixin.py:115} INFO - [2024-09-30 18:38:15,444] {dag.py:2420} INFO - Sync 1 DAGs
[2024-09-30 18:38:15,459] {logging_mixin.py:115} INFO - [2024-09-30 18:38:15,459] {dag.py:2972} INFO - Setting next_dagrun for 7.1-ExternalTaskSensor to 2024-08-12T00:00:00+00:00, run_after=2024-08-13T00:00:00+00:00
[2024-09-30 18:38:15,467] {processor.py:161} INFO - Processing /opt/airflow/dags/7.1-ExternalTaskSensor.py took 0.050 seconds
[2024-09-30 18:38:45,999] {processor.py:153} INFO - Started process (PID=12941) to work on /opt/airflow/dags/7.1-ExternalTaskSensor.py
[2024-09-30 18:38:45,999] {processor.py:641} INFO - Processing file /opt/airflow/dags/7.1-ExternalTaskSensor.py for tasks to queue
[2024-09-30 18:38:46,000] {logging_mixin.py:115} INFO - [2024-09-30 18:38:46,000] {dagbag.py:508} INFO - Filling up the DagBag from /opt/airflow/dags/7.1-ExternalTaskSensor.py
[2024-09-30 18:38:46,005] {processor.py:651} INFO - DAG(s) dict_keys(['7.1-ExternalTaskSensor']) retrieved from /opt/airflow/dags/7.1-ExternalTaskSensor.py
[2024-09-30 18:38:46,021] {logging_mixin.py:115} INFO - [2024-09-30 18:38:46,021] {dag.py:2420} INFO - Sync 1 DAGs
[2024-09-30 18:38:46,038] {logging_mixin.py:115} INFO - [2024-09-30 18:38:46,038] {dag.py:2972} INFO - Setting next_dagrun for 7.1-ExternalTaskSensor to 2024-08-12T00:00:00+00:00, run_after=2024-08-13T00:00:00+00:00
[2024-09-30 18:38:46,045] {processor.py:161} INFO - Processing /opt/airflow/dags/7.1-ExternalTaskSensor.py took 0.048 seconds
[2024-09-30 18:39:16,541] {processor.py:153} INFO - Started process (PID=12982) to work on /opt/airflow/dags/7.1-ExternalTaskSensor.py
[2024-09-30 18:39:16,541] {processor.py:641} INFO - Processing file /opt/airflow/dags/7.1-ExternalTaskSensor.py for tasks to queue
[2024-09-30 18:39:16,542] {logging_mixin.py:115} INFO - [2024-09-30 18:39:16,542] {dagbag.py:508} INFO - Filling up the DagBag from /opt/airflow/dags/7.1-ExternalTaskSensor.py
[2024-09-30 18:39:16,549] {processor.py:651} INFO - DAG(s) dict_keys(['7.1-ExternalTaskSensor']) retrieved from /opt/airflow/dags/7.1-ExternalTaskSensor.py
[2024-09-30 18:39:16,566] {logging_mixin.py:115} INFO - [2024-09-30 18:39:16,566] {dag.py:2420} INFO - Sync 1 DAGs
[2024-09-30 18:39:16,582] {logging_mixin.py:115} INFO - [2024-09-30 18:39:16,582] {dag.py:2972} INFO - Setting next_dagrun for 7.1-ExternalTaskSensor to 2024-08-12T00:00:00+00:00, run_after=2024-08-13T00:00:00+00:00
[2024-09-30 18:39:16,590] {processor.py:161} INFO - Processing /opt/airflow/dags/7.1-ExternalTaskSensor.py took 0.051 seconds
[2024-09-30 18:39:47,031] {processor.py:153} INFO - Started process (PID=13023) to work on /opt/airflow/dags/7.1-ExternalTaskSensor.py
[2024-09-30 18:39:47,031] {processor.py:641} INFO - Processing file /opt/airflow/dags/7.1-ExternalTaskSensor.py for tasks to queue
[2024-09-30 18:39:47,031] {logging_mixin.py:115} INFO - [2024-09-30 18:39:47,031] {dagbag.py:508} INFO - Filling up the DagBag from /opt/airflow/dags/7.1-ExternalTaskSensor.py
[2024-09-30 18:39:47,038] {processor.py:651} INFO - DAG(s) dict_keys(['7.1-ExternalTaskSensor']) retrieved from /opt/airflow/dags/7.1-ExternalTaskSensor.py
[2024-09-30 18:39:47,055] {logging_mixin.py:115} INFO - [2024-09-30 18:39:47,055] {dag.py:2420} INFO - Sync 1 DAGs
[2024-09-30 18:39:47,069] {logging_mixin.py:115} INFO - [2024-09-30 18:39:47,069] {dag.py:2972} INFO - Setting next_dagrun for 7.1-ExternalTaskSensor to 2024-08-12T00:00:00+00:00, run_after=2024-08-13T00:00:00+00:00
[2024-09-30 18:39:47,076] {processor.py:161} INFO - Processing /opt/airflow/dags/7.1-ExternalTaskSensor.py took 0.048 seconds
[2024-09-30 18:40:17,587] {processor.py:153} INFO - Started process (PID=13064) to work on /opt/airflow/dags/7.1-ExternalTaskSensor.py
[2024-09-30 18:40:17,588] {processor.py:641} INFO - Processing file /opt/airflow/dags/7.1-ExternalTaskSensor.py for tasks to queue
[2024-09-30 18:40:17,588] {logging_mixin.py:115} INFO - [2024-09-30 18:40:17,588] {dagbag.py:508} INFO - Filling up the DagBag from /opt/airflow/dags/7.1-ExternalTaskSensor.py
[2024-09-30 18:40:17,594] {processor.py:651} INFO - DAG(s) dict_keys(['7.1-ExternalTaskSensor']) retrieved from /opt/airflow/dags/7.1-ExternalTaskSensor.py
[2024-09-30 18:40:17,610] {logging_mixin.py:115} INFO - [2024-09-30 18:40:17,610] {dag.py:2420} INFO - Sync 1 DAGs
[2024-09-30 18:40:17,625] {logging_mixin.py:115} INFO - [2024-09-30 18:40:17,624] {dag.py:2972} INFO - Setting next_dagrun for 7.1-ExternalTaskSensor to 2024-08-12T00:00:00+00:00, run_after=2024-08-13T00:00:00+00:00
[2024-09-30 18:40:17,632] {processor.py:161} INFO - Processing /opt/airflow/dags/7.1-ExternalTaskSensor.py took 0.047 seconds
[2024-09-30 18:40:48,138] {processor.py:153} INFO - Started process (PID=13096) to work on /opt/airflow/dags/7.1-ExternalTaskSensor.py
[2024-09-30 18:40:48,138] {processor.py:641} INFO - Processing file /opt/airflow/dags/7.1-ExternalTaskSensor.py for tasks to queue
[2024-09-30 18:40:48,139] {logging_mixin.py:115} INFO - [2024-09-30 18:40:48,139] {dagbag.py:508} INFO - Filling up the DagBag from /opt/airflow/dags/7.1-ExternalTaskSensor.py
[2024-09-30 18:40:48,145] {processor.py:651} INFO - DAG(s) dict_keys(['7.1-ExternalTaskSensor']) retrieved from /opt/airflow/dags/7.1-ExternalTaskSensor.py
[2024-09-30 18:40:48,164] {logging_mixin.py:115} INFO - [2024-09-30 18:40:48,164] {dag.py:2420} INFO - Sync 1 DAGs
[2024-09-30 18:40:48,183] {logging_mixin.py:115} INFO - [2024-09-30 18:40:48,182] {dag.py:2972} INFO - Setting next_dagrun for 7.1-ExternalTaskSensor to 2024-08-12T00:00:00+00:00, run_after=2024-08-13T00:00:00+00:00
[2024-09-30 18:40:48,192] {processor.py:161} INFO - Processing /opt/airflow/dags/7.1-ExternalTaskSensor.py took 0.057 seconds
[2024-09-30 18:41:18,652] {processor.py:153} INFO - Started process (PID=13136) to work on /opt/airflow/dags/7.1-ExternalTaskSensor.py
[2024-09-30 18:41:18,652] {processor.py:641} INFO - Processing file /opt/airflow/dags/7.1-ExternalTaskSensor.py for tasks to queue
[2024-09-30 18:41:18,653] {logging_mixin.py:115} INFO - [2024-09-30 18:41:18,652] {dagbag.py:508} INFO - Filling up the DagBag from /opt/airflow/dags/7.1-ExternalTaskSensor.py
[2024-09-30 18:41:18,658] {processor.py:651} INFO - DAG(s) dict_keys(['7.1-ExternalTaskSensor']) retrieved from /opt/airflow/dags/7.1-ExternalTaskSensor.py
[2024-09-30 18:41:18,677] {logging_mixin.py:115} INFO - [2024-09-30 18:41:18,677] {dag.py:2420} INFO - Sync 1 DAGs
[2024-09-30 18:41:18,693] {logging_mixin.py:115} INFO - [2024-09-30 18:41:18,693] {dag.py:2972} INFO - Setting next_dagrun for 7.1-ExternalTaskSensor to 2024-08-12T00:00:00+00:00, run_after=2024-08-13T00:00:00+00:00
[2024-09-30 18:41:18,702] {processor.py:161} INFO - Processing /opt/airflow/dags/7.1-ExternalTaskSensor.py took 0.052 seconds
[2024-09-30 18:41:49,159] {processor.py:153} INFO - Started process (PID=13176) to work on /opt/airflow/dags/7.1-ExternalTaskSensor.py
[2024-09-30 18:41:49,160] {processor.py:641} INFO - Processing file /opt/airflow/dags/7.1-ExternalTaskSensor.py for tasks to queue
[2024-09-30 18:41:49,160] {logging_mixin.py:115} INFO - [2024-09-30 18:41:49,160] {dagbag.py:508} INFO - Filling up the DagBag from /opt/airflow/dags/7.1-ExternalTaskSensor.py
[2024-09-30 18:41:49,165] {processor.py:651} INFO - DAG(s) dict_keys(['7.1-ExternalTaskSensor']) retrieved from /opt/airflow/dags/7.1-ExternalTaskSensor.py
[2024-09-30 18:41:49,182] {logging_mixin.py:115} INFO - [2024-09-30 18:41:49,182] {dag.py:2420} INFO - Sync 1 DAGs
[2024-09-30 18:41:49,196] {logging_mixin.py:115} INFO - [2024-09-30 18:41:49,196] {dag.py:2972} INFO - Setting next_dagrun for 7.1-ExternalTaskSensor to 2024-08-12T00:00:00+00:00, run_after=2024-08-13T00:00:00+00:00
[2024-09-30 18:41:49,204] {processor.py:161} INFO - Processing /opt/airflow/dags/7.1-ExternalTaskSensor.py took 0.047 seconds
[2024-09-30 18:42:19,703] {processor.py:153} INFO - Started process (PID=13217) to work on /opt/airflow/dags/7.1-ExternalTaskSensor.py
[2024-09-30 18:42:19,703] {processor.py:641} INFO - Processing file /opt/airflow/dags/7.1-ExternalTaskSensor.py for tasks to queue
[2024-09-30 18:42:19,704] {logging_mixin.py:115} INFO - [2024-09-30 18:42:19,704] {dagbag.py:508} INFO - Filling up the DagBag from /opt/airflow/dags/7.1-ExternalTaskSensor.py
[2024-09-30 18:42:19,711] {processor.py:651} INFO - DAG(s) dict_keys(['7.1-ExternalTaskSensor']) retrieved from /opt/airflow/dags/7.1-ExternalTaskSensor.py
[2024-09-30 18:42:19,728] {logging_mixin.py:115} INFO - [2024-09-30 18:42:19,728] {dag.py:2420} INFO - Sync 1 DAGs
[2024-09-30 18:42:19,742] {logging_mixin.py:115} INFO - [2024-09-30 18:42:19,742] {dag.py:2972} INFO - Setting next_dagrun for 7.1-ExternalTaskSensor to 2024-08-12T00:00:00+00:00, run_after=2024-08-13T00:00:00+00:00
[2024-09-30 18:42:19,749] {processor.py:161} INFO - Processing /opt/airflow/dags/7.1-ExternalTaskSensor.py took 0.049 seconds
[2024-09-30 18:42:50,254] {processor.py:153} INFO - Started process (PID=13256) to work on /opt/airflow/dags/7.1-ExternalTaskSensor.py
[2024-09-30 18:42:50,255] {processor.py:641} INFO - Processing file /opt/airflow/dags/7.1-ExternalTaskSensor.py for tasks to queue
[2024-09-30 18:42:50,255] {logging_mixin.py:115} INFO - [2024-09-30 18:42:50,255] {dagbag.py:508} INFO - Filling up the DagBag from /opt/airflow/dags/7.1-ExternalTaskSensor.py
[2024-09-30 18:42:50,261] {processor.py:651} INFO - DAG(s) dict_keys(['7.1-ExternalTaskSensor']) retrieved from /opt/airflow/dags/7.1-ExternalTaskSensor.py
[2024-09-30 18:42:50,279] {logging_mixin.py:115} INFO - [2024-09-30 18:42:50,279] {dag.py:2420} INFO - Sync 1 DAGs
[2024-09-30 18:42:50,295] {logging_mixin.py:115} INFO - [2024-09-30 18:42:50,294] {dag.py:2972} INFO - Setting next_dagrun for 7.1-ExternalTaskSensor to 2024-08-12T00:00:00+00:00, run_after=2024-08-13T00:00:00+00:00
[2024-09-30 18:42:50,302] {processor.py:161} INFO - Processing /opt/airflow/dags/7.1-ExternalTaskSensor.py took 0.050 seconds
[2024-09-30 18:43:20,797] {processor.py:153} INFO - Started process (PID=13296) to work on /opt/airflow/dags/7.1-ExternalTaskSensor.py
[2024-09-30 18:43:20,797] {processor.py:641} INFO - Processing file /opt/airflow/dags/7.1-ExternalTaskSensor.py for tasks to queue
[2024-09-30 18:43:20,798] {logging_mixin.py:115} INFO - [2024-09-30 18:43:20,798] {dagbag.py:508} INFO - Filling up the DagBag from /opt/airflow/dags/7.1-ExternalTaskSensor.py
[2024-09-30 18:43:20,805] {processor.py:651} INFO - DAG(s) dict_keys(['7.1-ExternalTaskSensor']) retrieved from /opt/airflow/dags/7.1-ExternalTaskSensor.py
[2024-09-30 18:43:20,821] {logging_mixin.py:115} INFO - [2024-09-30 18:43:20,820] {dag.py:2420} INFO - Sync 1 DAGs
[2024-09-30 18:43:20,835] {logging_mixin.py:115} INFO - [2024-09-30 18:43:20,835] {dag.py:2972} INFO - Setting next_dagrun for 7.1-ExternalTaskSensor to 2024-08-12T00:00:00+00:00, run_after=2024-08-13T00:00:00+00:00
[2024-09-30 18:43:20,842] {processor.py:161} INFO - Processing /opt/airflow/dags/7.1-ExternalTaskSensor.py took 0.048 seconds
[2024-09-30 18:43:51,338] {processor.py:153} INFO - Started process (PID=13328) to work on /opt/airflow/dags/7.1-ExternalTaskSensor.py
[2024-09-30 18:43:51,339] {processor.py:641} INFO - Processing file /opt/airflow/dags/7.1-ExternalTaskSensor.py for tasks to queue
[2024-09-30 18:43:51,339] {logging_mixin.py:115} INFO - [2024-09-30 18:43:51,339] {dagbag.py:508} INFO - Filling up the DagBag from /opt/airflow/dags/7.1-ExternalTaskSensor.py
[2024-09-30 18:43:51,344] {processor.py:651} INFO - DAG(s) dict_keys(['7.1-ExternalTaskSensor']) retrieved from /opt/airflow/dags/7.1-ExternalTaskSensor.py
[2024-09-30 18:43:51,361] {logging_mixin.py:115} INFO - [2024-09-30 18:43:51,361] {dag.py:2420} INFO - Sync 1 DAGs
[2024-09-30 18:43:51,376] {logging_mixin.py:115} INFO - [2024-09-30 18:43:51,376] {dag.py:2972} INFO - Setting next_dagrun for 7.1-ExternalTaskSensor to 2024-08-12T00:00:00+00:00, run_after=2024-08-13T00:00:00+00:00
[2024-09-30 18:43:51,383] {processor.py:161} INFO - Processing /opt/airflow/dags/7.1-ExternalTaskSensor.py took 0.048 seconds
[2024-09-30 18:44:21,893] {processor.py:153} INFO - Started process (PID=13369) to work on /opt/airflow/dags/7.1-ExternalTaskSensor.py
[2024-09-30 18:44:21,893] {processor.py:641} INFO - Processing file /opt/airflow/dags/7.1-ExternalTaskSensor.py for tasks to queue
[2024-09-30 18:44:21,894] {logging_mixin.py:115} INFO - [2024-09-30 18:44:21,894] {dagbag.py:508} INFO - Filling up the DagBag from /opt/airflow/dags/7.1-ExternalTaskSensor.py
[2024-09-30 18:44:21,899] {processor.py:651} INFO - DAG(s) dict_keys(['7.1-ExternalTaskSensor']) retrieved from /opt/airflow/dags/7.1-ExternalTaskSensor.py
[2024-09-30 18:44:21,916] {logging_mixin.py:115} INFO - [2024-09-30 18:44:21,916] {dag.py:2420} INFO - Sync 1 DAGs
[2024-09-30 18:44:21,932] {logging_mixin.py:115} INFO - [2024-09-30 18:44:21,932] {dag.py:2972} INFO - Setting next_dagrun for 7.1-ExternalTaskSensor to 2024-08-12T00:00:00+00:00, run_after=2024-08-13T00:00:00+00:00
[2024-09-30 18:44:21,939] {processor.py:161} INFO - Processing /opt/airflow/dags/7.1-ExternalTaskSensor.py took 0.048 seconds
[2024-09-30 18:44:52,430] {processor.py:153} INFO - Started process (PID=13409) to work on /opt/airflow/dags/7.1-ExternalTaskSensor.py
[2024-09-30 18:44:52,431] {processor.py:641} INFO - Processing file /opt/airflow/dags/7.1-ExternalTaskSensor.py for tasks to queue
[2024-09-30 18:44:52,431] {logging_mixin.py:115} INFO - [2024-09-30 18:44:52,431] {dagbag.py:508} INFO - Filling up the DagBag from /opt/airflow/dags/7.1-ExternalTaskSensor.py
[2024-09-30 18:44:52,437] {processor.py:651} INFO - DAG(s) dict_keys(['7.1-ExternalTaskSensor']) retrieved from /opt/airflow/dags/7.1-ExternalTaskSensor.py
[2024-09-30 18:44:52,454] {logging_mixin.py:115} INFO - [2024-09-30 18:44:52,454] {dag.py:2420} INFO - Sync 1 DAGs
[2024-09-30 18:44:52,469] {logging_mixin.py:115} INFO - [2024-09-30 18:44:52,469] {dag.py:2972} INFO - Setting next_dagrun for 7.1-ExternalTaskSensor to 2024-08-12T00:00:00+00:00, run_after=2024-08-13T00:00:00+00:00
[2024-09-30 18:44:52,477] {processor.py:161} INFO - Processing /opt/airflow/dags/7.1-ExternalTaskSensor.py took 0.049 seconds
[2024-09-30 18:45:22,920] {processor.py:153} INFO - Started process (PID=13450) to work on /opt/airflow/dags/7.1-ExternalTaskSensor.py
[2024-09-30 18:45:22,920] {processor.py:641} INFO - Processing file /opt/airflow/dags/7.1-ExternalTaskSensor.py for tasks to queue
[2024-09-30 18:45:22,921] {logging_mixin.py:115} INFO - [2024-09-30 18:45:22,921] {dagbag.py:508} INFO - Filling up the DagBag from /opt/airflow/dags/7.1-ExternalTaskSensor.py
[2024-09-30 18:45:22,926] {processor.py:651} INFO - DAG(s) dict_keys(['7.1-ExternalTaskSensor']) retrieved from /opt/airflow/dags/7.1-ExternalTaskSensor.py
[2024-09-30 18:45:22,942] {logging_mixin.py:115} INFO - [2024-09-30 18:45:22,942] {dag.py:2420} INFO - Sync 1 DAGs
[2024-09-30 18:45:22,955] {logging_mixin.py:115} INFO - [2024-09-30 18:45:22,955] {dag.py:2972} INFO - Setting next_dagrun for 7.1-ExternalTaskSensor to 2024-08-12T00:00:00+00:00, run_after=2024-08-13T00:00:00+00:00
[2024-09-30 18:45:22,962] {processor.py:161} INFO - Processing /opt/airflow/dags/7.1-ExternalTaskSensor.py took 0.045 seconds
[2024-09-30 18:45:53,457] {processor.py:153} INFO - Started process (PID=13491) to work on /opt/airflow/dags/7.1-ExternalTaskSensor.py
[2024-09-30 18:45:53,458] {processor.py:641} INFO - Processing file /opt/airflow/dags/7.1-ExternalTaskSensor.py for tasks to queue
[2024-09-30 18:45:53,458] {logging_mixin.py:115} INFO - [2024-09-30 18:45:53,458] {dagbag.py:508} INFO - Filling up the DagBag from /opt/airflow/dags/7.1-ExternalTaskSensor.py
[2024-09-30 18:45:53,464] {processor.py:651} INFO - DAG(s) dict_keys(['7.1-ExternalTaskSensor']) retrieved from /opt/airflow/dags/7.1-ExternalTaskSensor.py
[2024-09-30 18:45:53,481] {logging_mixin.py:115} INFO - [2024-09-30 18:45:53,481] {dag.py:2420} INFO - Sync 1 DAGs
[2024-09-30 18:45:53,497] {logging_mixin.py:115} INFO - [2024-09-30 18:45:53,497] {dag.py:2972} INFO - Setting next_dagrun for 7.1-ExternalTaskSensor to 2024-08-12T00:00:00+00:00, run_after=2024-08-13T00:00:00+00:00
[2024-09-30 18:45:53,505] {processor.py:161} INFO - Processing /opt/airflow/dags/7.1-ExternalTaskSensor.py took 0.050 seconds
[2024-09-30 18:46:24,003] {processor.py:153} INFO - Started process (PID=13532) to work on /opt/airflow/dags/7.1-ExternalTaskSensor.py
[2024-09-30 18:46:24,003] {processor.py:641} INFO - Processing file /opt/airflow/dags/7.1-ExternalTaskSensor.py for tasks to queue
[2024-09-30 18:46:24,003] {logging_mixin.py:115} INFO - [2024-09-30 18:46:24,003] {dagbag.py:508} INFO - Filling up the DagBag from /opt/airflow/dags/7.1-ExternalTaskSensor.py
[2024-09-30 18:46:24,009] {processor.py:651} INFO - DAG(s) dict_keys(['7.1-ExternalTaskSensor']) retrieved from /opt/airflow/dags/7.1-ExternalTaskSensor.py
[2024-09-30 18:46:24,026] {logging_mixin.py:115} INFO - [2024-09-30 18:46:24,026] {dag.py:2420} INFO - Sync 1 DAGs
[2024-09-30 18:46:24,041] {logging_mixin.py:115} INFO - [2024-09-30 18:46:24,041] {dag.py:2972} INFO - Setting next_dagrun for 7.1-ExternalTaskSensor to 2024-08-12T00:00:00+00:00, run_after=2024-08-13T00:00:00+00:00
[2024-09-30 18:46:24,050] {processor.py:161} INFO - Processing /opt/airflow/dags/7.1-ExternalTaskSensor.py took 0.050 seconds
[2024-09-30 18:46:54,574] {processor.py:153} INFO - Started process (PID=13563) to work on /opt/airflow/dags/7.1-ExternalTaskSensor.py
[2024-09-30 18:46:54,574] {processor.py:641} INFO - Processing file /opt/airflow/dags/7.1-ExternalTaskSensor.py for tasks to queue
[2024-09-30 18:46:54,574] {logging_mixin.py:115} INFO - [2024-09-30 18:46:54,574] {dagbag.py:508} INFO - Filling up the DagBag from /opt/airflow/dags/7.1-ExternalTaskSensor.py
[2024-09-30 18:46:54,580] {processor.py:651} INFO - DAG(s) dict_keys(['7.1-ExternalTaskSensor']) retrieved from /opt/airflow/dags/7.1-ExternalTaskSensor.py
[2024-09-30 18:46:54,597] {logging_mixin.py:115} INFO - [2024-09-30 18:46:54,597] {dag.py:2420} INFO - Sync 1 DAGs
[2024-09-30 18:46:54,612] {logging_mixin.py:115} INFO - [2024-09-30 18:46:54,612] {dag.py:2972} INFO - Setting next_dagrun for 7.1-ExternalTaskSensor to 2024-08-12T00:00:00+00:00, run_after=2024-08-13T00:00:00+00:00
[2024-09-30 18:46:54,620] {processor.py:161} INFO - Processing /opt/airflow/dags/7.1-ExternalTaskSensor.py took 0.048 seconds
[2024-09-30 18:47:25,129] {processor.py:153} INFO - Started process (PID=13604) to work on /opt/airflow/dags/7.1-ExternalTaskSensor.py
[2024-09-30 18:47:25,130] {processor.py:641} INFO - Processing file /opt/airflow/dags/7.1-ExternalTaskSensor.py for tasks to queue
[2024-09-30 18:47:25,130] {logging_mixin.py:115} INFO - [2024-09-30 18:47:25,130] {dagbag.py:508} INFO - Filling up the DagBag from /opt/airflow/dags/7.1-ExternalTaskSensor.py
[2024-09-30 18:47:25,136] {processor.py:651} INFO - DAG(s) dict_keys(['7.1-ExternalTaskSensor']) retrieved from /opt/airflow/dags/7.1-ExternalTaskSensor.py
[2024-09-30 18:47:25,154] {logging_mixin.py:115} INFO - [2024-09-30 18:47:25,154] {dag.py:2420} INFO - Sync 1 DAGs
[2024-09-30 18:47:25,169] {logging_mixin.py:115} INFO - [2024-09-30 18:47:25,169] {dag.py:2972} INFO - Setting next_dagrun for 7.1-ExternalTaskSensor to 2024-08-12T00:00:00+00:00, run_after=2024-08-13T00:00:00+00:00
[2024-09-30 18:47:25,176] {processor.py:161} INFO - Processing /opt/airflow/dags/7.1-ExternalTaskSensor.py took 0.049 seconds
[2024-09-30 18:47:55,621] {processor.py:153} INFO - Started process (PID=13644) to work on /opt/airflow/dags/7.1-ExternalTaskSensor.py
[2024-09-30 18:47:55,622] {processor.py:641} INFO - Processing file /opt/airflow/dags/7.1-ExternalTaskSensor.py for tasks to queue
[2024-09-30 18:47:55,622] {logging_mixin.py:115} INFO - [2024-09-30 18:47:55,622] {dagbag.py:508} INFO - Filling up the DagBag from /opt/airflow/dags/7.1-ExternalTaskSensor.py
[2024-09-30 18:47:55,629] {processor.py:651} INFO - DAG(s) dict_keys(['7.1-ExternalTaskSensor']) retrieved from /opt/airflow/dags/7.1-ExternalTaskSensor.py
[2024-09-30 18:47:55,648] {logging_mixin.py:115} INFO - [2024-09-30 18:47:55,648] {dag.py:2420} INFO - Sync 1 DAGs
[2024-09-30 18:47:55,665] {logging_mixin.py:115} INFO - [2024-09-30 18:47:55,664] {dag.py:2972} INFO - Setting next_dagrun for 7.1-ExternalTaskSensor to 2024-08-12T00:00:00+00:00, run_after=2024-08-13T00:00:00+00:00
[2024-09-30 18:47:55,673] {processor.py:161} INFO - Processing /opt/airflow/dags/7.1-ExternalTaskSensor.py took 0.054 seconds
[2024-09-30 18:48:26,130] {processor.py:153} INFO - Started process (PID=13685) to work on /opt/airflow/dags/7.1-ExternalTaskSensor.py
[2024-09-30 18:48:26,130] {processor.py:641} INFO - Processing file /opt/airflow/dags/7.1-ExternalTaskSensor.py for tasks to queue
[2024-09-30 18:48:26,131] {logging_mixin.py:115} INFO - [2024-09-30 18:48:26,131] {dagbag.py:508} INFO - Filling up the DagBag from /opt/airflow/dags/7.1-ExternalTaskSensor.py
[2024-09-30 18:48:26,136] {processor.py:651} INFO - DAG(s) dict_keys(['7.1-ExternalTaskSensor']) retrieved from /opt/airflow/dags/7.1-ExternalTaskSensor.py
[2024-09-30 18:48:26,152] {logging_mixin.py:115} INFO - [2024-09-30 18:48:26,152] {dag.py:2420} INFO - Sync 1 DAGs
[2024-09-30 18:48:26,167] {logging_mixin.py:115} INFO - [2024-09-30 18:48:26,167] {dag.py:2972} INFO - Setting next_dagrun for 7.1-ExternalTaskSensor to 2024-08-12T00:00:00+00:00, run_after=2024-08-13T00:00:00+00:00
[2024-09-30 18:48:26,174] {processor.py:161} INFO - Processing /opt/airflow/dags/7.1-ExternalTaskSensor.py took 0.046 seconds
[2024-09-30 18:48:56,607] {processor.py:153} INFO - Started process (PID=13726) to work on /opt/airflow/dags/7.1-ExternalTaskSensor.py
[2024-09-30 18:48:56,608] {processor.py:641} INFO - Processing file /opt/airflow/dags/7.1-ExternalTaskSensor.py for tasks to queue
[2024-09-30 18:48:56,608] {logging_mixin.py:115} INFO - [2024-09-30 18:48:56,608] {dagbag.py:508} INFO - Filling up the DagBag from /opt/airflow/dags/7.1-ExternalTaskSensor.py
[2024-09-30 18:48:56,613] {processor.py:651} INFO - DAG(s) dict_keys(['7.1-ExternalTaskSensor']) retrieved from /opt/airflow/dags/7.1-ExternalTaskSensor.py
[2024-09-30 18:48:56,628] {logging_mixin.py:115} INFO - [2024-09-30 18:48:56,628] {dag.py:2420} INFO - Sync 1 DAGs
[2024-09-30 18:48:56,641] {logging_mixin.py:115} INFO - [2024-09-30 18:48:56,641] {dag.py:2972} INFO - Setting next_dagrun for 7.1-ExternalTaskSensor to 2024-08-12T00:00:00+00:00, run_after=2024-08-13T00:00:00+00:00
[2024-09-30 18:48:56,648] {processor.py:161} INFO - Processing /opt/airflow/dags/7.1-ExternalTaskSensor.py took 0.043 seconds
[2024-09-30 18:49:27,136] {processor.py:153} INFO - Started process (PID=13758) to work on /opt/airflow/dags/7.1-ExternalTaskSensor.py
[2024-09-30 18:49:27,137] {processor.py:641} INFO - Processing file /opt/airflow/dags/7.1-ExternalTaskSensor.py for tasks to queue
[2024-09-30 18:49:27,137] {logging_mixin.py:115} INFO - [2024-09-30 18:49:27,137] {dagbag.py:508} INFO - Filling up the DagBag from /opt/airflow/dags/7.1-ExternalTaskSensor.py
[2024-09-30 18:49:27,144] {processor.py:651} INFO - DAG(s) dict_keys(['7.1-ExternalTaskSensor']) retrieved from /opt/airflow/dags/7.1-ExternalTaskSensor.py
[2024-09-30 18:49:27,166] {logging_mixin.py:115} INFO - [2024-09-30 18:49:27,166] {dag.py:2420} INFO - Sync 1 DAGs
[2024-09-30 18:49:27,181] {logging_mixin.py:115} INFO - [2024-09-30 18:49:27,181] {dag.py:2972} INFO - Setting next_dagrun for 7.1-ExternalTaskSensor to 2024-08-12T00:00:00+00:00, run_after=2024-08-13T00:00:00+00:00
[2024-09-30 18:49:27,188] {processor.py:161} INFO - Processing /opt/airflow/dags/7.1-ExternalTaskSensor.py took 0.055 seconds
[2024-09-30 18:49:57,675] {processor.py:153} INFO - Started process (PID=13799) to work on /opt/airflow/dags/7.1-ExternalTaskSensor.py
[2024-09-30 18:49:57,675] {processor.py:641} INFO - Processing file /opt/airflow/dags/7.1-ExternalTaskSensor.py for tasks to queue
[2024-09-30 18:49:57,676] {logging_mixin.py:115} INFO - [2024-09-30 18:49:57,676] {dagbag.py:508} INFO - Filling up the DagBag from /opt/airflow/dags/7.1-ExternalTaskSensor.py
[2024-09-30 18:49:57,681] {processor.py:651} INFO - DAG(s) dict_keys(['7.1-ExternalTaskSensor']) retrieved from /opt/airflow/dags/7.1-ExternalTaskSensor.py
[2024-09-30 18:49:57,697] {logging_mixin.py:115} INFO - [2024-09-30 18:49:57,697] {dag.py:2420} INFO - Sync 1 DAGs
[2024-09-30 18:49:57,711] {logging_mixin.py:115} INFO - [2024-09-30 18:49:57,711] {dag.py:2972} INFO - Setting next_dagrun for 7.1-ExternalTaskSensor to 2024-08-12T00:00:00+00:00, run_after=2024-08-13T00:00:00+00:00
[2024-09-30 18:49:57,719] {processor.py:161} INFO - Processing /opt/airflow/dags/7.1-ExternalTaskSensor.py took 0.046 seconds
[2024-09-30 18:50:28,223] {processor.py:153} INFO - Started process (PID=13839) to work on /opt/airflow/dags/7.1-ExternalTaskSensor.py
[2024-09-30 18:50:28,223] {processor.py:641} INFO - Processing file /opt/airflow/dags/7.1-ExternalTaskSensor.py for tasks to queue
[2024-09-30 18:50:28,224] {logging_mixin.py:115} INFO - [2024-09-30 18:50:28,224] {dagbag.py:508} INFO - Filling up the DagBag from /opt/airflow/dags/7.1-ExternalTaskSensor.py
[2024-09-30 18:50:28,229] {processor.py:651} INFO - DAG(s) dict_keys(['7.1-ExternalTaskSensor']) retrieved from /opt/airflow/dags/7.1-ExternalTaskSensor.py
[2024-09-30 18:50:28,244] {logging_mixin.py:115} INFO - [2024-09-30 18:50:28,244] {dag.py:2420} INFO - Sync 1 DAGs
[2024-09-30 18:50:28,257] {logging_mixin.py:115} INFO - [2024-09-30 18:50:28,257] {dag.py:2972} INFO - Setting next_dagrun for 7.1-ExternalTaskSensor to 2024-08-12T00:00:00+00:00, run_after=2024-08-13T00:00:00+00:00
[2024-09-30 18:50:28,264] {processor.py:161} INFO - Processing /opt/airflow/dags/7.1-ExternalTaskSensor.py took 0.044 seconds
[2024-09-30 18:50:58,779] {processor.py:153} INFO - Started process (PID=13880) to work on /opt/airflow/dags/7.1-ExternalTaskSensor.py
[2024-09-30 18:50:58,780] {processor.py:641} INFO - Processing file /opt/airflow/dags/7.1-ExternalTaskSensor.py for tasks to queue
[2024-09-30 18:50:58,780] {logging_mixin.py:115} INFO - [2024-09-30 18:50:58,780] {dagbag.py:508} INFO - Filling up the DagBag from /opt/airflow/dags/7.1-ExternalTaskSensor.py
[2024-09-30 18:50:58,786] {processor.py:651} INFO - DAG(s) dict_keys(['7.1-ExternalTaskSensor']) retrieved from /opt/airflow/dags/7.1-ExternalTaskSensor.py
[2024-09-30 18:50:58,804] {logging_mixin.py:115} INFO - [2024-09-30 18:50:58,804] {dag.py:2420} INFO - Sync 1 DAGs
[2024-09-30 18:50:58,821] {logging_mixin.py:115} INFO - [2024-09-30 18:50:58,821] {dag.py:2972} INFO - Setting next_dagrun for 7.1-ExternalTaskSensor to 2024-08-12T00:00:00+00:00, run_after=2024-08-13T00:00:00+00:00
[2024-09-30 18:50:58,832] {processor.py:161} INFO - Processing /opt/airflow/dags/7.1-ExternalTaskSensor.py took 0.055 seconds
[2024-09-30 18:51:29,323] {processor.py:153} INFO - Started process (PID=13921) to work on /opt/airflow/dags/7.1-ExternalTaskSensor.py
[2024-09-30 18:51:29,324] {processor.py:641} INFO - Processing file /opt/airflow/dags/7.1-ExternalTaskSensor.py for tasks to queue
[2024-09-30 18:51:29,324] {logging_mixin.py:115} INFO - [2024-09-30 18:51:29,324] {dagbag.py:508} INFO - Filling up the DagBag from /opt/airflow/dags/7.1-ExternalTaskSensor.py
[2024-09-30 18:51:29,329] {processor.py:651} INFO - DAG(s) dict_keys(['7.1-ExternalTaskSensor']) retrieved from /opt/airflow/dags/7.1-ExternalTaskSensor.py
[2024-09-30 18:51:29,344] {logging_mixin.py:115} INFO - [2024-09-30 18:51:29,344] {dag.py:2420} INFO - Sync 1 DAGs
[2024-09-30 18:51:29,358] {logging_mixin.py:115} INFO - [2024-09-30 18:51:29,357] {dag.py:2972} INFO - Setting next_dagrun for 7.1-ExternalTaskSensor to 2024-08-12T00:00:00+00:00, run_after=2024-08-13T00:00:00+00:00
[2024-09-30 18:51:29,364] {processor.py:161} INFO - Processing /opt/airflow/dags/7.1-ExternalTaskSensor.py took 0.043 seconds
[2024-09-30 18:51:59,847] {processor.py:153} INFO - Started process (PID=13962) to work on /opt/airflow/dags/7.1-ExternalTaskSensor.py
[2024-09-30 18:51:59,847] {processor.py:641} INFO - Processing file /opt/airflow/dags/7.1-ExternalTaskSensor.py for tasks to queue
[2024-09-30 18:51:59,848] {logging_mixin.py:115} INFO - [2024-09-30 18:51:59,848] {dagbag.py:508} INFO - Filling up the DagBag from /opt/airflow/dags/7.1-ExternalTaskSensor.py
[2024-09-30 18:51:59,855] {processor.py:651} INFO - DAG(s) dict_keys(['7.1-ExternalTaskSensor']) retrieved from /opt/airflow/dags/7.1-ExternalTaskSensor.py
[2024-09-30 18:51:59,874] {logging_mixin.py:115} INFO - [2024-09-30 18:51:59,874] {dag.py:2420} INFO - Sync 1 DAGs
[2024-09-30 18:51:59,891] {logging_mixin.py:115} INFO - [2024-09-30 18:51:59,891] {dag.py:2972} INFO - Setting next_dagrun for 7.1-ExternalTaskSensor to 2024-08-12T00:00:00+00:00, run_after=2024-08-13T00:00:00+00:00
[2024-09-30 18:51:59,899] {processor.py:161} INFO - Processing /opt/airflow/dags/7.1-ExternalTaskSensor.py took 0.055 seconds
[2024-09-30 18:52:30,351] {processor.py:153} INFO - Started process (PID=13994) to work on /opt/airflow/dags/7.1-ExternalTaskSensor.py
[2024-09-30 18:52:30,352] {processor.py:641} INFO - Processing file /opt/airflow/dags/7.1-ExternalTaskSensor.py for tasks to queue
[2024-09-30 18:52:30,352] {logging_mixin.py:115} INFO - [2024-09-30 18:52:30,352] {dagbag.py:508} INFO - Filling up the DagBag from /opt/airflow/dags/7.1-ExternalTaskSensor.py
[2024-09-30 18:52:30,358] {processor.py:651} INFO - DAG(s) dict_keys(['7.1-ExternalTaskSensor']) retrieved from /opt/airflow/dags/7.1-ExternalTaskSensor.py
[2024-09-30 18:52:30,374] {logging_mixin.py:115} INFO - [2024-09-30 18:52:30,374] {dag.py:2420} INFO - Sync 1 DAGs
[2024-09-30 18:52:30,389] {logging_mixin.py:115} INFO - [2024-09-30 18:52:30,389] {dag.py:2972} INFO - Setting next_dagrun for 7.1-ExternalTaskSensor to 2024-08-12T00:00:00+00:00, run_after=2024-08-13T00:00:00+00:00
[2024-09-30 18:52:30,397] {processor.py:161} INFO - Processing /opt/airflow/dags/7.1-ExternalTaskSensor.py took 0.048 seconds
[2024-09-30 18:53:00,939] {processor.py:153} INFO - Started process (PID=14034) to work on /opt/airflow/dags/7.1-ExternalTaskSensor.py
[2024-09-30 18:53:00,940] {processor.py:641} INFO - Processing file /opt/airflow/dags/7.1-ExternalTaskSensor.py for tasks to queue
[2024-09-30 18:53:00,940] {logging_mixin.py:115} INFO - [2024-09-30 18:53:00,940] {dagbag.py:508} INFO - Filling up the DagBag from /opt/airflow/dags/7.1-ExternalTaskSensor.py
[2024-09-30 18:53:00,947] {processor.py:651} INFO - DAG(s) dict_keys(['7.1-ExternalTaskSensor']) retrieved from /opt/airflow/dags/7.1-ExternalTaskSensor.py
[2024-09-30 18:53:00,969] {logging_mixin.py:115} INFO - [2024-09-30 18:53:00,969] {dag.py:2420} INFO - Sync 1 DAGs
[2024-09-30 18:53:00,986] {logging_mixin.py:115} INFO - [2024-09-30 18:53:00,986] {dag.py:2972} INFO - Setting next_dagrun for 7.1-ExternalTaskSensor to 2024-08-12T00:00:00+00:00, run_after=2024-08-13T00:00:00+00:00
[2024-09-30 18:53:00,995] {processor.py:161} INFO - Processing /opt/airflow/dags/7.1-ExternalTaskSensor.py took 0.058 seconds
[2024-09-30 18:53:31,443] {processor.py:153} INFO - Started process (PID=14075) to work on /opt/airflow/dags/7.1-ExternalTaskSensor.py
[2024-09-30 18:53:31,444] {processor.py:641} INFO - Processing file /opt/airflow/dags/7.1-ExternalTaskSensor.py for tasks to queue
[2024-09-30 18:53:31,444] {logging_mixin.py:115} INFO - [2024-09-30 18:53:31,444] {dagbag.py:508} INFO - Filling up the DagBag from /opt/airflow/dags/7.1-ExternalTaskSensor.py
[2024-09-30 18:53:31,451] {processor.py:651} INFO - DAG(s) dict_keys(['7.1-ExternalTaskSensor']) retrieved from /opt/airflow/dags/7.1-ExternalTaskSensor.py
[2024-09-30 18:53:31,470] {logging_mixin.py:115} INFO - [2024-09-30 18:53:31,470] {dag.py:2420} INFO - Sync 1 DAGs
[2024-09-30 18:53:31,485] {logging_mixin.py:115} INFO - [2024-09-30 18:53:31,485] {dag.py:2972} INFO - Setting next_dagrun for 7.1-ExternalTaskSensor to 2024-08-12T00:00:00+00:00, run_after=2024-08-13T00:00:00+00:00
[2024-09-30 18:53:31,491] {processor.py:161} INFO - Processing /opt/airflow/dags/7.1-ExternalTaskSensor.py took 0.051 seconds
[2024-09-30 18:54:01,985] {processor.py:153} INFO - Started process (PID=14116) to work on /opt/airflow/dags/7.1-ExternalTaskSensor.py
[2024-09-30 18:54:01,986] {processor.py:641} INFO - Processing file /opt/airflow/dags/7.1-ExternalTaskSensor.py for tasks to queue
[2024-09-30 18:54:01,986] {logging_mixin.py:115} INFO - [2024-09-30 18:54:01,986] {dagbag.py:508} INFO - Filling up the DagBag from /opt/airflow/dags/7.1-ExternalTaskSensor.py
[2024-09-30 18:54:01,992] {processor.py:651} INFO - DAG(s) dict_keys(['7.1-ExternalTaskSensor']) retrieved from /opt/airflow/dags/7.1-ExternalTaskSensor.py
[2024-09-30 18:54:02,009] {logging_mixin.py:115} INFO - [2024-09-30 18:54:02,009] {dag.py:2420} INFO - Sync 1 DAGs
[2024-09-30 18:54:02,024] {logging_mixin.py:115} INFO - [2024-09-30 18:54:02,023] {dag.py:2972} INFO - Setting next_dagrun for 7.1-ExternalTaskSensor to 2024-08-12T00:00:00+00:00, run_after=2024-08-13T00:00:00+00:00
[2024-09-30 18:54:02,033] {processor.py:161} INFO - Processing /opt/airflow/dags/7.1-ExternalTaskSensor.py took 0.050 seconds
[2024-09-30 18:54:32,459] {processor.py:153} INFO - Started process (PID=14157) to work on /opt/airflow/dags/7.1-ExternalTaskSensor.py
[2024-09-30 18:54:32,459] {processor.py:641} INFO - Processing file /opt/airflow/dags/7.1-ExternalTaskSensor.py for tasks to queue
[2024-09-30 18:54:32,460] {logging_mixin.py:115} INFO - [2024-09-30 18:54:32,460] {dagbag.py:508} INFO - Filling up the DagBag from /opt/airflow/dags/7.1-ExternalTaskSensor.py
[2024-09-30 18:54:32,465] {processor.py:651} INFO - DAG(s) dict_keys(['7.1-ExternalTaskSensor']) retrieved from /opt/airflow/dags/7.1-ExternalTaskSensor.py
[2024-09-30 18:54:32,481] {logging_mixin.py:115} INFO - [2024-09-30 18:54:32,481] {dag.py:2420} INFO - Sync 1 DAGs
[2024-09-30 18:54:32,495] {logging_mixin.py:115} INFO - [2024-09-30 18:54:32,495] {dag.py:2972} INFO - Setting next_dagrun for 7.1-ExternalTaskSensor to 2024-08-12T00:00:00+00:00, run_after=2024-08-13T00:00:00+00:00
[2024-09-30 18:54:32,502] {processor.py:161} INFO - Processing /opt/airflow/dags/7.1-ExternalTaskSensor.py took 0.045 seconds
[2024-09-30 18:55:03,013] {processor.py:153} INFO - Started process (PID=14198) to work on /opt/airflow/dags/7.1-ExternalTaskSensor.py
[2024-09-30 18:55:03,014] {processor.py:641} INFO - Processing file /opt/airflow/dags/7.1-ExternalTaskSensor.py for tasks to queue
[2024-09-30 18:55:03,014] {logging_mixin.py:115} INFO - [2024-09-30 18:55:03,014] {dagbag.py:508} INFO - Filling up the DagBag from /opt/airflow/dags/7.1-ExternalTaskSensor.py
[2024-09-30 18:55:03,021] {processor.py:651} INFO - DAG(s) dict_keys(['7.1-ExternalTaskSensor']) retrieved from /opt/airflow/dags/7.1-ExternalTaskSensor.py
[2024-09-30 18:55:03,039] {logging_mixin.py:115} INFO - [2024-09-30 18:55:03,039] {dag.py:2420} INFO - Sync 1 DAGs
[2024-09-30 18:55:03,055] {logging_mixin.py:115} INFO - [2024-09-30 18:55:03,055] {dag.py:2972} INFO - Setting next_dagrun for 7.1-ExternalTaskSensor to 2024-08-12T00:00:00+00:00, run_after=2024-08-13T00:00:00+00:00
[2024-09-30 18:55:03,063] {processor.py:161} INFO - Processing /opt/airflow/dags/7.1-ExternalTaskSensor.py took 0.052 seconds
[2024-09-30 18:55:33,514] {processor.py:153} INFO - Started process (PID=14229) to work on /opt/airflow/dags/7.1-ExternalTaskSensor.py
[2024-09-30 18:55:33,515] {processor.py:641} INFO - Processing file /opt/airflow/dags/7.1-ExternalTaskSensor.py for tasks to queue
[2024-09-30 18:55:33,515] {logging_mixin.py:115} INFO - [2024-09-30 18:55:33,515] {dagbag.py:508} INFO - Filling up the DagBag from /opt/airflow/dags/7.1-ExternalTaskSensor.py
[2024-09-30 18:55:33,521] {processor.py:651} INFO - DAG(s) dict_keys(['7.1-ExternalTaskSensor']) retrieved from /opt/airflow/dags/7.1-ExternalTaskSensor.py
[2024-09-30 18:55:33,537] {logging_mixin.py:115} INFO - [2024-09-30 18:55:33,537] {dag.py:2420} INFO - Sync 1 DAGs
[2024-09-30 18:55:33,552] {logging_mixin.py:115} INFO - [2024-09-30 18:55:33,552] {dag.py:2972} INFO - Setting next_dagrun for 7.1-ExternalTaskSensor to 2024-08-12T00:00:00+00:00, run_after=2024-08-13T00:00:00+00:00
[2024-09-30 18:55:33,560] {processor.py:161} INFO - Processing /opt/airflow/dags/7.1-ExternalTaskSensor.py took 0.047 seconds
[2024-09-30 18:56:04,068] {processor.py:153} INFO - Started process (PID=14270) to work on /opt/airflow/dags/7.1-ExternalTaskSensor.py
[2024-09-30 18:56:04,068] {processor.py:641} INFO - Processing file /opt/airflow/dags/7.1-ExternalTaskSensor.py for tasks to queue
[2024-09-30 18:56:04,069] {logging_mixin.py:115} INFO - [2024-09-30 18:56:04,069] {dagbag.py:508} INFO - Filling up the DagBag from /opt/airflow/dags/7.1-ExternalTaskSensor.py
[2024-09-30 18:56:04,074] {processor.py:651} INFO - DAG(s) dict_keys(['7.1-ExternalTaskSensor']) retrieved from /opt/airflow/dags/7.1-ExternalTaskSensor.py
[2024-09-30 18:56:04,091] {logging_mixin.py:115} INFO - [2024-09-30 18:56:04,091] {dag.py:2420} INFO - Sync 1 DAGs
[2024-09-30 18:56:04,107] {logging_mixin.py:115} INFO - [2024-09-30 18:56:04,107] {dag.py:2972} INFO - Setting next_dagrun for 7.1-ExternalTaskSensor to 2024-08-12T00:00:00+00:00, run_after=2024-08-13T00:00:00+00:00
[2024-09-30 18:56:04,115] {processor.py:161} INFO - Processing /opt/airflow/dags/7.1-ExternalTaskSensor.py took 0.049 seconds
[2024-09-30 18:56:34,617] {processor.py:153} INFO - Started process (PID=14311) to work on /opt/airflow/dags/7.1-ExternalTaskSensor.py
[2024-09-30 18:56:34,617] {processor.py:641} INFO - Processing file /opt/airflow/dags/7.1-ExternalTaskSensor.py for tasks to queue
[2024-09-30 18:56:34,618] {logging_mixin.py:115} INFO - [2024-09-30 18:56:34,618] {dagbag.py:508} INFO - Filling up the DagBag from /opt/airflow/dags/7.1-ExternalTaskSensor.py
[2024-09-30 18:56:34,622] {processor.py:651} INFO - DAG(s) dict_keys(['7.1-ExternalTaskSensor']) retrieved from /opt/airflow/dags/7.1-ExternalTaskSensor.py
[2024-09-30 18:56:34,637] {logging_mixin.py:115} INFO - [2024-09-30 18:56:34,637] {dag.py:2420} INFO - Sync 1 DAGs
[2024-09-30 18:56:34,650] {logging_mixin.py:115} INFO - [2024-09-30 18:56:34,650] {dag.py:2972} INFO - Setting next_dagrun for 7.1-ExternalTaskSensor to 2024-08-12T00:00:00+00:00, run_after=2024-08-13T00:00:00+00:00
[2024-09-30 18:56:34,657] {processor.py:161} INFO - Processing /opt/airflow/dags/7.1-ExternalTaskSensor.py took 0.042 seconds
[2024-09-30 18:57:05,136] {processor.py:153} INFO - Started process (PID=14351) to work on /opt/airflow/dags/7.1-ExternalTaskSensor.py
[2024-09-30 18:57:05,136] {processor.py:641} INFO - Processing file /opt/airflow/dags/7.1-ExternalTaskSensor.py for tasks to queue
[2024-09-30 18:57:05,136] {logging_mixin.py:115} INFO - [2024-09-30 18:57:05,136] {dagbag.py:508} INFO - Filling up the DagBag from /opt/airflow/dags/7.1-ExternalTaskSensor.py
[2024-09-30 18:57:05,141] {processor.py:651} INFO - DAG(s) dict_keys(['7.1-ExternalTaskSensor']) retrieved from /opt/airflow/dags/7.1-ExternalTaskSensor.py
[2024-09-30 18:57:05,157] {logging_mixin.py:115} INFO - [2024-09-30 18:57:05,157] {dag.py:2420} INFO - Sync 1 DAGs
[2024-09-30 18:57:05,170] {logging_mixin.py:115} INFO - [2024-09-30 18:57:05,170] {dag.py:2972} INFO - Setting next_dagrun for 7.1-ExternalTaskSensor to 2024-08-12T00:00:00+00:00, run_after=2024-08-13T00:00:00+00:00
[2024-09-30 18:57:05,176] {processor.py:161} INFO - Processing /opt/airflow/dags/7.1-ExternalTaskSensor.py took 0.043 seconds
[2024-09-30 18:57:35,636] {processor.py:153} INFO - Started process (PID=14392) to work on /opt/airflow/dags/7.1-ExternalTaskSensor.py
[2024-09-30 18:57:35,637] {processor.py:641} INFO - Processing file /opt/airflow/dags/7.1-ExternalTaskSensor.py for tasks to queue
[2024-09-30 18:57:35,637] {logging_mixin.py:115} INFO - [2024-09-30 18:57:35,637] {dagbag.py:508} INFO - Filling up the DagBag from /opt/airflow/dags/7.1-ExternalTaskSensor.py
[2024-09-30 18:57:35,645] {processor.py:651} INFO - DAG(s) dict_keys(['7.1-ExternalTaskSensor']) retrieved from /opt/airflow/dags/7.1-ExternalTaskSensor.py
[2024-09-30 18:57:35,660] {logging_mixin.py:115} INFO - [2024-09-30 18:57:35,660] {dag.py:2420} INFO - Sync 1 DAGs
[2024-09-30 18:57:35,674] {logging_mixin.py:115} INFO - [2024-09-30 18:57:35,674] {dag.py:2972} INFO - Setting next_dagrun for 7.1-ExternalTaskSensor to 2024-08-12T00:00:00+00:00, run_after=2024-08-13T00:00:00+00:00
[2024-09-30 18:57:35,680] {processor.py:161} INFO - Processing /opt/airflow/dags/7.1-ExternalTaskSensor.py took 0.046 seconds
[2024-09-30 18:58:06,170] {processor.py:153} INFO - Started process (PID=14431) to work on /opt/airflow/dags/7.1-ExternalTaskSensor.py
[2024-09-30 18:58:06,171] {processor.py:641} INFO - Processing file /opt/airflow/dags/7.1-ExternalTaskSensor.py for tasks to queue
[2024-09-30 18:58:06,171] {logging_mixin.py:115} INFO - [2024-09-30 18:58:06,171] {dagbag.py:508} INFO - Filling up the DagBag from /opt/airflow/dags/7.1-ExternalTaskSensor.py
[2024-09-30 18:58:06,182] {processor.py:651} INFO - DAG(s) dict_keys(['7.1-ExternalTaskSensor']) retrieved from /opt/airflow/dags/7.1-ExternalTaskSensor.py
[2024-09-30 18:58:06,200] {logging_mixin.py:115} INFO - [2024-09-30 18:58:06,200] {dag.py:2420} INFO - Sync 1 DAGs
[2024-09-30 18:58:06,218] {logging_mixin.py:115} INFO - [2024-09-30 18:58:06,218] {dag.py:2972} INFO - Setting next_dagrun for 7.1-ExternalTaskSensor to 2024-08-12T00:00:00+00:00, run_after=2024-08-13T00:00:00+00:00
[2024-09-30 18:58:06,227] {processor.py:161} INFO - Processing /opt/airflow/dags/7.1-ExternalTaskSensor.py took 0.062 seconds
[2024-09-30 18:58:36,703] {processor.py:153} INFO - Started process (PID=14464) to work on /opt/airflow/dags/7.1-ExternalTaskSensor.py
[2024-09-30 18:58:36,703] {processor.py:641} INFO - Processing file /opt/airflow/dags/7.1-ExternalTaskSensor.py for tasks to queue
[2024-09-30 18:58:36,704] {logging_mixin.py:115} INFO - [2024-09-30 18:58:36,704] {dagbag.py:508} INFO - Filling up the DagBag from /opt/airflow/dags/7.1-ExternalTaskSensor.py
[2024-09-30 18:58:36,710] {processor.py:651} INFO - DAG(s) dict_keys(['7.1-ExternalTaskSensor']) retrieved from /opt/airflow/dags/7.1-ExternalTaskSensor.py
[2024-09-30 18:58:36,726] {logging_mixin.py:115} INFO - [2024-09-30 18:58:36,726] {dag.py:2420} INFO - Sync 1 DAGs
[2024-09-30 18:58:36,740] {logging_mixin.py:115} INFO - [2024-09-30 18:58:36,740] {dag.py:2972} INFO - Setting next_dagrun for 7.1-ExternalTaskSensor to 2024-08-12T00:00:00+00:00, run_after=2024-08-13T00:00:00+00:00
[2024-09-30 18:58:36,747] {processor.py:161} INFO - Processing /opt/airflow/dags/7.1-ExternalTaskSensor.py took 0.046 seconds
[2024-09-30 18:59:07,228] {processor.py:153} INFO - Started process (PID=14505) to work on /opt/airflow/dags/7.1-ExternalTaskSensor.py
[2024-09-30 18:59:07,229] {processor.py:641} INFO - Processing file /opt/airflow/dags/7.1-ExternalTaskSensor.py for tasks to queue
[2024-09-30 18:59:07,229] {logging_mixin.py:115} INFO - [2024-09-30 18:59:07,229] {dagbag.py:508} INFO - Filling up the DagBag from /opt/airflow/dags/7.1-ExternalTaskSensor.py
[2024-09-30 18:59:07,234] {processor.py:651} INFO - DAG(s) dict_keys(['7.1-ExternalTaskSensor']) retrieved from /opt/airflow/dags/7.1-ExternalTaskSensor.py
[2024-09-30 18:59:07,254] {logging_mixin.py:115} INFO - [2024-09-30 18:59:07,253] {dag.py:2420} INFO - Sync 1 DAGs
[2024-09-30 18:59:07,268] {logging_mixin.py:115} INFO - [2024-09-30 18:59:07,268] {dag.py:2972} INFO - Setting next_dagrun for 7.1-ExternalTaskSensor to 2024-08-12T00:00:00+00:00, run_after=2024-08-13T00:00:00+00:00
[2024-09-30 18:59:07,275] {processor.py:161} INFO - Processing /opt/airflow/dags/7.1-ExternalTaskSensor.py took 0.049 seconds
[2024-09-30 18:59:37,797] {processor.py:153} INFO - Started process (PID=14545) to work on /opt/airflow/dags/7.1-ExternalTaskSensor.py
[2024-09-30 18:59:37,797] {processor.py:641} INFO - Processing file /opt/airflow/dags/7.1-ExternalTaskSensor.py for tasks to queue
[2024-09-30 18:59:37,798] {logging_mixin.py:115} INFO - [2024-09-30 18:59:37,798] {dagbag.py:508} INFO - Filling up the DagBag from /opt/airflow/dags/7.1-ExternalTaskSensor.py
[2024-09-30 18:59:37,803] {processor.py:651} INFO - DAG(s) dict_keys(['7.1-ExternalTaskSensor']) retrieved from /opt/airflow/dags/7.1-ExternalTaskSensor.py
[2024-09-30 18:59:37,820] {logging_mixin.py:115} INFO - [2024-09-30 18:59:37,820] {dag.py:2420} INFO - Sync 1 DAGs
[2024-09-30 18:59:37,835] {logging_mixin.py:115} INFO - [2024-09-30 18:59:37,835] {dag.py:2972} INFO - Setting next_dagrun for 7.1-ExternalTaskSensor to 2024-08-12T00:00:00+00:00, run_after=2024-08-13T00:00:00+00:00
[2024-09-30 18:59:37,847] {processor.py:161} INFO - Processing /opt/airflow/dags/7.1-ExternalTaskSensor.py took 0.052 seconds
[2024-09-30 19:00:08,292] {processor.py:153} INFO - Started process (PID=14586) to work on /opt/airflow/dags/7.1-ExternalTaskSensor.py
[2024-09-30 19:00:08,292] {processor.py:641} INFO - Processing file /opt/airflow/dags/7.1-ExternalTaskSensor.py for tasks to queue
[2024-09-30 19:00:08,292] {logging_mixin.py:115} INFO - [2024-09-30 19:00:08,292] {dagbag.py:508} INFO - Filling up the DagBag from /opt/airflow/dags/7.1-ExternalTaskSensor.py
[2024-09-30 19:00:08,298] {processor.py:651} INFO - DAG(s) dict_keys(['7.1-ExternalTaskSensor']) retrieved from /opt/airflow/dags/7.1-ExternalTaskSensor.py
[2024-09-30 19:00:08,313] {logging_mixin.py:115} INFO - [2024-09-30 19:00:08,313] {dag.py:2420} INFO - Sync 1 DAGs
[2024-09-30 19:00:08,326] {logging_mixin.py:115} INFO - [2024-09-30 19:00:08,326] {dag.py:2972} INFO - Setting next_dagrun for 7.1-ExternalTaskSensor to 2024-08-12T00:00:00+00:00, run_after=2024-08-13T00:00:00+00:00
[2024-09-30 19:00:08,333] {processor.py:161} INFO - Processing /opt/airflow/dags/7.1-ExternalTaskSensor.py took 0.043 seconds
[2024-09-30 19:00:38,822] {processor.py:153} INFO - Started process (PID=14627) to work on /opt/airflow/dags/7.1-ExternalTaskSensor.py
[2024-09-30 19:00:38,823] {processor.py:641} INFO - Processing file /opt/airflow/dags/7.1-ExternalTaskSensor.py for tasks to queue
[2024-09-30 19:00:38,823] {logging_mixin.py:115} INFO - [2024-09-30 19:00:38,823] {dagbag.py:508} INFO - Filling up the DagBag from /opt/airflow/dags/7.1-ExternalTaskSensor.py
[2024-09-30 19:00:38,828] {processor.py:651} INFO - DAG(s) dict_keys(['7.1-ExternalTaskSensor']) retrieved from /opt/airflow/dags/7.1-ExternalTaskSensor.py
[2024-09-30 19:00:38,844] {logging_mixin.py:115} INFO - [2024-09-30 19:00:38,844] {dag.py:2420} INFO - Sync 1 DAGs
[2024-09-30 19:00:38,858] {logging_mixin.py:115} INFO - [2024-09-30 19:00:38,858] {dag.py:2972} INFO - Setting next_dagrun for 7.1-ExternalTaskSensor to 2024-08-12T00:00:00+00:00, run_after=2024-08-13T00:00:00+00:00
[2024-09-30 19:00:38,864] {processor.py:161} INFO - Processing /opt/airflow/dags/7.1-ExternalTaskSensor.py took 0.044 seconds
[2024-09-30 19:01:09,305] {processor.py:153} INFO - Started process (PID=14666) to work on /opt/airflow/dags/7.1-ExternalTaskSensor.py
[2024-09-30 19:01:09,305] {processor.py:641} INFO - Processing file /opt/airflow/dags/7.1-ExternalTaskSensor.py for tasks to queue
[2024-09-30 19:01:09,306] {logging_mixin.py:115} INFO - [2024-09-30 19:01:09,306] {dagbag.py:508} INFO - Filling up the DagBag from /opt/airflow/dags/7.1-ExternalTaskSensor.py
[2024-09-30 19:01:09,311] {processor.py:651} INFO - DAG(s) dict_keys(['7.1-ExternalTaskSensor']) retrieved from /opt/airflow/dags/7.1-ExternalTaskSensor.py
[2024-09-30 19:01:09,332] {logging_mixin.py:115} INFO - [2024-09-30 19:01:09,332] {dag.py:2420} INFO - Sync 1 DAGs
[2024-09-30 19:01:09,347] {logging_mixin.py:115} INFO - [2024-09-30 19:01:09,346] {dag.py:2972} INFO - Setting next_dagrun for 7.1-ExternalTaskSensor to 2024-08-12T00:00:00+00:00, run_after=2024-08-13T00:00:00+00:00
[2024-09-30 19:01:09,354] {processor.py:161} INFO - Processing /opt/airflow/dags/7.1-ExternalTaskSensor.py took 0.051 seconds
[2024-09-30 19:01:39,796] {processor.py:153} INFO - Started process (PID=14700) to work on /opt/airflow/dags/7.1-ExternalTaskSensor.py
[2024-09-30 19:01:39,796] {processor.py:641} INFO - Processing file /opt/airflow/dags/7.1-ExternalTaskSensor.py for tasks to queue
[2024-09-30 19:01:39,797] {logging_mixin.py:115} INFO - [2024-09-30 19:01:39,797] {dagbag.py:508} INFO - Filling up the DagBag from /opt/airflow/dags/7.1-ExternalTaskSensor.py
[2024-09-30 19:01:39,803] {processor.py:651} INFO - DAG(s) dict_keys(['7.1-ExternalTaskSensor']) retrieved from /opt/airflow/dags/7.1-ExternalTaskSensor.py
[2024-09-30 19:01:39,820] {logging_mixin.py:115} INFO - [2024-09-30 19:01:39,820] {dag.py:2420} INFO - Sync 1 DAGs
[2024-09-30 19:01:39,839] {logging_mixin.py:115} INFO - [2024-09-30 19:01:39,839] {dag.py:2972} INFO - Setting next_dagrun for 7.1-ExternalTaskSensor to 2024-08-12T00:00:00+00:00, run_after=2024-08-13T00:00:00+00:00
[2024-09-30 19:01:39,846] {processor.py:161} INFO - Processing /opt/airflow/dags/7.1-ExternalTaskSensor.py took 0.053 seconds
[2024-09-30 19:02:10,274] {processor.py:153} INFO - Started process (PID=14741) to work on /opt/airflow/dags/7.1-ExternalTaskSensor.py
[2024-09-30 19:02:10,275] {processor.py:641} INFO - Processing file /opt/airflow/dags/7.1-ExternalTaskSensor.py for tasks to queue
[2024-09-30 19:02:10,275] {logging_mixin.py:115} INFO - [2024-09-30 19:02:10,275] {dagbag.py:508} INFO - Filling up the DagBag from /opt/airflow/dags/7.1-ExternalTaskSensor.py
[2024-09-30 19:02:10,280] {processor.py:651} INFO - DAG(s) dict_keys(['7.1-ExternalTaskSensor']) retrieved from /opt/airflow/dags/7.1-ExternalTaskSensor.py
[2024-09-30 19:02:10,297] {logging_mixin.py:115} INFO - [2024-09-30 19:02:10,297] {dag.py:2420} INFO - Sync 1 DAGs
[2024-09-30 19:02:10,311] {logging_mixin.py:115} INFO - [2024-09-30 19:02:10,311] {dag.py:2972} INFO - Setting next_dagrun for 7.1-ExternalTaskSensor to 2024-08-12T00:00:00+00:00, run_after=2024-08-13T00:00:00+00:00
[2024-09-30 19:02:10,318] {processor.py:161} INFO - Processing /opt/airflow/dags/7.1-ExternalTaskSensor.py took 0.046 seconds
[2024-09-30 19:02:40,752] {processor.py:153} INFO - Started process (PID=14781) to work on /opt/airflow/dags/7.1-ExternalTaskSensor.py
[2024-09-30 19:02:40,752] {processor.py:641} INFO - Processing file /opt/airflow/dags/7.1-ExternalTaskSensor.py for tasks to queue
[2024-09-30 19:02:40,753] {logging_mixin.py:115} INFO - [2024-09-30 19:02:40,753] {dagbag.py:508} INFO - Filling up the DagBag from /opt/airflow/dags/7.1-ExternalTaskSensor.py
[2024-09-30 19:02:40,758] {processor.py:651} INFO - DAG(s) dict_keys(['7.1-ExternalTaskSensor']) retrieved from /opt/airflow/dags/7.1-ExternalTaskSensor.py
[2024-09-30 19:02:40,773] {logging_mixin.py:115} INFO - [2024-09-30 19:02:40,773] {dag.py:2420} INFO - Sync 1 DAGs
[2024-09-30 19:02:40,786] {logging_mixin.py:115} INFO - [2024-09-30 19:02:40,786] {dag.py:2972} INFO - Setting next_dagrun for 7.1-ExternalTaskSensor to 2024-08-12T00:00:00+00:00, run_after=2024-08-13T00:00:00+00:00
[2024-09-30 19:02:40,792] {processor.py:161} INFO - Processing /opt/airflow/dags/7.1-ExternalTaskSensor.py took 0.043 seconds
[2024-09-30 19:03:11,256] {processor.py:153} INFO - Started process (PID=14822) to work on /opt/airflow/dags/7.1-ExternalTaskSensor.py
[2024-09-30 19:03:11,257] {processor.py:641} INFO - Processing file /opt/airflow/dags/7.1-ExternalTaskSensor.py for tasks to queue
[2024-09-30 19:03:11,257] {logging_mixin.py:115} INFO - [2024-09-30 19:03:11,257] {dagbag.py:508} INFO - Filling up the DagBag from /opt/airflow/dags/7.1-ExternalTaskSensor.py
[2024-09-30 19:03:11,263] {processor.py:651} INFO - DAG(s) dict_keys(['7.1-ExternalTaskSensor']) retrieved from /opt/airflow/dags/7.1-ExternalTaskSensor.py
[2024-09-30 19:03:11,280] {logging_mixin.py:115} INFO - [2024-09-30 19:03:11,280] {dag.py:2420} INFO - Sync 1 DAGs
[2024-09-30 19:03:11,295] {logging_mixin.py:115} INFO - [2024-09-30 19:03:11,294] {dag.py:2972} INFO - Setting next_dagrun for 7.1-ExternalTaskSensor to 2024-08-12T00:00:00+00:00, run_after=2024-08-13T00:00:00+00:00
[2024-09-30 19:03:11,302] {processor.py:161} INFO - Processing /opt/airflow/dags/7.1-ExternalTaskSensor.py took 0.049 seconds
[2024-09-30 19:03:41,731] {processor.py:153} INFO - Started process (PID=14863) to work on /opt/airflow/dags/7.1-ExternalTaskSensor.py
[2024-09-30 19:03:41,732] {processor.py:641} INFO - Processing file /opt/airflow/dags/7.1-ExternalTaskSensor.py for tasks to queue
[2024-09-30 19:03:41,732] {logging_mixin.py:115} INFO - [2024-09-30 19:03:41,732] {dagbag.py:508} INFO - Filling up the DagBag from /opt/airflow/dags/7.1-ExternalTaskSensor.py
[2024-09-30 19:03:41,737] {processor.py:651} INFO - DAG(s) dict_keys(['7.1-ExternalTaskSensor']) retrieved from /opt/airflow/dags/7.1-ExternalTaskSensor.py
[2024-09-30 19:03:41,753] {logging_mixin.py:115} INFO - [2024-09-30 19:03:41,753] {dag.py:2420} INFO - Sync 1 DAGs
[2024-09-30 19:03:41,768] {logging_mixin.py:115} INFO - [2024-09-30 19:03:41,768] {dag.py:2972} INFO - Setting next_dagrun for 7.1-ExternalTaskSensor to 2024-08-12T00:00:00+00:00, run_after=2024-08-13T00:00:00+00:00
[2024-09-30 19:03:41,775] {processor.py:161} INFO - Processing /opt/airflow/dags/7.1-ExternalTaskSensor.py took 0.046 seconds
[2024-09-30 19:04:12,202] {processor.py:153} INFO - Started process (PID=14895) to work on /opt/airflow/dags/7.1-ExternalTaskSensor.py
[2024-09-30 19:04:12,202] {processor.py:641} INFO - Processing file /opt/airflow/dags/7.1-ExternalTaskSensor.py for tasks to queue
[2024-09-30 19:04:12,203] {logging_mixin.py:115} INFO - [2024-09-30 19:04:12,203] {dagbag.py:508} INFO - Filling up the DagBag from /opt/airflow/dags/7.1-ExternalTaskSensor.py
[2024-09-30 19:04:12,208] {processor.py:651} INFO - DAG(s) dict_keys(['7.1-ExternalTaskSensor']) retrieved from /opt/airflow/dags/7.1-ExternalTaskSensor.py
[2024-09-30 19:04:12,223] {logging_mixin.py:115} INFO - [2024-09-30 19:04:12,223] {dag.py:2420} INFO - Sync 1 DAGs
[2024-09-30 19:04:12,237] {logging_mixin.py:115} INFO - [2024-09-30 19:04:12,237] {dag.py:2972} INFO - Setting next_dagrun for 7.1-ExternalTaskSensor to 2024-08-12T00:00:00+00:00, run_after=2024-08-13T00:00:00+00:00
[2024-09-30 19:04:12,244] {processor.py:161} INFO - Processing /opt/airflow/dags/7.1-ExternalTaskSensor.py took 0.044 seconds
[2024-09-30 19:04:42,718] {processor.py:153} INFO - Started process (PID=14936) to work on /opt/airflow/dags/7.1-ExternalTaskSensor.py
[2024-09-30 19:04:42,718] {processor.py:641} INFO - Processing file /opt/airflow/dags/7.1-ExternalTaskSensor.py for tasks to queue
[2024-09-30 19:04:42,719] {logging_mixin.py:115} INFO - [2024-09-30 19:04:42,719] {dagbag.py:508} INFO - Filling up the DagBag from /opt/airflow/dags/7.1-ExternalTaskSensor.py
[2024-09-30 19:04:42,723] {processor.py:651} INFO - DAG(s) dict_keys(['7.1-ExternalTaskSensor']) retrieved from /opt/airflow/dags/7.1-ExternalTaskSensor.py
[2024-09-30 19:04:42,739] {logging_mixin.py:115} INFO - [2024-09-30 19:04:42,739] {dag.py:2420} INFO - Sync 1 DAGs
[2024-09-30 19:04:42,752] {logging_mixin.py:115} INFO - [2024-09-30 19:04:42,752] {dag.py:2972} INFO - Setting next_dagrun for 7.1-ExternalTaskSensor to 2024-08-12T00:00:00+00:00, run_after=2024-08-13T00:00:00+00:00
[2024-09-30 19:04:42,759] {processor.py:161} INFO - Processing /opt/airflow/dags/7.1-ExternalTaskSensor.py took 0.044 seconds
[2024-09-30 19:05:13,248] {processor.py:153} INFO - Started process (PID=14977) to work on /opt/airflow/dags/7.1-ExternalTaskSensor.py
[2024-09-30 19:05:13,248] {processor.py:641} INFO - Processing file /opt/airflow/dags/7.1-ExternalTaskSensor.py for tasks to queue
[2024-09-30 19:05:13,249] {logging_mixin.py:115} INFO - [2024-09-30 19:05:13,248] {dagbag.py:508} INFO - Filling up the DagBag from /opt/airflow/dags/7.1-ExternalTaskSensor.py
[2024-09-30 19:05:13,254] {processor.py:651} INFO - DAG(s) dict_keys(['7.1-ExternalTaskSensor']) retrieved from /opt/airflow/dags/7.1-ExternalTaskSensor.py
[2024-09-30 19:05:13,270] {logging_mixin.py:115} INFO - [2024-09-30 19:05:13,270] {dag.py:2420} INFO - Sync 1 DAGs
[2024-09-30 19:05:13,285] {logging_mixin.py:115} INFO - [2024-09-30 19:05:13,285] {dag.py:2972} INFO - Setting next_dagrun for 7.1-ExternalTaskSensor to 2024-08-12T00:00:00+00:00, run_after=2024-08-13T00:00:00+00:00
[2024-09-30 19:05:13,292] {processor.py:161} INFO - Processing /opt/airflow/dags/7.1-ExternalTaskSensor.py took 0.046 seconds
[2024-09-30 19:05:43,726] {processor.py:153} INFO - Started process (PID=15018) to work on /opt/airflow/dags/7.1-ExternalTaskSensor.py
[2024-09-30 19:05:43,726] {processor.py:641} INFO - Processing file /opt/airflow/dags/7.1-ExternalTaskSensor.py for tasks to queue
[2024-09-30 19:05:43,726] {logging_mixin.py:115} INFO - [2024-09-30 19:05:43,726] {dagbag.py:508} INFO - Filling up the DagBag from /opt/airflow/dags/7.1-ExternalTaskSensor.py
[2024-09-30 19:05:43,733] {processor.py:651} INFO - DAG(s) dict_keys(['7.1-ExternalTaskSensor']) retrieved from /opt/airflow/dags/7.1-ExternalTaskSensor.py
[2024-09-30 19:05:43,749] {logging_mixin.py:115} INFO - [2024-09-30 19:05:43,749] {dag.py:2420} INFO - Sync 1 DAGs
[2024-09-30 19:05:43,763] {logging_mixin.py:115} INFO - [2024-09-30 19:05:43,763] {dag.py:2972} INFO - Setting next_dagrun for 7.1-ExternalTaskSensor to 2024-08-12T00:00:00+00:00, run_after=2024-08-13T00:00:00+00:00
[2024-09-30 19:05:43,771] {processor.py:161} INFO - Processing /opt/airflow/dags/7.1-ExternalTaskSensor.py took 0.047 seconds
[2024-09-30 19:06:14,247] {processor.py:153} INFO - Started process (PID=15059) to work on /opt/airflow/dags/7.1-ExternalTaskSensor.py
[2024-09-30 19:06:14,248] {processor.py:641} INFO - Processing file /opt/airflow/dags/7.1-ExternalTaskSensor.py for tasks to queue
[2024-09-30 19:06:14,248] {logging_mixin.py:115} INFO - [2024-09-30 19:06:14,248] {dagbag.py:508} INFO - Filling up the DagBag from /opt/airflow/dags/7.1-ExternalTaskSensor.py
[2024-09-30 19:06:14,254] {processor.py:651} INFO - DAG(s) dict_keys(['7.1-ExternalTaskSensor']) retrieved from /opt/airflow/dags/7.1-ExternalTaskSensor.py
[2024-09-30 19:06:14,270] {logging_mixin.py:115} INFO - [2024-09-30 19:06:14,270] {dag.py:2420} INFO - Sync 1 DAGs
[2024-09-30 19:06:14,284] {logging_mixin.py:115} INFO - [2024-09-30 19:06:14,284] {dag.py:2972} INFO - Setting next_dagrun for 7.1-ExternalTaskSensor to 2024-08-12T00:00:00+00:00, run_after=2024-08-13T00:00:00+00:00
[2024-09-30 19:06:14,292] {processor.py:161} INFO - Processing /opt/airflow/dags/7.1-ExternalTaskSensor.py took 0.047 seconds
[2024-09-30 19:06:44,724] {processor.py:153} INFO - Started process (PID=15100) to work on /opt/airflow/dags/7.1-ExternalTaskSensor.py
[2024-09-30 19:06:44,725] {processor.py:641} INFO - Processing file /opt/airflow/dags/7.1-ExternalTaskSensor.py for tasks to queue
[2024-09-30 19:06:44,725] {logging_mixin.py:115} INFO - [2024-09-30 19:06:44,725] {dagbag.py:508} INFO - Filling up the DagBag from /opt/airflow/dags/7.1-ExternalTaskSensor.py
[2024-09-30 19:06:44,730] {processor.py:651} INFO - DAG(s) dict_keys(['7.1-ExternalTaskSensor']) retrieved from /opt/airflow/dags/7.1-ExternalTaskSensor.py
[2024-09-30 19:06:44,745] {logging_mixin.py:115} INFO - [2024-09-30 19:06:44,745] {dag.py:2420} INFO - Sync 1 DAGs
[2024-09-30 19:06:44,759] {logging_mixin.py:115} INFO - [2024-09-30 19:06:44,759] {dag.py:2972} INFO - Setting next_dagrun for 7.1-ExternalTaskSensor to 2024-08-12T00:00:00+00:00, run_after=2024-08-13T00:00:00+00:00
[2024-09-30 19:06:44,765] {processor.py:161} INFO - Processing /opt/airflow/dags/7.1-ExternalTaskSensor.py took 0.043 seconds
[2024-09-30 19:07:15,236] {processor.py:153} INFO - Started process (PID=15132) to work on /opt/airflow/dags/7.1-ExternalTaskSensor.py
[2024-09-30 19:07:15,237] {processor.py:641} INFO - Processing file /opt/airflow/dags/7.1-ExternalTaskSensor.py for tasks to queue
[2024-09-30 19:07:15,237] {logging_mixin.py:115} INFO - [2024-09-30 19:07:15,237] {dagbag.py:508} INFO - Filling up the DagBag from /opt/airflow/dags/7.1-ExternalTaskSensor.py
[2024-09-30 19:07:15,242] {processor.py:651} INFO - DAG(s) dict_keys(['7.1-ExternalTaskSensor']) retrieved from /opt/airflow/dags/7.1-ExternalTaskSensor.py
[2024-09-30 19:07:15,258] {logging_mixin.py:115} INFO - [2024-09-30 19:07:15,258] {dag.py:2420} INFO - Sync 1 DAGs
[2024-09-30 19:07:15,272] {logging_mixin.py:115} INFO - [2024-09-30 19:07:15,272] {dag.py:2972} INFO - Setting next_dagrun for 7.1-ExternalTaskSensor to 2024-08-12T00:00:00+00:00, run_after=2024-08-13T00:00:00+00:00
[2024-09-30 19:07:15,279] {processor.py:161} INFO - Processing /opt/airflow/dags/7.1-ExternalTaskSensor.py took 0.046 seconds
[2024-09-30 19:07:45,770] {processor.py:153} INFO - Started process (PID=15173) to work on /opt/airflow/dags/7.1-ExternalTaskSensor.py
[2024-09-30 19:07:45,771] {processor.py:641} INFO - Processing file /opt/airflow/dags/7.1-ExternalTaskSensor.py for tasks to queue
[2024-09-30 19:07:45,771] {logging_mixin.py:115} INFO - [2024-09-30 19:07:45,771] {dagbag.py:508} INFO - Filling up the DagBag from /opt/airflow/dags/7.1-ExternalTaskSensor.py
[2024-09-30 19:07:45,777] {processor.py:651} INFO - DAG(s) dict_keys(['7.1-ExternalTaskSensor']) retrieved from /opt/airflow/dags/7.1-ExternalTaskSensor.py
[2024-09-30 19:07:45,794] {logging_mixin.py:115} INFO - [2024-09-30 19:07:45,793] {dag.py:2420} INFO - Sync 1 DAGs
[2024-09-30 19:07:45,807] {logging_mixin.py:115} INFO - [2024-09-30 19:07:45,807] {dag.py:2972} INFO - Setting next_dagrun for 7.1-ExternalTaskSensor to 2024-08-12T00:00:00+00:00, run_after=2024-08-13T00:00:00+00:00
[2024-09-30 19:07:45,814] {processor.py:161} INFO - Processing /opt/airflow/dags/7.1-ExternalTaskSensor.py took 0.046 seconds
[2024-09-30 19:08:16,236] {processor.py:153} INFO - Started process (PID=15214) to work on /opt/airflow/dags/7.1-ExternalTaskSensor.py
[2024-09-30 19:08:16,237] {processor.py:641} INFO - Processing file /opt/airflow/dags/7.1-ExternalTaskSensor.py for tasks to queue
[2024-09-30 19:08:16,237] {logging_mixin.py:115} INFO - [2024-09-30 19:08:16,237] {dagbag.py:508} INFO - Filling up the DagBag from /opt/airflow/dags/7.1-ExternalTaskSensor.py
[2024-09-30 19:08:16,243] {processor.py:651} INFO - DAG(s) dict_keys(['7.1-ExternalTaskSensor']) retrieved from /opt/airflow/dags/7.1-ExternalTaskSensor.py
[2024-09-30 19:08:16,258] {logging_mixin.py:115} INFO - [2024-09-30 19:08:16,258] {dag.py:2420} INFO - Sync 1 DAGs
[2024-09-30 19:08:16,272] {logging_mixin.py:115} INFO - [2024-09-30 19:08:16,272] {dag.py:2972} INFO - Setting next_dagrun for 7.1-ExternalTaskSensor to 2024-08-12T00:00:00+00:00, run_after=2024-08-13T00:00:00+00:00
[2024-09-30 19:08:16,279] {processor.py:161} INFO - Processing /opt/airflow/dags/7.1-ExternalTaskSensor.py took 0.045 seconds
[2024-09-30 19:08:46,767] {processor.py:153} INFO - Started process (PID=15255) to work on /opt/airflow/dags/7.1-ExternalTaskSensor.py
[2024-09-30 19:08:46,768] {processor.py:641} INFO - Processing file /opt/airflow/dags/7.1-ExternalTaskSensor.py for tasks to queue
[2024-09-30 19:08:46,768] {logging_mixin.py:115} INFO - [2024-09-30 19:08:46,768] {dagbag.py:508} INFO - Filling up the DagBag from /opt/airflow/dags/7.1-ExternalTaskSensor.py
[2024-09-30 19:08:46,773] {processor.py:651} INFO - DAG(s) dict_keys(['7.1-ExternalTaskSensor']) retrieved from /opt/airflow/dags/7.1-ExternalTaskSensor.py
[2024-09-30 19:08:46,789] {logging_mixin.py:115} INFO - [2024-09-30 19:08:46,789] {dag.py:2420} INFO - Sync 1 DAGs
[2024-09-30 19:08:46,804] {logging_mixin.py:115} INFO - [2024-09-30 19:08:46,803] {dag.py:2972} INFO - Setting next_dagrun for 7.1-ExternalTaskSensor to 2024-08-12T00:00:00+00:00, run_after=2024-08-13T00:00:00+00:00
[2024-09-30 19:08:46,811] {processor.py:161} INFO - Processing /opt/airflow/dags/7.1-ExternalTaskSensor.py took 0.046 seconds
[2024-09-30 19:09:17,293] {processor.py:153} INFO - Started process (PID=15295) to work on /opt/airflow/dags/7.1-ExternalTaskSensor.py
[2024-09-30 19:09:17,293] {processor.py:641} INFO - Processing file /opt/airflow/dags/7.1-ExternalTaskSensor.py for tasks to queue
[2024-09-30 19:09:17,294] {logging_mixin.py:115} INFO - [2024-09-30 19:09:17,294] {dagbag.py:508} INFO - Filling up the DagBag from /opt/airflow/dags/7.1-ExternalTaskSensor.py
[2024-09-30 19:09:17,299] {processor.py:651} INFO - DAG(s) dict_keys(['7.1-ExternalTaskSensor']) retrieved from /opt/airflow/dags/7.1-ExternalTaskSensor.py
[2024-09-30 19:09:17,315] {logging_mixin.py:115} INFO - [2024-09-30 19:09:17,315] {dag.py:2420} INFO - Sync 1 DAGs
[2024-09-30 19:09:17,329] {logging_mixin.py:115} INFO - [2024-09-30 19:09:17,329] {dag.py:2972} INFO - Setting next_dagrun for 7.1-ExternalTaskSensor to 2024-08-12T00:00:00+00:00, run_after=2024-08-13T00:00:00+00:00
[2024-09-30 19:09:17,336] {processor.py:161} INFO - Processing /opt/airflow/dags/7.1-ExternalTaskSensor.py took 0.045 seconds
[2024-09-30 19:09:47,801] {processor.py:153} INFO - Started process (PID=15336) to work on /opt/airflow/dags/7.1-ExternalTaskSensor.py
[2024-09-30 19:09:47,801] {processor.py:641} INFO - Processing file /opt/airflow/dags/7.1-ExternalTaskSensor.py for tasks to queue
[2024-09-30 19:09:47,802] {logging_mixin.py:115} INFO - [2024-09-30 19:09:47,802] {dagbag.py:508} INFO - Filling up the DagBag from /opt/airflow/dags/7.1-ExternalTaskSensor.py
[2024-09-30 19:09:47,807] {processor.py:651} INFO - DAG(s) dict_keys(['7.1-ExternalTaskSensor']) retrieved from /opt/airflow/dags/7.1-ExternalTaskSensor.py
[2024-09-30 19:09:47,824] {logging_mixin.py:115} INFO - [2024-09-30 19:09:47,823] {dag.py:2420} INFO - Sync 1 DAGs
[2024-09-30 19:09:47,838] {logging_mixin.py:115} INFO - [2024-09-30 19:09:47,838] {dag.py:2972} INFO - Setting next_dagrun for 7.1-ExternalTaskSensor to 2024-08-12T00:00:00+00:00, run_after=2024-08-13T00:00:00+00:00
[2024-09-30 19:09:47,845] {processor.py:161} INFO - Processing /opt/airflow/dags/7.1-ExternalTaskSensor.py took 0.047 seconds
[2024-09-30 19:10:18,272] {processor.py:153} INFO - Started process (PID=15368) to work on /opt/airflow/dags/7.1-ExternalTaskSensor.py
[2024-09-30 19:10:18,272] {processor.py:641} INFO - Processing file /opt/airflow/dags/7.1-ExternalTaskSensor.py for tasks to queue
[2024-09-30 19:10:18,272] {logging_mixin.py:115} INFO - [2024-09-30 19:10:18,272] {dagbag.py:508} INFO - Filling up the DagBag from /opt/airflow/dags/7.1-ExternalTaskSensor.py
[2024-09-30 19:10:18,278] {processor.py:651} INFO - DAG(s) dict_keys(['7.1-ExternalTaskSensor']) retrieved from /opt/airflow/dags/7.1-ExternalTaskSensor.py
[2024-09-30 19:10:18,293] {logging_mixin.py:115} INFO - [2024-09-30 19:10:18,293] {dag.py:2420} INFO - Sync 1 DAGs
[2024-09-30 19:10:18,306] {logging_mixin.py:115} INFO - [2024-09-30 19:10:18,306] {dag.py:2972} INFO - Setting next_dagrun for 7.1-ExternalTaskSensor to 2024-08-12T00:00:00+00:00, run_after=2024-08-13T00:00:00+00:00
[2024-09-30 19:10:18,312] {processor.py:161} INFO - Processing /opt/airflow/dags/7.1-ExternalTaskSensor.py took 0.043 seconds
[2024-09-30 19:10:48,783] {processor.py:153} INFO - Started process (PID=15409) to work on /opt/airflow/dags/7.1-ExternalTaskSensor.py
[2024-09-30 19:10:48,783] {processor.py:641} INFO - Processing file /opt/airflow/dags/7.1-ExternalTaskSensor.py for tasks to queue
[2024-09-30 19:10:48,784] {logging_mixin.py:115} INFO - [2024-09-30 19:10:48,784] {dagbag.py:508} INFO - Filling up the DagBag from /opt/airflow/dags/7.1-ExternalTaskSensor.py
[2024-09-30 19:10:48,790] {processor.py:651} INFO - DAG(s) dict_keys(['7.1-ExternalTaskSensor']) retrieved from /opt/airflow/dags/7.1-ExternalTaskSensor.py
[2024-09-30 19:10:48,805] {logging_mixin.py:115} INFO - [2024-09-30 19:10:48,805] {dag.py:2420} INFO - Sync 1 DAGs
[2024-09-30 19:10:48,820] {logging_mixin.py:115} INFO - [2024-09-30 19:10:48,820] {dag.py:2972} INFO - Setting next_dagrun for 7.1-ExternalTaskSensor to 2024-08-12T00:00:00+00:00, run_after=2024-08-13T00:00:00+00:00
[2024-09-30 19:10:48,828] {processor.py:161} INFO - Processing /opt/airflow/dags/7.1-ExternalTaskSensor.py took 0.047 seconds
[2024-09-30 19:11:19,296] {processor.py:153} INFO - Started process (PID=15449) to work on /opt/airflow/dags/7.1-ExternalTaskSensor.py
[2024-09-30 19:11:19,297] {processor.py:641} INFO - Processing file /opt/airflow/dags/7.1-ExternalTaskSensor.py for tasks to queue
[2024-09-30 19:11:19,297] {logging_mixin.py:115} INFO - [2024-09-30 19:11:19,297] {dagbag.py:508} INFO - Filling up the DagBag from /opt/airflow/dags/7.1-ExternalTaskSensor.py
[2024-09-30 19:11:19,303] {processor.py:651} INFO - DAG(s) dict_keys(['7.1-ExternalTaskSensor']) retrieved from /opt/airflow/dags/7.1-ExternalTaskSensor.py
[2024-09-30 19:11:19,320] {logging_mixin.py:115} INFO - [2024-09-30 19:11:19,319] {dag.py:2420} INFO - Sync 1 DAGs
[2024-09-30 19:11:19,335] {logging_mixin.py:115} INFO - [2024-09-30 19:11:19,335] {dag.py:2972} INFO - Setting next_dagrun for 7.1-ExternalTaskSensor to 2024-08-12T00:00:00+00:00, run_after=2024-08-13T00:00:00+00:00
[2024-09-30 19:11:19,342] {processor.py:161} INFO - Processing /opt/airflow/dags/7.1-ExternalTaskSensor.py took 0.048 seconds
[2024-09-30 19:11:49,823] {processor.py:153} INFO - Started process (PID=15490) to work on /opt/airflow/dags/7.1-ExternalTaskSensor.py
[2024-09-30 19:11:49,824] {processor.py:641} INFO - Processing file /opt/airflow/dags/7.1-ExternalTaskSensor.py for tasks to queue
[2024-09-30 19:11:49,824] {logging_mixin.py:115} INFO - [2024-09-30 19:11:49,824] {dagbag.py:508} INFO - Filling up the DagBag from /opt/airflow/dags/7.1-ExternalTaskSensor.py
[2024-09-30 19:11:49,829] {processor.py:651} INFO - DAG(s) dict_keys(['7.1-ExternalTaskSensor']) retrieved from /opt/airflow/dags/7.1-ExternalTaskSensor.py
[2024-09-30 19:11:49,845] {logging_mixin.py:115} INFO - [2024-09-30 19:11:49,845] {dag.py:2420} INFO - Sync 1 DAGs
[2024-09-30 19:11:49,858] {logging_mixin.py:115} INFO - [2024-09-30 19:11:49,858] {dag.py:2972} INFO - Setting next_dagrun for 7.1-ExternalTaskSensor to 2024-08-12T00:00:00+00:00, run_after=2024-08-13T00:00:00+00:00
[2024-09-30 19:11:49,865] {processor.py:161} INFO - Processing /opt/airflow/dags/7.1-ExternalTaskSensor.py took 0.044 seconds
[2024-09-30 19:12:20,344] {processor.py:153} INFO - Started process (PID=15531) to work on /opt/airflow/dags/7.1-ExternalTaskSensor.py
[2024-09-30 19:12:20,345] {processor.py:641} INFO - Processing file /opt/airflow/dags/7.1-ExternalTaskSensor.py for tasks to queue
[2024-09-30 19:12:20,345] {logging_mixin.py:115} INFO - [2024-09-30 19:12:20,345] {dagbag.py:508} INFO - Filling up the DagBag from /opt/airflow/dags/7.1-ExternalTaskSensor.py
[2024-09-30 19:12:20,350] {processor.py:651} INFO - DAG(s) dict_keys(['7.1-ExternalTaskSensor']) retrieved from /opt/airflow/dags/7.1-ExternalTaskSensor.py
[2024-09-30 19:12:20,366] {logging_mixin.py:115} INFO - [2024-09-30 19:12:20,366] {dag.py:2420} INFO - Sync 1 DAGs
[2024-09-30 19:12:20,379] {logging_mixin.py:115} INFO - [2024-09-30 19:12:20,379] {dag.py:2972} INFO - Setting next_dagrun for 7.1-ExternalTaskSensor to 2024-08-12T00:00:00+00:00, run_after=2024-08-13T00:00:00+00:00
[2024-09-30 19:12:20,386] {processor.py:161} INFO - Processing /opt/airflow/dags/7.1-ExternalTaskSensor.py took 0.045 seconds
[2024-09-30 19:12:50,893] {processor.py:153} INFO - Started process (PID=15572) to work on /opt/airflow/dags/7.1-ExternalTaskSensor.py
[2024-09-30 19:12:50,893] {processor.py:641} INFO - Processing file /opt/airflow/dags/7.1-ExternalTaskSensor.py for tasks to queue
[2024-09-30 19:12:50,894] {logging_mixin.py:115} INFO - [2024-09-30 19:12:50,893] {dagbag.py:508} INFO - Filling up the DagBag from /opt/airflow/dags/7.1-ExternalTaskSensor.py
[2024-09-30 19:12:50,900] {processor.py:651} INFO - DAG(s) dict_keys(['7.1-ExternalTaskSensor']) retrieved from /opt/airflow/dags/7.1-ExternalTaskSensor.py
[2024-09-30 19:12:50,920] {logging_mixin.py:115} INFO - [2024-09-30 19:12:50,920] {dag.py:2420} INFO - Sync 1 DAGs
[2024-09-30 19:12:50,938] {logging_mixin.py:115} INFO - [2024-09-30 19:12:50,938] {dag.py:2972} INFO - Setting next_dagrun for 7.1-ExternalTaskSensor to 2024-08-12T00:00:00+00:00, run_after=2024-08-13T00:00:00+00:00
[2024-09-30 19:12:50,948] {processor.py:161} INFO - Processing /opt/airflow/dags/7.1-ExternalTaskSensor.py took 0.058 seconds
[2024-09-30 19:13:21,402] {processor.py:153} INFO - Started process (PID=15604) to work on /opt/airflow/dags/7.1-ExternalTaskSensor.py
[2024-09-30 19:13:21,403] {processor.py:641} INFO - Processing file /opt/airflow/dags/7.1-ExternalTaskSensor.py for tasks to queue
[2024-09-30 19:13:21,403] {logging_mixin.py:115} INFO - [2024-09-30 19:13:21,403] {dagbag.py:508} INFO - Filling up the DagBag from /opt/airflow/dags/7.1-ExternalTaskSensor.py
[2024-09-30 19:13:21,409] {processor.py:651} INFO - DAG(s) dict_keys(['7.1-ExternalTaskSensor']) retrieved from /opt/airflow/dags/7.1-ExternalTaskSensor.py
[2024-09-30 19:13:21,423] {logging_mixin.py:115} INFO - [2024-09-30 19:13:21,423] {dag.py:2420} INFO - Sync 1 DAGs
[2024-09-30 19:13:21,438] {logging_mixin.py:115} INFO - [2024-09-30 19:13:21,438] {dag.py:2972} INFO - Setting next_dagrun for 7.1-ExternalTaskSensor to 2024-08-12T00:00:00+00:00, run_after=2024-08-13T00:00:00+00:00
[2024-09-30 19:13:21,445] {processor.py:161} INFO - Processing /opt/airflow/dags/7.1-ExternalTaskSensor.py took 0.045 seconds
[2024-09-30 19:13:51,942] {processor.py:153} INFO - Started process (PID=15645) to work on /opt/airflow/dags/7.1-ExternalTaskSensor.py
[2024-09-30 19:13:51,943] {processor.py:641} INFO - Processing file /opt/airflow/dags/7.1-ExternalTaskSensor.py for tasks to queue
[2024-09-30 19:13:51,943] {logging_mixin.py:115} INFO - [2024-09-30 19:13:51,943] {dagbag.py:508} INFO - Filling up the DagBag from /opt/airflow/dags/7.1-ExternalTaskSensor.py
[2024-09-30 19:13:51,949] {processor.py:651} INFO - DAG(s) dict_keys(['7.1-ExternalTaskSensor']) retrieved from /opt/airflow/dags/7.1-ExternalTaskSensor.py
[2024-09-30 19:13:51,964] {logging_mixin.py:115} INFO - [2024-09-30 19:13:51,964] {dag.py:2420} INFO - Sync 1 DAGs
[2024-09-30 19:13:51,978] {logging_mixin.py:115} INFO - [2024-09-30 19:13:51,978] {dag.py:2972} INFO - Setting next_dagrun for 7.1-ExternalTaskSensor to 2024-08-12T00:00:00+00:00, run_after=2024-08-13T00:00:00+00:00
[2024-09-30 19:13:51,985] {processor.py:161} INFO - Processing /opt/airflow/dags/7.1-ExternalTaskSensor.py took 0.045 seconds
[2024-09-30 19:14:22,469] {processor.py:153} INFO - Started process (PID=15686) to work on /opt/airflow/dags/7.1-ExternalTaskSensor.py
[2024-09-30 19:14:22,470] {processor.py:641} INFO - Processing file /opt/airflow/dags/7.1-ExternalTaskSensor.py for tasks to queue
[2024-09-30 19:14:22,470] {logging_mixin.py:115} INFO - [2024-09-30 19:14:22,470] {dagbag.py:508} INFO - Filling up the DagBag from /opt/airflow/dags/7.1-ExternalTaskSensor.py
[2024-09-30 19:14:22,476] {processor.py:651} INFO - DAG(s) dict_keys(['7.1-ExternalTaskSensor']) retrieved from /opt/airflow/dags/7.1-ExternalTaskSensor.py
[2024-09-30 19:14:22,494] {logging_mixin.py:115} INFO - [2024-09-30 19:14:22,494] {dag.py:2420} INFO - Sync 1 DAGs
[2024-09-30 19:14:22,509] {logging_mixin.py:115} INFO - [2024-09-30 19:14:22,509] {dag.py:2972} INFO - Setting next_dagrun for 7.1-ExternalTaskSensor to 2024-08-12T00:00:00+00:00, run_after=2024-08-13T00:00:00+00:00
[2024-09-30 19:14:22,516] {processor.py:161} INFO - Processing /opt/airflow/dags/7.1-ExternalTaskSensor.py took 0.049 seconds
[2024-09-30 19:14:52,935] {processor.py:153} INFO - Started process (PID=15726) to work on /opt/airflow/dags/7.1-ExternalTaskSensor.py
[2024-09-30 19:14:52,936] {processor.py:641} INFO - Processing file /opt/airflow/dags/7.1-ExternalTaskSensor.py for tasks to queue
[2024-09-30 19:14:52,936] {logging_mixin.py:115} INFO - [2024-09-30 19:14:52,936] {dagbag.py:508} INFO - Filling up the DagBag from /opt/airflow/dags/7.1-ExternalTaskSensor.py
[2024-09-30 19:14:52,941] {processor.py:651} INFO - DAG(s) dict_keys(['7.1-ExternalTaskSensor']) retrieved from /opt/airflow/dags/7.1-ExternalTaskSensor.py
[2024-09-30 19:14:52,957] {logging_mixin.py:115} INFO - [2024-09-30 19:14:52,957] {dag.py:2420} INFO - Sync 1 DAGs
[2024-09-30 19:14:52,970] {logging_mixin.py:115} INFO - [2024-09-30 19:14:52,970] {dag.py:2972} INFO - Setting next_dagrun for 7.1-ExternalTaskSensor to 2024-08-12T00:00:00+00:00, run_after=2024-08-13T00:00:00+00:00
[2024-09-30 19:14:52,977] {processor.py:161} INFO - Processing /opt/airflow/dags/7.1-ExternalTaskSensor.py took 0.046 seconds
[2024-09-30 19:15:23,453] {processor.py:153} INFO - Started process (PID=15767) to work on /opt/airflow/dags/7.1-ExternalTaskSensor.py
[2024-09-30 19:15:23,453] {processor.py:641} INFO - Processing file /opt/airflow/dags/7.1-ExternalTaskSensor.py for tasks to queue
[2024-09-30 19:15:23,453] {logging_mixin.py:115} INFO - [2024-09-30 19:15:23,453] {dagbag.py:508} INFO - Filling up the DagBag from /opt/airflow/dags/7.1-ExternalTaskSensor.py
[2024-09-30 19:15:23,459] {processor.py:651} INFO - DAG(s) dict_keys(['7.1-ExternalTaskSensor']) retrieved from /opt/airflow/dags/7.1-ExternalTaskSensor.py
[2024-09-30 19:15:23,475] {logging_mixin.py:115} INFO - [2024-09-30 19:15:23,475] {dag.py:2420} INFO - Sync 1 DAGs
[2024-09-30 19:15:23,489] {logging_mixin.py:115} INFO - [2024-09-30 19:15:23,489] {dag.py:2972} INFO - Setting next_dagrun for 7.1-ExternalTaskSensor to 2024-08-12T00:00:00+00:00, run_after=2024-08-13T00:00:00+00:00
[2024-09-30 19:15:23,496] {processor.py:161} INFO - Processing /opt/airflow/dags/7.1-ExternalTaskSensor.py took 0.046 seconds
[2024-09-30 19:15:53,974] {processor.py:153} INFO - Started process (PID=15808) to work on /opt/airflow/dags/7.1-ExternalTaskSensor.py
[2024-09-30 19:15:53,975] {processor.py:641} INFO - Processing file /opt/airflow/dags/7.1-ExternalTaskSensor.py for tasks to queue
[2024-09-30 19:15:53,975] {logging_mixin.py:115} INFO - [2024-09-30 19:15:53,975] {dagbag.py:508} INFO - Filling up the DagBag from /opt/airflow/dags/7.1-ExternalTaskSensor.py
[2024-09-30 19:15:53,981] {processor.py:651} INFO - DAG(s) dict_keys(['7.1-ExternalTaskSensor']) retrieved from /opt/airflow/dags/7.1-ExternalTaskSensor.py
[2024-09-30 19:15:53,999] {logging_mixin.py:115} INFO - [2024-09-30 19:15:53,999] {dag.py:2420} INFO - Sync 1 DAGs
[2024-09-30 19:15:54,014] {logging_mixin.py:115} INFO - [2024-09-30 19:15:54,014] {dag.py:2972} INFO - Setting next_dagrun for 7.1-ExternalTaskSensor to 2024-08-12T00:00:00+00:00, run_after=2024-08-13T00:00:00+00:00
[2024-09-30 19:15:54,022] {processor.py:161} INFO - Processing /opt/airflow/dags/7.1-ExternalTaskSensor.py took 0.050 seconds
[2024-09-30 19:16:24,471] {processor.py:153} INFO - Started process (PID=15840) to work on /opt/airflow/dags/7.1-ExternalTaskSensor.py
[2024-09-30 19:16:24,471] {processor.py:641} INFO - Processing file /opt/airflow/dags/7.1-ExternalTaskSensor.py for tasks to queue
[2024-09-30 19:16:24,472] {logging_mixin.py:115} INFO - [2024-09-30 19:16:24,472] {dagbag.py:508} INFO - Filling up the DagBag from /opt/airflow/dags/7.1-ExternalTaskSensor.py
[2024-09-30 19:16:24,477] {processor.py:651} INFO - DAG(s) dict_keys(['7.1-ExternalTaskSensor']) retrieved from /opt/airflow/dags/7.1-ExternalTaskSensor.py
[2024-09-30 19:16:24,493] {logging_mixin.py:115} INFO - [2024-09-30 19:16:24,493] {dag.py:2420} INFO - Sync 1 DAGs
[2024-09-30 19:16:24,509] {logging_mixin.py:115} INFO - [2024-09-30 19:16:24,509] {dag.py:2972} INFO - Setting next_dagrun for 7.1-ExternalTaskSensor to 2024-08-12T00:00:00+00:00, run_after=2024-08-13T00:00:00+00:00
[2024-09-30 19:16:24,519] {processor.py:161} INFO - Processing /opt/airflow/dags/7.1-ExternalTaskSensor.py took 0.050 seconds
[2024-09-30 19:16:54,995] {processor.py:153} INFO - Started process (PID=15880) to work on /opt/airflow/dags/7.1-ExternalTaskSensor.py
[2024-09-30 19:16:54,996] {processor.py:641} INFO - Processing file /opt/airflow/dags/7.1-ExternalTaskSensor.py for tasks to queue
[2024-09-30 19:16:54,996] {logging_mixin.py:115} INFO - [2024-09-30 19:16:54,996] {dagbag.py:508} INFO - Filling up the DagBag from /opt/airflow/dags/7.1-ExternalTaskSensor.py
[2024-09-30 19:16:55,002] {processor.py:651} INFO - DAG(s) dict_keys(['7.1-ExternalTaskSensor']) retrieved from /opt/airflow/dags/7.1-ExternalTaskSensor.py
[2024-09-30 19:16:55,021] {logging_mixin.py:115} INFO - [2024-09-30 19:16:55,021] {dag.py:2420} INFO - Sync 1 DAGs
[2024-09-30 19:16:55,035] {logging_mixin.py:115} INFO - [2024-09-30 19:16:55,035] {dag.py:2972} INFO - Setting next_dagrun for 7.1-ExternalTaskSensor to 2024-08-12T00:00:00+00:00, run_after=2024-08-13T00:00:00+00:00
[2024-09-30 19:16:55,042] {processor.py:161} INFO - Processing /opt/airflow/dags/7.1-ExternalTaskSensor.py took 0.049 seconds
[2024-09-30 19:17:25,524] {processor.py:153} INFO - Started process (PID=15921) to work on /opt/airflow/dags/7.1-ExternalTaskSensor.py
[2024-09-30 19:17:25,524] {processor.py:641} INFO - Processing file /opt/airflow/dags/7.1-ExternalTaskSensor.py for tasks to queue
[2024-09-30 19:17:25,525] {logging_mixin.py:115} INFO - [2024-09-30 19:17:25,525] {dagbag.py:508} INFO - Filling up the DagBag from /opt/airflow/dags/7.1-ExternalTaskSensor.py
[2024-09-30 19:17:25,530] {processor.py:651} INFO - DAG(s) dict_keys(['7.1-ExternalTaskSensor']) retrieved from /opt/airflow/dags/7.1-ExternalTaskSensor.py
[2024-09-30 19:17:25,546] {logging_mixin.py:115} INFO - [2024-09-30 19:17:25,546] {dag.py:2420} INFO - Sync 1 DAGs
[2024-09-30 19:17:25,561] {logging_mixin.py:115} INFO - [2024-09-30 19:17:25,561] {dag.py:2972} INFO - Setting next_dagrun for 7.1-ExternalTaskSensor to 2024-08-12T00:00:00+00:00, run_after=2024-08-13T00:00:00+00:00
[2024-09-30 19:17:25,568] {processor.py:161} INFO - Processing /opt/airflow/dags/7.1-ExternalTaskSensor.py took 0.046 seconds
[2024-09-30 19:17:56,053] {processor.py:153} INFO - Started process (PID=15962) to work on /opt/airflow/dags/7.1-ExternalTaskSensor.py
[2024-09-30 19:17:56,054] {processor.py:641} INFO - Processing file /opt/airflow/dags/7.1-ExternalTaskSensor.py for tasks to queue
[2024-09-30 19:17:56,054] {logging_mixin.py:115} INFO - [2024-09-30 19:17:56,054] {dagbag.py:508} INFO - Filling up the DagBag from /opt/airflow/dags/7.1-ExternalTaskSensor.py
[2024-09-30 19:17:56,060] {processor.py:651} INFO - DAG(s) dict_keys(['7.1-ExternalTaskSensor']) retrieved from /opt/airflow/dags/7.1-ExternalTaskSensor.py
[2024-09-30 19:17:56,075] {logging_mixin.py:115} INFO - [2024-09-30 19:17:56,075] {dag.py:2420} INFO - Sync 1 DAGs
[2024-09-30 19:17:56,088] {logging_mixin.py:115} INFO - [2024-09-30 19:17:56,088] {dag.py:2972} INFO - Setting next_dagrun for 7.1-ExternalTaskSensor to 2024-08-12T00:00:00+00:00, run_after=2024-08-13T00:00:00+00:00
[2024-09-30 19:17:56,098] {processor.py:161} INFO - Processing /opt/airflow/dags/7.1-ExternalTaskSensor.py took 0.047 seconds
[2024-09-30 19:18:26,574] {processor.py:153} INFO - Started process (PID=16003) to work on /opt/airflow/dags/7.1-ExternalTaskSensor.py
[2024-09-30 19:18:26,574] {processor.py:641} INFO - Processing file /opt/airflow/dags/7.1-ExternalTaskSensor.py for tasks to queue
[2024-09-30 19:18:26,574] {logging_mixin.py:115} INFO - [2024-09-30 19:18:26,574] {dagbag.py:508} INFO - Filling up the DagBag from /opt/airflow/dags/7.1-ExternalTaskSensor.py
[2024-09-30 19:18:26,582] {processor.py:651} INFO - DAG(s) dict_keys(['7.1-ExternalTaskSensor']) retrieved from /opt/airflow/dags/7.1-ExternalTaskSensor.py
[2024-09-30 19:18:26,600] {logging_mixin.py:115} INFO - [2024-09-30 19:18:26,600] {dag.py:2420} INFO - Sync 1 DAGs
[2024-09-30 19:18:26,614] {logging_mixin.py:115} INFO - [2024-09-30 19:18:26,614] {dag.py:2972} INFO - Setting next_dagrun for 7.1-ExternalTaskSensor to 2024-08-12T00:00:00+00:00, run_after=2024-08-13T00:00:00+00:00
[2024-09-30 19:18:26,621] {processor.py:161} INFO - Processing /opt/airflow/dags/7.1-ExternalTaskSensor.py took 0.050 seconds
[2024-09-30 19:18:57,043] {processor.py:153} INFO - Started process (PID=16044) to work on /opt/airflow/dags/7.1-ExternalTaskSensor.py
[2024-09-30 19:18:57,043] {processor.py:641} INFO - Processing file /opt/airflow/dags/7.1-ExternalTaskSensor.py for tasks to queue
[2024-09-30 19:18:57,043] {logging_mixin.py:115} INFO - [2024-09-30 19:18:57,043] {dagbag.py:508} INFO - Filling up the DagBag from /opt/airflow/dags/7.1-ExternalTaskSensor.py
[2024-09-30 19:18:57,050] {processor.py:651} INFO - DAG(s) dict_keys(['7.1-ExternalTaskSensor']) retrieved from /opt/airflow/dags/7.1-ExternalTaskSensor.py
[2024-09-30 19:18:57,068] {logging_mixin.py:115} INFO - [2024-09-30 19:18:57,068] {dag.py:2420} INFO - Sync 1 DAGs
[2024-09-30 19:18:57,084] {logging_mixin.py:115} INFO - [2024-09-30 19:18:57,084] {dag.py:2972} INFO - Setting next_dagrun for 7.1-ExternalTaskSensor to 2024-08-12T00:00:00+00:00, run_after=2024-08-13T00:00:00+00:00
[2024-09-30 19:18:57,091] {processor.py:161} INFO - Processing /opt/airflow/dags/7.1-ExternalTaskSensor.py took 0.051 seconds
[2024-09-30 19:19:27,562] {processor.py:153} INFO - Started process (PID=16076) to work on /opt/airflow/dags/7.1-ExternalTaskSensor.py
[2024-09-30 19:19:27,562] {processor.py:641} INFO - Processing file /opt/airflow/dags/7.1-ExternalTaskSensor.py for tasks to queue
[2024-09-30 19:19:27,563] {logging_mixin.py:115} INFO - [2024-09-30 19:19:27,563] {dagbag.py:508} INFO - Filling up the DagBag from /opt/airflow/dags/7.1-ExternalTaskSensor.py
[2024-09-30 19:19:27,568] {processor.py:651} INFO - DAG(s) dict_keys(['7.1-ExternalTaskSensor']) retrieved from /opt/airflow/dags/7.1-ExternalTaskSensor.py
[2024-09-30 19:19:27,583] {logging_mixin.py:115} INFO - [2024-09-30 19:19:27,583] {dag.py:2420} INFO - Sync 1 DAGs
[2024-09-30 19:19:27,597] {logging_mixin.py:115} INFO - [2024-09-30 19:19:27,597] {dag.py:2972} INFO - Setting next_dagrun for 7.1-ExternalTaskSensor to 2024-08-12T00:00:00+00:00, run_after=2024-08-13T00:00:00+00:00
[2024-09-30 19:19:27,604] {processor.py:161} INFO - Processing /opt/airflow/dags/7.1-ExternalTaskSensor.py took 0.044 seconds
[2024-09-30 19:19:58,108] {processor.py:153} INFO - Started process (PID=16116) to work on /opt/airflow/dags/7.1-ExternalTaskSensor.py
[2024-09-30 19:19:58,108] {processor.py:641} INFO - Processing file /opt/airflow/dags/7.1-ExternalTaskSensor.py for tasks to queue
[2024-09-30 19:19:58,109] {logging_mixin.py:115} INFO - [2024-09-30 19:19:58,109] {dagbag.py:508} INFO - Filling up the DagBag from /opt/airflow/dags/7.1-ExternalTaskSensor.py
[2024-09-30 19:19:58,114] {processor.py:651} INFO - DAG(s) dict_keys(['7.1-ExternalTaskSensor']) retrieved from /opt/airflow/dags/7.1-ExternalTaskSensor.py
[2024-09-30 19:19:58,130] {logging_mixin.py:115} INFO - [2024-09-30 19:19:58,130] {dag.py:2420} INFO - Sync 1 DAGs
[2024-09-30 19:19:58,145] {logging_mixin.py:115} INFO - [2024-09-30 19:19:58,145] {dag.py:2972} INFO - Setting next_dagrun for 7.1-ExternalTaskSensor to 2024-08-12T00:00:00+00:00, run_after=2024-08-13T00:00:00+00:00
[2024-09-30 19:19:58,152] {processor.py:161} INFO - Processing /opt/airflow/dags/7.1-ExternalTaskSensor.py took 0.046 seconds
[2024-09-30 19:20:28,684] {processor.py:153} INFO - Started process (PID=16157) to work on /opt/airflow/dags/7.1-ExternalTaskSensor.py
[2024-09-30 19:20:28,684] {processor.py:641} INFO - Processing file /opt/airflow/dags/7.1-ExternalTaskSensor.py for tasks to queue
[2024-09-30 19:20:28,685] {logging_mixin.py:115} INFO - [2024-09-30 19:20:28,685] {dagbag.py:508} INFO - Filling up the DagBag from /opt/airflow/dags/7.1-ExternalTaskSensor.py
[2024-09-30 19:20:28,691] {processor.py:651} INFO - DAG(s) dict_keys(['7.1-ExternalTaskSensor']) retrieved from /opt/airflow/dags/7.1-ExternalTaskSensor.py
[2024-09-30 19:20:28,708] {logging_mixin.py:115} INFO - [2024-09-30 19:20:28,708] {dag.py:2420} INFO - Sync 1 DAGs
[2024-09-30 19:20:28,723] {logging_mixin.py:115} INFO - [2024-09-30 19:20:28,723] {dag.py:2972} INFO - Setting next_dagrun for 7.1-ExternalTaskSensor to 2024-08-12T00:00:00+00:00, run_after=2024-08-13T00:00:00+00:00
[2024-09-30 19:20:28,732] {processor.py:161} INFO - Processing /opt/airflow/dags/7.1-ExternalTaskSensor.py took 0.050 seconds
[2024-09-30 19:20:59,353] {processor.py:153} INFO - Started process (PID=16198) to work on /opt/airflow/dags/7.1-ExternalTaskSensor.py
[2024-09-30 19:20:59,354] {processor.py:641} INFO - Processing file /opt/airflow/dags/7.1-ExternalTaskSensor.py for tasks to queue
[2024-09-30 19:20:59,354] {logging_mixin.py:115} INFO - [2024-09-30 19:20:59,354] {dagbag.py:508} INFO - Filling up the DagBag from /opt/airflow/dags/7.1-ExternalTaskSensor.py
[2024-09-30 19:20:59,363] {processor.py:651} INFO - DAG(s) dict_keys(['7.1-ExternalTaskSensor']) retrieved from /opt/airflow/dags/7.1-ExternalTaskSensor.py
[2024-09-30 19:20:59,386] {logging_mixin.py:115} INFO - [2024-09-30 19:20:59,386] {dag.py:2420} INFO - Sync 1 DAGs
[2024-09-30 19:20:59,407] {logging_mixin.py:115} INFO - [2024-09-30 19:20:59,407] {dag.py:2972} INFO - Setting next_dagrun for 7.1-ExternalTaskSensor to 2024-08-12T00:00:00+00:00, run_after=2024-08-13T00:00:00+00:00
[2024-09-30 19:20:59,418] {processor.py:161} INFO - Processing /opt/airflow/dags/7.1-ExternalTaskSensor.py took 0.067 seconds
[2024-09-30 19:21:29,933] {processor.py:153} INFO - Started process (PID=16239) to work on /opt/airflow/dags/7.1-ExternalTaskSensor.py
[2024-09-30 19:21:29,933] {processor.py:641} INFO - Processing file /opt/airflow/dags/7.1-ExternalTaskSensor.py for tasks to queue
[2024-09-30 19:21:29,933] {logging_mixin.py:115} INFO - [2024-09-30 19:21:29,933] {dagbag.py:508} INFO - Filling up the DagBag from /opt/airflow/dags/7.1-ExternalTaskSensor.py
[2024-09-30 19:21:29,940] {processor.py:651} INFO - DAG(s) dict_keys(['7.1-ExternalTaskSensor']) retrieved from /opt/airflow/dags/7.1-ExternalTaskSensor.py
[2024-09-30 19:21:29,958] {logging_mixin.py:115} INFO - [2024-09-30 19:21:29,958] {dag.py:2420} INFO - Sync 1 DAGs
[2024-09-30 19:21:29,975] {logging_mixin.py:115} INFO - [2024-09-30 19:21:29,975] {dag.py:2972} INFO - Setting next_dagrun for 7.1-ExternalTaskSensor to 2024-08-12T00:00:00+00:00, run_after=2024-08-13T00:00:00+00:00
[2024-09-30 19:21:29,984] {processor.py:161} INFO - Processing /opt/airflow/dags/7.1-ExternalTaskSensor.py took 0.054 seconds
[2024-09-30 19:22:00,455] {processor.py:153} INFO - Started process (PID=16271) to work on /opt/airflow/dags/7.1-ExternalTaskSensor.py
[2024-09-30 19:22:00,456] {processor.py:641} INFO - Processing file /opt/airflow/dags/7.1-ExternalTaskSensor.py for tasks to queue
[2024-09-30 19:22:00,456] {logging_mixin.py:115} INFO - [2024-09-30 19:22:00,456] {dagbag.py:508} INFO - Filling up the DagBag from /opt/airflow/dags/7.1-ExternalTaskSensor.py
[2024-09-30 19:22:00,461] {processor.py:651} INFO - DAG(s) dict_keys(['7.1-ExternalTaskSensor']) retrieved from /opt/airflow/dags/7.1-ExternalTaskSensor.py
[2024-09-30 19:22:00,484] {logging_mixin.py:115} INFO - [2024-09-30 19:22:00,484] {dag.py:2420} INFO - Sync 1 DAGs
[2024-09-30 19:22:00,501] {logging_mixin.py:115} INFO - [2024-09-30 19:22:00,501] {dag.py:2972} INFO - Setting next_dagrun for 7.1-ExternalTaskSensor to 2024-08-12T00:00:00+00:00, run_after=2024-08-13T00:00:00+00:00
[2024-09-30 19:22:00,509] {processor.py:161} INFO - Processing /opt/airflow/dags/7.1-ExternalTaskSensor.py took 0.057 seconds
[2024-09-30 19:22:31,026] {processor.py:153} INFO - Started process (PID=16312) to work on /opt/airflow/dags/7.1-ExternalTaskSensor.py
[2024-09-30 19:22:31,026] {processor.py:641} INFO - Processing file /opt/airflow/dags/7.1-ExternalTaskSensor.py for tasks to queue
[2024-09-30 19:22:31,026] {logging_mixin.py:115} INFO - [2024-09-30 19:22:31,026] {dagbag.py:508} INFO - Filling up the DagBag from /opt/airflow/dags/7.1-ExternalTaskSensor.py
[2024-09-30 19:22:31,032] {processor.py:651} INFO - DAG(s) dict_keys(['7.1-ExternalTaskSensor']) retrieved from /opt/airflow/dags/7.1-ExternalTaskSensor.py
[2024-09-30 19:22:31,050] {logging_mixin.py:115} INFO - [2024-09-30 19:22:31,050] {dag.py:2420} INFO - Sync 1 DAGs
[2024-09-30 19:22:31,066] {logging_mixin.py:115} INFO - [2024-09-30 19:22:31,066] {dag.py:2972} INFO - Setting next_dagrun for 7.1-ExternalTaskSensor to 2024-08-12T00:00:00+00:00, run_after=2024-08-13T00:00:00+00:00
[2024-09-30 19:22:31,074] {processor.py:161} INFO - Processing /opt/airflow/dags/7.1-ExternalTaskSensor.py took 0.050 seconds
[2024-09-30 19:23:01,595] {processor.py:153} INFO - Started process (PID=16353) to work on /opt/airflow/dags/7.1-ExternalTaskSensor.py
[2024-09-30 19:23:01,595] {processor.py:641} INFO - Processing file /opt/airflow/dags/7.1-ExternalTaskSensor.py for tasks to queue
[2024-09-30 19:23:01,596] {logging_mixin.py:115} INFO - [2024-09-30 19:23:01,596] {dagbag.py:508} INFO - Filling up the DagBag from /opt/airflow/dags/7.1-ExternalTaskSensor.py
[2024-09-30 19:23:01,601] {processor.py:651} INFO - DAG(s) dict_keys(['7.1-ExternalTaskSensor']) retrieved from /opt/airflow/dags/7.1-ExternalTaskSensor.py
[2024-09-30 19:23:01,618] {logging_mixin.py:115} INFO - [2024-09-30 19:23:01,618] {dag.py:2420} INFO - Sync 1 DAGs
[2024-09-30 19:23:01,632] {logging_mixin.py:115} INFO - [2024-09-30 19:23:01,632] {dag.py:2972} INFO - Setting next_dagrun for 7.1-ExternalTaskSensor to 2024-08-12T00:00:00+00:00, run_after=2024-08-13T00:00:00+00:00
[2024-09-30 19:23:01,640] {processor.py:161} INFO - Processing /opt/airflow/dags/7.1-ExternalTaskSensor.py took 0.047 seconds
[2024-09-30 19:23:32,155] {processor.py:153} INFO - Started process (PID=16394) to work on /opt/airflow/dags/7.1-ExternalTaskSensor.py
[2024-09-30 19:23:32,156] {processor.py:641} INFO - Processing file /opt/airflow/dags/7.1-ExternalTaskSensor.py for tasks to queue
[2024-09-30 19:23:32,156] {logging_mixin.py:115} INFO - [2024-09-30 19:23:32,156] {dagbag.py:508} INFO - Filling up the DagBag from /opt/airflow/dags/7.1-ExternalTaskSensor.py
[2024-09-30 19:23:32,162] {processor.py:651} INFO - DAG(s) dict_keys(['7.1-ExternalTaskSensor']) retrieved from /opt/airflow/dags/7.1-ExternalTaskSensor.py
[2024-09-30 19:23:32,179] {logging_mixin.py:115} INFO - [2024-09-30 19:23:32,179] {dag.py:2420} INFO - Sync 1 DAGs
[2024-09-30 19:23:32,194] {logging_mixin.py:115} INFO - [2024-09-30 19:23:32,194] {dag.py:2972} INFO - Setting next_dagrun for 7.1-ExternalTaskSensor to 2024-08-12T00:00:00+00:00, run_after=2024-08-13T00:00:00+00:00
[2024-09-30 19:23:32,202] {processor.py:161} INFO - Processing /opt/airflow/dags/7.1-ExternalTaskSensor.py took 0.049 seconds
