[2024-09-05 00:00:05,681] {processor.py:153} INFO - Started process (PID=14351) to work on /opt/airflow/dags/5.1-orchestration.py
[2024-09-05 00:00:05,681] {processor.py:641} INFO - Processing file /opt/airflow/dags/5.1-orchestration.py for tasks to queue
[2024-09-05 00:00:05,682] {logging_mixin.py:115} INFO - [2024-09-05 00:00:05,682] {dagbag.py:508} INFO - Filling up the DagBag from /opt/airflow/dags/5.1-orchestration.py
[2024-09-05 00:00:05,687] {processor.py:651} INFO - DAG(s) dict_keys(['5.1-orchestration']) retrieved from /opt/airflow/dags/5.1-orchestration.py
[2024-09-05 00:00:05,703] {logging_mixin.py:115} INFO - [2024-09-05 00:00:05,703] {dag.py:2420} INFO - Sync 1 DAGs
[2024-09-05 00:00:05,717] {logging_mixin.py:115} INFO - [2024-09-05 00:00:05,717] {dag.py:2972} INFO - Setting next_dagrun for 5.1-orchestration to 2024-05-20T00:00:00+00:00, run_after=2024-05-21T00:00:00+00:00
[2024-09-05 00:00:05,724] {processor.py:161} INFO - Processing /opt/airflow/dags/5.1-orchestration.py took 0.045 seconds
[2024-09-05 00:00:36,187] {processor.py:153} INFO - Started process (PID=14390) to work on /opt/airflow/dags/5.1-orchestration.py
[2024-09-05 00:00:36,188] {processor.py:641} INFO - Processing file /opt/airflow/dags/5.1-orchestration.py for tasks to queue
[2024-09-05 00:00:36,188] {logging_mixin.py:115} INFO - [2024-09-05 00:00:36,188] {dagbag.py:508} INFO - Filling up the DagBag from /opt/airflow/dags/5.1-orchestration.py
[2024-09-05 00:00:36,195] {processor.py:651} INFO - DAG(s) dict_keys(['5.1-orchestration']) retrieved from /opt/airflow/dags/5.1-orchestration.py
[2024-09-05 00:00:36,214] {logging_mixin.py:115} INFO - [2024-09-05 00:00:36,214] {dag.py:2420} INFO - Sync 1 DAGs
[2024-09-05 00:00:36,230] {logging_mixin.py:115} INFO - [2024-09-05 00:00:36,230] {dag.py:2972} INFO - Setting next_dagrun for 5.1-orchestration to 2024-05-20T00:00:00+00:00, run_after=2024-05-21T00:00:00+00:00
[2024-09-05 00:00:36,238] {processor.py:161} INFO - Processing /opt/airflow/dags/5.1-orchestration.py took 0.053 seconds
[2024-09-05 00:01:06,715] {processor.py:153} INFO - Started process (PID=14420) to work on /opt/airflow/dags/5.1-orchestration.py
[2024-09-05 00:01:06,715] {processor.py:641} INFO - Processing file /opt/airflow/dags/5.1-orchestration.py for tasks to queue
[2024-09-05 00:01:06,716] {logging_mixin.py:115} INFO - [2024-09-05 00:01:06,716] {dagbag.py:508} INFO - Filling up the DagBag from /opt/airflow/dags/5.1-orchestration.py
[2024-09-05 00:01:06,722] {processor.py:651} INFO - DAG(s) dict_keys(['5.1-orchestration']) retrieved from /opt/airflow/dags/5.1-orchestration.py
[2024-09-05 00:01:06,737] {logging_mixin.py:115} INFO - [2024-09-05 00:01:06,737] {dag.py:2420} INFO - Sync 1 DAGs
[2024-09-05 00:01:06,752] {logging_mixin.py:115} INFO - [2024-09-05 00:01:06,751] {dag.py:2972} INFO - Setting next_dagrun for 5.1-orchestration to 2024-05-20T00:00:00+00:00, run_after=2024-05-21T00:00:00+00:00
[2024-09-05 00:01:06,760] {processor.py:161} INFO - Processing /opt/airflow/dags/5.1-orchestration.py took 0.047 seconds
[2024-09-05 00:01:37,224] {processor.py:153} INFO - Started process (PID=14460) to work on /opt/airflow/dags/5.1-orchestration.py
[2024-09-05 00:01:37,224] {processor.py:641} INFO - Processing file /opt/airflow/dags/5.1-orchestration.py for tasks to queue
[2024-09-05 00:01:37,225] {logging_mixin.py:115} INFO - [2024-09-05 00:01:37,225] {dagbag.py:508} INFO - Filling up the DagBag from /opt/airflow/dags/5.1-orchestration.py
[2024-09-05 00:01:37,231] {processor.py:651} INFO - DAG(s) dict_keys(['5.1-orchestration']) retrieved from /opt/airflow/dags/5.1-orchestration.py
[2024-09-05 00:01:37,247] {logging_mixin.py:115} INFO - [2024-09-05 00:01:37,247] {dag.py:2420} INFO - Sync 1 DAGs
[2024-09-05 00:01:37,261] {logging_mixin.py:115} INFO - [2024-09-05 00:01:37,261] {dag.py:2972} INFO - Setting next_dagrun for 5.1-orchestration to 2024-05-20T00:00:00+00:00, run_after=2024-05-21T00:00:00+00:00
[2024-09-05 00:01:37,269] {processor.py:161} INFO - Processing /opt/airflow/dags/5.1-orchestration.py took 0.047 seconds
[2024-09-05 00:02:07,683] {processor.py:153} INFO - Started process (PID=14498) to work on /opt/airflow/dags/5.1-orchestration.py
[2024-09-05 00:02:07,684] {processor.py:641} INFO - Processing file /opt/airflow/dags/5.1-orchestration.py for tasks to queue
[2024-09-05 00:02:07,684] {logging_mixin.py:115} INFO - [2024-09-05 00:02:07,684] {dagbag.py:508} INFO - Filling up the DagBag from /opt/airflow/dags/5.1-orchestration.py
[2024-09-05 00:02:07,690] {processor.py:651} INFO - DAG(s) dict_keys(['5.1-orchestration']) retrieved from /opt/airflow/dags/5.1-orchestration.py
[2024-09-05 00:02:07,707] {logging_mixin.py:115} INFO - [2024-09-05 00:02:07,707] {dag.py:2420} INFO - Sync 1 DAGs
[2024-09-05 00:02:07,721] {logging_mixin.py:115} INFO - [2024-09-05 00:02:07,721] {dag.py:2972} INFO - Setting next_dagrun for 5.1-orchestration to 2024-05-20T00:00:00+00:00, run_after=2024-05-21T00:00:00+00:00
[2024-09-05 00:02:07,728] {processor.py:161} INFO - Processing /opt/airflow/dags/5.1-orchestration.py took 0.047 seconds
[2024-09-05 00:02:38,193] {processor.py:153} INFO - Started process (PID=14537) to work on /opt/airflow/dags/5.1-orchestration.py
[2024-09-05 00:02:38,194] {processor.py:641} INFO - Processing file /opt/airflow/dags/5.1-orchestration.py for tasks to queue
[2024-09-05 00:02:38,194] {logging_mixin.py:115} INFO - [2024-09-05 00:02:38,194] {dagbag.py:508} INFO - Filling up the DagBag from /opt/airflow/dags/5.1-orchestration.py
[2024-09-05 00:02:38,200] {processor.py:651} INFO - DAG(s) dict_keys(['5.1-orchestration']) retrieved from /opt/airflow/dags/5.1-orchestration.py
[2024-09-05 00:02:38,215] {logging_mixin.py:115} INFO - [2024-09-05 00:02:38,215] {dag.py:2420} INFO - Sync 1 DAGs
[2024-09-05 00:02:38,229] {logging_mixin.py:115} INFO - [2024-09-05 00:02:38,229] {dag.py:2972} INFO - Setting next_dagrun for 5.1-orchestration to 2024-05-20T00:00:00+00:00, run_after=2024-05-21T00:00:00+00:00
[2024-09-05 00:02:38,237] {processor.py:161} INFO - Processing /opt/airflow/dags/5.1-orchestration.py took 0.045 seconds
[2024-09-05 00:03:08,674] {processor.py:153} INFO - Started process (PID=14575) to work on /opt/airflow/dags/5.1-orchestration.py
[2024-09-05 00:03:08,675] {processor.py:641} INFO - Processing file /opt/airflow/dags/5.1-orchestration.py for tasks to queue
[2024-09-05 00:03:08,675] {logging_mixin.py:115} INFO - [2024-09-05 00:03:08,675] {dagbag.py:508} INFO - Filling up the DagBag from /opt/airflow/dags/5.1-orchestration.py
[2024-09-05 00:03:08,682] {processor.py:651} INFO - DAG(s) dict_keys(['5.1-orchestration']) retrieved from /opt/airflow/dags/5.1-orchestration.py
[2024-09-05 00:03:08,701] {logging_mixin.py:115} INFO - [2024-09-05 00:03:08,701] {dag.py:2420} INFO - Sync 1 DAGs
[2024-09-05 00:03:08,721] {logging_mixin.py:115} INFO - [2024-09-05 00:03:08,720] {dag.py:2972} INFO - Setting next_dagrun for 5.1-orchestration to 2024-05-20T00:00:00+00:00, run_after=2024-05-21T00:00:00+00:00
[2024-09-05 00:03:08,729] {processor.py:161} INFO - Processing /opt/airflow/dags/5.1-orchestration.py took 0.058 seconds
[2024-09-05 00:03:39,125] {processor.py:153} INFO - Started process (PID=14614) to work on /opt/airflow/dags/5.1-orchestration.py
[2024-09-05 00:03:39,125] {processor.py:641} INFO - Processing file /opt/airflow/dags/5.1-orchestration.py for tasks to queue
[2024-09-05 00:03:39,125] {logging_mixin.py:115} INFO - [2024-09-05 00:03:39,125] {dagbag.py:508} INFO - Filling up the DagBag from /opt/airflow/dags/5.1-orchestration.py
[2024-09-05 00:03:39,132] {processor.py:651} INFO - DAG(s) dict_keys(['5.1-orchestration']) retrieved from /opt/airflow/dags/5.1-orchestration.py
[2024-09-05 00:03:39,150] {logging_mixin.py:115} INFO - [2024-09-05 00:03:39,150] {dag.py:2420} INFO - Sync 1 DAGs
[2024-09-05 00:03:39,175] {logging_mixin.py:115} INFO - [2024-09-05 00:03:39,175] {dag.py:2972} INFO - Setting next_dagrun for 5.1-orchestration to 2024-05-20T00:00:00+00:00, run_after=2024-05-21T00:00:00+00:00
[2024-09-05 00:03:39,183] {processor.py:161} INFO - Processing /opt/airflow/dags/5.1-orchestration.py took 0.061 seconds
[2024-09-05 00:04:09,613] {processor.py:153} INFO - Started process (PID=14644) to work on /opt/airflow/dags/5.1-orchestration.py
[2024-09-05 00:04:09,614] {processor.py:641} INFO - Processing file /opt/airflow/dags/5.1-orchestration.py for tasks to queue
[2024-09-05 00:04:09,614] {logging_mixin.py:115} INFO - [2024-09-05 00:04:09,614] {dagbag.py:508} INFO - Filling up the DagBag from /opt/airflow/dags/5.1-orchestration.py
[2024-09-05 00:04:09,620] {processor.py:651} INFO - DAG(s) dict_keys(['5.1-orchestration']) retrieved from /opt/airflow/dags/5.1-orchestration.py
[2024-09-05 00:04:09,636] {logging_mixin.py:115} INFO - [2024-09-05 00:04:09,636] {dag.py:2420} INFO - Sync 1 DAGs
[2024-09-05 00:04:09,651] {logging_mixin.py:115} INFO - [2024-09-05 00:04:09,651] {dag.py:2972} INFO - Setting next_dagrun for 5.1-orchestration to 2024-05-20T00:00:00+00:00, run_after=2024-05-21T00:00:00+00:00
[2024-09-05 00:04:09,659] {processor.py:161} INFO - Processing /opt/airflow/dags/5.1-orchestration.py took 0.048 seconds
[2024-09-05 00:04:40,170] {processor.py:153} INFO - Started process (PID=14682) to work on /opt/airflow/dags/5.1-orchestration.py
[2024-09-05 00:04:40,170] {processor.py:641} INFO - Processing file /opt/airflow/dags/5.1-orchestration.py for tasks to queue
[2024-09-05 00:04:40,171] {logging_mixin.py:115} INFO - [2024-09-05 00:04:40,171] {dagbag.py:508} INFO - Filling up the DagBag from /opt/airflow/dags/5.1-orchestration.py
[2024-09-05 00:04:40,177] {processor.py:651} INFO - DAG(s) dict_keys(['5.1-orchestration']) retrieved from /opt/airflow/dags/5.1-orchestration.py
[2024-09-05 00:04:40,192] {logging_mixin.py:115} INFO - [2024-09-05 00:04:40,192] {dag.py:2420} INFO - Sync 1 DAGs
[2024-09-05 00:04:40,206] {logging_mixin.py:115} INFO - [2024-09-05 00:04:40,206] {dag.py:2972} INFO - Setting next_dagrun for 5.1-orchestration to 2024-05-20T00:00:00+00:00, run_after=2024-05-21T00:00:00+00:00
[2024-09-05 00:04:40,213] {processor.py:161} INFO - Processing /opt/airflow/dags/5.1-orchestration.py took 0.045 seconds
[2024-09-05 00:05:10,665] {processor.py:153} INFO - Started process (PID=14721) to work on /opt/airflow/dags/5.1-orchestration.py
[2024-09-05 00:05:10,666] {processor.py:641} INFO - Processing file /opt/airflow/dags/5.1-orchestration.py for tasks to queue
[2024-09-05 00:05:10,666] {logging_mixin.py:115} INFO - [2024-09-05 00:05:10,666] {dagbag.py:508} INFO - Filling up the DagBag from /opt/airflow/dags/5.1-orchestration.py
[2024-09-05 00:05:10,673] {processor.py:651} INFO - DAG(s) dict_keys(['5.1-orchestration']) retrieved from /opt/airflow/dags/5.1-orchestration.py
[2024-09-05 00:05:10,692] {logging_mixin.py:115} INFO - [2024-09-05 00:05:10,692] {dag.py:2420} INFO - Sync 1 DAGs
[2024-09-05 00:05:10,707] {logging_mixin.py:115} INFO - [2024-09-05 00:05:10,707] {dag.py:2972} INFO - Setting next_dagrun for 5.1-orchestration to 2024-05-20T00:00:00+00:00, run_after=2024-05-21T00:00:00+00:00
[2024-09-05 00:05:10,714] {processor.py:161} INFO - Processing /opt/airflow/dags/5.1-orchestration.py took 0.052 seconds
[2024-09-05 00:05:41,126] {processor.py:153} INFO - Started process (PID=14760) to work on /opt/airflow/dags/5.1-orchestration.py
[2024-09-05 00:05:41,127] {processor.py:641} INFO - Processing file /opt/airflow/dags/5.1-orchestration.py for tasks to queue
[2024-09-05 00:05:41,127] {logging_mixin.py:115} INFO - [2024-09-05 00:05:41,127] {dagbag.py:508} INFO - Filling up the DagBag from /opt/airflow/dags/5.1-orchestration.py
[2024-09-05 00:05:41,133] {processor.py:651} INFO - DAG(s) dict_keys(['5.1-orchestration']) retrieved from /opt/airflow/dags/5.1-orchestration.py
[2024-09-05 00:05:41,149] {logging_mixin.py:115} INFO - [2024-09-05 00:05:41,149] {dag.py:2420} INFO - Sync 1 DAGs
[2024-09-05 00:05:41,162] {logging_mixin.py:115} INFO - [2024-09-05 00:05:41,162] {dag.py:2972} INFO - Setting next_dagrun for 5.1-orchestration to 2024-05-20T00:00:00+00:00, run_after=2024-05-21T00:00:00+00:00
[2024-09-05 00:05:41,171] {processor.py:161} INFO - Processing /opt/airflow/dags/5.1-orchestration.py took 0.046 seconds
[2024-09-05 00:06:11,587] {processor.py:153} INFO - Started process (PID=14799) to work on /opt/airflow/dags/5.1-orchestration.py
[2024-09-05 00:06:11,588] {processor.py:641} INFO - Processing file /opt/airflow/dags/5.1-orchestration.py for tasks to queue
[2024-09-05 00:06:11,588] {logging_mixin.py:115} INFO - [2024-09-05 00:06:11,588] {dagbag.py:508} INFO - Filling up the DagBag from /opt/airflow/dags/5.1-orchestration.py
[2024-09-05 00:06:11,594] {processor.py:651} INFO - DAG(s) dict_keys(['5.1-orchestration']) retrieved from /opt/airflow/dags/5.1-orchestration.py
[2024-09-05 00:06:11,609] {logging_mixin.py:115} INFO - [2024-09-05 00:06:11,609] {dag.py:2420} INFO - Sync 1 DAGs
[2024-09-05 00:06:11,622] {logging_mixin.py:115} INFO - [2024-09-05 00:06:11,622] {dag.py:2972} INFO - Setting next_dagrun for 5.1-orchestration to 2024-05-20T00:00:00+00:00, run_after=2024-05-21T00:00:00+00:00
[2024-09-05 00:06:11,629] {processor.py:161} INFO - Processing /opt/airflow/dags/5.1-orchestration.py took 0.044 seconds
[2024-09-05 00:06:42,072] {processor.py:153} INFO - Started process (PID=14838) to work on /opt/airflow/dags/5.1-orchestration.py
[2024-09-05 00:06:42,072] {processor.py:641} INFO - Processing file /opt/airflow/dags/5.1-orchestration.py for tasks to queue
[2024-09-05 00:06:42,072] {logging_mixin.py:115} INFO - [2024-09-05 00:06:42,072] {dagbag.py:508} INFO - Filling up the DagBag from /opt/airflow/dags/5.1-orchestration.py
[2024-09-05 00:06:42,080] {processor.py:651} INFO - DAG(s) dict_keys(['5.1-orchestration']) retrieved from /opt/airflow/dags/5.1-orchestration.py
[2024-09-05 00:06:42,095] {logging_mixin.py:115} INFO - [2024-09-05 00:06:42,095] {dag.py:2420} INFO - Sync 1 DAGs
[2024-09-05 00:06:42,110] {logging_mixin.py:115} INFO - [2024-09-05 00:06:42,110] {dag.py:2972} INFO - Setting next_dagrun for 5.1-orchestration to 2024-05-20T00:00:00+00:00, run_after=2024-05-21T00:00:00+00:00
[2024-09-05 00:06:42,119] {processor.py:161} INFO - Processing /opt/airflow/dags/5.1-orchestration.py took 0.049 seconds
[2024-09-05 00:07:12,540] {processor.py:153} INFO - Started process (PID=14868) to work on /opt/airflow/dags/5.1-orchestration.py
[2024-09-05 00:07:12,540] {processor.py:641} INFO - Processing file /opt/airflow/dags/5.1-orchestration.py for tasks to queue
[2024-09-05 00:07:12,540] {logging_mixin.py:115} INFO - [2024-09-05 00:07:12,540] {dagbag.py:508} INFO - Filling up the DagBag from /opt/airflow/dags/5.1-orchestration.py
[2024-09-05 00:07:12,546] {processor.py:651} INFO - DAG(s) dict_keys(['5.1-orchestration']) retrieved from /opt/airflow/dags/5.1-orchestration.py
[2024-09-05 00:07:12,561] {logging_mixin.py:115} INFO - [2024-09-05 00:07:12,561] {dag.py:2420} INFO - Sync 1 DAGs
[2024-09-05 00:07:12,574] {logging_mixin.py:115} INFO - [2024-09-05 00:07:12,574] {dag.py:2972} INFO - Setting next_dagrun for 5.1-orchestration to 2024-05-20T00:00:00+00:00, run_after=2024-05-21T00:00:00+00:00
[2024-09-05 00:07:12,581] {processor.py:161} INFO - Processing /opt/airflow/dags/5.1-orchestration.py took 0.043 seconds
[2024-09-05 00:07:43,040] {processor.py:153} INFO - Started process (PID=14907) to work on /opt/airflow/dags/5.1-orchestration.py
[2024-09-05 00:07:43,041] {processor.py:641} INFO - Processing file /opt/airflow/dags/5.1-orchestration.py for tasks to queue
[2024-09-05 00:07:43,041] {logging_mixin.py:115} INFO - [2024-09-05 00:07:43,041] {dagbag.py:508} INFO - Filling up the DagBag from /opt/airflow/dags/5.1-orchestration.py
[2024-09-05 00:07:43,047] {processor.py:651} INFO - DAG(s) dict_keys(['5.1-orchestration']) retrieved from /opt/airflow/dags/5.1-orchestration.py
[2024-09-05 00:07:43,062] {logging_mixin.py:115} INFO - [2024-09-05 00:07:43,062] {dag.py:2420} INFO - Sync 1 DAGs
[2024-09-05 00:07:43,075] {logging_mixin.py:115} INFO - [2024-09-05 00:07:43,075] {dag.py:2972} INFO - Setting next_dagrun for 5.1-orchestration to 2024-05-20T00:00:00+00:00, run_after=2024-05-21T00:00:00+00:00
[2024-09-05 00:07:43,083] {processor.py:161} INFO - Processing /opt/airflow/dags/5.1-orchestration.py took 0.045 seconds
[2024-09-05 00:08:13,498] {processor.py:153} INFO - Started process (PID=14943) to work on /opt/airflow/dags/5.1-orchestration.py
[2024-09-05 00:08:13,498] {processor.py:641} INFO - Processing file /opt/airflow/dags/5.1-orchestration.py for tasks to queue
[2024-09-05 00:08:13,499] {logging_mixin.py:115} INFO - [2024-09-05 00:08:13,499] {dagbag.py:508} INFO - Filling up the DagBag from /opt/airflow/dags/5.1-orchestration.py
[2024-09-05 00:08:13,504] {processor.py:651} INFO - DAG(s) dict_keys(['5.1-orchestration']) retrieved from /opt/airflow/dags/5.1-orchestration.py
[2024-09-05 00:08:13,519] {logging_mixin.py:115} INFO - [2024-09-05 00:08:13,519] {dag.py:2420} INFO - Sync 1 DAGs
[2024-09-05 00:08:13,532] {logging_mixin.py:115} INFO - [2024-09-05 00:08:13,532] {dag.py:2972} INFO - Setting next_dagrun for 5.1-orchestration to 2024-05-20T00:00:00+00:00, run_after=2024-05-21T00:00:00+00:00
[2024-09-05 00:08:13,539] {processor.py:161} INFO - Processing /opt/airflow/dags/5.1-orchestration.py took 0.043 seconds
[2024-09-05 00:08:44,003] {processor.py:153} INFO - Started process (PID=14981) to work on /opt/airflow/dags/5.1-orchestration.py
[2024-09-05 00:08:44,003] {processor.py:641} INFO - Processing file /opt/airflow/dags/5.1-orchestration.py for tasks to queue
[2024-09-05 00:08:44,004] {logging_mixin.py:115} INFO - [2024-09-05 00:08:44,003] {dagbag.py:508} INFO - Filling up the DagBag from /opt/airflow/dags/5.1-orchestration.py
[2024-09-05 00:08:44,011] {processor.py:651} INFO - DAG(s) dict_keys(['5.1-orchestration']) retrieved from /opt/airflow/dags/5.1-orchestration.py
[2024-09-05 00:08:44,027] {logging_mixin.py:115} INFO - [2024-09-05 00:08:44,026] {dag.py:2420} INFO - Sync 1 DAGs
[2024-09-05 00:08:44,042] {logging_mixin.py:115} INFO - [2024-09-05 00:08:44,042] {dag.py:2972} INFO - Setting next_dagrun for 5.1-orchestration to 2024-05-20T00:00:00+00:00, run_after=2024-05-21T00:00:00+00:00
[2024-09-05 00:08:44,053] {processor.py:161} INFO - Processing /opt/airflow/dags/5.1-orchestration.py took 0.052 seconds
[2024-09-05 00:09:14,464] {processor.py:153} INFO - Started process (PID=15020) to work on /opt/airflow/dags/5.1-orchestration.py
[2024-09-05 00:09:14,465] {processor.py:641} INFO - Processing file /opt/airflow/dags/5.1-orchestration.py for tasks to queue
[2024-09-05 00:09:14,465] {logging_mixin.py:115} INFO - [2024-09-05 00:09:14,465] {dagbag.py:508} INFO - Filling up the DagBag from /opt/airflow/dags/5.1-orchestration.py
[2024-09-05 00:09:14,471] {processor.py:651} INFO - DAG(s) dict_keys(['5.1-orchestration']) retrieved from /opt/airflow/dags/5.1-orchestration.py
[2024-09-05 00:09:14,486] {logging_mixin.py:115} INFO - [2024-09-05 00:09:14,486] {dag.py:2420} INFO - Sync 1 DAGs
[2024-09-05 00:09:14,499] {logging_mixin.py:115} INFO - [2024-09-05 00:09:14,499] {dag.py:2972} INFO - Setting next_dagrun for 5.1-orchestration to 2024-05-20T00:00:00+00:00, run_after=2024-05-21T00:00:00+00:00
[2024-09-05 00:09:14,507] {processor.py:161} INFO - Processing /opt/airflow/dags/5.1-orchestration.py took 0.047 seconds
[2024-09-05 00:09:44,988] {processor.py:153} INFO - Started process (PID=15059) to work on /opt/airflow/dags/5.1-orchestration.py
[2024-09-05 00:09:44,988] {processor.py:641} INFO - Processing file /opt/airflow/dags/5.1-orchestration.py for tasks to queue
[2024-09-05 00:09:44,989] {logging_mixin.py:115} INFO - [2024-09-05 00:09:44,989] {dagbag.py:508} INFO - Filling up the DagBag from /opt/airflow/dags/5.1-orchestration.py
[2024-09-05 00:09:44,995] {processor.py:651} INFO - DAG(s) dict_keys(['5.1-orchestration']) retrieved from /opt/airflow/dags/5.1-orchestration.py
[2024-09-05 00:09:45,011] {logging_mixin.py:115} INFO - [2024-09-05 00:09:45,011] {dag.py:2420} INFO - Sync 1 DAGs
[2024-09-05 00:09:45,026] {logging_mixin.py:115} INFO - [2024-09-05 00:09:45,026] {dag.py:2972} INFO - Setting next_dagrun for 5.1-orchestration to 2024-05-20T00:00:00+00:00, run_after=2024-05-21T00:00:00+00:00
[2024-09-05 00:09:45,035] {processor.py:161} INFO - Processing /opt/airflow/dags/5.1-orchestration.py took 0.049 seconds
[2024-09-05 00:10:15,434] {processor.py:153} INFO - Started process (PID=15089) to work on /opt/airflow/dags/5.1-orchestration.py
[2024-09-05 00:10:15,435] {processor.py:641} INFO - Processing file /opt/airflow/dags/5.1-orchestration.py for tasks to queue
[2024-09-05 00:10:15,435] {logging_mixin.py:115} INFO - [2024-09-05 00:10:15,435] {dagbag.py:508} INFO - Filling up the DagBag from /opt/airflow/dags/5.1-orchestration.py
[2024-09-05 00:10:15,441] {processor.py:651} INFO - DAG(s) dict_keys(['5.1-orchestration']) retrieved from /opt/airflow/dags/5.1-orchestration.py
[2024-09-05 00:10:15,461] {logging_mixin.py:115} INFO - [2024-09-05 00:10:15,461] {dag.py:2420} INFO - Sync 1 DAGs
[2024-09-05 00:10:15,479] {logging_mixin.py:115} INFO - [2024-09-05 00:10:15,479] {dag.py:2972} INFO - Setting next_dagrun for 5.1-orchestration to 2024-05-20T00:00:00+00:00, run_after=2024-05-21T00:00:00+00:00
[2024-09-05 00:10:15,489] {processor.py:161} INFO - Processing /opt/airflow/dags/5.1-orchestration.py took 0.057 seconds
[2024-09-05 00:10:45,933] {processor.py:153} INFO - Started process (PID=15128) to work on /opt/airflow/dags/5.1-orchestration.py
[2024-09-05 00:10:45,934] {processor.py:641} INFO - Processing file /opt/airflow/dags/5.1-orchestration.py for tasks to queue
[2024-09-05 00:10:45,934] {logging_mixin.py:115} INFO - [2024-09-05 00:10:45,934] {dagbag.py:508} INFO - Filling up the DagBag from /opt/airflow/dags/5.1-orchestration.py
[2024-09-05 00:10:45,941] {processor.py:651} INFO - DAG(s) dict_keys(['5.1-orchestration']) retrieved from /opt/airflow/dags/5.1-orchestration.py
[2024-09-05 00:10:45,956] {logging_mixin.py:115} INFO - [2024-09-05 00:10:45,956] {dag.py:2420} INFO - Sync 1 DAGs
[2024-09-05 00:10:45,971] {logging_mixin.py:115} INFO - [2024-09-05 00:10:45,970] {dag.py:2972} INFO - Setting next_dagrun for 5.1-orchestration to 2024-05-20T00:00:00+00:00, run_after=2024-05-21T00:00:00+00:00
[2024-09-05 00:10:45,978] {processor.py:161} INFO - Processing /opt/airflow/dags/5.1-orchestration.py took 0.046 seconds
[2024-09-05 00:11:16,441] {processor.py:153} INFO - Started process (PID=15167) to work on /opt/airflow/dags/5.1-orchestration.py
[2024-09-05 00:11:16,442] {processor.py:641} INFO - Processing file /opt/airflow/dags/5.1-orchestration.py for tasks to queue
[2024-09-05 00:11:16,442] {logging_mixin.py:115} INFO - [2024-09-05 00:11:16,442] {dagbag.py:508} INFO - Filling up the DagBag from /opt/airflow/dags/5.1-orchestration.py
[2024-09-05 00:11:16,450] {processor.py:651} INFO - DAG(s) dict_keys(['5.1-orchestration']) retrieved from /opt/airflow/dags/5.1-orchestration.py
[2024-09-05 00:11:16,465] {logging_mixin.py:115} INFO - [2024-09-05 00:11:16,465] {dag.py:2420} INFO - Sync 1 DAGs
[2024-09-05 00:11:16,481] {logging_mixin.py:115} INFO - [2024-09-05 00:11:16,481] {dag.py:2972} INFO - Setting next_dagrun for 5.1-orchestration to 2024-05-20T00:00:00+00:00, run_after=2024-05-21T00:00:00+00:00
[2024-09-05 00:11:16,491] {processor.py:161} INFO - Processing /opt/airflow/dags/5.1-orchestration.py took 0.051 seconds
[2024-09-05 00:11:46,966] {processor.py:153} INFO - Started process (PID=15206) to work on /opt/airflow/dags/5.1-orchestration.py
[2024-09-05 00:11:46,967] {processor.py:641} INFO - Processing file /opt/airflow/dags/5.1-orchestration.py for tasks to queue
[2024-09-05 00:11:46,967] {logging_mixin.py:115} INFO - [2024-09-05 00:11:46,967] {dagbag.py:508} INFO - Filling up the DagBag from /opt/airflow/dags/5.1-orchestration.py
[2024-09-05 00:11:46,973] {processor.py:651} INFO - DAG(s) dict_keys(['5.1-orchestration']) retrieved from /opt/airflow/dags/5.1-orchestration.py
[2024-09-05 00:11:46,990] {logging_mixin.py:115} INFO - [2024-09-05 00:11:46,990] {dag.py:2420} INFO - Sync 1 DAGs
[2024-09-05 00:11:47,005] {logging_mixin.py:115} INFO - [2024-09-05 00:11:47,005] {dag.py:2972} INFO - Setting next_dagrun for 5.1-orchestration to 2024-05-20T00:00:00+00:00, run_after=2024-05-21T00:00:00+00:00
[2024-09-05 00:11:47,013] {processor.py:161} INFO - Processing /opt/airflow/dags/5.1-orchestration.py took 0.049 seconds
[2024-09-05 00:12:17,435] {processor.py:153} INFO - Started process (PID=15246) to work on /opt/airflow/dags/5.1-orchestration.py
[2024-09-05 00:12:17,435] {processor.py:641} INFO - Processing file /opt/airflow/dags/5.1-orchestration.py for tasks to queue
[2024-09-05 00:12:17,436] {logging_mixin.py:115} INFO - [2024-09-05 00:12:17,436] {dagbag.py:508} INFO - Filling up the DagBag from /opt/airflow/dags/5.1-orchestration.py
[2024-09-05 00:12:17,441] {processor.py:651} INFO - DAG(s) dict_keys(['5.1-orchestration']) retrieved from /opt/airflow/dags/5.1-orchestration.py
[2024-09-05 00:12:17,459] {logging_mixin.py:115} INFO - [2024-09-05 00:12:17,459] {dag.py:2420} INFO - Sync 1 DAGs
[2024-09-05 00:12:17,473] {logging_mixin.py:115} INFO - [2024-09-05 00:12:17,473] {dag.py:2972} INFO - Setting next_dagrun for 5.1-orchestration to 2024-05-20T00:00:00+00:00, run_after=2024-05-21T00:00:00+00:00
[2024-09-05 00:12:17,480] {processor.py:161} INFO - Processing /opt/airflow/dags/5.1-orchestration.py took 0.047 seconds
[2024-09-05 00:12:47,922] {processor.py:153} INFO - Started process (PID=15285) to work on /opt/airflow/dags/5.1-orchestration.py
[2024-09-05 00:12:47,922] {processor.py:641} INFO - Processing file /opt/airflow/dags/5.1-orchestration.py for tasks to queue
[2024-09-05 00:12:47,923] {logging_mixin.py:115} INFO - [2024-09-05 00:12:47,923] {dagbag.py:508} INFO - Filling up the DagBag from /opt/airflow/dags/5.1-orchestration.py
[2024-09-05 00:12:47,929] {processor.py:651} INFO - DAG(s) dict_keys(['5.1-orchestration']) retrieved from /opt/airflow/dags/5.1-orchestration.py
[2024-09-05 00:12:47,949] {logging_mixin.py:115} INFO - [2024-09-05 00:12:47,949] {dag.py:2420} INFO - Sync 1 DAGs
[2024-09-05 00:12:47,963] {logging_mixin.py:115} INFO - [2024-09-05 00:12:47,963] {dag.py:2972} INFO - Setting next_dagrun for 5.1-orchestration to 2024-05-20T00:00:00+00:00, run_after=2024-05-21T00:00:00+00:00
[2024-09-05 00:12:47,971] {processor.py:161} INFO - Processing /opt/airflow/dags/5.1-orchestration.py took 0.051 seconds
[2024-09-05 00:13:18,435] {processor.py:153} INFO - Started process (PID=15314) to work on /opt/airflow/dags/5.1-orchestration.py
[2024-09-05 00:13:18,435] {processor.py:641} INFO - Processing file /opt/airflow/dags/5.1-orchestration.py for tasks to queue
[2024-09-05 00:13:18,436] {logging_mixin.py:115} INFO - [2024-09-05 00:13:18,436] {dagbag.py:508} INFO - Filling up the DagBag from /opt/airflow/dags/5.1-orchestration.py
[2024-09-05 00:13:18,442] {processor.py:651} INFO - DAG(s) dict_keys(['5.1-orchestration']) retrieved from /opt/airflow/dags/5.1-orchestration.py
[2024-09-05 00:13:18,458] {logging_mixin.py:115} INFO - [2024-09-05 00:13:18,458] {dag.py:2420} INFO - Sync 1 DAGs
[2024-09-05 00:13:18,471] {logging_mixin.py:115} INFO - [2024-09-05 00:13:18,471] {dag.py:2972} INFO - Setting next_dagrun for 5.1-orchestration to 2024-05-20T00:00:00+00:00, run_after=2024-05-21T00:00:00+00:00
[2024-09-05 00:13:18,479] {processor.py:161} INFO - Processing /opt/airflow/dags/5.1-orchestration.py took 0.046 seconds
[2024-09-05 00:13:48,951] {processor.py:153} INFO - Started process (PID=15353) to work on /opt/airflow/dags/5.1-orchestration.py
[2024-09-05 00:13:48,952] {processor.py:641} INFO - Processing file /opt/airflow/dags/5.1-orchestration.py for tasks to queue
[2024-09-05 00:13:48,952] {logging_mixin.py:115} INFO - [2024-09-05 00:13:48,952] {dagbag.py:508} INFO - Filling up the DagBag from /opt/airflow/dags/5.1-orchestration.py
[2024-09-05 00:13:48,958] {processor.py:651} INFO - DAG(s) dict_keys(['5.1-orchestration']) retrieved from /opt/airflow/dags/5.1-orchestration.py
[2024-09-05 00:13:48,973] {logging_mixin.py:115} INFO - [2024-09-05 00:13:48,972] {dag.py:2420} INFO - Sync 1 DAGs
[2024-09-05 00:13:48,986] {logging_mixin.py:115} INFO - [2024-09-05 00:13:48,986] {dag.py:2972} INFO - Setting next_dagrun for 5.1-orchestration to 2024-05-20T00:00:00+00:00, run_after=2024-05-21T00:00:00+00:00
[2024-09-05 00:13:48,994] {processor.py:161} INFO - Processing /opt/airflow/dags/5.1-orchestration.py took 0.044 seconds
[2024-09-05 00:14:19,429] {processor.py:153} INFO - Started process (PID=15391) to work on /opt/airflow/dags/5.1-orchestration.py
[2024-09-05 00:14:19,430] {processor.py:641} INFO - Processing file /opt/airflow/dags/5.1-orchestration.py for tasks to queue
[2024-09-05 00:14:19,430] {logging_mixin.py:115} INFO - [2024-09-05 00:14:19,430] {dagbag.py:508} INFO - Filling up the DagBag from /opt/airflow/dags/5.1-orchestration.py
[2024-09-05 00:14:19,436] {processor.py:651} INFO - DAG(s) dict_keys(['5.1-orchestration']) retrieved from /opt/airflow/dags/5.1-orchestration.py
[2024-09-05 00:14:19,452] {logging_mixin.py:115} INFO - [2024-09-05 00:14:19,452] {dag.py:2420} INFO - Sync 1 DAGs
[2024-09-05 00:14:19,465] {logging_mixin.py:115} INFO - [2024-09-05 00:14:19,465] {dag.py:2972} INFO - Setting next_dagrun for 5.1-orchestration to 2024-05-20T00:00:00+00:00, run_after=2024-05-21T00:00:00+00:00
[2024-09-05 00:14:19,473] {processor.py:161} INFO - Processing /opt/airflow/dags/5.1-orchestration.py took 0.045 seconds
[2024-09-05 00:14:49,932] {processor.py:153} INFO - Started process (PID=15430) to work on /opt/airflow/dags/5.1-orchestration.py
[2024-09-05 00:14:49,932] {processor.py:641} INFO - Processing file /opt/airflow/dags/5.1-orchestration.py for tasks to queue
[2024-09-05 00:14:49,932] {logging_mixin.py:115} INFO - [2024-09-05 00:14:49,932] {dagbag.py:508} INFO - Filling up the DagBag from /opt/airflow/dags/5.1-orchestration.py
[2024-09-05 00:14:49,939] {processor.py:651} INFO - DAG(s) dict_keys(['5.1-orchestration']) retrieved from /opt/airflow/dags/5.1-orchestration.py
[2024-09-05 00:14:49,954] {logging_mixin.py:115} INFO - [2024-09-05 00:14:49,954] {dag.py:2420} INFO - Sync 1 DAGs
[2024-09-05 00:14:49,967] {logging_mixin.py:115} INFO - [2024-09-05 00:14:49,967] {dag.py:2972} INFO - Setting next_dagrun for 5.1-orchestration to 2024-05-20T00:00:00+00:00, run_after=2024-05-21T00:00:00+00:00
[2024-09-05 00:14:49,975] {processor.py:161} INFO - Processing /opt/airflow/dags/5.1-orchestration.py took 0.046 seconds
[2024-09-05 00:15:20,430] {processor.py:153} INFO - Started process (PID=15469) to work on /opt/airflow/dags/5.1-orchestration.py
[2024-09-05 00:15:20,431] {processor.py:641} INFO - Processing file /opt/airflow/dags/5.1-orchestration.py for tasks to queue
[2024-09-05 00:15:20,431] {logging_mixin.py:115} INFO - [2024-09-05 00:15:20,431] {dagbag.py:508} INFO - Filling up the DagBag from /opt/airflow/dags/5.1-orchestration.py
[2024-09-05 00:15:20,438] {processor.py:651} INFO - DAG(s) dict_keys(['5.1-orchestration']) retrieved from /opt/airflow/dags/5.1-orchestration.py
[2024-09-05 00:15:20,456] {logging_mixin.py:115} INFO - [2024-09-05 00:15:20,456] {dag.py:2420} INFO - Sync 1 DAGs
[2024-09-05 00:15:20,470] {logging_mixin.py:115} INFO - [2024-09-05 00:15:20,470] {dag.py:2972} INFO - Setting next_dagrun for 5.1-orchestration to 2024-05-20T00:00:00+00:00, run_after=2024-05-21T00:00:00+00:00
[2024-09-05 00:15:20,479] {processor.py:161} INFO - Processing /opt/airflow/dags/5.1-orchestration.py took 0.051 seconds
[2024-09-05 00:15:50,880] {processor.py:153} INFO - Started process (PID=15508) to work on /opt/airflow/dags/5.1-orchestration.py
[2024-09-05 00:15:50,880] {processor.py:641} INFO - Processing file /opt/airflow/dags/5.1-orchestration.py for tasks to queue
[2024-09-05 00:15:50,881] {logging_mixin.py:115} INFO - [2024-09-05 00:15:50,881] {dagbag.py:508} INFO - Filling up the DagBag from /opt/airflow/dags/5.1-orchestration.py
[2024-09-05 00:15:50,887] {processor.py:651} INFO - DAG(s) dict_keys(['5.1-orchestration']) retrieved from /opt/airflow/dags/5.1-orchestration.py
[2024-09-05 00:15:50,903] {logging_mixin.py:115} INFO - [2024-09-05 00:15:50,903] {dag.py:2420} INFO - Sync 1 DAGs
[2024-09-05 00:15:50,919] {logging_mixin.py:115} INFO - [2024-09-05 00:15:50,919] {dag.py:2972} INFO - Setting next_dagrun for 5.1-orchestration to 2024-05-20T00:00:00+00:00, run_after=2024-05-21T00:00:00+00:00
[2024-09-05 00:15:50,929] {processor.py:161} INFO - Processing /opt/airflow/dags/5.1-orchestration.py took 0.051 seconds
[2024-09-05 00:16:21,310] {processor.py:153} INFO - Started process (PID=15538) to work on /opt/airflow/dags/5.1-orchestration.py
[2024-09-05 00:16:21,310] {processor.py:641} INFO - Processing file /opt/airflow/dags/5.1-orchestration.py for tasks to queue
[2024-09-05 00:16:21,310] {logging_mixin.py:115} INFO - [2024-09-05 00:16:21,310] {dagbag.py:508} INFO - Filling up the DagBag from /opt/airflow/dags/5.1-orchestration.py
[2024-09-05 00:16:21,321] {processor.py:651} INFO - DAG(s) dict_keys(['5.1-orchestration']) retrieved from /opt/airflow/dags/5.1-orchestration.py
[2024-09-05 00:16:21,338] {logging_mixin.py:115} INFO - [2024-09-05 00:16:21,338] {dag.py:2420} INFO - Sync 1 DAGs
[2024-09-05 00:16:21,352] {logging_mixin.py:115} INFO - [2024-09-05 00:16:21,352] {dag.py:2972} INFO - Setting next_dagrun for 5.1-orchestration to 2024-05-20T00:00:00+00:00, run_after=2024-05-21T00:00:00+00:00
[2024-09-05 00:16:21,361] {processor.py:161} INFO - Processing /opt/airflow/dags/5.1-orchestration.py took 0.053 seconds
[2024-09-05 00:16:51,788] {processor.py:153} INFO - Started process (PID=15577) to work on /opt/airflow/dags/5.1-orchestration.py
[2024-09-05 00:16:51,789] {processor.py:641} INFO - Processing file /opt/airflow/dags/5.1-orchestration.py for tasks to queue
[2024-09-05 00:16:51,789] {logging_mixin.py:115} INFO - [2024-09-05 00:16:51,789] {dagbag.py:508} INFO - Filling up the DagBag from /opt/airflow/dags/5.1-orchestration.py
[2024-09-05 00:16:51,796] {processor.py:651} INFO - DAG(s) dict_keys(['5.1-orchestration']) retrieved from /opt/airflow/dags/5.1-orchestration.py
[2024-09-05 00:16:51,811] {logging_mixin.py:115} INFO - [2024-09-05 00:16:51,811] {dag.py:2420} INFO - Sync 1 DAGs
[2024-09-05 00:16:51,825] {logging_mixin.py:115} INFO - [2024-09-05 00:16:51,825] {dag.py:2972} INFO - Setting next_dagrun for 5.1-orchestration to 2024-05-20T00:00:00+00:00, run_after=2024-05-21T00:00:00+00:00
[2024-09-05 00:16:51,833] {processor.py:161} INFO - Processing /opt/airflow/dags/5.1-orchestration.py took 0.047 seconds
[2024-09-05 00:17:22,254] {processor.py:153} INFO - Started process (PID=15615) to work on /opt/airflow/dags/5.1-orchestration.py
[2024-09-05 00:17:22,255] {processor.py:641} INFO - Processing file /opt/airflow/dags/5.1-orchestration.py for tasks to queue
[2024-09-05 00:17:22,255] {logging_mixin.py:115} INFO - [2024-09-05 00:17:22,255] {dagbag.py:508} INFO - Filling up the DagBag from /opt/airflow/dags/5.1-orchestration.py
[2024-09-05 00:17:22,261] {processor.py:651} INFO - DAG(s) dict_keys(['5.1-orchestration']) retrieved from /opt/airflow/dags/5.1-orchestration.py
[2024-09-05 00:17:22,277] {logging_mixin.py:115} INFO - [2024-09-05 00:17:22,277] {dag.py:2420} INFO - Sync 1 DAGs
[2024-09-05 00:17:22,291] {logging_mixin.py:115} INFO - [2024-09-05 00:17:22,291] {dag.py:2972} INFO - Setting next_dagrun for 5.1-orchestration to 2024-05-20T00:00:00+00:00, run_after=2024-05-21T00:00:00+00:00
[2024-09-05 00:17:22,298] {processor.py:161} INFO - Processing /opt/airflow/dags/5.1-orchestration.py took 0.046 seconds
[2024-09-05 00:17:52,684] {processor.py:153} INFO - Started process (PID=15654) to work on /opt/airflow/dags/5.1-orchestration.py
[2024-09-05 00:17:52,686] {processor.py:641} INFO - Processing file /opt/airflow/dags/5.1-orchestration.py for tasks to queue
[2024-09-05 00:17:52,686] {logging_mixin.py:115} INFO - [2024-09-05 00:17:52,686] {dagbag.py:508} INFO - Filling up the DagBag from /opt/airflow/dags/5.1-orchestration.py
[2024-09-05 00:17:52,694] {processor.py:651} INFO - DAG(s) dict_keys(['5.1-orchestration']) retrieved from /opt/airflow/dags/5.1-orchestration.py
[2024-09-05 00:17:52,713] {logging_mixin.py:115} INFO - [2024-09-05 00:17:52,713] {dag.py:2420} INFO - Sync 1 DAGs
[2024-09-05 00:17:52,727] {logging_mixin.py:115} INFO - [2024-09-05 00:17:52,727] {dag.py:2972} INFO - Setting next_dagrun for 5.1-orchestration to 2024-05-20T00:00:00+00:00, run_after=2024-05-21T00:00:00+00:00
[2024-09-05 00:17:52,735] {processor.py:161} INFO - Processing /opt/airflow/dags/5.1-orchestration.py took 0.053 seconds
[2024-09-05 00:18:23,203] {processor.py:153} INFO - Started process (PID=15693) to work on /opt/airflow/dags/5.1-orchestration.py
[2024-09-05 00:18:23,204] {processor.py:641} INFO - Processing file /opt/airflow/dags/5.1-orchestration.py for tasks to queue
[2024-09-05 00:18:23,204] {logging_mixin.py:115} INFO - [2024-09-05 00:18:23,204] {dagbag.py:508} INFO - Filling up the DagBag from /opt/airflow/dags/5.1-orchestration.py
[2024-09-05 00:18:23,210] {processor.py:651} INFO - DAG(s) dict_keys(['5.1-orchestration']) retrieved from /opt/airflow/dags/5.1-orchestration.py
[2024-09-05 00:18:23,225] {logging_mixin.py:115} INFO - [2024-09-05 00:18:23,225] {dag.py:2420} INFO - Sync 1 DAGs
[2024-09-05 00:18:23,240] {logging_mixin.py:115} INFO - [2024-09-05 00:18:23,240] {dag.py:2972} INFO - Setting next_dagrun for 5.1-orchestration to 2024-05-20T00:00:00+00:00, run_after=2024-05-21T00:00:00+00:00
[2024-09-05 00:18:23,248] {processor.py:161} INFO - Processing /opt/airflow/dags/5.1-orchestration.py took 0.046 seconds
[2024-09-05 00:18:53,678] {processor.py:153} INFO - Started process (PID=15730) to work on /opt/airflow/dags/5.1-orchestration.py
[2024-09-05 00:18:53,679] {processor.py:641} INFO - Processing file /opt/airflow/dags/5.1-orchestration.py for tasks to queue
[2024-09-05 00:18:53,679] {logging_mixin.py:115} INFO - [2024-09-05 00:18:53,679] {dagbag.py:508} INFO - Filling up the DagBag from /opt/airflow/dags/5.1-orchestration.py
[2024-09-05 00:18:53,686] {processor.py:651} INFO - DAG(s) dict_keys(['5.1-orchestration']) retrieved from /opt/airflow/dags/5.1-orchestration.py
[2024-09-05 00:18:53,705] {logging_mixin.py:115} INFO - [2024-09-05 00:18:53,705] {dag.py:2420} INFO - Sync 1 DAGs
[2024-09-05 00:18:53,721] {logging_mixin.py:115} INFO - [2024-09-05 00:18:53,720] {dag.py:2972} INFO - Setting next_dagrun for 5.1-orchestration to 2024-05-20T00:00:00+00:00, run_after=2024-05-21T00:00:00+00:00
[2024-09-05 00:18:53,732] {processor.py:161} INFO - Processing /opt/airflow/dags/5.1-orchestration.py took 0.057 seconds
[2024-09-05 00:19:24,184] {processor.py:153} INFO - Started process (PID=15762) to work on /opt/airflow/dags/5.1-orchestration.py
[2024-09-05 00:19:24,184] {processor.py:641} INFO - Processing file /opt/airflow/dags/5.1-orchestration.py for tasks to queue
[2024-09-05 00:19:24,184] {logging_mixin.py:115} INFO - [2024-09-05 00:19:24,184] {dagbag.py:508} INFO - Filling up the DagBag from /opt/airflow/dags/5.1-orchestration.py
[2024-09-05 00:19:24,191] {processor.py:651} INFO - DAG(s) dict_keys(['5.1-orchestration']) retrieved from /opt/airflow/dags/5.1-orchestration.py
[2024-09-05 00:19:24,205] {logging_mixin.py:115} INFO - [2024-09-05 00:19:24,205] {dag.py:2420} INFO - Sync 1 DAGs
[2024-09-05 00:19:24,218] {logging_mixin.py:115} INFO - [2024-09-05 00:19:24,218] {dag.py:2972} INFO - Setting next_dagrun for 5.1-orchestration to 2024-05-20T00:00:00+00:00, run_after=2024-05-21T00:00:00+00:00
[2024-09-05 00:19:24,226] {processor.py:161} INFO - Processing /opt/airflow/dags/5.1-orchestration.py took 0.044 seconds
[2024-09-05 00:19:54,666] {processor.py:153} INFO - Started process (PID=15800) to work on /opt/airflow/dags/5.1-orchestration.py
[2024-09-05 00:19:54,666] {processor.py:641} INFO - Processing file /opt/airflow/dags/5.1-orchestration.py for tasks to queue
[2024-09-05 00:19:54,667] {logging_mixin.py:115} INFO - [2024-09-05 00:19:54,667] {dagbag.py:508} INFO - Filling up the DagBag from /opt/airflow/dags/5.1-orchestration.py
[2024-09-05 00:19:54,672] {processor.py:651} INFO - DAG(s) dict_keys(['5.1-orchestration']) retrieved from /opt/airflow/dags/5.1-orchestration.py
[2024-09-05 00:19:54,689] {logging_mixin.py:115} INFO - [2024-09-05 00:19:54,689] {dag.py:2420} INFO - Sync 1 DAGs
[2024-09-05 00:19:54,702] {logging_mixin.py:115} INFO - [2024-09-05 00:19:54,702] {dag.py:2972} INFO - Setting next_dagrun for 5.1-orchestration to 2024-05-20T00:00:00+00:00, run_after=2024-05-21T00:00:00+00:00
[2024-09-05 00:19:54,711] {processor.py:161} INFO - Processing /opt/airflow/dags/5.1-orchestration.py took 0.047 seconds
[2024-09-05 00:20:25,112] {processor.py:153} INFO - Started process (PID=15839) to work on /opt/airflow/dags/5.1-orchestration.py
[2024-09-05 00:20:25,113] {processor.py:641} INFO - Processing file /opt/airflow/dags/5.1-orchestration.py for tasks to queue
[2024-09-05 00:20:25,113] {logging_mixin.py:115} INFO - [2024-09-05 00:20:25,113] {dagbag.py:508} INFO - Filling up the DagBag from /opt/airflow/dags/5.1-orchestration.py
[2024-09-05 00:20:25,119] {processor.py:651} INFO - DAG(s) dict_keys(['5.1-orchestration']) retrieved from /opt/airflow/dags/5.1-orchestration.py
[2024-09-05 00:20:25,134] {logging_mixin.py:115} INFO - [2024-09-05 00:20:25,134] {dag.py:2420} INFO - Sync 1 DAGs
[2024-09-05 00:20:25,147] {logging_mixin.py:115} INFO - [2024-09-05 00:20:25,147] {dag.py:2972} INFO - Setting next_dagrun for 5.1-orchestration to 2024-05-20T00:00:00+00:00, run_after=2024-05-21T00:00:00+00:00
[2024-09-05 00:20:25,154] {processor.py:161} INFO - Processing /opt/airflow/dags/5.1-orchestration.py took 0.043 seconds
[2024-09-05 00:20:55,570] {processor.py:153} INFO - Started process (PID=15878) to work on /opt/airflow/dags/5.1-orchestration.py
[2024-09-05 00:20:55,571] {processor.py:641} INFO - Processing file /opt/airflow/dags/5.1-orchestration.py for tasks to queue
[2024-09-05 00:20:55,571] {logging_mixin.py:115} INFO - [2024-09-05 00:20:55,571] {dagbag.py:508} INFO - Filling up the DagBag from /opt/airflow/dags/5.1-orchestration.py
[2024-09-05 00:20:55,579] {processor.py:651} INFO - DAG(s) dict_keys(['5.1-orchestration']) retrieved from /opt/airflow/dags/5.1-orchestration.py
[2024-09-05 00:20:55,596] {logging_mixin.py:115} INFO - [2024-09-05 00:20:55,596] {dag.py:2420} INFO - Sync 1 DAGs
[2024-09-05 00:20:55,610] {logging_mixin.py:115} INFO - [2024-09-05 00:20:55,610] {dag.py:2972} INFO - Setting next_dagrun for 5.1-orchestration to 2024-05-20T00:00:00+00:00, run_after=2024-05-21T00:00:00+00:00
[2024-09-05 00:20:55,618] {processor.py:161} INFO - Processing /opt/airflow/dags/5.1-orchestration.py took 0.051 seconds
[2024-09-05 00:21:26,030] {processor.py:153} INFO - Started process (PID=15917) to work on /opt/airflow/dags/5.1-orchestration.py
[2024-09-05 00:21:26,030] {processor.py:641} INFO - Processing file /opt/airflow/dags/5.1-orchestration.py for tasks to queue
[2024-09-05 00:21:26,030] {logging_mixin.py:115} INFO - [2024-09-05 00:21:26,030] {dagbag.py:508} INFO - Filling up the DagBag from /opt/airflow/dags/5.1-orchestration.py
[2024-09-05 00:21:26,037] {processor.py:651} INFO - DAG(s) dict_keys(['5.1-orchestration']) retrieved from /opt/airflow/dags/5.1-orchestration.py
[2024-09-05 00:21:26,053] {logging_mixin.py:115} INFO - [2024-09-05 00:21:26,053] {dag.py:2420} INFO - Sync 1 DAGs
[2024-09-05 00:21:26,067] {logging_mixin.py:115} INFO - [2024-09-05 00:21:26,067] {dag.py:2972} INFO - Setting next_dagrun for 5.1-orchestration to 2024-05-20T00:00:00+00:00, run_after=2024-05-21T00:00:00+00:00
[2024-09-05 00:21:26,075] {processor.py:161} INFO - Processing /opt/airflow/dags/5.1-orchestration.py took 0.047 seconds
[2024-09-05 00:21:56,504] {processor.py:153} INFO - Started process (PID=15954) to work on /opt/airflow/dags/5.1-orchestration.py
[2024-09-05 00:21:56,505] {processor.py:641} INFO - Processing file /opt/airflow/dags/5.1-orchestration.py for tasks to queue
[2024-09-05 00:21:56,505] {logging_mixin.py:115} INFO - [2024-09-05 00:21:56,505] {dagbag.py:508} INFO - Filling up the DagBag from /opt/airflow/dags/5.1-orchestration.py
[2024-09-05 00:21:56,513] {processor.py:651} INFO - DAG(s) dict_keys(['5.1-orchestration']) retrieved from /opt/airflow/dags/5.1-orchestration.py
[2024-09-05 00:21:56,530] {logging_mixin.py:115} INFO - [2024-09-05 00:21:56,530] {dag.py:2420} INFO - Sync 1 DAGs
[2024-09-05 00:21:56,547] {logging_mixin.py:115} INFO - [2024-09-05 00:21:56,547] {dag.py:2972} INFO - Setting next_dagrun for 5.1-orchestration to 2024-05-20T00:00:00+00:00, run_after=2024-05-21T00:00:00+00:00
[2024-09-05 00:21:56,556] {processor.py:161} INFO - Processing /opt/airflow/dags/5.1-orchestration.py took 0.054 seconds
[2024-09-05 00:22:27,046] {processor.py:153} INFO - Started process (PID=15985) to work on /opt/airflow/dags/5.1-orchestration.py
[2024-09-05 00:22:27,046] {processor.py:641} INFO - Processing file /opt/airflow/dags/5.1-orchestration.py for tasks to queue
[2024-09-05 00:22:27,047] {logging_mixin.py:115} INFO - [2024-09-05 00:22:27,047] {dagbag.py:508} INFO - Filling up the DagBag from /opt/airflow/dags/5.1-orchestration.py
[2024-09-05 00:22:27,055] {processor.py:651} INFO - DAG(s) dict_keys(['5.1-orchestration']) retrieved from /opt/airflow/dags/5.1-orchestration.py
[2024-09-05 00:22:27,070] {logging_mixin.py:115} INFO - [2024-09-05 00:22:27,070] {dag.py:2420} INFO - Sync 1 DAGs
[2024-09-05 00:22:27,084] {logging_mixin.py:115} INFO - [2024-09-05 00:22:27,084] {dag.py:2972} INFO - Setting next_dagrun for 5.1-orchestration to 2024-05-20T00:00:00+00:00, run_after=2024-05-21T00:00:00+00:00
[2024-09-05 00:22:27,091] {processor.py:161} INFO - Processing /opt/airflow/dags/5.1-orchestration.py took 0.047 seconds
[2024-09-05 00:22:57,513] {processor.py:153} INFO - Started process (PID=16024) to work on /opt/airflow/dags/5.1-orchestration.py
[2024-09-05 00:22:57,513] {processor.py:641} INFO - Processing file /opt/airflow/dags/5.1-orchestration.py for tasks to queue
[2024-09-05 00:22:57,513] {logging_mixin.py:115} INFO - [2024-09-05 00:22:57,513] {dagbag.py:508} INFO - Filling up the DagBag from /opt/airflow/dags/5.1-orchestration.py
[2024-09-05 00:22:57,519] {processor.py:651} INFO - DAG(s) dict_keys(['5.1-orchestration']) retrieved from /opt/airflow/dags/5.1-orchestration.py
[2024-09-05 00:22:57,535] {logging_mixin.py:115} INFO - [2024-09-05 00:22:57,535] {dag.py:2420} INFO - Sync 1 DAGs
[2024-09-05 00:22:57,548] {logging_mixin.py:115} INFO - [2024-09-05 00:22:57,548] {dag.py:2972} INFO - Setting next_dagrun for 5.1-orchestration to 2024-05-20T00:00:00+00:00, run_after=2024-05-21T00:00:00+00:00
[2024-09-05 00:22:57,555] {processor.py:161} INFO - Processing /opt/airflow/dags/5.1-orchestration.py took 0.044 seconds
[2024-09-05 00:23:28,023] {processor.py:153} INFO - Started process (PID=16062) to work on /opt/airflow/dags/5.1-orchestration.py
[2024-09-05 00:23:28,023] {processor.py:641} INFO - Processing file /opt/airflow/dags/5.1-orchestration.py for tasks to queue
[2024-09-05 00:23:28,024] {logging_mixin.py:115} INFO - [2024-09-05 00:23:28,024] {dagbag.py:508} INFO - Filling up the DagBag from /opt/airflow/dags/5.1-orchestration.py
[2024-09-05 00:23:28,032] {processor.py:651} INFO - DAG(s) dict_keys(['5.1-orchestration']) retrieved from /opt/airflow/dags/5.1-orchestration.py
[2024-09-05 00:23:28,050] {logging_mixin.py:115} INFO - [2024-09-05 00:23:28,050] {dag.py:2420} INFO - Sync 1 DAGs
[2024-09-05 00:23:28,063] {logging_mixin.py:115} INFO - [2024-09-05 00:23:28,063] {dag.py:2972} INFO - Setting next_dagrun for 5.1-orchestration to 2024-05-20T00:00:00+00:00, run_after=2024-05-21T00:00:00+00:00
[2024-09-05 00:23:28,071] {processor.py:161} INFO - Processing /opt/airflow/dags/5.1-orchestration.py took 0.050 seconds
[2024-09-05 00:23:58,531] {processor.py:153} INFO - Started process (PID=16101) to work on /opt/airflow/dags/5.1-orchestration.py
[2024-09-05 00:23:58,531] {processor.py:641} INFO - Processing file /opt/airflow/dags/5.1-orchestration.py for tasks to queue
[2024-09-05 00:23:58,532] {logging_mixin.py:115} INFO - [2024-09-05 00:23:58,532] {dagbag.py:508} INFO - Filling up the DagBag from /opt/airflow/dags/5.1-orchestration.py
[2024-09-05 00:23:58,538] {processor.py:651} INFO - DAG(s) dict_keys(['5.1-orchestration']) retrieved from /opt/airflow/dags/5.1-orchestration.py
[2024-09-05 00:23:58,553] {logging_mixin.py:115} INFO - [2024-09-05 00:23:58,553] {dag.py:2420} INFO - Sync 1 DAGs
[2024-09-05 00:23:58,566] {logging_mixin.py:115} INFO - [2024-09-05 00:23:58,566] {dag.py:2972} INFO - Setting next_dagrun for 5.1-orchestration to 2024-05-20T00:00:00+00:00, run_after=2024-05-21T00:00:00+00:00
[2024-09-05 00:23:58,573] {processor.py:161} INFO - Processing /opt/airflow/dags/5.1-orchestration.py took 0.044 seconds
[2024-09-05 00:24:29,005] {processor.py:153} INFO - Started process (PID=16140) to work on /opt/airflow/dags/5.1-orchestration.py
[2024-09-05 00:24:29,006] {processor.py:641} INFO - Processing file /opt/airflow/dags/5.1-orchestration.py for tasks to queue
[2024-09-05 00:24:29,006] {logging_mixin.py:115} INFO - [2024-09-05 00:24:29,006] {dagbag.py:508} INFO - Filling up the DagBag from /opt/airflow/dags/5.1-orchestration.py
[2024-09-05 00:24:29,012] {processor.py:651} INFO - DAG(s) dict_keys(['5.1-orchestration']) retrieved from /opt/airflow/dags/5.1-orchestration.py
[2024-09-05 00:24:29,028] {logging_mixin.py:115} INFO - [2024-09-05 00:24:29,028] {dag.py:2420} INFO - Sync 1 DAGs
[2024-09-05 00:24:29,042] {logging_mixin.py:115} INFO - [2024-09-05 00:24:29,042] {dag.py:2972} INFO - Setting next_dagrun for 5.1-orchestration to 2024-05-20T00:00:00+00:00, run_after=2024-05-21T00:00:00+00:00
[2024-09-05 00:24:29,049] {processor.py:161} INFO - Processing /opt/airflow/dags/5.1-orchestration.py took 0.045 seconds
[2024-09-05 00:24:59,421] {processor.py:153} INFO - Started process (PID=16170) to work on /opt/airflow/dags/5.1-orchestration.py
[2024-09-05 00:24:59,422] {processor.py:641} INFO - Processing file /opt/airflow/dags/5.1-orchestration.py for tasks to queue
[2024-09-05 00:24:59,423] {logging_mixin.py:115} INFO - [2024-09-05 00:24:59,422] {dagbag.py:508} INFO - Filling up the DagBag from /opt/airflow/dags/5.1-orchestration.py
[2024-09-05 00:24:59,430] {processor.py:651} INFO - DAG(s) dict_keys(['5.1-orchestration']) retrieved from /opt/airflow/dags/5.1-orchestration.py
[2024-09-05 00:24:59,446] {logging_mixin.py:115} INFO - [2024-09-05 00:24:59,446] {dag.py:2420} INFO - Sync 1 DAGs
[2024-09-05 00:24:59,459] {logging_mixin.py:115} INFO - [2024-09-05 00:24:59,459] {dag.py:2972} INFO - Setting next_dagrun for 5.1-orchestration to 2024-05-20T00:00:00+00:00, run_after=2024-05-21T00:00:00+00:00
[2024-09-05 00:24:59,466] {processor.py:161} INFO - Processing /opt/airflow/dags/5.1-orchestration.py took 0.047 seconds
[2024-09-05 00:25:29,942] {processor.py:153} INFO - Started process (PID=16209) to work on /opt/airflow/dags/5.1-orchestration.py
[2024-09-05 00:25:29,942] {processor.py:641} INFO - Processing file /opt/airflow/dags/5.1-orchestration.py for tasks to queue
[2024-09-05 00:25:29,943] {logging_mixin.py:115} INFO - [2024-09-05 00:25:29,943] {dagbag.py:508} INFO - Filling up the DagBag from /opt/airflow/dags/5.1-orchestration.py
[2024-09-05 00:25:29,949] {processor.py:651} INFO - DAG(s) dict_keys(['5.1-orchestration']) retrieved from /opt/airflow/dags/5.1-orchestration.py
[2024-09-05 00:25:29,964] {logging_mixin.py:115} INFO - [2024-09-05 00:25:29,964] {dag.py:2420} INFO - Sync 1 DAGs
[2024-09-05 00:25:29,977] {logging_mixin.py:115} INFO - [2024-09-05 00:25:29,977] {dag.py:2972} INFO - Setting next_dagrun for 5.1-orchestration to 2024-05-20T00:00:00+00:00, run_after=2024-05-21T00:00:00+00:00
[2024-09-05 00:25:29,985] {processor.py:161} INFO - Processing /opt/airflow/dags/5.1-orchestration.py took 0.045 seconds
[2024-09-05 00:26:00,417] {processor.py:153} INFO - Started process (PID=16247) to work on /opt/airflow/dags/5.1-orchestration.py
[2024-09-05 00:26:00,417] {processor.py:641} INFO - Processing file /opt/airflow/dags/5.1-orchestration.py for tasks to queue
[2024-09-05 00:26:00,417] {logging_mixin.py:115} INFO - [2024-09-05 00:26:00,417] {dagbag.py:508} INFO - Filling up the DagBag from /opt/airflow/dags/5.1-orchestration.py
[2024-09-05 00:26:00,424] {processor.py:651} INFO - DAG(s) dict_keys(['5.1-orchestration']) retrieved from /opt/airflow/dags/5.1-orchestration.py
[2024-09-05 00:26:00,442] {logging_mixin.py:115} INFO - [2024-09-05 00:26:00,442] {dag.py:2420} INFO - Sync 1 DAGs
[2024-09-05 00:26:00,458] {logging_mixin.py:115} INFO - [2024-09-05 00:26:00,458] {dag.py:2972} INFO - Setting next_dagrun for 5.1-orchestration to 2024-05-20T00:00:00+00:00, run_after=2024-05-21T00:00:00+00:00
[2024-09-05 00:26:00,466] {processor.py:161} INFO - Processing /opt/airflow/dags/5.1-orchestration.py took 0.052 seconds
[2024-09-05 00:26:30,935] {processor.py:153} INFO - Started process (PID=16286) to work on /opt/airflow/dags/5.1-orchestration.py
[2024-09-05 00:26:30,935] {processor.py:641} INFO - Processing file /opt/airflow/dags/5.1-orchestration.py for tasks to queue
[2024-09-05 00:26:30,936] {logging_mixin.py:115} INFO - [2024-09-05 00:26:30,936] {dagbag.py:508} INFO - Filling up the DagBag from /opt/airflow/dags/5.1-orchestration.py
[2024-09-05 00:26:30,942] {processor.py:651} INFO - DAG(s) dict_keys(['5.1-orchestration']) retrieved from /opt/airflow/dags/5.1-orchestration.py
[2024-09-05 00:26:30,958] {logging_mixin.py:115} INFO - [2024-09-05 00:26:30,958] {dag.py:2420} INFO - Sync 1 DAGs
[2024-09-05 00:26:30,973] {logging_mixin.py:115} INFO - [2024-09-05 00:26:30,972] {dag.py:2972} INFO - Setting next_dagrun for 5.1-orchestration to 2024-05-20T00:00:00+00:00, run_after=2024-05-21T00:00:00+00:00
[2024-09-05 00:26:30,980] {processor.py:161} INFO - Processing /opt/airflow/dags/5.1-orchestration.py took 0.049 seconds
[2024-09-05 00:27:01,384] {processor.py:153} INFO - Started process (PID=16325) to work on /opt/airflow/dags/5.1-orchestration.py
[2024-09-05 00:27:01,384] {processor.py:641} INFO - Processing file /opt/airflow/dags/5.1-orchestration.py for tasks to queue
[2024-09-05 00:27:01,385] {logging_mixin.py:115} INFO - [2024-09-05 00:27:01,385] {dagbag.py:508} INFO - Filling up the DagBag from /opt/airflow/dags/5.1-orchestration.py
[2024-09-05 00:27:01,390] {processor.py:651} INFO - DAG(s) dict_keys(['5.1-orchestration']) retrieved from /opt/airflow/dags/5.1-orchestration.py
[2024-09-05 00:27:01,407] {logging_mixin.py:115} INFO - [2024-09-05 00:27:01,407] {dag.py:2420} INFO - Sync 1 DAGs
[2024-09-05 00:27:01,421] {logging_mixin.py:115} INFO - [2024-09-05 00:27:01,421] {dag.py:2972} INFO - Setting next_dagrun for 5.1-orchestration to 2024-05-20T00:00:00+00:00, run_after=2024-05-21T00:00:00+00:00
[2024-09-05 00:27:01,428] {processor.py:161} INFO - Processing /opt/airflow/dags/5.1-orchestration.py took 0.046 seconds
[2024-09-05 00:27:31,911] {processor.py:153} INFO - Started process (PID=16364) to work on /opt/airflow/dags/5.1-orchestration.py
[2024-09-05 00:27:31,911] {processor.py:641} INFO - Processing file /opt/airflow/dags/5.1-orchestration.py for tasks to queue
[2024-09-05 00:27:31,911] {logging_mixin.py:115} INFO - [2024-09-05 00:27:31,911] {dagbag.py:508} INFO - Filling up the DagBag from /opt/airflow/dags/5.1-orchestration.py
[2024-09-05 00:27:31,917] {processor.py:651} INFO - DAG(s) dict_keys(['5.1-orchestration']) retrieved from /opt/airflow/dags/5.1-orchestration.py
[2024-09-05 00:27:31,933] {logging_mixin.py:115} INFO - [2024-09-05 00:27:31,933] {dag.py:2420} INFO - Sync 1 DAGs
[2024-09-05 00:27:31,947] {logging_mixin.py:115} INFO - [2024-09-05 00:27:31,947] {dag.py:2972} INFO - Setting next_dagrun for 5.1-orchestration to 2024-05-20T00:00:00+00:00, run_after=2024-05-21T00:00:00+00:00
[2024-09-05 00:27:31,956] {processor.py:161} INFO - Processing /opt/airflow/dags/5.1-orchestration.py took 0.048 seconds
[2024-09-05 00:28:02,420] {processor.py:153} INFO - Started process (PID=16394) to work on /opt/airflow/dags/5.1-orchestration.py
[2024-09-05 00:28:02,421] {processor.py:641} INFO - Processing file /opt/airflow/dags/5.1-orchestration.py for tasks to queue
[2024-09-05 00:28:02,421] {logging_mixin.py:115} INFO - [2024-09-05 00:28:02,421] {dagbag.py:508} INFO - Filling up the DagBag from /opt/airflow/dags/5.1-orchestration.py
[2024-09-05 00:28:02,427] {processor.py:651} INFO - DAG(s) dict_keys(['5.1-orchestration']) retrieved from /opt/airflow/dags/5.1-orchestration.py
[2024-09-05 00:28:02,444] {logging_mixin.py:115} INFO - [2024-09-05 00:28:02,444] {dag.py:2420} INFO - Sync 1 DAGs
[2024-09-05 00:28:02,459] {logging_mixin.py:115} INFO - [2024-09-05 00:28:02,459] {dag.py:2972} INFO - Setting next_dagrun for 5.1-orchestration to 2024-05-20T00:00:00+00:00, run_after=2024-05-21T00:00:00+00:00
[2024-09-05 00:28:02,468] {processor.py:161} INFO - Processing /opt/airflow/dags/5.1-orchestration.py took 0.050 seconds
[2024-09-05 00:28:32,869] {processor.py:153} INFO - Started process (PID=16432) to work on /opt/airflow/dags/5.1-orchestration.py
[2024-09-05 00:28:32,869] {processor.py:641} INFO - Processing file /opt/airflow/dags/5.1-orchestration.py for tasks to queue
[2024-09-05 00:28:32,870] {logging_mixin.py:115} INFO - [2024-09-05 00:28:32,870] {dagbag.py:508} INFO - Filling up the DagBag from /opt/airflow/dags/5.1-orchestration.py
[2024-09-05 00:28:32,876] {processor.py:651} INFO - DAG(s) dict_keys(['5.1-orchestration']) retrieved from /opt/airflow/dags/5.1-orchestration.py
[2024-09-05 00:28:32,898] {logging_mixin.py:115} INFO - [2024-09-05 00:28:32,898] {dag.py:2420} INFO - Sync 1 DAGs
[2024-09-05 00:28:32,926] {logging_mixin.py:115} INFO - [2024-09-05 00:28:32,926] {dag.py:2972} INFO - Setting next_dagrun for 5.1-orchestration to 2024-05-20T00:00:00+00:00, run_after=2024-05-21T00:00:00+00:00
[2024-09-05 00:28:32,945] {processor.py:161} INFO - Processing /opt/airflow/dags/5.1-orchestration.py took 0.078 seconds
[2024-09-05 00:29:03,361] {processor.py:153} INFO - Started process (PID=16471) to work on /opt/airflow/dags/5.1-orchestration.py
[2024-09-05 00:29:03,362] {processor.py:641} INFO - Processing file /opt/airflow/dags/5.1-orchestration.py for tasks to queue
[2024-09-05 00:29:03,362] {logging_mixin.py:115} INFO - [2024-09-05 00:29:03,362] {dagbag.py:508} INFO - Filling up the DagBag from /opt/airflow/dags/5.1-orchestration.py
[2024-09-05 00:29:03,368] {processor.py:651} INFO - DAG(s) dict_keys(['5.1-orchestration']) retrieved from /opt/airflow/dags/5.1-orchestration.py
[2024-09-05 00:29:03,382] {logging_mixin.py:115} INFO - [2024-09-05 00:29:03,382] {dag.py:2420} INFO - Sync 1 DAGs
[2024-09-05 00:29:03,399] {logging_mixin.py:115} INFO - [2024-09-05 00:29:03,399] {dag.py:2972} INFO - Setting next_dagrun for 5.1-orchestration to 2024-05-20T00:00:00+00:00, run_after=2024-05-21T00:00:00+00:00
[2024-09-05 00:29:03,407] {processor.py:161} INFO - Processing /opt/airflow/dags/5.1-orchestration.py took 0.048 seconds
[2024-09-05 00:29:33,830] {processor.py:153} INFO - Started process (PID=16510) to work on /opt/airflow/dags/5.1-orchestration.py
[2024-09-05 00:29:33,831] {processor.py:641} INFO - Processing file /opt/airflow/dags/5.1-orchestration.py for tasks to queue
[2024-09-05 00:29:33,831] {logging_mixin.py:115} INFO - [2024-09-05 00:29:33,831] {dagbag.py:508} INFO - Filling up the DagBag from /opt/airflow/dags/5.1-orchestration.py
[2024-09-05 00:29:33,837] {processor.py:651} INFO - DAG(s) dict_keys(['5.1-orchestration']) retrieved from /opt/airflow/dags/5.1-orchestration.py
[2024-09-05 00:29:33,852] {logging_mixin.py:115} INFO - [2024-09-05 00:29:33,852] {dag.py:2420} INFO - Sync 1 DAGs
[2024-09-05 00:29:33,867] {logging_mixin.py:115} INFO - [2024-09-05 00:29:33,867] {dag.py:2972} INFO - Setting next_dagrun for 5.1-orchestration to 2024-05-20T00:00:00+00:00, run_after=2024-05-21T00:00:00+00:00
[2024-09-05 00:29:33,875] {processor.py:161} INFO - Processing /opt/airflow/dags/5.1-orchestration.py took 0.047 seconds
[2024-09-05 00:30:04,279] {processor.py:153} INFO - Started process (PID=16549) to work on /opt/airflow/dags/5.1-orchestration.py
[2024-09-05 00:30:04,280] {processor.py:641} INFO - Processing file /opt/airflow/dags/5.1-orchestration.py for tasks to queue
[2024-09-05 00:30:04,280] {logging_mixin.py:115} INFO - [2024-09-05 00:30:04,280] {dagbag.py:508} INFO - Filling up the DagBag from /opt/airflow/dags/5.1-orchestration.py
[2024-09-05 00:30:04,288] {processor.py:651} INFO - DAG(s) dict_keys(['5.1-orchestration']) retrieved from /opt/airflow/dags/5.1-orchestration.py
[2024-09-05 00:30:04,304] {logging_mixin.py:115} INFO - [2024-09-05 00:30:04,304] {dag.py:2420} INFO - Sync 1 DAGs
[2024-09-05 00:30:04,318] {logging_mixin.py:115} INFO - [2024-09-05 00:30:04,318] {dag.py:2972} INFO - Setting next_dagrun for 5.1-orchestration to 2024-05-20T00:00:00+00:00, run_after=2024-05-21T00:00:00+00:00
[2024-09-05 00:30:04,326] {processor.py:161} INFO - Processing /opt/airflow/dags/5.1-orchestration.py took 0.048 seconds
[2024-09-05 00:30:34,735] {processor.py:153} INFO - Started process (PID=16588) to work on /opt/airflow/dags/5.1-orchestration.py
[2024-09-05 00:30:34,736] {processor.py:641} INFO - Processing file /opt/airflow/dags/5.1-orchestration.py for tasks to queue
[2024-09-05 00:30:34,736] {logging_mixin.py:115} INFO - [2024-09-05 00:30:34,736] {dagbag.py:508} INFO - Filling up the DagBag from /opt/airflow/dags/5.1-orchestration.py
[2024-09-05 00:30:34,742] {processor.py:651} INFO - DAG(s) dict_keys(['5.1-orchestration']) retrieved from /opt/airflow/dags/5.1-orchestration.py
[2024-09-05 00:30:34,758] {logging_mixin.py:115} INFO - [2024-09-05 00:30:34,758] {dag.py:2420} INFO - Sync 1 DAGs
[2024-09-05 00:30:34,775] {logging_mixin.py:115} INFO - [2024-09-05 00:30:34,775] {dag.py:2972} INFO - Setting next_dagrun for 5.1-orchestration to 2024-05-20T00:00:00+00:00, run_after=2024-05-21T00:00:00+00:00
[2024-09-05 00:30:34,784] {processor.py:161} INFO - Processing /opt/airflow/dags/5.1-orchestration.py took 0.050 seconds
[2024-09-05 00:31:05,202] {processor.py:153} INFO - Started process (PID=16618) to work on /opt/airflow/dags/5.1-orchestration.py
[2024-09-05 00:31:05,203] {processor.py:641} INFO - Processing file /opt/airflow/dags/5.1-orchestration.py for tasks to queue
[2024-09-05 00:31:05,203] {logging_mixin.py:115} INFO - [2024-09-05 00:31:05,203] {dagbag.py:508} INFO - Filling up the DagBag from /opt/airflow/dags/5.1-orchestration.py
[2024-09-05 00:31:05,209] {processor.py:651} INFO - DAG(s) dict_keys(['5.1-orchestration']) retrieved from /opt/airflow/dags/5.1-orchestration.py
[2024-09-05 00:31:05,224] {logging_mixin.py:115} INFO - [2024-09-05 00:31:05,224] {dag.py:2420} INFO - Sync 1 DAGs
[2024-09-05 00:31:05,239] {logging_mixin.py:115} INFO - [2024-09-05 00:31:05,238] {dag.py:2972} INFO - Setting next_dagrun for 5.1-orchestration to 2024-05-20T00:00:00+00:00, run_after=2024-05-21T00:00:00+00:00
[2024-09-05 00:31:05,246] {processor.py:161} INFO - Processing /opt/airflow/dags/5.1-orchestration.py took 0.046 seconds
[2024-09-05 00:31:35,706] {processor.py:153} INFO - Started process (PID=16656) to work on /opt/airflow/dags/5.1-orchestration.py
[2024-09-05 00:31:35,706] {processor.py:641} INFO - Processing file /opt/airflow/dags/5.1-orchestration.py for tasks to queue
[2024-09-05 00:31:35,706] {logging_mixin.py:115} INFO - [2024-09-05 00:31:35,706] {dagbag.py:508} INFO - Filling up the DagBag from /opt/airflow/dags/5.1-orchestration.py
[2024-09-05 00:31:35,713] {processor.py:651} INFO - DAG(s) dict_keys(['5.1-orchestration']) retrieved from /opt/airflow/dags/5.1-orchestration.py
[2024-09-05 00:31:35,728] {logging_mixin.py:115} INFO - [2024-09-05 00:31:35,728] {dag.py:2420} INFO - Sync 1 DAGs
[2024-09-05 00:31:35,741] {logging_mixin.py:115} INFO - [2024-09-05 00:31:35,741] {dag.py:2972} INFO - Setting next_dagrun for 5.1-orchestration to 2024-05-20T00:00:00+00:00, run_after=2024-05-21T00:00:00+00:00
[2024-09-05 00:31:35,749] {processor.py:161} INFO - Processing /opt/airflow/dags/5.1-orchestration.py took 0.045 seconds
[2024-09-05 00:32:06,169] {processor.py:153} INFO - Started process (PID=16694) to work on /opt/airflow/dags/5.1-orchestration.py
[2024-09-05 00:32:06,169] {processor.py:641} INFO - Processing file /opt/airflow/dags/5.1-orchestration.py for tasks to queue
[2024-09-05 00:32:06,170] {logging_mixin.py:115} INFO - [2024-09-05 00:32:06,170] {dagbag.py:508} INFO - Filling up the DagBag from /opt/airflow/dags/5.1-orchestration.py
[2024-09-05 00:32:06,176] {processor.py:651} INFO - DAG(s) dict_keys(['5.1-orchestration']) retrieved from /opt/airflow/dags/5.1-orchestration.py
[2024-09-05 00:32:06,190] {logging_mixin.py:115} INFO - [2024-09-05 00:32:06,190] {dag.py:2420} INFO - Sync 1 DAGs
[2024-09-05 00:32:06,204] {logging_mixin.py:115} INFO - [2024-09-05 00:32:06,204] {dag.py:2972} INFO - Setting next_dagrun for 5.1-orchestration to 2024-05-20T00:00:00+00:00, run_after=2024-05-21T00:00:00+00:00
[2024-09-05 00:32:06,212] {processor.py:161} INFO - Processing /opt/airflow/dags/5.1-orchestration.py took 0.045 seconds
[2024-09-05 00:32:36,631] {processor.py:153} INFO - Started process (PID=16733) to work on /opt/airflow/dags/5.1-orchestration.py
[2024-09-05 00:32:36,631] {processor.py:641} INFO - Processing file /opt/airflow/dags/5.1-orchestration.py for tasks to queue
[2024-09-05 00:32:36,632] {logging_mixin.py:115} INFO - [2024-09-05 00:32:36,632] {dagbag.py:508} INFO - Filling up the DagBag from /opt/airflow/dags/5.1-orchestration.py
[2024-09-05 00:32:36,640] {processor.py:651} INFO - DAG(s) dict_keys(['5.1-orchestration']) retrieved from /opt/airflow/dags/5.1-orchestration.py
[2024-09-05 00:32:36,655] {logging_mixin.py:115} INFO - [2024-09-05 00:32:36,655] {dag.py:2420} INFO - Sync 1 DAGs
[2024-09-05 00:32:36,668] {logging_mixin.py:115} INFO - [2024-09-05 00:32:36,668] {dag.py:2972} INFO - Setting next_dagrun for 5.1-orchestration to 2024-05-20T00:00:00+00:00, run_after=2024-05-21T00:00:00+00:00
[2024-09-05 00:32:36,675] {processor.py:161} INFO - Processing /opt/airflow/dags/5.1-orchestration.py took 0.046 seconds
[2024-09-05 00:33:07,148] {processor.py:153} INFO - Started process (PID=16772) to work on /opt/airflow/dags/5.1-orchestration.py
[2024-09-05 00:33:07,149] {processor.py:641} INFO - Processing file /opt/airflow/dags/5.1-orchestration.py for tasks to queue
[2024-09-05 00:33:07,149] {logging_mixin.py:115} INFO - [2024-09-05 00:33:07,149] {dagbag.py:508} INFO - Filling up the DagBag from /opt/airflow/dags/5.1-orchestration.py
[2024-09-05 00:33:07,156] {processor.py:651} INFO - DAG(s) dict_keys(['5.1-orchestration']) retrieved from /opt/airflow/dags/5.1-orchestration.py
[2024-09-05 00:33:07,172] {logging_mixin.py:115} INFO - [2024-09-05 00:33:07,171] {dag.py:2420} INFO - Sync 1 DAGs
[2024-09-05 00:33:07,185] {logging_mixin.py:115} INFO - [2024-09-05 00:33:07,185] {dag.py:2972} INFO - Setting next_dagrun for 5.1-orchestration to 2024-05-20T00:00:00+00:00, run_after=2024-05-21T00:00:00+00:00
[2024-09-05 00:33:07,194] {processor.py:161} INFO - Processing /opt/airflow/dags/5.1-orchestration.py took 0.049 seconds
[2024-09-05 00:33:37,650] {processor.py:153} INFO - Started process (PID=16811) to work on /opt/airflow/dags/5.1-orchestration.py
[2024-09-05 00:33:37,650] {processor.py:641} INFO - Processing file /opt/airflow/dags/5.1-orchestration.py for tasks to queue
[2024-09-05 00:33:37,651] {logging_mixin.py:115} INFO - [2024-09-05 00:33:37,651] {dagbag.py:508} INFO - Filling up the DagBag from /opt/airflow/dags/5.1-orchestration.py
[2024-09-05 00:33:37,657] {processor.py:651} INFO - DAG(s) dict_keys(['5.1-orchestration']) retrieved from /opt/airflow/dags/5.1-orchestration.py
[2024-09-05 00:33:37,672] {logging_mixin.py:115} INFO - [2024-09-05 00:33:37,672] {dag.py:2420} INFO - Sync 1 DAGs
[2024-09-05 00:33:37,686] {logging_mixin.py:115} INFO - [2024-09-05 00:33:37,686] {dag.py:2972} INFO - Setting next_dagrun for 5.1-orchestration to 2024-05-20T00:00:00+00:00, run_after=2024-05-21T00:00:00+00:00
[2024-09-05 00:33:37,693] {processor.py:161} INFO - Processing /opt/airflow/dags/5.1-orchestration.py took 0.045 seconds
[2024-09-05 00:34:08,098] {processor.py:153} INFO - Started process (PID=16840) to work on /opt/airflow/dags/5.1-orchestration.py
[2024-09-05 00:34:08,099] {processor.py:641} INFO - Processing file /opt/airflow/dags/5.1-orchestration.py for tasks to queue
[2024-09-05 00:34:08,099] {logging_mixin.py:115} INFO - [2024-09-05 00:34:08,099] {dagbag.py:508} INFO - Filling up the DagBag from /opt/airflow/dags/5.1-orchestration.py
[2024-09-05 00:34:08,105] {processor.py:651} INFO - DAG(s) dict_keys(['5.1-orchestration']) retrieved from /opt/airflow/dags/5.1-orchestration.py
[2024-09-05 00:34:08,121] {logging_mixin.py:115} INFO - [2024-09-05 00:34:08,121] {dag.py:2420} INFO - Sync 1 DAGs
[2024-09-05 00:34:08,136] {logging_mixin.py:115} INFO - [2024-09-05 00:34:08,136] {dag.py:2972} INFO - Setting next_dagrun for 5.1-orchestration to 2024-05-20T00:00:00+00:00, run_after=2024-05-21T00:00:00+00:00
[2024-09-05 00:34:08,143] {processor.py:161} INFO - Processing /opt/airflow/dags/5.1-orchestration.py took 0.047 seconds
[2024-09-05 00:34:38,578] {processor.py:153} INFO - Started process (PID=16879) to work on /opt/airflow/dags/5.1-orchestration.py
[2024-09-05 00:34:38,578] {processor.py:641} INFO - Processing file /opt/airflow/dags/5.1-orchestration.py for tasks to queue
[2024-09-05 00:34:38,579] {logging_mixin.py:115} INFO - [2024-09-05 00:34:38,579] {dagbag.py:508} INFO - Filling up the DagBag from /opt/airflow/dags/5.1-orchestration.py
[2024-09-05 00:34:38,585] {processor.py:651} INFO - DAG(s) dict_keys(['5.1-orchestration']) retrieved from /opt/airflow/dags/5.1-orchestration.py
[2024-09-05 00:34:38,601] {logging_mixin.py:115} INFO - [2024-09-05 00:34:38,601] {dag.py:2420} INFO - Sync 1 DAGs
[2024-09-05 00:34:38,616] {logging_mixin.py:115} INFO - [2024-09-05 00:34:38,616] {dag.py:2972} INFO - Setting next_dagrun for 5.1-orchestration to 2024-05-20T00:00:00+00:00, run_after=2024-05-21T00:00:00+00:00
[2024-09-05 00:34:38,624] {processor.py:161} INFO - Processing /opt/airflow/dags/5.1-orchestration.py took 0.048 seconds
[2024-09-05 00:35:09,118] {processor.py:153} INFO - Started process (PID=16917) to work on /opt/airflow/dags/5.1-orchestration.py
[2024-09-05 00:35:09,118] {processor.py:641} INFO - Processing file /opt/airflow/dags/5.1-orchestration.py for tasks to queue
[2024-09-05 00:35:09,119] {logging_mixin.py:115} INFO - [2024-09-05 00:35:09,119] {dagbag.py:508} INFO - Filling up the DagBag from /opt/airflow/dags/5.1-orchestration.py
[2024-09-05 00:35:09,124] {processor.py:651} INFO - DAG(s) dict_keys(['5.1-orchestration']) retrieved from /opt/airflow/dags/5.1-orchestration.py
[2024-09-05 00:35:09,140] {logging_mixin.py:115} INFO - [2024-09-05 00:35:09,140] {dag.py:2420} INFO - Sync 1 DAGs
[2024-09-05 00:35:09,154] {logging_mixin.py:115} INFO - [2024-09-05 00:35:09,154] {dag.py:2972} INFO - Setting next_dagrun for 5.1-orchestration to 2024-05-20T00:00:00+00:00, run_after=2024-05-21T00:00:00+00:00
[2024-09-05 00:35:09,162] {processor.py:161} INFO - Processing /opt/airflow/dags/5.1-orchestration.py took 0.046 seconds
[2024-09-05 00:35:39,632] {processor.py:153} INFO - Started process (PID=16955) to work on /opt/airflow/dags/5.1-orchestration.py
[2024-09-05 00:35:39,632] {processor.py:641} INFO - Processing file /opt/airflow/dags/5.1-orchestration.py for tasks to queue
[2024-09-05 00:35:39,633] {logging_mixin.py:115} INFO - [2024-09-05 00:35:39,633] {dagbag.py:508} INFO - Filling up the DagBag from /opt/airflow/dags/5.1-orchestration.py
[2024-09-05 00:35:39,639] {processor.py:651} INFO - DAG(s) dict_keys(['5.1-orchestration']) retrieved from /opt/airflow/dags/5.1-orchestration.py
[2024-09-05 00:35:39,653] {logging_mixin.py:115} INFO - [2024-09-05 00:35:39,653] {dag.py:2420} INFO - Sync 1 DAGs
[2024-09-05 00:35:39,666] {logging_mixin.py:115} INFO - [2024-09-05 00:35:39,666] {dag.py:2972} INFO - Setting next_dagrun for 5.1-orchestration to 2024-05-20T00:00:00+00:00, run_after=2024-05-21T00:00:00+00:00
[2024-09-05 00:35:39,675] {processor.py:161} INFO - Processing /opt/airflow/dags/5.1-orchestration.py took 0.045 seconds
[2024-09-05 00:36:10,059] {processor.py:153} INFO - Started process (PID=16993) to work on /opt/airflow/dags/5.1-orchestration.py
[2024-09-05 00:36:10,059] {processor.py:641} INFO - Processing file /opt/airflow/dags/5.1-orchestration.py for tasks to queue
[2024-09-05 00:36:10,059] {logging_mixin.py:115} INFO - [2024-09-05 00:36:10,059] {dagbag.py:508} INFO - Filling up the DagBag from /opt/airflow/dags/5.1-orchestration.py
[2024-09-05 00:36:10,067] {processor.py:651} INFO - DAG(s) dict_keys(['5.1-orchestration']) retrieved from /opt/airflow/dags/5.1-orchestration.py
[2024-09-05 00:36:10,083] {logging_mixin.py:115} INFO - [2024-09-05 00:36:10,083] {dag.py:2420} INFO - Sync 1 DAGs
[2024-09-05 00:36:10,097] {logging_mixin.py:115} INFO - [2024-09-05 00:36:10,097] {dag.py:2972} INFO - Setting next_dagrun for 5.1-orchestration to 2024-05-20T00:00:00+00:00, run_after=2024-05-21T00:00:00+00:00
[2024-09-05 00:36:10,106] {processor.py:161} INFO - Processing /opt/airflow/dags/5.1-orchestration.py took 0.049 seconds
[2024-09-05 00:36:40,548] {processor.py:153} INFO - Started process (PID=17032) to work on /opt/airflow/dags/5.1-orchestration.py
[2024-09-05 00:36:40,549] {processor.py:641} INFO - Processing file /opt/airflow/dags/5.1-orchestration.py for tasks to queue
[2024-09-05 00:36:40,550] {logging_mixin.py:115} INFO - [2024-09-05 00:36:40,550] {dagbag.py:508} INFO - Filling up the DagBag from /opt/airflow/dags/5.1-orchestration.py
[2024-09-05 00:36:40,560] {processor.py:651} INFO - DAG(s) dict_keys(['5.1-orchestration']) retrieved from /opt/airflow/dags/5.1-orchestration.py
[2024-09-05 00:36:40,576] {logging_mixin.py:115} INFO - [2024-09-05 00:36:40,576] {dag.py:2420} INFO - Sync 1 DAGs
[2024-09-05 00:36:40,593] {logging_mixin.py:115} INFO - [2024-09-05 00:36:40,593] {dag.py:2972} INFO - Setting next_dagrun for 5.1-orchestration to 2024-05-20T00:00:00+00:00, run_after=2024-05-21T00:00:00+00:00
[2024-09-05 00:36:40,603] {processor.py:161} INFO - Processing /opt/airflow/dags/5.1-orchestration.py took 0.058 seconds
[2024-09-05 00:37:11,079] {processor.py:153} INFO - Started process (PID=17062) to work on /opt/airflow/dags/5.1-orchestration.py
[2024-09-05 00:37:11,079] {processor.py:641} INFO - Processing file /opt/airflow/dags/5.1-orchestration.py for tasks to queue
[2024-09-05 00:37:11,080] {logging_mixin.py:115} INFO - [2024-09-05 00:37:11,080] {dagbag.py:508} INFO - Filling up the DagBag from /opt/airflow/dags/5.1-orchestration.py
[2024-09-05 00:37:11,086] {processor.py:651} INFO - DAG(s) dict_keys(['5.1-orchestration']) retrieved from /opt/airflow/dags/5.1-orchestration.py
[2024-09-05 00:37:11,100] {logging_mixin.py:115} INFO - [2024-09-05 00:37:11,100] {dag.py:2420} INFO - Sync 1 DAGs
[2024-09-05 00:37:11,114] {logging_mixin.py:115} INFO - [2024-09-05 00:37:11,114] {dag.py:2972} INFO - Setting next_dagrun for 5.1-orchestration to 2024-05-20T00:00:00+00:00, run_after=2024-05-21T00:00:00+00:00
[2024-09-05 00:37:11,122] {processor.py:161} INFO - Processing /opt/airflow/dags/5.1-orchestration.py took 0.046 seconds
[2024-09-05 00:37:41,592] {processor.py:153} INFO - Started process (PID=17101) to work on /opt/airflow/dags/5.1-orchestration.py
[2024-09-05 00:37:41,592] {processor.py:641} INFO - Processing file /opt/airflow/dags/5.1-orchestration.py for tasks to queue
[2024-09-05 00:37:41,592] {logging_mixin.py:115} INFO - [2024-09-05 00:37:41,592] {dagbag.py:508} INFO - Filling up the DagBag from /opt/airflow/dags/5.1-orchestration.py
[2024-09-05 00:37:41,598] {processor.py:651} INFO - DAG(s) dict_keys(['5.1-orchestration']) retrieved from /opt/airflow/dags/5.1-orchestration.py
[2024-09-05 00:37:41,614] {logging_mixin.py:115} INFO - [2024-09-05 00:37:41,614] {dag.py:2420} INFO - Sync 1 DAGs
[2024-09-05 00:37:41,628] {logging_mixin.py:115} INFO - [2024-09-05 00:37:41,628] {dag.py:2972} INFO - Setting next_dagrun for 5.1-orchestration to 2024-05-20T00:00:00+00:00, run_after=2024-05-21T00:00:00+00:00
[2024-09-05 00:37:41,637] {processor.py:161} INFO - Processing /opt/airflow/dags/5.1-orchestration.py took 0.048 seconds
[2024-09-05 00:38:12,068] {processor.py:153} INFO - Started process (PID=17140) to work on /opt/airflow/dags/5.1-orchestration.py
[2024-09-05 00:38:12,069] {processor.py:641} INFO - Processing file /opt/airflow/dags/5.1-orchestration.py for tasks to queue
[2024-09-05 00:38:12,069] {logging_mixin.py:115} INFO - [2024-09-05 00:38:12,069] {dagbag.py:508} INFO - Filling up the DagBag from /opt/airflow/dags/5.1-orchestration.py
[2024-09-05 00:38:12,078] {processor.py:651} INFO - DAG(s) dict_keys(['5.1-orchestration']) retrieved from /opt/airflow/dags/5.1-orchestration.py
[2024-09-05 00:38:12,096] {logging_mixin.py:115} INFO - [2024-09-05 00:38:12,096] {dag.py:2420} INFO - Sync 1 DAGs
[2024-09-05 00:38:12,111] {logging_mixin.py:115} INFO - [2024-09-05 00:38:12,111] {dag.py:2972} INFO - Setting next_dagrun for 5.1-orchestration to 2024-05-20T00:00:00+00:00, run_after=2024-05-21T00:00:00+00:00
[2024-09-05 00:38:12,119] {processor.py:161} INFO - Processing /opt/airflow/dags/5.1-orchestration.py took 0.053 seconds
[2024-09-05 00:38:42,580] {processor.py:153} INFO - Started process (PID=17179) to work on /opt/airflow/dags/5.1-orchestration.py
[2024-09-05 00:38:42,581] {processor.py:641} INFO - Processing file /opt/airflow/dags/5.1-orchestration.py for tasks to queue
[2024-09-05 00:38:42,581] {logging_mixin.py:115} INFO - [2024-09-05 00:38:42,581] {dagbag.py:508} INFO - Filling up the DagBag from /opt/airflow/dags/5.1-orchestration.py
[2024-09-05 00:38:42,588] {processor.py:651} INFO - DAG(s) dict_keys(['5.1-orchestration']) retrieved from /opt/airflow/dags/5.1-orchestration.py
[2024-09-05 00:38:42,603] {logging_mixin.py:115} INFO - [2024-09-05 00:38:42,603] {dag.py:2420} INFO - Sync 1 DAGs
[2024-09-05 00:38:42,618] {logging_mixin.py:115} INFO - [2024-09-05 00:38:42,618] {dag.py:2972} INFO - Setting next_dagrun for 5.1-orchestration to 2024-05-20T00:00:00+00:00, run_after=2024-05-21T00:00:00+00:00
[2024-09-05 00:38:42,627] {processor.py:161} INFO - Processing /opt/airflow/dags/5.1-orchestration.py took 0.048 seconds
[2024-09-05 00:39:13,048] {processor.py:153} INFO - Started process (PID=17217) to work on /opt/airflow/dags/5.1-orchestration.py
[2024-09-05 00:39:13,048] {processor.py:641} INFO - Processing file /opt/airflow/dags/5.1-orchestration.py for tasks to queue
[2024-09-05 00:39:13,049] {logging_mixin.py:115} INFO - [2024-09-05 00:39:13,049] {dagbag.py:508} INFO - Filling up the DagBag from /opt/airflow/dags/5.1-orchestration.py
[2024-09-05 00:39:13,056] {processor.py:651} INFO - DAG(s) dict_keys(['5.1-orchestration']) retrieved from /opt/airflow/dags/5.1-orchestration.py
[2024-09-05 00:39:13,070] {logging_mixin.py:115} INFO - [2024-09-05 00:39:13,070] {dag.py:2420} INFO - Sync 1 DAGs
[2024-09-05 00:39:13,083] {logging_mixin.py:115} INFO - [2024-09-05 00:39:13,083] {dag.py:2972} INFO - Setting next_dagrun for 5.1-orchestration to 2024-05-20T00:00:00+00:00, run_after=2024-05-21T00:00:00+00:00
[2024-09-05 00:39:13,091] {processor.py:161} INFO - Processing /opt/airflow/dags/5.1-orchestration.py took 0.045 seconds
[2024-09-05 00:39:43,518] {processor.py:153} INFO - Started process (PID=17255) to work on /opt/airflow/dags/5.1-orchestration.py
[2024-09-05 00:39:43,519] {processor.py:641} INFO - Processing file /opt/airflow/dags/5.1-orchestration.py for tasks to queue
[2024-09-05 00:39:43,519] {logging_mixin.py:115} INFO - [2024-09-05 00:39:43,519] {dagbag.py:508} INFO - Filling up the DagBag from /opt/airflow/dags/5.1-orchestration.py
[2024-09-05 00:39:43,528] {processor.py:651} INFO - DAG(s) dict_keys(['5.1-orchestration']) retrieved from /opt/airflow/dags/5.1-orchestration.py
[2024-09-05 00:39:43,544] {logging_mixin.py:115} INFO - [2024-09-05 00:39:43,544] {dag.py:2420} INFO - Sync 1 DAGs
[2024-09-05 00:39:43,559] {logging_mixin.py:115} INFO - [2024-09-05 00:39:43,559] {dag.py:2972} INFO - Setting next_dagrun for 5.1-orchestration to 2024-05-20T00:00:00+00:00, run_after=2024-05-21T00:00:00+00:00
[2024-09-05 00:39:43,567] {processor.py:161} INFO - Processing /opt/airflow/dags/5.1-orchestration.py took 0.051 seconds
[2024-09-05 00:40:14,035] {processor.py:153} INFO - Started process (PID=17285) to work on /opt/airflow/dags/5.1-orchestration.py
[2024-09-05 00:40:14,036] {processor.py:641} INFO - Processing file /opt/airflow/dags/5.1-orchestration.py for tasks to queue
[2024-09-05 00:40:14,036] {logging_mixin.py:115} INFO - [2024-09-05 00:40:14,036] {dagbag.py:508} INFO - Filling up the DagBag from /opt/airflow/dags/5.1-orchestration.py
[2024-09-05 00:40:14,042] {processor.py:651} INFO - DAG(s) dict_keys(['5.1-orchestration']) retrieved from /opt/airflow/dags/5.1-orchestration.py
[2024-09-05 00:40:14,057] {logging_mixin.py:115} INFO - [2024-09-05 00:40:14,057] {dag.py:2420} INFO - Sync 1 DAGs
[2024-09-05 00:40:14,071] {logging_mixin.py:115} INFO - [2024-09-05 00:40:14,071] {dag.py:2972} INFO - Setting next_dagrun for 5.1-orchestration to 2024-05-20T00:00:00+00:00, run_after=2024-05-21T00:00:00+00:00
[2024-09-05 00:40:14,079] {processor.py:161} INFO - Processing /opt/airflow/dags/5.1-orchestration.py took 0.046 seconds
[2024-09-05 00:40:44,540] {processor.py:153} INFO - Started process (PID=17324) to work on /opt/airflow/dags/5.1-orchestration.py
[2024-09-05 00:40:44,540] {processor.py:641} INFO - Processing file /opt/airflow/dags/5.1-orchestration.py for tasks to queue
[2024-09-05 00:40:44,541] {logging_mixin.py:115} INFO - [2024-09-05 00:40:44,541] {dagbag.py:508} INFO - Filling up the DagBag from /opt/airflow/dags/5.1-orchestration.py
[2024-09-05 00:40:44,546] {processor.py:651} INFO - DAG(s) dict_keys(['5.1-orchestration']) retrieved from /opt/airflow/dags/5.1-orchestration.py
[2024-09-05 00:40:44,561] {logging_mixin.py:115} INFO - [2024-09-05 00:40:44,561] {dag.py:2420} INFO - Sync 1 DAGs
[2024-09-05 00:40:44,574] {logging_mixin.py:115} INFO - [2024-09-05 00:40:44,574] {dag.py:2972} INFO - Setting next_dagrun for 5.1-orchestration to 2024-05-20T00:00:00+00:00, run_after=2024-05-21T00:00:00+00:00
[2024-09-05 00:40:44,583] {processor.py:161} INFO - Processing /opt/airflow/dags/5.1-orchestration.py took 0.045 seconds
[2024-09-05 00:41:15,060] {processor.py:153} INFO - Started process (PID=17363) to work on /opt/airflow/dags/5.1-orchestration.py
[2024-09-05 00:41:15,060] {processor.py:641} INFO - Processing file /opt/airflow/dags/5.1-orchestration.py for tasks to queue
[2024-09-05 00:41:15,061] {logging_mixin.py:115} INFO - [2024-09-05 00:41:15,061] {dagbag.py:508} INFO - Filling up the DagBag from /opt/airflow/dags/5.1-orchestration.py
[2024-09-05 00:41:15,067] {processor.py:651} INFO - DAG(s) dict_keys(['5.1-orchestration']) retrieved from /opt/airflow/dags/5.1-orchestration.py
[2024-09-05 00:41:15,082] {logging_mixin.py:115} INFO - [2024-09-05 00:41:15,082] {dag.py:2420} INFO - Sync 1 DAGs
[2024-09-05 00:41:15,097] {logging_mixin.py:115} INFO - [2024-09-05 00:41:15,097] {dag.py:2972} INFO - Setting next_dagrun for 5.1-orchestration to 2024-05-20T00:00:00+00:00, run_after=2024-05-21T00:00:00+00:00
[2024-09-05 00:41:15,106] {processor.py:161} INFO - Processing /opt/airflow/dags/5.1-orchestration.py took 0.048 seconds
[2024-09-05 00:41:45,529] {processor.py:153} INFO - Started process (PID=17402) to work on /opt/airflow/dags/5.1-orchestration.py
[2024-09-05 00:41:45,530] {processor.py:641} INFO - Processing file /opt/airflow/dags/5.1-orchestration.py for tasks to queue
[2024-09-05 00:41:45,530] {logging_mixin.py:115} INFO - [2024-09-05 00:41:45,530] {dagbag.py:508} INFO - Filling up the DagBag from /opt/airflow/dags/5.1-orchestration.py
[2024-09-05 00:41:45,536] {processor.py:651} INFO - DAG(s) dict_keys(['5.1-orchestration']) retrieved from /opt/airflow/dags/5.1-orchestration.py
[2024-09-05 00:41:45,551] {logging_mixin.py:115} INFO - [2024-09-05 00:41:45,551] {dag.py:2420} INFO - Sync 1 DAGs
[2024-09-05 00:41:45,565] {logging_mixin.py:115} INFO - [2024-09-05 00:41:45,565] {dag.py:2972} INFO - Setting next_dagrun for 5.1-orchestration to 2024-05-20T00:00:00+00:00, run_after=2024-05-21T00:00:00+00:00
[2024-09-05 00:41:45,573] {processor.py:161} INFO - Processing /opt/airflow/dags/5.1-orchestration.py took 0.046 seconds
[2024-09-05 00:42:16,041] {processor.py:153} INFO - Started process (PID=17441) to work on /opt/airflow/dags/5.1-orchestration.py
[2024-09-05 00:42:16,041] {processor.py:641} INFO - Processing file /opt/airflow/dags/5.1-orchestration.py for tasks to queue
[2024-09-05 00:42:16,042] {logging_mixin.py:115} INFO - [2024-09-05 00:42:16,041] {dagbag.py:508} INFO - Filling up the DagBag from /opt/airflow/dags/5.1-orchestration.py
[2024-09-05 00:42:16,047] {processor.py:651} INFO - DAG(s) dict_keys(['5.1-orchestration']) retrieved from /opt/airflow/dags/5.1-orchestration.py
[2024-09-05 00:42:16,061] {logging_mixin.py:115} INFO - [2024-09-05 00:42:16,061] {dag.py:2420} INFO - Sync 1 DAGs
[2024-09-05 00:42:16,075] {logging_mixin.py:115} INFO - [2024-09-05 00:42:16,074] {dag.py:2972} INFO - Setting next_dagrun for 5.1-orchestration to 2024-05-20T00:00:00+00:00, run_after=2024-05-21T00:00:00+00:00
[2024-09-05 00:42:16,082] {processor.py:161} INFO - Processing /opt/airflow/dags/5.1-orchestration.py took 0.045 seconds
[2024-09-05 00:42:46,528] {processor.py:153} INFO - Started process (PID=17479) to work on /opt/airflow/dags/5.1-orchestration.py
[2024-09-05 00:42:46,528] {processor.py:641} INFO - Processing file /opt/airflow/dags/5.1-orchestration.py for tasks to queue
[2024-09-05 00:42:46,529] {logging_mixin.py:115} INFO - [2024-09-05 00:42:46,529] {dagbag.py:508} INFO - Filling up the DagBag from /opt/airflow/dags/5.1-orchestration.py
[2024-09-05 00:42:46,536] {processor.py:651} INFO - DAG(s) dict_keys(['5.1-orchestration']) retrieved from /opt/airflow/dags/5.1-orchestration.py
[2024-09-05 00:42:46,556] {logging_mixin.py:115} INFO - [2024-09-05 00:42:46,556] {dag.py:2420} INFO - Sync 1 DAGs
[2024-09-05 00:42:46,572] {logging_mixin.py:115} INFO - [2024-09-05 00:42:46,572] {dag.py:2972} INFO - Setting next_dagrun for 5.1-orchestration to 2024-05-20T00:00:00+00:00, run_after=2024-05-21T00:00:00+00:00
[2024-09-05 00:42:46,585] {processor.py:161} INFO - Processing /opt/airflow/dags/5.1-orchestration.py took 0.059 seconds
[2024-09-05 00:43:17,037] {processor.py:153} INFO - Started process (PID=17509) to work on /opt/airflow/dags/5.1-orchestration.py
[2024-09-05 00:43:17,037] {processor.py:641} INFO - Processing file /opt/airflow/dags/5.1-orchestration.py for tasks to queue
[2024-09-05 00:43:17,038] {logging_mixin.py:115} INFO - [2024-09-05 00:43:17,037] {dagbag.py:508} INFO - Filling up the DagBag from /opt/airflow/dags/5.1-orchestration.py
[2024-09-05 00:43:17,043] {processor.py:651} INFO - DAG(s) dict_keys(['5.1-orchestration']) retrieved from /opt/airflow/dags/5.1-orchestration.py
[2024-09-05 00:43:17,060] {logging_mixin.py:115} INFO - [2024-09-05 00:43:17,060] {dag.py:2420} INFO - Sync 1 DAGs
[2024-09-05 00:43:17,074] {logging_mixin.py:115} INFO - [2024-09-05 00:43:17,074] {dag.py:2972} INFO - Setting next_dagrun for 5.1-orchestration to 2024-05-20T00:00:00+00:00, run_after=2024-05-21T00:00:00+00:00
[2024-09-05 00:43:17,082] {processor.py:161} INFO - Processing /opt/airflow/dags/5.1-orchestration.py took 0.047 seconds
[2024-09-05 00:43:47,530] {processor.py:153} INFO - Started process (PID=17547) to work on /opt/airflow/dags/5.1-orchestration.py
[2024-09-05 00:43:47,530] {processor.py:641} INFO - Processing file /opt/airflow/dags/5.1-orchestration.py for tasks to queue
[2024-09-05 00:43:47,531] {logging_mixin.py:115} INFO - [2024-09-05 00:43:47,531] {dagbag.py:508} INFO - Filling up the DagBag from /opt/airflow/dags/5.1-orchestration.py
[2024-09-05 00:43:47,537] {processor.py:651} INFO - DAG(s) dict_keys(['5.1-orchestration']) retrieved from /opt/airflow/dags/5.1-orchestration.py
[2024-09-05 00:43:47,554] {logging_mixin.py:115} INFO - [2024-09-05 00:43:47,554] {dag.py:2420} INFO - Sync 1 DAGs
[2024-09-05 00:43:47,568] {logging_mixin.py:115} INFO - [2024-09-05 00:43:47,568] {dag.py:2972} INFO - Setting next_dagrun for 5.1-orchestration to 2024-05-20T00:00:00+00:00, run_after=2024-05-21T00:00:00+00:00
[2024-09-05 00:43:47,575] {processor.py:161} INFO - Processing /opt/airflow/dags/5.1-orchestration.py took 0.048 seconds
[2024-09-05 00:44:17,998] {processor.py:153} INFO - Started process (PID=17585) to work on /opt/airflow/dags/5.1-orchestration.py
[2024-09-05 00:44:17,998] {processor.py:641} INFO - Processing file /opt/airflow/dags/5.1-orchestration.py for tasks to queue
[2024-09-05 00:44:17,998] {logging_mixin.py:115} INFO - [2024-09-05 00:44:17,998] {dagbag.py:508} INFO - Filling up the DagBag from /opt/airflow/dags/5.1-orchestration.py
[2024-09-05 00:44:18,005] {processor.py:651} INFO - DAG(s) dict_keys(['5.1-orchestration']) retrieved from /opt/airflow/dags/5.1-orchestration.py
[2024-09-05 00:44:18,023] {logging_mixin.py:115} INFO - [2024-09-05 00:44:18,022] {dag.py:2420} INFO - Sync 1 DAGs
[2024-09-05 00:44:18,037] {logging_mixin.py:115} INFO - [2024-09-05 00:44:18,037] {dag.py:2972} INFO - Setting next_dagrun for 5.1-orchestration to 2024-05-20T00:00:00+00:00, run_after=2024-05-21T00:00:00+00:00
[2024-09-05 00:44:18,044] {processor.py:161} INFO - Processing /opt/airflow/dags/5.1-orchestration.py took 0.049 seconds
[2024-09-05 00:44:48,531] {processor.py:153} INFO - Started process (PID=17624) to work on /opt/airflow/dags/5.1-orchestration.py
[2024-09-05 00:44:48,532] {processor.py:641} INFO - Processing file /opt/airflow/dags/5.1-orchestration.py for tasks to queue
[2024-09-05 00:44:48,532] {logging_mixin.py:115} INFO - [2024-09-05 00:44:48,532] {dagbag.py:508} INFO - Filling up the DagBag from /opt/airflow/dags/5.1-orchestration.py
[2024-09-05 00:44:48,538] {processor.py:651} INFO - DAG(s) dict_keys(['5.1-orchestration']) retrieved from /opt/airflow/dags/5.1-orchestration.py
[2024-09-05 00:44:48,555] {logging_mixin.py:115} INFO - [2024-09-05 00:44:48,555] {dag.py:2420} INFO - Sync 1 DAGs
[2024-09-05 00:44:48,568] {logging_mixin.py:115} INFO - [2024-09-05 00:44:48,568] {dag.py:2972} INFO - Setting next_dagrun for 5.1-orchestration to 2024-05-20T00:00:00+00:00, run_after=2024-05-21T00:00:00+00:00
[2024-09-05 00:44:48,578] {processor.py:161} INFO - Processing /opt/airflow/dags/5.1-orchestration.py took 0.048 seconds
[2024-09-05 00:45:19,018] {processor.py:153} INFO - Started process (PID=17663) to work on /opt/airflow/dags/5.1-orchestration.py
[2024-09-05 00:45:19,018] {processor.py:641} INFO - Processing file /opt/airflow/dags/5.1-orchestration.py for tasks to queue
[2024-09-05 00:45:19,019] {logging_mixin.py:115} INFO - [2024-09-05 00:45:19,019] {dagbag.py:508} INFO - Filling up the DagBag from /opt/airflow/dags/5.1-orchestration.py
[2024-09-05 00:45:19,025] {processor.py:651} INFO - DAG(s) dict_keys(['5.1-orchestration']) retrieved from /opt/airflow/dags/5.1-orchestration.py
[2024-09-05 00:45:19,040] {logging_mixin.py:115} INFO - [2024-09-05 00:45:19,040] {dag.py:2420} INFO - Sync 1 DAGs
[2024-09-05 00:45:19,054] {logging_mixin.py:115} INFO - [2024-09-05 00:45:19,054] {dag.py:2972} INFO - Setting next_dagrun for 5.1-orchestration to 2024-05-20T00:00:00+00:00, run_after=2024-05-21T00:00:00+00:00
[2024-09-05 00:45:19,061] {processor.py:161} INFO - Processing /opt/airflow/dags/5.1-orchestration.py took 0.046 seconds
[2024-09-05 00:45:49,510] {processor.py:153} INFO - Started process (PID=17702) to work on /opt/airflow/dags/5.1-orchestration.py
[2024-09-05 00:45:49,511] {processor.py:641} INFO - Processing file /opt/airflow/dags/5.1-orchestration.py for tasks to queue
[2024-09-05 00:45:49,511] {logging_mixin.py:115} INFO - [2024-09-05 00:45:49,511] {dagbag.py:508} INFO - Filling up the DagBag from /opt/airflow/dags/5.1-orchestration.py
[2024-09-05 00:45:49,517] {processor.py:651} INFO - DAG(s) dict_keys(['5.1-orchestration']) retrieved from /opt/airflow/dags/5.1-orchestration.py
[2024-09-05 00:45:49,533] {logging_mixin.py:115} INFO - [2024-09-05 00:45:49,533] {dag.py:2420} INFO - Sync 1 DAGs
[2024-09-05 00:45:49,547] {logging_mixin.py:115} INFO - [2024-09-05 00:45:49,547] {dag.py:2972} INFO - Setting next_dagrun for 5.1-orchestration to 2024-05-20T00:00:00+00:00, run_after=2024-05-21T00:00:00+00:00
[2024-09-05 00:45:49,555] {processor.py:161} INFO - Processing /opt/airflow/dags/5.1-orchestration.py took 0.048 seconds
[2024-09-05 00:46:19,985] {processor.py:153} INFO - Started process (PID=17732) to work on /opt/airflow/dags/5.1-orchestration.py
[2024-09-05 00:46:19,985] {processor.py:641} INFO - Processing file /opt/airflow/dags/5.1-orchestration.py for tasks to queue
[2024-09-05 00:46:19,986] {logging_mixin.py:115} INFO - [2024-09-05 00:46:19,986] {dagbag.py:508} INFO - Filling up the DagBag from /opt/airflow/dags/5.1-orchestration.py
[2024-09-05 00:46:19,993] {processor.py:651} INFO - DAG(s) dict_keys(['5.1-orchestration']) retrieved from /opt/airflow/dags/5.1-orchestration.py
[2024-09-05 00:46:20,008] {logging_mixin.py:115} INFO - [2024-09-05 00:46:20,008] {dag.py:2420} INFO - Sync 1 DAGs
[2024-09-05 00:46:20,022] {logging_mixin.py:115} INFO - [2024-09-05 00:46:20,021] {dag.py:2972} INFO - Setting next_dagrun for 5.1-orchestration to 2024-05-20T00:00:00+00:00, run_after=2024-05-21T00:00:00+00:00
[2024-09-05 00:46:20,029] {processor.py:161} INFO - Processing /opt/airflow/dags/5.1-orchestration.py took 0.046 seconds
[2024-09-05 00:46:50,504] {processor.py:153} INFO - Started process (PID=17771) to work on /opt/airflow/dags/5.1-orchestration.py
[2024-09-05 00:46:50,504] {processor.py:641} INFO - Processing file /opt/airflow/dags/5.1-orchestration.py for tasks to queue
[2024-09-05 00:46:50,505] {logging_mixin.py:115} INFO - [2024-09-05 00:46:50,504] {dagbag.py:508} INFO - Filling up the DagBag from /opt/airflow/dags/5.1-orchestration.py
[2024-09-05 00:46:50,511] {processor.py:651} INFO - DAG(s) dict_keys(['5.1-orchestration']) retrieved from /opt/airflow/dags/5.1-orchestration.py
[2024-09-05 00:46:50,527] {logging_mixin.py:115} INFO - [2024-09-05 00:46:50,527] {dag.py:2420} INFO - Sync 1 DAGs
[2024-09-05 00:46:50,542] {logging_mixin.py:115} INFO - [2024-09-05 00:46:50,542] {dag.py:2972} INFO - Setting next_dagrun for 5.1-orchestration to 2024-05-20T00:00:00+00:00, run_after=2024-05-21T00:00:00+00:00
[2024-09-05 00:46:50,549] {processor.py:161} INFO - Processing /opt/airflow/dags/5.1-orchestration.py took 0.048 seconds
[2024-09-05 00:47:21,023] {processor.py:153} INFO - Started process (PID=17810) to work on /opt/airflow/dags/5.1-orchestration.py
[2024-09-05 00:47:21,024] {processor.py:641} INFO - Processing file /opt/airflow/dags/5.1-orchestration.py for tasks to queue
[2024-09-05 00:47:21,024] {logging_mixin.py:115} INFO - [2024-09-05 00:47:21,024] {dagbag.py:508} INFO - Filling up the DagBag from /opt/airflow/dags/5.1-orchestration.py
[2024-09-05 00:47:21,030] {processor.py:651} INFO - DAG(s) dict_keys(['5.1-orchestration']) retrieved from /opt/airflow/dags/5.1-orchestration.py
[2024-09-05 00:47:21,050] {logging_mixin.py:115} INFO - [2024-09-05 00:47:21,050] {dag.py:2420} INFO - Sync 1 DAGs
[2024-09-05 00:47:21,066] {logging_mixin.py:115} INFO - [2024-09-05 00:47:21,066] {dag.py:2972} INFO - Setting next_dagrun for 5.1-orchestration to 2024-05-20T00:00:00+00:00, run_after=2024-05-21T00:00:00+00:00
[2024-09-05 00:47:21,075] {processor.py:161} INFO - Processing /opt/airflow/dags/5.1-orchestration.py took 0.054 seconds
[2024-09-05 00:47:51,488] {processor.py:153} INFO - Started process (PID=17849) to work on /opt/airflow/dags/5.1-orchestration.py
[2024-09-05 00:47:51,488] {processor.py:641} INFO - Processing file /opt/airflow/dags/5.1-orchestration.py for tasks to queue
[2024-09-05 00:47:51,488] {logging_mixin.py:115} INFO - [2024-09-05 00:47:51,488] {dagbag.py:508} INFO - Filling up the DagBag from /opt/airflow/dags/5.1-orchestration.py
[2024-09-05 00:47:51,494] {processor.py:651} INFO - DAG(s) dict_keys(['5.1-orchestration']) retrieved from /opt/airflow/dags/5.1-orchestration.py
[2024-09-05 00:47:51,510] {logging_mixin.py:115} INFO - [2024-09-05 00:47:51,510] {dag.py:2420} INFO - Sync 1 DAGs
[2024-09-05 00:47:51,524] {logging_mixin.py:115} INFO - [2024-09-05 00:47:51,524] {dag.py:2972} INFO - Setting next_dagrun for 5.1-orchestration to 2024-05-20T00:00:00+00:00, run_after=2024-05-21T00:00:00+00:00
[2024-09-05 00:47:51,533] {processor.py:161} INFO - Processing /opt/airflow/dags/5.1-orchestration.py took 0.047 seconds
[2024-09-05 00:48:22,041] {processor.py:153} INFO - Started process (PID=17888) to work on /opt/airflow/dags/5.1-orchestration.py
[2024-09-05 00:48:22,041] {processor.py:641} INFO - Processing file /opt/airflow/dags/5.1-orchestration.py for tasks to queue
[2024-09-05 00:48:22,041] {logging_mixin.py:115} INFO - [2024-09-05 00:48:22,041] {dagbag.py:508} INFO - Filling up the DagBag from /opt/airflow/dags/5.1-orchestration.py
[2024-09-05 00:48:22,047] {processor.py:651} INFO - DAG(s) dict_keys(['5.1-orchestration']) retrieved from /opt/airflow/dags/5.1-orchestration.py
[2024-09-05 00:48:22,062] {logging_mixin.py:115} INFO - [2024-09-05 00:48:22,062] {dag.py:2420} INFO - Sync 1 DAGs
[2024-09-05 00:48:22,076] {logging_mixin.py:115} INFO - [2024-09-05 00:48:22,075] {dag.py:2972} INFO - Setting next_dagrun for 5.1-orchestration to 2024-05-20T00:00:00+00:00, run_after=2024-05-21T00:00:00+00:00
[2024-09-05 00:48:22,083] {processor.py:161} INFO - Processing /opt/airflow/dags/5.1-orchestration.py took 0.045 seconds
[2024-09-05 00:48:52,547] {processor.py:153} INFO - Started process (PID=17927) to work on /opt/airflow/dags/5.1-orchestration.py
[2024-09-05 00:48:52,547] {processor.py:641} INFO - Processing file /opt/airflow/dags/5.1-orchestration.py for tasks to queue
[2024-09-05 00:48:52,547] {logging_mixin.py:115} INFO - [2024-09-05 00:48:52,547] {dagbag.py:508} INFO - Filling up the DagBag from /opt/airflow/dags/5.1-orchestration.py
[2024-09-05 00:48:52,554] {processor.py:651} INFO - DAG(s) dict_keys(['5.1-orchestration']) retrieved from /opt/airflow/dags/5.1-orchestration.py
[2024-09-05 00:48:52,572] {logging_mixin.py:115} INFO - [2024-09-05 00:48:52,572] {dag.py:2420} INFO - Sync 1 DAGs
[2024-09-05 00:48:52,587] {logging_mixin.py:115} INFO - [2024-09-05 00:48:52,587] {dag.py:2972} INFO - Setting next_dagrun for 5.1-orchestration to 2024-05-20T00:00:00+00:00, run_after=2024-05-21T00:00:00+00:00
[2024-09-05 00:48:52,596] {processor.py:161} INFO - Processing /opt/airflow/dags/5.1-orchestration.py took 0.052 seconds
[2024-09-05 00:49:23,066] {processor.py:153} INFO - Started process (PID=17956) to work on /opt/airflow/dags/5.1-orchestration.py
[2024-09-05 00:49:23,066] {processor.py:641} INFO - Processing file /opt/airflow/dags/5.1-orchestration.py for tasks to queue
[2024-09-05 00:49:23,067] {logging_mixin.py:115} INFO - [2024-09-05 00:49:23,067] {dagbag.py:508} INFO - Filling up the DagBag from /opt/airflow/dags/5.1-orchestration.py
[2024-09-05 00:49:23,073] {processor.py:651} INFO - DAG(s) dict_keys(['5.1-orchestration']) retrieved from /opt/airflow/dags/5.1-orchestration.py
[2024-09-05 00:49:23,088] {logging_mixin.py:115} INFO - [2024-09-05 00:49:23,088] {dag.py:2420} INFO - Sync 1 DAGs
[2024-09-05 00:49:23,103] {logging_mixin.py:115} INFO - [2024-09-05 00:49:23,102] {dag.py:2972} INFO - Setting next_dagrun for 5.1-orchestration to 2024-05-20T00:00:00+00:00, run_after=2024-05-21T00:00:00+00:00
[2024-09-05 00:49:23,111] {processor.py:161} INFO - Processing /opt/airflow/dags/5.1-orchestration.py took 0.047 seconds
[2024-09-05 00:49:53,575] {processor.py:153} INFO - Started process (PID=17995) to work on /opt/airflow/dags/5.1-orchestration.py
[2024-09-05 00:49:53,576] {processor.py:641} INFO - Processing file /opt/airflow/dags/5.1-orchestration.py for tasks to queue
[2024-09-05 00:49:53,576] {logging_mixin.py:115} INFO - [2024-09-05 00:49:53,576] {dagbag.py:508} INFO - Filling up the DagBag from /opt/airflow/dags/5.1-orchestration.py
[2024-09-05 00:49:53,582] {processor.py:651} INFO - DAG(s) dict_keys(['5.1-orchestration']) retrieved from /opt/airflow/dags/5.1-orchestration.py
[2024-09-05 00:49:53,597] {logging_mixin.py:115} INFO - [2024-09-05 00:49:53,597] {dag.py:2420} INFO - Sync 1 DAGs
[2024-09-05 00:49:53,611] {logging_mixin.py:115} INFO - [2024-09-05 00:49:53,610] {dag.py:2972} INFO - Setting next_dagrun for 5.1-orchestration to 2024-05-20T00:00:00+00:00, run_after=2024-05-21T00:00:00+00:00
[2024-09-05 00:49:53,618] {processor.py:161} INFO - Processing /opt/airflow/dags/5.1-orchestration.py took 0.045 seconds
[2024-09-05 00:50:24,085] {processor.py:153} INFO - Started process (PID=18033) to work on /opt/airflow/dags/5.1-orchestration.py
[2024-09-05 00:50:24,085] {processor.py:641} INFO - Processing file /opt/airflow/dags/5.1-orchestration.py for tasks to queue
[2024-09-05 00:50:24,086] {logging_mixin.py:115} INFO - [2024-09-05 00:50:24,086] {dagbag.py:508} INFO - Filling up the DagBag from /opt/airflow/dags/5.1-orchestration.py
[2024-09-05 00:50:24,092] {processor.py:651} INFO - DAG(s) dict_keys(['5.1-orchestration']) retrieved from /opt/airflow/dags/5.1-orchestration.py
[2024-09-05 00:50:24,108] {logging_mixin.py:115} INFO - [2024-09-05 00:50:24,107] {dag.py:2420} INFO - Sync 1 DAGs
[2024-09-05 00:50:24,121] {logging_mixin.py:115} INFO - [2024-09-05 00:50:24,121] {dag.py:2972} INFO - Setting next_dagrun for 5.1-orchestration to 2024-05-20T00:00:00+00:00, run_after=2024-05-21T00:00:00+00:00
[2024-09-05 00:50:24,129] {processor.py:161} INFO - Processing /opt/airflow/dags/5.1-orchestration.py took 0.046 seconds
[2024-09-05 00:50:54,512] {processor.py:153} INFO - Started process (PID=18072) to work on /opt/airflow/dags/5.1-orchestration.py
[2024-09-05 00:50:54,512] {processor.py:641} INFO - Processing file /opt/airflow/dags/5.1-orchestration.py for tasks to queue
[2024-09-05 00:50:54,512] {logging_mixin.py:115} INFO - [2024-09-05 00:50:54,512] {dagbag.py:508} INFO - Filling up the DagBag from /opt/airflow/dags/5.1-orchestration.py
[2024-09-05 00:50:54,518] {processor.py:651} INFO - DAG(s) dict_keys(['5.1-orchestration']) retrieved from /opt/airflow/dags/5.1-orchestration.py
[2024-09-05 00:50:54,535] {logging_mixin.py:115} INFO - [2024-09-05 00:50:54,535] {dag.py:2420} INFO - Sync 1 DAGs
[2024-09-05 00:50:54,548] {logging_mixin.py:115} INFO - [2024-09-05 00:50:54,548] {dag.py:2972} INFO - Setting next_dagrun for 5.1-orchestration to 2024-05-20T00:00:00+00:00, run_after=2024-05-21T00:00:00+00:00
[2024-09-05 00:50:54,557] {processor.py:161} INFO - Processing /opt/airflow/dags/5.1-orchestration.py took 0.049 seconds
[2024-09-05 00:51:24,973] {processor.py:153} INFO - Started process (PID=18111) to work on /opt/airflow/dags/5.1-orchestration.py
[2024-09-05 00:51:24,973] {processor.py:641} INFO - Processing file /opt/airflow/dags/5.1-orchestration.py for tasks to queue
[2024-09-05 00:51:24,974] {logging_mixin.py:115} INFO - [2024-09-05 00:51:24,973] {dagbag.py:508} INFO - Filling up the DagBag from /opt/airflow/dags/5.1-orchestration.py
[2024-09-05 00:51:24,980] {processor.py:651} INFO - DAG(s) dict_keys(['5.1-orchestration']) retrieved from /opt/airflow/dags/5.1-orchestration.py
[2024-09-05 00:51:24,995] {logging_mixin.py:115} INFO - [2024-09-05 00:51:24,995] {dag.py:2420} INFO - Sync 1 DAGs
[2024-09-05 00:51:25,008] {logging_mixin.py:115} INFO - [2024-09-05 00:51:25,008] {dag.py:2972} INFO - Setting next_dagrun for 5.1-orchestration to 2024-05-20T00:00:00+00:00, run_after=2024-05-21T00:00:00+00:00
[2024-09-05 00:51:25,015] {processor.py:161} INFO - Processing /opt/airflow/dags/5.1-orchestration.py took 0.045 seconds
[2024-09-05 00:51:55,562] {processor.py:153} INFO - Started process (PID=18150) to work on /opt/airflow/dags/5.1-orchestration.py
[2024-09-05 00:51:55,563] {processor.py:641} INFO - Processing file /opt/airflow/dags/5.1-orchestration.py for tasks to queue
[2024-09-05 00:51:55,563] {logging_mixin.py:115} INFO - [2024-09-05 00:51:55,563] {dagbag.py:508} INFO - Filling up the DagBag from /opt/airflow/dags/5.1-orchestration.py
[2024-09-05 00:51:55,570] {processor.py:651} INFO - DAG(s) dict_keys(['5.1-orchestration']) retrieved from /opt/airflow/dags/5.1-orchestration.py
[2024-09-05 00:51:55,587] {logging_mixin.py:115} INFO - [2024-09-05 00:51:55,587] {dag.py:2420} INFO - Sync 1 DAGs
[2024-09-05 00:51:55,603] {logging_mixin.py:115} INFO - [2024-09-05 00:51:55,603] {dag.py:2972} INFO - Setting next_dagrun for 5.1-orchestration to 2024-05-20T00:00:00+00:00, run_after=2024-05-21T00:00:00+00:00
[2024-09-05 00:51:55,613] {processor.py:161} INFO - Processing /opt/airflow/dags/5.1-orchestration.py took 0.052 seconds
[2024-09-05 00:52:26,040] {processor.py:153} INFO - Started process (PID=18180) to work on /opt/airflow/dags/5.1-orchestration.py
[2024-09-05 00:52:26,041] {processor.py:641} INFO - Processing file /opt/airflow/dags/5.1-orchestration.py for tasks to queue
[2024-09-05 00:52:26,041] {logging_mixin.py:115} INFO - [2024-09-05 00:52:26,041] {dagbag.py:508} INFO - Filling up the DagBag from /opt/airflow/dags/5.1-orchestration.py
[2024-09-05 00:52:26,047] {processor.py:651} INFO - DAG(s) dict_keys(['5.1-orchestration']) retrieved from /opt/airflow/dags/5.1-orchestration.py
[2024-09-05 00:52:26,063] {logging_mixin.py:115} INFO - [2024-09-05 00:52:26,063] {dag.py:2420} INFO - Sync 1 DAGs
[2024-09-05 00:52:26,077] {logging_mixin.py:115} INFO - [2024-09-05 00:52:26,077] {dag.py:2972} INFO - Setting next_dagrun for 5.1-orchestration to 2024-05-20T00:00:00+00:00, run_after=2024-05-21T00:00:00+00:00
[2024-09-05 00:52:26,084] {processor.py:161} INFO - Processing /opt/airflow/dags/5.1-orchestration.py took 0.046 seconds
[2024-09-05 00:52:56,557] {processor.py:153} INFO - Started process (PID=18218) to work on /opt/airflow/dags/5.1-orchestration.py
[2024-09-05 00:52:56,557] {processor.py:641} INFO - Processing file /opt/airflow/dags/5.1-orchestration.py for tasks to queue
[2024-09-05 00:52:56,558] {logging_mixin.py:115} INFO - [2024-09-05 00:52:56,557] {dagbag.py:508} INFO - Filling up the DagBag from /opt/airflow/dags/5.1-orchestration.py
[2024-09-05 00:52:56,563] {processor.py:651} INFO - DAG(s) dict_keys(['5.1-orchestration']) retrieved from /opt/airflow/dags/5.1-orchestration.py
[2024-09-05 00:52:56,579] {logging_mixin.py:115} INFO - [2024-09-05 00:52:56,579] {dag.py:2420} INFO - Sync 1 DAGs
[2024-09-05 00:52:56,594] {logging_mixin.py:115} INFO - [2024-09-05 00:52:56,593] {dag.py:2972} INFO - Setting next_dagrun for 5.1-orchestration to 2024-05-20T00:00:00+00:00, run_after=2024-05-21T00:00:00+00:00
[2024-09-05 00:52:56,602] {processor.py:161} INFO - Processing /opt/airflow/dags/5.1-orchestration.py took 0.047 seconds
[2024-09-05 00:53:27,073] {processor.py:153} INFO - Started process (PID=18257) to work on /opt/airflow/dags/5.1-orchestration.py
[2024-09-05 00:53:27,073] {processor.py:641} INFO - Processing file /opt/airflow/dags/5.1-orchestration.py for tasks to queue
[2024-09-05 00:53:27,074] {logging_mixin.py:115} INFO - [2024-09-05 00:53:27,074] {dagbag.py:508} INFO - Filling up the DagBag from /opt/airflow/dags/5.1-orchestration.py
[2024-09-05 00:53:27,080] {processor.py:651} INFO - DAG(s) dict_keys(['5.1-orchestration']) retrieved from /opt/airflow/dags/5.1-orchestration.py
[2024-09-05 00:53:27,096] {logging_mixin.py:115} INFO - [2024-09-05 00:53:27,096] {dag.py:2420} INFO - Sync 1 DAGs
[2024-09-05 00:53:27,109] {logging_mixin.py:115} INFO - [2024-09-05 00:53:27,109] {dag.py:2972} INFO - Setting next_dagrun for 5.1-orchestration to 2024-05-20T00:00:00+00:00, run_after=2024-05-21T00:00:00+00:00
[2024-09-05 00:53:27,117] {processor.py:161} INFO - Processing /opt/airflow/dags/5.1-orchestration.py took 0.046 seconds
[2024-09-05 00:53:57,534] {processor.py:153} INFO - Started process (PID=18296) to work on /opt/airflow/dags/5.1-orchestration.py
[2024-09-05 00:53:57,534] {processor.py:641} INFO - Processing file /opt/airflow/dags/5.1-orchestration.py for tasks to queue
[2024-09-05 00:53:57,535] {logging_mixin.py:115} INFO - [2024-09-05 00:53:57,535] {dagbag.py:508} INFO - Filling up the DagBag from /opt/airflow/dags/5.1-orchestration.py
[2024-09-05 00:53:57,541] {processor.py:651} INFO - DAG(s) dict_keys(['5.1-orchestration']) retrieved from /opt/airflow/dags/5.1-orchestration.py
[2024-09-05 00:53:57,557] {logging_mixin.py:115} INFO - [2024-09-05 00:53:57,557] {dag.py:2420} INFO - Sync 1 DAGs
[2024-09-05 00:53:57,570] {logging_mixin.py:115} INFO - [2024-09-05 00:53:57,570] {dag.py:2972} INFO - Setting next_dagrun for 5.1-orchestration to 2024-05-20T00:00:00+00:00, run_after=2024-05-21T00:00:00+00:00
[2024-09-05 00:53:57,578] {processor.py:161} INFO - Processing /opt/airflow/dags/5.1-orchestration.py took 0.046 seconds
[2024-09-05 00:54:28,005] {processor.py:153} INFO - Started process (PID=18332) to work on /opt/airflow/dags/5.1-orchestration.py
[2024-09-05 00:54:28,005] {processor.py:641} INFO - Processing file /opt/airflow/dags/5.1-orchestration.py for tasks to queue
[2024-09-05 00:54:28,005] {logging_mixin.py:115} INFO - [2024-09-05 00:54:28,005] {dagbag.py:508} INFO - Filling up the DagBag from /opt/airflow/dags/5.1-orchestration.py
[2024-09-05 00:54:28,011] {processor.py:651} INFO - DAG(s) dict_keys(['5.1-orchestration']) retrieved from /opt/airflow/dags/5.1-orchestration.py
[2024-09-05 00:54:28,027] {logging_mixin.py:115} INFO - [2024-09-05 00:54:28,026] {dag.py:2420} INFO - Sync 1 DAGs
[2024-09-05 00:54:28,040] {logging_mixin.py:115} INFO - [2024-09-05 00:54:28,040] {dag.py:2972} INFO - Setting next_dagrun for 5.1-orchestration to 2024-05-20T00:00:00+00:00, run_after=2024-05-21T00:00:00+00:00
[2024-09-05 00:54:28,049] {processor.py:161} INFO - Processing /opt/airflow/dags/5.1-orchestration.py took 0.046 seconds
[2024-09-05 00:54:58,478] {processor.py:153} INFO - Started process (PID=18362) to work on /opt/airflow/dags/5.1-orchestration.py
[2024-09-05 00:54:58,479] {processor.py:641} INFO - Processing file /opt/airflow/dags/5.1-orchestration.py for tasks to queue
[2024-09-05 00:54:58,480] {logging_mixin.py:115} INFO - [2024-09-05 00:54:58,479] {dagbag.py:508} INFO - Filling up the DagBag from /opt/airflow/dags/5.1-orchestration.py
[2024-09-05 00:54:58,487] {processor.py:651} INFO - DAG(s) dict_keys(['5.1-orchestration']) retrieved from /opt/airflow/dags/5.1-orchestration.py
[2024-09-05 00:54:58,514] {logging_mixin.py:115} INFO - [2024-09-05 00:54:58,514] {dag.py:2420} INFO - Sync 1 DAGs
[2024-09-05 00:54:58,532] {logging_mixin.py:115} INFO - [2024-09-05 00:54:58,532] {dag.py:2972} INFO - Setting next_dagrun for 5.1-orchestration to 2024-05-20T00:00:00+00:00, run_after=2024-05-21T00:00:00+00:00
[2024-09-05 00:54:58,539] {processor.py:161} INFO - Processing /opt/airflow/dags/5.1-orchestration.py took 0.064 seconds
[2024-09-05 00:55:29,007] {processor.py:153} INFO - Started process (PID=18401) to work on /opt/airflow/dags/5.1-orchestration.py
[2024-09-05 00:55:29,008] {processor.py:641} INFO - Processing file /opt/airflow/dags/5.1-orchestration.py for tasks to queue
[2024-09-05 00:55:29,008] {logging_mixin.py:115} INFO - [2024-09-05 00:55:29,008] {dagbag.py:508} INFO - Filling up the DagBag from /opt/airflow/dags/5.1-orchestration.py
[2024-09-05 00:55:29,015] {processor.py:651} INFO - DAG(s) dict_keys(['5.1-orchestration']) retrieved from /opt/airflow/dags/5.1-orchestration.py
[2024-09-05 00:55:29,031] {logging_mixin.py:115} INFO - [2024-09-05 00:55:29,031] {dag.py:2420} INFO - Sync 1 DAGs
[2024-09-05 00:55:29,045] {logging_mixin.py:115} INFO - [2024-09-05 00:55:29,045] {dag.py:2972} INFO - Setting next_dagrun for 5.1-orchestration to 2024-05-20T00:00:00+00:00, run_after=2024-05-21T00:00:00+00:00
[2024-09-05 00:55:29,053] {processor.py:161} INFO - Processing /opt/airflow/dags/5.1-orchestration.py took 0.050 seconds
[2024-09-05 00:55:59,473] {processor.py:153} INFO - Started process (PID=18440) to work on /opt/airflow/dags/5.1-orchestration.py
[2024-09-05 00:55:59,474] {processor.py:641} INFO - Processing file /opt/airflow/dags/5.1-orchestration.py for tasks to queue
[2024-09-05 00:55:59,474] {logging_mixin.py:115} INFO - [2024-09-05 00:55:59,474] {dagbag.py:508} INFO - Filling up the DagBag from /opt/airflow/dags/5.1-orchestration.py
[2024-09-05 00:55:59,479] {processor.py:651} INFO - DAG(s) dict_keys(['5.1-orchestration']) retrieved from /opt/airflow/dags/5.1-orchestration.py
[2024-09-05 00:55:59,494] {logging_mixin.py:115} INFO - [2024-09-05 00:55:59,494] {dag.py:2420} INFO - Sync 1 DAGs
[2024-09-05 00:55:59,508] {logging_mixin.py:115} INFO - [2024-09-05 00:55:59,508] {dag.py:2972} INFO - Setting next_dagrun for 5.1-orchestration to 2024-05-20T00:00:00+00:00, run_after=2024-05-21T00:00:00+00:00
[2024-09-05 00:55:59,515] {processor.py:161} INFO - Processing /opt/airflow/dags/5.1-orchestration.py took 0.044 seconds
[2024-09-05 00:56:29,991] {processor.py:153} INFO - Started process (PID=18478) to work on /opt/airflow/dags/5.1-orchestration.py
[2024-09-05 00:56:29,991] {processor.py:641} INFO - Processing file /opt/airflow/dags/5.1-orchestration.py for tasks to queue
[2024-09-05 00:56:29,992] {logging_mixin.py:115} INFO - [2024-09-05 00:56:29,992] {dagbag.py:508} INFO - Filling up the DagBag from /opt/airflow/dags/5.1-orchestration.py
[2024-09-05 00:56:29,998] {processor.py:651} INFO - DAG(s) dict_keys(['5.1-orchestration']) retrieved from /opt/airflow/dags/5.1-orchestration.py
[2024-09-05 00:56:30,012] {logging_mixin.py:115} INFO - [2024-09-05 00:56:30,012] {dag.py:2420} INFO - Sync 1 DAGs
[2024-09-05 00:56:30,025] {logging_mixin.py:115} INFO - [2024-09-05 00:56:30,025] {dag.py:2972} INFO - Setting next_dagrun for 5.1-orchestration to 2024-05-20T00:00:00+00:00, run_after=2024-05-21T00:00:00+00:00
[2024-09-05 00:56:30,033] {processor.py:161} INFO - Processing /opt/airflow/dags/5.1-orchestration.py took 0.045 seconds
[2024-09-05 00:57:00,496] {processor.py:153} INFO - Started process (PID=18516) to work on /opt/airflow/dags/5.1-orchestration.py
[2024-09-05 00:57:00,497] {processor.py:641} INFO - Processing file /opt/airflow/dags/5.1-orchestration.py for tasks to queue
[2024-09-05 00:57:00,497] {logging_mixin.py:115} INFO - [2024-09-05 00:57:00,497] {dagbag.py:508} INFO - Filling up the DagBag from /opt/airflow/dags/5.1-orchestration.py
[2024-09-05 00:57:00,503] {processor.py:651} INFO - DAG(s) dict_keys(['5.1-orchestration']) retrieved from /opt/airflow/dags/5.1-orchestration.py
[2024-09-05 00:57:00,517] {logging_mixin.py:115} INFO - [2024-09-05 00:57:00,517] {dag.py:2420} INFO - Sync 1 DAGs
[2024-09-05 00:57:00,531] {logging_mixin.py:115} INFO - [2024-09-05 00:57:00,531] {dag.py:2972} INFO - Setting next_dagrun for 5.1-orchestration to 2024-05-20T00:00:00+00:00, run_after=2024-05-21T00:00:00+00:00
[2024-09-05 00:57:00,539] {processor.py:161} INFO - Processing /opt/airflow/dags/5.1-orchestration.py took 0.044 seconds
[2024-09-05 00:57:30,974] {processor.py:153} INFO - Started process (PID=18554) to work on /opt/airflow/dags/5.1-orchestration.py
[2024-09-05 00:57:30,975] {processor.py:641} INFO - Processing file /opt/airflow/dags/5.1-orchestration.py for tasks to queue
[2024-09-05 00:57:30,975] {logging_mixin.py:115} INFO - [2024-09-05 00:57:30,975] {dagbag.py:508} INFO - Filling up the DagBag from /opt/airflow/dags/5.1-orchestration.py
[2024-09-05 00:57:30,981] {processor.py:651} INFO - DAG(s) dict_keys(['5.1-orchestration']) retrieved from /opt/airflow/dags/5.1-orchestration.py
[2024-09-05 00:57:30,997] {logging_mixin.py:115} INFO - [2024-09-05 00:57:30,997] {dag.py:2420} INFO - Sync 1 DAGs
[2024-09-05 00:57:31,011] {logging_mixin.py:115} INFO - [2024-09-05 00:57:31,011] {dag.py:2972} INFO - Setting next_dagrun for 5.1-orchestration to 2024-05-20T00:00:00+00:00, run_after=2024-05-21T00:00:00+00:00
[2024-09-05 00:57:31,018] {processor.py:161} INFO - Processing /opt/airflow/dags/5.1-orchestration.py took 0.046 seconds
[2024-09-05 00:58:01,433] {processor.py:153} INFO - Started process (PID=18584) to work on /opt/airflow/dags/5.1-orchestration.py
[2024-09-05 00:58:01,434] {processor.py:641} INFO - Processing file /opt/airflow/dags/5.1-orchestration.py for tasks to queue
[2024-09-05 00:58:01,434] {logging_mixin.py:115} INFO - [2024-09-05 00:58:01,434] {dagbag.py:508} INFO - Filling up the DagBag from /opt/airflow/dags/5.1-orchestration.py
[2024-09-05 00:58:01,440] {processor.py:651} INFO - DAG(s) dict_keys(['5.1-orchestration']) retrieved from /opt/airflow/dags/5.1-orchestration.py
[2024-09-05 00:58:01,456] {logging_mixin.py:115} INFO - [2024-09-05 00:58:01,456] {dag.py:2420} INFO - Sync 1 DAGs
[2024-09-05 00:58:01,471] {logging_mixin.py:115} INFO - [2024-09-05 00:58:01,470] {dag.py:2972} INFO - Setting next_dagrun for 5.1-orchestration to 2024-05-20T00:00:00+00:00, run_after=2024-05-21T00:00:00+00:00
[2024-09-05 00:58:01,478] {processor.py:161} INFO - Processing /opt/airflow/dags/5.1-orchestration.py took 0.047 seconds
[2024-09-05 00:58:31,905] {processor.py:153} INFO - Started process (PID=18622) to work on /opt/airflow/dags/5.1-orchestration.py
[2024-09-05 00:58:31,906] {processor.py:641} INFO - Processing file /opt/airflow/dags/5.1-orchestration.py for tasks to queue
[2024-09-05 00:58:31,906] {logging_mixin.py:115} INFO - [2024-09-05 00:58:31,906] {dagbag.py:508} INFO - Filling up the DagBag from /opt/airflow/dags/5.1-orchestration.py
[2024-09-05 00:58:31,912] {processor.py:651} INFO - DAG(s) dict_keys(['5.1-orchestration']) retrieved from /opt/airflow/dags/5.1-orchestration.py
[2024-09-05 00:58:31,928] {logging_mixin.py:115} INFO - [2024-09-05 00:58:31,928] {dag.py:2420} INFO - Sync 1 DAGs
[2024-09-05 00:58:31,942] {logging_mixin.py:115} INFO - [2024-09-05 00:58:31,941] {dag.py:2972} INFO - Setting next_dagrun for 5.1-orchestration to 2024-05-20T00:00:00+00:00, run_after=2024-05-21T00:00:00+00:00
[2024-09-05 00:58:31,950] {processor.py:161} INFO - Processing /opt/airflow/dags/5.1-orchestration.py took 0.046 seconds
[2024-09-05 00:59:02,379] {processor.py:153} INFO - Started process (PID=18661) to work on /opt/airflow/dags/5.1-orchestration.py
[2024-09-05 00:59:02,380] {processor.py:641} INFO - Processing file /opt/airflow/dags/5.1-orchestration.py for tasks to queue
[2024-09-05 00:59:02,380] {logging_mixin.py:115} INFO - [2024-09-05 00:59:02,380] {dagbag.py:508} INFO - Filling up the DagBag from /opt/airflow/dags/5.1-orchestration.py
[2024-09-05 00:59:02,386] {processor.py:651} INFO - DAG(s) dict_keys(['5.1-orchestration']) retrieved from /opt/airflow/dags/5.1-orchestration.py
[2024-09-05 00:59:02,401] {logging_mixin.py:115} INFO - [2024-09-05 00:59:02,401] {dag.py:2420} INFO - Sync 1 DAGs
[2024-09-05 00:59:02,415] {logging_mixin.py:115} INFO - [2024-09-05 00:59:02,415] {dag.py:2972} INFO - Setting next_dagrun for 5.1-orchestration to 2024-05-20T00:00:00+00:00, run_after=2024-05-21T00:00:00+00:00
[2024-09-05 00:59:02,423] {processor.py:161} INFO - Processing /opt/airflow/dags/5.1-orchestration.py took 0.046 seconds
[2024-09-05 00:59:32,843] {processor.py:153} INFO - Started process (PID=18700) to work on /opt/airflow/dags/5.1-orchestration.py
[2024-09-05 00:59:32,843] {processor.py:641} INFO - Processing file /opt/airflow/dags/5.1-orchestration.py for tasks to queue
[2024-09-05 00:59:32,844] {logging_mixin.py:115} INFO - [2024-09-05 00:59:32,844] {dagbag.py:508} INFO - Filling up the DagBag from /opt/airflow/dags/5.1-orchestration.py
[2024-09-05 00:59:32,850] {processor.py:651} INFO - DAG(s) dict_keys(['5.1-orchestration']) retrieved from /opt/airflow/dags/5.1-orchestration.py
[2024-09-05 00:59:32,865] {logging_mixin.py:115} INFO - [2024-09-05 00:59:32,865] {dag.py:2420} INFO - Sync 1 DAGs
[2024-09-05 00:59:32,878] {logging_mixin.py:115} INFO - [2024-09-05 00:59:32,878] {dag.py:2972} INFO - Setting next_dagrun for 5.1-orchestration to 2024-05-20T00:00:00+00:00, run_after=2024-05-21T00:00:00+00:00
[2024-09-05 00:59:32,886] {processor.py:161} INFO - Processing /opt/airflow/dags/5.1-orchestration.py took 0.045 seconds
[2024-09-05 01:00:03,397] {processor.py:153} INFO - Started process (PID=18739) to work on /opt/airflow/dags/5.1-orchestration.py
[2024-09-05 01:00:03,397] {processor.py:641} INFO - Processing file /opt/airflow/dags/5.1-orchestration.py for tasks to queue
[2024-09-05 01:00:03,398] {logging_mixin.py:115} INFO - [2024-09-05 01:00:03,398] {dagbag.py:508} INFO - Filling up the DagBag from /opt/airflow/dags/5.1-orchestration.py
[2024-09-05 01:00:03,404] {processor.py:651} INFO - DAG(s) dict_keys(['5.1-orchestration']) retrieved from /opt/airflow/dags/5.1-orchestration.py
[2024-09-05 01:00:03,420] {logging_mixin.py:115} INFO - [2024-09-05 01:00:03,420] {dag.py:2420} INFO - Sync 1 DAGs
[2024-09-05 01:00:03,436] {logging_mixin.py:115} INFO - [2024-09-05 01:00:03,436] {dag.py:2972} INFO - Setting next_dagrun for 5.1-orchestration to 2024-05-20T00:00:00+00:00, run_after=2024-05-21T00:00:00+00:00
[2024-09-05 01:00:03,446] {processor.py:161} INFO - Processing /opt/airflow/dags/5.1-orchestration.py took 0.051 seconds
[2024-09-05 01:00:33,873] {processor.py:153} INFO - Started process (PID=18777) to work on /opt/airflow/dags/5.1-orchestration.py
[2024-09-05 01:00:33,875] {processor.py:641} INFO - Processing file /opt/airflow/dags/5.1-orchestration.py for tasks to queue
[2024-09-05 01:00:33,875] {logging_mixin.py:115} INFO - [2024-09-05 01:00:33,875] {dagbag.py:508} INFO - Filling up the DagBag from /opt/airflow/dags/5.1-orchestration.py
[2024-09-05 01:00:33,881] {processor.py:651} INFO - DAG(s) dict_keys(['5.1-orchestration']) retrieved from /opt/airflow/dags/5.1-orchestration.py
[2024-09-05 01:00:33,898] {logging_mixin.py:115} INFO - [2024-09-05 01:00:33,898] {dag.py:2420} INFO - Sync 1 DAGs
[2024-09-05 01:00:33,911] {logging_mixin.py:115} INFO - [2024-09-05 01:00:33,911] {dag.py:2972} INFO - Setting next_dagrun for 5.1-orchestration to 2024-05-20T00:00:00+00:00, run_after=2024-05-21T00:00:00+00:00
[2024-09-05 01:00:33,918] {processor.py:161} INFO - Processing /opt/airflow/dags/5.1-orchestration.py took 0.048 seconds
[2024-09-05 01:01:04,289] {processor.py:153} INFO - Started process (PID=18806) to work on /opt/airflow/dags/5.1-orchestration.py
[2024-09-05 01:01:04,289] {processor.py:641} INFO - Processing file /opt/airflow/dags/5.1-orchestration.py for tasks to queue
[2024-09-05 01:01:04,290] {logging_mixin.py:115} INFO - [2024-09-05 01:01:04,290] {dagbag.py:508} INFO - Filling up the DagBag from /opt/airflow/dags/5.1-orchestration.py
[2024-09-05 01:01:04,295] {processor.py:651} INFO - DAG(s) dict_keys(['5.1-orchestration']) retrieved from /opt/airflow/dags/5.1-orchestration.py
[2024-09-05 01:01:04,310] {logging_mixin.py:115} INFO - [2024-09-05 01:01:04,310] {dag.py:2420} INFO - Sync 1 DAGs
[2024-09-05 01:01:04,324] {logging_mixin.py:115} INFO - [2024-09-05 01:01:04,324] {dag.py:2972} INFO - Setting next_dagrun for 5.1-orchestration to 2024-05-20T00:00:00+00:00, run_after=2024-05-21T00:00:00+00:00
[2024-09-05 01:01:04,330] {processor.py:161} INFO - Processing /opt/airflow/dags/5.1-orchestration.py took 0.043 seconds
[2024-09-05 01:01:34,763] {processor.py:153} INFO - Started process (PID=18845) to work on /opt/airflow/dags/5.1-orchestration.py
[2024-09-05 01:01:34,763] {processor.py:641} INFO - Processing file /opt/airflow/dags/5.1-orchestration.py for tasks to queue
[2024-09-05 01:01:34,763] {logging_mixin.py:115} INFO - [2024-09-05 01:01:34,763] {dagbag.py:508} INFO - Filling up the DagBag from /opt/airflow/dags/5.1-orchestration.py
[2024-09-05 01:01:34,769] {processor.py:651} INFO - DAG(s) dict_keys(['5.1-orchestration']) retrieved from /opt/airflow/dags/5.1-orchestration.py
[2024-09-05 01:01:34,784] {logging_mixin.py:115} INFO - [2024-09-05 01:01:34,784] {dag.py:2420} INFO - Sync 1 DAGs
[2024-09-05 01:01:34,801] {logging_mixin.py:115} INFO - [2024-09-05 01:01:34,801] {dag.py:2972} INFO - Setting next_dagrun for 5.1-orchestration to 2024-05-20T00:00:00+00:00, run_after=2024-05-21T00:00:00+00:00
[2024-09-05 01:01:34,809] {processor.py:161} INFO - Processing /opt/airflow/dags/5.1-orchestration.py took 0.049 seconds
[2024-09-05 01:02:05,239] {processor.py:153} INFO - Started process (PID=18884) to work on /opt/airflow/dags/5.1-orchestration.py
[2024-09-05 01:02:05,239] {processor.py:641} INFO - Processing file /opt/airflow/dags/5.1-orchestration.py for tasks to queue
[2024-09-05 01:02:05,240] {logging_mixin.py:115} INFO - [2024-09-05 01:02:05,240] {dagbag.py:508} INFO - Filling up the DagBag from /opt/airflow/dags/5.1-orchestration.py
[2024-09-05 01:02:05,246] {processor.py:651} INFO - DAG(s) dict_keys(['5.1-orchestration']) retrieved from /opt/airflow/dags/5.1-orchestration.py
[2024-09-05 01:02:05,262] {logging_mixin.py:115} INFO - [2024-09-05 01:02:05,262] {dag.py:2420} INFO - Sync 1 DAGs
[2024-09-05 01:02:05,276] {logging_mixin.py:115} INFO - [2024-09-05 01:02:05,276] {dag.py:2972} INFO - Setting next_dagrun for 5.1-orchestration to 2024-05-20T00:00:00+00:00, run_after=2024-05-21T00:00:00+00:00
[2024-09-05 01:02:05,283] {processor.py:161} INFO - Processing /opt/airflow/dags/5.1-orchestration.py took 0.046 seconds
[2024-09-05 01:02:35,763] {processor.py:153} INFO - Started process (PID=18923) to work on /opt/airflow/dags/5.1-orchestration.py
[2024-09-05 01:02:35,763] {processor.py:641} INFO - Processing file /opt/airflow/dags/5.1-orchestration.py for tasks to queue
[2024-09-05 01:02:35,763] {logging_mixin.py:115} INFO - [2024-09-05 01:02:35,763] {dagbag.py:508} INFO - Filling up the DagBag from /opt/airflow/dags/5.1-orchestration.py
[2024-09-05 01:02:35,770] {processor.py:651} INFO - DAG(s) dict_keys(['5.1-orchestration']) retrieved from /opt/airflow/dags/5.1-orchestration.py
[2024-09-05 01:02:35,792] {logging_mixin.py:115} INFO - [2024-09-05 01:02:35,792] {dag.py:2420} INFO - Sync 1 DAGs
[2024-09-05 01:02:35,815] {logging_mixin.py:115} INFO - [2024-09-05 01:02:35,815] {dag.py:2972} INFO - Setting next_dagrun for 5.1-orchestration to 2024-05-20T00:00:00+00:00, run_after=2024-05-21T00:00:00+00:00
[2024-09-05 01:02:35,825] {processor.py:161} INFO - Processing /opt/airflow/dags/5.1-orchestration.py took 0.064 seconds
