[2024-09-05 00:00:05,507] {processor.py:153} INFO - Started process (PID=14345) to work on /opt/airflow/dags/7.3-Filesensor.py
[2024-09-05 00:00:05,507] {processor.py:641} INFO - Processing file /opt/airflow/dags/7.3-Filesensor.py for tasks to queue
[2024-09-05 00:00:05,508] {logging_mixin.py:115} INFO - [2024-09-05 00:00:05,508] {dagbag.py:508} INFO - Filling up the DagBag from /opt/airflow/dags/7.3-Filesensor.py
[2024-09-05 00:00:05,515] {processor.py:651} INFO - DAG(s) dict_keys(['7.3-Filesensor']) retrieved from /opt/airflow/dags/7.3-Filesensor.py
[2024-09-05 00:00:05,536] {logging_mixin.py:115} INFO - [2024-09-05 00:00:05,536] {dag.py:2420} INFO - Sync 1 DAGs
[2024-09-05 00:00:05,549] {logging_mixin.py:115} INFO - [2024-09-05 00:00:05,549] {dag.py:2972} INFO - Setting next_dagrun for 7.3-Filesensor to None, run_after=None
[2024-09-05 00:00:05,557] {processor.py:161} INFO - Processing /opt/airflow/dags/7.3-Filesensor.py took 0.052 seconds
[2024-09-05 00:00:35,980] {processor.py:153} INFO - Started process (PID=14384) to work on /opt/airflow/dags/7.3-Filesensor.py
[2024-09-05 00:00:35,980] {processor.py:641} INFO - Processing file /opt/airflow/dags/7.3-Filesensor.py for tasks to queue
[2024-09-05 00:00:35,980] {logging_mixin.py:115} INFO - [2024-09-05 00:00:35,980] {dagbag.py:508} INFO - Filling up the DagBag from /opt/airflow/dags/7.3-Filesensor.py
[2024-09-05 00:00:35,987] {processor.py:651} INFO - DAG(s) dict_keys(['7.3-Filesensor']) retrieved from /opt/airflow/dags/7.3-Filesensor.py
[2024-09-05 00:00:36,009] {logging_mixin.py:115} INFO - [2024-09-05 00:00:36,009] {dag.py:2420} INFO - Sync 1 DAGs
[2024-09-05 00:00:36,026] {logging_mixin.py:115} INFO - [2024-09-05 00:00:36,026] {dag.py:2972} INFO - Setting next_dagrun for 7.3-Filesensor to None, run_after=None
[2024-09-05 00:00:36,034] {processor.py:161} INFO - Processing /opt/airflow/dags/7.3-Filesensor.py took 0.058 seconds
[2024-09-05 00:01:06,489] {processor.py:153} INFO - Started process (PID=14414) to work on /opt/airflow/dags/7.3-Filesensor.py
[2024-09-05 00:01:06,490] {processor.py:641} INFO - Processing file /opt/airflow/dags/7.3-Filesensor.py for tasks to queue
[2024-09-05 00:01:06,490] {logging_mixin.py:115} INFO - [2024-09-05 00:01:06,490] {dagbag.py:508} INFO - Filling up the DagBag from /opt/airflow/dags/7.3-Filesensor.py
[2024-09-05 00:01:06,496] {processor.py:651} INFO - DAG(s) dict_keys(['7.3-Filesensor']) retrieved from /opt/airflow/dags/7.3-Filesensor.py
[2024-09-05 00:01:06,517] {logging_mixin.py:115} INFO - [2024-09-05 00:01:06,517] {dag.py:2420} INFO - Sync 1 DAGs
[2024-09-05 00:01:06,533] {logging_mixin.py:115} INFO - [2024-09-05 00:01:06,533] {dag.py:2972} INFO - Setting next_dagrun for 7.3-Filesensor to None, run_after=None
[2024-09-05 00:01:06,541] {processor.py:161} INFO - Processing /opt/airflow/dags/7.3-Filesensor.py took 0.054 seconds
[2024-09-05 00:01:37,002] {processor.py:153} INFO - Started process (PID=14454) to work on /opt/airflow/dags/7.3-Filesensor.py
[2024-09-05 00:01:37,003] {processor.py:641} INFO - Processing file /opt/airflow/dags/7.3-Filesensor.py for tasks to queue
[2024-09-05 00:01:37,003] {logging_mixin.py:115} INFO - [2024-09-05 00:01:37,003] {dagbag.py:508} INFO - Filling up the DagBag from /opt/airflow/dags/7.3-Filesensor.py
[2024-09-05 00:01:37,010] {processor.py:651} INFO - DAG(s) dict_keys(['7.3-Filesensor']) retrieved from /opt/airflow/dags/7.3-Filesensor.py
[2024-09-05 00:01:37,031] {logging_mixin.py:115} INFO - [2024-09-05 00:01:37,031] {dag.py:2420} INFO - Sync 1 DAGs
[2024-09-05 00:01:37,044] {logging_mixin.py:115} INFO - [2024-09-05 00:01:37,044] {dag.py:2972} INFO - Setting next_dagrun for 7.3-Filesensor to None, run_after=None
[2024-09-05 00:01:37,053] {processor.py:161} INFO - Processing /opt/airflow/dags/7.3-Filesensor.py took 0.053 seconds
[2024-09-05 00:02:07,508] {processor.py:153} INFO - Started process (PID=14492) to work on /opt/airflow/dags/7.3-Filesensor.py
[2024-09-05 00:02:07,508] {processor.py:641} INFO - Processing file /opt/airflow/dags/7.3-Filesensor.py for tasks to queue
[2024-09-05 00:02:07,508] {logging_mixin.py:115} INFO - [2024-09-05 00:02:07,508] {dagbag.py:508} INFO - Filling up the DagBag from /opt/airflow/dags/7.3-Filesensor.py
[2024-09-05 00:02:07,515] {processor.py:651} INFO - DAG(s) dict_keys(['7.3-Filesensor']) retrieved from /opt/airflow/dags/7.3-Filesensor.py
[2024-09-05 00:02:07,537] {logging_mixin.py:115} INFO - [2024-09-05 00:02:07,537] {dag.py:2420} INFO - Sync 1 DAGs
[2024-09-05 00:02:07,551] {logging_mixin.py:115} INFO - [2024-09-05 00:02:07,551] {dag.py:2972} INFO - Setting next_dagrun for 7.3-Filesensor to None, run_after=None
[2024-09-05 00:02:07,559] {processor.py:161} INFO - Processing /opt/airflow/dags/7.3-Filesensor.py took 0.054 seconds
[2024-09-05 00:02:37,977] {processor.py:153} INFO - Started process (PID=14531) to work on /opt/airflow/dags/7.3-Filesensor.py
[2024-09-05 00:02:37,977] {processor.py:641} INFO - Processing file /opt/airflow/dags/7.3-Filesensor.py for tasks to queue
[2024-09-05 00:02:37,978] {logging_mixin.py:115} INFO - [2024-09-05 00:02:37,978] {dagbag.py:508} INFO - Filling up the DagBag from /opt/airflow/dags/7.3-Filesensor.py
[2024-09-05 00:02:37,985] {processor.py:651} INFO - DAG(s) dict_keys(['7.3-Filesensor']) retrieved from /opt/airflow/dags/7.3-Filesensor.py
[2024-09-05 00:02:38,005] {logging_mixin.py:115} INFO - [2024-09-05 00:02:38,005] {dag.py:2420} INFO - Sync 1 DAGs
[2024-09-05 00:02:38,018] {logging_mixin.py:115} INFO - [2024-09-05 00:02:38,018] {dag.py:2972} INFO - Setting next_dagrun for 7.3-Filesensor to None, run_after=None
[2024-09-05 00:02:38,027] {processor.py:161} INFO - Processing /opt/airflow/dags/7.3-Filesensor.py took 0.052 seconds
[2024-09-05 00:03:08,478] {processor.py:153} INFO - Started process (PID=14569) to work on /opt/airflow/dags/7.3-Filesensor.py
[2024-09-05 00:03:08,479] {processor.py:641} INFO - Processing file /opt/airflow/dags/7.3-Filesensor.py for tasks to queue
[2024-09-05 00:03:08,480] {logging_mixin.py:115} INFO - [2024-09-05 00:03:08,480] {dagbag.py:508} INFO - Filling up the DagBag from /opt/airflow/dags/7.3-Filesensor.py
[2024-09-05 00:03:08,491] {processor.py:651} INFO - DAG(s) dict_keys(['7.3-Filesensor']) retrieved from /opt/airflow/dags/7.3-Filesensor.py
[2024-09-05 00:03:08,523] {logging_mixin.py:115} INFO - [2024-09-05 00:03:08,523] {dag.py:2420} INFO - Sync 1 DAGs
[2024-09-05 00:03:08,542] {logging_mixin.py:115} INFO - [2024-09-05 00:03:08,542] {dag.py:2972} INFO - Setting next_dagrun for 7.3-Filesensor to None, run_after=None
[2024-09-05 00:03:08,551] {processor.py:161} INFO - Processing /opt/airflow/dags/7.3-Filesensor.py took 0.078 seconds
[2024-09-05 00:03:38,934] {processor.py:153} INFO - Started process (PID=14608) to work on /opt/airflow/dags/7.3-Filesensor.py
[2024-09-05 00:03:38,935] {processor.py:641} INFO - Processing file /opt/airflow/dags/7.3-Filesensor.py for tasks to queue
[2024-09-05 00:03:38,936] {logging_mixin.py:115} INFO - [2024-09-05 00:03:38,936] {dagbag.py:508} INFO - Filling up the DagBag from /opt/airflow/dags/7.3-Filesensor.py
[2024-09-05 00:03:38,950] {processor.py:651} INFO - DAG(s) dict_keys(['7.3-Filesensor']) retrieved from /opt/airflow/dags/7.3-Filesensor.py
[2024-09-05 00:03:38,973] {logging_mixin.py:115} INFO - [2024-09-05 00:03:38,973] {dag.py:2420} INFO - Sync 1 DAGs
[2024-09-05 00:03:38,987] {logging_mixin.py:115} INFO - [2024-09-05 00:03:38,987] {dag.py:2972} INFO - Setting next_dagrun for 7.3-Filesensor to None, run_after=None
[2024-09-05 00:03:38,995] {processor.py:161} INFO - Processing /opt/airflow/dags/7.3-Filesensor.py took 0.064 seconds
[2024-09-05 00:04:09,440] {processor.py:153} INFO - Started process (PID=14638) to work on /opt/airflow/dags/7.3-Filesensor.py
[2024-09-05 00:04:09,441] {processor.py:641} INFO - Processing file /opt/airflow/dags/7.3-Filesensor.py for tasks to queue
[2024-09-05 00:04:09,441] {logging_mixin.py:115} INFO - [2024-09-05 00:04:09,441] {dagbag.py:508} INFO - Filling up the DagBag from /opt/airflow/dags/7.3-Filesensor.py
[2024-09-05 00:04:09,447] {processor.py:651} INFO - DAG(s) dict_keys(['7.3-Filesensor']) retrieved from /opt/airflow/dags/7.3-Filesensor.py
[2024-09-05 00:04:09,472] {logging_mixin.py:115} INFO - [2024-09-05 00:04:09,472] {dag.py:2420} INFO - Sync 1 DAGs
[2024-09-05 00:04:09,486] {logging_mixin.py:115} INFO - [2024-09-05 00:04:09,486] {dag.py:2972} INFO - Setting next_dagrun for 7.3-Filesensor to None, run_after=None
[2024-09-05 00:04:09,493] {processor.py:161} INFO - Processing /opt/airflow/dags/7.3-Filesensor.py took 0.055 seconds
[2024-09-05 00:04:39,949] {processor.py:153} INFO - Started process (PID=14676) to work on /opt/airflow/dags/7.3-Filesensor.py
[2024-09-05 00:04:39,950] {processor.py:641} INFO - Processing file /opt/airflow/dags/7.3-Filesensor.py for tasks to queue
[2024-09-05 00:04:39,950] {logging_mixin.py:115} INFO - [2024-09-05 00:04:39,950] {dagbag.py:508} INFO - Filling up the DagBag from /opt/airflow/dags/7.3-Filesensor.py
[2024-09-05 00:04:39,957] {processor.py:651} INFO - DAG(s) dict_keys(['7.3-Filesensor']) retrieved from /opt/airflow/dags/7.3-Filesensor.py
[2024-09-05 00:04:39,977] {logging_mixin.py:115} INFO - [2024-09-05 00:04:39,977] {dag.py:2420} INFO - Sync 1 DAGs
[2024-09-05 00:04:39,990] {logging_mixin.py:115} INFO - [2024-09-05 00:04:39,990] {dag.py:2972} INFO - Setting next_dagrun for 7.3-Filesensor to None, run_after=None
[2024-09-05 00:04:39,998] {processor.py:161} INFO - Processing /opt/airflow/dags/7.3-Filesensor.py took 0.051 seconds
[2024-09-05 00:05:10,451] {processor.py:153} INFO - Started process (PID=14715) to work on /opt/airflow/dags/7.3-Filesensor.py
[2024-09-05 00:05:10,452] {processor.py:641} INFO - Processing file /opt/airflow/dags/7.3-Filesensor.py for tasks to queue
[2024-09-05 00:05:10,452] {logging_mixin.py:115} INFO - [2024-09-05 00:05:10,452] {dagbag.py:508} INFO - Filling up the DagBag from /opt/airflow/dags/7.3-Filesensor.py
[2024-09-05 00:05:10,459] {processor.py:651} INFO - DAG(s) dict_keys(['7.3-Filesensor']) retrieved from /opt/airflow/dags/7.3-Filesensor.py
[2024-09-05 00:05:10,480] {logging_mixin.py:115} INFO - [2024-09-05 00:05:10,480] {dag.py:2420} INFO - Sync 1 DAGs
[2024-09-05 00:05:10,493] {logging_mixin.py:115} INFO - [2024-09-05 00:05:10,493] {dag.py:2972} INFO - Setting next_dagrun for 7.3-Filesensor to None, run_after=None
[2024-09-05 00:05:10,501] {processor.py:161} INFO - Processing /opt/airflow/dags/7.3-Filesensor.py took 0.052 seconds
[2024-09-05 00:05:40,911] {processor.py:153} INFO - Started process (PID=14754) to work on /opt/airflow/dags/7.3-Filesensor.py
[2024-09-05 00:05:40,912] {processor.py:641} INFO - Processing file /opt/airflow/dags/7.3-Filesensor.py for tasks to queue
[2024-09-05 00:05:40,912] {logging_mixin.py:115} INFO - [2024-09-05 00:05:40,912] {dagbag.py:508} INFO - Filling up the DagBag from /opt/airflow/dags/7.3-Filesensor.py
[2024-09-05 00:05:40,918] {processor.py:651} INFO - DAG(s) dict_keys(['7.3-Filesensor']) retrieved from /opt/airflow/dags/7.3-Filesensor.py
[2024-09-05 00:05:40,939] {logging_mixin.py:115} INFO - [2024-09-05 00:05:40,939] {dag.py:2420} INFO - Sync 1 DAGs
[2024-09-05 00:05:40,952] {logging_mixin.py:115} INFO - [2024-09-05 00:05:40,952] {dag.py:2972} INFO - Setting next_dagrun for 7.3-Filesensor to None, run_after=None
[2024-09-05 00:05:40,960] {processor.py:161} INFO - Processing /opt/airflow/dags/7.3-Filesensor.py took 0.052 seconds
[2024-09-05 00:06:11,410] {processor.py:153} INFO - Started process (PID=14793) to work on /opt/airflow/dags/7.3-Filesensor.py
[2024-09-05 00:06:11,411] {processor.py:641} INFO - Processing file /opt/airflow/dags/7.3-Filesensor.py for tasks to queue
[2024-09-05 00:06:11,411] {logging_mixin.py:115} INFO - [2024-09-05 00:06:11,411] {dagbag.py:508} INFO - Filling up the DagBag from /opt/airflow/dags/7.3-Filesensor.py
[2024-09-05 00:06:11,418] {processor.py:651} INFO - DAG(s) dict_keys(['7.3-Filesensor']) retrieved from /opt/airflow/dags/7.3-Filesensor.py
[2024-09-05 00:06:11,442] {logging_mixin.py:115} INFO - [2024-09-05 00:06:11,442] {dag.py:2420} INFO - Sync 1 DAGs
[2024-09-05 00:06:11,457] {logging_mixin.py:115} INFO - [2024-09-05 00:06:11,457] {dag.py:2972} INFO - Setting next_dagrun for 7.3-Filesensor to None, run_after=None
[2024-09-05 00:06:11,465] {processor.py:161} INFO - Processing /opt/airflow/dags/7.3-Filesensor.py took 0.057 seconds
[2024-09-05 00:06:41,883] {processor.py:153} INFO - Started process (PID=14832) to work on /opt/airflow/dags/7.3-Filesensor.py
[2024-09-05 00:06:41,884] {processor.py:641} INFO - Processing file /opt/airflow/dags/7.3-Filesensor.py for tasks to queue
[2024-09-05 00:06:41,885] {logging_mixin.py:115} INFO - [2024-09-05 00:06:41,885] {dagbag.py:508} INFO - Filling up the DagBag from /opt/airflow/dags/7.3-Filesensor.py
[2024-09-05 00:06:41,892] {processor.py:651} INFO - DAG(s) dict_keys(['7.3-Filesensor']) retrieved from /opt/airflow/dags/7.3-Filesensor.py
[2024-09-05 00:06:41,914] {logging_mixin.py:115} INFO - [2024-09-05 00:06:41,914] {dag.py:2420} INFO - Sync 1 DAGs
[2024-09-05 00:06:41,928] {logging_mixin.py:115} INFO - [2024-09-05 00:06:41,928] {dag.py:2972} INFO - Setting next_dagrun for 7.3-Filesensor to None, run_after=None
[2024-09-05 00:06:41,936] {processor.py:161} INFO - Processing /opt/airflow/dags/7.3-Filesensor.py took 0.057 seconds
[2024-09-05 00:07:12,365] {processor.py:153} INFO - Started process (PID=14862) to work on /opt/airflow/dags/7.3-Filesensor.py
[2024-09-05 00:07:12,365] {processor.py:641} INFO - Processing file /opt/airflow/dags/7.3-Filesensor.py for tasks to queue
[2024-09-05 00:07:12,366] {logging_mixin.py:115} INFO - [2024-09-05 00:07:12,366] {dagbag.py:508} INFO - Filling up the DagBag from /opt/airflow/dags/7.3-Filesensor.py
[2024-09-05 00:07:12,372] {processor.py:651} INFO - DAG(s) dict_keys(['7.3-Filesensor']) retrieved from /opt/airflow/dags/7.3-Filesensor.py
[2024-09-05 00:07:12,394] {logging_mixin.py:115} INFO - [2024-09-05 00:07:12,394] {dag.py:2420} INFO - Sync 1 DAGs
[2024-09-05 00:07:12,407] {logging_mixin.py:115} INFO - [2024-09-05 00:07:12,407] {dag.py:2972} INFO - Setting next_dagrun for 7.3-Filesensor to None, run_after=None
[2024-09-05 00:07:12,415] {processor.py:161} INFO - Processing /opt/airflow/dags/7.3-Filesensor.py took 0.052 seconds
[2024-09-05 00:07:42,826] {processor.py:153} INFO - Started process (PID=14901) to work on /opt/airflow/dags/7.3-Filesensor.py
[2024-09-05 00:07:42,827] {processor.py:641} INFO - Processing file /opt/airflow/dags/7.3-Filesensor.py for tasks to queue
[2024-09-05 00:07:42,827] {logging_mixin.py:115} INFO - [2024-09-05 00:07:42,827] {dagbag.py:508} INFO - Filling up the DagBag from /opt/airflow/dags/7.3-Filesensor.py
[2024-09-05 00:07:42,833] {processor.py:651} INFO - DAG(s) dict_keys(['7.3-Filesensor']) retrieved from /opt/airflow/dags/7.3-Filesensor.py
[2024-09-05 00:07:42,854] {logging_mixin.py:115} INFO - [2024-09-05 00:07:42,854] {dag.py:2420} INFO - Sync 1 DAGs
[2024-09-05 00:07:42,867] {logging_mixin.py:115} INFO - [2024-09-05 00:07:42,867] {dag.py:2972} INFO - Setting next_dagrun for 7.3-Filesensor to None, run_after=None
[2024-09-05 00:07:42,876] {processor.py:161} INFO - Processing /opt/airflow/dags/7.3-Filesensor.py took 0.053 seconds
[2024-09-05 00:08:13,329] {processor.py:153} INFO - Started process (PID=14937) to work on /opt/airflow/dags/7.3-Filesensor.py
[2024-09-05 00:08:13,329] {processor.py:641} INFO - Processing file /opt/airflow/dags/7.3-Filesensor.py for tasks to queue
[2024-09-05 00:08:13,330] {logging_mixin.py:115} INFO - [2024-09-05 00:08:13,330] {dagbag.py:508} INFO - Filling up the DagBag from /opt/airflow/dags/7.3-Filesensor.py
[2024-09-05 00:08:13,338] {processor.py:651} INFO - DAG(s) dict_keys(['7.3-Filesensor']) retrieved from /opt/airflow/dags/7.3-Filesensor.py
[2024-09-05 00:08:13,359] {logging_mixin.py:115} INFO - [2024-09-05 00:08:13,359] {dag.py:2420} INFO - Sync 1 DAGs
[2024-09-05 00:08:13,373] {logging_mixin.py:115} INFO - [2024-09-05 00:08:13,373] {dag.py:2972} INFO - Setting next_dagrun for 7.3-Filesensor to None, run_after=None
[2024-09-05 00:08:13,380] {processor.py:161} INFO - Processing /opt/airflow/dags/7.3-Filesensor.py took 0.054 seconds
[2024-09-05 00:08:43,785] {processor.py:153} INFO - Started process (PID=14975) to work on /opt/airflow/dags/7.3-Filesensor.py
[2024-09-05 00:08:43,786] {processor.py:641} INFO - Processing file /opt/airflow/dags/7.3-Filesensor.py for tasks to queue
[2024-09-05 00:08:43,786] {logging_mixin.py:115} INFO - [2024-09-05 00:08:43,786] {dagbag.py:508} INFO - Filling up the DagBag from /opt/airflow/dags/7.3-Filesensor.py
[2024-09-05 00:08:43,793] {processor.py:651} INFO - DAG(s) dict_keys(['7.3-Filesensor']) retrieved from /opt/airflow/dags/7.3-Filesensor.py
[2024-09-05 00:08:43,813] {logging_mixin.py:115} INFO - [2024-09-05 00:08:43,813] {dag.py:2420} INFO - Sync 1 DAGs
[2024-09-05 00:08:43,826] {logging_mixin.py:115} INFO - [2024-09-05 00:08:43,826] {dag.py:2972} INFO - Setting next_dagrun for 7.3-Filesensor to None, run_after=None
[2024-09-05 00:08:43,835] {processor.py:161} INFO - Processing /opt/airflow/dags/7.3-Filesensor.py took 0.052 seconds
[2024-09-05 00:09:14,246] {processor.py:153} INFO - Started process (PID=15014) to work on /opt/airflow/dags/7.3-Filesensor.py
[2024-09-05 00:09:14,246] {processor.py:641} INFO - Processing file /opt/airflow/dags/7.3-Filesensor.py for tasks to queue
[2024-09-05 00:09:14,246] {logging_mixin.py:115} INFO - [2024-09-05 00:09:14,246] {dagbag.py:508} INFO - Filling up the DagBag from /opt/airflow/dags/7.3-Filesensor.py
[2024-09-05 00:09:14,253] {processor.py:651} INFO - DAG(s) dict_keys(['7.3-Filesensor']) retrieved from /opt/airflow/dags/7.3-Filesensor.py
[2024-09-05 00:09:14,274] {logging_mixin.py:115} INFO - [2024-09-05 00:09:14,274] {dag.py:2420} INFO - Sync 1 DAGs
[2024-09-05 00:09:14,287] {logging_mixin.py:115} INFO - [2024-09-05 00:09:14,287] {dag.py:2972} INFO - Setting next_dagrun for 7.3-Filesensor to None, run_after=None
[2024-09-05 00:09:14,298] {processor.py:161} INFO - Processing /opt/airflow/dags/7.3-Filesensor.py took 0.054 seconds
[2024-09-05 00:09:44,748] {processor.py:153} INFO - Started process (PID=15053) to work on /opt/airflow/dags/7.3-Filesensor.py
[2024-09-05 00:09:44,749] {processor.py:641} INFO - Processing file /opt/airflow/dags/7.3-Filesensor.py for tasks to queue
[2024-09-05 00:09:44,749] {logging_mixin.py:115} INFO - [2024-09-05 00:09:44,749] {dagbag.py:508} INFO - Filling up the DagBag from /opt/airflow/dags/7.3-Filesensor.py
[2024-09-05 00:09:44,755] {processor.py:651} INFO - DAG(s) dict_keys(['7.3-Filesensor']) retrieved from /opt/airflow/dags/7.3-Filesensor.py
[2024-09-05 00:09:44,777] {logging_mixin.py:115} INFO - [2024-09-05 00:09:44,777] {dag.py:2420} INFO - Sync 1 DAGs
[2024-09-05 00:09:44,790] {logging_mixin.py:115} INFO - [2024-09-05 00:09:44,790] {dag.py:2972} INFO - Setting next_dagrun for 7.3-Filesensor to None, run_after=None
[2024-09-05 00:09:44,799] {processor.py:161} INFO - Processing /opt/airflow/dags/7.3-Filesensor.py took 0.052 seconds
[2024-09-05 00:10:15,234] {processor.py:153} INFO - Started process (PID=15083) to work on /opt/airflow/dags/7.3-Filesensor.py
[2024-09-05 00:10:15,234] {processor.py:641} INFO - Processing file /opt/airflow/dags/7.3-Filesensor.py for tasks to queue
[2024-09-05 00:10:15,235] {logging_mixin.py:115} INFO - [2024-09-05 00:10:15,235] {dagbag.py:508} INFO - Filling up the DagBag from /opt/airflow/dags/7.3-Filesensor.py
[2024-09-05 00:10:15,245] {processor.py:651} INFO - DAG(s) dict_keys(['7.3-Filesensor']) retrieved from /opt/airflow/dags/7.3-Filesensor.py
[2024-09-05 00:10:15,270] {logging_mixin.py:115} INFO - [2024-09-05 00:10:15,270] {dag.py:2420} INFO - Sync 1 DAGs
[2024-09-05 00:10:15,288] {logging_mixin.py:115} INFO - [2024-09-05 00:10:15,288] {dag.py:2972} INFO - Setting next_dagrun for 7.3-Filesensor to None, run_after=None
[2024-09-05 00:10:15,297] {processor.py:161} INFO - Processing /opt/airflow/dags/7.3-Filesensor.py took 0.065 seconds
[2024-09-05 00:10:45,717] {processor.py:153} INFO - Started process (PID=15122) to work on /opt/airflow/dags/7.3-Filesensor.py
[2024-09-05 00:10:45,717] {processor.py:641} INFO - Processing file /opt/airflow/dags/7.3-Filesensor.py for tasks to queue
[2024-09-05 00:10:45,717] {logging_mixin.py:115} INFO - [2024-09-05 00:10:45,717] {dagbag.py:508} INFO - Filling up the DagBag from /opt/airflow/dags/7.3-Filesensor.py
[2024-09-05 00:10:45,726] {processor.py:651} INFO - DAG(s) dict_keys(['7.3-Filesensor']) retrieved from /opt/airflow/dags/7.3-Filesensor.py
[2024-09-05 00:10:45,746] {logging_mixin.py:115} INFO - [2024-09-05 00:10:45,746] {dag.py:2420} INFO - Sync 1 DAGs
[2024-09-05 00:10:45,758] {logging_mixin.py:115} INFO - [2024-09-05 00:10:45,758] {dag.py:2972} INFO - Setting next_dagrun for 7.3-Filesensor to None, run_after=None
[2024-09-05 00:10:45,765] {processor.py:161} INFO - Processing /opt/airflow/dags/7.3-Filesensor.py took 0.051 seconds
[2024-09-05 00:11:16,221] {processor.py:153} INFO - Started process (PID=15161) to work on /opt/airflow/dags/7.3-Filesensor.py
[2024-09-05 00:11:16,221] {processor.py:641} INFO - Processing file /opt/airflow/dags/7.3-Filesensor.py for tasks to queue
[2024-09-05 00:11:16,222] {logging_mixin.py:115} INFO - [2024-09-05 00:11:16,222] {dagbag.py:508} INFO - Filling up the DagBag from /opt/airflow/dags/7.3-Filesensor.py
[2024-09-05 00:11:16,229] {processor.py:651} INFO - DAG(s) dict_keys(['7.3-Filesensor']) retrieved from /opt/airflow/dags/7.3-Filesensor.py
[2024-09-05 00:11:16,250] {logging_mixin.py:115} INFO - [2024-09-05 00:11:16,250] {dag.py:2420} INFO - Sync 1 DAGs
[2024-09-05 00:11:16,264] {logging_mixin.py:115} INFO - [2024-09-05 00:11:16,263] {dag.py:2972} INFO - Setting next_dagrun for 7.3-Filesensor to None, run_after=None
[2024-09-05 00:11:16,271] {processor.py:161} INFO - Processing /opt/airflow/dags/7.3-Filesensor.py took 0.052 seconds
[2024-09-05 00:11:46,731] {processor.py:153} INFO - Started process (PID=15200) to work on /opt/airflow/dags/7.3-Filesensor.py
[2024-09-05 00:11:46,732] {processor.py:641} INFO - Processing file /opt/airflow/dags/7.3-Filesensor.py for tasks to queue
[2024-09-05 00:11:46,732] {logging_mixin.py:115} INFO - [2024-09-05 00:11:46,732] {dagbag.py:508} INFO - Filling up the DagBag from /opt/airflow/dags/7.3-Filesensor.py
[2024-09-05 00:11:46,740] {processor.py:651} INFO - DAG(s) dict_keys(['7.3-Filesensor']) retrieved from /opt/airflow/dags/7.3-Filesensor.py
[2024-09-05 00:11:46,763] {logging_mixin.py:115} INFO - [2024-09-05 00:11:46,763] {dag.py:2420} INFO - Sync 1 DAGs
[2024-09-05 00:11:46,777] {logging_mixin.py:115} INFO - [2024-09-05 00:11:46,777] {dag.py:2972} INFO - Setting next_dagrun for 7.3-Filesensor to None, run_after=None
[2024-09-05 00:11:46,784] {processor.py:161} INFO - Processing /opt/airflow/dags/7.3-Filesensor.py took 0.055 seconds
[2024-09-05 00:12:17,266] {processor.py:153} INFO - Started process (PID=15240) to work on /opt/airflow/dags/7.3-Filesensor.py
[2024-09-05 00:12:17,267] {processor.py:641} INFO - Processing file /opt/airflow/dags/7.3-Filesensor.py for tasks to queue
[2024-09-05 00:12:17,267] {logging_mixin.py:115} INFO - [2024-09-05 00:12:17,267] {dagbag.py:508} INFO - Filling up the DagBag from /opt/airflow/dags/7.3-Filesensor.py
[2024-09-05 00:12:17,274] {processor.py:651} INFO - DAG(s) dict_keys(['7.3-Filesensor']) retrieved from /opt/airflow/dags/7.3-Filesensor.py
[2024-09-05 00:12:17,299] {logging_mixin.py:115} INFO - [2024-09-05 00:12:17,299] {dag.py:2420} INFO - Sync 1 DAGs
[2024-09-05 00:12:17,314] {logging_mixin.py:115} INFO - [2024-09-05 00:12:17,314] {dag.py:2972} INFO - Setting next_dagrun for 7.3-Filesensor to None, run_after=None
[2024-09-05 00:12:17,321] {processor.py:161} INFO - Processing /opt/airflow/dags/7.3-Filesensor.py took 0.057 seconds
[2024-09-05 00:12:47,721] {processor.py:153} INFO - Started process (PID=15277) to work on /opt/airflow/dags/7.3-Filesensor.py
[2024-09-05 00:12:47,722] {processor.py:641} INFO - Processing file /opt/airflow/dags/7.3-Filesensor.py for tasks to queue
[2024-09-05 00:12:47,723] {logging_mixin.py:115} INFO - [2024-09-05 00:12:47,723] {dagbag.py:508} INFO - Filling up the DagBag from /opt/airflow/dags/7.3-Filesensor.py
[2024-09-05 00:12:47,732] {processor.py:651} INFO - DAG(s) dict_keys(['7.3-Filesensor']) retrieved from /opt/airflow/dags/7.3-Filesensor.py
[2024-09-05 00:12:47,756] {logging_mixin.py:115} INFO - [2024-09-05 00:12:47,756] {dag.py:2420} INFO - Sync 1 DAGs
[2024-09-05 00:12:47,771] {logging_mixin.py:115} INFO - [2024-09-05 00:12:47,771] {dag.py:2972} INFO - Setting next_dagrun for 7.3-Filesensor to None, run_after=None
[2024-09-05 00:12:47,779] {processor.py:161} INFO - Processing /opt/airflow/dags/7.3-Filesensor.py took 0.061 seconds
[2024-09-05 00:13:18,220] {processor.py:153} INFO - Started process (PID=15308) to work on /opt/airflow/dags/7.3-Filesensor.py
[2024-09-05 00:13:18,220] {processor.py:641} INFO - Processing file /opt/airflow/dags/7.3-Filesensor.py for tasks to queue
[2024-09-05 00:13:18,221] {logging_mixin.py:115} INFO - [2024-09-05 00:13:18,221] {dagbag.py:508} INFO - Filling up the DagBag from /opt/airflow/dags/7.3-Filesensor.py
[2024-09-05 00:13:18,229] {processor.py:651} INFO - DAG(s) dict_keys(['7.3-Filesensor']) retrieved from /opt/airflow/dags/7.3-Filesensor.py
[2024-09-05 00:13:18,249] {logging_mixin.py:115} INFO - [2024-09-05 00:13:18,249] {dag.py:2420} INFO - Sync 1 DAGs
[2024-09-05 00:13:18,263] {logging_mixin.py:115} INFO - [2024-09-05 00:13:18,263] {dag.py:2972} INFO - Setting next_dagrun for 7.3-Filesensor to None, run_after=None
[2024-09-05 00:13:18,271] {processor.py:161} INFO - Processing /opt/airflow/dags/7.3-Filesensor.py took 0.054 seconds
[2024-09-05 00:13:48,720] {processor.py:153} INFO - Started process (PID=15347) to work on /opt/airflow/dags/7.3-Filesensor.py
[2024-09-05 00:13:48,721] {processor.py:641} INFO - Processing file /opt/airflow/dags/7.3-Filesensor.py for tasks to queue
[2024-09-05 00:13:48,721] {logging_mixin.py:115} INFO - [2024-09-05 00:13:48,721] {dagbag.py:508} INFO - Filling up the DagBag from /opt/airflow/dags/7.3-Filesensor.py
[2024-09-05 00:13:48,731] {processor.py:651} INFO - DAG(s) dict_keys(['7.3-Filesensor']) retrieved from /opt/airflow/dags/7.3-Filesensor.py
[2024-09-05 00:13:48,752] {logging_mixin.py:115} INFO - [2024-09-05 00:13:48,751] {dag.py:2420} INFO - Sync 1 DAGs
[2024-09-05 00:13:48,764] {logging_mixin.py:115} INFO - [2024-09-05 00:13:48,764] {dag.py:2972} INFO - Setting next_dagrun for 7.3-Filesensor to None, run_after=None
[2024-09-05 00:13:48,772] {processor.py:161} INFO - Processing /opt/airflow/dags/7.3-Filesensor.py took 0.054 seconds
[2024-09-05 00:14:19,246] {processor.py:153} INFO - Started process (PID=15385) to work on /opt/airflow/dags/7.3-Filesensor.py
[2024-09-05 00:14:19,247] {processor.py:641} INFO - Processing file /opt/airflow/dags/7.3-Filesensor.py for tasks to queue
[2024-09-05 00:14:19,247] {logging_mixin.py:115} INFO - [2024-09-05 00:14:19,247] {dagbag.py:508} INFO - Filling up the DagBag from /opt/airflow/dags/7.3-Filesensor.py
[2024-09-05 00:14:19,255] {processor.py:651} INFO - DAG(s) dict_keys(['7.3-Filesensor']) retrieved from /opt/airflow/dags/7.3-Filesensor.py
[2024-09-05 00:14:19,281] {logging_mixin.py:115} INFO - [2024-09-05 00:14:19,281] {dag.py:2420} INFO - Sync 1 DAGs
[2024-09-05 00:14:19,295] {logging_mixin.py:115} INFO - [2024-09-05 00:14:19,295] {dag.py:2972} INFO - Setting next_dagrun for 7.3-Filesensor to None, run_after=None
[2024-09-05 00:14:19,303] {processor.py:161} INFO - Processing /opt/airflow/dags/7.3-Filesensor.py took 0.059 seconds
[2024-09-05 00:14:49,708] {processor.py:153} INFO - Started process (PID=15424) to work on /opt/airflow/dags/7.3-Filesensor.py
[2024-09-05 00:14:49,708] {processor.py:641} INFO - Processing file /opt/airflow/dags/7.3-Filesensor.py for tasks to queue
[2024-09-05 00:14:49,708] {logging_mixin.py:115} INFO - [2024-09-05 00:14:49,708] {dagbag.py:508} INFO - Filling up the DagBag from /opt/airflow/dags/7.3-Filesensor.py
[2024-09-05 00:14:49,715] {processor.py:651} INFO - DAG(s) dict_keys(['7.3-Filesensor']) retrieved from /opt/airflow/dags/7.3-Filesensor.py
[2024-09-05 00:14:49,736] {logging_mixin.py:115} INFO - [2024-09-05 00:14:49,736] {dag.py:2420} INFO - Sync 1 DAGs
[2024-09-05 00:14:49,750] {logging_mixin.py:115} INFO - [2024-09-05 00:14:49,750] {dag.py:2972} INFO - Setting next_dagrun for 7.3-Filesensor to None, run_after=None
[2024-09-05 00:14:49,759] {processor.py:161} INFO - Processing /opt/airflow/dags/7.3-Filesensor.py took 0.054 seconds
[2024-09-05 00:15:20,209] {processor.py:153} INFO - Started process (PID=15463) to work on /opt/airflow/dags/7.3-Filesensor.py
[2024-09-05 00:15:20,209] {processor.py:641} INFO - Processing file /opt/airflow/dags/7.3-Filesensor.py for tasks to queue
[2024-09-05 00:15:20,209] {logging_mixin.py:115} INFO - [2024-09-05 00:15:20,209] {dagbag.py:508} INFO - Filling up the DagBag from /opt/airflow/dags/7.3-Filesensor.py
[2024-09-05 00:15:20,217] {processor.py:651} INFO - DAG(s) dict_keys(['7.3-Filesensor']) retrieved from /opt/airflow/dags/7.3-Filesensor.py
[2024-09-05 00:15:20,237] {logging_mixin.py:115} INFO - [2024-09-05 00:15:20,237] {dag.py:2420} INFO - Sync 1 DAGs
[2024-09-05 00:15:20,256] {logging_mixin.py:115} INFO - [2024-09-05 00:15:20,256] {dag.py:2972} INFO - Setting next_dagrun for 7.3-Filesensor to None, run_after=None
[2024-09-05 00:15:20,263] {processor.py:161} INFO - Processing /opt/airflow/dags/7.3-Filesensor.py took 0.056 seconds
[2024-09-05 00:15:50,684] {processor.py:153} INFO - Started process (PID=15500) to work on /opt/airflow/dags/7.3-Filesensor.py
[2024-09-05 00:15:50,684] {processor.py:641} INFO - Processing file /opt/airflow/dags/7.3-Filesensor.py for tasks to queue
[2024-09-05 00:15:50,684] {logging_mixin.py:115} INFO - [2024-09-05 00:15:50,684] {dagbag.py:508} INFO - Filling up the DagBag from /opt/airflow/dags/7.3-Filesensor.py
[2024-09-05 00:15:50,691] {processor.py:651} INFO - DAG(s) dict_keys(['7.3-Filesensor']) retrieved from /opt/airflow/dags/7.3-Filesensor.py
[2024-09-05 00:15:50,713] {logging_mixin.py:115} INFO - [2024-09-05 00:15:50,713] {dag.py:2420} INFO - Sync 1 DAGs
[2024-09-05 00:15:50,727] {logging_mixin.py:115} INFO - [2024-09-05 00:15:50,727] {dag.py:2972} INFO - Setting next_dagrun for 7.3-Filesensor to None, run_after=None
[2024-09-05 00:15:50,736] {processor.py:161} INFO - Processing /opt/airflow/dags/7.3-Filesensor.py took 0.054 seconds
[2024-09-05 00:16:21,134] {processor.py:153} INFO - Started process (PID=15532) to work on /opt/airflow/dags/7.3-Filesensor.py
[2024-09-05 00:16:21,134] {processor.py:641} INFO - Processing file /opt/airflow/dags/7.3-Filesensor.py for tasks to queue
[2024-09-05 00:16:21,135] {logging_mixin.py:115} INFO - [2024-09-05 00:16:21,135] {dagbag.py:508} INFO - Filling up the DagBag from /opt/airflow/dags/7.3-Filesensor.py
[2024-09-05 00:16:21,145] {processor.py:651} INFO - DAG(s) dict_keys(['7.3-Filesensor']) retrieved from /opt/airflow/dags/7.3-Filesensor.py
[2024-09-05 00:16:21,171] {logging_mixin.py:115} INFO - [2024-09-05 00:16:21,171] {dag.py:2420} INFO - Sync 1 DAGs
[2024-09-05 00:16:21,186] {logging_mixin.py:115} INFO - [2024-09-05 00:16:21,186] {dag.py:2972} INFO - Setting next_dagrun for 7.3-Filesensor to None, run_after=None
[2024-09-05 00:16:21,198] {processor.py:161} INFO - Processing /opt/airflow/dags/7.3-Filesensor.py took 0.066 seconds
[2024-09-05 00:16:51,614] {processor.py:153} INFO - Started process (PID=15571) to work on /opt/airflow/dags/7.3-Filesensor.py
[2024-09-05 00:16:51,616] {processor.py:641} INFO - Processing file /opt/airflow/dags/7.3-Filesensor.py for tasks to queue
[2024-09-05 00:16:51,617] {logging_mixin.py:115} INFO - [2024-09-05 00:16:51,616] {dagbag.py:508} INFO - Filling up the DagBag from /opt/airflow/dags/7.3-Filesensor.py
[2024-09-05 00:16:51,623] {processor.py:651} INFO - DAG(s) dict_keys(['7.3-Filesensor']) retrieved from /opt/airflow/dags/7.3-Filesensor.py
[2024-09-05 00:16:51,643] {logging_mixin.py:115} INFO - [2024-09-05 00:16:51,643] {dag.py:2420} INFO - Sync 1 DAGs
[2024-09-05 00:16:51,656] {logging_mixin.py:115} INFO - [2024-09-05 00:16:51,656] {dag.py:2972} INFO - Setting next_dagrun for 7.3-Filesensor to None, run_after=None
[2024-09-05 00:16:51,665] {processor.py:161} INFO - Processing /opt/airflow/dags/7.3-Filesensor.py took 0.054 seconds
[2024-09-05 00:17:22,084] {processor.py:153} INFO - Started process (PID=15609) to work on /opt/airflow/dags/7.3-Filesensor.py
[2024-09-05 00:17:22,084] {processor.py:641} INFO - Processing file /opt/airflow/dags/7.3-Filesensor.py for tasks to queue
[2024-09-05 00:17:22,085] {logging_mixin.py:115} INFO - [2024-09-05 00:17:22,084] {dagbag.py:508} INFO - Filling up the DagBag from /opt/airflow/dags/7.3-Filesensor.py
[2024-09-05 00:17:22,090] {processor.py:651} INFO - DAG(s) dict_keys(['7.3-Filesensor']) retrieved from /opt/airflow/dags/7.3-Filesensor.py
[2024-09-05 00:17:22,112] {logging_mixin.py:115} INFO - [2024-09-05 00:17:22,112] {dag.py:2420} INFO - Sync 1 DAGs
[2024-09-05 00:17:22,125] {logging_mixin.py:115} INFO - [2024-09-05 00:17:22,125] {dag.py:2972} INFO - Setting next_dagrun for 7.3-Filesensor to None, run_after=None
[2024-09-05 00:17:22,132] {processor.py:161} INFO - Processing /opt/airflow/dags/7.3-Filesensor.py took 0.051 seconds
[2024-09-05 00:17:52,511] {processor.py:153} INFO - Started process (PID=15648) to work on /opt/airflow/dags/7.3-Filesensor.py
[2024-09-05 00:17:52,512] {processor.py:641} INFO - Processing file /opt/airflow/dags/7.3-Filesensor.py for tasks to queue
[2024-09-05 00:17:52,512] {logging_mixin.py:115} INFO - [2024-09-05 00:17:52,512] {dagbag.py:508} INFO - Filling up the DagBag from /opt/airflow/dags/7.3-Filesensor.py
[2024-09-05 00:17:52,519] {processor.py:651} INFO - DAG(s) dict_keys(['7.3-Filesensor']) retrieved from /opt/airflow/dags/7.3-Filesensor.py
[2024-09-05 00:17:52,540] {logging_mixin.py:115} INFO - [2024-09-05 00:17:52,540] {dag.py:2420} INFO - Sync 1 DAGs
[2024-09-05 00:17:52,553] {logging_mixin.py:115} INFO - [2024-09-05 00:17:52,553] {dag.py:2972} INFO - Setting next_dagrun for 7.3-Filesensor to None, run_after=None
[2024-09-05 00:17:52,560] {processor.py:161} INFO - Processing /opt/airflow/dags/7.3-Filesensor.py took 0.051 seconds
[2024-09-05 00:18:22,984] {processor.py:153} INFO - Started process (PID=15687) to work on /opt/airflow/dags/7.3-Filesensor.py
[2024-09-05 00:18:22,985] {processor.py:641} INFO - Processing file /opt/airflow/dags/7.3-Filesensor.py for tasks to queue
[2024-09-05 00:18:22,985] {logging_mixin.py:115} INFO - [2024-09-05 00:18:22,985] {dagbag.py:508} INFO - Filling up the DagBag from /opt/airflow/dags/7.3-Filesensor.py
[2024-09-05 00:18:22,992] {processor.py:651} INFO - DAG(s) dict_keys(['7.3-Filesensor']) retrieved from /opt/airflow/dags/7.3-Filesensor.py
[2024-09-05 00:18:23,014] {logging_mixin.py:115} INFO - [2024-09-05 00:18:23,014] {dag.py:2420} INFO - Sync 1 DAGs
[2024-09-05 00:18:23,028] {logging_mixin.py:115} INFO - [2024-09-05 00:18:23,028] {dag.py:2972} INFO - Setting next_dagrun for 7.3-Filesensor to None, run_after=None
[2024-09-05 00:18:23,038] {processor.py:161} INFO - Processing /opt/airflow/dags/7.3-Filesensor.py took 0.057 seconds
[2024-09-05 00:18:53,492] {processor.py:153} INFO - Started process (PID=15717) to work on /opt/airflow/dags/7.3-Filesensor.py
[2024-09-05 00:18:53,492] {processor.py:641} INFO - Processing file /opt/airflow/dags/7.3-Filesensor.py for tasks to queue
[2024-09-05 00:18:53,493] {logging_mixin.py:115} INFO - [2024-09-05 00:18:53,493] {dagbag.py:508} INFO - Filling up the DagBag from /opt/airflow/dags/7.3-Filesensor.py
[2024-09-05 00:18:53,500] {processor.py:651} INFO - DAG(s) dict_keys(['7.3-Filesensor']) retrieved from /opt/airflow/dags/7.3-Filesensor.py
[2024-09-05 00:18:53,521] {logging_mixin.py:115} INFO - [2024-09-05 00:18:53,521] {dag.py:2420} INFO - Sync 1 DAGs
[2024-09-05 00:18:53,537] {logging_mixin.py:115} INFO - [2024-09-05 00:18:53,537] {dag.py:2972} INFO - Setting next_dagrun for 7.3-Filesensor to None, run_after=None
[2024-09-05 00:18:53,547] {processor.py:161} INFO - Processing /opt/airflow/dags/7.3-Filesensor.py took 0.057 seconds
[2024-09-05 00:19:23,968] {processor.py:153} INFO - Started process (PID=15756) to work on /opt/airflow/dags/7.3-Filesensor.py
[2024-09-05 00:19:23,969] {processor.py:641} INFO - Processing file /opt/airflow/dags/7.3-Filesensor.py for tasks to queue
[2024-09-05 00:19:23,969] {logging_mixin.py:115} INFO - [2024-09-05 00:19:23,969] {dagbag.py:508} INFO - Filling up the DagBag from /opt/airflow/dags/7.3-Filesensor.py
[2024-09-05 00:19:23,975] {processor.py:651} INFO - DAG(s) dict_keys(['7.3-Filesensor']) retrieved from /opt/airflow/dags/7.3-Filesensor.py
[2024-09-05 00:19:23,996] {logging_mixin.py:115} INFO - [2024-09-05 00:19:23,996] {dag.py:2420} INFO - Sync 1 DAGs
[2024-09-05 00:19:24,009] {logging_mixin.py:115} INFO - [2024-09-05 00:19:24,009] {dag.py:2972} INFO - Setting next_dagrun for 7.3-Filesensor to None, run_after=None
[2024-09-05 00:19:24,018] {processor.py:161} INFO - Processing /opt/airflow/dags/7.3-Filesensor.py took 0.052 seconds
[2024-09-05 00:19:54,476] {processor.py:153} INFO - Started process (PID=15794) to work on /opt/airflow/dags/7.3-Filesensor.py
[2024-09-05 00:19:54,477] {processor.py:641} INFO - Processing file /opt/airflow/dags/7.3-Filesensor.py for tasks to queue
[2024-09-05 00:19:54,477] {logging_mixin.py:115} INFO - [2024-09-05 00:19:54,477] {dagbag.py:508} INFO - Filling up the DagBag from /opt/airflow/dags/7.3-Filesensor.py
[2024-09-05 00:19:54,484] {processor.py:651} INFO - DAG(s) dict_keys(['7.3-Filesensor']) retrieved from /opt/airflow/dags/7.3-Filesensor.py
[2024-09-05 00:19:54,506] {logging_mixin.py:115} INFO - [2024-09-05 00:19:54,505] {dag.py:2420} INFO - Sync 1 DAGs
[2024-09-05 00:19:54,519] {logging_mixin.py:115} INFO - [2024-09-05 00:19:54,519] {dag.py:2972} INFO - Setting next_dagrun for 7.3-Filesensor to None, run_after=None
[2024-09-05 00:19:54,528] {processor.py:161} INFO - Processing /opt/airflow/dags/7.3-Filesensor.py took 0.053 seconds
[2024-09-05 00:20:24,945] {processor.py:153} INFO - Started process (PID=15833) to work on /opt/airflow/dags/7.3-Filesensor.py
[2024-09-05 00:20:24,946] {processor.py:641} INFO - Processing file /opt/airflow/dags/7.3-Filesensor.py for tasks to queue
[2024-09-05 00:20:24,946] {logging_mixin.py:115} INFO - [2024-09-05 00:20:24,946] {dagbag.py:508} INFO - Filling up the DagBag from /opt/airflow/dags/7.3-Filesensor.py
[2024-09-05 00:20:24,954] {processor.py:651} INFO - DAG(s) dict_keys(['7.3-Filesensor']) retrieved from /opt/airflow/dags/7.3-Filesensor.py
[2024-09-05 00:20:24,974] {logging_mixin.py:115} INFO - [2024-09-05 00:20:24,974] {dag.py:2420} INFO - Sync 1 DAGs
[2024-09-05 00:20:24,990] {logging_mixin.py:115} INFO - [2024-09-05 00:20:24,990] {dag.py:2972} INFO - Setting next_dagrun for 7.3-Filesensor to None, run_after=None
[2024-09-05 00:20:24,998] {processor.py:161} INFO - Processing /opt/airflow/dags/7.3-Filesensor.py took 0.054 seconds
[2024-09-05 00:20:55,396] {processor.py:153} INFO - Started process (PID=15872) to work on /opt/airflow/dags/7.3-Filesensor.py
[2024-09-05 00:20:55,396] {processor.py:641} INFO - Processing file /opt/airflow/dags/7.3-Filesensor.py for tasks to queue
[2024-09-05 00:20:55,397] {logging_mixin.py:115} INFO - [2024-09-05 00:20:55,397] {dagbag.py:508} INFO - Filling up the DagBag from /opt/airflow/dags/7.3-Filesensor.py
[2024-09-05 00:20:55,404] {processor.py:651} INFO - DAG(s) dict_keys(['7.3-Filesensor']) retrieved from /opt/airflow/dags/7.3-Filesensor.py
[2024-09-05 00:20:55,426] {logging_mixin.py:115} INFO - [2024-09-05 00:20:55,426] {dag.py:2420} INFO - Sync 1 DAGs
[2024-09-05 00:20:55,439] {logging_mixin.py:115} INFO - [2024-09-05 00:20:55,439] {dag.py:2972} INFO - Setting next_dagrun for 7.3-Filesensor to None, run_after=None
[2024-09-05 00:20:55,447] {processor.py:161} INFO - Processing /opt/airflow/dags/7.3-Filesensor.py took 0.053 seconds
[2024-09-05 00:21:25,854] {processor.py:153} INFO - Started process (PID=15911) to work on /opt/airflow/dags/7.3-Filesensor.py
[2024-09-05 00:21:25,854] {processor.py:641} INFO - Processing file /opt/airflow/dags/7.3-Filesensor.py for tasks to queue
[2024-09-05 00:21:25,854] {logging_mixin.py:115} INFO - [2024-09-05 00:21:25,854] {dagbag.py:508} INFO - Filling up the DagBag from /opt/airflow/dags/7.3-Filesensor.py
[2024-09-05 00:21:25,861] {processor.py:651} INFO - DAG(s) dict_keys(['7.3-Filesensor']) retrieved from /opt/airflow/dags/7.3-Filesensor.py
[2024-09-05 00:21:25,882] {logging_mixin.py:115} INFO - [2024-09-05 00:21:25,882] {dag.py:2420} INFO - Sync 1 DAGs
[2024-09-05 00:21:25,898] {logging_mixin.py:115} INFO - [2024-09-05 00:21:25,898] {dag.py:2972} INFO - Setting next_dagrun for 7.3-Filesensor to None, run_after=None
[2024-09-05 00:21:25,907] {processor.py:161} INFO - Processing /opt/airflow/dags/7.3-Filesensor.py took 0.055 seconds
[2024-09-05 00:21:56,316] {processor.py:153} INFO - Started process (PID=15941) to work on /opt/airflow/dags/7.3-Filesensor.py
[2024-09-05 00:21:56,317] {processor.py:641} INFO - Processing file /opt/airflow/dags/7.3-Filesensor.py for tasks to queue
[2024-09-05 00:21:56,317] {logging_mixin.py:115} INFO - [2024-09-05 00:21:56,317] {dagbag.py:508} INFO - Filling up the DagBag from /opt/airflow/dags/7.3-Filesensor.py
[2024-09-05 00:21:56,324] {processor.py:651} INFO - DAG(s) dict_keys(['7.3-Filesensor']) retrieved from /opt/airflow/dags/7.3-Filesensor.py
[2024-09-05 00:21:56,345] {logging_mixin.py:115} INFO - [2024-09-05 00:21:56,345] {dag.py:2420} INFO - Sync 1 DAGs
[2024-09-05 00:21:56,361] {logging_mixin.py:115} INFO - [2024-09-05 00:21:56,361] {dag.py:2972} INFO - Setting next_dagrun for 7.3-Filesensor to None, run_after=None
[2024-09-05 00:21:56,370] {processor.py:161} INFO - Processing /opt/airflow/dags/7.3-Filesensor.py took 0.055 seconds
[2024-09-05 00:22:26,808] {processor.py:153} INFO - Started process (PID=15979) to work on /opt/airflow/dags/7.3-Filesensor.py
[2024-09-05 00:22:26,809] {processor.py:641} INFO - Processing file /opt/airflow/dags/7.3-Filesensor.py for tasks to queue
[2024-09-05 00:22:26,809] {logging_mixin.py:115} INFO - [2024-09-05 00:22:26,809] {dagbag.py:508} INFO - Filling up the DagBag from /opt/airflow/dags/7.3-Filesensor.py
[2024-09-05 00:22:26,816] {processor.py:651} INFO - DAG(s) dict_keys(['7.3-Filesensor']) retrieved from /opt/airflow/dags/7.3-Filesensor.py
[2024-09-05 00:22:26,838] {logging_mixin.py:115} INFO - [2024-09-05 00:22:26,838] {dag.py:2420} INFO - Sync 1 DAGs
[2024-09-05 00:22:26,851] {logging_mixin.py:115} INFO - [2024-09-05 00:22:26,851] {dag.py:2972} INFO - Setting next_dagrun for 7.3-Filesensor to None, run_after=None
[2024-09-05 00:22:26,861] {processor.py:161} INFO - Processing /opt/airflow/dags/7.3-Filesensor.py took 0.054 seconds
[2024-09-05 00:22:57,327] {processor.py:153} INFO - Started process (PID=16018) to work on /opt/airflow/dags/7.3-Filesensor.py
[2024-09-05 00:22:57,327] {processor.py:641} INFO - Processing file /opt/airflow/dags/7.3-Filesensor.py for tasks to queue
[2024-09-05 00:22:57,328] {logging_mixin.py:115} INFO - [2024-09-05 00:22:57,328] {dagbag.py:508} INFO - Filling up the DagBag from /opt/airflow/dags/7.3-Filesensor.py
[2024-09-05 00:22:57,335] {processor.py:651} INFO - DAG(s) dict_keys(['7.3-Filesensor']) retrieved from /opt/airflow/dags/7.3-Filesensor.py
[2024-09-05 00:22:57,358] {logging_mixin.py:115} INFO - [2024-09-05 00:22:57,357] {dag.py:2420} INFO - Sync 1 DAGs
[2024-09-05 00:22:57,372] {logging_mixin.py:115} INFO - [2024-09-05 00:22:57,372] {dag.py:2972} INFO - Setting next_dagrun for 7.3-Filesensor to None, run_after=None
[2024-09-05 00:22:57,381] {processor.py:161} INFO - Processing /opt/airflow/dags/7.3-Filesensor.py took 0.057 seconds
[2024-09-05 00:23:27,807] {processor.py:153} INFO - Started process (PID=16056) to work on /opt/airflow/dags/7.3-Filesensor.py
[2024-09-05 00:23:27,808] {processor.py:641} INFO - Processing file /opt/airflow/dags/7.3-Filesensor.py for tasks to queue
[2024-09-05 00:23:27,808] {logging_mixin.py:115} INFO - [2024-09-05 00:23:27,808] {dagbag.py:508} INFO - Filling up the DagBag from /opt/airflow/dags/7.3-Filesensor.py
[2024-09-05 00:23:27,815] {processor.py:651} INFO - DAG(s) dict_keys(['7.3-Filesensor']) retrieved from /opt/airflow/dags/7.3-Filesensor.py
[2024-09-05 00:23:27,835] {logging_mixin.py:115} INFO - [2024-09-05 00:23:27,835] {dag.py:2420} INFO - Sync 1 DAGs
[2024-09-05 00:23:27,848] {logging_mixin.py:115} INFO - [2024-09-05 00:23:27,848] {dag.py:2972} INFO - Setting next_dagrun for 7.3-Filesensor to None, run_after=None
[2024-09-05 00:23:27,856] {processor.py:161} INFO - Processing /opt/airflow/dags/7.3-Filesensor.py took 0.051 seconds
[2024-09-05 00:23:58,311] {processor.py:153} INFO - Started process (PID=16095) to work on /opt/airflow/dags/7.3-Filesensor.py
[2024-09-05 00:23:58,311] {processor.py:641} INFO - Processing file /opt/airflow/dags/7.3-Filesensor.py for tasks to queue
[2024-09-05 00:23:58,312] {logging_mixin.py:115} INFO - [2024-09-05 00:23:58,312] {dagbag.py:508} INFO - Filling up the DagBag from /opt/airflow/dags/7.3-Filesensor.py
[2024-09-05 00:23:58,319] {processor.py:651} INFO - DAG(s) dict_keys(['7.3-Filesensor']) retrieved from /opt/airflow/dags/7.3-Filesensor.py
[2024-09-05 00:23:58,340] {logging_mixin.py:115} INFO - [2024-09-05 00:23:58,340] {dag.py:2420} INFO - Sync 1 DAGs
[2024-09-05 00:23:58,353] {logging_mixin.py:115} INFO - [2024-09-05 00:23:58,353] {dag.py:2972} INFO - Setting next_dagrun for 7.3-Filesensor to None, run_after=None
[2024-09-05 00:23:58,361] {processor.py:161} INFO - Processing /opt/airflow/dags/7.3-Filesensor.py took 0.052 seconds
[2024-09-05 00:24:28,821] {processor.py:153} INFO - Started process (PID=16134) to work on /opt/airflow/dags/7.3-Filesensor.py
[2024-09-05 00:24:28,821] {processor.py:641} INFO - Processing file /opt/airflow/dags/7.3-Filesensor.py for tasks to queue
[2024-09-05 00:24:28,821] {logging_mixin.py:115} INFO - [2024-09-05 00:24:28,821] {dagbag.py:508} INFO - Filling up the DagBag from /opt/airflow/dags/7.3-Filesensor.py
[2024-09-05 00:24:28,830] {processor.py:651} INFO - DAG(s) dict_keys(['7.3-Filesensor']) retrieved from /opt/airflow/dags/7.3-Filesensor.py
[2024-09-05 00:24:28,852] {logging_mixin.py:115} INFO - [2024-09-05 00:24:28,852] {dag.py:2420} INFO - Sync 1 DAGs
[2024-09-05 00:24:28,865] {logging_mixin.py:115} INFO - [2024-09-05 00:24:28,865] {dag.py:2972} INFO - Setting next_dagrun for 7.3-Filesensor to None, run_after=None
[2024-09-05 00:24:28,874] {processor.py:161} INFO - Processing /opt/airflow/dags/7.3-Filesensor.py took 0.056 seconds
[2024-09-05 00:24:59,247] {processor.py:153} INFO - Started process (PID=16164) to work on /opt/airflow/dags/7.3-Filesensor.py
[2024-09-05 00:24:59,247] {processor.py:641} INFO - Processing file /opt/airflow/dags/7.3-Filesensor.py for tasks to queue
[2024-09-05 00:24:59,247] {logging_mixin.py:115} INFO - [2024-09-05 00:24:59,247] {dagbag.py:508} INFO - Filling up the DagBag from /opt/airflow/dags/7.3-Filesensor.py
[2024-09-05 00:24:59,253] {processor.py:651} INFO - DAG(s) dict_keys(['7.3-Filesensor']) retrieved from /opt/airflow/dags/7.3-Filesensor.py
[2024-09-05 00:24:59,275] {logging_mixin.py:115} INFO - [2024-09-05 00:24:59,275] {dag.py:2420} INFO - Sync 1 DAGs
[2024-09-05 00:24:59,288] {logging_mixin.py:115} INFO - [2024-09-05 00:24:59,288] {dag.py:2972} INFO - Setting next_dagrun for 7.3-Filesensor to None, run_after=None
[2024-09-05 00:24:59,296] {processor.py:161} INFO - Processing /opt/airflow/dags/7.3-Filesensor.py took 0.052 seconds
[2024-09-05 00:25:29,726] {processor.py:153} INFO - Started process (PID=16203) to work on /opt/airflow/dags/7.3-Filesensor.py
[2024-09-05 00:25:29,726] {processor.py:641} INFO - Processing file /opt/airflow/dags/7.3-Filesensor.py for tasks to queue
[2024-09-05 00:25:29,726] {logging_mixin.py:115} INFO - [2024-09-05 00:25:29,726] {dagbag.py:508} INFO - Filling up the DagBag from /opt/airflow/dags/7.3-Filesensor.py
[2024-09-05 00:25:29,733] {processor.py:651} INFO - DAG(s) dict_keys(['7.3-Filesensor']) retrieved from /opt/airflow/dags/7.3-Filesensor.py
[2024-09-05 00:25:29,754] {logging_mixin.py:115} INFO - [2024-09-05 00:25:29,754] {dag.py:2420} INFO - Sync 1 DAGs
[2024-09-05 00:25:29,767] {logging_mixin.py:115} INFO - [2024-09-05 00:25:29,767] {dag.py:2972} INFO - Setting next_dagrun for 7.3-Filesensor to None, run_after=None
[2024-09-05 00:25:29,774] {processor.py:161} INFO - Processing /opt/airflow/dags/7.3-Filesensor.py took 0.051 seconds
[2024-09-05 00:26:00,231] {processor.py:153} INFO - Started process (PID=16241) to work on /opt/airflow/dags/7.3-Filesensor.py
[2024-09-05 00:26:00,231] {processor.py:641} INFO - Processing file /opt/airflow/dags/7.3-Filesensor.py for tasks to queue
[2024-09-05 00:26:00,231] {logging_mixin.py:115} INFO - [2024-09-05 00:26:00,231] {dagbag.py:508} INFO - Filling up the DagBag from /opt/airflow/dags/7.3-Filesensor.py
[2024-09-05 00:26:00,238] {processor.py:651} INFO - DAG(s) dict_keys(['7.3-Filesensor']) retrieved from /opt/airflow/dags/7.3-Filesensor.py
[2024-09-05 00:26:00,259] {logging_mixin.py:115} INFO - [2024-09-05 00:26:00,259] {dag.py:2420} INFO - Sync 1 DAGs
[2024-09-05 00:26:00,272] {logging_mixin.py:115} INFO - [2024-09-05 00:26:00,272] {dag.py:2972} INFO - Setting next_dagrun for 7.3-Filesensor to None, run_after=None
[2024-09-05 00:26:00,280] {processor.py:161} INFO - Processing /opt/airflow/dags/7.3-Filesensor.py took 0.052 seconds
[2024-09-05 00:26:30,712] {processor.py:153} INFO - Started process (PID=16280) to work on /opt/airflow/dags/7.3-Filesensor.py
[2024-09-05 00:26:30,712] {processor.py:641} INFO - Processing file /opt/airflow/dags/7.3-Filesensor.py for tasks to queue
[2024-09-05 00:26:30,713] {logging_mixin.py:115} INFO - [2024-09-05 00:26:30,713] {dagbag.py:508} INFO - Filling up the DagBag from /opt/airflow/dags/7.3-Filesensor.py
[2024-09-05 00:26:30,720] {processor.py:651} INFO - DAG(s) dict_keys(['7.3-Filesensor']) retrieved from /opt/airflow/dags/7.3-Filesensor.py
[2024-09-05 00:26:30,741] {logging_mixin.py:115} INFO - [2024-09-05 00:26:30,740] {dag.py:2420} INFO - Sync 1 DAGs
[2024-09-05 00:26:30,754] {logging_mixin.py:115} INFO - [2024-09-05 00:26:30,754] {dag.py:2972} INFO - Setting next_dagrun for 7.3-Filesensor to None, run_after=None
[2024-09-05 00:26:30,764] {processor.py:161} INFO - Processing /opt/airflow/dags/7.3-Filesensor.py took 0.054 seconds
[2024-09-05 00:27:01,214] {processor.py:153} INFO - Started process (PID=16319) to work on /opt/airflow/dags/7.3-Filesensor.py
[2024-09-05 00:27:01,215] {processor.py:641} INFO - Processing file /opt/airflow/dags/7.3-Filesensor.py for tasks to queue
[2024-09-05 00:27:01,215] {logging_mixin.py:115} INFO - [2024-09-05 00:27:01,215] {dagbag.py:508} INFO - Filling up the DagBag from /opt/airflow/dags/7.3-Filesensor.py
[2024-09-05 00:27:01,225] {processor.py:651} INFO - DAG(s) dict_keys(['7.3-Filesensor']) retrieved from /opt/airflow/dags/7.3-Filesensor.py
[2024-09-05 00:27:01,250] {logging_mixin.py:115} INFO - [2024-09-05 00:27:01,250] {dag.py:2420} INFO - Sync 1 DAGs
[2024-09-05 00:27:01,265] {logging_mixin.py:115} INFO - [2024-09-05 00:27:01,265] {dag.py:2972} INFO - Setting next_dagrun for 7.3-Filesensor to None, run_after=None
[2024-09-05 00:27:01,274] {processor.py:161} INFO - Processing /opt/airflow/dags/7.3-Filesensor.py took 0.062 seconds
[2024-09-05 00:27:31,680] {processor.py:153} INFO - Started process (PID=16358) to work on /opt/airflow/dags/7.3-Filesensor.py
[2024-09-05 00:27:31,680] {processor.py:641} INFO - Processing file /opt/airflow/dags/7.3-Filesensor.py for tasks to queue
[2024-09-05 00:27:31,680] {logging_mixin.py:115} INFO - [2024-09-05 00:27:31,680] {dagbag.py:508} INFO - Filling up the DagBag from /opt/airflow/dags/7.3-Filesensor.py
[2024-09-05 00:27:31,687] {processor.py:651} INFO - DAG(s) dict_keys(['7.3-Filesensor']) retrieved from /opt/airflow/dags/7.3-Filesensor.py
[2024-09-05 00:27:31,711] {logging_mixin.py:115} INFO - [2024-09-05 00:27:31,711] {dag.py:2420} INFO - Sync 1 DAGs
[2024-09-05 00:27:31,724] {logging_mixin.py:115} INFO - [2024-09-05 00:27:31,724] {dag.py:2972} INFO - Setting next_dagrun for 7.3-Filesensor to None, run_after=None
[2024-09-05 00:27:31,733] {processor.py:161} INFO - Processing /opt/airflow/dags/7.3-Filesensor.py took 0.056 seconds
[2024-09-05 00:28:02,203] {processor.py:153} INFO - Started process (PID=16388) to work on /opt/airflow/dags/7.3-Filesensor.py
[2024-09-05 00:28:02,204] {processor.py:641} INFO - Processing file /opt/airflow/dags/7.3-Filesensor.py for tasks to queue
[2024-09-05 00:28:02,204] {logging_mixin.py:115} INFO - [2024-09-05 00:28:02,204] {dagbag.py:508} INFO - Filling up the DagBag from /opt/airflow/dags/7.3-Filesensor.py
[2024-09-05 00:28:02,211] {processor.py:651} INFO - DAG(s) dict_keys(['7.3-Filesensor']) retrieved from /opt/airflow/dags/7.3-Filesensor.py
[2024-09-05 00:28:02,233] {logging_mixin.py:115} INFO - [2024-09-05 00:28:02,233] {dag.py:2420} INFO - Sync 1 DAGs
[2024-09-05 00:28:02,248] {logging_mixin.py:115} INFO - [2024-09-05 00:28:02,248] {dag.py:2972} INFO - Setting next_dagrun for 7.3-Filesensor to None, run_after=None
[2024-09-05 00:28:02,256] {processor.py:161} INFO - Processing /opt/airflow/dags/7.3-Filesensor.py took 0.055 seconds
[2024-09-05 00:28:32,669] {processor.py:153} INFO - Started process (PID=16426) to work on /opt/airflow/dags/7.3-Filesensor.py
[2024-09-05 00:28:32,670] {processor.py:641} INFO - Processing file /opt/airflow/dags/7.3-Filesensor.py for tasks to queue
[2024-09-05 00:28:32,670] {logging_mixin.py:115} INFO - [2024-09-05 00:28:32,670] {dagbag.py:508} INFO - Filling up the DagBag from /opt/airflow/dags/7.3-Filesensor.py
[2024-09-05 00:28:32,678] {processor.py:651} INFO - DAG(s) dict_keys(['7.3-Filesensor']) retrieved from /opt/airflow/dags/7.3-Filesensor.py
[2024-09-05 00:28:32,701] {logging_mixin.py:115} INFO - [2024-09-05 00:28:32,701] {dag.py:2420} INFO - Sync 1 DAGs
[2024-09-05 00:28:32,715] {logging_mixin.py:115} INFO - [2024-09-05 00:28:32,715] {dag.py:2972} INFO - Setting next_dagrun for 7.3-Filesensor to None, run_after=None
[2024-09-05 00:28:32,723] {processor.py:161} INFO - Processing /opt/airflow/dags/7.3-Filesensor.py took 0.055 seconds
[2024-09-05 00:29:03,189] {processor.py:153} INFO - Started process (PID=16465) to work on /opt/airflow/dags/7.3-Filesensor.py
[2024-09-05 00:29:03,190] {processor.py:641} INFO - Processing file /opt/airflow/dags/7.3-Filesensor.py for tasks to queue
[2024-09-05 00:29:03,190] {logging_mixin.py:115} INFO - [2024-09-05 00:29:03,190] {dagbag.py:508} INFO - Filling up the DagBag from /opt/airflow/dags/7.3-Filesensor.py
[2024-09-05 00:29:03,196] {processor.py:651} INFO - DAG(s) dict_keys(['7.3-Filesensor']) retrieved from /opt/airflow/dags/7.3-Filesensor.py
[2024-09-05 00:29:03,217] {logging_mixin.py:115} INFO - [2024-09-05 00:29:03,217] {dag.py:2420} INFO - Sync 1 DAGs
[2024-09-05 00:29:03,230] {logging_mixin.py:115} INFO - [2024-09-05 00:29:03,230] {dag.py:2972} INFO - Setting next_dagrun for 7.3-Filesensor to None, run_after=None
[2024-09-05 00:29:03,237] {processor.py:161} INFO - Processing /opt/airflow/dags/7.3-Filesensor.py took 0.050 seconds
[2024-09-05 00:29:33,608] {processor.py:153} INFO - Started process (PID=16504) to work on /opt/airflow/dags/7.3-Filesensor.py
[2024-09-05 00:29:33,609] {processor.py:641} INFO - Processing file /opt/airflow/dags/7.3-Filesensor.py for tasks to queue
[2024-09-05 00:29:33,609] {logging_mixin.py:115} INFO - [2024-09-05 00:29:33,609] {dagbag.py:508} INFO - Filling up the DagBag from /opt/airflow/dags/7.3-Filesensor.py
[2024-09-05 00:29:33,616] {processor.py:651} INFO - DAG(s) dict_keys(['7.3-Filesensor']) retrieved from /opt/airflow/dags/7.3-Filesensor.py
[2024-09-05 00:29:33,641] {logging_mixin.py:115} INFO - [2024-09-05 00:29:33,641] {dag.py:2420} INFO - Sync 1 DAGs
[2024-09-05 00:29:33,654] {logging_mixin.py:115} INFO - [2024-09-05 00:29:33,654] {dag.py:2972} INFO - Setting next_dagrun for 7.3-Filesensor to None, run_after=None
[2024-09-05 00:29:33,662] {processor.py:161} INFO - Processing /opt/airflow/dags/7.3-Filesensor.py took 0.056 seconds
[2024-09-05 00:30:04,106] {processor.py:153} INFO - Started process (PID=16543) to work on /opt/airflow/dags/7.3-Filesensor.py
[2024-09-05 00:30:04,106] {processor.py:641} INFO - Processing file /opt/airflow/dags/7.3-Filesensor.py for tasks to queue
[2024-09-05 00:30:04,107] {logging_mixin.py:115} INFO - [2024-09-05 00:30:04,106] {dagbag.py:508} INFO - Filling up the DagBag from /opt/airflow/dags/7.3-Filesensor.py
[2024-09-05 00:30:04,113] {processor.py:651} INFO - DAG(s) dict_keys(['7.3-Filesensor']) retrieved from /opt/airflow/dags/7.3-Filesensor.py
[2024-09-05 00:30:04,134] {logging_mixin.py:115} INFO - [2024-09-05 00:30:04,134] {dag.py:2420} INFO - Sync 1 DAGs
[2024-09-05 00:30:04,147] {logging_mixin.py:115} INFO - [2024-09-05 00:30:04,147] {dag.py:2972} INFO - Setting next_dagrun for 7.3-Filesensor to None, run_after=None
[2024-09-05 00:30:04,156] {processor.py:161} INFO - Processing /opt/airflow/dags/7.3-Filesensor.py took 0.053 seconds
[2024-09-05 00:30:34,564] {processor.py:153} INFO - Started process (PID=16582) to work on /opt/airflow/dags/7.3-Filesensor.py
[2024-09-05 00:30:34,564] {processor.py:641} INFO - Processing file /opt/airflow/dags/7.3-Filesensor.py for tasks to queue
[2024-09-05 00:30:34,564] {logging_mixin.py:115} INFO - [2024-09-05 00:30:34,564] {dagbag.py:508} INFO - Filling up the DagBag from /opt/airflow/dags/7.3-Filesensor.py
[2024-09-05 00:30:34,571] {processor.py:651} INFO - DAG(s) dict_keys(['7.3-Filesensor']) retrieved from /opt/airflow/dags/7.3-Filesensor.py
[2024-09-05 00:30:34,593] {logging_mixin.py:115} INFO - [2024-09-05 00:30:34,593] {dag.py:2420} INFO - Sync 1 DAGs
[2024-09-05 00:30:34,606] {logging_mixin.py:115} INFO - [2024-09-05 00:30:34,606] {dag.py:2972} INFO - Setting next_dagrun for 7.3-Filesensor to None, run_after=None
[2024-09-05 00:30:34,614] {processor.py:161} INFO - Processing /opt/airflow/dags/7.3-Filesensor.py took 0.053 seconds
[2024-09-05 00:31:05,026] {processor.py:153} INFO - Started process (PID=16612) to work on /opt/airflow/dags/7.3-Filesensor.py
[2024-09-05 00:31:05,026] {processor.py:641} INFO - Processing file /opt/airflow/dags/7.3-Filesensor.py for tasks to queue
[2024-09-05 00:31:05,027] {logging_mixin.py:115} INFO - [2024-09-05 00:31:05,027] {dagbag.py:508} INFO - Filling up the DagBag from /opt/airflow/dags/7.3-Filesensor.py
[2024-09-05 00:31:05,034] {processor.py:651} INFO - DAG(s) dict_keys(['7.3-Filesensor']) retrieved from /opt/airflow/dags/7.3-Filesensor.py
[2024-09-05 00:31:05,056] {logging_mixin.py:115} INFO - [2024-09-05 00:31:05,056] {dag.py:2420} INFO - Sync 1 DAGs
[2024-09-05 00:31:05,069] {logging_mixin.py:115} INFO - [2024-09-05 00:31:05,069] {dag.py:2972} INFO - Setting next_dagrun for 7.3-Filesensor to None, run_after=None
[2024-09-05 00:31:05,077] {processor.py:161} INFO - Processing /opt/airflow/dags/7.3-Filesensor.py took 0.053 seconds
[2024-09-05 00:31:35,484] {processor.py:153} INFO - Started process (PID=16650) to work on /opt/airflow/dags/7.3-Filesensor.py
[2024-09-05 00:31:35,485] {processor.py:641} INFO - Processing file /opt/airflow/dags/7.3-Filesensor.py for tasks to queue
[2024-09-05 00:31:35,485] {logging_mixin.py:115} INFO - [2024-09-05 00:31:35,485] {dagbag.py:508} INFO - Filling up the DagBag from /opt/airflow/dags/7.3-Filesensor.py
[2024-09-05 00:31:35,493] {processor.py:651} INFO - DAG(s) dict_keys(['7.3-Filesensor']) retrieved from /opt/airflow/dags/7.3-Filesensor.py
[2024-09-05 00:31:35,514] {logging_mixin.py:115} INFO - [2024-09-05 00:31:35,514] {dag.py:2420} INFO - Sync 1 DAGs
[2024-09-05 00:31:35,528] {logging_mixin.py:115} INFO - [2024-09-05 00:31:35,528] {dag.py:2972} INFO - Setting next_dagrun for 7.3-Filesensor to None, run_after=None
[2024-09-05 00:31:35,536] {processor.py:161} INFO - Processing /opt/airflow/dags/7.3-Filesensor.py took 0.054 seconds
[2024-09-05 00:32:05,995] {processor.py:153} INFO - Started process (PID=16688) to work on /opt/airflow/dags/7.3-Filesensor.py
[2024-09-05 00:32:05,995] {processor.py:641} INFO - Processing file /opt/airflow/dags/7.3-Filesensor.py for tasks to queue
[2024-09-05 00:32:05,996] {logging_mixin.py:115} INFO - [2024-09-05 00:32:05,996] {dagbag.py:508} INFO - Filling up the DagBag from /opt/airflow/dags/7.3-Filesensor.py
[2024-09-05 00:32:06,002] {processor.py:651} INFO - DAG(s) dict_keys(['7.3-Filesensor']) retrieved from /opt/airflow/dags/7.3-Filesensor.py
[2024-09-05 00:32:06,023] {logging_mixin.py:115} INFO - [2024-09-05 00:32:06,023] {dag.py:2420} INFO - Sync 1 DAGs
[2024-09-05 00:32:06,037] {logging_mixin.py:115} INFO - [2024-09-05 00:32:06,037] {dag.py:2972} INFO - Setting next_dagrun for 7.3-Filesensor to None, run_after=None
[2024-09-05 00:32:06,045] {processor.py:161} INFO - Processing /opt/airflow/dags/7.3-Filesensor.py took 0.053 seconds
[2024-09-05 00:32:36,457] {processor.py:153} INFO - Started process (PID=16727) to work on /opt/airflow/dags/7.3-Filesensor.py
[2024-09-05 00:32:36,458] {processor.py:641} INFO - Processing file /opt/airflow/dags/7.3-Filesensor.py for tasks to queue
[2024-09-05 00:32:36,458] {logging_mixin.py:115} INFO - [2024-09-05 00:32:36,458] {dagbag.py:508} INFO - Filling up the DagBag from /opt/airflow/dags/7.3-Filesensor.py
[2024-09-05 00:32:36,464] {processor.py:651} INFO - DAG(s) dict_keys(['7.3-Filesensor']) retrieved from /opt/airflow/dags/7.3-Filesensor.py
[2024-09-05 00:32:36,487] {logging_mixin.py:115} INFO - [2024-09-05 00:32:36,487] {dag.py:2420} INFO - Sync 1 DAGs
[2024-09-05 00:32:36,501] {logging_mixin.py:115} INFO - [2024-09-05 00:32:36,501] {dag.py:2972} INFO - Setting next_dagrun for 7.3-Filesensor to None, run_after=None
[2024-09-05 00:32:36,509] {processor.py:161} INFO - Processing /opt/airflow/dags/7.3-Filesensor.py took 0.054 seconds
[2024-09-05 00:33:06,920] {processor.py:153} INFO - Started process (PID=16766) to work on /opt/airflow/dags/7.3-Filesensor.py
[2024-09-05 00:33:06,921] {processor.py:641} INFO - Processing file /opt/airflow/dags/7.3-Filesensor.py for tasks to queue
[2024-09-05 00:33:06,921] {logging_mixin.py:115} INFO - [2024-09-05 00:33:06,921] {dagbag.py:508} INFO - Filling up the DagBag from /opt/airflow/dags/7.3-Filesensor.py
[2024-09-05 00:33:06,928] {processor.py:651} INFO - DAG(s) dict_keys(['7.3-Filesensor']) retrieved from /opt/airflow/dags/7.3-Filesensor.py
[2024-09-05 00:33:06,949] {logging_mixin.py:115} INFO - [2024-09-05 00:33:06,949] {dag.py:2420} INFO - Sync 1 DAGs
[2024-09-05 00:33:06,962] {logging_mixin.py:115} INFO - [2024-09-05 00:33:06,962] {dag.py:2972} INFO - Setting next_dagrun for 7.3-Filesensor to None, run_after=None
[2024-09-05 00:33:06,970] {processor.py:161} INFO - Processing /opt/airflow/dags/7.3-Filesensor.py took 0.052 seconds
[2024-09-05 00:33:37,453] {processor.py:153} INFO - Started process (PID=16805) to work on /opt/airflow/dags/7.3-Filesensor.py
[2024-09-05 00:33:37,456] {processor.py:641} INFO - Processing file /opt/airflow/dags/7.3-Filesensor.py for tasks to queue
[2024-09-05 00:33:37,457] {logging_mixin.py:115} INFO - [2024-09-05 00:33:37,457] {dagbag.py:508} INFO - Filling up the DagBag from /opt/airflow/dags/7.3-Filesensor.py
[2024-09-05 00:33:37,466] {processor.py:651} INFO - DAG(s) dict_keys(['7.3-Filesensor']) retrieved from /opt/airflow/dags/7.3-Filesensor.py
[2024-09-05 00:33:37,492] {logging_mixin.py:115} INFO - [2024-09-05 00:33:37,492] {dag.py:2420} INFO - Sync 1 DAGs
[2024-09-05 00:33:37,509] {logging_mixin.py:115} INFO - [2024-09-05 00:33:37,509] {dag.py:2972} INFO - Setting next_dagrun for 7.3-Filesensor to None, run_after=None
[2024-09-05 00:33:37,518] {processor.py:161} INFO - Processing /opt/airflow/dags/7.3-Filesensor.py took 0.067 seconds
[2024-09-05 00:34:07,918] {processor.py:153} INFO - Started process (PID=16834) to work on /opt/airflow/dags/7.3-Filesensor.py
[2024-09-05 00:34:07,919] {processor.py:641} INFO - Processing file /opt/airflow/dags/7.3-Filesensor.py for tasks to queue
[2024-09-05 00:34:07,919] {logging_mixin.py:115} INFO - [2024-09-05 00:34:07,919] {dagbag.py:508} INFO - Filling up the DagBag from /opt/airflow/dags/7.3-Filesensor.py
[2024-09-05 00:34:07,927] {processor.py:651} INFO - DAG(s) dict_keys(['7.3-Filesensor']) retrieved from /opt/airflow/dags/7.3-Filesensor.py
[2024-09-05 00:34:07,948] {logging_mixin.py:115} INFO - [2024-09-05 00:34:07,948] {dag.py:2420} INFO - Sync 1 DAGs
[2024-09-05 00:34:07,962] {logging_mixin.py:115} INFO - [2024-09-05 00:34:07,962] {dag.py:2972} INFO - Setting next_dagrun for 7.3-Filesensor to None, run_after=None
[2024-09-05 00:34:07,973] {processor.py:161} INFO - Processing /opt/airflow/dags/7.3-Filesensor.py took 0.057 seconds
[2024-09-05 00:34:38,406] {processor.py:153} INFO - Started process (PID=16873) to work on /opt/airflow/dags/7.3-Filesensor.py
[2024-09-05 00:34:38,406] {processor.py:641} INFO - Processing file /opt/airflow/dags/7.3-Filesensor.py for tasks to queue
[2024-09-05 00:34:38,407] {logging_mixin.py:115} INFO - [2024-09-05 00:34:38,406] {dagbag.py:508} INFO - Filling up the DagBag from /opt/airflow/dags/7.3-Filesensor.py
[2024-09-05 00:34:38,413] {processor.py:651} INFO - DAG(s) dict_keys(['7.3-Filesensor']) retrieved from /opt/airflow/dags/7.3-Filesensor.py
[2024-09-05 00:34:38,435] {logging_mixin.py:115} INFO - [2024-09-05 00:34:38,435] {dag.py:2420} INFO - Sync 1 DAGs
[2024-09-05 00:34:38,449] {logging_mixin.py:115} INFO - [2024-09-05 00:34:38,449] {dag.py:2972} INFO - Setting next_dagrun for 7.3-Filesensor to None, run_after=None
[2024-09-05 00:34:38,458] {processor.py:161} INFO - Processing /opt/airflow/dags/7.3-Filesensor.py took 0.054 seconds
[2024-09-05 00:35:08,886] {processor.py:153} INFO - Started process (PID=16911) to work on /opt/airflow/dags/7.3-Filesensor.py
[2024-09-05 00:35:08,887] {processor.py:641} INFO - Processing file /opt/airflow/dags/7.3-Filesensor.py for tasks to queue
[2024-09-05 00:35:08,887] {logging_mixin.py:115} INFO - [2024-09-05 00:35:08,887] {dagbag.py:508} INFO - Filling up the DagBag from /opt/airflow/dags/7.3-Filesensor.py
[2024-09-05 00:35:08,894] {processor.py:651} INFO - DAG(s) dict_keys(['7.3-Filesensor']) retrieved from /opt/airflow/dags/7.3-Filesensor.py
[2024-09-05 00:35:08,915] {logging_mixin.py:115} INFO - [2024-09-05 00:35:08,915] {dag.py:2420} INFO - Sync 1 DAGs
[2024-09-05 00:35:08,928] {logging_mixin.py:115} INFO - [2024-09-05 00:35:08,928] {dag.py:2972} INFO - Setting next_dagrun for 7.3-Filesensor to None, run_after=None
[2024-09-05 00:35:08,935] {processor.py:161} INFO - Processing /opt/airflow/dags/7.3-Filesensor.py took 0.051 seconds
[2024-09-05 00:35:39,408] {processor.py:153} INFO - Started process (PID=16949) to work on /opt/airflow/dags/7.3-Filesensor.py
[2024-09-05 00:35:39,409] {processor.py:641} INFO - Processing file /opt/airflow/dags/7.3-Filesensor.py for tasks to queue
[2024-09-05 00:35:39,409] {logging_mixin.py:115} INFO - [2024-09-05 00:35:39,409] {dagbag.py:508} INFO - Filling up the DagBag from /opt/airflow/dags/7.3-Filesensor.py
[2024-09-05 00:35:39,416] {processor.py:651} INFO - DAG(s) dict_keys(['7.3-Filesensor']) retrieved from /opt/airflow/dags/7.3-Filesensor.py
[2024-09-05 00:35:39,438] {logging_mixin.py:115} INFO - [2024-09-05 00:35:39,437] {dag.py:2420} INFO - Sync 1 DAGs
[2024-09-05 00:35:39,452] {logging_mixin.py:115} INFO - [2024-09-05 00:35:39,452] {dag.py:2972} INFO - Setting next_dagrun for 7.3-Filesensor to None, run_after=None
[2024-09-05 00:35:39,462] {processor.py:161} INFO - Processing /opt/airflow/dags/7.3-Filesensor.py took 0.056 seconds
[2024-09-05 00:36:09,875] {processor.py:153} INFO - Started process (PID=16987) to work on /opt/airflow/dags/7.3-Filesensor.py
[2024-09-05 00:36:09,876] {processor.py:641} INFO - Processing file /opt/airflow/dags/7.3-Filesensor.py for tasks to queue
[2024-09-05 00:36:09,878] {logging_mixin.py:115} INFO - [2024-09-05 00:36:09,878] {dagbag.py:508} INFO - Filling up the DagBag from /opt/airflow/dags/7.3-Filesensor.py
[2024-09-05 00:36:09,887] {processor.py:651} INFO - DAG(s) dict_keys(['7.3-Filesensor']) retrieved from /opt/airflow/dags/7.3-Filesensor.py
[2024-09-05 00:36:09,913] {logging_mixin.py:115} INFO - [2024-09-05 00:36:09,913] {dag.py:2420} INFO - Sync 1 DAGs
[2024-09-05 00:36:09,927] {logging_mixin.py:115} INFO - [2024-09-05 00:36:09,927] {dag.py:2972} INFO - Setting next_dagrun for 7.3-Filesensor to None, run_after=None
[2024-09-05 00:36:09,935] {processor.py:161} INFO - Processing /opt/airflow/dags/7.3-Filesensor.py took 0.062 seconds
[2024-09-05 00:36:40,352] {processor.py:153} INFO - Started process (PID=17026) to work on /opt/airflow/dags/7.3-Filesensor.py
[2024-09-05 00:36:40,353] {processor.py:641} INFO - Processing file /opt/airflow/dags/7.3-Filesensor.py for tasks to queue
[2024-09-05 00:36:40,353] {logging_mixin.py:115} INFO - [2024-09-05 00:36:40,353] {dagbag.py:508} INFO - Filling up the DagBag from /opt/airflow/dags/7.3-Filesensor.py
[2024-09-05 00:36:40,360] {processor.py:651} INFO - DAG(s) dict_keys(['7.3-Filesensor']) retrieved from /opt/airflow/dags/7.3-Filesensor.py
[2024-09-05 00:36:40,387] {logging_mixin.py:115} INFO - [2024-09-05 00:36:40,386] {dag.py:2420} INFO - Sync 1 DAGs
[2024-09-05 00:36:40,402] {logging_mixin.py:115} INFO - [2024-09-05 00:36:40,402] {dag.py:2972} INFO - Setting next_dagrun for 7.3-Filesensor to None, run_after=None
[2024-09-05 00:36:40,410] {processor.py:161} INFO - Processing /opt/airflow/dags/7.3-Filesensor.py took 0.060 seconds
[2024-09-05 00:37:10,863] {processor.py:153} INFO - Started process (PID=17056) to work on /opt/airflow/dags/7.3-Filesensor.py
[2024-09-05 00:37:10,863] {processor.py:641} INFO - Processing file /opt/airflow/dags/7.3-Filesensor.py for tasks to queue
[2024-09-05 00:37:10,863] {logging_mixin.py:115} INFO - [2024-09-05 00:37:10,863] {dagbag.py:508} INFO - Filling up the DagBag from /opt/airflow/dags/7.3-Filesensor.py
[2024-09-05 00:37:10,869] {processor.py:651} INFO - DAG(s) dict_keys(['7.3-Filesensor']) retrieved from /opt/airflow/dags/7.3-Filesensor.py
[2024-09-05 00:37:10,890] {logging_mixin.py:115} INFO - [2024-09-05 00:37:10,890] {dag.py:2420} INFO - Sync 1 DAGs
[2024-09-05 00:37:10,904] {logging_mixin.py:115} INFO - [2024-09-05 00:37:10,904] {dag.py:2972} INFO - Setting next_dagrun for 7.3-Filesensor to None, run_after=None
[2024-09-05 00:37:10,913] {processor.py:161} INFO - Processing /opt/airflow/dags/7.3-Filesensor.py took 0.052 seconds
[2024-09-05 00:37:41,373] {processor.py:153} INFO - Started process (PID=17095) to work on /opt/airflow/dags/7.3-Filesensor.py
[2024-09-05 00:37:41,374] {processor.py:641} INFO - Processing file /opt/airflow/dags/7.3-Filesensor.py for tasks to queue
[2024-09-05 00:37:41,374] {logging_mixin.py:115} INFO - [2024-09-05 00:37:41,374] {dagbag.py:508} INFO - Filling up the DagBag from /opt/airflow/dags/7.3-Filesensor.py
[2024-09-05 00:37:41,384] {processor.py:651} INFO - DAG(s) dict_keys(['7.3-Filesensor']) retrieved from /opt/airflow/dags/7.3-Filesensor.py
[2024-09-05 00:37:41,405] {logging_mixin.py:115} INFO - [2024-09-05 00:37:41,405] {dag.py:2420} INFO - Sync 1 DAGs
[2024-09-05 00:37:41,417] {logging_mixin.py:115} INFO - [2024-09-05 00:37:41,417] {dag.py:2972} INFO - Setting next_dagrun for 7.3-Filesensor to None, run_after=None
[2024-09-05 00:37:41,426] {processor.py:161} INFO - Processing /opt/airflow/dags/7.3-Filesensor.py took 0.055 seconds
[2024-09-05 00:38:11,882] {processor.py:153} INFO - Started process (PID=17134) to work on /opt/airflow/dags/7.3-Filesensor.py
[2024-09-05 00:38:11,882] {processor.py:641} INFO - Processing file /opt/airflow/dags/7.3-Filesensor.py for tasks to queue
[2024-09-05 00:38:11,883] {logging_mixin.py:115} INFO - [2024-09-05 00:38:11,883] {dagbag.py:508} INFO - Filling up the DagBag from /opt/airflow/dags/7.3-Filesensor.py
[2024-09-05 00:38:11,891] {processor.py:651} INFO - DAG(s) dict_keys(['7.3-Filesensor']) retrieved from /opt/airflow/dags/7.3-Filesensor.py
[2024-09-05 00:38:11,912] {logging_mixin.py:115} INFO - [2024-09-05 00:38:11,912] {dag.py:2420} INFO - Sync 1 DAGs
[2024-09-05 00:38:11,926] {logging_mixin.py:115} INFO - [2024-09-05 00:38:11,926] {dag.py:2972} INFO - Setting next_dagrun for 7.3-Filesensor to None, run_after=None
[2024-09-05 00:38:11,934] {processor.py:161} INFO - Processing /opt/airflow/dags/7.3-Filesensor.py took 0.055 seconds
[2024-09-05 00:38:42,362] {processor.py:153} INFO - Started process (PID=17173) to work on /opt/airflow/dags/7.3-Filesensor.py
[2024-09-05 00:38:42,363] {processor.py:641} INFO - Processing file /opt/airflow/dags/7.3-Filesensor.py for tasks to queue
[2024-09-05 00:38:42,363] {logging_mixin.py:115} INFO - [2024-09-05 00:38:42,363] {dagbag.py:508} INFO - Filling up the DagBag from /opt/airflow/dags/7.3-Filesensor.py
[2024-09-05 00:38:42,370] {processor.py:651} INFO - DAG(s) dict_keys(['7.3-Filesensor']) retrieved from /opt/airflow/dags/7.3-Filesensor.py
[2024-09-05 00:38:42,391] {logging_mixin.py:115} INFO - [2024-09-05 00:38:42,391] {dag.py:2420} INFO - Sync 1 DAGs
[2024-09-05 00:38:42,404] {logging_mixin.py:115} INFO - [2024-09-05 00:38:42,404] {dag.py:2972} INFO - Setting next_dagrun for 7.3-Filesensor to None, run_after=None
[2024-09-05 00:38:42,413] {processor.py:161} INFO - Processing /opt/airflow/dags/7.3-Filesensor.py took 0.053 seconds
[2024-09-05 00:39:12,872] {processor.py:153} INFO - Started process (PID=17211) to work on /opt/airflow/dags/7.3-Filesensor.py
[2024-09-05 00:39:12,872] {processor.py:641} INFO - Processing file /opt/airflow/dags/7.3-Filesensor.py for tasks to queue
[2024-09-05 00:39:12,873] {logging_mixin.py:115} INFO - [2024-09-05 00:39:12,873] {dagbag.py:508} INFO - Filling up the DagBag from /opt/airflow/dags/7.3-Filesensor.py
[2024-09-05 00:39:12,882] {processor.py:651} INFO - DAG(s) dict_keys(['7.3-Filesensor']) retrieved from /opt/airflow/dags/7.3-Filesensor.py
[2024-09-05 00:39:12,905] {logging_mixin.py:115} INFO - [2024-09-05 00:39:12,905] {dag.py:2420} INFO - Sync 1 DAGs
[2024-09-05 00:39:12,918] {logging_mixin.py:115} INFO - [2024-09-05 00:39:12,918] {dag.py:2972} INFO - Setting next_dagrun for 7.3-Filesensor to None, run_after=None
[2024-09-05 00:39:12,926] {processor.py:161} INFO - Processing /opt/airflow/dags/7.3-Filesensor.py took 0.057 seconds
[2024-09-05 00:39:43,340] {processor.py:153} INFO - Started process (PID=17249) to work on /opt/airflow/dags/7.3-Filesensor.py
[2024-09-05 00:39:43,340] {processor.py:641} INFO - Processing file /opt/airflow/dags/7.3-Filesensor.py for tasks to queue
[2024-09-05 00:39:43,340] {logging_mixin.py:115} INFO - [2024-09-05 00:39:43,340] {dagbag.py:508} INFO - Filling up the DagBag from /opt/airflow/dags/7.3-Filesensor.py
[2024-09-05 00:39:43,346] {processor.py:651} INFO - DAG(s) dict_keys(['7.3-Filesensor']) retrieved from /opt/airflow/dags/7.3-Filesensor.py
[2024-09-05 00:39:43,368] {logging_mixin.py:115} INFO - [2024-09-05 00:39:43,368] {dag.py:2420} INFO - Sync 1 DAGs
[2024-09-05 00:39:43,382] {logging_mixin.py:115} INFO - [2024-09-05 00:39:43,382] {dag.py:2972} INFO - Setting next_dagrun for 7.3-Filesensor to None, run_after=None
[2024-09-05 00:39:43,394] {processor.py:161} INFO - Processing /opt/airflow/dags/7.3-Filesensor.py took 0.057 seconds
[2024-09-05 00:40:13,818] {processor.py:153} INFO - Started process (PID=17279) to work on /opt/airflow/dags/7.3-Filesensor.py
[2024-09-05 00:40:13,818] {processor.py:641} INFO - Processing file /opt/airflow/dags/7.3-Filesensor.py for tasks to queue
[2024-09-05 00:40:13,818] {logging_mixin.py:115} INFO - [2024-09-05 00:40:13,818] {dagbag.py:508} INFO - Filling up the DagBag from /opt/airflow/dags/7.3-Filesensor.py
[2024-09-05 00:40:13,825] {processor.py:651} INFO - DAG(s) dict_keys(['7.3-Filesensor']) retrieved from /opt/airflow/dags/7.3-Filesensor.py
[2024-09-05 00:40:13,846] {logging_mixin.py:115} INFO - [2024-09-05 00:40:13,846] {dag.py:2420} INFO - Sync 1 DAGs
[2024-09-05 00:40:13,859] {logging_mixin.py:115} INFO - [2024-09-05 00:40:13,859] {dag.py:2972} INFO - Setting next_dagrun for 7.3-Filesensor to None, run_after=None
[2024-09-05 00:40:13,867] {processor.py:161} INFO - Processing /opt/airflow/dags/7.3-Filesensor.py took 0.052 seconds
[2024-09-05 00:40:44,325] {processor.py:153} INFO - Started process (PID=17318) to work on /opt/airflow/dags/7.3-Filesensor.py
[2024-09-05 00:40:44,325] {processor.py:641} INFO - Processing file /opt/airflow/dags/7.3-Filesensor.py for tasks to queue
[2024-09-05 00:40:44,325] {logging_mixin.py:115} INFO - [2024-09-05 00:40:44,325] {dagbag.py:508} INFO - Filling up the DagBag from /opt/airflow/dags/7.3-Filesensor.py
[2024-09-05 00:40:44,332] {processor.py:651} INFO - DAG(s) dict_keys(['7.3-Filesensor']) retrieved from /opt/airflow/dags/7.3-Filesensor.py
[2024-09-05 00:40:44,354] {logging_mixin.py:115} INFO - [2024-09-05 00:40:44,354] {dag.py:2420} INFO - Sync 1 DAGs
[2024-09-05 00:40:44,368] {logging_mixin.py:115} INFO - [2024-09-05 00:40:44,367] {dag.py:2972} INFO - Setting next_dagrun for 7.3-Filesensor to None, run_after=None
[2024-09-05 00:40:44,376] {processor.py:161} INFO - Processing /opt/airflow/dags/7.3-Filesensor.py took 0.054 seconds
[2024-09-05 00:41:14,828] {processor.py:153} INFO - Started process (PID=17357) to work on /opt/airflow/dags/7.3-Filesensor.py
[2024-09-05 00:41:14,828] {processor.py:641} INFO - Processing file /opt/airflow/dags/7.3-Filesensor.py for tasks to queue
[2024-09-05 00:41:14,828] {logging_mixin.py:115} INFO - [2024-09-05 00:41:14,828] {dagbag.py:508} INFO - Filling up the DagBag from /opt/airflow/dags/7.3-Filesensor.py
[2024-09-05 00:41:14,835] {processor.py:651} INFO - DAG(s) dict_keys(['7.3-Filesensor']) retrieved from /opt/airflow/dags/7.3-Filesensor.py
[2024-09-05 00:41:14,855] {logging_mixin.py:115} INFO - [2024-09-05 00:41:14,855] {dag.py:2420} INFO - Sync 1 DAGs
[2024-09-05 00:41:14,869] {logging_mixin.py:115} INFO - [2024-09-05 00:41:14,869] {dag.py:2972} INFO - Setting next_dagrun for 7.3-Filesensor to None, run_after=None
[2024-09-05 00:41:14,877] {processor.py:161} INFO - Processing /opt/airflow/dags/7.3-Filesensor.py took 0.053 seconds
[2024-09-05 00:41:45,305] {processor.py:153} INFO - Started process (PID=17396) to work on /opt/airflow/dags/7.3-Filesensor.py
[2024-09-05 00:41:45,305] {processor.py:641} INFO - Processing file /opt/airflow/dags/7.3-Filesensor.py for tasks to queue
[2024-09-05 00:41:45,305] {logging_mixin.py:115} INFO - [2024-09-05 00:41:45,305] {dagbag.py:508} INFO - Filling up the DagBag from /opt/airflow/dags/7.3-Filesensor.py
[2024-09-05 00:41:45,312] {processor.py:651} INFO - DAG(s) dict_keys(['7.3-Filesensor']) retrieved from /opt/airflow/dags/7.3-Filesensor.py
[2024-09-05 00:41:45,333] {logging_mixin.py:115} INFO - [2024-09-05 00:41:45,333] {dag.py:2420} INFO - Sync 1 DAGs
[2024-09-05 00:41:45,347] {logging_mixin.py:115} INFO - [2024-09-05 00:41:45,347] {dag.py:2972} INFO - Setting next_dagrun for 7.3-Filesensor to None, run_after=None
[2024-09-05 00:41:45,355] {processor.py:161} INFO - Processing /opt/airflow/dags/7.3-Filesensor.py took 0.053 seconds
[2024-09-05 00:42:15,818] {processor.py:153} INFO - Started process (PID=17435) to work on /opt/airflow/dags/7.3-Filesensor.py
[2024-09-05 00:42:15,819] {processor.py:641} INFO - Processing file /opt/airflow/dags/7.3-Filesensor.py for tasks to queue
[2024-09-05 00:42:15,819] {logging_mixin.py:115} INFO - [2024-09-05 00:42:15,819] {dagbag.py:508} INFO - Filling up the DagBag from /opt/airflow/dags/7.3-Filesensor.py
[2024-09-05 00:42:15,826] {processor.py:651} INFO - DAG(s) dict_keys(['7.3-Filesensor']) retrieved from /opt/airflow/dags/7.3-Filesensor.py
[2024-09-05 00:42:15,847] {logging_mixin.py:115} INFO - [2024-09-05 00:42:15,847] {dag.py:2420} INFO - Sync 1 DAGs
[2024-09-05 00:42:15,860] {logging_mixin.py:115} INFO - [2024-09-05 00:42:15,860] {dag.py:2972} INFO - Setting next_dagrun for 7.3-Filesensor to None, run_after=None
[2024-09-05 00:42:15,868] {processor.py:161} INFO - Processing /opt/airflow/dags/7.3-Filesensor.py took 0.053 seconds
[2024-09-05 00:42:46,333] {processor.py:153} INFO - Started process (PID=17473) to work on /opt/airflow/dags/7.3-Filesensor.py
[2024-09-05 00:42:46,333] {processor.py:641} INFO - Processing file /opt/airflow/dags/7.3-Filesensor.py for tasks to queue
[2024-09-05 00:42:46,334] {logging_mixin.py:115} INFO - [2024-09-05 00:42:46,334] {dagbag.py:508} INFO - Filling up the DagBag from /opt/airflow/dags/7.3-Filesensor.py
[2024-09-05 00:42:46,341] {processor.py:651} INFO - DAG(s) dict_keys(['7.3-Filesensor']) retrieved from /opt/airflow/dags/7.3-Filesensor.py
[2024-09-05 00:42:46,365] {logging_mixin.py:115} INFO - [2024-09-05 00:42:46,365] {dag.py:2420} INFO - Sync 1 DAGs
[2024-09-05 00:42:46,379] {logging_mixin.py:115} INFO - [2024-09-05 00:42:46,379] {dag.py:2972} INFO - Setting next_dagrun for 7.3-Filesensor to None, run_after=None
[2024-09-05 00:42:46,388] {processor.py:161} INFO - Processing /opt/airflow/dags/7.3-Filesensor.py took 0.057 seconds
[2024-09-05 00:43:16,856] {processor.py:153} INFO - Started process (PID=17503) to work on /opt/airflow/dags/7.3-Filesensor.py
[2024-09-05 00:43:16,857] {processor.py:641} INFO - Processing file /opt/airflow/dags/7.3-Filesensor.py for tasks to queue
[2024-09-05 00:43:16,857] {logging_mixin.py:115} INFO - [2024-09-05 00:43:16,857] {dagbag.py:508} INFO - Filling up the DagBag from /opt/airflow/dags/7.3-Filesensor.py
[2024-09-05 00:43:16,864] {processor.py:651} INFO - DAG(s) dict_keys(['7.3-Filesensor']) retrieved from /opt/airflow/dags/7.3-Filesensor.py
[2024-09-05 00:43:16,885] {logging_mixin.py:115} INFO - [2024-09-05 00:43:16,885] {dag.py:2420} INFO - Sync 1 DAGs
[2024-09-05 00:43:16,899] {logging_mixin.py:115} INFO - [2024-09-05 00:43:16,899] {dag.py:2972} INFO - Setting next_dagrun for 7.3-Filesensor to None, run_after=None
[2024-09-05 00:43:16,907] {processor.py:161} INFO - Processing /opt/airflow/dags/7.3-Filesensor.py took 0.052 seconds
[2024-09-05 00:43:47,334] {processor.py:153} INFO - Started process (PID=17541) to work on /opt/airflow/dags/7.3-Filesensor.py
[2024-09-05 00:43:47,335] {processor.py:641} INFO - Processing file /opt/airflow/dags/7.3-Filesensor.py for tasks to queue
[2024-09-05 00:43:47,335] {logging_mixin.py:115} INFO - [2024-09-05 00:43:47,335] {dagbag.py:508} INFO - Filling up the DagBag from /opt/airflow/dags/7.3-Filesensor.py
[2024-09-05 00:43:47,342] {processor.py:651} INFO - DAG(s) dict_keys(['7.3-Filesensor']) retrieved from /opt/airflow/dags/7.3-Filesensor.py
[2024-09-05 00:43:47,366] {logging_mixin.py:115} INFO - [2024-09-05 00:43:47,366] {dag.py:2420} INFO - Sync 1 DAGs
[2024-09-05 00:43:47,382] {logging_mixin.py:115} INFO - [2024-09-05 00:43:47,382] {dag.py:2972} INFO - Setting next_dagrun for 7.3-Filesensor to None, run_after=None
[2024-09-05 00:43:47,391] {processor.py:161} INFO - Processing /opt/airflow/dags/7.3-Filesensor.py took 0.059 seconds
[2024-09-05 00:44:17,823] {processor.py:153} INFO - Started process (PID=17579) to work on /opt/airflow/dags/7.3-Filesensor.py
[2024-09-05 00:44:17,824] {processor.py:641} INFO - Processing file /opt/airflow/dags/7.3-Filesensor.py for tasks to queue
[2024-09-05 00:44:17,825] {logging_mixin.py:115} INFO - [2024-09-05 00:44:17,824] {dagbag.py:508} INFO - Filling up the DagBag from /opt/airflow/dags/7.3-Filesensor.py
[2024-09-05 00:44:17,832] {processor.py:651} INFO - DAG(s) dict_keys(['7.3-Filesensor']) retrieved from /opt/airflow/dags/7.3-Filesensor.py
[2024-09-05 00:44:17,853] {logging_mixin.py:115} INFO - [2024-09-05 00:44:17,853] {dag.py:2420} INFO - Sync 1 DAGs
[2024-09-05 00:44:17,867] {logging_mixin.py:115} INFO - [2024-09-05 00:44:17,867] {dag.py:2972} INFO - Setting next_dagrun for 7.3-Filesensor to None, run_after=None
[2024-09-05 00:44:17,875] {processor.py:161} INFO - Processing /opt/airflow/dags/7.3-Filesensor.py took 0.054 seconds
[2024-09-05 00:44:48,309] {processor.py:153} INFO - Started process (PID=17618) to work on /opt/airflow/dags/7.3-Filesensor.py
[2024-09-05 00:44:48,312] {processor.py:641} INFO - Processing file /opt/airflow/dags/7.3-Filesensor.py for tasks to queue
[2024-09-05 00:44:48,313] {logging_mixin.py:115} INFO - [2024-09-05 00:44:48,313] {dagbag.py:508} INFO - Filling up the DagBag from /opt/airflow/dags/7.3-Filesensor.py
[2024-09-05 00:44:48,320] {processor.py:651} INFO - DAG(s) dict_keys(['7.3-Filesensor']) retrieved from /opt/airflow/dags/7.3-Filesensor.py
[2024-09-05 00:44:48,341] {logging_mixin.py:115} INFO - [2024-09-05 00:44:48,340] {dag.py:2420} INFO - Sync 1 DAGs
[2024-09-05 00:44:48,354] {logging_mixin.py:115} INFO - [2024-09-05 00:44:48,354] {dag.py:2972} INFO - Setting next_dagrun for 7.3-Filesensor to None, run_after=None
[2024-09-05 00:44:48,363] {processor.py:161} INFO - Processing /opt/airflow/dags/7.3-Filesensor.py took 0.056 seconds
[2024-09-05 00:45:18,830] {processor.py:153} INFO - Started process (PID=17657) to work on /opt/airflow/dags/7.3-Filesensor.py
[2024-09-05 00:45:18,831] {processor.py:641} INFO - Processing file /opt/airflow/dags/7.3-Filesensor.py for tasks to queue
[2024-09-05 00:45:18,831] {logging_mixin.py:115} INFO - [2024-09-05 00:45:18,831] {dagbag.py:508} INFO - Filling up the DagBag from /opt/airflow/dags/7.3-Filesensor.py
[2024-09-05 00:45:18,839] {processor.py:651} INFO - DAG(s) dict_keys(['7.3-Filesensor']) retrieved from /opt/airflow/dags/7.3-Filesensor.py
[2024-09-05 00:45:18,861] {logging_mixin.py:115} INFO - [2024-09-05 00:45:18,860] {dag.py:2420} INFO - Sync 1 DAGs
[2024-09-05 00:45:18,874] {logging_mixin.py:115} INFO - [2024-09-05 00:45:18,874] {dag.py:2972} INFO - Setting next_dagrun for 7.3-Filesensor to None, run_after=None
[2024-09-05 00:45:18,883] {processor.py:161} INFO - Processing /opt/airflow/dags/7.3-Filesensor.py took 0.057 seconds
[2024-09-05 00:45:49,320] {processor.py:153} INFO - Started process (PID=17696) to work on /opt/airflow/dags/7.3-Filesensor.py
[2024-09-05 00:45:49,321] {processor.py:641} INFO - Processing file /opt/airflow/dags/7.3-Filesensor.py for tasks to queue
[2024-09-05 00:45:49,321] {logging_mixin.py:115} INFO - [2024-09-05 00:45:49,321] {dagbag.py:508} INFO - Filling up the DagBag from /opt/airflow/dags/7.3-Filesensor.py
[2024-09-05 00:45:49,329] {processor.py:651} INFO - DAG(s) dict_keys(['7.3-Filesensor']) retrieved from /opt/airflow/dags/7.3-Filesensor.py
[2024-09-05 00:45:49,351] {logging_mixin.py:115} INFO - [2024-09-05 00:45:49,351] {dag.py:2420} INFO - Sync 1 DAGs
[2024-09-05 00:45:49,365] {logging_mixin.py:115} INFO - [2024-09-05 00:45:49,365] {dag.py:2972} INFO - Setting next_dagrun for 7.3-Filesensor to None, run_after=None
[2024-09-05 00:45:49,374] {processor.py:161} INFO - Processing /opt/airflow/dags/7.3-Filesensor.py took 0.055 seconds
[2024-09-05 00:46:19,805] {processor.py:153} INFO - Started process (PID=17726) to work on /opt/airflow/dags/7.3-Filesensor.py
[2024-09-05 00:46:19,805] {processor.py:641} INFO - Processing file /opt/airflow/dags/7.3-Filesensor.py for tasks to queue
[2024-09-05 00:46:19,805] {logging_mixin.py:115} INFO - [2024-09-05 00:46:19,805] {dagbag.py:508} INFO - Filling up the DagBag from /opt/airflow/dags/7.3-Filesensor.py
[2024-09-05 00:46:19,813] {processor.py:651} INFO - DAG(s) dict_keys(['7.3-Filesensor']) retrieved from /opt/airflow/dags/7.3-Filesensor.py
[2024-09-05 00:46:19,834] {logging_mixin.py:115} INFO - [2024-09-05 00:46:19,834] {dag.py:2420} INFO - Sync 1 DAGs
[2024-09-05 00:46:19,848] {logging_mixin.py:115} INFO - [2024-09-05 00:46:19,848] {dag.py:2972} INFO - Setting next_dagrun for 7.3-Filesensor to None, run_after=None
[2024-09-05 00:46:19,856] {processor.py:161} INFO - Processing /opt/airflow/dags/7.3-Filesensor.py took 0.053 seconds
[2024-09-05 00:46:50,277] {processor.py:153} INFO - Started process (PID=17765) to work on /opt/airflow/dags/7.3-Filesensor.py
[2024-09-05 00:46:50,278] {processor.py:641} INFO - Processing file /opt/airflow/dags/7.3-Filesensor.py for tasks to queue
[2024-09-05 00:46:50,278] {logging_mixin.py:115} INFO - [2024-09-05 00:46:50,278] {dagbag.py:508} INFO - Filling up the DagBag from /opt/airflow/dags/7.3-Filesensor.py
[2024-09-05 00:46:50,284] {processor.py:651} INFO - DAG(s) dict_keys(['7.3-Filesensor']) retrieved from /opt/airflow/dags/7.3-Filesensor.py
[2024-09-05 00:46:50,305] {logging_mixin.py:115} INFO - [2024-09-05 00:46:50,305] {dag.py:2420} INFO - Sync 1 DAGs
[2024-09-05 00:46:50,319] {logging_mixin.py:115} INFO - [2024-09-05 00:46:50,319] {dag.py:2972} INFO - Setting next_dagrun for 7.3-Filesensor to None, run_after=None
[2024-09-05 00:46:50,329] {processor.py:161} INFO - Processing /opt/airflow/dags/7.3-Filesensor.py took 0.054 seconds
[2024-09-05 00:47:20,795] {processor.py:153} INFO - Started process (PID=17804) to work on /opt/airflow/dags/7.3-Filesensor.py
[2024-09-05 00:47:20,795] {processor.py:641} INFO - Processing file /opt/airflow/dags/7.3-Filesensor.py for tasks to queue
[2024-09-05 00:47:20,796] {logging_mixin.py:115} INFO - [2024-09-05 00:47:20,795] {dagbag.py:508} INFO - Filling up the DagBag from /opt/airflow/dags/7.3-Filesensor.py
[2024-09-05 00:47:20,802] {processor.py:651} INFO - DAG(s) dict_keys(['7.3-Filesensor']) retrieved from /opt/airflow/dags/7.3-Filesensor.py
[2024-09-05 00:47:20,824] {logging_mixin.py:115} INFO - [2024-09-05 00:47:20,824] {dag.py:2420} INFO - Sync 1 DAGs
[2024-09-05 00:47:20,837] {logging_mixin.py:115} INFO - [2024-09-05 00:47:20,837] {dag.py:2972} INFO - Setting next_dagrun for 7.3-Filesensor to None, run_after=None
[2024-09-05 00:47:20,846] {processor.py:161} INFO - Processing /opt/airflow/dags/7.3-Filesensor.py took 0.053 seconds
[2024-09-05 00:47:51,314] {processor.py:153} INFO - Started process (PID=17843) to work on /opt/airflow/dags/7.3-Filesensor.py
[2024-09-05 00:47:51,314] {processor.py:641} INFO - Processing file /opt/airflow/dags/7.3-Filesensor.py for tasks to queue
[2024-09-05 00:47:51,315] {logging_mixin.py:115} INFO - [2024-09-05 00:47:51,315] {dagbag.py:508} INFO - Filling up the DagBag from /opt/airflow/dags/7.3-Filesensor.py
[2024-09-05 00:47:51,322] {processor.py:651} INFO - DAG(s) dict_keys(['7.3-Filesensor']) retrieved from /opt/airflow/dags/7.3-Filesensor.py
[2024-09-05 00:47:51,345] {logging_mixin.py:115} INFO - [2024-09-05 00:47:51,345] {dag.py:2420} INFO - Sync 1 DAGs
[2024-09-05 00:47:51,359] {logging_mixin.py:115} INFO - [2024-09-05 00:47:51,359] {dag.py:2972} INFO - Setting next_dagrun for 7.3-Filesensor to None, run_after=None
[2024-09-05 00:47:51,369] {processor.py:161} INFO - Processing /opt/airflow/dags/7.3-Filesensor.py took 0.057 seconds
[2024-09-05 00:48:21,820] {processor.py:153} INFO - Started process (PID=17882) to work on /opt/airflow/dags/7.3-Filesensor.py
[2024-09-05 00:48:21,820] {processor.py:641} INFO - Processing file /opt/airflow/dags/7.3-Filesensor.py for tasks to queue
[2024-09-05 00:48:21,821] {logging_mixin.py:115} INFO - [2024-09-05 00:48:21,821] {dagbag.py:508} INFO - Filling up the DagBag from /opt/airflow/dags/7.3-Filesensor.py
[2024-09-05 00:48:21,828] {processor.py:651} INFO - DAG(s) dict_keys(['7.3-Filesensor']) retrieved from /opt/airflow/dags/7.3-Filesensor.py
[2024-09-05 00:48:21,849] {logging_mixin.py:115} INFO - [2024-09-05 00:48:21,849] {dag.py:2420} INFO - Sync 1 DAGs
[2024-09-05 00:48:21,863] {logging_mixin.py:115} INFO - [2024-09-05 00:48:21,863] {dag.py:2972} INFO - Setting next_dagrun for 7.3-Filesensor to None, run_after=None
[2024-09-05 00:48:21,870] {processor.py:161} INFO - Processing /opt/airflow/dags/7.3-Filesensor.py took 0.053 seconds
[2024-09-05 00:48:52,338] {processor.py:153} INFO - Started process (PID=17921) to work on /opt/airflow/dags/7.3-Filesensor.py
[2024-09-05 00:48:52,338] {processor.py:641} INFO - Processing file /opt/airflow/dags/7.3-Filesensor.py for tasks to queue
[2024-09-05 00:48:52,339] {logging_mixin.py:115} INFO - [2024-09-05 00:48:52,339] {dagbag.py:508} INFO - Filling up the DagBag from /opt/airflow/dags/7.3-Filesensor.py
[2024-09-05 00:48:52,346] {processor.py:651} INFO - DAG(s) dict_keys(['7.3-Filesensor']) retrieved from /opt/airflow/dags/7.3-Filesensor.py
[2024-09-05 00:48:52,369] {logging_mixin.py:115} INFO - [2024-09-05 00:48:52,369] {dag.py:2420} INFO - Sync 1 DAGs
[2024-09-05 00:48:52,385] {logging_mixin.py:115} INFO - [2024-09-05 00:48:52,385] {dag.py:2972} INFO - Setting next_dagrun for 7.3-Filesensor to None, run_after=None
[2024-09-05 00:48:52,395] {processor.py:161} INFO - Processing /opt/airflow/dags/7.3-Filesensor.py took 0.059 seconds
[2024-09-05 00:49:22,838] {processor.py:153} INFO - Started process (PID=17950) to work on /opt/airflow/dags/7.3-Filesensor.py
[2024-09-05 00:49:22,838] {processor.py:641} INFO - Processing file /opt/airflow/dags/7.3-Filesensor.py for tasks to queue
[2024-09-05 00:49:22,838] {logging_mixin.py:115} INFO - [2024-09-05 00:49:22,838] {dagbag.py:508} INFO - Filling up the DagBag from /opt/airflow/dags/7.3-Filesensor.py
[2024-09-05 00:49:22,845] {processor.py:651} INFO - DAG(s) dict_keys(['7.3-Filesensor']) retrieved from /opt/airflow/dags/7.3-Filesensor.py
[2024-09-05 00:49:22,868] {logging_mixin.py:115} INFO - [2024-09-05 00:49:22,868] {dag.py:2420} INFO - Sync 1 DAGs
[2024-09-05 00:49:22,883] {logging_mixin.py:115} INFO - [2024-09-05 00:49:22,883] {dag.py:2972} INFO - Setting next_dagrun for 7.3-Filesensor to None, run_after=None
[2024-09-05 00:49:22,892] {processor.py:161} INFO - Processing /opt/airflow/dags/7.3-Filesensor.py took 0.056 seconds
[2024-09-05 00:49:53,359] {processor.py:153} INFO - Started process (PID=17989) to work on /opt/airflow/dags/7.3-Filesensor.py
[2024-09-05 00:49:53,360] {processor.py:641} INFO - Processing file /opt/airflow/dags/7.3-Filesensor.py for tasks to queue
[2024-09-05 00:49:53,360] {logging_mixin.py:115} INFO - [2024-09-05 00:49:53,360] {dagbag.py:508} INFO - Filling up the DagBag from /opt/airflow/dags/7.3-Filesensor.py
[2024-09-05 00:49:53,367] {processor.py:651} INFO - DAG(s) dict_keys(['7.3-Filesensor']) retrieved from /opt/airflow/dags/7.3-Filesensor.py
[2024-09-05 00:49:53,388] {logging_mixin.py:115} INFO - [2024-09-05 00:49:53,388] {dag.py:2420} INFO - Sync 1 DAGs
[2024-09-05 00:49:53,402] {logging_mixin.py:115} INFO - [2024-09-05 00:49:53,402] {dag.py:2972} INFO - Setting next_dagrun for 7.3-Filesensor to None, run_after=None
[2024-09-05 00:49:53,411] {processor.py:161} INFO - Processing /opt/airflow/dags/7.3-Filesensor.py took 0.053 seconds
[2024-09-05 00:50:23,859] {processor.py:153} INFO - Started process (PID=18027) to work on /opt/airflow/dags/7.3-Filesensor.py
[2024-09-05 00:50:23,860] {processor.py:641} INFO - Processing file /opt/airflow/dags/7.3-Filesensor.py for tasks to queue
[2024-09-05 00:50:23,860] {logging_mixin.py:115} INFO - [2024-09-05 00:50:23,860] {dagbag.py:508} INFO - Filling up the DagBag from /opt/airflow/dags/7.3-Filesensor.py
[2024-09-05 00:50:23,866] {processor.py:651} INFO - DAG(s) dict_keys(['7.3-Filesensor']) retrieved from /opt/airflow/dags/7.3-Filesensor.py
[2024-09-05 00:50:23,891] {logging_mixin.py:115} INFO - [2024-09-05 00:50:23,891] {dag.py:2420} INFO - Sync 1 DAGs
[2024-09-05 00:50:23,904] {logging_mixin.py:115} INFO - [2024-09-05 00:50:23,904] {dag.py:2972} INFO - Setting next_dagrun for 7.3-Filesensor to None, run_after=None
[2024-09-05 00:50:23,911] {processor.py:161} INFO - Processing /opt/airflow/dags/7.3-Filesensor.py took 0.054 seconds
[2024-09-05 00:50:54,335] {processor.py:153} INFO - Started process (PID=18066) to work on /opt/airflow/dags/7.3-Filesensor.py
[2024-09-05 00:50:54,335] {processor.py:641} INFO - Processing file /opt/airflow/dags/7.3-Filesensor.py for tasks to queue
[2024-09-05 00:50:54,336] {logging_mixin.py:115} INFO - [2024-09-05 00:50:54,335] {dagbag.py:508} INFO - Filling up the DagBag from /opt/airflow/dags/7.3-Filesensor.py
[2024-09-05 00:50:54,342] {processor.py:651} INFO - DAG(s) dict_keys(['7.3-Filesensor']) retrieved from /opt/airflow/dags/7.3-Filesensor.py
[2024-09-05 00:50:54,363] {logging_mixin.py:115} INFO - [2024-09-05 00:50:54,363] {dag.py:2420} INFO - Sync 1 DAGs
[2024-09-05 00:50:54,377] {logging_mixin.py:115} INFO - [2024-09-05 00:50:54,377] {dag.py:2972} INFO - Setting next_dagrun for 7.3-Filesensor to None, run_after=None
[2024-09-05 00:50:54,385] {processor.py:161} INFO - Processing /opt/airflow/dags/7.3-Filesensor.py took 0.052 seconds
[2024-09-05 00:51:24,801] {processor.py:153} INFO - Started process (PID=18105) to work on /opt/airflow/dags/7.3-Filesensor.py
[2024-09-05 00:51:24,801] {processor.py:641} INFO - Processing file /opt/airflow/dags/7.3-Filesensor.py for tasks to queue
[2024-09-05 00:51:24,801] {logging_mixin.py:115} INFO - [2024-09-05 00:51:24,801] {dagbag.py:508} INFO - Filling up the DagBag from /opt/airflow/dags/7.3-Filesensor.py
[2024-09-05 00:51:24,809] {processor.py:651} INFO - DAG(s) dict_keys(['7.3-Filesensor']) retrieved from /opt/airflow/dags/7.3-Filesensor.py
[2024-09-05 00:51:24,830] {logging_mixin.py:115} INFO - [2024-09-05 00:51:24,830] {dag.py:2420} INFO - Sync 1 DAGs
[2024-09-05 00:51:24,843] {logging_mixin.py:115} INFO - [2024-09-05 00:51:24,843] {dag.py:2972} INFO - Setting next_dagrun for 7.3-Filesensor to None, run_after=None
[2024-09-05 00:51:24,851] {processor.py:161} INFO - Processing /opt/airflow/dags/7.3-Filesensor.py took 0.054 seconds
[2024-09-05 00:51:55,313] {processor.py:153} INFO - Started process (PID=18142) to work on /opt/airflow/dags/7.3-Filesensor.py
[2024-09-05 00:51:55,313] {processor.py:641} INFO - Processing file /opt/airflow/dags/7.3-Filesensor.py for tasks to queue
[2024-09-05 00:51:55,313] {logging_mixin.py:115} INFO - [2024-09-05 00:51:55,313] {dagbag.py:508} INFO - Filling up the DagBag from /opt/airflow/dags/7.3-Filesensor.py
[2024-09-05 00:51:55,323] {processor.py:651} INFO - DAG(s) dict_keys(['7.3-Filesensor']) retrieved from /opt/airflow/dags/7.3-Filesensor.py
[2024-09-05 00:51:55,350] {logging_mixin.py:115} INFO - [2024-09-05 00:51:55,349] {dag.py:2420} INFO - Sync 1 DAGs
[2024-09-05 00:51:55,367] {logging_mixin.py:115} INFO - [2024-09-05 00:51:55,367] {dag.py:2972} INFO - Setting next_dagrun for 7.3-Filesensor to None, run_after=None
[2024-09-05 00:51:55,377] {processor.py:161} INFO - Processing /opt/airflow/dags/7.3-Filesensor.py took 0.066 seconds
[2024-09-05 00:52:25,860] {processor.py:153} INFO - Started process (PID=18174) to work on /opt/airflow/dags/7.3-Filesensor.py
[2024-09-05 00:52:25,861] {processor.py:641} INFO - Processing file /opt/airflow/dags/7.3-Filesensor.py for tasks to queue
[2024-09-05 00:52:25,861] {logging_mixin.py:115} INFO - [2024-09-05 00:52:25,861] {dagbag.py:508} INFO - Filling up the DagBag from /opt/airflow/dags/7.3-Filesensor.py
[2024-09-05 00:52:25,868] {processor.py:651} INFO - DAG(s) dict_keys(['7.3-Filesensor']) retrieved from /opt/airflow/dags/7.3-Filesensor.py
[2024-09-05 00:52:25,890] {logging_mixin.py:115} INFO - [2024-09-05 00:52:25,890] {dag.py:2420} INFO - Sync 1 DAGs
[2024-09-05 00:52:25,905] {logging_mixin.py:115} INFO - [2024-09-05 00:52:25,905] {dag.py:2972} INFO - Setting next_dagrun for 7.3-Filesensor to None, run_after=None
[2024-09-05 00:52:25,914] {processor.py:161} INFO - Processing /opt/airflow/dags/7.3-Filesensor.py took 0.056 seconds
[2024-09-05 00:52:56,337] {processor.py:153} INFO - Started process (PID=18212) to work on /opt/airflow/dags/7.3-Filesensor.py
[2024-09-05 00:52:56,337] {processor.py:641} INFO - Processing file /opt/airflow/dags/7.3-Filesensor.py for tasks to queue
[2024-09-05 00:52:56,337] {logging_mixin.py:115} INFO - [2024-09-05 00:52:56,337] {dagbag.py:508} INFO - Filling up the DagBag from /opt/airflow/dags/7.3-Filesensor.py
[2024-09-05 00:52:56,343] {processor.py:651} INFO - DAG(s) dict_keys(['7.3-Filesensor']) retrieved from /opt/airflow/dags/7.3-Filesensor.py
[2024-09-05 00:52:56,366] {logging_mixin.py:115} INFO - [2024-09-05 00:52:56,366] {dag.py:2420} INFO - Sync 1 DAGs
[2024-09-05 00:52:56,379] {logging_mixin.py:115} INFO - [2024-09-05 00:52:56,379] {dag.py:2972} INFO - Setting next_dagrun for 7.3-Filesensor to None, run_after=None
[2024-09-05 00:52:56,387] {processor.py:161} INFO - Processing /opt/airflow/dags/7.3-Filesensor.py took 0.052 seconds
[2024-09-05 00:53:26,855] {processor.py:153} INFO - Started process (PID=18251) to work on /opt/airflow/dags/7.3-Filesensor.py
[2024-09-05 00:53:26,856] {processor.py:641} INFO - Processing file /opt/airflow/dags/7.3-Filesensor.py for tasks to queue
[2024-09-05 00:53:26,856] {logging_mixin.py:115} INFO - [2024-09-05 00:53:26,856] {dagbag.py:508} INFO - Filling up the DagBag from /opt/airflow/dags/7.3-Filesensor.py
[2024-09-05 00:53:26,863] {processor.py:651} INFO - DAG(s) dict_keys(['7.3-Filesensor']) retrieved from /opt/airflow/dags/7.3-Filesensor.py
[2024-09-05 00:53:26,885] {logging_mixin.py:115} INFO - [2024-09-05 00:53:26,885] {dag.py:2420} INFO - Sync 1 DAGs
[2024-09-05 00:53:26,898] {logging_mixin.py:115} INFO - [2024-09-05 00:53:26,898] {dag.py:2972} INFO - Setting next_dagrun for 7.3-Filesensor to None, run_after=None
[2024-09-05 00:53:26,905] {processor.py:161} INFO - Processing /opt/airflow/dags/7.3-Filesensor.py took 0.052 seconds
[2024-09-05 00:53:57,360] {processor.py:153} INFO - Started process (PID=18290) to work on /opt/airflow/dags/7.3-Filesensor.py
[2024-09-05 00:53:57,361] {processor.py:641} INFO - Processing file /opt/airflow/dags/7.3-Filesensor.py for tasks to queue
[2024-09-05 00:53:57,361] {logging_mixin.py:115} INFO - [2024-09-05 00:53:57,361] {dagbag.py:508} INFO - Filling up the DagBag from /opt/airflow/dags/7.3-Filesensor.py
[2024-09-05 00:53:57,373] {processor.py:651} INFO - DAG(s) dict_keys(['7.3-Filesensor']) retrieved from /opt/airflow/dags/7.3-Filesensor.py
[2024-09-05 00:53:57,396] {logging_mixin.py:115} INFO - [2024-09-05 00:53:57,396] {dag.py:2420} INFO - Sync 1 DAGs
[2024-09-05 00:53:57,409] {logging_mixin.py:115} INFO - [2024-09-05 00:53:57,409] {dag.py:2972} INFO - Setting next_dagrun for 7.3-Filesensor to None, run_after=None
[2024-09-05 00:53:57,417] {processor.py:161} INFO - Processing /opt/airflow/dags/7.3-Filesensor.py took 0.059 seconds
[2024-09-05 00:54:27,823] {processor.py:153} INFO - Started process (PID=18326) to work on /opt/airflow/dags/7.3-Filesensor.py
[2024-09-05 00:54:27,824] {processor.py:641} INFO - Processing file /opt/airflow/dags/7.3-Filesensor.py for tasks to queue
[2024-09-05 00:54:27,824] {logging_mixin.py:115} INFO - [2024-09-05 00:54:27,824] {dagbag.py:508} INFO - Filling up the DagBag from /opt/airflow/dags/7.3-Filesensor.py
[2024-09-05 00:54:27,831] {processor.py:651} INFO - DAG(s) dict_keys(['7.3-Filesensor']) retrieved from /opt/airflow/dags/7.3-Filesensor.py
[2024-09-05 00:54:27,859] {logging_mixin.py:115} INFO - [2024-09-05 00:54:27,859] {dag.py:2420} INFO - Sync 1 DAGs
[2024-09-05 00:54:27,873] {logging_mixin.py:115} INFO - [2024-09-05 00:54:27,873] {dag.py:2972} INFO - Setting next_dagrun for 7.3-Filesensor to None, run_after=None
[2024-09-05 00:54:27,880] {processor.py:161} INFO - Processing /opt/airflow/dags/7.3-Filesensor.py took 0.059 seconds
[2024-09-05 00:54:58,302] {processor.py:153} INFO - Started process (PID=18356) to work on /opt/airflow/dags/7.3-Filesensor.py
[2024-09-05 00:54:58,306] {processor.py:641} INFO - Processing file /opt/airflow/dags/7.3-Filesensor.py for tasks to queue
[2024-09-05 00:54:58,306] {logging_mixin.py:115} INFO - [2024-09-05 00:54:58,306] {dagbag.py:508} INFO - Filling up the DagBag from /opt/airflow/dags/7.3-Filesensor.py
[2024-09-05 00:54:58,315] {processor.py:651} INFO - DAG(s) dict_keys(['7.3-Filesensor']) retrieved from /opt/airflow/dags/7.3-Filesensor.py
[2024-09-05 00:54:58,337] {logging_mixin.py:115} INFO - [2024-09-05 00:54:58,337] {dag.py:2420} INFO - Sync 1 DAGs
[2024-09-05 00:54:58,351] {logging_mixin.py:115} INFO - [2024-09-05 00:54:58,351] {dag.py:2972} INFO - Setting next_dagrun for 7.3-Filesensor to None, run_after=None
[2024-09-05 00:54:58,362] {processor.py:161} INFO - Processing /opt/airflow/dags/7.3-Filesensor.py took 0.061 seconds
[2024-09-05 00:55:28,784] {processor.py:153} INFO - Started process (PID=18395) to work on /opt/airflow/dags/7.3-Filesensor.py
[2024-09-05 00:55:28,784] {processor.py:641} INFO - Processing file /opt/airflow/dags/7.3-Filesensor.py for tasks to queue
[2024-09-05 00:55:28,785] {logging_mixin.py:115} INFO - [2024-09-05 00:55:28,785] {dagbag.py:508} INFO - Filling up the DagBag from /opt/airflow/dags/7.3-Filesensor.py
[2024-09-05 00:55:28,791] {processor.py:651} INFO - DAG(s) dict_keys(['7.3-Filesensor']) retrieved from /opt/airflow/dags/7.3-Filesensor.py
[2024-09-05 00:55:28,812] {logging_mixin.py:115} INFO - [2024-09-05 00:55:28,812] {dag.py:2420} INFO - Sync 1 DAGs
[2024-09-05 00:55:28,826] {logging_mixin.py:115} INFO - [2024-09-05 00:55:28,826] {dag.py:2972} INFO - Setting next_dagrun for 7.3-Filesensor to None, run_after=None
[2024-09-05 00:55:28,834] {processor.py:161} INFO - Processing /opt/airflow/dags/7.3-Filesensor.py took 0.052 seconds
[2024-09-05 00:55:59,297] {processor.py:153} INFO - Started process (PID=18434) to work on /opt/airflow/dags/7.3-Filesensor.py
[2024-09-05 00:55:59,297] {processor.py:641} INFO - Processing file /opt/airflow/dags/7.3-Filesensor.py for tasks to queue
[2024-09-05 00:55:59,298] {logging_mixin.py:115} INFO - [2024-09-05 00:55:59,298] {dagbag.py:508} INFO - Filling up the DagBag from /opt/airflow/dags/7.3-Filesensor.py
[2024-09-05 00:55:59,307] {processor.py:651} INFO - DAG(s) dict_keys(['7.3-Filesensor']) retrieved from /opt/airflow/dags/7.3-Filesensor.py
[2024-09-05 00:55:59,327] {logging_mixin.py:115} INFO - [2024-09-05 00:55:59,327] {dag.py:2420} INFO - Sync 1 DAGs
[2024-09-05 00:55:59,342] {logging_mixin.py:115} INFO - [2024-09-05 00:55:59,342] {dag.py:2972} INFO - Setting next_dagrun for 7.3-Filesensor to None, run_after=None
[2024-09-05 00:55:59,350] {processor.py:161} INFO - Processing /opt/airflow/dags/7.3-Filesensor.py took 0.055 seconds
[2024-09-05 00:56:29,775] {processor.py:153} INFO - Started process (PID=18472) to work on /opt/airflow/dags/7.3-Filesensor.py
[2024-09-05 00:56:29,775] {processor.py:641} INFO - Processing file /opt/airflow/dags/7.3-Filesensor.py for tasks to queue
[2024-09-05 00:56:29,776] {logging_mixin.py:115} INFO - [2024-09-05 00:56:29,776] {dagbag.py:508} INFO - Filling up the DagBag from /opt/airflow/dags/7.3-Filesensor.py
[2024-09-05 00:56:29,783] {processor.py:651} INFO - DAG(s) dict_keys(['7.3-Filesensor']) retrieved from /opt/airflow/dags/7.3-Filesensor.py
[2024-09-05 00:56:29,803] {logging_mixin.py:115} INFO - [2024-09-05 00:56:29,803] {dag.py:2420} INFO - Sync 1 DAGs
[2024-09-05 00:56:29,816] {logging_mixin.py:115} INFO - [2024-09-05 00:56:29,816] {dag.py:2972} INFO - Setting next_dagrun for 7.3-Filesensor to None, run_after=None
[2024-09-05 00:56:29,826] {processor.py:161} INFO - Processing /opt/airflow/dags/7.3-Filesensor.py took 0.054 seconds
[2024-09-05 00:57:00,276] {processor.py:153} INFO - Started process (PID=18510) to work on /opt/airflow/dags/7.3-Filesensor.py
[2024-09-05 00:57:00,277] {processor.py:641} INFO - Processing file /opt/airflow/dags/7.3-Filesensor.py for tasks to queue
[2024-09-05 00:57:00,277] {logging_mixin.py:115} INFO - [2024-09-05 00:57:00,277] {dagbag.py:508} INFO - Filling up the DagBag from /opt/airflow/dags/7.3-Filesensor.py
[2024-09-05 00:57:00,284] {processor.py:651} INFO - DAG(s) dict_keys(['7.3-Filesensor']) retrieved from /opt/airflow/dags/7.3-Filesensor.py
[2024-09-05 00:57:00,305] {logging_mixin.py:115} INFO - [2024-09-05 00:57:00,305] {dag.py:2420} INFO - Sync 1 DAGs
[2024-09-05 00:57:00,318] {logging_mixin.py:115} INFO - [2024-09-05 00:57:00,318] {dag.py:2972} INFO - Setting next_dagrun for 7.3-Filesensor to None, run_after=None
[2024-09-05 00:57:00,327] {processor.py:161} INFO - Processing /opt/airflow/dags/7.3-Filesensor.py took 0.053 seconds
[2024-09-05 00:57:30,752] {processor.py:153} INFO - Started process (PID=18548) to work on /opt/airflow/dags/7.3-Filesensor.py
[2024-09-05 00:57:30,752] {processor.py:641} INFO - Processing file /opt/airflow/dags/7.3-Filesensor.py for tasks to queue
[2024-09-05 00:57:30,753] {logging_mixin.py:115} INFO - [2024-09-05 00:57:30,753] {dagbag.py:508} INFO - Filling up the DagBag from /opt/airflow/dags/7.3-Filesensor.py
[2024-09-05 00:57:30,760] {processor.py:651} INFO - DAG(s) dict_keys(['7.3-Filesensor']) retrieved from /opt/airflow/dags/7.3-Filesensor.py
[2024-09-05 00:57:30,784] {logging_mixin.py:115} INFO - [2024-09-05 00:57:30,784] {dag.py:2420} INFO - Sync 1 DAGs
[2024-09-05 00:57:30,798] {logging_mixin.py:115} INFO - [2024-09-05 00:57:30,798] {dag.py:2972} INFO - Setting next_dagrun for 7.3-Filesensor to None, run_after=None
[2024-09-05 00:57:30,806] {processor.py:161} INFO - Processing /opt/airflow/dags/7.3-Filesensor.py took 0.056 seconds
[2024-09-05 00:58:01,256] {processor.py:153} INFO - Started process (PID=18578) to work on /opt/airflow/dags/7.3-Filesensor.py
[2024-09-05 00:58:01,256] {processor.py:641} INFO - Processing file /opt/airflow/dags/7.3-Filesensor.py for tasks to queue
[2024-09-05 00:58:01,257] {logging_mixin.py:115} INFO - [2024-09-05 00:58:01,257] {dagbag.py:508} INFO - Filling up the DagBag from /opt/airflow/dags/7.3-Filesensor.py
[2024-09-05 00:58:01,263] {processor.py:651} INFO - DAG(s) dict_keys(['7.3-Filesensor']) retrieved from /opt/airflow/dags/7.3-Filesensor.py
[2024-09-05 00:58:01,286] {logging_mixin.py:115} INFO - [2024-09-05 00:58:01,286] {dag.py:2420} INFO - Sync 1 DAGs
[2024-09-05 00:58:01,303] {logging_mixin.py:115} INFO - [2024-09-05 00:58:01,303] {dag.py:2972} INFO - Setting next_dagrun for 7.3-Filesensor to None, run_after=None
[2024-09-05 00:58:01,311] {processor.py:161} INFO - Processing /opt/airflow/dags/7.3-Filesensor.py took 0.057 seconds
[2024-09-05 00:58:31,731] {processor.py:153} INFO - Started process (PID=18616) to work on /opt/airflow/dags/7.3-Filesensor.py
[2024-09-05 00:58:31,731] {processor.py:641} INFO - Processing file /opt/airflow/dags/7.3-Filesensor.py for tasks to queue
[2024-09-05 00:58:31,732] {logging_mixin.py:115} INFO - [2024-09-05 00:58:31,732] {dagbag.py:508} INFO - Filling up the DagBag from /opt/airflow/dags/7.3-Filesensor.py
[2024-09-05 00:58:31,739] {processor.py:651} INFO - DAG(s) dict_keys(['7.3-Filesensor']) retrieved from /opt/airflow/dags/7.3-Filesensor.py
[2024-09-05 00:58:31,759] {logging_mixin.py:115} INFO - [2024-09-05 00:58:31,759] {dag.py:2420} INFO - Sync 1 DAGs
[2024-09-05 00:58:31,773] {logging_mixin.py:115} INFO - [2024-09-05 00:58:31,773] {dag.py:2972} INFO - Setting next_dagrun for 7.3-Filesensor to None, run_after=None
[2024-09-05 00:58:31,781] {processor.py:161} INFO - Processing /opt/airflow/dags/7.3-Filesensor.py took 0.052 seconds
[2024-09-05 00:59:02,191] {processor.py:153} INFO - Started process (PID=18655) to work on /opt/airflow/dags/7.3-Filesensor.py
[2024-09-05 00:59:02,191] {processor.py:641} INFO - Processing file /opt/airflow/dags/7.3-Filesensor.py for tasks to queue
[2024-09-05 00:59:02,192] {logging_mixin.py:115} INFO - [2024-09-05 00:59:02,192] {dagbag.py:508} INFO - Filling up the DagBag from /opt/airflow/dags/7.3-Filesensor.py
[2024-09-05 00:59:02,201] {processor.py:651} INFO - DAG(s) dict_keys(['7.3-Filesensor']) retrieved from /opt/airflow/dags/7.3-Filesensor.py
[2024-09-05 00:59:02,222] {logging_mixin.py:115} INFO - [2024-09-05 00:59:02,222] {dag.py:2420} INFO - Sync 1 DAGs
[2024-09-05 00:59:02,236] {logging_mixin.py:115} INFO - [2024-09-05 00:59:02,236] {dag.py:2972} INFO - Setting next_dagrun for 7.3-Filesensor to None, run_after=None
[2024-09-05 00:59:02,247] {processor.py:161} INFO - Processing /opt/airflow/dags/7.3-Filesensor.py took 0.058 seconds
[2024-09-05 00:59:32,666] {processor.py:153} INFO - Started process (PID=18694) to work on /opt/airflow/dags/7.3-Filesensor.py
[2024-09-05 00:59:32,667] {processor.py:641} INFO - Processing file /opt/airflow/dags/7.3-Filesensor.py for tasks to queue
[2024-09-05 00:59:32,667] {logging_mixin.py:115} INFO - [2024-09-05 00:59:32,667] {dagbag.py:508} INFO - Filling up the DagBag from /opt/airflow/dags/7.3-Filesensor.py
[2024-09-05 00:59:32,674] {processor.py:651} INFO - DAG(s) dict_keys(['7.3-Filesensor']) retrieved from /opt/airflow/dags/7.3-Filesensor.py
[2024-09-05 00:59:32,695] {logging_mixin.py:115} INFO - [2024-09-05 00:59:32,695] {dag.py:2420} INFO - Sync 1 DAGs
[2024-09-05 00:59:32,708] {logging_mixin.py:115} INFO - [2024-09-05 00:59:32,708] {dag.py:2972} INFO - Setting next_dagrun for 7.3-Filesensor to None, run_after=None
[2024-09-05 00:59:32,717] {processor.py:161} INFO - Processing /opt/airflow/dags/7.3-Filesensor.py took 0.053 seconds
[2024-09-05 01:00:03,175] {processor.py:153} INFO - Started process (PID=18733) to work on /opt/airflow/dags/7.3-Filesensor.py
[2024-09-05 01:00:03,176] {processor.py:641} INFO - Processing file /opt/airflow/dags/7.3-Filesensor.py for tasks to queue
[2024-09-05 01:00:03,176] {logging_mixin.py:115} INFO - [2024-09-05 01:00:03,176] {dagbag.py:508} INFO - Filling up the DagBag from /opt/airflow/dags/7.3-Filesensor.py
[2024-09-05 01:00:03,183] {processor.py:651} INFO - DAG(s) dict_keys(['7.3-Filesensor']) retrieved from /opt/airflow/dags/7.3-Filesensor.py
[2024-09-05 01:00:03,204] {logging_mixin.py:115} INFO - [2024-09-05 01:00:03,204] {dag.py:2420} INFO - Sync 1 DAGs
[2024-09-05 01:00:03,219] {logging_mixin.py:115} INFO - [2024-09-05 01:00:03,219] {dag.py:2972} INFO - Setting next_dagrun for 7.3-Filesensor to None, run_after=None
[2024-09-05 01:00:03,229] {processor.py:161} INFO - Processing /opt/airflow/dags/7.3-Filesensor.py took 0.056 seconds
[2024-09-05 01:00:33,700] {processor.py:153} INFO - Started process (PID=18771) to work on /opt/airflow/dags/7.3-Filesensor.py
[2024-09-05 01:00:33,700] {processor.py:641} INFO - Processing file /opt/airflow/dags/7.3-Filesensor.py for tasks to queue
[2024-09-05 01:00:33,700] {logging_mixin.py:115} INFO - [2024-09-05 01:00:33,700] {dagbag.py:508} INFO - Filling up the DagBag from /opt/airflow/dags/7.3-Filesensor.py
[2024-09-05 01:00:33,706] {processor.py:651} INFO - DAG(s) dict_keys(['7.3-Filesensor']) retrieved from /opt/airflow/dags/7.3-Filesensor.py
[2024-09-05 01:00:33,727] {logging_mixin.py:115} INFO - [2024-09-05 01:00:33,727] {dag.py:2420} INFO - Sync 1 DAGs
[2024-09-05 01:00:33,740] {logging_mixin.py:115} INFO - [2024-09-05 01:00:33,740] {dag.py:2972} INFO - Setting next_dagrun for 7.3-Filesensor to None, run_after=None
[2024-09-05 01:00:33,749] {processor.py:161} INFO - Processing /opt/airflow/dags/7.3-Filesensor.py took 0.052 seconds
[2024-09-05 01:01:04,119] {processor.py:153} INFO - Started process (PID=18800) to work on /opt/airflow/dags/7.3-Filesensor.py
[2024-09-05 01:01:04,120] {processor.py:641} INFO - Processing file /opt/airflow/dags/7.3-Filesensor.py for tasks to queue
[2024-09-05 01:01:04,120] {logging_mixin.py:115} INFO - [2024-09-05 01:01:04,120] {dagbag.py:508} INFO - Filling up the DagBag from /opt/airflow/dags/7.3-Filesensor.py
[2024-09-05 01:01:04,127] {processor.py:651} INFO - DAG(s) dict_keys(['7.3-Filesensor']) retrieved from /opt/airflow/dags/7.3-Filesensor.py
[2024-09-05 01:01:04,149] {logging_mixin.py:115} INFO - [2024-09-05 01:01:04,149] {dag.py:2420} INFO - Sync 1 DAGs
[2024-09-05 01:01:04,162] {logging_mixin.py:115} INFO - [2024-09-05 01:01:04,162] {dag.py:2972} INFO - Setting next_dagrun for 7.3-Filesensor to None, run_after=None
[2024-09-05 01:01:04,170] {processor.py:161} INFO - Processing /opt/airflow/dags/7.3-Filesensor.py took 0.053 seconds
[2024-09-05 01:01:34,586] {processor.py:153} INFO - Started process (PID=18839) to work on /opt/airflow/dags/7.3-Filesensor.py
[2024-09-05 01:01:34,586] {processor.py:641} INFO - Processing file /opt/airflow/dags/7.3-Filesensor.py for tasks to queue
[2024-09-05 01:01:34,587] {logging_mixin.py:115} INFO - [2024-09-05 01:01:34,587] {dagbag.py:508} INFO - Filling up the DagBag from /opt/airflow/dags/7.3-Filesensor.py
[2024-09-05 01:01:34,594] {processor.py:651} INFO - DAG(s) dict_keys(['7.3-Filesensor']) retrieved from /opt/airflow/dags/7.3-Filesensor.py
[2024-09-05 01:01:34,615] {logging_mixin.py:115} INFO - [2024-09-05 01:01:34,615] {dag.py:2420} INFO - Sync 1 DAGs
[2024-09-05 01:01:34,629] {logging_mixin.py:115} INFO - [2024-09-05 01:01:34,629] {dag.py:2972} INFO - Setting next_dagrun for 7.3-Filesensor to None, run_after=None
[2024-09-05 01:01:34,638] {processor.py:161} INFO - Processing /opt/airflow/dags/7.3-Filesensor.py took 0.055 seconds
[2024-09-05 01:02:05,059] {processor.py:153} INFO - Started process (PID=18878) to work on /opt/airflow/dags/7.3-Filesensor.py
[2024-09-05 01:02:05,060] {processor.py:641} INFO - Processing file /opt/airflow/dags/7.3-Filesensor.py for tasks to queue
[2024-09-05 01:02:05,060] {logging_mixin.py:115} INFO - [2024-09-05 01:02:05,060] {dagbag.py:508} INFO - Filling up the DagBag from /opt/airflow/dags/7.3-Filesensor.py
[2024-09-05 01:02:05,067] {processor.py:651} INFO - DAG(s) dict_keys(['7.3-Filesensor']) retrieved from /opt/airflow/dags/7.3-Filesensor.py
[2024-09-05 01:02:05,089] {logging_mixin.py:115} INFO - [2024-09-05 01:02:05,089] {dag.py:2420} INFO - Sync 1 DAGs
[2024-09-05 01:02:05,103] {logging_mixin.py:115} INFO - [2024-09-05 01:02:05,103] {dag.py:2972} INFO - Setting next_dagrun for 7.3-Filesensor to None, run_after=None
[2024-09-05 01:02:05,111] {processor.py:161} INFO - Processing /opt/airflow/dags/7.3-Filesensor.py took 0.054 seconds
[2024-09-05 01:02:35,531] {processor.py:153} INFO - Started process (PID=18917) to work on /opt/airflow/dags/7.3-Filesensor.py
[2024-09-05 01:02:35,531] {processor.py:641} INFO - Processing file /opt/airflow/dags/7.3-Filesensor.py for tasks to queue
[2024-09-05 01:02:35,531] {logging_mixin.py:115} INFO - [2024-09-05 01:02:35,531] {dagbag.py:508} INFO - Filling up the DagBag from /opt/airflow/dags/7.3-Filesensor.py
[2024-09-05 01:02:35,538] {processor.py:651} INFO - DAG(s) dict_keys(['7.3-Filesensor']) retrieved from /opt/airflow/dags/7.3-Filesensor.py
[2024-09-05 01:02:35,561] {logging_mixin.py:115} INFO - [2024-09-05 01:02:35,561] {dag.py:2420} INFO - Sync 1 DAGs
[2024-09-05 01:02:35,576] {logging_mixin.py:115} INFO - [2024-09-05 01:02:35,576] {dag.py:2972} INFO - Setting next_dagrun for 7.3-Filesensor to None, run_after=None
[2024-09-05 01:02:35,584] {processor.py:161} INFO - Processing /opt/airflow/dags/7.3-Filesensor.py took 0.056 seconds
