[2024-06-10 17:36:26,138] {processor.py:153} INFO - Started process (PID=42) to work on /opt/airflow/dags/2-pythonoperator.py
[2024-06-10 17:36:26,138] {processor.py:641} INFO - Processing file /opt/airflow/dags/2-pythonoperator.py for tasks to queue
[2024-06-10 17:36:26,139] {logging_mixin.py:115} INFO - [2024-06-10 17:36:26,139] {dagbag.py:508} INFO - Filling up the DagBag from /opt/airflow/dags/2-pythonoperator.py
[2024-06-10 17:36:26,146] {processor.py:651} INFO - DAG(s) dict_keys(['python_operator']) retrieved from /opt/airflow/dags/2-pythonoperator.py
[2024-06-10 17:36:26,169] {logging_mixin.py:115} INFO - [2024-06-10 17:36:26,169] {dag.py:2420} INFO - Sync 1 DAGs
[2024-06-10 17:36:26,317] {logging_mixin.py:115} INFO - [2024-06-10 17:36:26,317] {dag.py:2972} INFO - Setting next_dagrun for python_operator to None, run_after=None
[2024-06-10 17:36:26,328] {processor.py:161} INFO - Processing /opt/airflow/dags/2-pythonoperator.py took 0.192 seconds
[2024-06-10 17:36:56,900] {processor.py:153} INFO - Started process (PID=77) to work on /opt/airflow/dags/2-pythonoperator.py
[2024-06-10 17:36:56,900] {processor.py:641} INFO - Processing file /opt/airflow/dags/2-pythonoperator.py for tasks to queue
[2024-06-10 17:36:56,900] {logging_mixin.py:115} INFO - [2024-06-10 17:36:56,900] {dagbag.py:508} INFO - Filling up the DagBag from /opt/airflow/dags/2-pythonoperator.py
[2024-06-10 17:36:56,904] {processor.py:651} INFO - DAG(s) dict_keys(['python_operator']) retrieved from /opt/airflow/dags/2-pythonoperator.py
[2024-06-10 17:36:56,921] {logging_mixin.py:115} INFO - [2024-06-10 17:36:56,921] {dag.py:2420} INFO - Sync 1 DAGs
[2024-06-10 17:36:57,008] {logging_mixin.py:115} INFO - [2024-06-10 17:36:57,008] {dag.py:2972} INFO - Setting next_dagrun for python_operator to None, run_after=None
[2024-06-10 17:36:57,017] {processor.py:161} INFO - Processing /opt/airflow/dags/2-pythonoperator.py took 0.119 seconds
[2024-06-10 17:37:27,663] {processor.py:153} INFO - Started process (PID=112) to work on /opt/airflow/dags/2-pythonoperator.py
[2024-06-10 17:37:27,663] {processor.py:641} INFO - Processing file /opt/airflow/dags/2-pythonoperator.py for tasks to queue
[2024-06-10 17:37:27,664] {logging_mixin.py:115} INFO - [2024-06-10 17:37:27,664] {dagbag.py:508} INFO - Filling up the DagBag from /opt/airflow/dags/2-pythonoperator.py
[2024-06-10 17:37:27,670] {processor.py:651} INFO - DAG(s) dict_keys(['python_operator']) retrieved from /opt/airflow/dags/2-pythonoperator.py
[2024-06-10 17:37:27,768] {logging_mixin.py:115} INFO - [2024-06-10 17:37:27,768] {dag.py:2420} INFO - Sync 1 DAGs
[2024-06-10 17:37:27,780] {logging_mixin.py:115} INFO - [2024-06-10 17:37:27,780] {dag.py:2972} INFO - Setting next_dagrun for python_operator to None, run_after=None
[2024-06-10 17:37:27,788] {processor.py:161} INFO - Processing /opt/airflow/dags/2-pythonoperator.py took 0.127 seconds
[2024-06-10 17:37:58,147] {processor.py:153} INFO - Started process (PID=147) to work on /opt/airflow/dags/2-pythonoperator.py
[2024-06-10 17:37:58,147] {processor.py:641} INFO - Processing file /opt/airflow/dags/2-pythonoperator.py for tasks to queue
[2024-06-10 17:37:58,147] {logging_mixin.py:115} INFO - [2024-06-10 17:37:58,147] {dagbag.py:508} INFO - Filling up the DagBag from /opt/airflow/dags/2-pythonoperator.py
[2024-06-10 17:37:58,152] {processor.py:651} INFO - DAG(s) dict_keys(['python_operator']) retrieved from /opt/airflow/dags/2-pythonoperator.py
[2024-06-10 17:37:58,172] {logging_mixin.py:115} INFO - [2024-06-10 17:37:58,172] {dag.py:2420} INFO - Sync 1 DAGs
[2024-06-10 17:37:58,191] {logging_mixin.py:115} INFO - [2024-06-10 17:37:58,191] {dag.py:2972} INFO - Setting next_dagrun for python_operator to None, run_after=None
[2024-06-10 17:37:58,201] {processor.py:161} INFO - Processing /opt/airflow/dags/2-pythonoperator.py took 0.056 seconds
[2024-06-10 17:38:28,507] {processor.py:153} INFO - Started process (PID=182) to work on /opt/airflow/dags/2-pythonoperator.py
[2024-06-10 17:38:28,507] {processor.py:641} INFO - Processing file /opt/airflow/dags/2-pythonoperator.py for tasks to queue
[2024-06-10 17:38:28,508] {logging_mixin.py:115} INFO - [2024-06-10 17:38:28,508] {dagbag.py:508} INFO - Filling up the DagBag from /opt/airflow/dags/2-pythonoperator.py
[2024-06-10 17:38:28,513] {processor.py:651} INFO - DAG(s) dict_keys(['python_operator']) retrieved from /opt/airflow/dags/2-pythonoperator.py
[2024-06-10 17:38:28,531] {logging_mixin.py:115} INFO - [2024-06-10 17:38:28,531] {dag.py:2420} INFO - Sync 1 DAGs
[2024-06-10 17:38:28,545] {logging_mixin.py:115} INFO - [2024-06-10 17:38:28,545] {dag.py:2972} INFO - Setting next_dagrun for python_operator to None, run_after=None
[2024-06-10 17:38:28,553] {processor.py:161} INFO - Processing /opt/airflow/dags/2-pythonoperator.py took 0.049 seconds
[2024-06-10 17:38:58,879] {processor.py:153} INFO - Started process (PID=208) to work on /opt/airflow/dags/2-pythonoperator.py
[2024-06-10 17:38:58,880] {processor.py:641} INFO - Processing file /opt/airflow/dags/2-pythonoperator.py for tasks to queue
[2024-06-10 17:38:58,880] {logging_mixin.py:115} INFO - [2024-06-10 17:38:58,880] {dagbag.py:508} INFO - Filling up the DagBag from /opt/airflow/dags/2-pythonoperator.py
[2024-06-10 17:38:58,885] {processor.py:651} INFO - DAG(s) dict_keys(['python_operator']) retrieved from /opt/airflow/dags/2-pythonoperator.py
[2024-06-10 17:38:58,901] {logging_mixin.py:115} INFO - [2024-06-10 17:38:58,901] {dag.py:2420} INFO - Sync 1 DAGs
[2024-06-10 17:38:58,915] {logging_mixin.py:115} INFO - [2024-06-10 17:38:58,915] {dag.py:2972} INFO - Setting next_dagrun for python_operator to None, run_after=None
[2024-06-10 17:38:58,923] {processor.py:161} INFO - Processing /opt/airflow/dags/2-pythonoperator.py took 0.045 seconds
[2024-06-10 17:39:29,222] {processor.py:153} INFO - Started process (PID=242) to work on /opt/airflow/dags/2-pythonoperator.py
[2024-06-10 17:39:29,222] {processor.py:641} INFO - Processing file /opt/airflow/dags/2-pythonoperator.py for tasks to queue
[2024-06-10 17:39:29,222] {logging_mixin.py:115} INFO - [2024-06-10 17:39:29,222] {dagbag.py:508} INFO - Filling up the DagBag from /opt/airflow/dags/2-pythonoperator.py
[2024-06-10 17:39:29,226] {processor.py:651} INFO - DAG(s) dict_keys(['python_operator']) retrieved from /opt/airflow/dags/2-pythonoperator.py
[2024-06-10 17:39:29,242] {logging_mixin.py:115} INFO - [2024-06-10 17:39:29,242] {dag.py:2420} INFO - Sync 1 DAGs
[2024-06-10 17:39:29,254] {logging_mixin.py:115} INFO - [2024-06-10 17:39:29,254] {dag.py:2972} INFO - Setting next_dagrun for python_operator to None, run_after=None
[2024-06-10 17:39:29,262] {processor.py:161} INFO - Processing /opt/airflow/dags/2-pythonoperator.py took 0.042 seconds
[2024-06-10 17:39:59,570] {processor.py:153} INFO - Started process (PID=275) to work on /opt/airflow/dags/2-pythonoperator.py
[2024-06-10 17:39:59,570] {processor.py:641} INFO - Processing file /opt/airflow/dags/2-pythonoperator.py for tasks to queue
[2024-06-10 17:39:59,571] {logging_mixin.py:115} INFO - [2024-06-10 17:39:59,571] {dagbag.py:508} INFO - Filling up the DagBag from /opt/airflow/dags/2-pythonoperator.py
[2024-06-10 17:39:59,576] {processor.py:651} INFO - DAG(s) dict_keys(['python_operator']) retrieved from /opt/airflow/dags/2-pythonoperator.py
[2024-06-10 17:39:59,593] {logging_mixin.py:115} INFO - [2024-06-10 17:39:59,593] {dag.py:2420} INFO - Sync 1 DAGs
[2024-06-10 17:39:59,610] {logging_mixin.py:115} INFO - [2024-06-10 17:39:59,610] {dag.py:2972} INFO - Setting next_dagrun for python_operator to None, run_after=None
[2024-06-10 17:39:59,618] {processor.py:161} INFO - Processing /opt/airflow/dags/2-pythonoperator.py took 0.050 seconds
[2024-06-10 17:40:29,953] {processor.py:153} INFO - Started process (PID=310) to work on /opt/airflow/dags/2-pythonoperator.py
[2024-06-10 17:40:29,953] {processor.py:641} INFO - Processing file /opt/airflow/dags/2-pythonoperator.py for tasks to queue
[2024-06-10 17:40:29,953] {logging_mixin.py:115} INFO - [2024-06-10 17:40:29,953] {dagbag.py:508} INFO - Filling up the DagBag from /opt/airflow/dags/2-pythonoperator.py
[2024-06-10 17:40:29,958] {processor.py:651} INFO - DAG(s) dict_keys(['python_operator']) retrieved from /opt/airflow/dags/2-pythonoperator.py
[2024-06-10 17:40:29,973] {logging_mixin.py:115} INFO - [2024-06-10 17:40:29,973] {dag.py:2420} INFO - Sync 1 DAGs
[2024-06-10 17:40:29,985] {logging_mixin.py:115} INFO - [2024-06-10 17:40:29,985] {dag.py:2972} INFO - Setting next_dagrun for python_operator to None, run_after=None
[2024-06-10 17:40:29,992] {processor.py:161} INFO - Processing /opt/airflow/dags/2-pythonoperator.py took 0.043 seconds
[2024-06-10 17:41:00,237] {processor.py:153} INFO - Started process (PID=344) to work on /opt/airflow/dags/2-pythonoperator.py
[2024-06-10 17:41:00,237] {processor.py:641} INFO - Processing file /opt/airflow/dags/2-pythonoperator.py for tasks to queue
[2024-06-10 17:41:00,238] {logging_mixin.py:115} INFO - [2024-06-10 17:41:00,238] {dagbag.py:508} INFO - Filling up the DagBag from /opt/airflow/dags/2-pythonoperator.py
[2024-06-10 17:41:00,242] {processor.py:651} INFO - DAG(s) dict_keys(['python_operator']) retrieved from /opt/airflow/dags/2-pythonoperator.py
[2024-06-10 17:41:00,256] {logging_mixin.py:115} INFO - [2024-06-10 17:41:00,256] {dag.py:2420} INFO - Sync 1 DAGs
[2024-06-10 17:41:00,269] {logging_mixin.py:115} INFO - [2024-06-10 17:41:00,269] {dag.py:2972} INFO - Setting next_dagrun for python_operator to None, run_after=None
[2024-06-10 17:41:00,276] {processor.py:161} INFO - Processing /opt/airflow/dags/2-pythonoperator.py took 0.041 seconds
[2024-06-10 17:41:30,569] {processor.py:153} INFO - Started process (PID=370) to work on /opt/airflow/dags/2-pythonoperator.py
[2024-06-10 17:41:30,570] {processor.py:641} INFO - Processing file /opt/airflow/dags/2-pythonoperator.py for tasks to queue
[2024-06-10 17:41:30,570] {logging_mixin.py:115} INFO - [2024-06-10 17:41:30,570] {dagbag.py:508} INFO - Filling up the DagBag from /opt/airflow/dags/2-pythonoperator.py
[2024-06-10 17:41:30,575] {processor.py:651} INFO - DAG(s) dict_keys(['python_operator']) retrieved from /opt/airflow/dags/2-pythonoperator.py
[2024-06-10 17:41:30,589] {logging_mixin.py:115} INFO - [2024-06-10 17:41:30,589] {dag.py:2420} INFO - Sync 1 DAGs
[2024-06-10 17:41:30,601] {logging_mixin.py:115} INFO - [2024-06-10 17:41:30,601] {dag.py:2972} INFO - Setting next_dagrun for python_operator to None, run_after=None
[2024-06-10 17:41:30,608] {processor.py:161} INFO - Processing /opt/airflow/dags/2-pythonoperator.py took 0.043 seconds
[2024-06-10 17:42:00,937] {processor.py:153} INFO - Started process (PID=405) to work on /opt/airflow/dags/2-pythonoperator.py
[2024-06-10 17:42:00,938] {processor.py:641} INFO - Processing file /opt/airflow/dags/2-pythonoperator.py for tasks to queue
[2024-06-10 17:42:00,939] {logging_mixin.py:115} INFO - [2024-06-10 17:42:00,939] {dagbag.py:508} INFO - Filling up the DagBag from /opt/airflow/dags/2-pythonoperator.py
[2024-06-10 17:42:00,943] {processor.py:651} INFO - DAG(s) dict_keys(['python_operator']) retrieved from /opt/airflow/dags/2-pythonoperator.py
[2024-06-10 17:42:00,960] {logging_mixin.py:115} INFO - [2024-06-10 17:42:00,960] {dag.py:2420} INFO - Sync 1 DAGs
[2024-06-10 17:42:00,974] {logging_mixin.py:115} INFO - [2024-06-10 17:42:00,974] {dag.py:2972} INFO - Setting next_dagrun for python_operator to None, run_after=None
[2024-06-10 17:42:00,981] {processor.py:161} INFO - Processing /opt/airflow/dags/2-pythonoperator.py took 0.046 seconds
[2024-06-10 17:42:31,278] {processor.py:153} INFO - Started process (PID=440) to work on /opt/airflow/dags/2-pythonoperator.py
[2024-06-10 17:42:31,278] {processor.py:641} INFO - Processing file /opt/airflow/dags/2-pythonoperator.py for tasks to queue
[2024-06-10 17:42:31,279] {logging_mixin.py:115} INFO - [2024-06-10 17:42:31,279] {dagbag.py:508} INFO - Filling up the DagBag from /opt/airflow/dags/2-pythonoperator.py
[2024-06-10 17:42:31,286] {processor.py:651} INFO - DAG(s) dict_keys(['python_operator']) retrieved from /opt/airflow/dags/2-pythonoperator.py
[2024-06-10 17:42:31,302] {logging_mixin.py:115} INFO - [2024-06-10 17:42:31,302] {dag.py:2420} INFO - Sync 1 DAGs
[2024-06-10 17:42:31,315] {logging_mixin.py:115} INFO - [2024-06-10 17:42:31,315] {dag.py:2972} INFO - Setting next_dagrun for python_operator to None, run_after=None
[2024-06-10 17:42:31,323] {processor.py:161} INFO - Processing /opt/airflow/dags/2-pythonoperator.py took 0.047 seconds
[2024-06-10 17:43:01,635] {processor.py:153} INFO - Started process (PID=475) to work on /opt/airflow/dags/2-pythonoperator.py
[2024-06-10 17:43:01,635] {processor.py:641} INFO - Processing file /opt/airflow/dags/2-pythonoperator.py for tasks to queue
[2024-06-10 17:43:01,636] {logging_mixin.py:115} INFO - [2024-06-10 17:43:01,636] {dagbag.py:508} INFO - Filling up the DagBag from /opt/airflow/dags/2-pythonoperator.py
[2024-06-10 17:43:01,640] {processor.py:651} INFO - DAG(s) dict_keys(['python_operator']) retrieved from /opt/airflow/dags/2-pythonoperator.py
[2024-06-10 17:43:01,655] {logging_mixin.py:115} INFO - [2024-06-10 17:43:01,655] {dag.py:2420} INFO - Sync 1 DAGs
[2024-06-10 17:43:01,668] {logging_mixin.py:115} INFO - [2024-06-10 17:43:01,668] {dag.py:2972} INFO - Setting next_dagrun for python_operator to None, run_after=None
[2024-06-10 17:43:01,675] {processor.py:161} INFO - Processing /opt/airflow/dags/2-pythonoperator.py took 0.042 seconds
[2024-06-10 17:43:31,924] {processor.py:153} INFO - Started process (PID=510) to work on /opt/airflow/dags/2-pythonoperator.py
[2024-06-10 17:43:31,924] {processor.py:641} INFO - Processing file /opt/airflow/dags/2-pythonoperator.py for tasks to queue
[2024-06-10 17:43:31,925] {logging_mixin.py:115} INFO - [2024-06-10 17:43:31,925] {dagbag.py:508} INFO - Filling up the DagBag from /opt/airflow/dags/2-pythonoperator.py
[2024-06-10 17:43:31,929] {processor.py:651} INFO - DAG(s) dict_keys(['python_operator']) retrieved from /opt/airflow/dags/2-pythonoperator.py
[2024-06-10 17:43:31,944] {logging_mixin.py:115} INFO - [2024-06-10 17:43:31,944] {dag.py:2420} INFO - Sync 1 DAGs
[2024-06-10 17:43:31,956] {logging_mixin.py:115} INFO - [2024-06-10 17:43:31,956] {dag.py:2972} INFO - Setting next_dagrun for python_operator to None, run_after=None
[2024-06-10 17:43:31,963] {processor.py:161} INFO - Processing /opt/airflow/dags/2-pythonoperator.py took 0.041 seconds
[2024-06-10 17:44:02,289] {processor.py:153} INFO - Started process (PID=544) to work on /opt/airflow/dags/2-pythonoperator.py
[2024-06-10 17:44:02,289] {processor.py:641} INFO - Processing file /opt/airflow/dags/2-pythonoperator.py for tasks to queue
[2024-06-10 17:44:02,289] {logging_mixin.py:115} INFO - [2024-06-10 17:44:02,289] {dagbag.py:508} INFO - Filling up the DagBag from /opt/airflow/dags/2-pythonoperator.py
[2024-06-10 17:44:02,294] {processor.py:651} INFO - DAG(s) dict_keys(['python_operator']) retrieved from /opt/airflow/dags/2-pythonoperator.py
[2024-06-10 17:44:02,308] {logging_mixin.py:115} INFO - [2024-06-10 17:44:02,308] {dag.py:2420} INFO - Sync 1 DAGs
[2024-06-10 17:44:02,321] {logging_mixin.py:115} INFO - [2024-06-10 17:44:02,321] {dag.py:2972} INFO - Setting next_dagrun for python_operator to None, run_after=None
[2024-06-10 17:44:02,328] {processor.py:161} INFO - Processing /opt/airflow/dags/2-pythonoperator.py took 0.042 seconds
[2024-06-10 17:44:32,629] {processor.py:153} INFO - Started process (PID=570) to work on /opt/airflow/dags/2-pythonoperator.py
[2024-06-10 17:44:32,630] {processor.py:641} INFO - Processing file /opt/airflow/dags/2-pythonoperator.py for tasks to queue
[2024-06-10 17:44:32,630] {logging_mixin.py:115} INFO - [2024-06-10 17:44:32,630] {dagbag.py:508} INFO - Filling up the DagBag from /opt/airflow/dags/2-pythonoperator.py
[2024-06-10 17:44:32,634] {processor.py:651} INFO - DAG(s) dict_keys(['python_operator']) retrieved from /opt/airflow/dags/2-pythonoperator.py
[2024-06-10 17:44:32,649] {logging_mixin.py:115} INFO - [2024-06-10 17:44:32,649] {dag.py:2420} INFO - Sync 1 DAGs
[2024-06-10 17:44:32,662] {logging_mixin.py:115} INFO - [2024-06-10 17:44:32,662] {dag.py:2972} INFO - Setting next_dagrun for python_operator to None, run_after=None
[2024-06-10 17:44:32,669] {processor.py:161} INFO - Processing /opt/airflow/dags/2-pythonoperator.py took 0.042 seconds
[2024-06-10 17:45:03,001] {processor.py:153} INFO - Started process (PID=605) to work on /opt/airflow/dags/2-pythonoperator.py
[2024-06-10 17:45:03,001] {processor.py:641} INFO - Processing file /opt/airflow/dags/2-pythonoperator.py for tasks to queue
[2024-06-10 17:45:03,001] {logging_mixin.py:115} INFO - [2024-06-10 17:45:03,001] {dagbag.py:508} INFO - Filling up the DagBag from /opt/airflow/dags/2-pythonoperator.py
[2024-06-10 17:45:03,005] {processor.py:651} INFO - DAG(s) dict_keys(['python_operator']) retrieved from /opt/airflow/dags/2-pythonoperator.py
[2024-06-10 17:45:03,021] {logging_mixin.py:115} INFO - [2024-06-10 17:45:03,021] {dag.py:2420} INFO - Sync 1 DAGs
[2024-06-10 17:45:03,034] {logging_mixin.py:115} INFO - [2024-06-10 17:45:03,034] {dag.py:2972} INFO - Setting next_dagrun for python_operator to None, run_after=None
[2024-06-10 17:45:03,042] {processor.py:161} INFO - Processing /opt/airflow/dags/2-pythonoperator.py took 0.043 seconds
[2024-06-10 17:45:33,356] {processor.py:153} INFO - Started process (PID=640) to work on /opt/airflow/dags/2-pythonoperator.py
[2024-06-10 17:45:33,357] {processor.py:641} INFO - Processing file /opt/airflow/dags/2-pythonoperator.py for tasks to queue
[2024-06-10 17:45:33,357] {logging_mixin.py:115} INFO - [2024-06-10 17:45:33,357] {dagbag.py:508} INFO - Filling up the DagBag from /opt/airflow/dags/2-pythonoperator.py
[2024-06-10 17:45:33,362] {processor.py:651} INFO - DAG(s) dict_keys(['python_operator']) retrieved from /opt/airflow/dags/2-pythonoperator.py
[2024-06-10 17:45:33,377] {logging_mixin.py:115} INFO - [2024-06-10 17:45:33,376] {dag.py:2420} INFO - Sync 1 DAGs
[2024-06-10 17:45:33,389] {logging_mixin.py:115} INFO - [2024-06-10 17:45:33,389] {dag.py:2972} INFO - Setting next_dagrun for python_operator to None, run_after=None
[2024-06-10 17:45:33,397] {processor.py:161} INFO - Processing /opt/airflow/dags/2-pythonoperator.py took 0.042 seconds
[2024-06-10 17:46:03,691] {processor.py:153} INFO - Started process (PID=675) to work on /opt/airflow/dags/2-pythonoperator.py
[2024-06-10 17:46:03,692] {processor.py:641} INFO - Processing file /opt/airflow/dags/2-pythonoperator.py for tasks to queue
[2024-06-10 17:46:03,692] {logging_mixin.py:115} INFO - [2024-06-10 17:46:03,692] {dagbag.py:508} INFO - Filling up the DagBag from /opt/airflow/dags/2-pythonoperator.py
[2024-06-10 17:46:03,697] {processor.py:651} INFO - DAG(s) dict_keys(['python_operator']) retrieved from /opt/airflow/dags/2-pythonoperator.py
[2024-06-10 17:46:03,714] {logging_mixin.py:115} INFO - [2024-06-10 17:46:03,714] {dag.py:2420} INFO - Sync 1 DAGs
[2024-06-10 17:46:03,728] {logging_mixin.py:115} INFO - [2024-06-10 17:46:03,727] {dag.py:2972} INFO - Setting next_dagrun for python_operator to None, run_after=None
[2024-06-10 17:46:03,736] {processor.py:161} INFO - Processing /opt/airflow/dags/2-pythonoperator.py took 0.046 seconds
[2024-06-10 17:46:34,030] {processor.py:153} INFO - Started process (PID=710) to work on /opt/airflow/dags/2-pythonoperator.py
[2024-06-10 17:46:34,030] {processor.py:641} INFO - Processing file /opt/airflow/dags/2-pythonoperator.py for tasks to queue
[2024-06-10 17:46:34,031] {logging_mixin.py:115} INFO - [2024-06-10 17:46:34,031] {dagbag.py:508} INFO - Filling up the DagBag from /opt/airflow/dags/2-pythonoperator.py
[2024-06-10 17:46:34,036] {processor.py:651} INFO - DAG(s) dict_keys(['python_operator']) retrieved from /opt/airflow/dags/2-pythonoperator.py
[2024-06-10 17:46:34,051] {logging_mixin.py:115} INFO - [2024-06-10 17:46:34,051] {dag.py:2420} INFO - Sync 1 DAGs
[2024-06-10 17:46:34,065] {logging_mixin.py:115} INFO - [2024-06-10 17:46:34,065] {dag.py:2972} INFO - Setting next_dagrun for python_operator to None, run_after=None
[2024-06-10 17:46:34,072] {processor.py:161} INFO - Processing /opt/airflow/dags/2-pythonoperator.py took 0.044 seconds
[2024-06-10 17:47:04,344] {processor.py:153} INFO - Started process (PID=745) to work on /opt/airflow/dags/2-pythonoperator.py
[2024-06-10 17:47:04,344] {processor.py:641} INFO - Processing file /opt/airflow/dags/2-pythonoperator.py for tasks to queue
[2024-06-10 17:47:04,345] {logging_mixin.py:115} INFO - [2024-06-10 17:47:04,345] {dagbag.py:508} INFO - Filling up the DagBag from /opt/airflow/dags/2-pythonoperator.py
[2024-06-10 17:47:04,351] {processor.py:651} INFO - DAG(s) dict_keys(['python_operator']) retrieved from /opt/airflow/dags/2-pythonoperator.py
[2024-06-10 17:47:04,369] {logging_mixin.py:115} INFO - [2024-06-10 17:47:04,369] {dag.py:2420} INFO - Sync 1 DAGs
[2024-06-10 17:47:04,386] {logging_mixin.py:115} INFO - [2024-06-10 17:47:04,386] {dag.py:2972} INFO - Setting next_dagrun for python_operator to None, run_after=None
[2024-06-10 17:47:04,396] {processor.py:161} INFO - Processing /opt/airflow/dags/2-pythonoperator.py took 0.055 seconds
[2024-06-10 17:47:34,752] {processor.py:153} INFO - Started process (PID=771) to work on /opt/airflow/dags/2-pythonoperator.py
[2024-06-10 17:47:34,752] {processor.py:641} INFO - Processing file /opt/airflow/dags/2-pythonoperator.py for tasks to queue
[2024-06-10 17:47:34,752] {logging_mixin.py:115} INFO - [2024-06-10 17:47:34,752] {dagbag.py:508} INFO - Filling up the DagBag from /opt/airflow/dags/2-pythonoperator.py
[2024-06-10 17:47:34,757] {processor.py:651} INFO - DAG(s) dict_keys(['python_operator']) retrieved from /opt/airflow/dags/2-pythonoperator.py
[2024-06-10 17:47:34,773] {logging_mixin.py:115} INFO - [2024-06-10 17:47:34,772] {dag.py:2420} INFO - Sync 1 DAGs
[2024-06-10 17:47:34,785] {logging_mixin.py:115} INFO - [2024-06-10 17:47:34,785] {dag.py:2972} INFO - Setting next_dagrun for python_operator to None, run_after=None
[2024-06-10 17:47:34,792] {processor.py:161} INFO - Processing /opt/airflow/dags/2-pythonoperator.py took 0.043 seconds
[2024-06-10 17:48:05,077] {processor.py:153} INFO - Started process (PID=806) to work on /opt/airflow/dags/2-pythonoperator.py
[2024-06-10 17:48:05,078] {processor.py:641} INFO - Processing file /opt/airflow/dags/2-pythonoperator.py for tasks to queue
[2024-06-10 17:48:05,078] {logging_mixin.py:115} INFO - [2024-06-10 17:48:05,078] {dagbag.py:508} INFO - Filling up the DagBag from /opt/airflow/dags/2-pythonoperator.py
[2024-06-10 17:48:05,082] {processor.py:651} INFO - DAG(s) dict_keys(['python_operator']) retrieved from /opt/airflow/dags/2-pythonoperator.py
[2024-06-10 17:48:05,097] {logging_mixin.py:115} INFO - [2024-06-10 17:48:05,097] {dag.py:2420} INFO - Sync 1 DAGs
[2024-06-10 17:48:05,109] {logging_mixin.py:115} INFO - [2024-06-10 17:48:05,109] {dag.py:2972} INFO - Setting next_dagrun for python_operator to None, run_after=None
[2024-06-10 17:48:05,116] {processor.py:161} INFO - Processing /opt/airflow/dags/2-pythonoperator.py took 0.041 seconds
[2024-06-10 17:48:35,452] {processor.py:153} INFO - Started process (PID=841) to work on /opt/airflow/dags/2-pythonoperator.py
[2024-06-10 17:48:35,452] {processor.py:641} INFO - Processing file /opt/airflow/dags/2-pythonoperator.py for tasks to queue
[2024-06-10 17:48:35,452] {logging_mixin.py:115} INFO - [2024-06-10 17:48:35,452] {dagbag.py:508} INFO - Filling up the DagBag from /opt/airflow/dags/2-pythonoperator.py
[2024-06-10 17:48:35,457] {processor.py:651} INFO - DAG(s) dict_keys(['python_operator']) retrieved from /opt/airflow/dags/2-pythonoperator.py
[2024-06-10 17:48:35,472] {logging_mixin.py:115} INFO - [2024-06-10 17:48:35,472] {dag.py:2420} INFO - Sync 1 DAGs
[2024-06-10 17:48:35,484] {logging_mixin.py:115} INFO - [2024-06-10 17:48:35,484] {dag.py:2972} INFO - Setting next_dagrun for python_operator to None, run_after=None
[2024-06-10 17:48:35,491] {processor.py:161} INFO - Processing /opt/airflow/dags/2-pythonoperator.py took 0.042 seconds
[2024-06-10 17:49:05,784] {processor.py:153} INFO - Started process (PID=876) to work on /opt/airflow/dags/2-pythonoperator.py
[2024-06-10 17:49:05,785] {processor.py:641} INFO - Processing file /opt/airflow/dags/2-pythonoperator.py for tasks to queue
[2024-06-10 17:49:05,785] {logging_mixin.py:115} INFO - [2024-06-10 17:49:05,785] {dagbag.py:508} INFO - Filling up the DagBag from /opt/airflow/dags/2-pythonoperator.py
[2024-06-10 17:49:05,790] {processor.py:651} INFO - DAG(s) dict_keys(['python_operator']) retrieved from /opt/airflow/dags/2-pythonoperator.py
[2024-06-10 17:49:05,804] {logging_mixin.py:115} INFO - [2024-06-10 17:49:05,804] {dag.py:2420} INFO - Sync 1 DAGs
[2024-06-10 17:49:05,817] {logging_mixin.py:115} INFO - [2024-06-10 17:49:05,817] {dag.py:2972} INFO - Setting next_dagrun for python_operator to None, run_after=None
[2024-06-10 17:49:05,824] {processor.py:161} INFO - Processing /opt/airflow/dags/2-pythonoperator.py took 0.042 seconds
[2024-06-10 17:49:36,123] {processor.py:153} INFO - Started process (PID=911) to work on /opt/airflow/dags/2-pythonoperator.py
[2024-06-10 17:49:36,123] {processor.py:641} INFO - Processing file /opt/airflow/dags/2-pythonoperator.py for tasks to queue
[2024-06-10 17:49:36,124] {logging_mixin.py:115} INFO - [2024-06-10 17:49:36,124] {dagbag.py:508} INFO - Filling up the DagBag from /opt/airflow/dags/2-pythonoperator.py
[2024-06-10 17:49:36,128] {processor.py:651} INFO - DAG(s) dict_keys(['python_operator']) retrieved from /opt/airflow/dags/2-pythonoperator.py
[2024-06-10 17:49:36,144] {logging_mixin.py:115} INFO - [2024-06-10 17:49:36,144] {dag.py:2420} INFO - Sync 1 DAGs
[2024-06-10 17:49:36,156] {logging_mixin.py:115} INFO - [2024-06-10 17:49:36,156] {dag.py:2972} INFO - Setting next_dagrun for python_operator to None, run_after=None
[2024-06-10 17:49:36,163] {processor.py:161} INFO - Processing /opt/airflow/dags/2-pythonoperator.py took 0.042 seconds
[2024-06-10 17:50:06,515] {processor.py:153} INFO - Started process (PID=947) to work on /opt/airflow/dags/2-pythonoperator.py
[2024-06-10 17:50:06,515] {processor.py:641} INFO - Processing file /opt/airflow/dags/2-pythonoperator.py for tasks to queue
[2024-06-10 17:50:06,516] {logging_mixin.py:115} INFO - [2024-06-10 17:50:06,516] {dagbag.py:508} INFO - Filling up the DagBag from /opt/airflow/dags/2-pythonoperator.py
[2024-06-10 17:50:06,520] {processor.py:651} INFO - DAG(s) dict_keys(['python_operator']) retrieved from /opt/airflow/dags/2-pythonoperator.py
[2024-06-10 17:50:06,538] {logging_mixin.py:115} INFO - [2024-06-10 17:50:06,538] {dag.py:2420} INFO - Sync 1 DAGs
[2024-06-10 17:50:06,550] {logging_mixin.py:115} INFO - [2024-06-10 17:50:06,550] {dag.py:2972} INFO - Setting next_dagrun for python_operator to None, run_after=None
[2024-06-10 17:50:06,558] {processor.py:161} INFO - Processing /opt/airflow/dags/2-pythonoperator.py took 0.046 seconds
[2024-06-10 17:50:36,898] {processor.py:153} INFO - Started process (PID=973) to work on /opt/airflow/dags/2-pythonoperator.py
[2024-06-10 17:50:36,899] {processor.py:641} INFO - Processing file /opt/airflow/dags/2-pythonoperator.py for tasks to queue
[2024-06-10 17:50:36,899] {logging_mixin.py:115} INFO - [2024-06-10 17:50:36,899] {dagbag.py:508} INFO - Filling up the DagBag from /opt/airflow/dags/2-pythonoperator.py
[2024-06-10 17:50:36,904] {processor.py:651} INFO - DAG(s) dict_keys(['python_operator']) retrieved from /opt/airflow/dags/2-pythonoperator.py
[2024-06-10 17:50:36,921] {logging_mixin.py:115} INFO - [2024-06-10 17:50:36,921] {dag.py:2420} INFO - Sync 1 DAGs
[2024-06-10 17:50:36,935] {logging_mixin.py:115} INFO - [2024-06-10 17:50:36,935] {dag.py:2972} INFO - Setting next_dagrun for python_operator to None, run_after=None
[2024-06-10 17:50:36,942] {processor.py:161} INFO - Processing /opt/airflow/dags/2-pythonoperator.py took 0.046 seconds
[2024-06-10 17:51:07,242] {processor.py:153} INFO - Started process (PID=1008) to work on /opt/airflow/dags/2-pythonoperator.py
[2024-06-10 17:51:07,242] {processor.py:641} INFO - Processing file /opt/airflow/dags/2-pythonoperator.py for tasks to queue
[2024-06-10 17:51:07,242] {logging_mixin.py:115} INFO - [2024-06-10 17:51:07,242] {dagbag.py:508} INFO - Filling up the DagBag from /opt/airflow/dags/2-pythonoperator.py
[2024-06-10 17:51:07,247] {processor.py:651} INFO - DAG(s) dict_keys(['python_operator']) retrieved from /opt/airflow/dags/2-pythonoperator.py
[2024-06-10 17:51:07,262] {logging_mixin.py:115} INFO - [2024-06-10 17:51:07,262] {dag.py:2420} INFO - Sync 1 DAGs
[2024-06-10 17:51:07,275] {logging_mixin.py:115} INFO - [2024-06-10 17:51:07,275] {dag.py:2972} INFO - Setting next_dagrun for python_operator to None, run_after=None
[2024-06-10 17:51:07,282] {processor.py:161} INFO - Processing /opt/airflow/dags/2-pythonoperator.py took 0.043 seconds
[2024-06-10 17:51:37,575] {processor.py:153} INFO - Started process (PID=1043) to work on /opt/airflow/dags/2-pythonoperator.py
[2024-06-10 17:51:37,575] {processor.py:641} INFO - Processing file /opt/airflow/dags/2-pythonoperator.py for tasks to queue
[2024-06-10 17:51:37,575] {logging_mixin.py:115} INFO - [2024-06-10 17:51:37,575] {dagbag.py:508} INFO - Filling up the DagBag from /opt/airflow/dags/2-pythonoperator.py
[2024-06-10 17:51:37,580] {processor.py:651} INFO - DAG(s) dict_keys(['python_operator']) retrieved from /opt/airflow/dags/2-pythonoperator.py
[2024-06-10 17:51:37,599] {logging_mixin.py:115} INFO - [2024-06-10 17:51:37,599] {dag.py:2420} INFO - Sync 1 DAGs
[2024-06-10 17:51:37,612] {logging_mixin.py:115} INFO - [2024-06-10 17:51:37,612] {dag.py:2972} INFO - Setting next_dagrun for python_operator to None, run_after=None
[2024-06-10 17:51:37,620] {processor.py:161} INFO - Processing /opt/airflow/dags/2-pythonoperator.py took 0.047 seconds
[2024-06-10 17:52:07,920] {processor.py:153} INFO - Started process (PID=1078) to work on /opt/airflow/dags/2-pythonoperator.py
[2024-06-10 17:52:07,921] {processor.py:641} INFO - Processing file /opt/airflow/dags/2-pythonoperator.py for tasks to queue
[2024-06-10 17:52:07,921] {logging_mixin.py:115} INFO - [2024-06-10 17:52:07,921] {dagbag.py:508} INFO - Filling up the DagBag from /opt/airflow/dags/2-pythonoperator.py
[2024-06-10 17:52:07,925] {processor.py:651} INFO - DAG(s) dict_keys(['python_operator']) retrieved from /opt/airflow/dags/2-pythonoperator.py
[2024-06-10 17:52:07,941] {logging_mixin.py:115} INFO - [2024-06-10 17:52:07,941] {dag.py:2420} INFO - Sync 1 DAGs
[2024-06-10 17:52:07,955] {logging_mixin.py:115} INFO - [2024-06-10 17:52:07,955] {dag.py:2972} INFO - Setting next_dagrun for python_operator to None, run_after=None
[2024-06-10 17:52:07,964] {processor.py:161} INFO - Processing /opt/airflow/dags/2-pythonoperator.py took 0.045 seconds
[2024-06-10 17:52:38,271] {processor.py:153} INFO - Started process (PID=1113) to work on /opt/airflow/dags/2-pythonoperator.py
[2024-06-10 17:52:38,271] {processor.py:641} INFO - Processing file /opt/airflow/dags/2-pythonoperator.py for tasks to queue
[2024-06-10 17:52:38,271] {logging_mixin.py:115} INFO - [2024-06-10 17:52:38,271] {dagbag.py:508} INFO - Filling up the DagBag from /opt/airflow/dags/2-pythonoperator.py
[2024-06-10 17:52:38,275] {processor.py:651} INFO - DAG(s) dict_keys(['python_operator']) retrieved from /opt/airflow/dags/2-pythonoperator.py
[2024-06-10 17:52:38,291] {logging_mixin.py:115} INFO - [2024-06-10 17:52:38,291] {dag.py:2420} INFO - Sync 1 DAGs
[2024-06-10 17:52:38,306] {logging_mixin.py:115} INFO - [2024-06-10 17:52:38,306] {dag.py:2972} INFO - Setting next_dagrun for python_operator to None, run_after=None
[2024-06-10 17:52:38,314] {processor.py:161} INFO - Processing /opt/airflow/dags/2-pythonoperator.py took 0.046 seconds
[2024-06-10 17:53:08,619] {processor.py:153} INFO - Started process (PID=1139) to work on /opt/airflow/dags/2-pythonoperator.py
[2024-06-10 17:53:08,619] {processor.py:641} INFO - Processing file /opt/airflow/dags/2-pythonoperator.py for tasks to queue
[2024-06-10 17:53:08,620] {logging_mixin.py:115} INFO - [2024-06-10 17:53:08,620] {dagbag.py:508} INFO - Filling up the DagBag from /opt/airflow/dags/2-pythonoperator.py
[2024-06-10 17:53:08,624] {processor.py:651} INFO - DAG(s) dict_keys(['python_operator']) retrieved from /opt/airflow/dags/2-pythonoperator.py
[2024-06-10 17:53:08,639] {logging_mixin.py:115} INFO - [2024-06-10 17:53:08,639] {dag.py:2420} INFO - Sync 1 DAGs
[2024-06-10 17:53:08,652] {logging_mixin.py:115} INFO - [2024-06-10 17:53:08,652] {dag.py:2972} INFO - Setting next_dagrun for python_operator to None, run_after=None
[2024-06-10 17:53:08,660] {processor.py:161} INFO - Processing /opt/airflow/dags/2-pythonoperator.py took 0.043 seconds
[2024-06-10 17:53:38,949] {processor.py:153} INFO - Started process (PID=1174) to work on /opt/airflow/dags/2-pythonoperator.py
[2024-06-10 17:53:38,950] {processor.py:641} INFO - Processing file /opt/airflow/dags/2-pythonoperator.py for tasks to queue
[2024-06-10 17:53:38,950] {logging_mixin.py:115} INFO - [2024-06-10 17:53:38,950] {dagbag.py:508} INFO - Filling up the DagBag from /opt/airflow/dags/2-pythonoperator.py
[2024-06-10 17:53:38,954] {processor.py:651} INFO - DAG(s) dict_keys(['python_operator']) retrieved from /opt/airflow/dags/2-pythonoperator.py
[2024-06-10 17:53:38,969] {logging_mixin.py:115} INFO - [2024-06-10 17:53:38,969] {dag.py:2420} INFO - Sync 1 DAGs
[2024-06-10 17:53:38,982] {logging_mixin.py:115} INFO - [2024-06-10 17:53:38,982] {dag.py:2972} INFO - Setting next_dagrun for python_operator to None, run_after=None
[2024-06-10 17:53:38,989] {processor.py:161} INFO - Processing /opt/airflow/dags/2-pythonoperator.py took 0.041 seconds
[2024-06-10 17:54:09,277] {processor.py:153} INFO - Started process (PID=1209) to work on /opt/airflow/dags/2-pythonoperator.py
[2024-06-10 17:54:09,277] {processor.py:641} INFO - Processing file /opt/airflow/dags/2-pythonoperator.py for tasks to queue
[2024-06-10 17:54:09,278] {logging_mixin.py:115} INFO - [2024-06-10 17:54:09,278] {dagbag.py:508} INFO - Filling up the DagBag from /opt/airflow/dags/2-pythonoperator.py
[2024-06-10 17:54:09,282] {processor.py:651} INFO - DAG(s) dict_keys(['python_operator']) retrieved from /opt/airflow/dags/2-pythonoperator.py
[2024-06-10 17:54:09,298] {logging_mixin.py:115} INFO - [2024-06-10 17:54:09,297] {dag.py:2420} INFO - Sync 1 DAGs
[2024-06-10 17:54:09,311] {logging_mixin.py:115} INFO - [2024-06-10 17:54:09,311] {dag.py:2972} INFO - Setting next_dagrun for python_operator to None, run_after=None
[2024-06-10 17:54:09,319] {processor.py:161} INFO - Processing /opt/airflow/dags/2-pythonoperator.py took 0.044 seconds
[2024-06-10 17:54:39,618] {processor.py:153} INFO - Started process (PID=1244) to work on /opt/airflow/dags/2-pythonoperator.py
[2024-06-10 17:54:39,618] {processor.py:641} INFO - Processing file /opt/airflow/dags/2-pythonoperator.py for tasks to queue
[2024-06-10 17:54:39,619] {logging_mixin.py:115} INFO - [2024-06-10 17:54:39,619] {dagbag.py:508} INFO - Filling up the DagBag from /opt/airflow/dags/2-pythonoperator.py
[2024-06-10 17:54:39,623] {processor.py:651} INFO - DAG(s) dict_keys(['python_operator']) retrieved from /opt/airflow/dags/2-pythonoperator.py
[2024-06-10 17:54:39,638] {logging_mixin.py:115} INFO - [2024-06-10 17:54:39,638] {dag.py:2420} INFO - Sync 1 DAGs
[2024-06-10 17:54:39,650] {logging_mixin.py:115} INFO - [2024-06-10 17:54:39,650] {dag.py:2972} INFO - Setting next_dagrun for python_operator to None, run_after=None
[2024-06-10 17:54:39,657] {processor.py:161} INFO - Processing /opt/airflow/dags/2-pythonoperator.py took 0.042 seconds
[2024-06-10 17:55:09,992] {processor.py:153} INFO - Started process (PID=1279) to work on /opt/airflow/dags/2-pythonoperator.py
[2024-06-10 17:55:09,992] {processor.py:641} INFO - Processing file /opt/airflow/dags/2-pythonoperator.py for tasks to queue
[2024-06-10 17:55:09,992] {logging_mixin.py:115} INFO - [2024-06-10 17:55:09,992] {dagbag.py:508} INFO - Filling up the DagBag from /opt/airflow/dags/2-pythonoperator.py
[2024-06-10 17:55:09,996] {processor.py:651} INFO - DAG(s) dict_keys(['python_operator']) retrieved from /opt/airflow/dags/2-pythonoperator.py
[2024-06-10 17:55:10,012] {logging_mixin.py:115} INFO - [2024-06-10 17:55:10,012] {dag.py:2420} INFO - Sync 1 DAGs
[2024-06-10 17:55:10,025] {logging_mixin.py:115} INFO - [2024-06-10 17:55:10,025] {dag.py:2972} INFO - Setting next_dagrun for python_operator to None, run_after=None
[2024-06-10 17:55:10,033] {processor.py:161} INFO - Processing /opt/airflow/dags/2-pythonoperator.py took 0.043 seconds
[2024-06-10 17:55:40,344] {processor.py:153} INFO - Started process (PID=1313) to work on /opt/airflow/dags/2-pythonoperator.py
[2024-06-10 17:55:40,344] {processor.py:641} INFO - Processing file /opt/airflow/dags/2-pythonoperator.py for tasks to queue
[2024-06-10 17:55:40,345] {logging_mixin.py:115} INFO - [2024-06-10 17:55:40,345] {dagbag.py:508} INFO - Filling up the DagBag from /opt/airflow/dags/2-pythonoperator.py
[2024-06-10 17:55:40,349] {processor.py:651} INFO - DAG(s) dict_keys(['python_operator']) retrieved from /opt/airflow/dags/2-pythonoperator.py
[2024-06-10 17:55:40,368] {logging_mixin.py:115} INFO - [2024-06-10 17:55:40,367] {dag.py:2420} INFO - Sync 1 DAGs
[2024-06-10 17:55:40,382] {logging_mixin.py:115} INFO - [2024-06-10 17:55:40,382] {dag.py:2972} INFO - Setting next_dagrun for python_operator to None, run_after=None
[2024-06-10 17:55:40,390] {processor.py:161} INFO - Processing /opt/airflow/dags/2-pythonoperator.py took 0.048 seconds
[2024-06-10 17:56:10,704] {processor.py:153} INFO - Started process (PID=1339) to work on /opt/airflow/dags/2-pythonoperator.py
[2024-06-10 17:56:10,704] {processor.py:641} INFO - Processing file /opt/airflow/dags/2-pythonoperator.py for tasks to queue
[2024-06-10 17:56:10,705] {logging_mixin.py:115} INFO - [2024-06-10 17:56:10,705] {dagbag.py:508} INFO - Filling up the DagBag from /opt/airflow/dags/2-pythonoperator.py
[2024-06-10 17:56:10,709] {processor.py:651} INFO - DAG(s) dict_keys(['python_operator']) retrieved from /opt/airflow/dags/2-pythonoperator.py
[2024-06-10 17:56:10,724] {logging_mixin.py:115} INFO - [2024-06-10 17:56:10,724] {dag.py:2420} INFO - Sync 1 DAGs
[2024-06-10 17:56:10,738] {logging_mixin.py:115} INFO - [2024-06-10 17:56:10,738] {dag.py:2972} INFO - Setting next_dagrun for python_operator to None, run_after=None
[2024-06-10 17:56:10,745] {processor.py:161} INFO - Processing /opt/airflow/dags/2-pythonoperator.py took 0.043 seconds
[2024-06-10 17:56:41,035] {processor.py:153} INFO - Started process (PID=1374) to work on /opt/airflow/dags/2-pythonoperator.py
[2024-06-10 17:56:41,036] {processor.py:641} INFO - Processing file /opt/airflow/dags/2-pythonoperator.py for tasks to queue
[2024-06-10 17:56:41,036] {logging_mixin.py:115} INFO - [2024-06-10 17:56:41,036] {dagbag.py:508} INFO - Filling up the DagBag from /opt/airflow/dags/2-pythonoperator.py
[2024-06-10 17:56:41,041] {processor.py:651} INFO - DAG(s) dict_keys(['python_operator']) retrieved from /opt/airflow/dags/2-pythonoperator.py
[2024-06-10 17:56:41,056] {logging_mixin.py:115} INFO - [2024-06-10 17:56:41,056] {dag.py:2420} INFO - Sync 1 DAGs
[2024-06-10 17:56:41,068] {logging_mixin.py:115} INFO - [2024-06-10 17:56:41,068] {dag.py:2972} INFO - Setting next_dagrun for python_operator to None, run_after=None
[2024-06-10 17:56:41,076] {processor.py:161} INFO - Processing /opt/airflow/dags/2-pythonoperator.py took 0.045 seconds
[2024-06-10 17:57:11,415] {processor.py:153} INFO - Started process (PID=1409) to work on /opt/airflow/dags/2-pythonoperator.py
[2024-06-10 17:57:11,415] {processor.py:641} INFO - Processing file /opt/airflow/dags/2-pythonoperator.py for tasks to queue
[2024-06-10 17:57:11,415] {logging_mixin.py:115} INFO - [2024-06-10 17:57:11,415] {dagbag.py:508} INFO - Filling up the DagBag from /opt/airflow/dags/2-pythonoperator.py
[2024-06-10 17:57:11,420] {processor.py:651} INFO - DAG(s) dict_keys(['python_operator']) retrieved from /opt/airflow/dags/2-pythonoperator.py
[2024-06-10 17:57:11,435] {logging_mixin.py:115} INFO - [2024-06-10 17:57:11,435] {dag.py:2420} INFO - Sync 1 DAGs
[2024-06-10 17:57:11,448] {logging_mixin.py:115} INFO - [2024-06-10 17:57:11,448] {dag.py:2972} INFO - Setting next_dagrun for python_operator to None, run_after=None
[2024-06-10 17:57:11,456] {processor.py:161} INFO - Processing /opt/airflow/dags/2-pythonoperator.py took 0.043 seconds
[2024-06-10 17:57:41,747] {processor.py:153} INFO - Started process (PID=1443) to work on /opt/airflow/dags/2-pythonoperator.py
[2024-06-10 17:57:41,747] {processor.py:641} INFO - Processing file /opt/airflow/dags/2-pythonoperator.py for tasks to queue
[2024-06-10 17:57:41,748] {logging_mixin.py:115} INFO - [2024-06-10 17:57:41,748] {dagbag.py:508} INFO - Filling up the DagBag from /opt/airflow/dags/2-pythonoperator.py
[2024-06-10 17:57:41,752] {processor.py:651} INFO - DAG(s) dict_keys(['python_operator']) retrieved from /opt/airflow/dags/2-pythonoperator.py
[2024-06-10 17:57:41,767] {logging_mixin.py:115} INFO - [2024-06-10 17:57:41,766] {dag.py:2420} INFO - Sync 1 DAGs
[2024-06-10 17:57:41,779] {logging_mixin.py:115} INFO - [2024-06-10 17:57:41,779] {dag.py:2972} INFO - Setting next_dagrun for python_operator to None, run_after=None
[2024-06-10 17:57:41,787] {processor.py:161} INFO - Processing /opt/airflow/dags/2-pythonoperator.py took 0.042 seconds
[2024-06-10 17:58:12,094] {processor.py:153} INFO - Started process (PID=1477) to work on /opt/airflow/dags/2-pythonoperator.py
[2024-06-10 17:58:12,094] {processor.py:641} INFO - Processing file /opt/airflow/dags/2-pythonoperator.py for tasks to queue
[2024-06-10 17:58:12,094] {logging_mixin.py:115} INFO - [2024-06-10 17:58:12,094] {dagbag.py:508} INFO - Filling up the DagBag from /opt/airflow/dags/2-pythonoperator.py
[2024-06-10 17:58:12,099] {processor.py:651} INFO - DAG(s) dict_keys(['python_operator']) retrieved from /opt/airflow/dags/2-pythonoperator.py
[2024-06-10 17:58:12,117] {logging_mixin.py:115} INFO - [2024-06-10 17:58:12,117] {dag.py:2420} INFO - Sync 1 DAGs
[2024-06-10 17:58:12,131] {logging_mixin.py:115} INFO - [2024-06-10 17:58:12,131] {dag.py:2972} INFO - Setting next_dagrun for python_operator to None, run_after=None
[2024-06-10 17:58:12,140] {processor.py:161} INFO - Processing /opt/airflow/dags/2-pythonoperator.py took 0.049 seconds
[2024-06-10 17:58:42,431] {processor.py:153} INFO - Started process (PID=1503) to work on /opt/airflow/dags/2-pythonoperator.py
[2024-06-10 17:58:42,431] {processor.py:641} INFO - Processing file /opt/airflow/dags/2-pythonoperator.py for tasks to queue
[2024-06-10 17:58:42,432] {logging_mixin.py:115} INFO - [2024-06-10 17:58:42,432] {dagbag.py:508} INFO - Filling up the DagBag from /opt/airflow/dags/2-pythonoperator.py
[2024-06-10 17:58:42,436] {processor.py:651} INFO - DAG(s) dict_keys(['python_operator']) retrieved from /opt/airflow/dags/2-pythonoperator.py
[2024-06-10 17:58:42,450] {logging_mixin.py:115} INFO - [2024-06-10 17:58:42,450] {dag.py:2420} INFO - Sync 1 DAGs
[2024-06-10 17:58:42,463] {logging_mixin.py:115} INFO - [2024-06-10 17:58:42,463] {dag.py:2972} INFO - Setting next_dagrun for python_operator to None, run_after=None
[2024-06-10 17:58:42,470] {processor.py:161} INFO - Processing /opt/airflow/dags/2-pythonoperator.py took 0.041 seconds
[2024-06-10 17:59:12,755] {processor.py:153} INFO - Started process (PID=1538) to work on /opt/airflow/dags/2-pythonoperator.py
[2024-06-10 17:59:12,755] {processor.py:641} INFO - Processing file /opt/airflow/dags/2-pythonoperator.py for tasks to queue
[2024-06-10 17:59:12,756] {logging_mixin.py:115} INFO - [2024-06-10 17:59:12,756] {dagbag.py:508} INFO - Filling up the DagBag from /opt/airflow/dags/2-pythonoperator.py
[2024-06-10 17:59:12,760] {processor.py:651} INFO - DAG(s) dict_keys(['python_operator']) retrieved from /opt/airflow/dags/2-pythonoperator.py
[2024-06-10 17:59:12,775] {logging_mixin.py:115} INFO - [2024-06-10 17:59:12,775] {dag.py:2420} INFO - Sync 1 DAGs
[2024-06-10 17:59:12,789] {logging_mixin.py:115} INFO - [2024-06-10 17:59:12,789] {dag.py:2972} INFO - Setting next_dagrun for python_operator to None, run_after=None
[2024-06-10 17:59:12,799] {processor.py:161} INFO - Processing /opt/airflow/dags/2-pythonoperator.py took 0.046 seconds
[2024-06-10 17:59:43,092] {processor.py:153} INFO - Started process (PID=1573) to work on /opt/airflow/dags/2-pythonoperator.py
[2024-06-10 17:59:43,092] {processor.py:641} INFO - Processing file /opt/airflow/dags/2-pythonoperator.py for tasks to queue
[2024-06-10 17:59:43,093] {logging_mixin.py:115} INFO - [2024-06-10 17:59:43,093] {dagbag.py:508} INFO - Filling up the DagBag from /opt/airflow/dags/2-pythonoperator.py
[2024-06-10 17:59:43,098] {processor.py:651} INFO - DAG(s) dict_keys(['python_operator']) retrieved from /opt/airflow/dags/2-pythonoperator.py
[2024-06-10 17:59:43,112] {logging_mixin.py:115} INFO - [2024-06-10 17:59:43,112] {dag.py:2420} INFO - Sync 1 DAGs
[2024-06-10 17:59:43,124] {logging_mixin.py:115} INFO - [2024-06-10 17:59:43,124] {dag.py:2972} INFO - Setting next_dagrun for python_operator to None, run_after=None
[2024-06-10 17:59:43,131] {processor.py:161} INFO - Processing /opt/airflow/dags/2-pythonoperator.py took 0.041 seconds
[2024-06-10 18:00:13,379] {processor.py:153} INFO - Started process (PID=1608) to work on /opt/airflow/dags/2-pythonoperator.py
[2024-06-10 18:00:13,380] {processor.py:641} INFO - Processing file /opt/airflow/dags/2-pythonoperator.py for tasks to queue
[2024-06-10 18:00:13,380] {logging_mixin.py:115} INFO - [2024-06-10 18:00:13,380] {dagbag.py:508} INFO - Filling up the DagBag from /opt/airflow/dags/2-pythonoperator.py
[2024-06-10 18:00:13,384] {processor.py:651} INFO - DAG(s) dict_keys(['python_operator']) retrieved from /opt/airflow/dags/2-pythonoperator.py
[2024-06-10 18:00:13,399] {logging_mixin.py:115} INFO - [2024-06-10 18:00:13,399] {dag.py:2420} INFO - Sync 1 DAGs
[2024-06-10 18:00:13,412] {logging_mixin.py:115} INFO - [2024-06-10 18:00:13,412] {dag.py:2972} INFO - Setting next_dagrun for python_operator to None, run_after=None
[2024-06-10 18:00:13,420] {processor.py:161} INFO - Processing /opt/airflow/dags/2-pythonoperator.py took 0.043 seconds
[2024-06-10 18:00:43,756] {processor.py:153} INFO - Started process (PID=1643) to work on /opt/airflow/dags/2-pythonoperator.py
[2024-06-10 18:00:43,756] {processor.py:641} INFO - Processing file /opt/airflow/dags/2-pythonoperator.py for tasks to queue
[2024-06-10 18:00:43,756] {logging_mixin.py:115} INFO - [2024-06-10 18:00:43,756] {dagbag.py:508} INFO - Filling up the DagBag from /opt/airflow/dags/2-pythonoperator.py
[2024-06-10 18:00:43,761] {processor.py:651} INFO - DAG(s) dict_keys(['python_operator']) retrieved from /opt/airflow/dags/2-pythonoperator.py
[2024-06-10 18:00:43,776] {logging_mixin.py:115} INFO - [2024-06-10 18:00:43,776] {dag.py:2420} INFO - Sync 1 DAGs
[2024-06-10 18:00:43,790] {logging_mixin.py:115} INFO - [2024-06-10 18:00:43,790] {dag.py:2972} INFO - Setting next_dagrun for python_operator to None, run_after=None
[2024-06-10 18:00:43,798] {processor.py:161} INFO - Processing /opt/airflow/dags/2-pythonoperator.py took 0.045 seconds
[2024-06-10 18:01:14,108] {processor.py:153} INFO - Started process (PID=1678) to work on /opt/airflow/dags/2-pythonoperator.py
[2024-06-10 18:01:14,108] {processor.py:641} INFO - Processing file /opt/airflow/dags/2-pythonoperator.py for tasks to queue
[2024-06-10 18:01:14,109] {logging_mixin.py:115} INFO - [2024-06-10 18:01:14,109] {dagbag.py:508} INFO - Filling up the DagBag from /opt/airflow/dags/2-pythonoperator.py
[2024-06-10 18:01:14,116] {processor.py:651} INFO - DAG(s) dict_keys(['python_operator']) retrieved from /opt/airflow/dags/2-pythonoperator.py
[2024-06-10 18:01:14,134] {logging_mixin.py:115} INFO - [2024-06-10 18:01:14,134] {dag.py:2420} INFO - Sync 1 DAGs
[2024-06-10 18:01:14,148] {logging_mixin.py:115} INFO - [2024-06-10 18:01:14,148] {dag.py:2972} INFO - Setting next_dagrun for python_operator to None, run_after=None
[2024-06-10 18:01:14,156] {processor.py:161} INFO - Processing /opt/airflow/dags/2-pythonoperator.py took 0.050 seconds
[2024-06-10 18:01:44,449] {processor.py:153} INFO - Started process (PID=1704) to work on /opt/airflow/dags/2-pythonoperator.py
[2024-06-10 18:01:44,450] {processor.py:641} INFO - Processing file /opt/airflow/dags/2-pythonoperator.py for tasks to queue
[2024-06-10 18:01:44,450] {logging_mixin.py:115} INFO - [2024-06-10 18:01:44,450] {dagbag.py:508} INFO - Filling up the DagBag from /opt/airflow/dags/2-pythonoperator.py
[2024-06-10 18:01:44,456] {processor.py:651} INFO - DAG(s) dict_keys(['python_operator']) retrieved from /opt/airflow/dags/2-pythonoperator.py
[2024-06-10 18:01:44,472] {logging_mixin.py:115} INFO - [2024-06-10 18:01:44,472] {dag.py:2420} INFO - Sync 1 DAGs
[2024-06-10 18:01:44,487] {logging_mixin.py:115} INFO - [2024-06-10 18:01:44,487] {dag.py:2972} INFO - Setting next_dagrun for python_operator to None, run_after=None
[2024-06-10 18:01:44,496] {processor.py:161} INFO - Processing /opt/airflow/dags/2-pythonoperator.py took 0.050 seconds
[2024-06-10 18:02:14,786] {processor.py:153} INFO - Started process (PID=1738) to work on /opt/airflow/dags/2-pythonoperator.py
[2024-06-10 18:02:14,786] {processor.py:641} INFO - Processing file /opt/airflow/dags/2-pythonoperator.py for tasks to queue
[2024-06-10 18:02:14,786] {logging_mixin.py:115} INFO - [2024-06-10 18:02:14,786] {dagbag.py:508} INFO - Filling up the DagBag from /opt/airflow/dags/2-pythonoperator.py
[2024-06-10 18:02:14,790] {processor.py:651} INFO - DAG(s) dict_keys(['python_operator']) retrieved from /opt/airflow/dags/2-pythonoperator.py
[2024-06-10 18:02:14,807] {logging_mixin.py:115} INFO - [2024-06-10 18:02:14,807] {dag.py:2420} INFO - Sync 1 DAGs
[2024-06-10 18:02:14,820] {logging_mixin.py:115} INFO - [2024-06-10 18:02:14,820] {dag.py:2972} INFO - Setting next_dagrun for python_operator to None, run_after=None
[2024-06-10 18:02:14,827] {processor.py:161} INFO - Processing /opt/airflow/dags/2-pythonoperator.py took 0.044 seconds
[2024-06-10 18:02:45,127] {processor.py:153} INFO - Started process (PID=1773) to work on /opt/airflow/dags/2-pythonoperator.py
[2024-06-10 18:02:45,127] {processor.py:641} INFO - Processing file /opt/airflow/dags/2-pythonoperator.py for tasks to queue
[2024-06-10 18:02:45,128] {logging_mixin.py:115} INFO - [2024-06-10 18:02:45,128] {dagbag.py:508} INFO - Filling up the DagBag from /opt/airflow/dags/2-pythonoperator.py
[2024-06-10 18:02:45,132] {processor.py:651} INFO - DAG(s) dict_keys(['python_operator']) retrieved from /opt/airflow/dags/2-pythonoperator.py
[2024-06-10 18:02:45,147] {logging_mixin.py:115} INFO - [2024-06-10 18:02:45,146] {dag.py:2420} INFO - Sync 1 DAGs
[2024-06-10 18:02:45,159] {logging_mixin.py:115} INFO - [2024-06-10 18:02:45,159] {dag.py:2972} INFO - Setting next_dagrun for python_operator to None, run_after=None
[2024-06-10 18:02:45,166] {processor.py:161} INFO - Processing /opt/airflow/dags/2-pythonoperator.py took 0.042 seconds
[2024-06-10 18:03:15,418] {processor.py:153} INFO - Started process (PID=1808) to work on /opt/airflow/dags/2-pythonoperator.py
[2024-06-10 18:03:15,418] {processor.py:641} INFO - Processing file /opt/airflow/dags/2-pythonoperator.py for tasks to queue
[2024-06-10 18:03:15,419] {logging_mixin.py:115} INFO - [2024-06-10 18:03:15,419] {dagbag.py:508} INFO - Filling up the DagBag from /opt/airflow/dags/2-pythonoperator.py
[2024-06-10 18:03:15,423] {processor.py:651} INFO - DAG(s) dict_keys(['python_operator']) retrieved from /opt/airflow/dags/2-pythonoperator.py
[2024-06-10 18:03:15,438] {logging_mixin.py:115} INFO - [2024-06-10 18:03:15,438] {dag.py:2420} INFO - Sync 1 DAGs
[2024-06-10 18:03:15,451] {logging_mixin.py:115} INFO - [2024-06-10 18:03:15,451] {dag.py:2972} INFO - Setting next_dagrun for python_operator to None, run_after=None
[2024-06-10 18:03:15,461] {processor.py:161} INFO - Processing /opt/airflow/dags/2-pythonoperator.py took 0.045 seconds
[2024-06-10 18:03:45,808] {processor.py:153} INFO - Started process (PID=1843) to work on /opt/airflow/dags/2-pythonoperator.py
[2024-06-10 18:03:45,809] {processor.py:641} INFO - Processing file /opt/airflow/dags/2-pythonoperator.py for tasks to queue
[2024-06-10 18:03:45,809] {logging_mixin.py:115} INFO - [2024-06-10 18:03:45,809] {dagbag.py:508} INFO - Filling up the DagBag from /opt/airflow/dags/2-pythonoperator.py
[2024-06-10 18:03:45,814] {processor.py:651} INFO - DAG(s) dict_keys(['python_operator']) retrieved from /opt/airflow/dags/2-pythonoperator.py
[2024-06-10 18:03:45,830] {logging_mixin.py:115} INFO - [2024-06-10 18:03:45,829] {dag.py:2420} INFO - Sync 1 DAGs
[2024-06-10 18:03:45,842] {logging_mixin.py:115} INFO - [2024-06-10 18:03:45,842] {dag.py:2972} INFO - Setting next_dagrun for python_operator to None, run_after=None
[2024-06-10 18:03:45,850] {processor.py:161} INFO - Processing /opt/airflow/dags/2-pythonoperator.py took 0.044 seconds
[2024-06-10 18:04:16,140] {processor.py:153} INFO - Started process (PID=1867) to work on /opt/airflow/dags/2-pythonoperator.py
[2024-06-10 18:04:16,140] {processor.py:641} INFO - Processing file /opt/airflow/dags/2-pythonoperator.py for tasks to queue
[2024-06-10 18:04:16,140] {logging_mixin.py:115} INFO - [2024-06-10 18:04:16,140] {dagbag.py:508} INFO - Filling up the DagBag from /opt/airflow/dags/2-pythonoperator.py
[2024-06-10 18:04:16,145] {processor.py:651} INFO - DAG(s) dict_keys(['python_operator']) retrieved from /opt/airflow/dags/2-pythonoperator.py
[2024-06-10 18:04:16,160] {logging_mixin.py:115} INFO - [2024-06-10 18:04:16,160] {dag.py:2420} INFO - Sync 1 DAGs
[2024-06-10 18:04:16,174] {logging_mixin.py:115} INFO - [2024-06-10 18:04:16,174] {dag.py:2972} INFO - Setting next_dagrun for python_operator to None, run_after=None
[2024-06-10 18:04:16,181] {processor.py:161} INFO - Processing /opt/airflow/dags/2-pythonoperator.py took 0.043 seconds
[2024-06-10 18:04:46,485] {processor.py:153} INFO - Started process (PID=1902) to work on /opt/airflow/dags/2-pythonoperator.py
[2024-06-10 18:04:46,485] {processor.py:641} INFO - Processing file /opt/airflow/dags/2-pythonoperator.py for tasks to queue
[2024-06-10 18:04:46,485] {logging_mixin.py:115} INFO - [2024-06-10 18:04:46,485] {dagbag.py:508} INFO - Filling up the DagBag from /opt/airflow/dags/2-pythonoperator.py
[2024-06-10 18:04:46,489] {processor.py:651} INFO - DAG(s) dict_keys(['python_operator']) retrieved from /opt/airflow/dags/2-pythonoperator.py
[2024-06-10 18:04:46,504] {logging_mixin.py:115} INFO - [2024-06-10 18:04:46,504] {dag.py:2420} INFO - Sync 1 DAGs
[2024-06-10 18:04:46,516] {logging_mixin.py:115} INFO - [2024-06-10 18:04:46,516] {dag.py:2972} INFO - Setting next_dagrun for python_operator to None, run_after=None
[2024-06-10 18:04:46,523] {processor.py:161} INFO - Processing /opt/airflow/dags/2-pythonoperator.py took 0.040 seconds
[2024-06-10 18:05:16,800] {processor.py:153} INFO - Started process (PID=1937) to work on /opt/airflow/dags/2-pythonoperator.py
[2024-06-10 18:05:16,801] {processor.py:641} INFO - Processing file /opt/airflow/dags/2-pythonoperator.py for tasks to queue
[2024-06-10 18:05:16,801] {logging_mixin.py:115} INFO - [2024-06-10 18:05:16,801] {dagbag.py:508} INFO - Filling up the DagBag from /opt/airflow/dags/2-pythonoperator.py
[2024-06-10 18:05:16,805] {processor.py:651} INFO - DAG(s) dict_keys(['python_operator']) retrieved from /opt/airflow/dags/2-pythonoperator.py
[2024-06-10 18:05:16,820] {logging_mixin.py:115} INFO - [2024-06-10 18:05:16,820] {dag.py:2420} INFO - Sync 1 DAGs
[2024-06-10 18:05:16,833] {logging_mixin.py:115} INFO - [2024-06-10 18:05:16,833] {dag.py:2972} INFO - Setting next_dagrun for python_operator to None, run_after=None
[2024-06-10 18:05:16,842] {processor.py:161} INFO - Processing /opt/airflow/dags/2-pythonoperator.py took 0.043 seconds
[2024-06-10 18:05:47,190] {processor.py:153} INFO - Started process (PID=1972) to work on /opt/airflow/dags/2-pythonoperator.py
[2024-06-10 18:05:47,190] {processor.py:641} INFO - Processing file /opt/airflow/dags/2-pythonoperator.py for tasks to queue
[2024-06-10 18:05:47,190] {logging_mixin.py:115} INFO - [2024-06-10 18:05:47,190] {dagbag.py:508} INFO - Filling up the DagBag from /opt/airflow/dags/2-pythonoperator.py
[2024-06-10 18:05:47,195] {processor.py:651} INFO - DAG(s) dict_keys(['python_operator']) retrieved from /opt/airflow/dags/2-pythonoperator.py
[2024-06-10 18:05:47,211] {logging_mixin.py:115} INFO - [2024-06-10 18:05:47,211] {dag.py:2420} INFO - Sync 1 DAGs
[2024-06-10 18:05:47,226] {logging_mixin.py:115} INFO - [2024-06-10 18:05:47,225] {dag.py:2972} INFO - Setting next_dagrun for python_operator to None, run_after=None
[2024-06-10 18:05:47,234] {processor.py:161} INFO - Processing /opt/airflow/dags/2-pythonoperator.py took 0.046 seconds
[2024-06-10 18:06:17,524] {processor.py:153} INFO - Started process (PID=2007) to work on /opt/airflow/dags/2-pythonoperator.py
[2024-06-10 18:06:17,525] {processor.py:641} INFO - Processing file /opt/airflow/dags/2-pythonoperator.py for tasks to queue
[2024-06-10 18:06:17,525] {logging_mixin.py:115} INFO - [2024-06-10 18:06:17,525] {dagbag.py:508} INFO - Filling up the DagBag from /opt/airflow/dags/2-pythonoperator.py
[2024-06-10 18:06:17,530] {processor.py:651} INFO - DAG(s) dict_keys(['python_operator']) retrieved from /opt/airflow/dags/2-pythonoperator.py
[2024-06-10 18:06:17,545] {logging_mixin.py:115} INFO - [2024-06-10 18:06:17,545] {dag.py:2420} INFO - Sync 1 DAGs
[2024-06-10 18:06:17,559] {logging_mixin.py:115} INFO - [2024-06-10 18:06:17,559] {dag.py:2972} INFO - Setting next_dagrun for python_operator to None, run_after=None
[2024-06-10 18:06:17,566] {processor.py:161} INFO - Processing /opt/airflow/dags/2-pythonoperator.py took 0.043 seconds
[2024-06-10 18:06:47,826] {processor.py:153} INFO - Started process (PID=2042) to work on /opt/airflow/dags/2-pythonoperator.py
[2024-06-10 18:06:47,826] {processor.py:641} INFO - Processing file /opt/airflow/dags/2-pythonoperator.py for tasks to queue
[2024-06-10 18:06:47,827] {logging_mixin.py:115} INFO - [2024-06-10 18:06:47,827] {dagbag.py:508} INFO - Filling up the DagBag from /opt/airflow/dags/2-pythonoperator.py
[2024-06-10 18:06:47,832] {processor.py:651} INFO - DAG(s) dict_keys(['python_operator']) retrieved from /opt/airflow/dags/2-pythonoperator.py
[2024-06-10 18:06:47,849] {logging_mixin.py:115} INFO - [2024-06-10 18:06:47,849] {dag.py:2420} INFO - Sync 1 DAGs
[2024-06-10 18:06:47,869] {logging_mixin.py:115} INFO - [2024-06-10 18:06:47,869] {dag.py:2972} INFO - Setting next_dagrun for python_operator to None, run_after=None
[2024-06-10 18:06:47,878] {processor.py:161} INFO - Processing /opt/airflow/dags/2-pythonoperator.py took 0.055 seconds
[2024-06-10 18:07:18,231] {processor.py:153} INFO - Started process (PID=2067) to work on /opt/airflow/dags/2-pythonoperator.py
[2024-06-10 18:07:18,231] {processor.py:641} INFO - Processing file /opt/airflow/dags/2-pythonoperator.py for tasks to queue
[2024-06-10 18:07:18,232] {logging_mixin.py:115} INFO - [2024-06-10 18:07:18,232] {dagbag.py:508} INFO - Filling up the DagBag from /opt/airflow/dags/2-pythonoperator.py
[2024-06-10 18:07:18,237] {processor.py:651} INFO - DAG(s) dict_keys(['python_operator']) retrieved from /opt/airflow/dags/2-pythonoperator.py
[2024-06-10 18:07:18,253] {logging_mixin.py:115} INFO - [2024-06-10 18:07:18,253] {dag.py:2420} INFO - Sync 1 DAGs
[2024-06-10 18:07:18,265] {logging_mixin.py:115} INFO - [2024-06-10 18:07:18,265] {dag.py:2972} INFO - Setting next_dagrun for python_operator to None, run_after=None
[2024-06-10 18:07:18,273] {processor.py:161} INFO - Processing /opt/airflow/dags/2-pythonoperator.py took 0.044 seconds
[2024-06-10 18:07:48,567] {processor.py:153} INFO - Started process (PID=2102) to work on /opt/airflow/dags/2-pythonoperator.py
[2024-06-10 18:07:48,567] {processor.py:641} INFO - Processing file /opt/airflow/dags/2-pythonoperator.py for tasks to queue
[2024-06-10 18:07:48,567] {logging_mixin.py:115} INFO - [2024-06-10 18:07:48,567] {dagbag.py:508} INFO - Filling up the DagBag from /opt/airflow/dags/2-pythonoperator.py
[2024-06-10 18:07:48,572] {processor.py:651} INFO - DAG(s) dict_keys(['python_operator']) retrieved from /opt/airflow/dags/2-pythonoperator.py
[2024-06-10 18:07:48,586] {logging_mixin.py:115} INFO - [2024-06-10 18:07:48,586] {dag.py:2420} INFO - Sync 1 DAGs
[2024-06-10 18:07:48,598] {logging_mixin.py:115} INFO - [2024-06-10 18:07:48,598] {dag.py:2972} INFO - Setting next_dagrun for python_operator to None, run_after=None
[2024-06-10 18:07:48,605] {processor.py:161} INFO - Processing /opt/airflow/dags/2-pythonoperator.py took 0.040 seconds
[2024-06-10 18:08:18,947] {processor.py:153} INFO - Started process (PID=2137) to work on /opt/airflow/dags/2-pythonoperator.py
[2024-06-10 18:08:18,949] {processor.py:641} INFO - Processing file /opt/airflow/dags/2-pythonoperator.py for tasks to queue
[2024-06-10 18:08:18,949] {logging_mixin.py:115} INFO - [2024-06-10 18:08:18,949] {dagbag.py:508} INFO - Filling up the DagBag from /opt/airflow/dags/2-pythonoperator.py
[2024-06-10 18:08:18,954] {processor.py:651} INFO - DAG(s) dict_keys(['python_operator']) retrieved from /opt/airflow/dags/2-pythonoperator.py
[2024-06-10 18:08:18,970] {logging_mixin.py:115} INFO - [2024-06-10 18:08:18,970] {dag.py:2420} INFO - Sync 1 DAGs
[2024-06-10 18:08:18,984] {logging_mixin.py:115} INFO - [2024-06-10 18:08:18,984] {dag.py:2972} INFO - Setting next_dagrun for python_operator to None, run_after=None
[2024-06-10 18:08:18,992] {processor.py:161} INFO - Processing /opt/airflow/dags/2-pythonoperator.py took 0.047 seconds
[2024-06-10 18:08:49,292] {processor.py:153} INFO - Started process (PID=2172) to work on /opt/airflow/dags/2-pythonoperator.py
[2024-06-10 18:08:49,293] {processor.py:641} INFO - Processing file /opt/airflow/dags/2-pythonoperator.py for tasks to queue
[2024-06-10 18:08:49,293] {logging_mixin.py:115} INFO - [2024-06-10 18:08:49,293] {dagbag.py:508} INFO - Filling up the DagBag from /opt/airflow/dags/2-pythonoperator.py
[2024-06-10 18:08:49,297] {processor.py:651} INFO - DAG(s) dict_keys(['python_operator']) retrieved from /opt/airflow/dags/2-pythonoperator.py
[2024-06-10 18:08:49,312] {logging_mixin.py:115} INFO - [2024-06-10 18:08:49,312] {dag.py:2420} INFO - Sync 1 DAGs
[2024-06-10 18:08:49,325] {logging_mixin.py:115} INFO - [2024-06-10 18:08:49,325] {dag.py:2972} INFO - Setting next_dagrun for python_operator to None, run_after=None
[2024-06-10 18:08:49,332] {processor.py:161} INFO - Processing /opt/airflow/dags/2-pythonoperator.py took 0.042 seconds
[2024-06-10 18:09:19,647] {processor.py:153} INFO - Started process (PID=2207) to work on /opt/airflow/dags/2-pythonoperator.py
[2024-06-10 18:09:19,647] {processor.py:641} INFO - Processing file /opt/airflow/dags/2-pythonoperator.py for tasks to queue
[2024-06-10 18:09:19,648] {logging_mixin.py:115} INFO - [2024-06-10 18:09:19,648] {dagbag.py:508} INFO - Filling up the DagBag from /opt/airflow/dags/2-pythonoperator.py
[2024-06-10 18:09:19,652] {processor.py:651} INFO - DAG(s) dict_keys(['python_operator']) retrieved from /opt/airflow/dags/2-pythonoperator.py
[2024-06-10 18:09:19,667] {logging_mixin.py:115} INFO - [2024-06-10 18:09:19,667] {dag.py:2420} INFO - Sync 1 DAGs
[2024-06-10 18:09:19,680] {logging_mixin.py:115} INFO - [2024-06-10 18:09:19,680] {dag.py:2972} INFO - Setting next_dagrun for python_operator to None, run_after=None
[2024-06-10 18:09:19,687] {processor.py:161} INFO - Processing /opt/airflow/dags/2-pythonoperator.py took 0.043 seconds
[2024-06-10 18:09:49,977] {processor.py:153} INFO - Started process (PID=2232) to work on /opt/airflow/dags/2-pythonoperator.py
[2024-06-10 18:09:49,978] {processor.py:641} INFO - Processing file /opt/airflow/dags/2-pythonoperator.py for tasks to queue
[2024-06-10 18:09:49,978] {logging_mixin.py:115} INFO - [2024-06-10 18:09:49,978] {dagbag.py:508} INFO - Filling up the DagBag from /opt/airflow/dags/2-pythonoperator.py
[2024-06-10 18:09:49,982] {processor.py:651} INFO - DAG(s) dict_keys(['python_operator']) retrieved from /opt/airflow/dags/2-pythonoperator.py
[2024-06-10 18:09:49,998] {logging_mixin.py:115} INFO - [2024-06-10 18:09:49,998] {dag.py:2420} INFO - Sync 1 DAGs
[2024-06-10 18:09:50,011] {logging_mixin.py:115} INFO - [2024-06-10 18:09:50,011] {dag.py:2972} INFO - Setting next_dagrun for python_operator to None, run_after=None
[2024-06-10 18:09:50,018] {processor.py:161} INFO - Processing /opt/airflow/dags/2-pythonoperator.py took 0.042 seconds
[2024-06-10 18:10:20,319] {processor.py:153} INFO - Started process (PID=2266) to work on /opt/airflow/dags/2-pythonoperator.py
[2024-06-10 18:10:20,319] {processor.py:641} INFO - Processing file /opt/airflow/dags/2-pythonoperator.py for tasks to queue
[2024-06-10 18:10:20,320] {logging_mixin.py:115} INFO - [2024-06-10 18:10:20,319] {dagbag.py:508} INFO - Filling up the DagBag from /opt/airflow/dags/2-pythonoperator.py
[2024-06-10 18:10:20,324] {processor.py:651} INFO - DAG(s) dict_keys(['python_operator']) retrieved from /opt/airflow/dags/2-pythonoperator.py
[2024-06-10 18:10:20,340] {logging_mixin.py:115} INFO - [2024-06-10 18:10:20,340] {dag.py:2420} INFO - Sync 1 DAGs
[2024-06-10 18:10:20,353] {logging_mixin.py:115} INFO - [2024-06-10 18:10:20,353] {dag.py:2972} INFO - Setting next_dagrun for python_operator to None, run_after=None
[2024-06-10 18:10:20,360] {processor.py:161} INFO - Processing /opt/airflow/dags/2-pythonoperator.py took 0.043 seconds
[2024-06-10 18:10:50,657] {processor.py:153} INFO - Started process (PID=2301) to work on /opt/airflow/dags/2-pythonoperator.py
[2024-06-10 18:10:50,657] {processor.py:641} INFO - Processing file /opt/airflow/dags/2-pythonoperator.py for tasks to queue
[2024-06-10 18:10:50,658] {logging_mixin.py:115} INFO - [2024-06-10 18:10:50,658] {dagbag.py:508} INFO - Filling up the DagBag from /opt/airflow/dags/2-pythonoperator.py
[2024-06-10 18:10:50,662] {processor.py:651} INFO - DAG(s) dict_keys(['python_operator']) retrieved from /opt/airflow/dags/2-pythonoperator.py
[2024-06-10 18:10:50,676] {logging_mixin.py:115} INFO - [2024-06-10 18:10:50,676] {dag.py:2420} INFO - Sync 1 DAGs
[2024-06-10 18:10:50,689] {logging_mixin.py:115} INFO - [2024-06-10 18:10:50,689] {dag.py:2972} INFO - Setting next_dagrun for python_operator to None, run_after=None
[2024-06-10 18:10:50,697] {processor.py:161} INFO - Processing /opt/airflow/dags/2-pythonoperator.py took 0.043 seconds
[2024-06-10 18:11:21,044] {processor.py:153} INFO - Started process (PID=2335) to work on /opt/airflow/dags/2-pythonoperator.py
[2024-06-10 18:11:21,044] {processor.py:641} INFO - Processing file /opt/airflow/dags/2-pythonoperator.py for tasks to queue
[2024-06-10 18:11:21,045] {logging_mixin.py:115} INFO - [2024-06-10 18:11:21,045] {dagbag.py:508} INFO - Filling up the DagBag from /opt/airflow/dags/2-pythonoperator.py
[2024-06-10 18:11:21,049] {processor.py:651} INFO - DAG(s) dict_keys(['python_operator']) retrieved from /opt/airflow/dags/2-pythonoperator.py
[2024-06-10 18:11:21,064] {logging_mixin.py:115} INFO - [2024-06-10 18:11:21,064] {dag.py:2420} INFO - Sync 1 DAGs
[2024-06-10 18:11:21,078] {logging_mixin.py:115} INFO - [2024-06-10 18:11:21,078] {dag.py:2972} INFO - Setting next_dagrun for python_operator to None, run_after=None
[2024-06-10 18:11:21,085] {processor.py:161} INFO - Processing /opt/airflow/dags/2-pythonoperator.py took 0.043 seconds
[2024-06-10 18:11:51,388] {processor.py:153} INFO - Started process (PID=2370) to work on /opt/airflow/dags/2-pythonoperator.py
[2024-06-10 18:11:51,388] {processor.py:641} INFO - Processing file /opt/airflow/dags/2-pythonoperator.py for tasks to queue
[2024-06-10 18:11:51,388] {logging_mixin.py:115} INFO - [2024-06-10 18:11:51,388] {dagbag.py:508} INFO - Filling up the DagBag from /opt/airflow/dags/2-pythonoperator.py
[2024-06-10 18:11:51,393] {processor.py:651} INFO - DAG(s) dict_keys(['python_operator']) retrieved from /opt/airflow/dags/2-pythonoperator.py
[2024-06-10 18:11:51,409] {logging_mixin.py:115} INFO - [2024-06-10 18:11:51,409] {dag.py:2420} INFO - Sync 1 DAGs
[2024-06-10 18:11:51,422] {logging_mixin.py:115} INFO - [2024-06-10 18:11:51,422] {dag.py:2972} INFO - Setting next_dagrun for python_operator to None, run_after=None
[2024-06-10 18:11:51,429] {processor.py:161} INFO - Processing /opt/airflow/dags/2-pythonoperator.py took 0.044 seconds
[2024-06-10 18:12:21,735] {processor.py:153} INFO - Started process (PID=2405) to work on /opt/airflow/dags/2-pythonoperator.py
[2024-06-10 18:12:21,735] {processor.py:641} INFO - Processing file /opt/airflow/dags/2-pythonoperator.py for tasks to queue
[2024-06-10 18:12:21,735] {logging_mixin.py:115} INFO - [2024-06-10 18:12:21,735] {dagbag.py:508} INFO - Filling up the DagBag from /opt/airflow/dags/2-pythonoperator.py
[2024-06-10 18:12:21,739] {processor.py:651} INFO - DAG(s) dict_keys(['python_operator']) retrieved from /opt/airflow/dags/2-pythonoperator.py
[2024-06-10 18:12:21,754] {logging_mixin.py:115} INFO - [2024-06-10 18:12:21,754] {dag.py:2420} INFO - Sync 1 DAGs
[2024-06-10 18:12:21,766] {logging_mixin.py:115} INFO - [2024-06-10 18:12:21,766] {dag.py:2972} INFO - Setting next_dagrun for python_operator to None, run_after=None
[2024-06-10 18:12:21,773] {processor.py:161} INFO - Processing /opt/airflow/dags/2-pythonoperator.py took 0.040 seconds
[2024-06-10 18:12:52,113] {processor.py:153} INFO - Started process (PID=2431) to work on /opt/airflow/dags/2-pythonoperator.py
[2024-06-10 18:12:52,114] {processor.py:641} INFO - Processing file /opt/airflow/dags/2-pythonoperator.py for tasks to queue
[2024-06-10 18:12:52,114] {logging_mixin.py:115} INFO - [2024-06-10 18:12:52,114] {dagbag.py:508} INFO - Filling up the DagBag from /opt/airflow/dags/2-pythonoperator.py
[2024-06-10 18:12:52,118] {processor.py:651} INFO - DAG(s) dict_keys(['python_operator']) retrieved from /opt/airflow/dags/2-pythonoperator.py
[2024-06-10 18:12:52,133] {logging_mixin.py:115} INFO - [2024-06-10 18:12:52,133] {dag.py:2420} INFO - Sync 1 DAGs
[2024-06-10 18:12:52,145] {logging_mixin.py:115} INFO - [2024-06-10 18:12:52,145] {dag.py:2972} INFO - Setting next_dagrun for python_operator to None, run_after=None
[2024-06-10 18:12:52,152] {processor.py:161} INFO - Processing /opt/airflow/dags/2-pythonoperator.py took 0.041 seconds
[2024-06-10 18:13:22,492] {processor.py:153} INFO - Started process (PID=2466) to work on /opt/airflow/dags/2-pythonoperator.py
[2024-06-10 18:13:22,492] {processor.py:641} INFO - Processing file /opt/airflow/dags/2-pythonoperator.py for tasks to queue
[2024-06-10 18:13:22,492] {logging_mixin.py:115} INFO - [2024-06-10 18:13:22,492] {dagbag.py:508} INFO - Filling up the DagBag from /opt/airflow/dags/2-pythonoperator.py
[2024-06-10 18:13:22,498] {processor.py:651} INFO - DAG(s) dict_keys(['python_operator']) retrieved from /opt/airflow/dags/2-pythonoperator.py
[2024-06-10 18:13:22,513] {logging_mixin.py:115} INFO - [2024-06-10 18:13:22,513] {dag.py:2420} INFO - Sync 1 DAGs
[2024-06-10 18:13:22,526] {logging_mixin.py:115} INFO - [2024-06-10 18:13:22,526] {dag.py:2972} INFO - Setting next_dagrun for python_operator to None, run_after=None
[2024-06-10 18:13:22,534] {processor.py:161} INFO - Processing /opt/airflow/dags/2-pythonoperator.py took 0.044 seconds
[2024-06-10 18:13:52,782] {processor.py:153} INFO - Started process (PID=2501) to work on /opt/airflow/dags/2-pythonoperator.py
[2024-06-10 18:13:52,782] {processor.py:641} INFO - Processing file /opt/airflow/dags/2-pythonoperator.py for tasks to queue
[2024-06-10 18:13:52,783] {logging_mixin.py:115} INFO - [2024-06-10 18:13:52,783] {dagbag.py:508} INFO - Filling up the DagBag from /opt/airflow/dags/2-pythonoperator.py
[2024-06-10 18:13:52,787] {processor.py:651} INFO - DAG(s) dict_keys(['python_operator']) retrieved from /opt/airflow/dags/2-pythonoperator.py
[2024-06-10 18:13:52,802] {logging_mixin.py:115} INFO - [2024-06-10 18:13:52,802] {dag.py:2420} INFO - Sync 1 DAGs
[2024-06-10 18:13:52,814] {logging_mixin.py:115} INFO - [2024-06-10 18:13:52,814] {dag.py:2972} INFO - Setting next_dagrun for python_operator to None, run_after=None
[2024-06-10 18:13:52,822] {processor.py:161} INFO - Processing /opt/airflow/dags/2-pythonoperator.py took 0.042 seconds
[2024-06-10 18:14:23,159] {processor.py:153} INFO - Started process (PID=2536) to work on /opt/airflow/dags/2-pythonoperator.py
[2024-06-10 18:14:23,159] {processor.py:641} INFO - Processing file /opt/airflow/dags/2-pythonoperator.py for tasks to queue
[2024-06-10 18:14:23,159] {logging_mixin.py:115} INFO - [2024-06-10 18:14:23,159] {dagbag.py:508} INFO - Filling up the DagBag from /opt/airflow/dags/2-pythonoperator.py
[2024-06-10 18:14:23,165] {processor.py:651} INFO - DAG(s) dict_keys(['python_operator']) retrieved from /opt/airflow/dags/2-pythonoperator.py
[2024-06-10 18:14:23,182] {logging_mixin.py:115} INFO - [2024-06-10 18:14:23,181] {dag.py:2420} INFO - Sync 1 DAGs
[2024-06-10 18:14:23,195] {logging_mixin.py:115} INFO - [2024-06-10 18:14:23,195] {dag.py:2972} INFO - Setting next_dagrun for python_operator to None, run_after=None
[2024-06-10 18:14:23,202] {processor.py:161} INFO - Processing /opt/airflow/dags/2-pythonoperator.py took 0.045 seconds
[2024-06-10 18:14:53,504] {processor.py:153} INFO - Started process (PID=2571) to work on /opt/airflow/dags/2-pythonoperator.py
[2024-06-10 18:14:53,504] {processor.py:641} INFO - Processing file /opt/airflow/dags/2-pythonoperator.py for tasks to queue
[2024-06-10 18:14:53,504] {logging_mixin.py:115} INFO - [2024-06-10 18:14:53,504] {dagbag.py:508} INFO - Filling up the DagBag from /opt/airflow/dags/2-pythonoperator.py
[2024-06-10 18:14:53,509] {processor.py:651} INFO - DAG(s) dict_keys(['python_operator']) retrieved from /opt/airflow/dags/2-pythonoperator.py
[2024-06-10 18:14:53,526] {logging_mixin.py:115} INFO - [2024-06-10 18:14:53,526] {dag.py:2420} INFO - Sync 1 DAGs
[2024-06-10 18:14:53,538] {logging_mixin.py:115} INFO - [2024-06-10 18:14:53,538] {dag.py:2972} INFO - Setting next_dagrun for python_operator to None, run_after=None
[2024-06-10 18:14:53,546] {processor.py:161} INFO - Processing /opt/airflow/dags/2-pythonoperator.py took 0.045 seconds
[2024-06-10 18:15:23,806] {processor.py:153} INFO - Started process (PID=2605) to work on /opt/airflow/dags/2-pythonoperator.py
[2024-06-10 18:15:23,806] {processor.py:641} INFO - Processing file /opt/airflow/dags/2-pythonoperator.py for tasks to queue
[2024-06-10 18:15:23,807] {logging_mixin.py:115} INFO - [2024-06-10 18:15:23,807] {dagbag.py:508} INFO - Filling up the DagBag from /opt/airflow/dags/2-pythonoperator.py
[2024-06-10 18:15:23,812] {processor.py:651} INFO - DAG(s) dict_keys(['python_operator']) retrieved from /opt/airflow/dags/2-pythonoperator.py
[2024-06-10 18:15:23,830] {logging_mixin.py:115} INFO - [2024-06-10 18:15:23,830] {dag.py:2420} INFO - Sync 1 DAGs
[2024-06-10 18:15:23,843] {logging_mixin.py:115} INFO - [2024-06-10 18:15:23,843] {dag.py:2972} INFO - Setting next_dagrun for python_operator to None, run_after=None
[2024-06-10 18:15:23,852] {processor.py:161} INFO - Processing /opt/airflow/dags/2-pythonoperator.py took 0.049 seconds
[2024-06-10 18:15:54,198] {processor.py:153} INFO - Started process (PID=2631) to work on /opt/airflow/dags/2-pythonoperator.py
[2024-06-10 18:15:54,199] {processor.py:641} INFO - Processing file /opt/airflow/dags/2-pythonoperator.py for tasks to queue
[2024-06-10 18:15:54,203] {logging_mixin.py:115} INFO - [2024-06-10 18:15:54,203] {dagbag.py:508} INFO - Filling up the DagBag from /opt/airflow/dags/2-pythonoperator.py
[2024-06-10 18:15:54,208] {processor.py:651} INFO - DAG(s) dict_keys(['python_operator']) retrieved from /opt/airflow/dags/2-pythonoperator.py
[2024-06-10 18:15:54,223] {logging_mixin.py:115} INFO - [2024-06-10 18:15:54,223] {dag.py:2420} INFO - Sync 1 DAGs
[2024-06-10 18:15:54,238] {logging_mixin.py:115} INFO - [2024-06-10 18:15:54,237] {dag.py:2972} INFO - Setting next_dagrun for python_operator to None, run_after=None
[2024-06-10 18:15:54,246] {processor.py:161} INFO - Processing /opt/airflow/dags/2-pythonoperator.py took 0.050 seconds
[2024-06-10 18:16:24,503] {processor.py:153} INFO - Started process (PID=2666) to work on /opt/airflow/dags/2-pythonoperator.py
[2024-06-10 18:16:24,504] {processor.py:641} INFO - Processing file /opt/airflow/dags/2-pythonoperator.py for tasks to queue
[2024-06-10 18:16:24,504] {logging_mixin.py:115} INFO - [2024-06-10 18:16:24,504] {dagbag.py:508} INFO - Filling up the DagBag from /opt/airflow/dags/2-pythonoperator.py
[2024-06-10 18:16:24,509] {processor.py:651} INFO - DAG(s) dict_keys(['python_operator']) retrieved from /opt/airflow/dags/2-pythonoperator.py
[2024-06-10 18:16:24,525] {logging_mixin.py:115} INFO - [2024-06-10 18:16:24,525] {dag.py:2420} INFO - Sync 1 DAGs
[2024-06-10 18:16:24,538] {logging_mixin.py:115} INFO - [2024-06-10 18:16:24,538] {dag.py:2972} INFO - Setting next_dagrun for python_operator to None, run_after=None
[2024-06-10 18:16:24,546] {processor.py:161} INFO - Processing /opt/airflow/dags/2-pythonoperator.py took 0.045 seconds
[2024-06-10 18:16:54,804] {processor.py:153} INFO - Started process (PID=2701) to work on /opt/airflow/dags/2-pythonoperator.py
[2024-06-10 18:16:54,804] {processor.py:641} INFO - Processing file /opt/airflow/dags/2-pythonoperator.py for tasks to queue
[2024-06-10 18:16:54,805] {logging_mixin.py:115} INFO - [2024-06-10 18:16:54,805] {dagbag.py:508} INFO - Filling up the DagBag from /opt/airflow/dags/2-pythonoperator.py
[2024-06-10 18:16:54,809] {processor.py:651} INFO - DAG(s) dict_keys(['python_operator']) retrieved from /opt/airflow/dags/2-pythonoperator.py
[2024-06-10 18:16:54,825] {logging_mixin.py:115} INFO - [2024-06-10 18:16:54,825] {dag.py:2420} INFO - Sync 1 DAGs
[2024-06-10 18:16:54,838] {logging_mixin.py:115} INFO - [2024-06-10 18:16:54,838] {dag.py:2972} INFO - Setting next_dagrun for python_operator to None, run_after=None
[2024-06-10 18:16:54,845] {processor.py:161} INFO - Processing /opt/airflow/dags/2-pythonoperator.py took 0.043 seconds
[2024-06-10 18:17:25,181] {processor.py:153} INFO - Started process (PID=2736) to work on /opt/airflow/dags/2-pythonoperator.py
[2024-06-10 18:17:25,181] {processor.py:641} INFO - Processing file /opt/airflow/dags/2-pythonoperator.py for tasks to queue
[2024-06-10 18:17:25,182] {logging_mixin.py:115} INFO - [2024-06-10 18:17:25,182] {dagbag.py:508} INFO - Filling up the DagBag from /opt/airflow/dags/2-pythonoperator.py
[2024-06-10 18:17:25,186] {processor.py:651} INFO - DAG(s) dict_keys(['python_operator']) retrieved from /opt/airflow/dags/2-pythonoperator.py
[2024-06-10 18:17:25,200] {logging_mixin.py:115} INFO - [2024-06-10 18:17:25,200] {dag.py:2420} INFO - Sync 1 DAGs
[2024-06-10 18:17:25,212] {logging_mixin.py:115} INFO - [2024-06-10 18:17:25,212] {dag.py:2972} INFO - Setting next_dagrun for python_operator to None, run_after=None
[2024-06-10 18:17:25,219] {processor.py:161} INFO - Processing /opt/airflow/dags/2-pythonoperator.py took 0.040 seconds
[2024-06-10 18:17:55,517] {processor.py:153} INFO - Started process (PID=2771) to work on /opt/airflow/dags/2-pythonoperator.py
[2024-06-10 18:17:55,518] {processor.py:641} INFO - Processing file /opt/airflow/dags/2-pythonoperator.py for tasks to queue
[2024-06-10 18:17:55,518] {logging_mixin.py:115} INFO - [2024-06-10 18:17:55,518] {dagbag.py:508} INFO - Filling up the DagBag from /opt/airflow/dags/2-pythonoperator.py
[2024-06-10 18:17:55,522] {processor.py:651} INFO - DAG(s) dict_keys(['python_operator']) retrieved from /opt/airflow/dags/2-pythonoperator.py
[2024-06-10 18:17:55,540] {logging_mixin.py:115} INFO - [2024-06-10 18:17:55,540] {dag.py:2420} INFO - Sync 1 DAGs
[2024-06-10 18:17:55,554] {logging_mixin.py:115} INFO - [2024-06-10 18:17:55,554] {dag.py:2972} INFO - Setting next_dagrun for python_operator to None, run_after=None
[2024-06-10 18:17:55,561] {processor.py:161} INFO - Processing /opt/airflow/dags/2-pythonoperator.py took 0.046 seconds
[2024-06-10 18:18:25,865] {processor.py:153} INFO - Started process (PID=2797) to work on /opt/airflow/dags/2-pythonoperator.py
[2024-06-10 18:18:25,866] {processor.py:641} INFO - Processing file /opt/airflow/dags/2-pythonoperator.py for tasks to queue
[2024-06-10 18:18:25,866] {logging_mixin.py:115} INFO - [2024-06-10 18:18:25,866] {dagbag.py:508} INFO - Filling up the DagBag from /opt/airflow/dags/2-pythonoperator.py
[2024-06-10 18:18:25,873] {processor.py:651} INFO - DAG(s) dict_keys(['python_operator']) retrieved from /opt/airflow/dags/2-pythonoperator.py
[2024-06-10 18:18:25,891] {logging_mixin.py:115} INFO - [2024-06-10 18:18:25,891] {dag.py:2420} INFO - Sync 1 DAGs
[2024-06-10 18:18:25,909] {logging_mixin.py:115} INFO - [2024-06-10 18:18:25,908] {dag.py:2972} INFO - Setting next_dagrun for python_operator to None, run_after=None
[2024-06-10 18:18:25,916] {processor.py:161} INFO - Processing /opt/airflow/dags/2-pythonoperator.py took 0.055 seconds
[2024-06-10 18:18:56,250] {processor.py:153} INFO - Started process (PID=2832) to work on /opt/airflow/dags/2-pythonoperator.py
[2024-06-10 18:18:56,251] {processor.py:641} INFO - Processing file /opt/airflow/dags/2-pythonoperator.py for tasks to queue
[2024-06-10 18:18:56,251] {logging_mixin.py:115} INFO - [2024-06-10 18:18:56,251] {dagbag.py:508} INFO - Filling up the DagBag from /opt/airflow/dags/2-pythonoperator.py
[2024-06-10 18:18:56,259] {processor.py:651} INFO - DAG(s) dict_keys(['python_operator']) retrieved from /opt/airflow/dags/2-pythonoperator.py
[2024-06-10 18:18:56,274] {logging_mixin.py:115} INFO - [2024-06-10 18:18:56,274] {dag.py:2420} INFO - Sync 1 DAGs
[2024-06-10 18:18:56,286] {logging_mixin.py:115} INFO - [2024-06-10 18:18:56,286] {dag.py:2972} INFO - Setting next_dagrun for python_operator to None, run_after=None
[2024-06-10 18:18:56,293] {processor.py:161} INFO - Processing /opt/airflow/dags/2-pythonoperator.py took 0.047 seconds
[2024-06-10 18:19:26,596] {processor.py:153} INFO - Started process (PID=2867) to work on /opt/airflow/dags/2-pythonoperator.py
[2024-06-10 18:19:26,596] {processor.py:641} INFO - Processing file /opt/airflow/dags/2-pythonoperator.py for tasks to queue
[2024-06-10 18:19:26,597] {logging_mixin.py:115} INFO - [2024-06-10 18:19:26,597] {dagbag.py:508} INFO - Filling up the DagBag from /opt/airflow/dags/2-pythonoperator.py
[2024-06-10 18:19:26,602] {processor.py:651} INFO - DAG(s) dict_keys(['python_operator']) retrieved from /opt/airflow/dags/2-pythonoperator.py
[2024-06-10 18:19:26,617] {logging_mixin.py:115} INFO - [2024-06-10 18:19:26,617] {dag.py:2420} INFO - Sync 1 DAGs
[2024-06-10 18:19:26,630] {logging_mixin.py:115} INFO - [2024-06-10 18:19:26,630] {dag.py:2972} INFO - Setting next_dagrun for python_operator to None, run_after=None
[2024-06-10 18:19:26,637] {processor.py:161} INFO - Processing /opt/airflow/dags/2-pythonoperator.py took 0.043 seconds
[2024-06-10 18:19:56,880] {processor.py:153} INFO - Started process (PID=2902) to work on /opt/airflow/dags/2-pythonoperator.py
[2024-06-10 18:19:56,880] {processor.py:641} INFO - Processing file /opt/airflow/dags/2-pythonoperator.py for tasks to queue
[2024-06-10 18:19:56,880] {logging_mixin.py:115} INFO - [2024-06-10 18:19:56,880] {dagbag.py:508} INFO - Filling up the DagBag from /opt/airflow/dags/2-pythonoperator.py
[2024-06-10 18:19:56,884] {processor.py:651} INFO - DAG(s) dict_keys(['python_operator']) retrieved from /opt/airflow/dags/2-pythonoperator.py
[2024-06-10 18:19:56,899] {logging_mixin.py:115} INFO - [2024-06-10 18:19:56,899] {dag.py:2420} INFO - Sync 1 DAGs
[2024-06-10 18:19:56,912] {logging_mixin.py:115} INFO - [2024-06-10 18:19:56,912] {dag.py:2972} INFO - Setting next_dagrun for python_operator to None, run_after=None
[2024-06-10 18:19:56,919] {processor.py:161} INFO - Processing /opt/airflow/dags/2-pythonoperator.py took 0.042 seconds
[2024-06-10 18:20:27,263] {processor.py:153} INFO - Started process (PID=2937) to work on /opt/airflow/dags/2-pythonoperator.py
[2024-06-10 18:20:27,263] {processor.py:641} INFO - Processing file /opt/airflow/dags/2-pythonoperator.py for tasks to queue
[2024-06-10 18:20:27,264] {logging_mixin.py:115} INFO - [2024-06-10 18:20:27,264] {dagbag.py:508} INFO - Filling up the DagBag from /opt/airflow/dags/2-pythonoperator.py
[2024-06-10 18:20:27,268] {processor.py:651} INFO - DAG(s) dict_keys(['python_operator']) retrieved from /opt/airflow/dags/2-pythonoperator.py
[2024-06-10 18:20:27,284] {logging_mixin.py:115} INFO - [2024-06-10 18:20:27,284] {dag.py:2420} INFO - Sync 1 DAGs
[2024-06-10 18:20:27,297] {logging_mixin.py:115} INFO - [2024-06-10 18:20:27,297] {dag.py:2972} INFO - Setting next_dagrun for python_operator to None, run_after=None
[2024-06-10 18:20:27,305] {processor.py:161} INFO - Processing /opt/airflow/dags/2-pythonoperator.py took 0.044 seconds
[2024-06-10 18:20:57,577] {processor.py:153} INFO - Started process (PID=2971) to work on /opt/airflow/dags/2-pythonoperator.py
[2024-06-10 18:20:57,578] {processor.py:641} INFO - Processing file /opt/airflow/dags/2-pythonoperator.py for tasks to queue
[2024-06-10 18:20:57,579] {logging_mixin.py:115} INFO - [2024-06-10 18:20:57,579] {dagbag.py:508} INFO - Filling up the DagBag from /opt/airflow/dags/2-pythonoperator.py
[2024-06-10 18:20:57,583] {processor.py:651} INFO - DAG(s) dict_keys(['python_operator']) retrieved from /opt/airflow/dags/2-pythonoperator.py
[2024-06-10 18:20:57,599] {logging_mixin.py:115} INFO - [2024-06-10 18:20:57,599] {dag.py:2420} INFO - Sync 1 DAGs
[2024-06-10 18:20:57,614] {logging_mixin.py:115} INFO - [2024-06-10 18:20:57,614] {dag.py:2972} INFO - Setting next_dagrun for python_operator to None, run_after=None
[2024-06-10 18:20:57,623] {processor.py:161} INFO - Processing /opt/airflow/dags/2-pythonoperator.py took 0.048 seconds
[2024-06-10 18:21:27,963] {processor.py:153} INFO - Started process (PID=2996) to work on /opt/airflow/dags/2-pythonoperator.py
[2024-06-10 18:21:27,963] {processor.py:641} INFO - Processing file /opt/airflow/dags/2-pythonoperator.py for tasks to queue
[2024-06-10 18:21:27,964] {logging_mixin.py:115} INFO - [2024-06-10 18:21:27,964] {dagbag.py:508} INFO - Filling up the DagBag from /opt/airflow/dags/2-pythonoperator.py
[2024-06-10 18:21:27,968] {processor.py:651} INFO - DAG(s) dict_keys(['python_operator']) retrieved from /opt/airflow/dags/2-pythonoperator.py
[2024-06-10 18:21:27,984] {logging_mixin.py:115} INFO - [2024-06-10 18:21:27,984] {dag.py:2420} INFO - Sync 1 DAGs
[2024-06-10 18:21:27,997] {logging_mixin.py:115} INFO - [2024-06-10 18:21:27,997] {dag.py:2972} INFO - Setting next_dagrun for python_operator to None, run_after=None
[2024-06-10 18:21:28,005] {processor.py:161} INFO - Processing /opt/airflow/dags/2-pythonoperator.py took 0.044 seconds
[2024-06-10 18:21:58,298] {processor.py:153} INFO - Started process (PID=3031) to work on /opt/airflow/dags/2-pythonoperator.py
[2024-06-10 18:21:58,298] {processor.py:641} INFO - Processing file /opt/airflow/dags/2-pythonoperator.py for tasks to queue
[2024-06-10 18:21:58,298] {logging_mixin.py:115} INFO - [2024-06-10 18:21:58,298] {dagbag.py:508} INFO - Filling up the DagBag from /opt/airflow/dags/2-pythonoperator.py
[2024-06-10 18:21:58,303] {processor.py:651} INFO - DAG(s) dict_keys(['python_operator']) retrieved from /opt/airflow/dags/2-pythonoperator.py
[2024-06-10 18:21:58,318] {logging_mixin.py:115} INFO - [2024-06-10 18:21:58,318] {dag.py:2420} INFO - Sync 1 DAGs
[2024-06-10 18:21:58,332] {logging_mixin.py:115} INFO - [2024-06-10 18:21:58,332] {dag.py:2972} INFO - Setting next_dagrun for python_operator to None, run_after=None
[2024-06-10 18:21:58,339] {processor.py:161} INFO - Processing /opt/airflow/dags/2-pythonoperator.py took 0.044 seconds
[2024-06-10 18:22:28,666] {processor.py:153} INFO - Started process (PID=3066) to work on /opt/airflow/dags/2-pythonoperator.py
[2024-06-10 18:22:28,666] {processor.py:641} INFO - Processing file /opt/airflow/dags/2-pythonoperator.py for tasks to queue
[2024-06-10 18:22:28,667] {logging_mixin.py:115} INFO - [2024-06-10 18:22:28,667] {dagbag.py:508} INFO - Filling up the DagBag from /opt/airflow/dags/2-pythonoperator.py
[2024-06-10 18:22:28,671] {processor.py:651} INFO - DAG(s) dict_keys(['python_operator']) retrieved from /opt/airflow/dags/2-pythonoperator.py
[2024-06-10 18:22:28,686] {logging_mixin.py:115} INFO - [2024-06-10 18:22:28,686] {dag.py:2420} INFO - Sync 1 DAGs
[2024-06-10 18:22:28,699] {logging_mixin.py:115} INFO - [2024-06-10 18:22:28,699] {dag.py:2972} INFO - Setting next_dagrun for python_operator to None, run_after=None
[2024-06-10 18:22:28,706] {processor.py:161} INFO - Processing /opt/airflow/dags/2-pythonoperator.py took 0.042 seconds
[2024-06-10 18:22:59,011] {processor.py:153} INFO - Started process (PID=3101) to work on /opt/airflow/dags/2-pythonoperator.py
[2024-06-10 18:22:59,011] {processor.py:641} INFO - Processing file /opt/airflow/dags/2-pythonoperator.py for tasks to queue
[2024-06-10 18:22:59,012] {logging_mixin.py:115} INFO - [2024-06-10 18:22:59,011] {dagbag.py:508} INFO - Filling up the DagBag from /opt/airflow/dags/2-pythonoperator.py
[2024-06-10 18:22:59,016] {processor.py:651} INFO - DAG(s) dict_keys(['python_operator']) retrieved from /opt/airflow/dags/2-pythonoperator.py
[2024-06-10 18:22:59,035] {logging_mixin.py:115} INFO - [2024-06-10 18:22:59,035] {dag.py:2420} INFO - Sync 1 DAGs
[2024-06-10 18:22:59,049] {logging_mixin.py:115} INFO - [2024-06-10 18:22:59,049] {dag.py:2972} INFO - Setting next_dagrun for python_operator to None, run_after=None
[2024-06-10 18:22:59,059] {processor.py:161} INFO - Processing /opt/airflow/dags/2-pythonoperator.py took 0.051 seconds
[2024-06-10 18:23:29,356] {processor.py:153} INFO - Started process (PID=3136) to work on /opt/airflow/dags/2-pythonoperator.py
[2024-06-10 18:23:29,356] {processor.py:641} INFO - Processing file /opt/airflow/dags/2-pythonoperator.py for tasks to queue
[2024-06-10 18:23:29,357] {logging_mixin.py:115} INFO - [2024-06-10 18:23:29,357] {dagbag.py:508} INFO - Filling up the DagBag from /opt/airflow/dags/2-pythonoperator.py
[2024-06-10 18:23:29,361] {processor.py:651} INFO - DAG(s) dict_keys(['python_operator']) retrieved from /opt/airflow/dags/2-pythonoperator.py
[2024-06-10 18:23:29,377] {logging_mixin.py:115} INFO - [2024-06-10 18:23:29,377] {dag.py:2420} INFO - Sync 1 DAGs
[2024-06-10 18:23:29,390] {logging_mixin.py:115} INFO - [2024-06-10 18:23:29,390] {dag.py:2972} INFO - Setting next_dagrun for python_operator to None, run_after=None
[2024-06-10 18:23:29,397] {processor.py:161} INFO - Processing /opt/airflow/dags/2-pythonoperator.py took 0.044 seconds
[2024-06-10 18:23:59,698] {processor.py:153} INFO - Started process (PID=3162) to work on /opt/airflow/dags/2-pythonoperator.py
[2024-06-10 18:23:59,698] {processor.py:641} INFO - Processing file /opt/airflow/dags/2-pythonoperator.py for tasks to queue
[2024-06-10 18:23:59,698] {logging_mixin.py:115} INFO - [2024-06-10 18:23:59,698] {dagbag.py:508} INFO - Filling up the DagBag from /opt/airflow/dags/2-pythonoperator.py
[2024-06-10 18:23:59,703] {processor.py:651} INFO - DAG(s) dict_keys(['python_operator']) retrieved from /opt/airflow/dags/2-pythonoperator.py
[2024-06-10 18:23:59,720] {logging_mixin.py:115} INFO - [2024-06-10 18:23:59,720] {dag.py:2420} INFO - Sync 1 DAGs
[2024-06-10 18:23:59,736] {logging_mixin.py:115} INFO - [2024-06-10 18:23:59,736] {dag.py:2972} INFO - Setting next_dagrun for python_operator to None, run_after=None
[2024-06-10 18:23:59,744] {processor.py:161} INFO - Processing /opt/airflow/dags/2-pythonoperator.py took 0.049 seconds
[2024-06-10 18:24:30,032] {processor.py:153} INFO - Started process (PID=3197) to work on /opt/airflow/dags/2-pythonoperator.py
[2024-06-10 18:24:30,032] {processor.py:641} INFO - Processing file /opt/airflow/dags/2-pythonoperator.py for tasks to queue
[2024-06-10 18:24:30,032] {logging_mixin.py:115} INFO - [2024-06-10 18:24:30,032] {dagbag.py:508} INFO - Filling up the DagBag from /opt/airflow/dags/2-pythonoperator.py
[2024-06-10 18:24:30,037] {processor.py:651} INFO - DAG(s) dict_keys(['python_operator']) retrieved from /opt/airflow/dags/2-pythonoperator.py
[2024-06-10 18:24:30,052] {logging_mixin.py:115} INFO - [2024-06-10 18:24:30,052] {dag.py:2420} INFO - Sync 1 DAGs
[2024-06-10 18:24:30,066] {logging_mixin.py:115} INFO - [2024-06-10 18:24:30,065] {dag.py:2972} INFO - Setting next_dagrun for python_operator to None, run_after=None
[2024-06-10 18:24:30,072] {processor.py:161} INFO - Processing /opt/airflow/dags/2-pythonoperator.py took 0.043 seconds
[2024-06-10 18:25:00,371] {processor.py:153} INFO - Started process (PID=3232) to work on /opt/airflow/dags/2-pythonoperator.py
[2024-06-10 18:25:00,371] {processor.py:641} INFO - Processing file /opt/airflow/dags/2-pythonoperator.py for tasks to queue
[2024-06-10 18:25:00,372] {logging_mixin.py:115} INFO - [2024-06-10 18:25:00,372] {dagbag.py:508} INFO - Filling up the DagBag from /opt/airflow/dags/2-pythonoperator.py
[2024-06-10 18:25:00,376] {processor.py:651} INFO - DAG(s) dict_keys(['python_operator']) retrieved from /opt/airflow/dags/2-pythonoperator.py
[2024-06-10 18:25:00,390] {logging_mixin.py:115} INFO - [2024-06-10 18:25:00,390] {dag.py:2420} INFO - Sync 1 DAGs
[2024-06-10 18:25:00,403] {logging_mixin.py:115} INFO - [2024-06-10 18:25:00,402] {dag.py:2972} INFO - Setting next_dagrun for python_operator to None, run_after=None
[2024-06-10 18:25:00,409] {processor.py:161} INFO - Processing /opt/airflow/dags/2-pythonoperator.py took 0.040 seconds
[2024-06-10 18:25:30,665] {processor.py:153} INFO - Started process (PID=3267) to work on /opt/airflow/dags/2-pythonoperator.py
[2024-06-10 18:25:30,666] {processor.py:641} INFO - Processing file /opt/airflow/dags/2-pythonoperator.py for tasks to queue
[2024-06-10 18:25:30,666] {logging_mixin.py:115} INFO - [2024-06-10 18:25:30,666] {dagbag.py:508} INFO - Filling up the DagBag from /opt/airflow/dags/2-pythonoperator.py
[2024-06-10 18:25:30,671] {processor.py:651} INFO - DAG(s) dict_keys(['python_operator']) retrieved from /opt/airflow/dags/2-pythonoperator.py
[2024-06-10 18:25:30,687] {logging_mixin.py:115} INFO - [2024-06-10 18:25:30,687] {dag.py:2420} INFO - Sync 1 DAGs
[2024-06-10 18:25:30,700] {logging_mixin.py:115} INFO - [2024-06-10 18:25:30,700] {dag.py:2972} INFO - Setting next_dagrun for python_operator to None, run_after=None
[2024-06-10 18:25:30,708] {processor.py:161} INFO - Processing /opt/airflow/dags/2-pythonoperator.py took 0.045 seconds
[2024-06-10 18:26:01,053] {processor.py:153} INFO - Started process (PID=3302) to work on /opt/airflow/dags/2-pythonoperator.py
[2024-06-10 18:26:01,054] {processor.py:641} INFO - Processing file /opt/airflow/dags/2-pythonoperator.py for tasks to queue
[2024-06-10 18:26:01,054] {logging_mixin.py:115} INFO - [2024-06-10 18:26:01,054] {dagbag.py:508} INFO - Filling up the DagBag from /opt/airflow/dags/2-pythonoperator.py
[2024-06-10 18:26:01,058] {processor.py:651} INFO - DAG(s) dict_keys(['python_operator']) retrieved from /opt/airflow/dags/2-pythonoperator.py
[2024-06-10 18:26:01,073] {logging_mixin.py:115} INFO - [2024-06-10 18:26:01,073] {dag.py:2420} INFO - Sync 1 DAGs
[2024-06-10 18:26:01,087] {logging_mixin.py:115} INFO - [2024-06-10 18:26:01,087] {dag.py:2972} INFO - Setting next_dagrun for python_operator to None, run_after=None
[2024-06-10 18:26:01,095] {processor.py:161} INFO - Processing /opt/airflow/dags/2-pythonoperator.py took 0.044 seconds
[2024-06-10 18:26:31,452] {processor.py:153} INFO - Started process (PID=3337) to work on /opt/airflow/dags/2-pythonoperator.py
[2024-06-10 18:26:31,453] {processor.py:641} INFO - Processing file /opt/airflow/dags/2-pythonoperator.py for tasks to queue
[2024-06-10 18:26:31,453] {logging_mixin.py:115} INFO - [2024-06-10 18:26:31,453] {dagbag.py:508} INFO - Filling up the DagBag from /opt/airflow/dags/2-pythonoperator.py
[2024-06-10 18:26:31,460] {processor.py:651} INFO - DAG(s) dict_keys(['python_operator']) retrieved from /opt/airflow/dags/2-pythonoperator.py
[2024-06-10 18:26:31,475] {logging_mixin.py:115} INFO - [2024-06-10 18:26:31,475] {dag.py:2420} INFO - Sync 1 DAGs
[2024-06-10 18:26:31,489] {logging_mixin.py:115} INFO - [2024-06-10 18:26:31,489] {dag.py:2972} INFO - Setting next_dagrun for python_operator to None, run_after=None
[2024-06-10 18:26:31,496] {processor.py:161} INFO - Processing /opt/airflow/dags/2-pythonoperator.py took 0.046 seconds
[2024-06-10 18:27:01,801] {processor.py:153} INFO - Started process (PID=3363) to work on /opt/airflow/dags/2-pythonoperator.py
[2024-06-10 18:27:01,801] {processor.py:641} INFO - Processing file /opt/airflow/dags/2-pythonoperator.py for tasks to queue
[2024-06-10 18:27:01,802] {logging_mixin.py:115} INFO - [2024-06-10 18:27:01,801] {dagbag.py:508} INFO - Filling up the DagBag from /opt/airflow/dags/2-pythonoperator.py
[2024-06-10 18:27:01,806] {processor.py:651} INFO - DAG(s) dict_keys(['python_operator']) retrieved from /opt/airflow/dags/2-pythonoperator.py
[2024-06-10 18:27:01,821] {logging_mixin.py:115} INFO - [2024-06-10 18:27:01,821] {dag.py:2420} INFO - Sync 1 DAGs
[2024-06-10 18:27:01,834] {logging_mixin.py:115} INFO - [2024-06-10 18:27:01,834] {dag.py:2972} INFO - Setting next_dagrun for python_operator to None, run_after=None
[2024-06-10 18:27:01,841] {processor.py:161} INFO - Processing /opt/airflow/dags/2-pythonoperator.py took 0.042 seconds
[2024-06-10 18:27:32,136] {processor.py:153} INFO - Started process (PID=3397) to work on /opt/airflow/dags/2-pythonoperator.py
[2024-06-10 18:27:32,136] {processor.py:641} INFO - Processing file /opt/airflow/dags/2-pythonoperator.py for tasks to queue
[2024-06-10 18:27:32,137] {logging_mixin.py:115} INFO - [2024-06-10 18:27:32,137] {dagbag.py:508} INFO - Filling up the DagBag from /opt/airflow/dags/2-pythonoperator.py
[2024-06-10 18:27:32,142] {processor.py:651} INFO - DAG(s) dict_keys(['python_operator']) retrieved from /opt/airflow/dags/2-pythonoperator.py
[2024-06-10 18:27:32,156] {logging_mixin.py:115} INFO - [2024-06-10 18:27:32,156] {dag.py:2420} INFO - Sync 1 DAGs
[2024-06-10 18:27:32,170] {logging_mixin.py:115} INFO - [2024-06-10 18:27:32,170] {dag.py:2972} INFO - Setting next_dagrun for python_operator to None, run_after=None
[2024-06-10 18:27:32,178] {processor.py:161} INFO - Processing /opt/airflow/dags/2-pythonoperator.py took 0.044 seconds
[2024-06-10 18:28:02,484] {processor.py:153} INFO - Started process (PID=3431) to work on /opt/airflow/dags/2-pythonoperator.py
[2024-06-10 18:28:02,485] {processor.py:641} INFO - Processing file /opt/airflow/dags/2-pythonoperator.py for tasks to queue
[2024-06-10 18:28:02,485] {logging_mixin.py:115} INFO - [2024-06-10 18:28:02,485] {dagbag.py:508} INFO - Filling up the DagBag from /opt/airflow/dags/2-pythonoperator.py
[2024-06-10 18:28:02,491] {processor.py:651} INFO - DAG(s) dict_keys(['python_operator']) retrieved from /opt/airflow/dags/2-pythonoperator.py
[2024-06-10 18:28:02,512] {logging_mixin.py:115} INFO - [2024-06-10 18:28:02,512] {dag.py:2420} INFO - Sync 1 DAGs
[2024-06-10 18:28:02,528] {logging_mixin.py:115} INFO - [2024-06-10 18:28:02,528] {dag.py:2972} INFO - Setting next_dagrun for python_operator to None, run_after=None
[2024-06-10 18:28:02,537] {processor.py:161} INFO - Processing /opt/airflow/dags/2-pythonoperator.py took 0.054 seconds
[2024-06-10 18:28:32,832] {processor.py:153} INFO - Started process (PID=3466) to work on /opt/airflow/dags/2-pythonoperator.py
[2024-06-10 18:28:32,832] {processor.py:641} INFO - Processing file /opt/airflow/dags/2-pythonoperator.py for tasks to queue
[2024-06-10 18:28:32,833] {logging_mixin.py:115} INFO - [2024-06-10 18:28:32,833] {dagbag.py:508} INFO - Filling up the DagBag from /opt/airflow/dags/2-pythonoperator.py
[2024-06-10 18:28:32,838] {processor.py:651} INFO - DAG(s) dict_keys(['python_operator']) retrieved from /opt/airflow/dags/2-pythonoperator.py
[2024-06-10 18:28:32,853] {logging_mixin.py:115} INFO - [2024-06-10 18:28:32,853] {dag.py:2420} INFO - Sync 1 DAGs
[2024-06-10 18:28:32,866] {logging_mixin.py:115} INFO - [2024-06-10 18:28:32,865] {dag.py:2972} INFO - Setting next_dagrun for python_operator to None, run_after=None
[2024-06-10 18:28:32,873] {processor.py:161} INFO - Processing /opt/airflow/dags/2-pythonoperator.py took 0.043 seconds
[2024-06-10 18:29:03,130] {processor.py:153} INFO - Started process (PID=3501) to work on /opt/airflow/dags/2-pythonoperator.py
[2024-06-10 18:29:03,131] {processor.py:641} INFO - Processing file /opt/airflow/dags/2-pythonoperator.py for tasks to queue
[2024-06-10 18:29:03,131] {logging_mixin.py:115} INFO - [2024-06-10 18:29:03,131] {dagbag.py:508} INFO - Filling up the DagBag from /opt/airflow/dags/2-pythonoperator.py
[2024-06-10 18:29:03,135] {processor.py:651} INFO - DAG(s) dict_keys(['python_operator']) retrieved from /opt/airflow/dags/2-pythonoperator.py
[2024-06-10 18:29:03,150] {logging_mixin.py:115} INFO - [2024-06-10 18:29:03,150] {dag.py:2420} INFO - Sync 1 DAGs
[2024-06-10 18:29:03,163] {logging_mixin.py:115} INFO - [2024-06-10 18:29:03,163] {dag.py:2972} INFO - Setting next_dagrun for python_operator to None, run_after=None
[2024-06-10 18:29:03,170] {processor.py:161} INFO - Processing /opt/airflow/dags/2-pythonoperator.py took 0.042 seconds
[2024-06-10 18:29:33,465] {processor.py:153} INFO - Started process (PID=3527) to work on /opt/airflow/dags/2-pythonoperator.py
[2024-06-10 18:29:33,466] {processor.py:641} INFO - Processing file /opt/airflow/dags/2-pythonoperator.py for tasks to queue
[2024-06-10 18:29:33,466] {logging_mixin.py:115} INFO - [2024-06-10 18:29:33,466] {dagbag.py:508} INFO - Filling up the DagBag from /opt/airflow/dags/2-pythonoperator.py
[2024-06-10 18:29:33,471] {processor.py:651} INFO - DAG(s) dict_keys(['python_operator']) retrieved from /opt/airflow/dags/2-pythonoperator.py
[2024-06-10 18:29:33,486] {logging_mixin.py:115} INFO - [2024-06-10 18:29:33,486] {dag.py:2420} INFO - Sync 1 DAGs
[2024-06-10 18:29:33,498] {logging_mixin.py:115} INFO - [2024-06-10 18:29:33,498] {dag.py:2972} INFO - Setting next_dagrun for python_operator to None, run_after=None
[2024-06-10 18:29:33,505] {processor.py:161} INFO - Processing /opt/airflow/dags/2-pythonoperator.py took 0.042 seconds
[2024-06-10 18:30:03,851] {processor.py:153} INFO - Started process (PID=3561) to work on /opt/airflow/dags/2-pythonoperator.py
[2024-06-10 18:30:03,852] {processor.py:641} INFO - Processing file /opt/airflow/dags/2-pythonoperator.py for tasks to queue
[2024-06-10 18:30:03,852] {logging_mixin.py:115} INFO - [2024-06-10 18:30:03,852] {dagbag.py:508} INFO - Filling up the DagBag from /opt/airflow/dags/2-pythonoperator.py
[2024-06-10 18:30:03,856] {processor.py:651} INFO - DAG(s) dict_keys(['python_operator']) retrieved from /opt/airflow/dags/2-pythonoperator.py
[2024-06-10 18:30:03,876] {logging_mixin.py:115} INFO - [2024-06-10 18:30:03,876] {dag.py:2420} INFO - Sync 1 DAGs
[2024-06-10 18:30:03,890] {logging_mixin.py:115} INFO - [2024-06-10 18:30:03,890] {dag.py:2972} INFO - Setting next_dagrun for python_operator to None, run_after=None
[2024-06-10 18:30:03,898] {processor.py:161} INFO - Processing /opt/airflow/dags/2-pythonoperator.py took 0.049 seconds
[2024-06-10 18:30:34,202] {processor.py:153} INFO - Started process (PID=3595) to work on /opt/airflow/dags/2-pythonoperator.py
[2024-06-10 18:30:34,202] {processor.py:641} INFO - Processing file /opt/airflow/dags/2-pythonoperator.py for tasks to queue
[2024-06-10 18:30:34,203] {logging_mixin.py:115} INFO - [2024-06-10 18:30:34,203] {dagbag.py:508} INFO - Filling up the DagBag from /opt/airflow/dags/2-pythonoperator.py
[2024-06-10 18:30:34,207] {processor.py:651} INFO - DAG(s) dict_keys(['python_operator']) retrieved from /opt/airflow/dags/2-pythonoperator.py
[2024-06-10 18:30:34,223] {logging_mixin.py:115} INFO - [2024-06-10 18:30:34,222] {dag.py:2420} INFO - Sync 1 DAGs
[2024-06-10 18:30:34,237] {logging_mixin.py:115} INFO - [2024-06-10 18:30:34,237] {dag.py:2972} INFO - Setting next_dagrun for python_operator to None, run_after=None
[2024-06-10 18:30:34,245] {processor.py:161} INFO - Processing /opt/airflow/dags/2-pythonoperator.py took 0.045 seconds
[2024-06-10 18:31:04,542] {processor.py:153} INFO - Started process (PID=3630) to work on /opt/airflow/dags/2-pythonoperator.py
[2024-06-10 18:31:04,542] {processor.py:641} INFO - Processing file /opt/airflow/dags/2-pythonoperator.py for tasks to queue
[2024-06-10 18:31:04,543] {logging_mixin.py:115} INFO - [2024-06-10 18:31:04,543] {dagbag.py:508} INFO - Filling up the DagBag from /opt/airflow/dags/2-pythonoperator.py
[2024-06-10 18:31:04,547] {processor.py:651} INFO - DAG(s) dict_keys(['python_operator']) retrieved from /opt/airflow/dags/2-pythonoperator.py
[2024-06-10 18:31:04,563] {logging_mixin.py:115} INFO - [2024-06-10 18:31:04,563] {dag.py:2420} INFO - Sync 1 DAGs
[2024-06-10 18:31:04,576] {logging_mixin.py:115} INFO - [2024-06-10 18:31:04,576] {dag.py:2972} INFO - Setting next_dagrun for python_operator to None, run_after=None
[2024-06-10 18:31:04,584] {processor.py:161} INFO - Processing /opt/airflow/dags/2-pythonoperator.py took 0.044 seconds
[2024-06-10 18:31:34,889] {processor.py:153} INFO - Started process (PID=3665) to work on /opt/airflow/dags/2-pythonoperator.py
[2024-06-10 18:31:34,889] {processor.py:641} INFO - Processing file /opt/airflow/dags/2-pythonoperator.py for tasks to queue
[2024-06-10 18:31:34,890] {logging_mixin.py:115} INFO - [2024-06-10 18:31:34,890] {dagbag.py:508} INFO - Filling up the DagBag from /opt/airflow/dags/2-pythonoperator.py
[2024-06-10 18:31:34,894] {processor.py:651} INFO - DAG(s) dict_keys(['python_operator']) retrieved from /opt/airflow/dags/2-pythonoperator.py
[2024-06-10 18:31:34,910] {logging_mixin.py:115} INFO - [2024-06-10 18:31:34,910] {dag.py:2420} INFO - Sync 1 DAGs
[2024-06-10 18:31:34,923] {logging_mixin.py:115} INFO - [2024-06-10 18:31:34,923] {dag.py:2972} INFO - Setting next_dagrun for python_operator to None, run_after=None
[2024-06-10 18:31:34,932] {processor.py:161} INFO - Processing /opt/airflow/dags/2-pythonoperator.py took 0.045 seconds
[2024-06-10 18:32:05,250] {processor.py:153} INFO - Started process (PID=3700) to work on /opt/airflow/dags/2-pythonoperator.py
[2024-06-10 18:32:05,250] {processor.py:641} INFO - Processing file /opt/airflow/dags/2-pythonoperator.py for tasks to queue
[2024-06-10 18:32:05,251] {logging_mixin.py:115} INFO - [2024-06-10 18:32:05,250] {dagbag.py:508} INFO - Filling up the DagBag from /opt/airflow/dags/2-pythonoperator.py
[2024-06-10 18:32:05,255] {processor.py:651} INFO - DAG(s) dict_keys(['python_operator']) retrieved from /opt/airflow/dags/2-pythonoperator.py
[2024-06-10 18:32:05,269] {logging_mixin.py:115} INFO - [2024-06-10 18:32:05,269] {dag.py:2420} INFO - Sync 1 DAGs
[2024-06-10 18:32:05,282] {logging_mixin.py:115} INFO - [2024-06-10 18:32:05,282] {dag.py:2972} INFO - Setting next_dagrun for python_operator to None, run_after=None
[2024-06-10 18:32:05,289] {processor.py:161} INFO - Processing /opt/airflow/dags/2-pythonoperator.py took 0.041 seconds
[2024-06-10 18:32:35,540] {processor.py:153} INFO - Started process (PID=3726) to work on /opt/airflow/dags/2-pythonoperator.py
[2024-06-10 18:32:35,540] {processor.py:641} INFO - Processing file /opt/airflow/dags/2-pythonoperator.py for tasks to queue
[2024-06-10 18:32:35,541] {logging_mixin.py:115} INFO - [2024-06-10 18:32:35,541] {dagbag.py:508} INFO - Filling up the DagBag from /opt/airflow/dags/2-pythonoperator.py
[2024-06-10 18:32:35,545] {processor.py:651} INFO - DAG(s) dict_keys(['python_operator']) retrieved from /opt/airflow/dags/2-pythonoperator.py
[2024-06-10 18:32:35,560] {logging_mixin.py:115} INFO - [2024-06-10 18:32:35,560] {dag.py:2420} INFO - Sync 1 DAGs
[2024-06-10 18:32:35,573] {logging_mixin.py:115} INFO - [2024-06-10 18:32:35,573] {dag.py:2972} INFO - Setting next_dagrun for python_operator to None, run_after=None
[2024-06-10 18:32:35,580] {processor.py:161} INFO - Processing /opt/airflow/dags/2-pythonoperator.py took 0.043 seconds
[2024-06-10 18:33:05,910] {processor.py:153} INFO - Started process (PID=3760) to work on /opt/airflow/dags/2-pythonoperator.py
[2024-06-10 18:33:05,910] {processor.py:641} INFO - Processing file /opt/airflow/dags/2-pythonoperator.py for tasks to queue
[2024-06-10 18:33:05,911] {logging_mixin.py:115} INFO - [2024-06-10 18:33:05,911] {dagbag.py:508} INFO - Filling up the DagBag from /opt/airflow/dags/2-pythonoperator.py
[2024-06-10 18:33:05,915] {processor.py:651} INFO - DAG(s) dict_keys(['python_operator']) retrieved from /opt/airflow/dags/2-pythonoperator.py
[2024-06-10 18:33:05,930] {logging_mixin.py:115} INFO - [2024-06-10 18:33:05,930] {dag.py:2420} INFO - Sync 1 DAGs
[2024-06-10 18:33:05,944] {logging_mixin.py:115} INFO - [2024-06-10 18:33:05,944] {dag.py:2972} INFO - Setting next_dagrun for python_operator to None, run_after=None
[2024-06-10 18:33:05,951] {processor.py:161} INFO - Processing /opt/airflow/dags/2-pythonoperator.py took 0.043 seconds
[2024-06-10 18:33:36,252] {processor.py:153} INFO - Started process (PID=3795) to work on /opt/airflow/dags/2-pythonoperator.py
[2024-06-10 18:33:36,252] {processor.py:641} INFO - Processing file /opt/airflow/dags/2-pythonoperator.py for tasks to queue
[2024-06-10 18:33:36,252] {logging_mixin.py:115} INFO - [2024-06-10 18:33:36,252] {dagbag.py:508} INFO - Filling up the DagBag from /opt/airflow/dags/2-pythonoperator.py
[2024-06-10 18:33:36,257] {processor.py:651} INFO - DAG(s) dict_keys(['python_operator']) retrieved from /opt/airflow/dags/2-pythonoperator.py
[2024-06-10 18:33:36,273] {logging_mixin.py:115} INFO - [2024-06-10 18:33:36,273] {dag.py:2420} INFO - Sync 1 DAGs
[2024-06-10 18:33:36,285] {logging_mixin.py:115} INFO - [2024-06-10 18:33:36,285] {dag.py:2972} INFO - Setting next_dagrun for python_operator to None, run_after=None
[2024-06-10 18:33:36,292] {processor.py:161} INFO - Processing /opt/airflow/dags/2-pythonoperator.py took 0.043 seconds
[2024-06-10 18:34:06,643] {processor.py:153} INFO - Started process (PID=3830) to work on /opt/airflow/dags/2-pythonoperator.py
[2024-06-10 18:34:06,643] {processor.py:641} INFO - Processing file /opt/airflow/dags/2-pythonoperator.py for tasks to queue
[2024-06-10 18:34:06,644] {logging_mixin.py:115} INFO - [2024-06-10 18:34:06,643] {dagbag.py:508} INFO - Filling up the DagBag from /opt/airflow/dags/2-pythonoperator.py
[2024-06-10 18:34:06,648] {processor.py:651} INFO - DAG(s) dict_keys(['python_operator']) retrieved from /opt/airflow/dags/2-pythonoperator.py
[2024-06-10 18:34:06,664] {logging_mixin.py:115} INFO - [2024-06-10 18:34:06,664] {dag.py:2420} INFO - Sync 1 DAGs
[2024-06-10 18:34:06,677] {logging_mixin.py:115} INFO - [2024-06-10 18:34:06,677] {dag.py:2972} INFO - Setting next_dagrun for python_operator to None, run_after=None
[2024-06-10 18:34:06,685] {processor.py:161} INFO - Processing /opt/airflow/dags/2-pythonoperator.py took 0.044 seconds
[2024-06-10 18:34:37,027] {processor.py:153} INFO - Started process (PID=3865) to work on /opt/airflow/dags/2-pythonoperator.py
[2024-06-10 18:34:37,028] {processor.py:641} INFO - Processing file /opt/airflow/dags/2-pythonoperator.py for tasks to queue
[2024-06-10 18:34:37,028] {logging_mixin.py:115} INFO - [2024-06-10 18:34:37,028] {dagbag.py:508} INFO - Filling up the DagBag from /opt/airflow/dags/2-pythonoperator.py
[2024-06-10 18:34:37,033] {processor.py:651} INFO - DAG(s) dict_keys(['python_operator']) retrieved from /opt/airflow/dags/2-pythonoperator.py
[2024-06-10 18:34:37,050] {logging_mixin.py:115} INFO - [2024-06-10 18:34:37,050] {dag.py:2420} INFO - Sync 1 DAGs
[2024-06-10 18:34:37,074] {logging_mixin.py:115} INFO - [2024-06-10 18:34:37,074] {dag.py:2972} INFO - Setting next_dagrun for python_operator to None, run_after=None
[2024-06-10 18:34:37,084] {processor.py:161} INFO - Processing /opt/airflow/dags/2-pythonoperator.py took 0.059 seconds
[2024-06-10 18:35:07,396] {processor.py:153} INFO - Started process (PID=3898) to work on /opt/airflow/dags/2-pythonoperator.py
[2024-06-10 18:35:07,396] {processor.py:641} INFO - Processing file /opt/airflow/dags/2-pythonoperator.py for tasks to queue
[2024-06-10 18:35:07,397] {logging_mixin.py:115} INFO - [2024-06-10 18:35:07,397] {dagbag.py:508} INFO - Filling up the DagBag from /opt/airflow/dags/2-pythonoperator.py
[2024-06-10 18:35:07,401] {processor.py:651} INFO - DAG(s) dict_keys(['python_operator']) retrieved from /opt/airflow/dags/2-pythonoperator.py
[2024-06-10 18:35:07,420] {logging_mixin.py:115} INFO - [2024-06-10 18:35:07,420] {dag.py:2420} INFO - Sync 1 DAGs
[2024-06-10 18:35:07,434] {logging_mixin.py:115} INFO - [2024-06-10 18:35:07,434] {dag.py:2972} INFO - Setting next_dagrun for python_operator to None, run_after=None
[2024-06-10 18:35:07,442] {processor.py:161} INFO - Processing /opt/airflow/dags/2-pythonoperator.py took 0.048 seconds
[2024-06-10 18:35:37,702] {processor.py:153} INFO - Started process (PID=3926) to work on /opt/airflow/dags/2-pythonoperator.py
[2024-06-10 18:35:37,703] {processor.py:641} INFO - Processing file /opt/airflow/dags/2-pythonoperator.py for tasks to queue
[2024-06-10 18:35:37,703] {logging_mixin.py:115} INFO - [2024-06-10 18:35:37,703] {dagbag.py:508} INFO - Filling up the DagBag from /opt/airflow/dags/2-pythonoperator.py
[2024-06-10 18:35:37,708] {processor.py:651} INFO - DAG(s) dict_keys(['python_operator']) retrieved from /opt/airflow/dags/2-pythonoperator.py
[2024-06-10 18:35:37,725] {logging_mixin.py:115} INFO - [2024-06-10 18:35:37,725] {dag.py:2420} INFO - Sync 1 DAGs
[2024-06-10 18:35:37,740] {logging_mixin.py:115} INFO - [2024-06-10 18:35:37,740] {dag.py:2972} INFO - Setting next_dagrun for python_operator to None, run_after=None
[2024-06-10 18:35:37,749] {processor.py:161} INFO - Processing /opt/airflow/dags/2-pythonoperator.py took 0.049 seconds
[2024-06-10 18:36:08,049] {processor.py:153} INFO - Started process (PID=3961) to work on /opt/airflow/dags/2-pythonoperator.py
[2024-06-10 18:36:08,049] {processor.py:641} INFO - Processing file /opt/airflow/dags/2-pythonoperator.py for tasks to queue
[2024-06-10 18:36:08,050] {logging_mixin.py:115} INFO - [2024-06-10 18:36:08,050] {dagbag.py:508} INFO - Filling up the DagBag from /opt/airflow/dags/2-pythonoperator.py
[2024-06-10 18:36:08,054] {processor.py:651} INFO - DAG(s) dict_keys(['python_operator']) retrieved from /opt/airflow/dags/2-pythonoperator.py
[2024-06-10 18:36:08,070] {logging_mixin.py:115} INFO - [2024-06-10 18:36:08,070] {dag.py:2420} INFO - Sync 1 DAGs
[2024-06-10 18:36:08,084] {logging_mixin.py:115} INFO - [2024-06-10 18:36:08,084] {dag.py:2972} INFO - Setting next_dagrun for python_operator to None, run_after=None
[2024-06-10 18:36:08,093] {processor.py:161} INFO - Processing /opt/airflow/dags/2-pythonoperator.py took 0.046 seconds
[2024-06-10 18:36:38,349] {processor.py:153} INFO - Started process (PID=3995) to work on /opt/airflow/dags/2-pythonoperator.py
[2024-06-10 18:36:38,349] {processor.py:641} INFO - Processing file /opt/airflow/dags/2-pythonoperator.py for tasks to queue
[2024-06-10 18:36:38,350] {logging_mixin.py:115} INFO - [2024-06-10 18:36:38,350] {dagbag.py:508} INFO - Filling up the DagBag from /opt/airflow/dags/2-pythonoperator.py
[2024-06-10 18:36:38,354] {processor.py:651} INFO - DAG(s) dict_keys(['python_operator']) retrieved from /opt/airflow/dags/2-pythonoperator.py
[2024-06-10 18:36:38,369] {logging_mixin.py:115} INFO - [2024-06-10 18:36:38,369] {dag.py:2420} INFO - Sync 1 DAGs
[2024-06-10 18:36:38,382] {logging_mixin.py:115} INFO - [2024-06-10 18:36:38,382] {dag.py:2972} INFO - Setting next_dagrun for python_operator to None, run_after=None
[2024-06-10 18:36:38,389] {processor.py:161} INFO - Processing /opt/airflow/dags/2-pythonoperator.py took 0.042 seconds
[2024-06-10 18:37:08,730] {processor.py:153} INFO - Started process (PID=4030) to work on /opt/airflow/dags/2-pythonoperator.py
[2024-06-10 18:37:08,730] {processor.py:641} INFO - Processing file /opt/airflow/dags/2-pythonoperator.py for tasks to queue
[2024-06-10 18:37:08,731] {logging_mixin.py:115} INFO - [2024-06-10 18:37:08,731] {dagbag.py:508} INFO - Filling up the DagBag from /opt/airflow/dags/2-pythonoperator.py
[2024-06-10 18:37:08,735] {processor.py:651} INFO - DAG(s) dict_keys(['python_operator']) retrieved from /opt/airflow/dags/2-pythonoperator.py
[2024-06-10 18:37:08,750] {logging_mixin.py:115} INFO - [2024-06-10 18:37:08,750] {dag.py:2420} INFO - Sync 1 DAGs
[2024-06-10 18:37:08,762] {logging_mixin.py:115} INFO - [2024-06-10 18:37:08,762] {dag.py:2972} INFO - Setting next_dagrun for python_operator to None, run_after=None
[2024-06-10 18:37:08,769] {processor.py:161} INFO - Processing /opt/airflow/dags/2-pythonoperator.py took 0.042 seconds
[2024-06-10 18:37:39,072] {processor.py:153} INFO - Started process (PID=4065) to work on /opt/airflow/dags/2-pythonoperator.py
[2024-06-10 18:37:39,072] {processor.py:641} INFO - Processing file /opt/airflow/dags/2-pythonoperator.py for tasks to queue
[2024-06-10 18:37:39,072] {logging_mixin.py:115} INFO - [2024-06-10 18:37:39,072] {dagbag.py:508} INFO - Filling up the DagBag from /opt/airflow/dags/2-pythonoperator.py
[2024-06-10 18:37:39,076] {processor.py:651} INFO - DAG(s) dict_keys(['python_operator']) retrieved from /opt/airflow/dags/2-pythonoperator.py
[2024-06-10 18:37:39,092] {logging_mixin.py:115} INFO - [2024-06-10 18:37:39,091] {dag.py:2420} INFO - Sync 1 DAGs
[2024-06-10 18:37:39,104] {logging_mixin.py:115} INFO - [2024-06-10 18:37:39,104] {dag.py:2972} INFO - Setting next_dagrun for python_operator to None, run_after=None
[2024-06-10 18:37:39,111] {processor.py:161} INFO - Processing /opt/airflow/dags/2-pythonoperator.py took 0.042 seconds
[2024-06-10 18:38:09,438] {processor.py:153} INFO - Started process (PID=4091) to work on /opt/airflow/dags/2-pythonoperator.py
[2024-06-10 18:38:09,439] {processor.py:641} INFO - Processing file /opt/airflow/dags/2-pythonoperator.py for tasks to queue
[2024-06-10 18:38:09,439] {logging_mixin.py:115} INFO - [2024-06-10 18:38:09,439] {dagbag.py:508} INFO - Filling up the DagBag from /opt/airflow/dags/2-pythonoperator.py
[2024-06-10 18:38:09,444] {processor.py:651} INFO - DAG(s) dict_keys(['python_operator']) retrieved from /opt/airflow/dags/2-pythonoperator.py
[2024-06-10 18:38:09,459] {logging_mixin.py:115} INFO - [2024-06-10 18:38:09,459] {dag.py:2420} INFO - Sync 1 DAGs
[2024-06-10 18:38:09,472] {logging_mixin.py:115} INFO - [2024-06-10 18:38:09,472] {dag.py:2972} INFO - Setting next_dagrun for python_operator to None, run_after=None
[2024-06-10 18:38:09,480] {processor.py:161} INFO - Processing /opt/airflow/dags/2-pythonoperator.py took 0.044 seconds
[2024-06-10 18:38:39,778] {processor.py:153} INFO - Started process (PID=4125) to work on /opt/airflow/dags/2-pythonoperator.py
[2024-06-10 18:38:39,778] {processor.py:641} INFO - Processing file /opt/airflow/dags/2-pythonoperator.py for tasks to queue
[2024-06-10 18:38:39,779] {logging_mixin.py:115} INFO - [2024-06-10 18:38:39,779] {dagbag.py:508} INFO - Filling up the DagBag from /opt/airflow/dags/2-pythonoperator.py
[2024-06-10 18:38:39,783] {processor.py:651} INFO - DAG(s) dict_keys(['python_operator']) retrieved from /opt/airflow/dags/2-pythonoperator.py
[2024-06-10 18:38:39,798] {logging_mixin.py:115} INFO - [2024-06-10 18:38:39,798] {dag.py:2420} INFO - Sync 1 DAGs
[2024-06-10 18:38:39,812] {logging_mixin.py:115} INFO - [2024-06-10 18:38:39,812] {dag.py:2972} INFO - Setting next_dagrun for python_operator to None, run_after=None
[2024-06-10 18:38:39,819] {processor.py:161} INFO - Processing /opt/airflow/dags/2-pythonoperator.py took 0.043 seconds
[2024-06-10 18:39:10,117] {processor.py:153} INFO - Started process (PID=4160) to work on /opt/airflow/dags/2-pythonoperator.py
[2024-06-10 18:39:10,117] {processor.py:641} INFO - Processing file /opt/airflow/dags/2-pythonoperator.py for tasks to queue
[2024-06-10 18:39:10,117] {logging_mixin.py:115} INFO - [2024-06-10 18:39:10,117] {dagbag.py:508} INFO - Filling up the DagBag from /opt/airflow/dags/2-pythonoperator.py
[2024-06-10 18:39:10,122] {processor.py:651} INFO - DAG(s) dict_keys(['python_operator']) retrieved from /opt/airflow/dags/2-pythonoperator.py
[2024-06-10 18:39:10,139] {logging_mixin.py:115} INFO - [2024-06-10 18:39:10,139] {dag.py:2420} INFO - Sync 1 DAGs
[2024-06-10 18:39:10,152] {logging_mixin.py:115} INFO - [2024-06-10 18:39:10,152] {dag.py:2972} INFO - Setting next_dagrun for python_operator to None, run_after=None
[2024-06-10 18:39:10,159] {processor.py:161} INFO - Processing /opt/airflow/dags/2-pythonoperator.py took 0.045 seconds
[2024-06-10 18:39:40,454] {processor.py:153} INFO - Started process (PID=4194) to work on /opt/airflow/dags/2-pythonoperator.py
[2024-06-10 18:39:40,455] {processor.py:641} INFO - Processing file /opt/airflow/dags/2-pythonoperator.py for tasks to queue
[2024-06-10 18:39:40,456] {logging_mixin.py:115} INFO - [2024-06-10 18:39:40,455] {dagbag.py:508} INFO - Filling up the DagBag from /opt/airflow/dags/2-pythonoperator.py
[2024-06-10 18:39:40,461] {processor.py:651} INFO - DAG(s) dict_keys(['python_operator']) retrieved from /opt/airflow/dags/2-pythonoperator.py
[2024-06-10 18:39:40,476] {logging_mixin.py:115} INFO - [2024-06-10 18:39:40,476] {dag.py:2420} INFO - Sync 1 DAGs
[2024-06-10 18:39:40,489] {logging_mixin.py:115} INFO - [2024-06-10 18:39:40,489] {dag.py:2972} INFO - Setting next_dagrun for python_operator to None, run_after=None
[2024-06-10 18:39:40,496] {processor.py:161} INFO - Processing /opt/airflow/dags/2-pythonoperator.py took 0.044 seconds
[2024-06-10 18:40:10,801] {processor.py:153} INFO - Started process (PID=4229) to work on /opt/airflow/dags/2-pythonoperator.py
[2024-06-10 18:40:10,801] {processor.py:641} INFO - Processing file /opt/airflow/dags/2-pythonoperator.py for tasks to queue
[2024-06-10 18:40:10,802] {logging_mixin.py:115} INFO - [2024-06-10 18:40:10,802] {dagbag.py:508} INFO - Filling up the DagBag from /opt/airflow/dags/2-pythonoperator.py
[2024-06-10 18:40:10,806] {processor.py:651} INFO - DAG(s) dict_keys(['python_operator']) retrieved from /opt/airflow/dags/2-pythonoperator.py
[2024-06-10 18:40:10,821] {logging_mixin.py:115} INFO - [2024-06-10 18:40:10,821] {dag.py:2420} INFO - Sync 1 DAGs
[2024-06-10 18:40:10,834] {logging_mixin.py:115} INFO - [2024-06-10 18:40:10,834] {dag.py:2972} INFO - Setting next_dagrun for python_operator to None, run_after=None
[2024-06-10 18:40:10,842] {processor.py:161} INFO - Processing /opt/airflow/dags/2-pythonoperator.py took 0.043 seconds
[2024-06-10 18:40:41,112] {processor.py:153} INFO - Started process (PID=4262) to work on /opt/airflow/dags/2-pythonoperator.py
[2024-06-10 18:40:41,112] {processor.py:641} INFO - Processing file /opt/airflow/dags/2-pythonoperator.py for tasks to queue
[2024-06-10 18:40:41,113] {logging_mixin.py:115} INFO - [2024-06-10 18:40:41,112] {dagbag.py:508} INFO - Filling up the DagBag from /opt/airflow/dags/2-pythonoperator.py
[2024-06-10 18:40:41,118] {processor.py:651} INFO - DAG(s) dict_keys(['python_operator']) retrieved from /opt/airflow/dags/2-pythonoperator.py
[2024-06-10 18:40:41,136] {logging_mixin.py:115} INFO - [2024-06-10 18:40:41,136] {dag.py:2420} INFO - Sync 1 DAGs
[2024-06-10 18:40:41,151] {logging_mixin.py:115} INFO - [2024-06-10 18:40:41,150] {dag.py:2972} INFO - Setting next_dagrun for python_operator to None, run_after=None
[2024-06-10 18:40:41,159] {processor.py:161} INFO - Processing /opt/airflow/dags/2-pythonoperator.py took 0.050 seconds
[2024-06-10 18:41:11,503] {processor.py:153} INFO - Started process (PID=4290) to work on /opt/airflow/dags/2-pythonoperator.py
[2024-06-10 18:41:11,503] {processor.py:641} INFO - Processing file /opt/airflow/dags/2-pythonoperator.py for tasks to queue
[2024-06-10 18:41:11,504] {logging_mixin.py:115} INFO - [2024-06-10 18:41:11,503] {dagbag.py:508} INFO - Filling up the DagBag from /opt/airflow/dags/2-pythonoperator.py
[2024-06-10 18:41:11,509] {processor.py:651} INFO - DAG(s) dict_keys(['python_operator']) retrieved from /opt/airflow/dags/2-pythonoperator.py
[2024-06-10 18:41:11,523] {logging_mixin.py:115} INFO - [2024-06-10 18:41:11,523] {dag.py:2420} INFO - Sync 1 DAGs
[2024-06-10 18:41:11,536] {logging_mixin.py:115} INFO - [2024-06-10 18:41:11,536] {dag.py:2972} INFO - Setting next_dagrun for python_operator to None, run_after=None
[2024-06-10 18:41:11,543] {processor.py:161} INFO - Processing /opt/airflow/dags/2-pythonoperator.py took 0.043 seconds
[2024-06-10 18:41:41,843] {processor.py:153} INFO - Started process (PID=4325) to work on /opt/airflow/dags/2-pythonoperator.py
[2024-06-10 18:41:41,844] {processor.py:641} INFO - Processing file /opt/airflow/dags/2-pythonoperator.py for tasks to queue
[2024-06-10 18:41:41,844] {logging_mixin.py:115} INFO - [2024-06-10 18:41:41,844] {dagbag.py:508} INFO - Filling up the DagBag from /opt/airflow/dags/2-pythonoperator.py
[2024-06-10 18:41:41,849] {processor.py:651} INFO - DAG(s) dict_keys(['python_operator']) retrieved from /opt/airflow/dags/2-pythonoperator.py
[2024-06-10 18:41:41,865] {logging_mixin.py:115} INFO - [2024-06-10 18:41:41,865] {dag.py:2420} INFO - Sync 1 DAGs
[2024-06-10 18:41:41,879] {logging_mixin.py:115} INFO - [2024-06-10 18:41:41,878] {dag.py:2972} INFO - Setting next_dagrun for python_operator to None, run_after=None
[2024-06-10 18:41:41,886] {processor.py:161} INFO - Processing /opt/airflow/dags/2-pythonoperator.py took 0.045 seconds
[2024-06-10 18:42:12,182] {processor.py:153} INFO - Started process (PID=4360) to work on /opt/airflow/dags/2-pythonoperator.py
[2024-06-10 18:42:12,183] {processor.py:641} INFO - Processing file /opt/airflow/dags/2-pythonoperator.py for tasks to queue
[2024-06-10 18:42:12,183] {logging_mixin.py:115} INFO - [2024-06-10 18:42:12,183] {dagbag.py:508} INFO - Filling up the DagBag from /opt/airflow/dags/2-pythonoperator.py
[2024-06-10 18:42:12,188] {processor.py:651} INFO - DAG(s) dict_keys(['python_operator']) retrieved from /opt/airflow/dags/2-pythonoperator.py
[2024-06-10 18:42:12,203] {logging_mixin.py:115} INFO - [2024-06-10 18:42:12,203] {dag.py:2420} INFO - Sync 1 DAGs
[2024-06-10 18:42:12,216] {logging_mixin.py:115} INFO - [2024-06-10 18:42:12,216] {dag.py:2972} INFO - Setting next_dagrun for python_operator to None, run_after=None
[2024-06-10 18:42:12,225] {processor.py:161} INFO - Processing /opt/airflow/dags/2-pythonoperator.py took 0.046 seconds
[2024-06-10 18:42:42,523] {processor.py:153} INFO - Started process (PID=4395) to work on /opt/airflow/dags/2-pythonoperator.py
[2024-06-10 18:42:42,523] {processor.py:641} INFO - Processing file /opt/airflow/dags/2-pythonoperator.py for tasks to queue
[2024-06-10 18:42:42,524] {logging_mixin.py:115} INFO - [2024-06-10 18:42:42,524] {dagbag.py:508} INFO - Filling up the DagBag from /opt/airflow/dags/2-pythonoperator.py
[2024-06-10 18:42:42,528] {processor.py:651} INFO - DAG(s) dict_keys(['python_operator']) retrieved from /opt/airflow/dags/2-pythonoperator.py
[2024-06-10 18:42:42,546] {logging_mixin.py:115} INFO - [2024-06-10 18:42:42,546] {dag.py:2420} INFO - Sync 1 DAGs
[2024-06-10 18:42:42,560] {logging_mixin.py:115} INFO - [2024-06-10 18:42:42,560] {dag.py:2972} INFO - Setting next_dagrun for python_operator to None, run_after=None
[2024-06-10 18:42:42,567] {processor.py:161} INFO - Processing /opt/airflow/dags/2-pythonoperator.py took 0.047 seconds
[2024-06-10 18:43:12,872] {processor.py:153} INFO - Started process (PID=4430) to work on /opt/airflow/dags/2-pythonoperator.py
[2024-06-10 18:43:12,872] {processor.py:641} INFO - Processing file /opt/airflow/dags/2-pythonoperator.py for tasks to queue
[2024-06-10 18:43:12,872] {logging_mixin.py:115} INFO - [2024-06-10 18:43:12,872] {dagbag.py:508} INFO - Filling up the DagBag from /opt/airflow/dags/2-pythonoperator.py
[2024-06-10 18:43:12,877] {processor.py:651} INFO - DAG(s) dict_keys(['python_operator']) retrieved from /opt/airflow/dags/2-pythonoperator.py
[2024-06-10 18:43:12,893] {logging_mixin.py:115} INFO - [2024-06-10 18:43:12,893] {dag.py:2420} INFO - Sync 1 DAGs
[2024-06-10 18:43:12,906] {logging_mixin.py:115} INFO - [2024-06-10 18:43:12,906] {dag.py:2972} INFO - Setting next_dagrun for python_operator to None, run_after=None
[2024-06-10 18:43:12,913] {processor.py:161} INFO - Processing /opt/airflow/dags/2-pythonoperator.py took 0.044 seconds
[2024-06-10 18:43:43,171] {processor.py:153} INFO - Started process (PID=4456) to work on /opt/airflow/dags/2-pythonoperator.py
[2024-06-10 18:43:43,171] {processor.py:641} INFO - Processing file /opt/airflow/dags/2-pythonoperator.py for tasks to queue
[2024-06-10 18:43:43,171] {logging_mixin.py:115} INFO - [2024-06-10 18:43:43,171] {dagbag.py:508} INFO - Filling up the DagBag from /opt/airflow/dags/2-pythonoperator.py
[2024-06-10 18:43:43,176] {processor.py:651} INFO - DAG(s) dict_keys(['python_operator']) retrieved from /opt/airflow/dags/2-pythonoperator.py
[2024-06-10 18:43:43,191] {logging_mixin.py:115} INFO - [2024-06-10 18:43:43,191] {dag.py:2420} INFO - Sync 1 DAGs
[2024-06-10 18:43:43,203] {logging_mixin.py:115} INFO - [2024-06-10 18:43:43,203] {dag.py:2972} INFO - Setting next_dagrun for python_operator to None, run_after=None
[2024-06-10 18:43:43,211] {processor.py:161} INFO - Processing /opt/airflow/dags/2-pythonoperator.py took 0.044 seconds
[2024-06-10 18:44:13,501] {processor.py:153} INFO - Started process (PID=4491) to work on /opt/airflow/dags/2-pythonoperator.py
[2024-06-10 18:44:13,502] {processor.py:641} INFO - Processing file /opt/airflow/dags/2-pythonoperator.py for tasks to queue
[2024-06-10 18:44:13,502] {logging_mixin.py:115} INFO - [2024-06-10 18:44:13,502] {dagbag.py:508} INFO - Filling up the DagBag from /opt/airflow/dags/2-pythonoperator.py
[2024-06-10 18:44:13,507] {processor.py:651} INFO - DAG(s) dict_keys(['python_operator']) retrieved from /opt/airflow/dags/2-pythonoperator.py
[2024-06-10 18:44:13,522] {logging_mixin.py:115} INFO - [2024-06-10 18:44:13,522] {dag.py:2420} INFO - Sync 1 DAGs
[2024-06-10 18:44:13,534] {logging_mixin.py:115} INFO - [2024-06-10 18:44:13,534] {dag.py:2972} INFO - Setting next_dagrun for python_operator to None, run_after=None
[2024-06-10 18:44:13,543] {processor.py:161} INFO - Processing /opt/airflow/dags/2-pythonoperator.py took 0.044 seconds
[2024-06-10 18:44:43,860] {processor.py:153} INFO - Started process (PID=4526) to work on /opt/airflow/dags/2-pythonoperator.py
[2024-06-10 18:44:43,860] {processor.py:641} INFO - Processing file /opt/airflow/dags/2-pythonoperator.py for tasks to queue
[2024-06-10 18:44:43,861] {logging_mixin.py:115} INFO - [2024-06-10 18:44:43,861] {dagbag.py:508} INFO - Filling up the DagBag from /opt/airflow/dags/2-pythonoperator.py
[2024-06-10 18:44:43,866] {processor.py:651} INFO - DAG(s) dict_keys(['python_operator']) retrieved from /opt/airflow/dags/2-pythonoperator.py
[2024-06-10 18:44:43,883] {logging_mixin.py:115} INFO - [2024-06-10 18:44:43,883] {dag.py:2420} INFO - Sync 1 DAGs
[2024-06-10 18:44:43,896] {logging_mixin.py:115} INFO - [2024-06-10 18:44:43,896] {dag.py:2972} INFO - Setting next_dagrun for python_operator to None, run_after=None
[2024-06-10 18:44:43,903] {processor.py:161} INFO - Processing /opt/airflow/dags/2-pythonoperator.py took 0.045 seconds
[2024-06-10 18:45:14,164] {processor.py:153} INFO - Started process (PID=4561) to work on /opt/airflow/dags/2-pythonoperator.py
[2024-06-10 18:45:14,165] {processor.py:641} INFO - Processing file /opt/airflow/dags/2-pythonoperator.py for tasks to queue
[2024-06-10 18:45:14,165] {logging_mixin.py:115} INFO - [2024-06-10 18:45:14,165] {dagbag.py:508} INFO - Filling up the DagBag from /opt/airflow/dags/2-pythonoperator.py
[2024-06-10 18:45:14,170] {processor.py:651} INFO - DAG(s) dict_keys(['python_operator']) retrieved from /opt/airflow/dags/2-pythonoperator.py
[2024-06-10 18:45:14,189] {logging_mixin.py:115} INFO - [2024-06-10 18:45:14,189] {dag.py:2420} INFO - Sync 1 DAGs
[2024-06-10 18:45:14,202] {logging_mixin.py:115} INFO - [2024-06-10 18:45:14,202] {dag.py:2972} INFO - Setting next_dagrun for python_operator to None, run_after=None
[2024-06-10 18:45:14,210] {processor.py:161} INFO - Processing /opt/airflow/dags/2-pythonoperator.py took 0.048 seconds
[2024-06-10 18:45:44,551] {processor.py:153} INFO - Started process (PID=4596) to work on /opt/airflow/dags/2-pythonoperator.py
[2024-06-10 18:45:44,551] {processor.py:641} INFO - Processing file /opt/airflow/dags/2-pythonoperator.py for tasks to queue
[2024-06-10 18:45:44,551] {logging_mixin.py:115} INFO - [2024-06-10 18:45:44,551] {dagbag.py:508} INFO - Filling up the DagBag from /opt/airflow/dags/2-pythonoperator.py
[2024-06-10 18:45:44,556] {processor.py:651} INFO - DAG(s) dict_keys(['python_operator']) retrieved from /opt/airflow/dags/2-pythonoperator.py
[2024-06-10 18:45:44,572] {logging_mixin.py:115} INFO - [2024-06-10 18:45:44,572] {dag.py:2420} INFO - Sync 1 DAGs
[2024-06-10 18:45:44,586] {logging_mixin.py:115} INFO - [2024-06-10 18:45:44,586] {dag.py:2972} INFO - Setting next_dagrun for python_operator to None, run_after=None
[2024-06-10 18:45:44,596] {processor.py:161} INFO - Processing /opt/airflow/dags/2-pythonoperator.py took 0.047 seconds
[2024-06-10 18:46:14,847] {processor.py:153} INFO - Started process (PID=4622) to work on /opt/airflow/dags/2-pythonoperator.py
[2024-06-10 18:46:14,847] {processor.py:641} INFO - Processing file /opt/airflow/dags/2-pythonoperator.py for tasks to queue
[2024-06-10 18:46:14,847] {logging_mixin.py:115} INFO - [2024-06-10 18:46:14,847] {dagbag.py:508} INFO - Filling up the DagBag from /opt/airflow/dags/2-pythonoperator.py
[2024-06-10 18:46:14,856] {processor.py:651} INFO - DAG(s) dict_keys(['python_operator']) retrieved from /opt/airflow/dags/2-pythonoperator.py
[2024-06-10 18:46:14,873] {logging_mixin.py:115} INFO - [2024-06-10 18:46:14,873] {dag.py:2420} INFO - Sync 1 DAGs
[2024-06-10 18:46:14,885] {logging_mixin.py:115} INFO - [2024-06-10 18:46:14,885] {dag.py:2972} INFO - Setting next_dagrun for python_operator to None, run_after=None
[2024-06-10 18:46:14,893] {processor.py:161} INFO - Processing /opt/airflow/dags/2-pythonoperator.py took 0.049 seconds
[2024-06-10 18:46:45,236] {processor.py:153} INFO - Started process (PID=4656) to work on /opt/airflow/dags/2-pythonoperator.py
[2024-06-10 18:46:45,237] {processor.py:641} INFO - Processing file /opt/airflow/dags/2-pythonoperator.py for tasks to queue
[2024-06-10 18:46:45,237] {logging_mixin.py:115} INFO - [2024-06-10 18:46:45,237] {dagbag.py:508} INFO - Filling up the DagBag from /opt/airflow/dags/2-pythonoperator.py
[2024-06-10 18:46:45,242] {processor.py:651} INFO - DAG(s) dict_keys(['python_operator']) retrieved from /opt/airflow/dags/2-pythonoperator.py
[2024-06-10 18:46:45,256] {logging_mixin.py:115} INFO - [2024-06-10 18:46:45,256] {dag.py:2420} INFO - Sync 1 DAGs
[2024-06-10 18:46:45,269] {logging_mixin.py:115} INFO - [2024-06-10 18:46:45,269] {dag.py:2972} INFO - Setting next_dagrun for python_operator to None, run_after=None
[2024-06-10 18:46:45,276] {processor.py:161} INFO - Processing /opt/airflow/dags/2-pythonoperator.py took 0.042 seconds
[2024-06-10 18:47:15,620] {processor.py:153} INFO - Started process (PID=4690) to work on /opt/airflow/dags/2-pythonoperator.py
[2024-06-10 18:47:15,621] {processor.py:641} INFO - Processing file /opt/airflow/dags/2-pythonoperator.py for tasks to queue
[2024-06-10 18:47:15,621] {logging_mixin.py:115} INFO - [2024-06-10 18:47:15,621] {dagbag.py:508} INFO - Filling up the DagBag from /opt/airflow/dags/2-pythonoperator.py
[2024-06-10 18:47:15,626] {processor.py:651} INFO - DAG(s) dict_keys(['python_operator']) retrieved from /opt/airflow/dags/2-pythonoperator.py
[2024-06-10 18:47:15,640] {logging_mixin.py:115} INFO - [2024-06-10 18:47:15,640] {dag.py:2420} INFO - Sync 1 DAGs
[2024-06-10 18:47:15,653] {logging_mixin.py:115} INFO - [2024-06-10 18:47:15,653] {dag.py:2972} INFO - Setting next_dagrun for python_operator to None, run_after=None
[2024-06-10 18:47:15,660] {processor.py:161} INFO - Processing /opt/airflow/dags/2-pythonoperator.py took 0.041 seconds
[2024-06-10 18:47:45,960] {processor.py:153} INFO - Started process (PID=4725) to work on /opt/airflow/dags/2-pythonoperator.py
[2024-06-10 18:47:45,961] {processor.py:641} INFO - Processing file /opt/airflow/dags/2-pythonoperator.py for tasks to queue
[2024-06-10 18:47:45,961] {logging_mixin.py:115} INFO - [2024-06-10 18:47:45,961] {dagbag.py:508} INFO - Filling up the DagBag from /opt/airflow/dags/2-pythonoperator.py
[2024-06-10 18:47:45,965] {processor.py:651} INFO - DAG(s) dict_keys(['python_operator']) retrieved from /opt/airflow/dags/2-pythonoperator.py
[2024-06-10 18:47:45,981] {logging_mixin.py:115} INFO - [2024-06-10 18:47:45,981] {dag.py:2420} INFO - Sync 1 DAGs
[2024-06-10 18:47:45,994] {logging_mixin.py:115} INFO - [2024-06-10 18:47:45,994] {dag.py:2972} INFO - Setting next_dagrun for python_operator to None, run_after=None
[2024-06-10 18:47:46,001] {processor.py:161} INFO - Processing /opt/airflow/dags/2-pythonoperator.py took 0.043 seconds
[2024-06-10 18:48:16,318] {processor.py:153} INFO - Started process (PID=4760) to work on /opt/airflow/dags/2-pythonoperator.py
[2024-06-10 18:48:16,319] {processor.py:641} INFO - Processing file /opt/airflow/dags/2-pythonoperator.py for tasks to queue
[2024-06-10 18:48:16,319] {logging_mixin.py:115} INFO - [2024-06-10 18:48:16,319] {dagbag.py:508} INFO - Filling up the DagBag from /opt/airflow/dags/2-pythonoperator.py
[2024-06-10 18:48:16,325] {processor.py:651} INFO - DAG(s) dict_keys(['python_operator']) retrieved from /opt/airflow/dags/2-pythonoperator.py
[2024-06-10 18:48:16,342] {logging_mixin.py:115} INFO - [2024-06-10 18:48:16,342] {dag.py:2420} INFO - Sync 1 DAGs
[2024-06-10 18:48:16,356] {logging_mixin.py:115} INFO - [2024-06-10 18:48:16,356] {dag.py:2972} INFO - Setting next_dagrun for python_operator to None, run_after=None
[2024-06-10 18:48:16,366] {processor.py:161} INFO - Processing /opt/airflow/dags/2-pythonoperator.py took 0.050 seconds
[2024-06-10 18:48:46,619] {processor.py:153} INFO - Started process (PID=4795) to work on /opt/airflow/dags/2-pythonoperator.py
[2024-06-10 18:48:46,620] {processor.py:641} INFO - Processing file /opt/airflow/dags/2-pythonoperator.py for tasks to queue
[2024-06-10 18:48:46,620] {logging_mixin.py:115} INFO - [2024-06-10 18:48:46,620] {dagbag.py:508} INFO - Filling up the DagBag from /opt/airflow/dags/2-pythonoperator.py
[2024-06-10 18:48:46,624] {processor.py:651} INFO - DAG(s) dict_keys(['python_operator']) retrieved from /opt/airflow/dags/2-pythonoperator.py
[2024-06-10 18:48:46,640] {logging_mixin.py:115} INFO - [2024-06-10 18:48:46,640] {dag.py:2420} INFO - Sync 1 DAGs
[2024-06-10 18:48:46,653] {logging_mixin.py:115} INFO - [2024-06-10 18:48:46,653] {dag.py:2972} INFO - Setting next_dagrun for python_operator to None, run_after=None
[2024-06-10 18:48:46,660] {processor.py:161} INFO - Processing /opt/airflow/dags/2-pythonoperator.py took 0.043 seconds
[2024-06-10 18:49:16,955] {processor.py:153} INFO - Started process (PID=4820) to work on /opt/airflow/dags/2-pythonoperator.py
[2024-06-10 18:49:16,955] {processor.py:641} INFO - Processing file /opt/airflow/dags/2-pythonoperator.py for tasks to queue
[2024-06-10 18:49:16,956] {logging_mixin.py:115} INFO - [2024-06-10 18:49:16,956] {dagbag.py:508} INFO - Filling up the DagBag from /opt/airflow/dags/2-pythonoperator.py
[2024-06-10 18:49:16,960] {processor.py:651} INFO - DAG(s) dict_keys(['python_operator']) retrieved from /opt/airflow/dags/2-pythonoperator.py
[2024-06-10 18:49:16,977] {logging_mixin.py:115} INFO - [2024-06-10 18:49:16,977] {dag.py:2420} INFO - Sync 1 DAGs
[2024-06-10 18:49:16,990] {logging_mixin.py:115} INFO - [2024-06-10 18:49:16,990] {dag.py:2972} INFO - Setting next_dagrun for python_operator to None, run_after=None
[2024-06-10 18:49:16,997] {processor.py:161} INFO - Processing /opt/airflow/dags/2-pythonoperator.py took 0.045 seconds
[2024-06-10 18:49:47,298] {processor.py:153} INFO - Started process (PID=4855) to work on /opt/airflow/dags/2-pythonoperator.py
[2024-06-10 18:49:47,299] {processor.py:641} INFO - Processing file /opt/airflow/dags/2-pythonoperator.py for tasks to queue
[2024-06-10 18:49:47,299] {logging_mixin.py:115} INFO - [2024-06-10 18:49:47,299] {dagbag.py:508} INFO - Filling up the DagBag from /opt/airflow/dags/2-pythonoperator.py
[2024-06-10 18:49:47,304] {processor.py:651} INFO - DAG(s) dict_keys(['python_operator']) retrieved from /opt/airflow/dags/2-pythonoperator.py
[2024-06-10 18:49:47,320] {logging_mixin.py:115} INFO - [2024-06-10 18:49:47,320] {dag.py:2420} INFO - Sync 1 DAGs
[2024-06-10 18:49:47,334] {logging_mixin.py:115} INFO - [2024-06-10 18:49:47,333] {dag.py:2972} INFO - Setting next_dagrun for python_operator to None, run_after=None
[2024-06-10 18:49:47,341] {processor.py:161} INFO - Processing /opt/airflow/dags/2-pythonoperator.py took 0.045 seconds
[2024-06-10 18:50:17,593] {processor.py:153} INFO - Started process (PID=4890) to work on /opt/airflow/dags/2-pythonoperator.py
[2024-06-10 18:50:17,593] {processor.py:641} INFO - Processing file /opt/airflow/dags/2-pythonoperator.py for tasks to queue
[2024-06-10 18:50:17,594] {logging_mixin.py:115} INFO - [2024-06-10 18:50:17,594] {dagbag.py:508} INFO - Filling up the DagBag from /opt/airflow/dags/2-pythonoperator.py
[2024-06-10 18:50:17,598] {processor.py:651} INFO - DAG(s) dict_keys(['python_operator']) retrieved from /opt/airflow/dags/2-pythonoperator.py
[2024-06-10 18:50:17,614] {logging_mixin.py:115} INFO - [2024-06-10 18:50:17,614] {dag.py:2420} INFO - Sync 1 DAGs
[2024-06-10 18:50:17,627] {logging_mixin.py:115} INFO - [2024-06-10 18:50:17,627] {dag.py:2972} INFO - Setting next_dagrun for python_operator to None, run_after=None
[2024-06-10 18:50:17,634] {processor.py:161} INFO - Processing /opt/airflow/dags/2-pythonoperator.py took 0.045 seconds
[2024-06-10 18:50:47,970] {processor.py:153} INFO - Started process (PID=4925) to work on /opt/airflow/dags/2-pythonoperator.py
[2024-06-10 18:50:47,970] {processor.py:641} INFO - Processing file /opt/airflow/dags/2-pythonoperator.py for tasks to queue
[2024-06-10 18:50:47,971] {logging_mixin.py:115} INFO - [2024-06-10 18:50:47,971] {dagbag.py:508} INFO - Filling up the DagBag from /opt/airflow/dags/2-pythonoperator.py
[2024-06-10 18:50:47,976] {processor.py:651} INFO - DAG(s) dict_keys(['python_operator']) retrieved from /opt/airflow/dags/2-pythonoperator.py
[2024-06-10 18:50:47,992] {logging_mixin.py:115} INFO - [2024-06-10 18:50:47,992] {dag.py:2420} INFO - Sync 1 DAGs
[2024-06-10 18:50:48,008] {logging_mixin.py:115} INFO - [2024-06-10 18:50:48,008] {dag.py:2972} INFO - Setting next_dagrun for python_operator to None, run_after=None
[2024-06-10 18:50:48,016] {processor.py:161} INFO - Processing /opt/airflow/dags/2-pythonoperator.py took 0.049 seconds
[2024-06-10 18:51:18,313] {processor.py:153} INFO - Started process (PID=4960) to work on /opt/airflow/dags/2-pythonoperator.py
[2024-06-10 18:51:18,313] {processor.py:641} INFO - Processing file /opt/airflow/dags/2-pythonoperator.py for tasks to queue
[2024-06-10 18:51:18,314] {logging_mixin.py:115} INFO - [2024-06-10 18:51:18,314] {dagbag.py:508} INFO - Filling up the DagBag from /opt/airflow/dags/2-pythonoperator.py
[2024-06-10 18:51:18,320] {processor.py:651} INFO - DAG(s) dict_keys(['python_operator']) retrieved from /opt/airflow/dags/2-pythonoperator.py
[2024-06-10 18:51:18,334] {logging_mixin.py:115} INFO - [2024-06-10 18:51:18,334] {dag.py:2420} INFO - Sync 1 DAGs
[2024-06-10 18:51:18,347] {logging_mixin.py:115} INFO - [2024-06-10 18:51:18,347] {dag.py:2972} INFO - Setting next_dagrun for python_operator to None, run_after=None
[2024-06-10 18:51:18,355] {processor.py:161} INFO - Processing /opt/airflow/dags/2-pythonoperator.py took 0.044 seconds
[2024-06-10 18:51:48,600] {processor.py:153} INFO - Started process (PID=4986) to work on /opt/airflow/dags/2-pythonoperator.py
[2024-06-10 18:51:48,600] {processor.py:641} INFO - Processing file /opt/airflow/dags/2-pythonoperator.py for tasks to queue
[2024-06-10 18:51:48,601] {logging_mixin.py:115} INFO - [2024-06-10 18:51:48,601] {dagbag.py:508} INFO - Filling up the DagBag from /opt/airflow/dags/2-pythonoperator.py
[2024-06-10 18:51:48,605] {processor.py:651} INFO - DAG(s) dict_keys(['python_operator']) retrieved from /opt/airflow/dags/2-pythonoperator.py
[2024-06-10 18:51:48,621] {logging_mixin.py:115} INFO - [2024-06-10 18:51:48,621] {dag.py:2420} INFO - Sync 1 DAGs
[2024-06-10 18:51:48,634] {logging_mixin.py:115} INFO - [2024-06-10 18:51:48,634] {dag.py:2972} INFO - Setting next_dagrun for python_operator to None, run_after=None
[2024-06-10 18:51:48,642] {processor.py:161} INFO - Processing /opt/airflow/dags/2-pythonoperator.py took 0.044 seconds
[2024-06-10 18:52:19,003] {processor.py:153} INFO - Started process (PID=5021) to work on /opt/airflow/dags/2-pythonoperator.py
[2024-06-10 18:52:19,003] {processor.py:641} INFO - Processing file /opt/airflow/dags/2-pythonoperator.py for tasks to queue
[2024-06-10 18:52:19,003] {logging_mixin.py:115} INFO - [2024-06-10 18:52:19,003] {dagbag.py:508} INFO - Filling up the DagBag from /opt/airflow/dags/2-pythonoperator.py
[2024-06-10 18:52:19,009] {processor.py:651} INFO - DAG(s) dict_keys(['python_operator']) retrieved from /opt/airflow/dags/2-pythonoperator.py
[2024-06-10 18:52:19,027] {logging_mixin.py:115} INFO - [2024-06-10 18:52:19,027] {dag.py:2420} INFO - Sync 1 DAGs
[2024-06-10 18:52:19,042] {logging_mixin.py:115} INFO - [2024-06-10 18:52:19,042] {dag.py:2972} INFO - Setting next_dagrun for python_operator to None, run_after=None
[2024-06-10 18:52:19,051] {processor.py:161} INFO - Processing /opt/airflow/dags/2-pythonoperator.py took 0.050 seconds
[2024-06-10 18:52:49,352] {processor.py:153} INFO - Started process (PID=5056) to work on /opt/airflow/dags/2-pythonoperator.py
[2024-06-10 18:52:49,352] {processor.py:641} INFO - Processing file /opt/airflow/dags/2-pythonoperator.py for tasks to queue
[2024-06-10 18:52:49,352] {logging_mixin.py:115} INFO - [2024-06-10 18:52:49,352] {dagbag.py:508} INFO - Filling up the DagBag from /opt/airflow/dags/2-pythonoperator.py
[2024-06-10 18:52:49,356] {processor.py:651} INFO - DAG(s) dict_keys(['python_operator']) retrieved from /opt/airflow/dags/2-pythonoperator.py
[2024-06-10 18:52:49,373] {logging_mixin.py:115} INFO - [2024-06-10 18:52:49,373] {dag.py:2420} INFO - Sync 1 DAGs
[2024-06-10 18:52:49,386] {logging_mixin.py:115} INFO - [2024-06-10 18:52:49,386] {dag.py:2972} INFO - Setting next_dagrun for python_operator to None, run_after=None
[2024-06-10 18:52:49,393] {processor.py:161} INFO - Processing /opt/airflow/dags/2-pythonoperator.py took 0.044 seconds
[2024-06-10 18:53:19,700] {processor.py:153} INFO - Started process (PID=5091) to work on /opt/airflow/dags/2-pythonoperator.py
[2024-06-10 18:53:19,700] {processor.py:641} INFO - Processing file /opt/airflow/dags/2-pythonoperator.py for tasks to queue
[2024-06-10 18:53:19,701] {logging_mixin.py:115} INFO - [2024-06-10 18:53:19,701] {dagbag.py:508} INFO - Filling up the DagBag from /opt/airflow/dags/2-pythonoperator.py
[2024-06-10 18:53:19,705] {processor.py:651} INFO - DAG(s) dict_keys(['python_operator']) retrieved from /opt/airflow/dags/2-pythonoperator.py
[2024-06-10 18:53:19,721] {logging_mixin.py:115} INFO - [2024-06-10 18:53:19,721] {dag.py:2420} INFO - Sync 1 DAGs
[2024-06-10 18:53:19,734] {logging_mixin.py:115} INFO - [2024-06-10 18:53:19,734] {dag.py:2972} INFO - Setting next_dagrun for python_operator to None, run_after=None
[2024-06-10 18:53:19,742] {processor.py:161} INFO - Processing /opt/airflow/dags/2-pythonoperator.py took 0.044 seconds
[2024-06-10 18:53:50,055] {processor.py:153} INFO - Started process (PID=5126) to work on /opt/airflow/dags/2-pythonoperator.py
[2024-06-10 18:53:50,055] {processor.py:641} INFO - Processing file /opt/airflow/dags/2-pythonoperator.py for tasks to queue
[2024-06-10 18:53:50,056] {logging_mixin.py:115} INFO - [2024-06-10 18:53:50,056] {dagbag.py:508} INFO - Filling up the DagBag from /opt/airflow/dags/2-pythonoperator.py
[2024-06-10 18:53:50,063] {processor.py:651} INFO - DAG(s) dict_keys(['python_operator']) retrieved from /opt/airflow/dags/2-pythonoperator.py
[2024-06-10 18:53:50,081] {logging_mixin.py:115} INFO - [2024-06-10 18:53:50,081] {dag.py:2420} INFO - Sync 1 DAGs
[2024-06-10 18:53:50,095] {logging_mixin.py:115} INFO - [2024-06-10 18:53:50,095] {dag.py:2972} INFO - Setting next_dagrun for python_operator to None, run_after=None
[2024-06-10 18:53:50,103] {processor.py:161} INFO - Processing /opt/airflow/dags/2-pythonoperator.py took 0.050 seconds
[2024-06-10 18:54:20,402] {processor.py:153} INFO - Started process (PID=5161) to work on /opt/airflow/dags/2-pythonoperator.py
[2024-06-10 18:54:20,403] {processor.py:641} INFO - Processing file /opt/airflow/dags/2-pythonoperator.py for tasks to queue
[2024-06-10 18:54:20,403] {logging_mixin.py:115} INFO - [2024-06-10 18:54:20,403] {dagbag.py:508} INFO - Filling up the DagBag from /opt/airflow/dags/2-pythonoperator.py
[2024-06-10 18:54:20,408] {processor.py:651} INFO - DAG(s) dict_keys(['python_operator']) retrieved from /opt/airflow/dags/2-pythonoperator.py
[2024-06-10 18:54:20,427] {logging_mixin.py:115} INFO - [2024-06-10 18:54:20,427] {dag.py:2420} INFO - Sync 1 DAGs
[2024-06-10 18:54:20,440] {logging_mixin.py:115} INFO - [2024-06-10 18:54:20,440] {dag.py:2972} INFO - Setting next_dagrun for python_operator to None, run_after=None
[2024-06-10 18:54:20,449] {processor.py:161} INFO - Processing /opt/airflow/dags/2-pythonoperator.py took 0.049 seconds
[2024-06-10 18:54:50,749] {processor.py:153} INFO - Started process (PID=5187) to work on /opt/airflow/dags/2-pythonoperator.py
[2024-06-10 18:54:50,750] {processor.py:641} INFO - Processing file /opt/airflow/dags/2-pythonoperator.py for tasks to queue
[2024-06-10 18:54:50,750] {logging_mixin.py:115} INFO - [2024-06-10 18:54:50,750] {dagbag.py:508} INFO - Filling up the DagBag from /opt/airflow/dags/2-pythonoperator.py
[2024-06-10 18:54:50,755] {processor.py:651} INFO - DAG(s) dict_keys(['python_operator']) retrieved from /opt/airflow/dags/2-pythonoperator.py
[2024-06-10 18:54:50,770] {logging_mixin.py:115} INFO - [2024-06-10 18:54:50,770] {dag.py:2420} INFO - Sync 1 DAGs
[2024-06-10 18:54:50,785] {logging_mixin.py:115} INFO - [2024-06-10 18:54:50,785] {dag.py:2972} INFO - Setting next_dagrun for python_operator to None, run_after=None
[2024-06-10 18:54:50,795] {processor.py:161} INFO - Processing /opt/airflow/dags/2-pythonoperator.py took 0.047 seconds
[2024-06-10 18:55:21,096] {processor.py:153} INFO - Started process (PID=5223) to work on /opt/airflow/dags/2-pythonoperator.py
[2024-06-10 18:55:21,096] {processor.py:641} INFO - Processing file /opt/airflow/dags/2-pythonoperator.py for tasks to queue
[2024-06-10 18:55:21,096] {logging_mixin.py:115} INFO - [2024-06-10 18:55:21,096] {dagbag.py:508} INFO - Filling up the DagBag from /opt/airflow/dags/2-pythonoperator.py
[2024-06-10 18:55:21,101] {processor.py:651} INFO - DAG(s) dict_keys(['python_operator']) retrieved from /opt/airflow/dags/2-pythonoperator.py
[2024-06-10 18:55:21,123] {logging_mixin.py:115} INFO - [2024-06-10 18:55:21,123] {dag.py:2420} INFO - Sync 1 DAGs
[2024-06-10 18:55:21,139] {logging_mixin.py:115} INFO - [2024-06-10 18:55:21,139] {dag.py:2972} INFO - Setting next_dagrun for python_operator to None, run_after=None
[2024-06-10 18:55:21,146] {processor.py:161} INFO - Processing /opt/airflow/dags/2-pythonoperator.py took 0.053 seconds
[2024-06-10 18:55:51,471] {processor.py:153} INFO - Started process (PID=5257) to work on /opt/airflow/dags/2-pythonoperator.py
[2024-06-10 18:55:51,471] {processor.py:641} INFO - Processing file /opt/airflow/dags/2-pythonoperator.py for tasks to queue
[2024-06-10 18:55:51,472] {logging_mixin.py:115} INFO - [2024-06-10 18:55:51,472] {dagbag.py:508} INFO - Filling up the DagBag from /opt/airflow/dags/2-pythonoperator.py
[2024-06-10 18:55:51,476] {processor.py:651} INFO - DAG(s) dict_keys(['python_operator']) retrieved from /opt/airflow/dags/2-pythonoperator.py
[2024-06-10 18:55:51,492] {logging_mixin.py:115} INFO - [2024-06-10 18:55:51,492] {dag.py:2420} INFO - Sync 1 DAGs
[2024-06-10 18:55:51,505] {logging_mixin.py:115} INFO - [2024-06-10 18:55:51,505] {dag.py:2972} INFO - Setting next_dagrun for python_operator to None, run_after=None
[2024-06-10 18:55:51,513] {processor.py:161} INFO - Processing /opt/airflow/dags/2-pythonoperator.py took 0.044 seconds
[2024-06-10 18:56:21,819] {processor.py:153} INFO - Started process (PID=5292) to work on /opt/airflow/dags/2-pythonoperator.py
[2024-06-10 18:56:21,819] {processor.py:641} INFO - Processing file /opt/airflow/dags/2-pythonoperator.py for tasks to queue
[2024-06-10 18:56:21,820] {logging_mixin.py:115} INFO - [2024-06-10 18:56:21,820] {dagbag.py:508} INFO - Filling up the DagBag from /opt/airflow/dags/2-pythonoperator.py
[2024-06-10 18:56:21,824] {processor.py:651} INFO - DAG(s) dict_keys(['python_operator']) retrieved from /opt/airflow/dags/2-pythonoperator.py
[2024-06-10 18:56:21,838] {logging_mixin.py:115} INFO - [2024-06-10 18:56:21,838] {dag.py:2420} INFO - Sync 1 DAGs
[2024-06-10 18:56:21,851] {logging_mixin.py:115} INFO - [2024-06-10 18:56:21,851] {dag.py:2972} INFO - Setting next_dagrun for python_operator to None, run_after=None
[2024-06-10 18:56:21,860] {processor.py:161} INFO - Processing /opt/airflow/dags/2-pythonoperator.py took 0.043 seconds
[2024-06-10 18:56:52,167] {processor.py:153} INFO - Started process (PID=5326) to work on /opt/airflow/dags/2-pythonoperator.py
[2024-06-10 18:56:52,168] {processor.py:641} INFO - Processing file /opt/airflow/dags/2-pythonoperator.py for tasks to queue
[2024-06-10 18:56:52,168] {logging_mixin.py:115} INFO - [2024-06-10 18:56:52,168] {dagbag.py:508} INFO - Filling up the DagBag from /opt/airflow/dags/2-pythonoperator.py
[2024-06-10 18:56:52,173] {processor.py:651} INFO - DAG(s) dict_keys(['python_operator']) retrieved from /opt/airflow/dags/2-pythonoperator.py
[2024-06-10 18:56:52,189] {logging_mixin.py:115} INFO - [2024-06-10 18:56:52,189] {dag.py:2420} INFO - Sync 1 DAGs
[2024-06-10 18:56:52,202] {logging_mixin.py:115} INFO - [2024-06-10 18:56:52,202] {dag.py:2972} INFO - Setting next_dagrun for python_operator to None, run_after=None
[2024-06-10 18:56:52,209] {processor.py:161} INFO - Processing /opt/airflow/dags/2-pythonoperator.py took 0.044 seconds
[2024-06-10 18:57:22,521] {processor.py:153} INFO - Started process (PID=5359) to work on /opt/airflow/dags/2-pythonoperator.py
[2024-06-10 18:57:22,521] {processor.py:641} INFO - Processing file /opt/airflow/dags/2-pythonoperator.py for tasks to queue
[2024-06-10 18:57:22,522] {logging_mixin.py:115} INFO - [2024-06-10 18:57:22,522] {dagbag.py:508} INFO - Filling up the DagBag from /opt/airflow/dags/2-pythonoperator.py
[2024-06-10 18:57:22,526] {processor.py:651} INFO - DAG(s) dict_keys(['python_operator']) retrieved from /opt/airflow/dags/2-pythonoperator.py
[2024-06-10 18:57:22,542] {logging_mixin.py:115} INFO - [2024-06-10 18:57:22,542] {dag.py:2420} INFO - Sync 1 DAGs
[2024-06-10 18:57:22,555] {logging_mixin.py:115} INFO - [2024-06-10 18:57:22,555] {dag.py:2972} INFO - Setting next_dagrun for python_operator to None, run_after=None
[2024-06-10 18:57:22,562] {processor.py:161} INFO - Processing /opt/airflow/dags/2-pythonoperator.py took 0.044 seconds
[2024-06-10 18:57:52,910] {processor.py:153} INFO - Started process (PID=5387) to work on /opt/airflow/dags/2-pythonoperator.py
[2024-06-10 18:57:52,911] {processor.py:641} INFO - Processing file /opt/airflow/dags/2-pythonoperator.py for tasks to queue
[2024-06-10 18:57:52,911] {logging_mixin.py:115} INFO - [2024-06-10 18:57:52,911] {dagbag.py:508} INFO - Filling up the DagBag from /opt/airflow/dags/2-pythonoperator.py
[2024-06-10 18:57:52,919] {processor.py:651} INFO - DAG(s) dict_keys(['python_operator']) retrieved from /opt/airflow/dags/2-pythonoperator.py
[2024-06-10 18:57:52,936] {logging_mixin.py:115} INFO - [2024-06-10 18:57:52,936] {dag.py:2420} INFO - Sync 1 DAGs
[2024-06-10 18:57:52,949] {logging_mixin.py:115} INFO - [2024-06-10 18:57:52,949] {dag.py:2972} INFO - Setting next_dagrun for python_operator to None, run_after=None
[2024-06-10 18:57:52,959] {processor.py:161} INFO - Processing /opt/airflow/dags/2-pythonoperator.py took 0.051 seconds
[2024-06-10 18:58:23,266] {processor.py:153} INFO - Started process (PID=5422) to work on /opt/airflow/dags/2-pythonoperator.py
[2024-06-10 18:58:23,266] {processor.py:641} INFO - Processing file /opt/airflow/dags/2-pythonoperator.py for tasks to queue
[2024-06-10 18:58:23,267] {logging_mixin.py:115} INFO - [2024-06-10 18:58:23,267] {dagbag.py:508} INFO - Filling up the DagBag from /opt/airflow/dags/2-pythonoperator.py
[2024-06-10 18:58:23,271] {processor.py:651} INFO - DAG(s) dict_keys(['python_operator']) retrieved from /opt/airflow/dags/2-pythonoperator.py
[2024-06-10 18:58:23,289] {logging_mixin.py:115} INFO - [2024-06-10 18:58:23,289] {dag.py:2420} INFO - Sync 1 DAGs
[2024-06-10 18:58:23,303] {logging_mixin.py:115} INFO - [2024-06-10 18:58:23,303] {dag.py:2972} INFO - Setting next_dagrun for python_operator to None, run_after=None
[2024-06-10 18:58:23,310] {processor.py:161} INFO - Processing /opt/airflow/dags/2-pythonoperator.py took 0.047 seconds
[2024-06-10 18:58:53,607] {processor.py:153} INFO - Started process (PID=5456) to work on /opt/airflow/dags/2-pythonoperator.py
[2024-06-10 18:58:53,608] {processor.py:641} INFO - Processing file /opt/airflow/dags/2-pythonoperator.py for tasks to queue
[2024-06-10 18:58:53,608] {logging_mixin.py:115} INFO - [2024-06-10 18:58:53,608] {dagbag.py:508} INFO - Filling up the DagBag from /opt/airflow/dags/2-pythonoperator.py
[2024-06-10 18:58:53,613] {processor.py:651} INFO - DAG(s) dict_keys(['python_operator']) retrieved from /opt/airflow/dags/2-pythonoperator.py
[2024-06-10 18:58:53,628] {logging_mixin.py:115} INFO - [2024-06-10 18:58:53,628] {dag.py:2420} INFO - Sync 1 DAGs
[2024-06-10 18:58:53,641] {logging_mixin.py:115} INFO - [2024-06-10 18:58:53,641] {dag.py:2972} INFO - Setting next_dagrun for python_operator to None, run_after=None
[2024-06-10 18:58:53,652] {processor.py:161} INFO - Processing /opt/airflow/dags/2-pythonoperator.py took 0.047 seconds
[2024-06-10 18:59:23,918] {processor.py:153} INFO - Started process (PID=5491) to work on /opt/airflow/dags/2-pythonoperator.py
[2024-06-10 18:59:23,919] {processor.py:641} INFO - Processing file /opt/airflow/dags/2-pythonoperator.py for tasks to queue
[2024-06-10 18:59:23,919] {logging_mixin.py:115} INFO - [2024-06-10 18:59:23,919] {dagbag.py:508} INFO - Filling up the DagBag from /opt/airflow/dags/2-pythonoperator.py
[2024-06-10 18:59:23,924] {processor.py:651} INFO - DAG(s) dict_keys(['python_operator']) retrieved from /opt/airflow/dags/2-pythonoperator.py
[2024-06-10 18:59:23,940] {logging_mixin.py:115} INFO - [2024-06-10 18:59:23,940] {dag.py:2420} INFO - Sync 1 DAGs
[2024-06-10 18:59:23,952] {logging_mixin.py:115} INFO - [2024-06-10 18:59:23,952] {dag.py:2972} INFO - Setting next_dagrun for python_operator to None, run_after=None
[2024-06-10 18:59:23,959] {processor.py:161} INFO - Processing /opt/airflow/dags/2-pythonoperator.py took 0.043 seconds
[2024-06-10 18:59:54,310] {processor.py:153} INFO - Started process (PID=5526) to work on /opt/airflow/dags/2-pythonoperator.py
[2024-06-10 18:59:54,310] {processor.py:641} INFO - Processing file /opt/airflow/dags/2-pythonoperator.py for tasks to queue
[2024-06-10 18:59:54,310] {logging_mixin.py:115} INFO - [2024-06-10 18:59:54,310] {dagbag.py:508} INFO - Filling up the DagBag from /opt/airflow/dags/2-pythonoperator.py
[2024-06-10 18:59:54,315] {processor.py:651} INFO - DAG(s) dict_keys(['python_operator']) retrieved from /opt/airflow/dags/2-pythonoperator.py
[2024-06-10 18:59:54,331] {logging_mixin.py:115} INFO - [2024-06-10 18:59:54,331] {dag.py:2420} INFO - Sync 1 DAGs
[2024-06-10 18:59:54,344] {logging_mixin.py:115} INFO - [2024-06-10 18:59:54,344] {dag.py:2972} INFO - Setting next_dagrun for python_operator to None, run_after=None
[2024-06-10 18:59:54,352] {processor.py:161} INFO - Processing /opt/airflow/dags/2-pythonoperator.py took 0.044 seconds
[2024-06-10 19:00:24,646] {processor.py:153} INFO - Started process (PID=5551) to work on /opt/airflow/dags/2-pythonoperator.py
[2024-06-10 19:00:24,646] {processor.py:641} INFO - Processing file /opt/airflow/dags/2-pythonoperator.py for tasks to queue
[2024-06-10 19:00:24,646] {logging_mixin.py:115} INFO - [2024-06-10 19:00:24,646] {dagbag.py:508} INFO - Filling up the DagBag from /opt/airflow/dags/2-pythonoperator.py
[2024-06-10 19:00:24,651] {processor.py:651} INFO - DAG(s) dict_keys(['python_operator']) retrieved from /opt/airflow/dags/2-pythonoperator.py
[2024-06-10 19:00:24,666] {logging_mixin.py:115} INFO - [2024-06-10 19:00:24,666] {dag.py:2420} INFO - Sync 1 DAGs
[2024-06-10 19:00:24,679] {logging_mixin.py:115} INFO - [2024-06-10 19:00:24,679] {dag.py:2972} INFO - Setting next_dagrun for python_operator to None, run_after=None
[2024-06-10 19:00:24,686] {processor.py:161} INFO - Processing /opt/airflow/dags/2-pythonoperator.py took 0.043 seconds
[2024-06-10 19:00:54,994] {processor.py:153} INFO - Started process (PID=5585) to work on /opt/airflow/dags/2-pythonoperator.py
[2024-06-10 19:00:54,995] {processor.py:641} INFO - Processing file /opt/airflow/dags/2-pythonoperator.py for tasks to queue
[2024-06-10 19:00:54,995] {logging_mixin.py:115} INFO - [2024-06-10 19:00:54,995] {dagbag.py:508} INFO - Filling up the DagBag from /opt/airflow/dags/2-pythonoperator.py
[2024-06-10 19:00:55,002] {processor.py:651} INFO - DAG(s) dict_keys(['python_operator']) retrieved from /opt/airflow/dags/2-pythonoperator.py
[2024-06-10 19:00:55,017] {logging_mixin.py:115} INFO - [2024-06-10 19:00:55,016] {dag.py:2420} INFO - Sync 1 DAGs
[2024-06-10 19:00:55,029] {logging_mixin.py:115} INFO - [2024-06-10 19:00:55,029] {dag.py:2972} INFO - Setting next_dagrun for python_operator to None, run_after=None
[2024-06-10 19:00:55,039] {processor.py:161} INFO - Processing /opt/airflow/dags/2-pythonoperator.py took 0.047 seconds
[2024-06-10 19:01:25,343] {processor.py:153} INFO - Started process (PID=5620) to work on /opt/airflow/dags/2-pythonoperator.py
[2024-06-10 19:01:25,344] {processor.py:641} INFO - Processing file /opt/airflow/dags/2-pythonoperator.py for tasks to queue
[2024-06-10 19:01:25,344] {logging_mixin.py:115} INFO - [2024-06-10 19:01:25,344] {dagbag.py:508} INFO - Filling up the DagBag from /opt/airflow/dags/2-pythonoperator.py
[2024-06-10 19:01:25,350] {processor.py:651} INFO - DAG(s) dict_keys(['python_operator']) retrieved from /opt/airflow/dags/2-pythonoperator.py
[2024-06-10 19:01:25,367] {logging_mixin.py:115} INFO - [2024-06-10 19:01:25,367] {dag.py:2420} INFO - Sync 1 DAGs
[2024-06-10 19:01:25,385] {logging_mixin.py:115} INFO - [2024-06-10 19:01:25,385] {dag.py:2972} INFO - Setting next_dagrun for python_operator to None, run_after=None
[2024-06-10 19:01:25,394] {processor.py:161} INFO - Processing /opt/airflow/dags/2-pythonoperator.py took 0.053 seconds
[2024-06-10 19:01:55,694] {processor.py:153} INFO - Started process (PID=5655) to work on /opt/airflow/dags/2-pythonoperator.py
[2024-06-10 19:01:55,694] {processor.py:641} INFO - Processing file /opt/airflow/dags/2-pythonoperator.py for tasks to queue
[2024-06-10 19:01:55,694] {logging_mixin.py:115} INFO - [2024-06-10 19:01:55,694] {dagbag.py:508} INFO - Filling up the DagBag from /opt/airflow/dags/2-pythonoperator.py
[2024-06-10 19:01:55,699] {processor.py:651} INFO - DAG(s) dict_keys(['python_operator']) retrieved from /opt/airflow/dags/2-pythonoperator.py
[2024-06-10 19:01:55,713] {logging_mixin.py:115} INFO - [2024-06-10 19:01:55,713] {dag.py:2420} INFO - Sync 1 DAGs
[2024-06-10 19:01:55,726] {logging_mixin.py:115} INFO - [2024-06-10 19:01:55,726] {dag.py:2972} INFO - Setting next_dagrun for python_operator to None, run_after=None
[2024-06-10 19:01:55,732] {processor.py:161} INFO - Processing /opt/airflow/dags/2-pythonoperator.py took 0.041 seconds
[2024-06-10 19:02:26,028] {processor.py:153} INFO - Started process (PID=5689) to work on /opt/airflow/dags/2-pythonoperator.py
[2024-06-10 19:02:26,028] {processor.py:641} INFO - Processing file /opt/airflow/dags/2-pythonoperator.py for tasks to queue
[2024-06-10 19:02:26,029] {logging_mixin.py:115} INFO - [2024-06-10 19:02:26,029] {dagbag.py:508} INFO - Filling up the DagBag from /opt/airflow/dags/2-pythonoperator.py
[2024-06-10 19:02:26,034] {processor.py:651} INFO - DAG(s) dict_keys(['python_operator']) retrieved from /opt/airflow/dags/2-pythonoperator.py
[2024-06-10 19:02:26,050] {logging_mixin.py:115} INFO - [2024-06-10 19:02:26,050] {dag.py:2420} INFO - Sync 1 DAGs
[2024-06-10 19:02:26,064] {logging_mixin.py:115} INFO - [2024-06-10 19:02:26,064] {dag.py:2972} INFO - Setting next_dagrun for python_operator to None, run_after=None
[2024-06-10 19:02:26,071] {processor.py:161} INFO - Processing /opt/airflow/dags/2-pythonoperator.py took 0.046 seconds
[2024-06-10 19:02:56,370] {processor.py:153} INFO - Started process (PID=5715) to work on /opt/airflow/dags/2-pythonoperator.py
[2024-06-10 19:02:56,370] {processor.py:641} INFO - Processing file /opt/airflow/dags/2-pythonoperator.py for tasks to queue
[2024-06-10 19:02:56,370] {logging_mixin.py:115} INFO - [2024-06-10 19:02:56,370] {dagbag.py:508} INFO - Filling up the DagBag from /opt/airflow/dags/2-pythonoperator.py
[2024-06-10 19:02:56,375] {processor.py:651} INFO - DAG(s) dict_keys(['python_operator']) retrieved from /opt/airflow/dags/2-pythonoperator.py
[2024-06-10 19:02:56,393] {logging_mixin.py:115} INFO - [2024-06-10 19:02:56,392] {dag.py:2420} INFO - Sync 1 DAGs
[2024-06-10 19:02:56,408] {logging_mixin.py:115} INFO - [2024-06-10 19:02:56,408] {dag.py:2972} INFO - Setting next_dagrun for python_operator to None, run_after=None
[2024-06-10 19:02:56,422] {processor.py:161} INFO - Processing /opt/airflow/dags/2-pythonoperator.py took 0.054 seconds
[2024-06-10 19:03:26,747] {processor.py:153} INFO - Started process (PID=5750) to work on /opt/airflow/dags/2-pythonoperator.py
[2024-06-10 19:03:26,748] {processor.py:641} INFO - Processing file /opt/airflow/dags/2-pythonoperator.py for tasks to queue
[2024-06-10 19:03:26,748] {logging_mixin.py:115} INFO - [2024-06-10 19:03:26,748] {dagbag.py:508} INFO - Filling up the DagBag from /opt/airflow/dags/2-pythonoperator.py
[2024-06-10 19:03:26,755] {processor.py:651} INFO - DAG(s) dict_keys(['python_operator']) retrieved from /opt/airflow/dags/2-pythonoperator.py
[2024-06-10 19:03:26,771] {logging_mixin.py:115} INFO - [2024-06-10 19:03:26,771] {dag.py:2420} INFO - Sync 1 DAGs
[2024-06-10 19:03:26,785] {logging_mixin.py:115} INFO - [2024-06-10 19:03:26,785] {dag.py:2972} INFO - Setting next_dagrun for python_operator to None, run_after=None
[2024-06-10 19:03:26,793] {processor.py:161} INFO - Processing /opt/airflow/dags/2-pythonoperator.py took 0.047 seconds
[2024-06-10 19:03:57,091] {processor.py:153} INFO - Started process (PID=5785) to work on /opt/airflow/dags/2-pythonoperator.py
[2024-06-10 19:03:57,091] {processor.py:641} INFO - Processing file /opt/airflow/dags/2-pythonoperator.py for tasks to queue
[2024-06-10 19:03:57,091] {logging_mixin.py:115} INFO - [2024-06-10 19:03:57,091] {dagbag.py:508} INFO - Filling up the DagBag from /opt/airflow/dags/2-pythonoperator.py
[2024-06-10 19:03:57,096] {processor.py:651} INFO - DAG(s) dict_keys(['python_operator']) retrieved from /opt/airflow/dags/2-pythonoperator.py
[2024-06-10 19:03:57,111] {logging_mixin.py:115} INFO - [2024-06-10 19:03:57,111] {dag.py:2420} INFO - Sync 1 DAGs
[2024-06-10 19:03:57,123] {logging_mixin.py:115} INFO - [2024-06-10 19:03:57,123] {dag.py:2972} INFO - Setting next_dagrun for python_operator to None, run_after=None
[2024-06-10 19:03:57,130] {processor.py:161} INFO - Processing /opt/airflow/dags/2-pythonoperator.py took 0.041 seconds
[2024-06-10 19:04:27,431] {processor.py:153} INFO - Started process (PID=5820) to work on /opt/airflow/dags/2-pythonoperator.py
[2024-06-10 19:04:27,432] {processor.py:641} INFO - Processing file /opt/airflow/dags/2-pythonoperator.py for tasks to queue
[2024-06-10 19:04:27,432] {logging_mixin.py:115} INFO - [2024-06-10 19:04:27,432] {dagbag.py:508} INFO - Filling up the DagBag from /opt/airflow/dags/2-pythonoperator.py
[2024-06-10 19:04:27,436] {processor.py:651} INFO - DAG(s) dict_keys(['python_operator']) retrieved from /opt/airflow/dags/2-pythonoperator.py
[2024-06-10 19:04:27,452] {logging_mixin.py:115} INFO - [2024-06-10 19:04:27,452] {dag.py:2420} INFO - Sync 1 DAGs
[2024-06-10 19:04:27,465] {logging_mixin.py:115} INFO - [2024-06-10 19:04:27,465] {dag.py:2972} INFO - Setting next_dagrun for python_operator to None, run_after=None
[2024-06-10 19:04:27,473] {processor.py:161} INFO - Processing /opt/airflow/dags/2-pythonoperator.py took 0.044 seconds
[2024-06-10 19:04:57,810] {processor.py:153} INFO - Started process (PID=5854) to work on /opt/airflow/dags/2-pythonoperator.py
[2024-06-10 19:04:57,810] {processor.py:641} INFO - Processing file /opt/airflow/dags/2-pythonoperator.py for tasks to queue
[2024-06-10 19:04:57,811] {logging_mixin.py:115} INFO - [2024-06-10 19:04:57,811] {dagbag.py:508} INFO - Filling up the DagBag from /opt/airflow/dags/2-pythonoperator.py
[2024-06-10 19:04:57,815] {processor.py:651} INFO - DAG(s) dict_keys(['python_operator']) retrieved from /opt/airflow/dags/2-pythonoperator.py
[2024-06-10 19:04:57,830] {logging_mixin.py:115} INFO - [2024-06-10 19:04:57,830] {dag.py:2420} INFO - Sync 1 DAGs
[2024-06-10 19:04:57,842] {logging_mixin.py:115} INFO - [2024-06-10 19:04:57,842] {dag.py:2972} INFO - Setting next_dagrun for python_operator to None, run_after=None
[2024-06-10 19:04:57,849] {processor.py:161} INFO - Processing /opt/airflow/dags/2-pythonoperator.py took 0.041 seconds
[2024-06-10 19:05:28,159] {processor.py:153} INFO - Started process (PID=5888) to work on /opt/airflow/dags/2-pythonoperator.py
[2024-06-10 19:05:28,160] {processor.py:641} INFO - Processing file /opt/airflow/dags/2-pythonoperator.py for tasks to queue
[2024-06-10 19:05:28,160] {logging_mixin.py:115} INFO - [2024-06-10 19:05:28,160] {dagbag.py:508} INFO - Filling up the DagBag from /opt/airflow/dags/2-pythonoperator.py
[2024-06-10 19:05:28,164] {processor.py:651} INFO - DAG(s) dict_keys(['python_operator']) retrieved from /opt/airflow/dags/2-pythonoperator.py
[2024-06-10 19:05:28,181] {logging_mixin.py:115} INFO - [2024-06-10 19:05:28,181] {dag.py:2420} INFO - Sync 1 DAGs
[2024-06-10 19:05:28,196] {logging_mixin.py:115} INFO - [2024-06-10 19:05:28,196] {dag.py:2972} INFO - Setting next_dagrun for python_operator to None, run_after=None
[2024-06-10 19:05:28,207] {processor.py:161} INFO - Processing /opt/airflow/dags/2-pythonoperator.py took 0.050 seconds
[2024-06-10 19:05:58,521] {processor.py:153} INFO - Started process (PID=5914) to work on /opt/airflow/dags/2-pythonoperator.py
[2024-06-10 19:05:58,521] {processor.py:641} INFO - Processing file /opt/airflow/dags/2-pythonoperator.py for tasks to queue
[2024-06-10 19:05:58,522] {logging_mixin.py:115} INFO - [2024-06-10 19:05:58,521] {dagbag.py:508} INFO - Filling up the DagBag from /opt/airflow/dags/2-pythonoperator.py
[2024-06-10 19:05:58,526] {processor.py:651} INFO - DAG(s) dict_keys(['python_operator']) retrieved from /opt/airflow/dags/2-pythonoperator.py
[2024-06-10 19:05:58,541] {logging_mixin.py:115} INFO - [2024-06-10 19:05:58,541] {dag.py:2420} INFO - Sync 1 DAGs
[2024-06-10 19:05:58,554] {logging_mixin.py:115} INFO - [2024-06-10 19:05:58,554] {dag.py:2972} INFO - Setting next_dagrun for python_operator to None, run_after=None
[2024-06-10 19:05:58,562] {processor.py:161} INFO - Processing /opt/airflow/dags/2-pythonoperator.py took 0.043 seconds
[2024-06-10 19:06:28,842] {processor.py:153} INFO - Started process (PID=5949) to work on /opt/airflow/dags/2-pythonoperator.py
[2024-06-10 19:06:28,843] {processor.py:641} INFO - Processing file /opt/airflow/dags/2-pythonoperator.py for tasks to queue
[2024-06-10 19:06:28,843] {logging_mixin.py:115} INFO - [2024-06-10 19:06:28,843] {dagbag.py:508} INFO - Filling up the DagBag from /opt/airflow/dags/2-pythonoperator.py
[2024-06-10 19:06:28,848] {processor.py:651} INFO - DAG(s) dict_keys(['python_operator']) retrieved from /opt/airflow/dags/2-pythonoperator.py
[2024-06-10 19:06:28,864] {logging_mixin.py:115} INFO - [2024-06-10 19:06:28,864] {dag.py:2420} INFO - Sync 1 DAGs
[2024-06-10 19:06:28,880] {logging_mixin.py:115} INFO - [2024-06-10 19:06:28,879] {dag.py:2972} INFO - Setting next_dagrun for python_operator to None, run_after=None
[2024-06-10 19:06:28,889] {processor.py:161} INFO - Processing /opt/airflow/dags/2-pythonoperator.py took 0.049 seconds
[2024-06-10 19:06:59,220] {processor.py:153} INFO - Started process (PID=5982) to work on /opt/airflow/dags/2-pythonoperator.py
[2024-06-10 19:06:59,220] {processor.py:641} INFO - Processing file /opt/airflow/dags/2-pythonoperator.py for tasks to queue
[2024-06-10 19:06:59,221] {logging_mixin.py:115} INFO - [2024-06-10 19:06:59,220] {dagbag.py:508} INFO - Filling up the DagBag from /opt/airflow/dags/2-pythonoperator.py
[2024-06-10 19:06:59,225] {processor.py:651} INFO - DAG(s) dict_keys(['python_operator']) retrieved from /opt/airflow/dags/2-pythonoperator.py
[2024-06-10 19:06:59,242] {logging_mixin.py:115} INFO - [2024-06-10 19:06:59,242] {dag.py:2420} INFO - Sync 1 DAGs
[2024-06-10 19:06:59,254] {logging_mixin.py:115} INFO - [2024-06-10 19:06:59,254] {dag.py:2972} INFO - Setting next_dagrun for python_operator to None, run_after=None
[2024-06-10 19:06:59,262] {processor.py:161} INFO - Processing /opt/airflow/dags/2-pythonoperator.py took 0.044 seconds
[2024-06-10 19:07:29,562] {processor.py:153} INFO - Started process (PID=6017) to work on /opt/airflow/dags/2-pythonoperator.py
[2024-06-10 19:07:29,563] {processor.py:641} INFO - Processing file /opt/airflow/dags/2-pythonoperator.py for tasks to queue
[2024-06-10 19:07:29,563] {logging_mixin.py:115} INFO - [2024-06-10 19:07:29,563] {dagbag.py:508} INFO - Filling up the DagBag from /opt/airflow/dags/2-pythonoperator.py
[2024-06-10 19:07:29,568] {processor.py:651} INFO - DAG(s) dict_keys(['python_operator']) retrieved from /opt/airflow/dags/2-pythonoperator.py
[2024-06-10 19:07:29,583] {logging_mixin.py:115} INFO - [2024-06-10 19:07:29,583] {dag.py:2420} INFO - Sync 1 DAGs
[2024-06-10 19:07:29,596] {logging_mixin.py:115} INFO - [2024-06-10 19:07:29,596] {dag.py:2972} INFO - Setting next_dagrun for python_operator to None, run_after=None
[2024-06-10 19:07:29,603] {processor.py:161} INFO - Processing /opt/airflow/dags/2-pythonoperator.py took 0.043 seconds
[2024-06-10 19:07:59,910] {processor.py:153} INFO - Started process (PID=6052) to work on /opt/airflow/dags/2-pythonoperator.py
[2024-06-10 19:07:59,911] {processor.py:641} INFO - Processing file /opt/airflow/dags/2-pythonoperator.py for tasks to queue
[2024-06-10 19:07:59,911] {logging_mixin.py:115} INFO - [2024-06-10 19:07:59,911] {dagbag.py:508} INFO - Filling up the DagBag from /opt/airflow/dags/2-pythonoperator.py
[2024-06-10 19:07:59,918] {processor.py:651} INFO - DAG(s) dict_keys(['python_operator']) retrieved from /opt/airflow/dags/2-pythonoperator.py
[2024-06-10 19:07:59,938] {logging_mixin.py:115} INFO - [2024-06-10 19:07:59,938] {dag.py:2420} INFO - Sync 1 DAGs
[2024-06-10 19:07:59,952] {logging_mixin.py:115} INFO - [2024-06-10 19:07:59,952] {dag.py:2972} INFO - Setting next_dagrun for python_operator to None, run_after=None
[2024-06-10 19:07:59,961] {processor.py:161} INFO - Processing /opt/airflow/dags/2-pythonoperator.py took 0.053 seconds
[2024-06-10 19:08:30,260] {processor.py:153} INFO - Started process (PID=6077) to work on /opt/airflow/dags/2-pythonoperator.py
[2024-06-10 19:08:30,260] {processor.py:641} INFO - Processing file /opt/airflow/dags/2-pythonoperator.py for tasks to queue
[2024-06-10 19:08:30,261] {logging_mixin.py:115} INFO - [2024-06-10 19:08:30,260] {dagbag.py:508} INFO - Filling up the DagBag from /opt/airflow/dags/2-pythonoperator.py
[2024-06-10 19:08:30,265] {processor.py:651} INFO - DAG(s) dict_keys(['python_operator']) retrieved from /opt/airflow/dags/2-pythonoperator.py
[2024-06-10 19:08:30,280] {logging_mixin.py:115} INFO - [2024-06-10 19:08:30,280] {dag.py:2420} INFO - Sync 1 DAGs
[2024-06-10 19:08:30,293] {logging_mixin.py:115} INFO - [2024-06-10 19:08:30,293] {dag.py:2972} INFO - Setting next_dagrun for python_operator to None, run_after=None
[2024-06-10 19:08:30,300] {processor.py:161} INFO - Processing /opt/airflow/dags/2-pythonoperator.py took 0.043 seconds
[2024-06-10 19:09:00,654] {processor.py:153} INFO - Started process (PID=6112) to work on /opt/airflow/dags/2-pythonoperator.py
[2024-06-10 19:09:00,655] {processor.py:641} INFO - Processing file /opt/airflow/dags/2-pythonoperator.py for tasks to queue
[2024-06-10 19:09:00,655] {logging_mixin.py:115} INFO - [2024-06-10 19:09:00,655] {dagbag.py:508} INFO - Filling up the DagBag from /opt/airflow/dags/2-pythonoperator.py
[2024-06-10 19:09:00,661] {processor.py:651} INFO - DAG(s) dict_keys(['python_operator']) retrieved from /opt/airflow/dags/2-pythonoperator.py
[2024-06-10 19:09:00,681] {logging_mixin.py:115} INFO - [2024-06-10 19:09:00,681] {dag.py:2420} INFO - Sync 1 DAGs
[2024-06-10 19:09:00,694] {logging_mixin.py:115} INFO - [2024-06-10 19:09:00,694] {dag.py:2972} INFO - Setting next_dagrun for python_operator to None, run_after=None
[2024-06-10 19:09:00,702] {processor.py:161} INFO - Processing /opt/airflow/dags/2-pythonoperator.py took 0.051 seconds
[2024-06-10 19:09:31,040] {processor.py:153} INFO - Started process (PID=6147) to work on /opt/airflow/dags/2-pythonoperator.py
[2024-06-10 19:09:31,041] {processor.py:641} INFO - Processing file /opt/airflow/dags/2-pythonoperator.py for tasks to queue
[2024-06-10 19:09:31,041] {logging_mixin.py:115} INFO - [2024-06-10 19:09:31,041] {dagbag.py:508} INFO - Filling up the DagBag from /opt/airflow/dags/2-pythonoperator.py
[2024-06-10 19:09:31,045] {processor.py:651} INFO - DAG(s) dict_keys(['python_operator']) retrieved from /opt/airflow/dags/2-pythonoperator.py
[2024-06-10 19:09:31,060] {logging_mixin.py:115} INFO - [2024-06-10 19:09:31,060] {dag.py:2420} INFO - Sync 1 DAGs
[2024-06-10 19:09:31,075] {logging_mixin.py:115} INFO - [2024-06-10 19:09:31,075] {dag.py:2972} INFO - Setting next_dagrun for python_operator to None, run_after=None
[2024-06-10 19:09:31,082] {processor.py:161} INFO - Processing /opt/airflow/dags/2-pythonoperator.py took 0.044 seconds
[2024-06-10 19:10:01,374] {processor.py:153} INFO - Started process (PID=6182) to work on /opt/airflow/dags/2-pythonoperator.py
[2024-06-10 19:10:01,374] {processor.py:641} INFO - Processing file /opt/airflow/dags/2-pythonoperator.py for tasks to queue
[2024-06-10 19:10:01,375] {logging_mixin.py:115} INFO - [2024-06-10 19:10:01,375] {dagbag.py:508} INFO - Filling up the DagBag from /opt/airflow/dags/2-pythonoperator.py
[2024-06-10 19:10:01,380] {processor.py:651} INFO - DAG(s) dict_keys(['python_operator']) retrieved from /opt/airflow/dags/2-pythonoperator.py
[2024-06-10 19:10:01,395] {logging_mixin.py:115} INFO - [2024-06-10 19:10:01,395] {dag.py:2420} INFO - Sync 1 DAGs
[2024-06-10 19:10:01,408] {logging_mixin.py:115} INFO - [2024-06-10 19:10:01,408] {dag.py:2972} INFO - Setting next_dagrun for python_operator to None, run_after=None
[2024-06-10 19:10:01,418] {processor.py:161} INFO - Processing /opt/airflow/dags/2-pythonoperator.py took 0.046 seconds
[2024-06-10 19:10:31,735] {processor.py:153} INFO - Started process (PID=6216) to work on /opt/airflow/dags/2-pythonoperator.py
[2024-06-10 19:10:31,735] {processor.py:641} INFO - Processing file /opt/airflow/dags/2-pythonoperator.py for tasks to queue
[2024-06-10 19:10:31,736] {logging_mixin.py:115} INFO - [2024-06-10 19:10:31,736] {dagbag.py:508} INFO - Filling up the DagBag from /opt/airflow/dags/2-pythonoperator.py
[2024-06-10 19:10:31,741] {processor.py:651} INFO - DAG(s) dict_keys(['python_operator']) retrieved from /opt/airflow/dags/2-pythonoperator.py
[2024-06-10 19:10:31,756] {logging_mixin.py:115} INFO - [2024-06-10 19:10:31,756] {dag.py:2420} INFO - Sync 1 DAGs
[2024-06-10 19:10:31,769] {logging_mixin.py:115} INFO - [2024-06-10 19:10:31,769] {dag.py:2972} INFO - Setting next_dagrun for python_operator to None, run_after=None
[2024-06-10 19:10:31,776] {processor.py:161} INFO - Processing /opt/airflow/dags/2-pythonoperator.py took 0.045 seconds
[2024-06-10 19:11:02,088] {processor.py:153} INFO - Started process (PID=6251) to work on /opt/airflow/dags/2-pythonoperator.py
[2024-06-10 19:11:02,089] {processor.py:641} INFO - Processing file /opt/airflow/dags/2-pythonoperator.py for tasks to queue
[2024-06-10 19:11:02,089] {logging_mixin.py:115} INFO - [2024-06-10 19:11:02,089] {dagbag.py:508} INFO - Filling up the DagBag from /opt/airflow/dags/2-pythonoperator.py
[2024-06-10 19:11:02,097] {processor.py:651} INFO - DAG(s) dict_keys(['python_operator']) retrieved from /opt/airflow/dags/2-pythonoperator.py
[2024-06-10 19:11:02,116] {logging_mixin.py:115} INFO - [2024-06-10 19:11:02,116] {dag.py:2420} INFO - Sync 1 DAGs
[2024-06-10 19:11:02,132] {logging_mixin.py:115} INFO - [2024-06-10 19:11:02,132] {dag.py:2972} INFO - Setting next_dagrun for python_operator to None, run_after=None
[2024-06-10 19:11:02,147] {processor.py:161} INFO - Processing /opt/airflow/dags/2-pythonoperator.py took 0.061 seconds
[2024-06-10 19:11:32,507] {processor.py:153} INFO - Started process (PID=6277) to work on /opt/airflow/dags/2-pythonoperator.py
[2024-06-10 19:11:32,508] {processor.py:641} INFO - Processing file /opt/airflow/dags/2-pythonoperator.py for tasks to queue
[2024-06-10 19:11:32,508] {logging_mixin.py:115} INFO - [2024-06-10 19:11:32,508] {dagbag.py:508} INFO - Filling up the DagBag from /opt/airflow/dags/2-pythonoperator.py
[2024-06-10 19:11:32,512] {processor.py:651} INFO - DAG(s) dict_keys(['python_operator']) retrieved from /opt/airflow/dags/2-pythonoperator.py
[2024-06-10 19:11:32,527] {logging_mixin.py:115} INFO - [2024-06-10 19:11:32,526] {dag.py:2420} INFO - Sync 1 DAGs
[2024-06-10 19:11:32,539] {logging_mixin.py:115} INFO - [2024-06-10 19:11:32,539] {dag.py:2972} INFO - Setting next_dagrun for python_operator to None, run_after=None
[2024-06-10 19:11:32,548] {processor.py:161} INFO - Processing /opt/airflow/dags/2-pythonoperator.py took 0.043 seconds
[2024-06-10 19:12:02,831] {processor.py:153} INFO - Started process (PID=6312) to work on /opt/airflow/dags/2-pythonoperator.py
[2024-06-10 19:12:02,832] {processor.py:641} INFO - Processing file /opt/airflow/dags/2-pythonoperator.py for tasks to queue
[2024-06-10 19:12:02,832] {logging_mixin.py:115} INFO - [2024-06-10 19:12:02,832] {dagbag.py:508} INFO - Filling up the DagBag from /opt/airflow/dags/2-pythonoperator.py
[2024-06-10 19:12:02,837] {processor.py:651} INFO - DAG(s) dict_keys(['python_operator']) retrieved from /opt/airflow/dags/2-pythonoperator.py
[2024-06-10 19:12:02,854] {logging_mixin.py:115} INFO - [2024-06-10 19:12:02,854] {dag.py:2420} INFO - Sync 1 DAGs
[2024-06-10 19:12:02,869] {logging_mixin.py:115} INFO - [2024-06-10 19:12:02,869] {dag.py:2972} INFO - Setting next_dagrun for python_operator to None, run_after=None
[2024-06-10 19:12:02,877] {processor.py:161} INFO - Processing /opt/airflow/dags/2-pythonoperator.py took 0.048 seconds
[2024-06-10 19:12:33,216] {processor.py:153} INFO - Started process (PID=6347) to work on /opt/airflow/dags/2-pythonoperator.py
[2024-06-10 19:12:33,216] {processor.py:641} INFO - Processing file /opt/airflow/dags/2-pythonoperator.py for tasks to queue
[2024-06-10 19:12:33,217] {logging_mixin.py:115} INFO - [2024-06-10 19:12:33,217] {dagbag.py:508} INFO - Filling up the DagBag from /opt/airflow/dags/2-pythonoperator.py
[2024-06-10 19:12:33,221] {processor.py:651} INFO - DAG(s) dict_keys(['python_operator']) retrieved from /opt/airflow/dags/2-pythonoperator.py
[2024-06-10 19:12:33,236] {logging_mixin.py:115} INFO - [2024-06-10 19:12:33,236] {dag.py:2420} INFO - Sync 1 DAGs
[2024-06-10 19:12:33,250] {logging_mixin.py:115} INFO - [2024-06-10 19:12:33,250] {dag.py:2972} INFO - Setting next_dagrun for python_operator to None, run_after=None
[2024-06-10 19:12:33,257] {processor.py:161} INFO - Processing /opt/airflow/dags/2-pythonoperator.py took 0.043 seconds
[2024-06-10 19:13:03,556] {processor.py:153} INFO - Started process (PID=6382) to work on /opt/airflow/dags/2-pythonoperator.py
[2024-06-10 19:13:03,557] {processor.py:641} INFO - Processing file /opt/airflow/dags/2-pythonoperator.py for tasks to queue
[2024-06-10 19:13:03,557] {logging_mixin.py:115} INFO - [2024-06-10 19:13:03,557] {dagbag.py:508} INFO - Filling up the DagBag from /opt/airflow/dags/2-pythonoperator.py
[2024-06-10 19:13:03,561] {processor.py:651} INFO - DAG(s) dict_keys(['python_operator']) retrieved from /opt/airflow/dags/2-pythonoperator.py
[2024-06-10 19:13:03,577] {logging_mixin.py:115} INFO - [2024-06-10 19:13:03,577] {dag.py:2420} INFO - Sync 1 DAGs
[2024-06-10 19:13:03,589] {logging_mixin.py:115} INFO - [2024-06-10 19:13:03,589] {dag.py:2972} INFO - Setting next_dagrun for python_operator to None, run_after=None
[2024-06-10 19:13:03,596] {processor.py:161} INFO - Processing /opt/airflow/dags/2-pythonoperator.py took 0.042 seconds
[2024-06-10 19:13:33,933] {processor.py:153} INFO - Started process (PID=6416) to work on /opt/airflow/dags/2-pythonoperator.py
[2024-06-10 19:13:33,937] {processor.py:641} INFO - Processing file /opt/airflow/dags/2-pythonoperator.py for tasks to queue
[2024-06-10 19:13:33,937] {logging_mixin.py:115} INFO - [2024-06-10 19:13:33,937] {dagbag.py:508} INFO - Filling up the DagBag from /opt/airflow/dags/2-pythonoperator.py
[2024-06-10 19:13:33,944] {processor.py:651} INFO - DAG(s) dict_keys(['python_operator']) retrieved from /opt/airflow/dags/2-pythonoperator.py
[2024-06-10 19:13:33,961] {logging_mixin.py:115} INFO - [2024-06-10 19:13:33,961] {dag.py:2420} INFO - Sync 1 DAGs
[2024-06-10 19:13:33,974] {logging_mixin.py:115} INFO - [2024-06-10 19:13:33,974] {dag.py:2972} INFO - Setting next_dagrun for python_operator to None, run_after=None
[2024-06-10 19:13:33,981] {processor.py:161} INFO - Processing /opt/airflow/dags/2-pythonoperator.py took 0.050 seconds
[2024-06-10 19:14:04,331] {processor.py:153} INFO - Started process (PID=6442) to work on /opt/airflow/dags/2-pythonoperator.py
[2024-06-10 19:14:04,331] {processor.py:641} INFO - Processing file /opt/airflow/dags/2-pythonoperator.py for tasks to queue
[2024-06-10 19:14:04,331] {logging_mixin.py:115} INFO - [2024-06-10 19:14:04,331] {dagbag.py:508} INFO - Filling up the DagBag from /opt/airflow/dags/2-pythonoperator.py
[2024-06-10 19:14:04,337] {processor.py:651} INFO - DAG(s) dict_keys(['python_operator']) retrieved from /opt/airflow/dags/2-pythonoperator.py
[2024-06-10 19:14:04,352] {logging_mixin.py:115} INFO - [2024-06-10 19:14:04,352] {dag.py:2420} INFO - Sync 1 DAGs
[2024-06-10 19:14:04,366] {logging_mixin.py:115} INFO - [2024-06-10 19:14:04,366] {dag.py:2972} INFO - Setting next_dagrun for python_operator to None, run_after=None
[2024-06-10 19:14:04,373] {processor.py:161} INFO - Processing /opt/airflow/dags/2-pythonoperator.py took 0.044 seconds
[2024-06-10 19:14:34,737] {processor.py:153} INFO - Started process (PID=6477) to work on /opt/airflow/dags/2-pythonoperator.py
[2024-06-10 19:14:34,738] {processor.py:641} INFO - Processing file /opt/airflow/dags/2-pythonoperator.py for tasks to queue
[2024-06-10 19:14:34,738] {logging_mixin.py:115} INFO - [2024-06-10 19:14:34,738] {dagbag.py:508} INFO - Filling up the DagBag from /opt/airflow/dags/2-pythonoperator.py
[2024-06-10 19:14:34,743] {processor.py:651} INFO - DAG(s) dict_keys(['python_operator']) retrieved from /opt/airflow/dags/2-pythonoperator.py
[2024-06-10 19:14:34,763] {logging_mixin.py:115} INFO - [2024-06-10 19:14:34,763] {dag.py:2420} INFO - Sync 1 DAGs
[2024-06-10 19:14:34,777] {logging_mixin.py:115} INFO - [2024-06-10 19:14:34,777] {dag.py:2972} INFO - Setting next_dagrun for python_operator to None, run_after=None
[2024-06-10 19:14:34,786] {processor.py:161} INFO - Processing /opt/airflow/dags/2-pythonoperator.py took 0.051 seconds
[2024-06-10 19:15:05,181] {processor.py:153} INFO - Started process (PID=6512) to work on /opt/airflow/dags/2-pythonoperator.py
[2024-06-10 19:15:05,182] {processor.py:641} INFO - Processing file /opt/airflow/dags/2-pythonoperator.py for tasks to queue
[2024-06-10 19:15:05,183] {logging_mixin.py:115} INFO - [2024-06-10 19:15:05,182] {dagbag.py:508} INFO - Filling up the DagBag from /opt/airflow/dags/2-pythonoperator.py
[2024-06-10 19:15:05,189] {processor.py:651} INFO - DAG(s) dict_keys(['python_operator']) retrieved from /opt/airflow/dags/2-pythonoperator.py
[2024-06-10 19:15:05,206] {logging_mixin.py:115} INFO - [2024-06-10 19:15:05,206] {dag.py:2420} INFO - Sync 1 DAGs
[2024-06-10 19:15:05,220] {logging_mixin.py:115} INFO - [2024-06-10 19:15:05,220] {dag.py:2972} INFO - Setting next_dagrun for python_operator to None, run_after=None
[2024-06-10 19:15:05,229] {processor.py:161} INFO - Processing /opt/airflow/dags/2-pythonoperator.py took 0.050 seconds
[2024-06-10 19:15:35,575] {processor.py:153} INFO - Started process (PID=6546) to work on /opt/airflow/dags/2-pythonoperator.py
[2024-06-10 19:15:35,575] {processor.py:641} INFO - Processing file /opt/airflow/dags/2-pythonoperator.py for tasks to queue
[2024-06-10 19:15:35,576] {logging_mixin.py:115} INFO - [2024-06-10 19:15:35,576] {dagbag.py:508} INFO - Filling up the DagBag from /opt/airflow/dags/2-pythonoperator.py
[2024-06-10 19:15:35,582] {processor.py:651} INFO - DAG(s) dict_keys(['python_operator']) retrieved from /opt/airflow/dags/2-pythonoperator.py
[2024-06-10 19:15:35,601] {logging_mixin.py:115} INFO - [2024-06-10 19:15:35,601] {dag.py:2420} INFO - Sync 1 DAGs
[2024-06-10 19:15:35,620] {logging_mixin.py:115} INFO - [2024-06-10 19:15:35,620] {dag.py:2972} INFO - Setting next_dagrun for python_operator to None, run_after=None
[2024-06-10 19:15:35,630] {processor.py:161} INFO - Processing /opt/airflow/dags/2-pythonoperator.py took 0.059 seconds
[2024-06-10 19:16:06,030] {processor.py:153} INFO - Started process (PID=6581) to work on /opt/airflow/dags/2-pythonoperator.py
[2024-06-10 19:16:06,031] {processor.py:641} INFO - Processing file /opt/airflow/dags/2-pythonoperator.py for tasks to queue
[2024-06-10 19:16:06,031] {logging_mixin.py:115} INFO - [2024-06-10 19:16:06,031] {dagbag.py:508} INFO - Filling up the DagBag from /opt/airflow/dags/2-pythonoperator.py
[2024-06-10 19:16:06,036] {processor.py:651} INFO - DAG(s) dict_keys(['python_operator']) retrieved from /opt/airflow/dags/2-pythonoperator.py
[2024-06-10 19:16:06,056] {logging_mixin.py:115} INFO - [2024-06-10 19:16:06,056] {dag.py:2420} INFO - Sync 1 DAGs
[2024-06-10 19:16:06,071] {logging_mixin.py:115} INFO - [2024-06-10 19:16:06,071] {dag.py:2972} INFO - Setting next_dagrun for python_operator to None, run_after=None
[2024-06-10 19:16:06,079] {processor.py:161} INFO - Processing /opt/airflow/dags/2-pythonoperator.py took 0.052 seconds
[2024-06-10 19:16:36,486] {processor.py:153} INFO - Started process (PID=6607) to work on /opt/airflow/dags/2-pythonoperator.py
[2024-06-10 19:16:36,487] {processor.py:641} INFO - Processing file /opt/airflow/dags/2-pythonoperator.py for tasks to queue
[2024-06-10 19:16:36,487] {logging_mixin.py:115} INFO - [2024-06-10 19:16:36,487] {dagbag.py:508} INFO - Filling up the DagBag from /opt/airflow/dags/2-pythonoperator.py
[2024-06-10 19:16:36,493] {processor.py:651} INFO - DAG(s) dict_keys(['python_operator']) retrieved from /opt/airflow/dags/2-pythonoperator.py
[2024-06-10 19:16:36,512] {logging_mixin.py:115} INFO - [2024-06-10 19:16:36,512] {dag.py:2420} INFO - Sync 1 DAGs
[2024-06-10 19:16:36,530] {logging_mixin.py:115} INFO - [2024-06-10 19:16:36,529] {dag.py:2972} INFO - Setting next_dagrun for python_operator to None, run_after=None
[2024-06-10 19:16:36,539] {processor.py:161} INFO - Processing /opt/airflow/dags/2-pythonoperator.py took 0.056 seconds
[2024-06-10 19:17:06,878] {processor.py:153} INFO - Started process (PID=6642) to work on /opt/airflow/dags/2-pythonoperator.py
[2024-06-10 19:17:06,879] {processor.py:641} INFO - Processing file /opt/airflow/dags/2-pythonoperator.py for tasks to queue
[2024-06-10 19:17:06,879] {logging_mixin.py:115} INFO - [2024-06-10 19:17:06,879] {dagbag.py:508} INFO - Filling up the DagBag from /opt/airflow/dags/2-pythonoperator.py
[2024-06-10 19:17:06,887] {processor.py:651} INFO - DAG(s) dict_keys(['python_operator']) retrieved from /opt/airflow/dags/2-pythonoperator.py
[2024-06-10 19:17:06,907] {logging_mixin.py:115} INFO - [2024-06-10 19:17:06,907] {dag.py:2420} INFO - Sync 1 DAGs
[2024-06-10 19:17:06,929] {logging_mixin.py:115} INFO - [2024-06-10 19:17:06,929] {dag.py:2972} INFO - Setting next_dagrun for python_operator to None, run_after=None
[2024-06-10 19:17:06,940] {processor.py:161} INFO - Processing /opt/airflow/dags/2-pythonoperator.py took 0.064 seconds
[2024-06-10 19:17:37,280] {processor.py:153} INFO - Started process (PID=6677) to work on /opt/airflow/dags/2-pythonoperator.py
[2024-06-10 19:17:37,280] {processor.py:641} INFO - Processing file /opt/airflow/dags/2-pythonoperator.py for tasks to queue
[2024-06-10 19:17:37,281] {logging_mixin.py:115} INFO - [2024-06-10 19:17:37,281] {dagbag.py:508} INFO - Filling up the DagBag from /opt/airflow/dags/2-pythonoperator.py
[2024-06-10 19:17:37,293] {processor.py:651} INFO - DAG(s) dict_keys(['python_operator']) retrieved from /opt/airflow/dags/2-pythonoperator.py
[2024-06-10 19:17:37,310] {logging_mixin.py:115} INFO - [2024-06-10 19:17:37,310] {dag.py:2420} INFO - Sync 1 DAGs
[2024-06-10 19:17:37,329] {logging_mixin.py:115} INFO - [2024-06-10 19:17:37,329] {dag.py:2972} INFO - Setting next_dagrun for python_operator to None, run_after=None
[2024-06-10 19:17:37,339] {processor.py:161} INFO - Processing /opt/airflow/dags/2-pythonoperator.py took 0.061 seconds
[2024-06-10 19:18:07,628] {processor.py:153} INFO - Started process (PID=6711) to work on /opt/airflow/dags/2-pythonoperator.py
[2024-06-10 19:18:07,629] {processor.py:641} INFO - Processing file /opt/airflow/dags/2-pythonoperator.py for tasks to queue
[2024-06-10 19:18:07,629] {logging_mixin.py:115} INFO - [2024-06-10 19:18:07,629] {dagbag.py:508} INFO - Filling up the DagBag from /opt/airflow/dags/2-pythonoperator.py
[2024-06-10 19:18:07,634] {processor.py:651} INFO - DAG(s) dict_keys(['python_operator']) retrieved from /opt/airflow/dags/2-pythonoperator.py
[2024-06-10 19:18:07,654] {logging_mixin.py:115} INFO - [2024-06-10 19:18:07,654] {dag.py:2420} INFO - Sync 1 DAGs
[2024-06-10 19:18:07,668] {logging_mixin.py:115} INFO - [2024-06-10 19:18:07,668] {dag.py:2972} INFO - Setting next_dagrun for python_operator to None, run_after=None
[2024-06-10 19:18:07,678] {processor.py:161} INFO - Processing /opt/airflow/dags/2-pythonoperator.py took 0.052 seconds
[2024-06-10 19:18:38,063] {processor.py:153} INFO - Started process (PID=6745) to work on /opt/airflow/dags/2-pythonoperator.py
[2024-06-10 19:18:38,064] {processor.py:641} INFO - Processing file /opt/airflow/dags/2-pythonoperator.py for tasks to queue
[2024-06-10 19:18:38,064] {logging_mixin.py:115} INFO - [2024-06-10 19:18:38,064] {dagbag.py:508} INFO - Filling up the DagBag from /opt/airflow/dags/2-pythonoperator.py
[2024-06-10 19:18:38,069] {processor.py:651} INFO - DAG(s) dict_keys(['python_operator']) retrieved from /opt/airflow/dags/2-pythonoperator.py
[2024-06-10 19:18:38,090] {logging_mixin.py:115} INFO - [2024-06-10 19:18:38,090] {dag.py:2420} INFO - Sync 1 DAGs
[2024-06-10 19:18:38,105] {logging_mixin.py:115} INFO - [2024-06-10 19:18:38,105] {dag.py:2972} INFO - Setting next_dagrun for python_operator to None, run_after=None
[2024-06-10 19:18:38,117] {processor.py:161} INFO - Processing /opt/airflow/dags/2-pythonoperator.py took 0.056 seconds
[2024-06-10 19:19:08,470] {processor.py:153} INFO - Started process (PID=6771) to work on /opt/airflow/dags/2-pythonoperator.py
[2024-06-10 19:19:08,471] {processor.py:641} INFO - Processing file /opt/airflow/dags/2-pythonoperator.py for tasks to queue
[2024-06-10 19:19:08,471] {logging_mixin.py:115} INFO - [2024-06-10 19:19:08,471] {dagbag.py:508} INFO - Filling up the DagBag from /opt/airflow/dags/2-pythonoperator.py
[2024-06-10 19:19:08,478] {processor.py:651} INFO - DAG(s) dict_keys(['python_operator']) retrieved from /opt/airflow/dags/2-pythonoperator.py
[2024-06-10 19:19:08,495] {logging_mixin.py:115} INFO - [2024-06-10 19:19:08,495] {dag.py:2420} INFO - Sync 1 DAGs
[2024-06-10 19:19:08,513] {logging_mixin.py:115} INFO - [2024-06-10 19:19:08,513] {dag.py:2972} INFO - Setting next_dagrun for python_operator to None, run_after=None
[2024-06-10 19:19:08,523] {processor.py:161} INFO - Processing /opt/airflow/dags/2-pythonoperator.py took 0.057 seconds
[2024-06-10 19:19:38,931] {processor.py:153} INFO - Started process (PID=6806) to work on /opt/airflow/dags/2-pythonoperator.py
[2024-06-10 19:19:38,932] {processor.py:641} INFO - Processing file /opt/airflow/dags/2-pythonoperator.py for tasks to queue
[2024-06-10 19:19:38,933] {logging_mixin.py:115} INFO - [2024-06-10 19:19:38,933] {dagbag.py:508} INFO - Filling up the DagBag from /opt/airflow/dags/2-pythonoperator.py
[2024-06-10 19:19:38,941] {processor.py:651} INFO - DAG(s) dict_keys(['python_operator']) retrieved from /opt/airflow/dags/2-pythonoperator.py
[2024-06-10 19:19:38,960] {logging_mixin.py:115} INFO - [2024-06-10 19:19:38,960] {dag.py:2420} INFO - Sync 1 DAGs
[2024-06-10 19:19:38,983] {logging_mixin.py:115} INFO - [2024-06-10 19:19:38,983] {dag.py:2972} INFO - Setting next_dagrun for python_operator to None, run_after=None
[2024-06-10 19:19:38,991] {processor.py:161} INFO - Processing /opt/airflow/dags/2-pythonoperator.py took 0.062 seconds
[2024-06-10 19:20:09,344] {processor.py:153} INFO - Started process (PID=6841) to work on /opt/airflow/dags/2-pythonoperator.py
[2024-06-10 19:20:09,344] {processor.py:641} INFO - Processing file /opt/airflow/dags/2-pythonoperator.py for tasks to queue
[2024-06-10 19:20:09,345] {logging_mixin.py:115} INFO - [2024-06-10 19:20:09,344] {dagbag.py:508} INFO - Filling up the DagBag from /opt/airflow/dags/2-pythonoperator.py
[2024-06-10 19:20:09,350] {processor.py:651} INFO - DAG(s) dict_keys(['python_operator']) retrieved from /opt/airflow/dags/2-pythonoperator.py
[2024-06-10 19:20:09,369] {logging_mixin.py:115} INFO - [2024-06-10 19:20:09,369] {dag.py:2420} INFO - Sync 1 DAGs
[2024-06-10 19:20:09,384] {logging_mixin.py:115} INFO - [2024-06-10 19:20:09,384] {dag.py:2972} INFO - Setting next_dagrun for python_operator to None, run_after=None
[2024-06-10 19:20:09,393] {processor.py:161} INFO - Processing /opt/airflow/dags/2-pythonoperator.py took 0.052 seconds
[2024-06-10 19:20:39,740] {processor.py:153} INFO - Started process (PID=6876) to work on /opt/airflow/dags/2-pythonoperator.py
[2024-06-10 19:20:39,740] {processor.py:641} INFO - Processing file /opt/airflow/dags/2-pythonoperator.py for tasks to queue
[2024-06-10 19:20:39,741] {logging_mixin.py:115} INFO - [2024-06-10 19:20:39,741] {dagbag.py:508} INFO - Filling up the DagBag from /opt/airflow/dags/2-pythonoperator.py
[2024-06-10 19:20:39,745] {processor.py:651} INFO - DAG(s) dict_keys(['python_operator']) retrieved from /opt/airflow/dags/2-pythonoperator.py
[2024-06-10 19:20:39,765] {logging_mixin.py:115} INFO - [2024-06-10 19:20:39,765] {dag.py:2420} INFO - Sync 1 DAGs
[2024-06-10 19:20:39,779] {logging_mixin.py:115} INFO - [2024-06-10 19:20:39,779] {dag.py:2972} INFO - Setting next_dagrun for python_operator to None, run_after=None
[2024-06-10 19:20:39,788] {processor.py:161} INFO - Processing /opt/airflow/dags/2-pythonoperator.py took 0.051 seconds
[2024-06-10 19:21:10,184] {processor.py:153} INFO - Started process (PID=6902) to work on /opt/airflow/dags/2-pythonoperator.py
[2024-06-10 19:21:10,185] {processor.py:641} INFO - Processing file /opt/airflow/dags/2-pythonoperator.py for tasks to queue
[2024-06-10 19:21:10,185] {logging_mixin.py:115} INFO - [2024-06-10 19:21:10,185] {dagbag.py:508} INFO - Filling up the DagBag from /opt/airflow/dags/2-pythonoperator.py
[2024-06-10 19:21:10,192] {processor.py:651} INFO - DAG(s) dict_keys(['python_operator']) retrieved from /opt/airflow/dags/2-pythonoperator.py
[2024-06-10 19:21:10,210] {logging_mixin.py:115} INFO - [2024-06-10 19:21:10,210] {dag.py:2420} INFO - Sync 1 DAGs
[2024-06-10 19:21:10,228] {logging_mixin.py:115} INFO - [2024-06-10 19:21:10,228] {dag.py:2972} INFO - Setting next_dagrun for python_operator to None, run_after=None
[2024-06-10 19:21:10,238] {processor.py:161} INFO - Processing /opt/airflow/dags/2-pythonoperator.py took 0.056 seconds
[2024-06-10 19:21:40,597] {processor.py:153} INFO - Started process (PID=6937) to work on /opt/airflow/dags/2-pythonoperator.py
[2024-06-10 19:21:40,598] {processor.py:641} INFO - Processing file /opt/airflow/dags/2-pythonoperator.py for tasks to queue
[2024-06-10 19:21:40,599] {logging_mixin.py:115} INFO - [2024-06-10 19:21:40,598] {dagbag.py:508} INFO - Filling up the DagBag from /opt/airflow/dags/2-pythonoperator.py
[2024-06-10 19:21:40,605] {processor.py:651} INFO - DAG(s) dict_keys(['python_operator']) retrieved from /opt/airflow/dags/2-pythonoperator.py
[2024-06-10 19:21:40,629] {logging_mixin.py:115} INFO - [2024-06-10 19:21:40,629] {dag.py:2420} INFO - Sync 1 DAGs
[2024-06-10 19:21:40,649] {logging_mixin.py:115} INFO - [2024-06-10 19:21:40,648] {dag.py:2972} INFO - Setting next_dagrun for python_operator to None, run_after=None
[2024-06-10 19:21:40,661] {processor.py:161} INFO - Processing /opt/airflow/dags/2-pythonoperator.py took 0.067 seconds
[2024-06-10 19:22:10,948] {processor.py:153} INFO - Started process (PID=6972) to work on /opt/airflow/dags/2-pythonoperator.py
[2024-06-10 19:22:10,948] {processor.py:641} INFO - Processing file /opt/airflow/dags/2-pythonoperator.py for tasks to queue
[2024-06-10 19:22:10,949] {logging_mixin.py:115} INFO - [2024-06-10 19:22:10,949] {dagbag.py:508} INFO - Filling up the DagBag from /opt/airflow/dags/2-pythonoperator.py
[2024-06-10 19:22:10,955] {processor.py:651} INFO - DAG(s) dict_keys(['python_operator']) retrieved from /opt/airflow/dags/2-pythonoperator.py
[2024-06-10 19:22:10,971] {logging_mixin.py:115} INFO - [2024-06-10 19:22:10,971] {dag.py:2420} INFO - Sync 1 DAGs
[2024-06-10 19:22:10,987] {logging_mixin.py:115} INFO - [2024-06-10 19:22:10,987] {dag.py:2972} INFO - Setting next_dagrun for python_operator to None, run_after=None
[2024-06-10 19:22:10,997] {processor.py:161} INFO - Processing /opt/airflow/dags/2-pythonoperator.py took 0.052 seconds
[2024-06-10 19:22:41,397] {processor.py:153} INFO - Started process (PID=7007) to work on /opt/airflow/dags/2-pythonoperator.py
[2024-06-10 19:22:41,397] {processor.py:641} INFO - Processing file /opt/airflow/dags/2-pythonoperator.py for tasks to queue
[2024-06-10 19:22:41,398] {logging_mixin.py:115} INFO - [2024-06-10 19:22:41,397] {dagbag.py:508} INFO - Filling up the DagBag from /opt/airflow/dags/2-pythonoperator.py
[2024-06-10 19:22:41,402] {processor.py:651} INFO - DAG(s) dict_keys(['python_operator']) retrieved from /opt/airflow/dags/2-pythonoperator.py
[2024-06-10 19:22:41,421] {logging_mixin.py:115} INFO - [2024-06-10 19:22:41,421] {dag.py:2420} INFO - Sync 1 DAGs
[2024-06-10 19:22:41,434] {logging_mixin.py:115} INFO - [2024-06-10 19:22:41,434] {dag.py:2972} INFO - Setting next_dagrun for python_operator to None, run_after=None
[2024-06-10 19:22:41,443] {processor.py:161} INFO - Processing /opt/airflow/dags/2-pythonoperator.py took 0.048 seconds
[2024-06-10 19:23:11,829] {processor.py:153} INFO - Started process (PID=7042) to work on /opt/airflow/dags/2-pythonoperator.py
[2024-06-10 19:23:11,829] {processor.py:641} INFO - Processing file /opt/airflow/dags/2-pythonoperator.py for tasks to queue
[2024-06-10 19:23:11,829] {logging_mixin.py:115} INFO - [2024-06-10 19:23:11,829] {dagbag.py:508} INFO - Filling up the DagBag from /opt/airflow/dags/2-pythonoperator.py
[2024-06-10 19:23:11,834] {processor.py:651} INFO - DAG(s) dict_keys(['python_operator']) retrieved from /opt/airflow/dags/2-pythonoperator.py
[2024-06-10 19:23:11,855] {logging_mixin.py:115} INFO - [2024-06-10 19:23:11,855] {dag.py:2420} INFO - Sync 1 DAGs
[2024-06-10 19:23:11,872] {logging_mixin.py:115} INFO - [2024-06-10 19:23:11,871] {dag.py:2972} INFO - Setting next_dagrun for python_operator to None, run_after=None
[2024-06-10 19:23:11,882] {processor.py:161} INFO - Processing /opt/airflow/dags/2-pythonoperator.py took 0.056 seconds
[2024-06-10 19:23:42,240] {processor.py:153} INFO - Started process (PID=7068) to work on /opt/airflow/dags/2-pythonoperator.py
[2024-06-10 19:23:42,241] {processor.py:641} INFO - Processing file /opt/airflow/dags/2-pythonoperator.py for tasks to queue
[2024-06-10 19:23:42,241] {logging_mixin.py:115} INFO - [2024-06-10 19:23:42,241] {dagbag.py:508} INFO - Filling up the DagBag from /opt/airflow/dags/2-pythonoperator.py
[2024-06-10 19:23:42,247] {processor.py:651} INFO - DAG(s) dict_keys(['python_operator']) retrieved from /opt/airflow/dags/2-pythonoperator.py
[2024-06-10 19:23:42,263] {logging_mixin.py:115} INFO - [2024-06-10 19:23:42,263] {dag.py:2420} INFO - Sync 1 DAGs
[2024-06-10 19:23:42,281] {logging_mixin.py:115} INFO - [2024-06-10 19:23:42,281] {dag.py:2972} INFO - Setting next_dagrun for python_operator to None, run_after=None
[2024-06-10 19:23:42,289] {processor.py:161} INFO - Processing /opt/airflow/dags/2-pythonoperator.py took 0.052 seconds
[2024-06-10 19:24:12,650] {processor.py:153} INFO - Started process (PID=7103) to work on /opt/airflow/dags/2-pythonoperator.py
[2024-06-10 19:24:12,651] {processor.py:641} INFO - Processing file /opt/airflow/dags/2-pythonoperator.py for tasks to queue
[2024-06-10 19:24:12,651] {logging_mixin.py:115} INFO - [2024-06-10 19:24:12,651] {dagbag.py:508} INFO - Filling up the DagBag from /opt/airflow/dags/2-pythonoperator.py
[2024-06-10 19:24:12,656] {processor.py:651} INFO - DAG(s) dict_keys(['python_operator']) retrieved from /opt/airflow/dags/2-pythonoperator.py
[2024-06-10 19:24:12,675] {logging_mixin.py:115} INFO - [2024-06-10 19:24:12,675] {dag.py:2420} INFO - Sync 1 DAGs
[2024-06-10 19:24:12,691] {logging_mixin.py:115} INFO - [2024-06-10 19:24:12,691] {dag.py:2972} INFO - Setting next_dagrun for python_operator to None, run_after=None
[2024-06-10 19:24:12,698] {processor.py:161} INFO - Processing /opt/airflow/dags/2-pythonoperator.py took 0.051 seconds
[2024-06-10 19:24:43,052] {processor.py:153} INFO - Started process (PID=7138) to work on /opt/airflow/dags/2-pythonoperator.py
[2024-06-10 19:24:43,053] {processor.py:641} INFO - Processing file /opt/airflow/dags/2-pythonoperator.py for tasks to queue
[2024-06-10 19:24:43,053] {logging_mixin.py:115} INFO - [2024-06-10 19:24:43,053] {dagbag.py:508} INFO - Filling up the DagBag from /opt/airflow/dags/2-pythonoperator.py
[2024-06-10 19:24:43,058] {processor.py:651} INFO - DAG(s) dict_keys(['python_operator']) retrieved from /opt/airflow/dags/2-pythonoperator.py
[2024-06-10 19:24:43,077] {logging_mixin.py:115} INFO - [2024-06-10 19:24:43,077] {dag.py:2420} INFO - Sync 1 DAGs
[2024-06-10 19:24:43,092] {logging_mixin.py:115} INFO - [2024-06-10 19:24:43,092] {dag.py:2972} INFO - Setting next_dagrun for python_operator to None, run_after=None
[2024-06-10 19:24:43,100] {processor.py:161} INFO - Processing /opt/airflow/dags/2-pythonoperator.py took 0.050 seconds
[2024-06-10 19:25:13,508] {processor.py:153} INFO - Started process (PID=7173) to work on /opt/airflow/dags/2-pythonoperator.py
[2024-06-10 19:25:13,508] {processor.py:641} INFO - Processing file /opt/airflow/dags/2-pythonoperator.py for tasks to queue
[2024-06-10 19:25:13,509] {logging_mixin.py:115} INFO - [2024-06-10 19:25:13,509] {dagbag.py:508} INFO - Filling up the DagBag from /opt/airflow/dags/2-pythonoperator.py
[2024-06-10 19:25:13,514] {processor.py:651} INFO - DAG(s) dict_keys(['python_operator']) retrieved from /opt/airflow/dags/2-pythonoperator.py
[2024-06-10 19:25:13,532] {logging_mixin.py:115} INFO - [2024-06-10 19:25:13,532] {dag.py:2420} INFO - Sync 1 DAGs
[2024-06-10 19:25:13,550] {logging_mixin.py:115} INFO - [2024-06-10 19:25:13,550] {dag.py:2972} INFO - Setting next_dagrun for python_operator to None, run_after=None
[2024-06-10 19:25:13,559] {processor.py:161} INFO - Processing /opt/airflow/dags/2-pythonoperator.py took 0.054 seconds
[2024-06-10 19:25:43,883] {processor.py:153} INFO - Started process (PID=7208) to work on /opt/airflow/dags/2-pythonoperator.py
[2024-06-10 19:25:43,883] {processor.py:641} INFO - Processing file /opt/airflow/dags/2-pythonoperator.py for tasks to queue
[2024-06-10 19:25:43,884] {logging_mixin.py:115} INFO - [2024-06-10 19:25:43,884] {dagbag.py:508} INFO - Filling up the DagBag from /opt/airflow/dags/2-pythonoperator.py
[2024-06-10 19:25:43,891] {processor.py:651} INFO - DAG(s) dict_keys(['python_operator']) retrieved from /opt/airflow/dags/2-pythonoperator.py
[2024-06-10 19:25:43,912] {logging_mixin.py:115} INFO - [2024-06-10 19:25:43,912] {dag.py:2420} INFO - Sync 1 DAGs
[2024-06-10 19:25:43,927] {logging_mixin.py:115} INFO - [2024-06-10 19:25:43,927] {dag.py:2972} INFO - Setting next_dagrun for python_operator to None, run_after=None
[2024-06-10 19:25:43,940] {processor.py:161} INFO - Processing /opt/airflow/dags/2-pythonoperator.py took 0.060 seconds
[2024-06-10 19:26:14,327] {processor.py:153} INFO - Started process (PID=7234) to work on /opt/airflow/dags/2-pythonoperator.py
[2024-06-10 19:26:14,328] {processor.py:641} INFO - Processing file /opt/airflow/dags/2-pythonoperator.py for tasks to queue
[2024-06-10 19:26:14,328] {logging_mixin.py:115} INFO - [2024-06-10 19:26:14,328] {dagbag.py:508} INFO - Filling up the DagBag from /opt/airflow/dags/2-pythonoperator.py
[2024-06-10 19:26:14,335] {processor.py:651} INFO - DAG(s) dict_keys(['python_operator']) retrieved from /opt/airflow/dags/2-pythonoperator.py
[2024-06-10 19:26:14,353] {logging_mixin.py:115} INFO - [2024-06-10 19:26:14,352] {dag.py:2420} INFO - Sync 1 DAGs
[2024-06-10 19:26:14,367] {logging_mixin.py:115} INFO - [2024-06-10 19:26:14,367] {dag.py:2972} INFO - Setting next_dagrun for python_operator to None, run_after=None
[2024-06-10 19:26:14,376] {processor.py:161} INFO - Processing /opt/airflow/dags/2-pythonoperator.py took 0.051 seconds
[2024-06-10 19:26:44,710] {processor.py:153} INFO - Started process (PID=7269) to work on /opt/airflow/dags/2-pythonoperator.py
[2024-06-10 19:26:44,711] {processor.py:641} INFO - Processing file /opt/airflow/dags/2-pythonoperator.py for tasks to queue
[2024-06-10 19:26:44,711] {logging_mixin.py:115} INFO - [2024-06-10 19:26:44,711] {dagbag.py:508} INFO - Filling up the DagBag from /opt/airflow/dags/2-pythonoperator.py
[2024-06-10 19:26:44,716] {processor.py:651} INFO - DAG(s) dict_keys(['python_operator']) retrieved from /opt/airflow/dags/2-pythonoperator.py
[2024-06-10 19:26:44,731] {logging_mixin.py:115} INFO - [2024-06-10 19:26:44,731] {dag.py:2420} INFO - Sync 1 DAGs
[2024-06-10 19:26:44,746] {logging_mixin.py:115} INFO - [2024-06-10 19:26:44,746] {dag.py:2972} INFO - Setting next_dagrun for python_operator to None, run_after=None
[2024-06-10 19:26:44,755] {processor.py:161} INFO - Processing /opt/airflow/dags/2-pythonoperator.py took 0.047 seconds
[2024-06-10 19:27:15,109] {processor.py:153} INFO - Started process (PID=7304) to work on /opt/airflow/dags/2-pythonoperator.py
[2024-06-10 19:27:15,110] {processor.py:641} INFO - Processing file /opt/airflow/dags/2-pythonoperator.py for tasks to queue
[2024-06-10 19:27:15,110] {logging_mixin.py:115} INFO - [2024-06-10 19:27:15,110] {dagbag.py:508} INFO - Filling up the DagBag from /opt/airflow/dags/2-pythonoperator.py
[2024-06-10 19:27:15,115] {processor.py:651} INFO - DAG(s) dict_keys(['python_operator']) retrieved from /opt/airflow/dags/2-pythonoperator.py
[2024-06-10 19:27:15,132] {logging_mixin.py:115} INFO - [2024-06-10 19:27:15,132] {dag.py:2420} INFO - Sync 1 DAGs
[2024-06-10 19:27:15,150] {logging_mixin.py:115} INFO - [2024-06-10 19:27:15,149] {dag.py:2972} INFO - Setting next_dagrun for python_operator to None, run_after=None
[2024-06-10 19:27:15,157] {processor.py:161} INFO - Processing /opt/airflow/dags/2-pythonoperator.py took 0.050 seconds
[2024-06-10 19:27:45,560] {processor.py:153} INFO - Started process (PID=7338) to work on /opt/airflow/dags/2-pythonoperator.py
[2024-06-10 19:27:45,560] {processor.py:641} INFO - Processing file /opt/airflow/dags/2-pythonoperator.py for tasks to queue
[2024-06-10 19:27:45,561] {logging_mixin.py:115} INFO - [2024-06-10 19:27:45,561] {dagbag.py:508} INFO - Filling up the DagBag from /opt/airflow/dags/2-pythonoperator.py
[2024-06-10 19:27:45,567] {processor.py:651} INFO - DAG(s) dict_keys(['python_operator']) retrieved from /opt/airflow/dags/2-pythonoperator.py
[2024-06-10 19:27:45,587] {logging_mixin.py:115} INFO - [2024-06-10 19:27:45,587] {dag.py:2420} INFO - Sync 1 DAGs
[2024-06-10 19:27:45,603] {logging_mixin.py:115} INFO - [2024-06-10 19:27:45,603] {dag.py:2972} INFO - Setting next_dagrun for python_operator to None, run_after=None
[2024-06-10 19:27:45,612] {processor.py:161} INFO - Processing /opt/airflow/dags/2-pythonoperator.py took 0.054 seconds
[2024-06-10 19:28:15,960] {processor.py:153} INFO - Started process (PID=7364) to work on /opt/airflow/dags/2-pythonoperator.py
[2024-06-10 19:28:15,960] {processor.py:641} INFO - Processing file /opt/airflow/dags/2-pythonoperator.py for tasks to queue
[2024-06-10 19:28:15,961] {logging_mixin.py:115} INFO - [2024-06-10 19:28:15,961] {dagbag.py:508} INFO - Filling up the DagBag from /opt/airflow/dags/2-pythonoperator.py
[2024-06-10 19:28:15,966] {processor.py:651} INFO - DAG(s) dict_keys(['python_operator']) retrieved from /opt/airflow/dags/2-pythonoperator.py
[2024-06-10 19:28:15,991] {logging_mixin.py:115} INFO - [2024-06-10 19:28:15,991] {dag.py:2420} INFO - Sync 1 DAGs
[2024-06-10 19:28:16,011] {logging_mixin.py:115} INFO - [2024-06-10 19:28:16,011] {dag.py:2972} INFO - Setting next_dagrun for python_operator to None, run_after=None
[2024-06-10 19:28:16,021] {processor.py:161} INFO - Processing /opt/airflow/dags/2-pythonoperator.py took 0.063 seconds
[2024-06-10 19:28:46,478] {processor.py:153} INFO - Started process (PID=7399) to work on /opt/airflow/dags/2-pythonoperator.py
[2024-06-10 19:28:46,479] {processor.py:641} INFO - Processing file /opt/airflow/dags/2-pythonoperator.py for tasks to queue
[2024-06-10 19:28:46,479] {logging_mixin.py:115} INFO - [2024-06-10 19:28:46,479] {dagbag.py:508} INFO - Filling up the DagBag from /opt/airflow/dags/2-pythonoperator.py
[2024-06-10 19:28:46,484] {processor.py:651} INFO - DAG(s) dict_keys(['python_operator']) retrieved from /opt/airflow/dags/2-pythonoperator.py
[2024-06-10 19:28:46,502] {logging_mixin.py:115} INFO - [2024-06-10 19:28:46,502] {dag.py:2420} INFO - Sync 1 DAGs
[2024-06-10 19:28:46,516] {logging_mixin.py:115} INFO - [2024-06-10 19:28:46,516] {dag.py:2972} INFO - Setting next_dagrun for python_operator to None, run_after=None
[2024-06-10 19:28:46,527] {processor.py:161} INFO - Processing /opt/airflow/dags/2-pythonoperator.py took 0.051 seconds
[2024-06-10 19:29:16,911] {processor.py:153} INFO - Started process (PID=7434) to work on /opt/airflow/dags/2-pythonoperator.py
[2024-06-10 19:29:16,911] {processor.py:641} INFO - Processing file /opt/airflow/dags/2-pythonoperator.py for tasks to queue
[2024-06-10 19:29:16,912] {logging_mixin.py:115} INFO - [2024-06-10 19:29:16,912] {dagbag.py:508} INFO - Filling up the DagBag from /opt/airflow/dags/2-pythonoperator.py
[2024-06-10 19:29:16,917] {processor.py:651} INFO - DAG(s) dict_keys(['python_operator']) retrieved from /opt/airflow/dags/2-pythonoperator.py
[2024-06-10 19:29:16,934] {logging_mixin.py:115} INFO - [2024-06-10 19:29:16,934] {dag.py:2420} INFO - Sync 1 DAGs
[2024-06-10 19:29:16,950] {logging_mixin.py:115} INFO - [2024-06-10 19:29:16,950] {dag.py:2972} INFO - Setting next_dagrun for python_operator to None, run_after=None
[2024-06-10 19:29:16,958] {processor.py:161} INFO - Processing /opt/airflow/dags/2-pythonoperator.py took 0.050 seconds
[2024-06-10 19:29:47,319] {processor.py:153} INFO - Started process (PID=7469) to work on /opt/airflow/dags/2-pythonoperator.py
[2024-06-10 19:29:47,320] {processor.py:641} INFO - Processing file /opt/airflow/dags/2-pythonoperator.py for tasks to queue
[2024-06-10 19:29:47,320] {logging_mixin.py:115} INFO - [2024-06-10 19:29:47,320] {dagbag.py:508} INFO - Filling up the DagBag from /opt/airflow/dags/2-pythonoperator.py
[2024-06-10 19:29:47,325] {processor.py:651} INFO - DAG(s) dict_keys(['python_operator']) retrieved from /opt/airflow/dags/2-pythonoperator.py
[2024-06-10 19:29:47,348] {logging_mixin.py:115} INFO - [2024-06-10 19:29:47,348] {dag.py:2420} INFO - Sync 1 DAGs
[2024-06-10 19:29:47,362] {logging_mixin.py:115} INFO - [2024-06-10 19:29:47,362] {dag.py:2972} INFO - Setting next_dagrun for python_operator to None, run_after=None
[2024-06-10 19:29:47,374] {processor.py:161} INFO - Processing /opt/airflow/dags/2-pythonoperator.py took 0.056 seconds
[2024-06-10 19:30:17,796] {processor.py:153} INFO - Started process (PID=7504) to work on /opt/airflow/dags/2-pythonoperator.py
[2024-06-10 19:30:17,797] {processor.py:641} INFO - Processing file /opt/airflow/dags/2-pythonoperator.py for tasks to queue
[2024-06-10 19:30:17,798] {logging_mixin.py:115} INFO - [2024-06-10 19:30:17,798] {dagbag.py:508} INFO - Filling up the DagBag from /opt/airflow/dags/2-pythonoperator.py
[2024-06-10 19:30:17,804] {processor.py:651} INFO - DAG(s) dict_keys(['python_operator']) retrieved from /opt/airflow/dags/2-pythonoperator.py
[2024-06-10 19:30:17,821] {logging_mixin.py:115} INFO - [2024-06-10 19:30:17,821] {dag.py:2420} INFO - Sync 1 DAGs
[2024-06-10 19:30:17,844] {logging_mixin.py:115} INFO - [2024-06-10 19:30:17,844] {dag.py:2972} INFO - Setting next_dagrun for python_operator to None, run_after=None
[2024-06-10 19:30:17,853] {processor.py:161} INFO - Processing /opt/airflow/dags/2-pythonoperator.py took 0.061 seconds
[2024-06-10 19:30:48,199] {processor.py:153} INFO - Started process (PID=7530) to work on /opt/airflow/dags/2-pythonoperator.py
[2024-06-10 19:30:48,199] {processor.py:641} INFO - Processing file /opt/airflow/dags/2-pythonoperator.py for tasks to queue
[2024-06-10 19:30:48,200] {logging_mixin.py:115} INFO - [2024-06-10 19:30:48,200] {dagbag.py:508} INFO - Filling up the DagBag from /opt/airflow/dags/2-pythonoperator.py
[2024-06-10 19:30:48,205] {processor.py:651} INFO - DAG(s) dict_keys(['python_operator']) retrieved from /opt/airflow/dags/2-pythonoperator.py
[2024-06-10 19:30:48,223] {logging_mixin.py:115} INFO - [2024-06-10 19:30:48,223] {dag.py:2420} INFO - Sync 1 DAGs
[2024-06-10 19:30:48,240] {logging_mixin.py:115} INFO - [2024-06-10 19:30:48,239] {dag.py:2972} INFO - Setting next_dagrun for python_operator to None, run_after=None
[2024-06-10 19:30:48,248] {processor.py:161} INFO - Processing /opt/airflow/dags/2-pythonoperator.py took 0.052 seconds
[2024-06-10 19:31:18,615] {processor.py:153} INFO - Started process (PID=7563) to work on /opt/airflow/dags/2-pythonoperator.py
[2024-06-10 19:31:18,615] {processor.py:641} INFO - Processing file /opt/airflow/dags/2-pythonoperator.py for tasks to queue
[2024-06-10 19:31:18,616] {logging_mixin.py:115} INFO - [2024-06-10 19:31:18,616] {dagbag.py:508} INFO - Filling up the DagBag from /opt/airflow/dags/2-pythonoperator.py
[2024-06-10 19:31:18,620] {processor.py:651} INFO - DAG(s) dict_keys(['python_operator']) retrieved from /opt/airflow/dags/2-pythonoperator.py
[2024-06-10 19:31:18,640] {logging_mixin.py:115} INFO - [2024-06-10 19:31:18,640] {dag.py:2420} INFO - Sync 1 DAGs
[2024-06-10 19:31:18,653] {logging_mixin.py:115} INFO - [2024-06-10 19:31:18,653] {dag.py:2972} INFO - Setting next_dagrun for python_operator to None, run_after=None
[2024-06-10 19:31:18,664] {processor.py:161} INFO - Processing /opt/airflow/dags/2-pythonoperator.py took 0.051 seconds
[2024-06-10 19:31:49,012] {processor.py:153} INFO - Started process (PID=7598) to work on /opt/airflow/dags/2-pythonoperator.py
[2024-06-10 19:31:49,012] {processor.py:641} INFO - Processing file /opt/airflow/dags/2-pythonoperator.py for tasks to queue
[2024-06-10 19:31:49,012] {logging_mixin.py:115} INFO - [2024-06-10 19:31:49,012] {dagbag.py:508} INFO - Filling up the DagBag from /opt/airflow/dags/2-pythonoperator.py
[2024-06-10 19:31:49,018] {processor.py:651} INFO - DAG(s) dict_keys(['python_operator']) retrieved from /opt/airflow/dags/2-pythonoperator.py
[2024-06-10 19:31:49,037] {logging_mixin.py:115} INFO - [2024-06-10 19:31:49,037] {dag.py:2420} INFO - Sync 1 DAGs
[2024-06-10 19:31:49,052] {logging_mixin.py:115} INFO - [2024-06-10 19:31:49,052] {dag.py:2972} INFO - Setting next_dagrun for python_operator to None, run_after=None
[2024-06-10 19:31:49,061] {processor.py:161} INFO - Processing /opt/airflow/dags/2-pythonoperator.py took 0.051 seconds
[2024-06-10 19:32:19,398] {processor.py:153} INFO - Started process (PID=7633) to work on /opt/airflow/dags/2-pythonoperator.py
[2024-06-10 19:32:19,398] {processor.py:641} INFO - Processing file /opt/airflow/dags/2-pythonoperator.py for tasks to queue
[2024-06-10 19:32:19,399] {logging_mixin.py:115} INFO - [2024-06-10 19:32:19,399] {dagbag.py:508} INFO - Filling up the DagBag from /opt/airflow/dags/2-pythonoperator.py
[2024-06-10 19:32:19,404] {processor.py:651} INFO - DAG(s) dict_keys(['python_operator']) retrieved from /opt/airflow/dags/2-pythonoperator.py
[2024-06-10 19:32:19,421] {logging_mixin.py:115} INFO - [2024-06-10 19:32:19,421] {dag.py:2420} INFO - Sync 1 DAGs
[2024-06-10 19:32:19,437] {logging_mixin.py:115} INFO - [2024-06-10 19:32:19,437] {dag.py:2972} INFO - Setting next_dagrun for python_operator to None, run_after=None
[2024-06-10 19:32:19,445] {processor.py:161} INFO - Processing /opt/airflow/dags/2-pythonoperator.py took 0.051 seconds
[2024-06-10 19:32:49,809] {processor.py:153} INFO - Started process (PID=7668) to work on /opt/airflow/dags/2-pythonoperator.py
[2024-06-10 19:32:49,810] {processor.py:641} INFO - Processing file /opt/airflow/dags/2-pythonoperator.py for tasks to queue
[2024-06-10 19:32:49,810] {logging_mixin.py:115} INFO - [2024-06-10 19:32:49,810] {dagbag.py:508} INFO - Filling up the DagBag from /opt/airflow/dags/2-pythonoperator.py
[2024-06-10 19:32:49,817] {processor.py:651} INFO - DAG(s) dict_keys(['python_operator']) retrieved from /opt/airflow/dags/2-pythonoperator.py
[2024-06-10 19:32:49,840] {logging_mixin.py:115} INFO - [2024-06-10 19:32:49,840] {dag.py:2420} INFO - Sync 1 DAGs
[2024-06-10 19:32:49,857] {logging_mixin.py:115} INFO - [2024-06-10 19:32:49,857] {dag.py:2972} INFO - Setting next_dagrun for python_operator to None, run_after=None
[2024-06-10 19:32:49,868] {processor.py:161} INFO - Processing /opt/airflow/dags/2-pythonoperator.py took 0.062 seconds
[2024-06-10 19:33:20,266] {processor.py:153} INFO - Started process (PID=7694) to work on /opt/airflow/dags/2-pythonoperator.py
[2024-06-10 19:33:20,267] {processor.py:641} INFO - Processing file /opt/airflow/dags/2-pythonoperator.py for tasks to queue
[2024-06-10 19:33:20,267] {logging_mixin.py:115} INFO - [2024-06-10 19:33:20,267] {dagbag.py:508} INFO - Filling up the DagBag from /opt/airflow/dags/2-pythonoperator.py
[2024-06-10 19:33:20,273] {processor.py:651} INFO - DAG(s) dict_keys(['python_operator']) retrieved from /opt/airflow/dags/2-pythonoperator.py
[2024-06-10 19:33:20,291] {logging_mixin.py:115} INFO - [2024-06-10 19:33:20,291] {dag.py:2420} INFO - Sync 1 DAGs
[2024-06-10 19:33:20,307] {logging_mixin.py:115} INFO - [2024-06-10 19:33:20,306] {dag.py:2972} INFO - Setting next_dagrun for python_operator to None, run_after=None
[2024-06-10 19:33:20,315] {processor.py:161} INFO - Processing /opt/airflow/dags/2-pythonoperator.py took 0.052 seconds
[2024-06-10 19:33:50,617] {processor.py:153} INFO - Started process (PID=7729) to work on /opt/airflow/dags/2-pythonoperator.py
[2024-06-10 19:33:50,618] {processor.py:641} INFO - Processing file /opt/airflow/dags/2-pythonoperator.py for tasks to queue
[2024-06-10 19:33:50,619] {logging_mixin.py:115} INFO - [2024-06-10 19:33:50,619] {dagbag.py:508} INFO - Filling up the DagBag from /opt/airflow/dags/2-pythonoperator.py
[2024-06-10 19:33:50,624] {processor.py:651} INFO - DAG(s) dict_keys(['python_operator']) retrieved from /opt/airflow/dags/2-pythonoperator.py
[2024-06-10 19:33:50,644] {logging_mixin.py:115} INFO - [2024-06-10 19:33:50,644] {dag.py:2420} INFO - Sync 1 DAGs
[2024-06-10 19:33:50,659] {logging_mixin.py:115} INFO - [2024-06-10 19:33:50,658] {dag.py:2972} INFO - Setting next_dagrun for python_operator to None, run_after=None
[2024-06-10 19:33:50,669] {processor.py:161} INFO - Processing /opt/airflow/dags/2-pythonoperator.py took 0.055 seconds
[2024-06-10 19:34:21,081] {processor.py:153} INFO - Started process (PID=7764) to work on /opt/airflow/dags/2-pythonoperator.py
[2024-06-10 19:34:21,082] {processor.py:641} INFO - Processing file /opt/airflow/dags/2-pythonoperator.py for tasks to queue
[2024-06-10 19:34:21,082] {logging_mixin.py:115} INFO - [2024-06-10 19:34:21,082] {dagbag.py:508} INFO - Filling up the DagBag from /opt/airflow/dags/2-pythonoperator.py
[2024-06-10 19:34:21,087] {processor.py:651} INFO - DAG(s) dict_keys(['python_operator']) retrieved from /opt/airflow/dags/2-pythonoperator.py
[2024-06-10 19:34:21,109] {logging_mixin.py:115} INFO - [2024-06-10 19:34:21,109] {dag.py:2420} INFO - Sync 1 DAGs
[2024-06-10 19:34:21,127] {logging_mixin.py:115} INFO - [2024-06-10 19:34:21,126] {dag.py:2972} INFO - Setting next_dagrun for python_operator to None, run_after=None
[2024-06-10 19:34:21,139] {processor.py:161} INFO - Processing /opt/airflow/dags/2-pythonoperator.py took 0.060 seconds
[2024-06-10 19:34:51,425] {processor.py:153} INFO - Started process (PID=7799) to work on /opt/airflow/dags/2-pythonoperator.py
[2024-06-10 19:34:51,426] {processor.py:641} INFO - Processing file /opt/airflow/dags/2-pythonoperator.py for tasks to queue
[2024-06-10 19:34:51,426] {logging_mixin.py:115} INFO - [2024-06-10 19:34:51,426] {dagbag.py:508} INFO - Filling up the DagBag from /opt/airflow/dags/2-pythonoperator.py
[2024-06-10 19:34:51,433] {processor.py:651} INFO - DAG(s) dict_keys(['python_operator']) retrieved from /opt/airflow/dags/2-pythonoperator.py
[2024-06-10 19:34:51,449] {logging_mixin.py:115} INFO - [2024-06-10 19:34:51,449] {dag.py:2420} INFO - Sync 1 DAGs
[2024-06-10 19:34:51,468] {logging_mixin.py:115} INFO - [2024-06-10 19:34:51,468] {dag.py:2972} INFO - Setting next_dagrun for python_operator to None, run_after=None
[2024-06-10 19:34:51,478] {processor.py:161} INFO - Processing /opt/airflow/dags/2-pythonoperator.py took 0.055 seconds
[2024-06-10 19:35:21,879] {processor.py:153} INFO - Started process (PID=7825) to work on /opt/airflow/dags/2-pythonoperator.py
[2024-06-10 19:35:21,879] {processor.py:641} INFO - Processing file /opt/airflow/dags/2-pythonoperator.py for tasks to queue
[2024-06-10 19:35:21,880] {logging_mixin.py:115} INFO - [2024-06-10 19:35:21,880] {dagbag.py:508} INFO - Filling up the DagBag from /opt/airflow/dags/2-pythonoperator.py
[2024-06-10 19:35:21,886] {processor.py:651} INFO - DAG(s) dict_keys(['python_operator']) retrieved from /opt/airflow/dags/2-pythonoperator.py
[2024-06-10 19:35:21,909] {logging_mixin.py:115} INFO - [2024-06-10 19:35:21,909] {dag.py:2420} INFO - Sync 1 DAGs
[2024-06-10 19:35:21,927] {logging_mixin.py:115} INFO - [2024-06-10 19:35:21,927] {dag.py:2972} INFO - Setting next_dagrun for python_operator to None, run_after=None
[2024-06-10 19:35:21,941] {processor.py:161} INFO - Processing /opt/airflow/dags/2-pythonoperator.py took 0.064 seconds
[2024-06-10 19:35:52,314] {processor.py:153} INFO - Started process (PID=7860) to work on /opt/airflow/dags/2-pythonoperator.py
[2024-06-10 19:35:52,315] {processor.py:641} INFO - Processing file /opt/airflow/dags/2-pythonoperator.py for tasks to queue
[2024-06-10 19:35:52,315] {logging_mixin.py:115} INFO - [2024-06-10 19:35:52,315] {dagbag.py:508} INFO - Filling up the DagBag from /opt/airflow/dags/2-pythonoperator.py
[2024-06-10 19:35:52,320] {processor.py:651} INFO - DAG(s) dict_keys(['python_operator']) retrieved from /opt/airflow/dags/2-pythonoperator.py
[2024-06-10 19:35:52,340] {logging_mixin.py:115} INFO - [2024-06-10 19:35:52,340] {dag.py:2420} INFO - Sync 1 DAGs
[2024-06-10 19:35:52,354] {logging_mixin.py:115} INFO - [2024-06-10 19:35:52,354] {dag.py:2972} INFO - Setting next_dagrun for python_operator to None, run_after=None
[2024-06-10 19:35:52,364] {processor.py:161} INFO - Processing /opt/airflow/dags/2-pythonoperator.py took 0.053 seconds
[2024-06-10 19:36:22,712] {processor.py:153} INFO - Started process (PID=7895) to work on /opt/airflow/dags/2-pythonoperator.py
[2024-06-10 19:36:22,712] {processor.py:641} INFO - Processing file /opt/airflow/dags/2-pythonoperator.py for tasks to queue
[2024-06-10 19:36:22,713] {logging_mixin.py:115} INFO - [2024-06-10 19:36:22,713] {dagbag.py:508} INFO - Filling up the DagBag from /opt/airflow/dags/2-pythonoperator.py
[2024-06-10 19:36:22,718] {processor.py:651} INFO - DAG(s) dict_keys(['python_operator']) retrieved from /opt/airflow/dags/2-pythonoperator.py
[2024-06-10 19:36:22,737] {logging_mixin.py:115} INFO - [2024-06-10 19:36:22,736] {dag.py:2420} INFO - Sync 1 DAGs
[2024-06-10 19:36:22,755] {logging_mixin.py:115} INFO - [2024-06-10 19:36:22,755] {dag.py:2972} INFO - Setting next_dagrun for python_operator to None, run_after=None
[2024-06-10 19:36:22,764] {processor.py:161} INFO - Processing /opt/airflow/dags/2-pythonoperator.py took 0.055 seconds
[2024-06-10 19:36:53,156] {processor.py:153} INFO - Started process (PID=7929) to work on /opt/airflow/dags/2-pythonoperator.py
[2024-06-10 19:36:53,157] {processor.py:641} INFO - Processing file /opt/airflow/dags/2-pythonoperator.py for tasks to queue
[2024-06-10 19:36:53,157] {logging_mixin.py:115} INFO - [2024-06-10 19:36:53,157] {dagbag.py:508} INFO - Filling up the DagBag from /opt/airflow/dags/2-pythonoperator.py
[2024-06-10 19:36:53,162] {processor.py:651} INFO - DAG(s) dict_keys(['python_operator']) retrieved from /opt/airflow/dags/2-pythonoperator.py
[2024-06-10 19:36:53,183] {logging_mixin.py:115} INFO - [2024-06-10 19:36:53,183] {dag.py:2420} INFO - Sync 1 DAGs
[2024-06-10 19:36:53,198] {logging_mixin.py:115} INFO - [2024-06-10 19:36:53,198] {dag.py:2972} INFO - Setting next_dagrun for python_operator to None, run_after=None
[2024-06-10 19:36:53,206] {processor.py:161} INFO - Processing /opt/airflow/dags/2-pythonoperator.py took 0.052 seconds
[2024-06-10 19:37:23,503] {processor.py:153} INFO - Started process (PID=7964) to work on /opt/airflow/dags/2-pythonoperator.py
[2024-06-10 19:37:23,504] {processor.py:641} INFO - Processing file /opt/airflow/dags/2-pythonoperator.py for tasks to queue
[2024-06-10 19:37:23,504] {logging_mixin.py:115} INFO - [2024-06-10 19:37:23,504] {dagbag.py:508} INFO - Filling up the DagBag from /opt/airflow/dags/2-pythonoperator.py
[2024-06-10 19:37:23,509] {processor.py:651} INFO - DAG(s) dict_keys(['python_operator']) retrieved from /opt/airflow/dags/2-pythonoperator.py
[2024-06-10 19:37:23,529] {logging_mixin.py:115} INFO - [2024-06-10 19:37:23,529] {dag.py:2420} INFO - Sync 1 DAGs
[2024-06-10 19:37:23,544] {logging_mixin.py:115} INFO - [2024-06-10 19:37:23,544] {dag.py:2972} INFO - Setting next_dagrun for python_operator to None, run_after=None
[2024-06-10 19:37:23,552] {processor.py:161} INFO - Processing /opt/airflow/dags/2-pythonoperator.py took 0.052 seconds
[2024-06-10 19:37:53,944] {processor.py:153} INFO - Started process (PID=7990) to work on /opt/airflow/dags/2-pythonoperator.py
[2024-06-10 19:37:53,944] {processor.py:641} INFO - Processing file /opt/airflow/dags/2-pythonoperator.py for tasks to queue
[2024-06-10 19:37:53,944] {logging_mixin.py:115} INFO - [2024-06-10 19:37:53,944] {dagbag.py:508} INFO - Filling up the DagBag from /opt/airflow/dags/2-pythonoperator.py
[2024-06-10 19:37:53,950] {processor.py:651} INFO - DAG(s) dict_keys(['python_operator']) retrieved from /opt/airflow/dags/2-pythonoperator.py
[2024-06-10 19:37:53,970] {logging_mixin.py:115} INFO - [2024-06-10 19:37:53,970] {dag.py:2420} INFO - Sync 1 DAGs
[2024-06-10 19:37:53,985] {logging_mixin.py:115} INFO - [2024-06-10 19:37:53,985] {dag.py:2972} INFO - Setting next_dagrun for python_operator to None, run_after=None
[2024-06-10 19:37:53,995] {processor.py:161} INFO - Processing /opt/airflow/dags/2-pythonoperator.py took 0.054 seconds
[2024-06-10 19:38:24,343] {processor.py:153} INFO - Started process (PID=8025) to work on /opt/airflow/dags/2-pythonoperator.py
[2024-06-10 19:38:24,344] {processor.py:641} INFO - Processing file /opt/airflow/dags/2-pythonoperator.py for tasks to queue
[2024-06-10 19:38:24,344] {logging_mixin.py:115} INFO - [2024-06-10 19:38:24,344] {dagbag.py:508} INFO - Filling up the DagBag from /opt/airflow/dags/2-pythonoperator.py
[2024-06-10 19:38:24,349] {processor.py:651} INFO - DAG(s) dict_keys(['python_operator']) retrieved from /opt/airflow/dags/2-pythonoperator.py
[2024-06-10 19:38:24,370] {logging_mixin.py:115} INFO - [2024-06-10 19:38:24,370] {dag.py:2420} INFO - Sync 1 DAGs
[2024-06-10 19:38:24,386] {logging_mixin.py:115} INFO - [2024-06-10 19:38:24,386] {dag.py:2972} INFO - Setting next_dagrun for python_operator to None, run_after=None
[2024-06-10 19:38:24,397] {processor.py:161} INFO - Processing /opt/airflow/dags/2-pythonoperator.py took 0.055 seconds
[2024-06-10 19:38:54,699] {processor.py:153} INFO - Started process (PID=8059) to work on /opt/airflow/dags/2-pythonoperator.py
[2024-06-10 19:38:54,700] {processor.py:641} INFO - Processing file /opt/airflow/dags/2-pythonoperator.py for tasks to queue
[2024-06-10 19:38:54,700] {logging_mixin.py:115} INFO - [2024-06-10 19:38:54,700] {dagbag.py:508} INFO - Filling up the DagBag from /opt/airflow/dags/2-pythonoperator.py
[2024-06-10 19:38:54,706] {processor.py:651} INFO - DAG(s) dict_keys(['python_operator']) retrieved from /opt/airflow/dags/2-pythonoperator.py
[2024-06-10 19:38:54,734] {logging_mixin.py:115} INFO - [2024-06-10 19:38:54,733] {dag.py:2420} INFO - Sync 1 DAGs
[2024-06-10 19:38:54,750] {logging_mixin.py:115} INFO - [2024-06-10 19:38:54,750] {dag.py:2972} INFO - Setting next_dagrun for python_operator to None, run_after=None
[2024-06-10 19:38:54,759] {processor.py:161} INFO - Processing /opt/airflow/dags/2-pythonoperator.py took 0.063 seconds
[2024-06-10 19:39:25,134] {processor.py:153} INFO - Started process (PID=8094) to work on /opt/airflow/dags/2-pythonoperator.py
[2024-06-10 19:39:25,136] {processor.py:641} INFO - Processing file /opt/airflow/dags/2-pythonoperator.py for tasks to queue
[2024-06-10 19:39:25,137] {logging_mixin.py:115} INFO - [2024-06-10 19:39:25,137] {dagbag.py:508} INFO - Filling up the DagBag from /opt/airflow/dags/2-pythonoperator.py
[2024-06-10 19:39:25,145] {processor.py:651} INFO - DAG(s) dict_keys(['python_operator']) retrieved from /opt/airflow/dags/2-pythonoperator.py
[2024-06-10 19:39:25,167] {logging_mixin.py:115} INFO - [2024-06-10 19:39:25,166] {dag.py:2420} INFO - Sync 1 DAGs
[2024-06-10 19:39:25,182] {logging_mixin.py:115} INFO - [2024-06-10 19:39:25,182] {dag.py:2972} INFO - Setting next_dagrun for python_operator to None, run_after=None
[2024-06-10 19:39:25,193] {processor.py:161} INFO - Processing /opt/airflow/dags/2-pythonoperator.py took 0.061 seconds
[2024-06-10 19:39:55,603] {processor.py:153} INFO - Started process (PID=8129) to work on /opt/airflow/dags/2-pythonoperator.py
[2024-06-10 19:39:55,604] {processor.py:641} INFO - Processing file /opt/airflow/dags/2-pythonoperator.py for tasks to queue
[2024-06-10 19:39:55,604] {logging_mixin.py:115} INFO - [2024-06-10 19:39:55,604] {dagbag.py:508} INFO - Filling up the DagBag from /opt/airflow/dags/2-pythonoperator.py
[2024-06-10 19:39:55,611] {processor.py:651} INFO - DAG(s) dict_keys(['python_operator']) retrieved from /opt/airflow/dags/2-pythonoperator.py
[2024-06-10 19:39:55,636] {logging_mixin.py:115} INFO - [2024-06-10 19:39:55,636] {dag.py:2420} INFO - Sync 1 DAGs
[2024-06-10 19:39:55,655] {logging_mixin.py:115} INFO - [2024-06-10 19:39:55,655] {dag.py:2972} INFO - Setting next_dagrun for python_operator to None, run_after=None
[2024-06-10 19:39:55,670] {processor.py:161} INFO - Processing /opt/airflow/dags/2-pythonoperator.py took 0.069 seconds
[2024-06-10 19:40:26,043] {processor.py:153} INFO - Started process (PID=8155) to work on /opt/airflow/dags/2-pythonoperator.py
[2024-06-10 19:40:26,044] {processor.py:641} INFO - Processing file /opt/airflow/dags/2-pythonoperator.py for tasks to queue
[2024-06-10 19:40:26,044] {logging_mixin.py:115} INFO - [2024-06-10 19:40:26,044] {dagbag.py:508} INFO - Filling up the DagBag from /opt/airflow/dags/2-pythonoperator.py
[2024-06-10 19:40:26,049] {processor.py:651} INFO - DAG(s) dict_keys(['python_operator']) retrieved from /opt/airflow/dags/2-pythonoperator.py
[2024-06-10 19:40:26,068] {logging_mixin.py:115} INFO - [2024-06-10 19:40:26,068] {dag.py:2420} INFO - Sync 1 DAGs
[2024-06-10 19:40:26,086] {logging_mixin.py:115} INFO - [2024-06-10 19:40:26,086] {dag.py:2972} INFO - Setting next_dagrun for python_operator to None, run_after=None
[2024-06-10 19:40:26,095] {processor.py:161} INFO - Processing /opt/airflow/dags/2-pythonoperator.py took 0.055 seconds
[2024-06-10 19:40:56,454] {processor.py:153} INFO - Started process (PID=8190) to work on /opt/airflow/dags/2-pythonoperator.py
[2024-06-10 19:40:56,454] {processor.py:641} INFO - Processing file /opt/airflow/dags/2-pythonoperator.py for tasks to queue
[2024-06-10 19:40:56,455] {logging_mixin.py:115} INFO - [2024-06-10 19:40:56,455] {dagbag.py:508} INFO - Filling up the DagBag from /opt/airflow/dags/2-pythonoperator.py
[2024-06-10 19:40:56,461] {processor.py:651} INFO - DAG(s) dict_keys(['python_operator']) retrieved from /opt/airflow/dags/2-pythonoperator.py
[2024-06-10 19:40:56,484] {logging_mixin.py:115} INFO - [2024-06-10 19:40:56,484] {dag.py:2420} INFO - Sync 1 DAGs
[2024-06-10 19:40:56,502] {logging_mixin.py:115} INFO - [2024-06-10 19:40:56,502] {dag.py:2972} INFO - Setting next_dagrun for python_operator to None, run_after=None
[2024-06-10 19:40:56,510] {processor.py:161} INFO - Processing /opt/airflow/dags/2-pythonoperator.py took 0.060 seconds
[2024-06-10 19:41:26,866] {processor.py:153} INFO - Started process (PID=8225) to work on /opt/airflow/dags/2-pythonoperator.py
[2024-06-10 19:41:26,866] {processor.py:641} INFO - Processing file /opt/airflow/dags/2-pythonoperator.py for tasks to queue
[2024-06-10 19:41:26,867] {logging_mixin.py:115} INFO - [2024-06-10 19:41:26,867] {dagbag.py:508} INFO - Filling up the DagBag from /opt/airflow/dags/2-pythonoperator.py
[2024-06-10 19:41:26,872] {processor.py:651} INFO - DAG(s) dict_keys(['python_operator']) retrieved from /opt/airflow/dags/2-pythonoperator.py
[2024-06-10 19:41:26,893] {logging_mixin.py:115} INFO - [2024-06-10 19:41:26,893] {dag.py:2420} INFO - Sync 1 DAGs
[2024-06-10 19:41:26,908] {logging_mixin.py:115} INFO - [2024-06-10 19:41:26,908] {dag.py:2972} INFO - Setting next_dagrun for python_operator to None, run_after=None
[2024-06-10 19:41:26,916] {processor.py:161} INFO - Processing /opt/airflow/dags/2-pythonoperator.py took 0.053 seconds
[2024-06-10 19:41:57,273] {processor.py:153} INFO - Started process (PID=8260) to work on /opt/airflow/dags/2-pythonoperator.py
[2024-06-10 19:41:57,274] {processor.py:641} INFO - Processing file /opt/airflow/dags/2-pythonoperator.py for tasks to queue
[2024-06-10 19:41:57,274] {logging_mixin.py:115} INFO - [2024-06-10 19:41:57,274] {dagbag.py:508} INFO - Filling up the DagBag from /opt/airflow/dags/2-pythonoperator.py
[2024-06-10 19:41:57,280] {processor.py:651} INFO - DAG(s) dict_keys(['python_operator']) retrieved from /opt/airflow/dags/2-pythonoperator.py
[2024-06-10 19:41:57,299] {logging_mixin.py:115} INFO - [2024-06-10 19:41:57,299] {dag.py:2420} INFO - Sync 1 DAGs
[2024-06-10 19:41:57,315] {logging_mixin.py:115} INFO - [2024-06-10 19:41:57,315] {dag.py:2972} INFO - Setting next_dagrun for python_operator to None, run_after=None
[2024-06-10 19:41:57,324] {processor.py:161} INFO - Processing /opt/airflow/dags/2-pythonoperator.py took 0.054 seconds
[2024-06-10 19:42:27,675] {processor.py:153} INFO - Started process (PID=8286) to work on /opt/airflow/dags/2-pythonoperator.py
[2024-06-10 19:42:27,676] {processor.py:641} INFO - Processing file /opt/airflow/dags/2-pythonoperator.py for tasks to queue
[2024-06-10 19:42:27,677] {logging_mixin.py:115} INFO - [2024-06-10 19:42:27,677] {dagbag.py:508} INFO - Filling up the DagBag from /opt/airflow/dags/2-pythonoperator.py
[2024-06-10 19:42:27,685] {processor.py:651} INFO - DAG(s) dict_keys(['python_operator']) retrieved from /opt/airflow/dags/2-pythonoperator.py
[2024-06-10 19:42:27,703] {logging_mixin.py:115} INFO - [2024-06-10 19:42:27,703] {dag.py:2420} INFO - Sync 1 DAGs
[2024-06-10 19:42:27,730] {logging_mixin.py:115} INFO - [2024-06-10 19:42:27,730] {dag.py:2972} INFO - Setting next_dagrun for python_operator to None, run_after=None
[2024-06-10 19:42:27,742] {processor.py:161} INFO - Processing /opt/airflow/dags/2-pythonoperator.py took 0.071 seconds
[2024-06-10 19:42:58,151] {processor.py:153} INFO - Started process (PID=8320) to work on /opt/airflow/dags/2-pythonoperator.py
[2024-06-10 19:42:58,152] {processor.py:641} INFO - Processing file /opt/airflow/dags/2-pythonoperator.py for tasks to queue
[2024-06-10 19:42:58,152] {logging_mixin.py:115} INFO - [2024-06-10 19:42:58,152] {dagbag.py:508} INFO - Filling up the DagBag from /opt/airflow/dags/2-pythonoperator.py
[2024-06-10 19:42:58,157] {processor.py:651} INFO - DAG(s) dict_keys(['python_operator']) retrieved from /opt/airflow/dags/2-pythonoperator.py
[2024-06-10 19:42:58,177] {logging_mixin.py:115} INFO - [2024-06-10 19:42:58,177] {dag.py:2420} INFO - Sync 1 DAGs
[2024-06-10 19:42:58,194] {logging_mixin.py:115} INFO - [2024-06-10 19:42:58,194] {dag.py:2972} INFO - Setting next_dagrun for python_operator to None, run_after=None
[2024-06-10 19:42:58,202] {processor.py:161} INFO - Processing /opt/airflow/dags/2-pythonoperator.py took 0.053 seconds
[2024-06-10 19:43:28,571] {processor.py:153} INFO - Started process (PID=8355) to work on /opt/airflow/dags/2-pythonoperator.py
[2024-06-10 19:43:28,572] {processor.py:641} INFO - Processing file /opt/airflow/dags/2-pythonoperator.py for tasks to queue
[2024-06-10 19:43:28,572] {logging_mixin.py:115} INFO - [2024-06-10 19:43:28,572] {dagbag.py:508} INFO - Filling up the DagBag from /opt/airflow/dags/2-pythonoperator.py
[2024-06-10 19:43:28,576] {processor.py:651} INFO - DAG(s) dict_keys(['python_operator']) retrieved from /opt/airflow/dags/2-pythonoperator.py
[2024-06-10 19:43:28,597] {logging_mixin.py:115} INFO - [2024-06-10 19:43:28,597] {dag.py:2420} INFO - Sync 1 DAGs
[2024-06-10 19:43:28,613] {logging_mixin.py:115} INFO - [2024-06-10 19:43:28,612] {dag.py:2972} INFO - Setting next_dagrun for python_operator to None, run_after=None
[2024-06-10 19:43:28,625] {processor.py:161} INFO - Processing /opt/airflow/dags/2-pythonoperator.py took 0.056 seconds
[2024-06-10 19:43:58,918] {processor.py:153} INFO - Started process (PID=8390) to work on /opt/airflow/dags/2-pythonoperator.py
[2024-06-10 19:43:58,919] {processor.py:641} INFO - Processing file /opt/airflow/dags/2-pythonoperator.py for tasks to queue
[2024-06-10 19:43:58,919] {logging_mixin.py:115} INFO - [2024-06-10 19:43:58,919] {dagbag.py:508} INFO - Filling up the DagBag from /opt/airflow/dags/2-pythonoperator.py
[2024-06-10 19:43:58,925] {processor.py:651} INFO - DAG(s) dict_keys(['python_operator']) retrieved from /opt/airflow/dags/2-pythonoperator.py
[2024-06-10 19:43:58,943] {logging_mixin.py:115} INFO - [2024-06-10 19:43:58,943] {dag.py:2420} INFO - Sync 1 DAGs
[2024-06-10 19:43:58,958] {logging_mixin.py:115} INFO - [2024-06-10 19:43:58,958] {dag.py:2972} INFO - Setting next_dagrun for python_operator to None, run_after=None
[2024-06-10 19:43:58,966] {processor.py:161} INFO - Processing /opt/airflow/dags/2-pythonoperator.py took 0.051 seconds
[2024-06-10 19:44:29,319] {processor.py:153} INFO - Started process (PID=8425) to work on /opt/airflow/dags/2-pythonoperator.py
[2024-06-10 19:44:29,320] {processor.py:641} INFO - Processing file /opt/airflow/dags/2-pythonoperator.py for tasks to queue
[2024-06-10 19:44:29,321] {logging_mixin.py:115} INFO - [2024-06-10 19:44:29,320] {dagbag.py:508} INFO - Filling up the DagBag from /opt/airflow/dags/2-pythonoperator.py
[2024-06-10 19:44:29,327] {processor.py:651} INFO - DAG(s) dict_keys(['python_operator']) retrieved from /opt/airflow/dags/2-pythonoperator.py
[2024-06-10 19:44:29,348] {logging_mixin.py:115} INFO - [2024-06-10 19:44:29,348] {dag.py:2420} INFO - Sync 1 DAGs
[2024-06-10 19:44:29,363] {logging_mixin.py:115} INFO - [2024-06-10 19:44:29,363] {dag.py:2972} INFO - Setting next_dagrun for python_operator to None, run_after=None
[2024-06-10 19:44:29,371] {processor.py:161} INFO - Processing /opt/airflow/dags/2-pythonoperator.py took 0.055 seconds
[2024-06-10 19:44:59,754] {processor.py:153} INFO - Started process (PID=8451) to work on /opt/airflow/dags/2-pythonoperator.py
[2024-06-10 19:44:59,754] {processor.py:641} INFO - Processing file /opt/airflow/dags/2-pythonoperator.py for tasks to queue
[2024-06-10 19:44:59,754] {logging_mixin.py:115} INFO - [2024-06-10 19:44:59,754] {dagbag.py:508} INFO - Filling up the DagBag from /opt/airflow/dags/2-pythonoperator.py
[2024-06-10 19:44:59,759] {processor.py:651} INFO - DAG(s) dict_keys(['python_operator']) retrieved from /opt/airflow/dags/2-pythonoperator.py
[2024-06-10 19:44:59,777] {logging_mixin.py:115} INFO - [2024-06-10 19:44:59,777] {dag.py:2420} INFO - Sync 1 DAGs
[2024-06-10 19:44:59,793] {logging_mixin.py:115} INFO - [2024-06-10 19:44:59,793] {dag.py:2972} INFO - Setting next_dagrun for python_operator to None, run_after=None
[2024-06-10 19:44:59,801] {processor.py:161} INFO - Processing /opt/airflow/dags/2-pythonoperator.py took 0.050 seconds
[2024-06-10 19:45:30,193] {processor.py:153} INFO - Started process (PID=8486) to work on /opt/airflow/dags/2-pythonoperator.py
[2024-06-10 19:45:30,193] {processor.py:641} INFO - Processing file /opt/airflow/dags/2-pythonoperator.py for tasks to queue
[2024-06-10 19:45:30,194] {logging_mixin.py:115} INFO - [2024-06-10 19:45:30,194] {dagbag.py:508} INFO - Filling up the DagBag from /opt/airflow/dags/2-pythonoperator.py
[2024-06-10 19:45:30,199] {processor.py:651} INFO - DAG(s) dict_keys(['python_operator']) retrieved from /opt/airflow/dags/2-pythonoperator.py
[2024-06-10 19:45:30,219] {logging_mixin.py:115} INFO - [2024-06-10 19:45:30,219] {dag.py:2420} INFO - Sync 1 DAGs
[2024-06-10 19:45:30,233] {logging_mixin.py:115} INFO - [2024-06-10 19:45:30,233] {dag.py:2972} INFO - Setting next_dagrun for python_operator to None, run_after=None
[2024-06-10 19:45:30,244] {processor.py:161} INFO - Processing /opt/airflow/dags/2-pythonoperator.py took 0.053 seconds
[2024-06-10 19:46:00,598] {processor.py:153} INFO - Started process (PID=8521) to work on /opt/airflow/dags/2-pythonoperator.py
[2024-06-10 19:46:00,598] {processor.py:641} INFO - Processing file /opt/airflow/dags/2-pythonoperator.py for tasks to queue
[2024-06-10 19:46:00,599] {logging_mixin.py:115} INFO - [2024-06-10 19:46:00,599] {dagbag.py:508} INFO - Filling up the DagBag from /opt/airflow/dags/2-pythonoperator.py
[2024-06-10 19:46:00,606] {processor.py:651} INFO - DAG(s) dict_keys(['python_operator']) retrieved from /opt/airflow/dags/2-pythonoperator.py
[2024-06-10 19:46:00,627] {logging_mixin.py:115} INFO - [2024-06-10 19:46:00,627] {dag.py:2420} INFO - Sync 1 DAGs
[2024-06-10 19:46:00,640] {logging_mixin.py:115} INFO - [2024-06-10 19:46:00,640] {dag.py:2972} INFO - Setting next_dagrun for python_operator to None, run_after=None
[2024-06-10 19:46:00,650] {processor.py:161} INFO - Processing /opt/airflow/dags/2-pythonoperator.py took 0.056 seconds
[2024-06-10 19:46:31,034] {processor.py:153} INFO - Started process (PID=8556) to work on /opt/airflow/dags/2-pythonoperator.py
[2024-06-10 19:46:31,034] {processor.py:641} INFO - Processing file /opt/airflow/dags/2-pythonoperator.py for tasks to queue
[2024-06-10 19:46:31,035] {logging_mixin.py:115} INFO - [2024-06-10 19:46:31,035] {dagbag.py:508} INFO - Filling up the DagBag from /opt/airflow/dags/2-pythonoperator.py
[2024-06-10 19:46:31,039] {processor.py:651} INFO - DAG(s) dict_keys(['python_operator']) retrieved from /opt/airflow/dags/2-pythonoperator.py
[2024-06-10 19:46:31,060] {logging_mixin.py:115} INFO - [2024-06-10 19:46:31,060] {dag.py:2420} INFO - Sync 1 DAGs
[2024-06-10 19:46:31,074] {logging_mixin.py:115} INFO - [2024-06-10 19:46:31,074] {dag.py:2972} INFO - Setting next_dagrun for python_operator to None, run_after=None
[2024-06-10 19:46:31,084] {processor.py:161} INFO - Processing /opt/airflow/dags/2-pythonoperator.py took 0.052 seconds
[2024-06-10 19:47:01,470] {processor.py:153} INFO - Started process (PID=8591) to work on /opt/airflow/dags/2-pythonoperator.py
[2024-06-10 19:47:01,470] {processor.py:641} INFO - Processing file /opt/airflow/dags/2-pythonoperator.py for tasks to queue
[2024-06-10 19:47:01,471] {logging_mixin.py:115} INFO - [2024-06-10 19:47:01,471] {dagbag.py:508} INFO - Filling up the DagBag from /opt/airflow/dags/2-pythonoperator.py
[2024-06-10 19:47:01,475] {processor.py:651} INFO - DAG(s) dict_keys(['python_operator']) retrieved from /opt/airflow/dags/2-pythonoperator.py
[2024-06-10 19:47:01,494] {logging_mixin.py:115} INFO - [2024-06-10 19:47:01,494] {dag.py:2420} INFO - Sync 1 DAGs
[2024-06-10 19:47:01,509] {logging_mixin.py:115} INFO - [2024-06-10 19:47:01,509] {dag.py:2972} INFO - Setting next_dagrun for python_operator to None, run_after=None
[2024-06-10 19:47:01,518] {processor.py:161} INFO - Processing /opt/airflow/dags/2-pythonoperator.py took 0.051 seconds
[2024-06-10 19:47:31,880] {processor.py:153} INFO - Started process (PID=8617) to work on /opt/airflow/dags/2-pythonoperator.py
[2024-06-10 19:47:31,881] {processor.py:641} INFO - Processing file /opt/airflow/dags/2-pythonoperator.py for tasks to queue
[2024-06-10 19:47:31,881] {logging_mixin.py:115} INFO - [2024-06-10 19:47:31,881] {dagbag.py:508} INFO - Filling up the DagBag from /opt/airflow/dags/2-pythonoperator.py
[2024-06-10 19:47:31,889] {processor.py:651} INFO - DAG(s) dict_keys(['python_operator']) retrieved from /opt/airflow/dags/2-pythonoperator.py
[2024-06-10 19:47:31,912] {logging_mixin.py:115} INFO - [2024-06-10 19:47:31,912] {dag.py:2420} INFO - Sync 1 DAGs
[2024-06-10 19:47:31,930] {logging_mixin.py:115} INFO - [2024-06-10 19:47:31,930] {dag.py:2972} INFO - Setting next_dagrun for python_operator to None, run_after=None
[2024-06-10 19:47:31,938] {processor.py:161} INFO - Processing /opt/airflow/dags/2-pythonoperator.py took 0.060 seconds
[2024-06-10 19:48:02,286] {processor.py:153} INFO - Started process (PID=8652) to work on /opt/airflow/dags/2-pythonoperator.py
[2024-06-10 19:48:02,286] {processor.py:641} INFO - Processing file /opt/airflow/dags/2-pythonoperator.py for tasks to queue
[2024-06-10 19:48:02,287] {logging_mixin.py:115} INFO - [2024-06-10 19:48:02,287] {dagbag.py:508} INFO - Filling up the DagBag from /opt/airflow/dags/2-pythonoperator.py
[2024-06-10 19:48:02,291] {processor.py:651} INFO - DAG(s) dict_keys(['python_operator']) retrieved from /opt/airflow/dags/2-pythonoperator.py
[2024-06-10 19:48:02,315] {logging_mixin.py:115} INFO - [2024-06-10 19:48:02,314] {dag.py:2420} INFO - Sync 1 DAGs
[2024-06-10 19:48:02,333] {logging_mixin.py:115} INFO - [2024-06-10 19:48:02,333] {dag.py:2972} INFO - Setting next_dagrun for python_operator to None, run_after=None
[2024-06-10 19:48:02,342] {processor.py:161} INFO - Processing /opt/airflow/dags/2-pythonoperator.py took 0.059 seconds
[2024-06-10 19:48:32,668] {processor.py:153} INFO - Started process (PID=8687) to work on /opt/airflow/dags/2-pythonoperator.py
[2024-06-10 19:48:32,669] {processor.py:641} INFO - Processing file /opt/airflow/dags/2-pythonoperator.py for tasks to queue
[2024-06-10 19:48:32,669] {logging_mixin.py:115} INFO - [2024-06-10 19:48:32,669] {dagbag.py:508} INFO - Filling up the DagBag from /opt/airflow/dags/2-pythonoperator.py
[2024-06-10 19:48:32,674] {processor.py:651} INFO - DAG(s) dict_keys(['python_operator']) retrieved from /opt/airflow/dags/2-pythonoperator.py
[2024-06-10 19:48:32,692] {logging_mixin.py:115} INFO - [2024-06-10 19:48:32,692] {dag.py:2420} INFO - Sync 1 DAGs
[2024-06-10 19:48:32,708] {logging_mixin.py:115} INFO - [2024-06-10 19:48:32,708] {dag.py:2972} INFO - Setting next_dagrun for python_operator to None, run_after=None
[2024-06-10 19:48:32,718] {processor.py:161} INFO - Processing /opt/airflow/dags/2-pythonoperator.py took 0.053 seconds
[2024-06-10 19:49:03,087] {processor.py:153} INFO - Started process (PID=8722) to work on /opt/airflow/dags/2-pythonoperator.py
[2024-06-10 19:49:03,087] {processor.py:641} INFO - Processing file /opt/airflow/dags/2-pythonoperator.py for tasks to queue
[2024-06-10 19:49:03,088] {logging_mixin.py:115} INFO - [2024-06-10 19:49:03,088] {dagbag.py:508} INFO - Filling up the DagBag from /opt/airflow/dags/2-pythonoperator.py
[2024-06-10 19:49:03,093] {processor.py:651} INFO - DAG(s) dict_keys(['python_operator']) retrieved from /opt/airflow/dags/2-pythonoperator.py
[2024-06-10 19:49:03,116] {logging_mixin.py:115} INFO - [2024-06-10 19:49:03,116] {dag.py:2420} INFO - Sync 1 DAGs
[2024-06-10 19:49:03,132] {logging_mixin.py:115} INFO - [2024-06-10 19:49:03,132] {dag.py:2972} INFO - Setting next_dagrun for python_operator to None, run_after=None
[2024-06-10 19:49:03,140] {processor.py:161} INFO - Processing /opt/airflow/dags/2-pythonoperator.py took 0.056 seconds
[2024-06-10 19:49:33,534] {processor.py:153} INFO - Started process (PID=8757) to work on /opt/airflow/dags/2-pythonoperator.py
[2024-06-10 19:49:33,535] {processor.py:641} INFO - Processing file /opt/airflow/dags/2-pythonoperator.py for tasks to queue
[2024-06-10 19:49:33,536] {logging_mixin.py:115} INFO - [2024-06-10 19:49:33,535] {dagbag.py:508} INFO - Filling up the DagBag from /opt/airflow/dags/2-pythonoperator.py
[2024-06-10 19:49:33,545] {processor.py:651} INFO - DAG(s) dict_keys(['python_operator']) retrieved from /opt/airflow/dags/2-pythonoperator.py
[2024-06-10 19:49:33,565] {logging_mixin.py:115} INFO - [2024-06-10 19:49:33,565] {dag.py:2420} INFO - Sync 1 DAGs
[2024-06-10 19:49:33,587] {logging_mixin.py:115} INFO - [2024-06-10 19:49:33,587] {dag.py:2972} INFO - Setting next_dagrun for python_operator to None, run_after=None
[2024-06-10 19:49:33,596] {processor.py:161} INFO - Processing /opt/airflow/dags/2-pythonoperator.py took 0.066 seconds
[2024-06-10 19:50:03,955] {processor.py:153} INFO - Started process (PID=8783) to work on /opt/airflow/dags/2-pythonoperator.py
[2024-06-10 19:50:03,955] {processor.py:641} INFO - Processing file /opt/airflow/dags/2-pythonoperator.py for tasks to queue
[2024-06-10 19:50:03,956] {logging_mixin.py:115} INFO - [2024-06-10 19:50:03,956] {dagbag.py:508} INFO - Filling up the DagBag from /opt/airflow/dags/2-pythonoperator.py
[2024-06-10 19:50:03,961] {processor.py:651} INFO - DAG(s) dict_keys(['python_operator']) retrieved from /opt/airflow/dags/2-pythonoperator.py
[2024-06-10 19:50:03,984] {logging_mixin.py:115} INFO - [2024-06-10 19:50:03,984] {dag.py:2420} INFO - Sync 1 DAGs
[2024-06-10 19:50:04,000] {logging_mixin.py:115} INFO - [2024-06-10 19:50:04,000] {dag.py:2972} INFO - Setting next_dagrun for python_operator to None, run_after=None
[2024-06-10 19:50:04,007] {processor.py:161} INFO - Processing /opt/airflow/dags/2-pythonoperator.py took 0.055 seconds
[2024-06-10 19:50:34,309] {processor.py:153} INFO - Started process (PID=8818) to work on /opt/airflow/dags/2-pythonoperator.py
[2024-06-10 19:50:34,310] {processor.py:641} INFO - Processing file /opt/airflow/dags/2-pythonoperator.py for tasks to queue
[2024-06-10 19:50:34,311] {logging_mixin.py:115} INFO - [2024-06-10 19:50:34,311] {dagbag.py:508} INFO - Filling up the DagBag from /opt/airflow/dags/2-pythonoperator.py
[2024-06-10 19:50:34,321] {processor.py:651} INFO - DAG(s) dict_keys(['python_operator']) retrieved from /opt/airflow/dags/2-pythonoperator.py
[2024-06-10 19:50:34,350] {logging_mixin.py:115} INFO - [2024-06-10 19:50:34,350] {dag.py:2420} INFO - Sync 1 DAGs
[2024-06-10 19:50:34,369] {logging_mixin.py:115} INFO - [2024-06-10 19:50:34,369] {dag.py:2972} INFO - Setting next_dagrun for python_operator to None, run_after=None
[2024-06-10 19:50:34,377] {processor.py:161} INFO - Processing /opt/airflow/dags/2-pythonoperator.py took 0.071 seconds
[2024-06-10 19:51:04,746] {processor.py:153} INFO - Started process (PID=8853) to work on /opt/airflow/dags/2-pythonoperator.py
[2024-06-10 19:51:04,747] {processor.py:641} INFO - Processing file /opt/airflow/dags/2-pythonoperator.py for tasks to queue
[2024-06-10 19:51:04,747] {logging_mixin.py:115} INFO - [2024-06-10 19:51:04,747] {dagbag.py:508} INFO - Filling up the DagBag from /opt/airflow/dags/2-pythonoperator.py
[2024-06-10 19:51:04,751] {processor.py:651} INFO - DAG(s) dict_keys(['python_operator']) retrieved from /opt/airflow/dags/2-pythonoperator.py
[2024-06-10 19:51:04,773] {logging_mixin.py:115} INFO - [2024-06-10 19:51:04,773] {dag.py:2420} INFO - Sync 1 DAGs
[2024-06-10 19:51:04,787] {logging_mixin.py:115} INFO - [2024-06-10 19:51:04,787] {dag.py:2972} INFO - Setting next_dagrun for python_operator to None, run_after=None
[2024-06-10 19:51:04,799] {processor.py:161} INFO - Processing /opt/airflow/dags/2-pythonoperator.py took 0.054 seconds
[2024-06-10 19:51:35,158] {processor.py:153} INFO - Started process (PID=8888) to work on /opt/airflow/dags/2-pythonoperator.py
[2024-06-10 19:51:35,159] {processor.py:641} INFO - Processing file /opt/airflow/dags/2-pythonoperator.py for tasks to queue
[2024-06-10 19:51:35,159] {logging_mixin.py:115} INFO - [2024-06-10 19:51:35,159] {dagbag.py:508} INFO - Filling up the DagBag from /opt/airflow/dags/2-pythonoperator.py
[2024-06-10 19:51:35,164] {processor.py:651} INFO - DAG(s) dict_keys(['python_operator']) retrieved from /opt/airflow/dags/2-pythonoperator.py
[2024-06-10 19:51:35,186] {logging_mixin.py:115} INFO - [2024-06-10 19:51:35,186] {dag.py:2420} INFO - Sync 1 DAGs
[2024-06-10 19:51:35,203] {logging_mixin.py:115} INFO - [2024-06-10 19:51:35,203] {dag.py:2972} INFO - Setting next_dagrun for python_operator to None, run_after=None
[2024-06-10 19:51:35,214] {processor.py:161} INFO - Processing /opt/airflow/dags/2-pythonoperator.py took 0.058 seconds
[2024-06-10 19:52:05,561] {processor.py:153} INFO - Started process (PID=8914) to work on /opt/airflow/dags/2-pythonoperator.py
[2024-06-10 19:52:05,561] {processor.py:641} INFO - Processing file /opt/airflow/dags/2-pythonoperator.py for tasks to queue
[2024-06-10 19:52:05,562] {logging_mixin.py:115} INFO - [2024-06-10 19:52:05,562] {dagbag.py:508} INFO - Filling up the DagBag from /opt/airflow/dags/2-pythonoperator.py
[2024-06-10 19:52:05,570] {processor.py:651} INFO - DAG(s) dict_keys(['python_operator']) retrieved from /opt/airflow/dags/2-pythonoperator.py
[2024-06-10 19:52:05,590] {logging_mixin.py:115} INFO - [2024-06-10 19:52:05,590] {dag.py:2420} INFO - Sync 1 DAGs
[2024-06-10 19:52:05,604] {logging_mixin.py:115} INFO - [2024-06-10 19:52:05,604] {dag.py:2972} INFO - Setting next_dagrun for python_operator to None, run_after=None
[2024-06-10 19:52:05,616] {processor.py:161} INFO - Processing /opt/airflow/dags/2-pythonoperator.py took 0.057 seconds
[2024-06-10 19:52:35,946] {processor.py:153} INFO - Started process (PID=8949) to work on /opt/airflow/dags/2-pythonoperator.py
[2024-06-10 19:52:35,946] {processor.py:641} INFO - Processing file /opt/airflow/dags/2-pythonoperator.py for tasks to queue
[2024-06-10 19:52:35,947] {logging_mixin.py:115} INFO - [2024-06-10 19:52:35,947] {dagbag.py:508} INFO - Filling up the DagBag from /opt/airflow/dags/2-pythonoperator.py
[2024-06-10 19:52:35,952] {processor.py:651} INFO - DAG(s) dict_keys(['python_operator']) retrieved from /opt/airflow/dags/2-pythonoperator.py
[2024-06-10 19:52:35,967] {logging_mixin.py:115} INFO - [2024-06-10 19:52:35,967] {dag.py:2420} INFO - Sync 1 DAGs
[2024-06-10 19:52:35,983] {logging_mixin.py:115} INFO - [2024-06-10 19:52:35,983] {dag.py:2972} INFO - Setting next_dagrun for python_operator to None, run_after=None
[2024-06-10 19:52:35,990] {processor.py:161} INFO - Processing /opt/airflow/dags/2-pythonoperator.py took 0.046 seconds
[2024-06-10 19:53:06,334] {processor.py:153} INFO - Started process (PID=8983) to work on /opt/airflow/dags/2-pythonoperator.py
[2024-06-10 19:53:06,334] {processor.py:641} INFO - Processing file /opt/airflow/dags/2-pythonoperator.py for tasks to queue
[2024-06-10 19:53:06,334] {logging_mixin.py:115} INFO - [2024-06-10 19:53:06,334] {dagbag.py:508} INFO - Filling up the DagBag from /opt/airflow/dags/2-pythonoperator.py
[2024-06-10 19:53:06,340] {processor.py:651} INFO - DAG(s) dict_keys(['python_operator']) retrieved from /opt/airflow/dags/2-pythonoperator.py
[2024-06-10 19:53:06,357] {logging_mixin.py:115} INFO - [2024-06-10 19:53:06,357] {dag.py:2420} INFO - Sync 1 DAGs
[2024-06-10 19:53:06,375] {logging_mixin.py:115} INFO - [2024-06-10 19:53:06,375] {dag.py:2972} INFO - Setting next_dagrun for python_operator to None, run_after=None
[2024-06-10 19:53:06,383] {processor.py:161} INFO - Processing /opt/airflow/dags/2-pythonoperator.py took 0.052 seconds
[2024-06-10 19:53:36,732] {processor.py:153} INFO - Started process (PID=9018) to work on /opt/airflow/dags/2-pythonoperator.py
[2024-06-10 19:53:36,733] {processor.py:641} INFO - Processing file /opt/airflow/dags/2-pythonoperator.py for tasks to queue
[2024-06-10 19:53:36,734] {logging_mixin.py:115} INFO - [2024-06-10 19:53:36,734] {dagbag.py:508} INFO - Filling up the DagBag from /opt/airflow/dags/2-pythonoperator.py
[2024-06-10 19:53:36,740] {processor.py:651} INFO - DAG(s) dict_keys(['python_operator']) retrieved from /opt/airflow/dags/2-pythonoperator.py
[2024-06-10 19:53:36,770] {logging_mixin.py:115} INFO - [2024-06-10 19:53:36,770] {dag.py:2420} INFO - Sync 1 DAGs
[2024-06-10 19:53:36,804] {logging_mixin.py:115} INFO - [2024-06-10 19:53:36,803] {dag.py:2972} INFO - Setting next_dagrun for python_operator to None, run_after=None
[2024-06-10 19:53:36,823] {processor.py:161} INFO - Processing /opt/airflow/dags/2-pythonoperator.py took 0.094 seconds
[2024-06-10 19:54:07,180] {processor.py:153} INFO - Started process (PID=9053) to work on /opt/airflow/dags/2-pythonoperator.py
[2024-06-10 19:54:07,180] {processor.py:641} INFO - Processing file /opt/airflow/dags/2-pythonoperator.py for tasks to queue
[2024-06-10 19:54:07,181] {logging_mixin.py:115} INFO - [2024-06-10 19:54:07,181] {dagbag.py:508} INFO - Filling up the DagBag from /opt/airflow/dags/2-pythonoperator.py
[2024-06-10 19:54:07,188] {processor.py:651} INFO - DAG(s) dict_keys(['python_operator']) retrieved from /opt/airflow/dags/2-pythonoperator.py
[2024-06-10 19:54:07,206] {logging_mixin.py:115} INFO - [2024-06-10 19:54:07,206] {dag.py:2420} INFO - Sync 1 DAGs
[2024-06-10 19:54:07,222] {logging_mixin.py:115} INFO - [2024-06-10 19:54:07,221] {dag.py:2972} INFO - Setting next_dagrun for python_operator to None, run_after=None
[2024-06-10 19:54:07,231] {processor.py:161} INFO - Processing /opt/airflow/dags/2-pythonoperator.py took 0.054 seconds
[2024-06-10 19:54:37,668] {processor.py:153} INFO - Started process (PID=9079) to work on /opt/airflow/dags/2-pythonoperator.py
[2024-06-10 19:54:37,668] {processor.py:641} INFO - Processing file /opt/airflow/dags/2-pythonoperator.py for tasks to queue
[2024-06-10 19:54:37,668] {logging_mixin.py:115} INFO - [2024-06-10 19:54:37,668] {dagbag.py:508} INFO - Filling up the DagBag from /opt/airflow/dags/2-pythonoperator.py
[2024-06-10 19:54:37,674] {processor.py:651} INFO - DAG(s) dict_keys(['python_operator']) retrieved from /opt/airflow/dags/2-pythonoperator.py
[2024-06-10 19:54:37,693] {logging_mixin.py:115} INFO - [2024-06-10 19:54:37,693] {dag.py:2420} INFO - Sync 1 DAGs
[2024-06-10 19:54:37,708] {logging_mixin.py:115} INFO - [2024-06-10 19:54:37,708] {dag.py:2972} INFO - Setting next_dagrun for python_operator to None, run_after=None
[2024-06-10 19:54:37,715] {processor.py:161} INFO - Processing /opt/airflow/dags/2-pythonoperator.py took 0.050 seconds
[2024-06-10 19:55:08,062] {processor.py:153} INFO - Started process (PID=9114) to work on /opt/airflow/dags/2-pythonoperator.py
[2024-06-10 19:55:08,063] {processor.py:641} INFO - Processing file /opt/airflow/dags/2-pythonoperator.py for tasks to queue
[2024-06-10 19:55:08,064] {logging_mixin.py:115} INFO - [2024-06-10 19:55:08,064] {dagbag.py:508} INFO - Filling up the DagBag from /opt/airflow/dags/2-pythonoperator.py
[2024-06-10 19:55:08,072] {processor.py:651} INFO - DAG(s) dict_keys(['python_operator']) retrieved from /opt/airflow/dags/2-pythonoperator.py
[2024-06-10 19:55:08,101] {logging_mixin.py:115} INFO - [2024-06-10 19:55:08,101] {dag.py:2420} INFO - Sync 1 DAGs
[2024-06-10 19:55:08,121] {logging_mixin.py:115} INFO - [2024-06-10 19:55:08,120] {dag.py:2972} INFO - Setting next_dagrun for python_operator to None, run_after=None
[2024-06-10 19:55:08,141] {processor.py:161} INFO - Processing /opt/airflow/dags/2-pythonoperator.py took 0.083 seconds
[2024-06-10 19:55:38,488] {processor.py:153} INFO - Started process (PID=9150) to work on /opt/airflow/dags/2-pythonoperator.py
[2024-06-10 19:55:38,488] {processor.py:641} INFO - Processing file /opt/airflow/dags/2-pythonoperator.py for tasks to queue
[2024-06-10 19:55:38,489] {logging_mixin.py:115} INFO - [2024-06-10 19:55:38,489] {dagbag.py:508} INFO - Filling up the DagBag from /opt/airflow/dags/2-pythonoperator.py
[2024-06-10 19:55:38,495] {processor.py:651} INFO - DAG(s) dict_keys(['python_operator']) retrieved from /opt/airflow/dags/2-pythonoperator.py
[2024-06-10 19:55:38,515] {logging_mixin.py:115} INFO - [2024-06-10 19:55:38,515] {dag.py:2420} INFO - Sync 1 DAGs
[2024-06-10 19:55:38,532] {logging_mixin.py:115} INFO - [2024-06-10 19:55:38,532] {dag.py:2972} INFO - Setting next_dagrun for python_operator to None, run_after=None
[2024-06-10 19:55:38,541] {processor.py:161} INFO - Processing /opt/airflow/dags/2-pythonoperator.py took 0.056 seconds
[2024-06-10 19:56:08,884] {processor.py:153} INFO - Started process (PID=9185) to work on /opt/airflow/dags/2-pythonoperator.py
[2024-06-10 19:56:08,884] {processor.py:641} INFO - Processing file /opt/airflow/dags/2-pythonoperator.py for tasks to queue
[2024-06-10 19:56:08,885] {logging_mixin.py:115} INFO - [2024-06-10 19:56:08,885] {dagbag.py:508} INFO - Filling up the DagBag from /opt/airflow/dags/2-pythonoperator.py
[2024-06-10 19:56:08,892] {processor.py:651} INFO - DAG(s) dict_keys(['python_operator']) retrieved from /opt/airflow/dags/2-pythonoperator.py
[2024-06-10 19:56:08,910] {logging_mixin.py:115} INFO - [2024-06-10 19:56:08,910] {dag.py:2420} INFO - Sync 1 DAGs
[2024-06-10 19:56:08,927] {logging_mixin.py:115} INFO - [2024-06-10 19:56:08,927] {dag.py:2972} INFO - Setting next_dagrun for python_operator to None, run_after=None
[2024-06-10 19:56:08,936] {processor.py:161} INFO - Processing /opt/airflow/dags/2-pythonoperator.py took 0.055 seconds
[2024-06-10 19:56:39,319] {processor.py:153} INFO - Started process (PID=9220) to work on /opt/airflow/dags/2-pythonoperator.py
[2024-06-10 19:56:39,319] {processor.py:641} INFO - Processing file /opt/airflow/dags/2-pythonoperator.py for tasks to queue
[2024-06-10 19:56:39,320] {logging_mixin.py:115} INFO - [2024-06-10 19:56:39,320] {dagbag.py:508} INFO - Filling up the DagBag from /opt/airflow/dags/2-pythonoperator.py
[2024-06-10 19:56:39,326] {processor.py:651} INFO - DAG(s) dict_keys(['python_operator']) retrieved from /opt/airflow/dags/2-pythonoperator.py
[2024-06-10 19:56:39,349] {logging_mixin.py:115} INFO - [2024-06-10 19:56:39,349] {dag.py:2420} INFO - Sync 1 DAGs
[2024-06-10 19:56:39,367] {logging_mixin.py:115} INFO - [2024-06-10 19:56:39,367] {dag.py:2972} INFO - Setting next_dagrun for python_operator to None, run_after=None
[2024-06-10 19:56:39,377] {processor.py:161} INFO - Processing /opt/airflow/dags/2-pythonoperator.py took 0.061 seconds
[2024-06-10 19:57:09,697] {processor.py:153} INFO - Started process (PID=9246) to work on /opt/airflow/dags/2-pythonoperator.py
[2024-06-10 19:57:09,697] {processor.py:641} INFO - Processing file /opt/airflow/dags/2-pythonoperator.py for tasks to queue
[2024-06-10 19:57:09,698] {logging_mixin.py:115} INFO - [2024-06-10 19:57:09,698] {dagbag.py:508} INFO - Filling up the DagBag from /opt/airflow/dags/2-pythonoperator.py
[2024-06-10 19:57:09,707] {processor.py:651} INFO - DAG(s) dict_keys(['python_operator']) retrieved from /opt/airflow/dags/2-pythonoperator.py
[2024-06-10 19:57:09,730] {logging_mixin.py:115} INFO - [2024-06-10 19:57:09,730] {dag.py:2420} INFO - Sync 1 DAGs
[2024-06-10 19:57:09,755] {logging_mixin.py:115} INFO - [2024-06-10 19:57:09,754] {dag.py:2972} INFO - Setting next_dagrun for python_operator to None, run_after=None
[2024-06-10 19:57:09,768] {processor.py:161} INFO - Processing /opt/airflow/dags/2-pythonoperator.py took 0.075 seconds
[2024-06-10 19:57:40,199] {processor.py:153} INFO - Started process (PID=9280) to work on /opt/airflow/dags/2-pythonoperator.py
[2024-06-10 19:57:40,199] {processor.py:641} INFO - Processing file /opt/airflow/dags/2-pythonoperator.py for tasks to queue
[2024-06-10 19:57:40,200] {logging_mixin.py:115} INFO - [2024-06-10 19:57:40,200] {dagbag.py:508} INFO - Filling up the DagBag from /opt/airflow/dags/2-pythonoperator.py
[2024-06-10 19:57:40,205] {processor.py:651} INFO - DAG(s) dict_keys(['python_operator']) retrieved from /opt/airflow/dags/2-pythonoperator.py
[2024-06-10 19:57:40,228] {logging_mixin.py:115} INFO - [2024-06-10 19:57:40,228] {dag.py:2420} INFO - Sync 1 DAGs
[2024-06-10 19:57:40,245] {logging_mixin.py:115} INFO - [2024-06-10 19:57:40,245] {dag.py:2972} INFO - Setting next_dagrun for python_operator to None, run_after=None
[2024-06-10 19:57:40,257] {processor.py:161} INFO - Processing /opt/airflow/dags/2-pythonoperator.py took 0.061 seconds
[2024-06-10 19:58:10,554] {processor.py:153} INFO - Started process (PID=9315) to work on /opt/airflow/dags/2-pythonoperator.py
[2024-06-10 19:58:10,555] {processor.py:641} INFO - Processing file /opt/airflow/dags/2-pythonoperator.py for tasks to queue
[2024-06-10 19:58:10,555] {logging_mixin.py:115} INFO - [2024-06-10 19:58:10,555] {dagbag.py:508} INFO - Filling up the DagBag from /opt/airflow/dags/2-pythonoperator.py
[2024-06-10 19:58:10,559] {processor.py:651} INFO - DAG(s) dict_keys(['python_operator']) retrieved from /opt/airflow/dags/2-pythonoperator.py
[2024-06-10 19:58:10,580] {logging_mixin.py:115} INFO - [2024-06-10 19:58:10,580] {dag.py:2420} INFO - Sync 1 DAGs
[2024-06-10 19:58:10,595] {logging_mixin.py:115} INFO - [2024-06-10 19:58:10,595] {dag.py:2972} INFO - Setting next_dagrun for python_operator to None, run_after=None
[2024-06-10 19:58:10,605] {processor.py:161} INFO - Processing /opt/airflow/dags/2-pythonoperator.py took 0.053 seconds
[2024-06-10 19:58:41,013] {processor.py:153} INFO - Started process (PID=9350) to work on /opt/airflow/dags/2-pythonoperator.py
[2024-06-10 19:58:41,013] {processor.py:641} INFO - Processing file /opt/airflow/dags/2-pythonoperator.py for tasks to queue
[2024-06-10 19:58:41,014] {logging_mixin.py:115} INFO - [2024-06-10 19:58:41,014] {dagbag.py:508} INFO - Filling up the DagBag from /opt/airflow/dags/2-pythonoperator.py
[2024-06-10 19:58:41,019] {processor.py:651} INFO - DAG(s) dict_keys(['python_operator']) retrieved from /opt/airflow/dags/2-pythonoperator.py
[2024-06-10 19:58:41,038] {logging_mixin.py:115} INFO - [2024-06-10 19:58:41,038] {dag.py:2420} INFO - Sync 1 DAGs
[2024-06-10 19:58:41,054] {logging_mixin.py:115} INFO - [2024-06-10 19:58:41,053] {dag.py:2972} INFO - Setting next_dagrun for python_operator to None, run_after=None
[2024-06-10 19:58:41,062] {processor.py:161} INFO - Processing /opt/airflow/dags/2-pythonoperator.py took 0.053 seconds
[2024-06-10 19:59:11,325] {processor.py:153} INFO - Started process (PID=9376) to work on /opt/airflow/dags/2-pythonoperator.py
[2024-06-10 19:59:11,325] {processor.py:641} INFO - Processing file /opt/airflow/dags/2-pythonoperator.py for tasks to queue
[2024-06-10 19:59:11,326] {logging_mixin.py:115} INFO - [2024-06-10 19:59:11,326] {dagbag.py:508} INFO - Filling up the DagBag from /opt/airflow/dags/2-pythonoperator.py
[2024-06-10 19:59:11,330] {processor.py:651} INFO - DAG(s) dict_keys(['python_operator']) retrieved from /opt/airflow/dags/2-pythonoperator.py
[2024-06-10 19:59:11,345] {logging_mixin.py:115} INFO - [2024-06-10 19:59:11,345] {dag.py:2420} INFO - Sync 1 DAGs
[2024-06-10 19:59:11,358] {logging_mixin.py:115} INFO - [2024-06-10 19:59:11,358] {dag.py:2972} INFO - Setting next_dagrun for python_operator to None, run_after=None
[2024-06-10 19:59:11,366] {processor.py:161} INFO - Processing /opt/airflow/dags/2-pythonoperator.py took 0.044 seconds
[2024-06-10 19:59:41,721] {processor.py:153} INFO - Started process (PID=9410) to work on /opt/airflow/dags/2-pythonoperator.py
[2024-06-10 19:59:41,721] {processor.py:641} INFO - Processing file /opt/airflow/dags/2-pythonoperator.py for tasks to queue
[2024-06-10 19:59:41,721] {logging_mixin.py:115} INFO - [2024-06-10 19:59:41,721] {dagbag.py:508} INFO - Filling up the DagBag from /opt/airflow/dags/2-pythonoperator.py
[2024-06-10 19:59:41,728] {processor.py:651} INFO - DAG(s) dict_keys(['python_operator']) retrieved from /opt/airflow/dags/2-pythonoperator.py
[2024-06-10 19:59:41,742] {logging_mixin.py:115} INFO - [2024-06-10 19:59:41,742] {dag.py:2420} INFO - Sync 1 DAGs
[2024-06-10 19:59:41,755] {logging_mixin.py:115} INFO - [2024-06-10 19:59:41,755] {dag.py:2972} INFO - Setting next_dagrun for python_operator to None, run_after=None
[2024-06-10 19:59:41,763] {processor.py:161} INFO - Processing /opt/airflow/dags/2-pythonoperator.py took 0.044 seconds
[2024-06-10 20:00:12,034] {processor.py:153} INFO - Started process (PID=9444) to work on /opt/airflow/dags/2-pythonoperator.py
[2024-06-10 20:00:12,034] {processor.py:641} INFO - Processing file /opt/airflow/dags/2-pythonoperator.py for tasks to queue
[2024-06-10 20:00:12,034] {logging_mixin.py:115} INFO - [2024-06-10 20:00:12,034] {dagbag.py:508} INFO - Filling up the DagBag from /opt/airflow/dags/2-pythonoperator.py
[2024-06-10 20:00:12,039] {processor.py:651} INFO - DAG(s) dict_keys(['python_operator']) retrieved from /opt/airflow/dags/2-pythonoperator.py
[2024-06-10 20:00:12,055] {logging_mixin.py:115} INFO - [2024-06-10 20:00:12,055] {dag.py:2420} INFO - Sync 1 DAGs
[2024-06-10 20:00:12,069] {logging_mixin.py:115} INFO - [2024-06-10 20:00:12,069] {dag.py:2972} INFO - Setting next_dagrun for python_operator to None, run_after=None
[2024-06-10 20:00:12,076] {processor.py:161} INFO - Processing /opt/airflow/dags/2-pythonoperator.py took 0.045 seconds
[2024-06-10 20:00:42,418] {processor.py:153} INFO - Started process (PID=9479) to work on /opt/airflow/dags/2-pythonoperator.py
[2024-06-10 20:00:42,418] {processor.py:641} INFO - Processing file /opt/airflow/dags/2-pythonoperator.py for tasks to queue
[2024-06-10 20:00:42,419] {logging_mixin.py:115} INFO - [2024-06-10 20:00:42,419] {dagbag.py:508} INFO - Filling up the DagBag from /opt/airflow/dags/2-pythonoperator.py
[2024-06-10 20:00:42,424] {processor.py:651} INFO - DAG(s) dict_keys(['python_operator']) retrieved from /opt/airflow/dags/2-pythonoperator.py
[2024-06-10 20:00:42,439] {logging_mixin.py:115} INFO - [2024-06-10 20:00:42,439] {dag.py:2420} INFO - Sync 1 DAGs
[2024-06-10 20:00:42,451] {logging_mixin.py:115} INFO - [2024-06-10 20:00:42,451] {dag.py:2972} INFO - Setting next_dagrun for python_operator to None, run_after=None
[2024-06-10 20:00:42,458] {processor.py:161} INFO - Processing /opt/airflow/dags/2-pythonoperator.py took 0.042 seconds
[2024-06-10 20:01:12,759] {processor.py:153} INFO - Started process (PID=9515) to work on /opt/airflow/dags/2-pythonoperator.py
[2024-06-10 20:01:12,759] {processor.py:641} INFO - Processing file /opt/airflow/dags/2-pythonoperator.py for tasks to queue
[2024-06-10 20:01:12,759] {logging_mixin.py:115} INFO - [2024-06-10 20:01:12,759] {dagbag.py:508} INFO - Filling up the DagBag from /opt/airflow/dags/2-pythonoperator.py
[2024-06-10 20:01:12,763] {processor.py:651} INFO - DAG(s) dict_keys(['python_operator']) retrieved from /opt/airflow/dags/2-pythonoperator.py
[2024-06-10 20:01:12,779] {logging_mixin.py:115} INFO - [2024-06-10 20:01:12,778] {dag.py:2420} INFO - Sync 1 DAGs
[2024-06-10 20:01:12,791] {logging_mixin.py:115} INFO - [2024-06-10 20:01:12,791] {dag.py:2972} INFO - Setting next_dagrun for python_operator to None, run_after=None
[2024-06-10 20:01:12,798] {processor.py:161} INFO - Processing /opt/airflow/dags/2-pythonoperator.py took 0.042 seconds
[2024-06-10 20:01:43,090] {processor.py:153} INFO - Started process (PID=9550) to work on /opt/airflow/dags/2-pythonoperator.py
[2024-06-10 20:01:43,090] {processor.py:641} INFO - Processing file /opt/airflow/dags/2-pythonoperator.py for tasks to queue
[2024-06-10 20:01:43,091] {logging_mixin.py:115} INFO - [2024-06-10 20:01:43,091] {dagbag.py:508} INFO - Filling up the DagBag from /opt/airflow/dags/2-pythonoperator.py
[2024-06-10 20:01:43,097] {processor.py:651} INFO - DAG(s) dict_keys(['python_operator']) retrieved from /opt/airflow/dags/2-pythonoperator.py
[2024-06-10 20:01:43,114] {logging_mixin.py:115} INFO - [2024-06-10 20:01:43,114] {dag.py:2420} INFO - Sync 1 DAGs
[2024-06-10 20:01:43,131] {logging_mixin.py:115} INFO - [2024-06-10 20:01:43,131] {dag.py:2972} INFO - Setting next_dagrun for python_operator to None, run_after=None
[2024-06-10 20:01:43,140] {processor.py:161} INFO - Processing /opt/airflow/dags/2-pythonoperator.py took 0.052 seconds
[2024-06-10 20:02:13,472] {processor.py:153} INFO - Started process (PID=9575) to work on /opt/airflow/dags/2-pythonoperator.py
[2024-06-10 20:02:13,472] {processor.py:641} INFO - Processing file /opt/airflow/dags/2-pythonoperator.py for tasks to queue
[2024-06-10 20:02:13,473] {logging_mixin.py:115} INFO - [2024-06-10 20:02:13,473] {dagbag.py:508} INFO - Filling up the DagBag from /opt/airflow/dags/2-pythonoperator.py
[2024-06-10 20:02:13,479] {processor.py:651} INFO - DAG(s) dict_keys(['python_operator']) retrieved from /opt/airflow/dags/2-pythonoperator.py
[2024-06-10 20:02:13,494] {logging_mixin.py:115} INFO - [2024-06-10 20:02:13,494] {dag.py:2420} INFO - Sync 1 DAGs
[2024-06-10 20:02:13,507] {logging_mixin.py:115} INFO - [2024-06-10 20:02:13,507] {dag.py:2972} INFO - Setting next_dagrun for python_operator to None, run_after=None
[2024-06-10 20:02:13,515] {processor.py:161} INFO - Processing /opt/airflow/dags/2-pythonoperator.py took 0.045 seconds
[2024-06-10 20:02:43,854] {processor.py:153} INFO - Started process (PID=9610) to work on /opt/airflow/dags/2-pythonoperator.py
[2024-06-10 20:02:43,855] {processor.py:641} INFO - Processing file /opt/airflow/dags/2-pythonoperator.py for tasks to queue
[2024-06-10 20:02:43,855] {logging_mixin.py:115} INFO - [2024-06-10 20:02:43,855] {dagbag.py:508} INFO - Filling up the DagBag from /opt/airflow/dags/2-pythonoperator.py
[2024-06-10 20:02:43,860] {processor.py:651} INFO - DAG(s) dict_keys(['python_operator']) retrieved from /opt/airflow/dags/2-pythonoperator.py
[2024-06-10 20:02:43,876] {logging_mixin.py:115} INFO - [2024-06-10 20:02:43,876] {dag.py:2420} INFO - Sync 1 DAGs
[2024-06-10 20:02:43,891] {logging_mixin.py:115} INFO - [2024-06-10 20:02:43,891] {dag.py:2972} INFO - Setting next_dagrun for python_operator to None, run_after=None
[2024-06-10 20:02:43,899] {processor.py:161} INFO - Processing /opt/airflow/dags/2-pythonoperator.py took 0.046 seconds
[2024-06-10 20:03:14,216] {processor.py:153} INFO - Started process (PID=9644) to work on /opt/airflow/dags/2-pythonoperator.py
[2024-06-10 20:03:14,216] {processor.py:641} INFO - Processing file /opt/airflow/dags/2-pythonoperator.py for tasks to queue
[2024-06-10 20:03:14,216] {logging_mixin.py:115} INFO - [2024-06-10 20:03:14,216] {dagbag.py:508} INFO - Filling up the DagBag from /opt/airflow/dags/2-pythonoperator.py
[2024-06-10 20:03:14,221] {processor.py:651} INFO - DAG(s) dict_keys(['python_operator']) retrieved from /opt/airflow/dags/2-pythonoperator.py
[2024-06-10 20:03:14,236] {logging_mixin.py:115} INFO - [2024-06-10 20:03:14,236] {dag.py:2420} INFO - Sync 1 DAGs
[2024-06-10 20:03:14,249] {logging_mixin.py:115} INFO - [2024-06-10 20:03:14,249] {dag.py:2972} INFO - Setting next_dagrun for python_operator to None, run_after=None
[2024-06-10 20:03:14,256] {processor.py:161} INFO - Processing /opt/airflow/dags/2-pythonoperator.py took 0.043 seconds
[2024-06-10 20:03:44,603] {processor.py:153} INFO - Started process (PID=9679) to work on /opt/airflow/dags/2-pythonoperator.py
[2024-06-10 20:03:44,605] {processor.py:641} INFO - Processing file /opt/airflow/dags/2-pythonoperator.py for tasks to queue
[2024-06-10 20:03:44,606] {logging_mixin.py:115} INFO - [2024-06-10 20:03:44,606] {dagbag.py:508} INFO - Filling up the DagBag from /opt/airflow/dags/2-pythonoperator.py
[2024-06-10 20:03:44,610] {processor.py:651} INFO - DAG(s) dict_keys(['python_operator']) retrieved from /opt/airflow/dags/2-pythonoperator.py
[2024-06-10 20:03:44,630] {logging_mixin.py:115} INFO - [2024-06-10 20:03:44,630] {dag.py:2420} INFO - Sync 1 DAGs
[2024-06-10 20:03:44,646] {logging_mixin.py:115} INFO - [2024-06-10 20:03:44,646] {dag.py:2972} INFO - Setting next_dagrun for python_operator to None, run_after=None
[2024-06-10 20:03:44,654] {processor.py:161} INFO - Processing /opt/airflow/dags/2-pythonoperator.py took 0.053 seconds
[2024-06-10 20:04:14,960] {processor.py:153} INFO - Started process (PID=9714) to work on /opt/airflow/dags/2-pythonoperator.py
[2024-06-10 20:04:14,961] {processor.py:641} INFO - Processing file /opt/airflow/dags/2-pythonoperator.py for tasks to queue
[2024-06-10 20:04:14,961] {logging_mixin.py:115} INFO - [2024-06-10 20:04:14,961] {dagbag.py:508} INFO - Filling up the DagBag from /opt/airflow/dags/2-pythonoperator.py
[2024-06-10 20:04:14,966] {processor.py:651} INFO - DAG(s) dict_keys(['python_operator']) retrieved from /opt/airflow/dags/2-pythonoperator.py
[2024-06-10 20:04:14,981] {logging_mixin.py:115} INFO - [2024-06-10 20:04:14,981] {dag.py:2420} INFO - Sync 1 DAGs
[2024-06-10 20:04:14,995] {logging_mixin.py:115} INFO - [2024-06-10 20:04:14,995] {dag.py:2972} INFO - Setting next_dagrun for python_operator to None, run_after=None
[2024-06-10 20:04:15,003] {processor.py:161} INFO - Processing /opt/airflow/dags/2-pythonoperator.py took 0.045 seconds
[2024-06-10 20:04:45,312] {processor.py:153} INFO - Started process (PID=9740) to work on /opt/airflow/dags/2-pythonoperator.py
[2024-06-10 20:04:45,313] {processor.py:641} INFO - Processing file /opt/airflow/dags/2-pythonoperator.py for tasks to queue
[2024-06-10 20:04:45,313] {logging_mixin.py:115} INFO - [2024-06-10 20:04:45,313] {dagbag.py:508} INFO - Filling up the DagBag from /opt/airflow/dags/2-pythonoperator.py
[2024-06-10 20:04:45,318] {processor.py:651} INFO - DAG(s) dict_keys(['python_operator']) retrieved from /opt/airflow/dags/2-pythonoperator.py
[2024-06-10 20:04:45,332] {logging_mixin.py:115} INFO - [2024-06-10 20:04:45,332] {dag.py:2420} INFO - Sync 1 DAGs
[2024-06-10 20:04:45,344] {logging_mixin.py:115} INFO - [2024-06-10 20:04:45,344] {dag.py:2972} INFO - Setting next_dagrun for python_operator to None, run_after=None
[2024-06-10 20:04:45,352] {processor.py:161} INFO - Processing /opt/airflow/dags/2-pythonoperator.py took 0.041 seconds
[2024-06-10 20:05:15,726] {processor.py:153} INFO - Started process (PID=9775) to work on /opt/airflow/dags/2-pythonoperator.py
[2024-06-10 20:05:15,727] {processor.py:641} INFO - Processing file /opt/airflow/dags/2-pythonoperator.py for tasks to queue
[2024-06-10 20:05:15,727] {logging_mixin.py:115} INFO - [2024-06-10 20:05:15,727] {dagbag.py:508} INFO - Filling up the DagBag from /opt/airflow/dags/2-pythonoperator.py
[2024-06-10 20:05:15,732] {processor.py:651} INFO - DAG(s) dict_keys(['python_operator']) retrieved from /opt/airflow/dags/2-pythonoperator.py
[2024-06-10 20:05:15,747] {logging_mixin.py:115} INFO - [2024-06-10 20:05:15,747] {dag.py:2420} INFO - Sync 1 DAGs
[2024-06-10 20:05:15,760] {logging_mixin.py:115} INFO - [2024-06-10 20:05:15,760] {dag.py:2972} INFO - Setting next_dagrun for python_operator to None, run_after=None
[2024-06-10 20:05:15,767] {processor.py:161} INFO - Processing /opt/airflow/dags/2-pythonoperator.py took 0.043 seconds
[2024-06-10 20:05:46,069] {processor.py:153} INFO - Started process (PID=9810) to work on /opt/airflow/dags/2-pythonoperator.py
[2024-06-10 20:05:46,069] {processor.py:641} INFO - Processing file /opt/airflow/dags/2-pythonoperator.py for tasks to queue
[2024-06-10 20:05:46,070] {logging_mixin.py:115} INFO - [2024-06-10 20:05:46,070] {dagbag.py:508} INFO - Filling up the DagBag from /opt/airflow/dags/2-pythonoperator.py
[2024-06-10 20:05:46,074] {processor.py:651} INFO - DAG(s) dict_keys(['python_operator']) retrieved from /opt/airflow/dags/2-pythonoperator.py
[2024-06-10 20:05:46,089] {logging_mixin.py:115} INFO - [2024-06-10 20:05:46,089] {dag.py:2420} INFO - Sync 1 DAGs
[2024-06-10 20:05:46,101] {logging_mixin.py:115} INFO - [2024-06-10 20:05:46,101] {dag.py:2972} INFO - Setting next_dagrun for python_operator to None, run_after=None
[2024-06-10 20:05:46,108] {processor.py:161} INFO - Processing /opt/airflow/dags/2-pythonoperator.py took 0.041 seconds
[2024-06-10 20:06:16,414] {processor.py:153} INFO - Started process (PID=9845) to work on /opt/airflow/dags/2-pythonoperator.py
[2024-06-10 20:06:16,414] {processor.py:641} INFO - Processing file /opt/airflow/dags/2-pythonoperator.py for tasks to queue
[2024-06-10 20:06:16,415] {logging_mixin.py:115} INFO - [2024-06-10 20:06:16,415] {dagbag.py:508} INFO - Filling up the DagBag from /opt/airflow/dags/2-pythonoperator.py
[2024-06-10 20:06:16,419] {processor.py:651} INFO - DAG(s) dict_keys(['python_operator']) retrieved from /opt/airflow/dags/2-pythonoperator.py
[2024-06-10 20:06:16,436] {logging_mixin.py:115} INFO - [2024-06-10 20:06:16,436] {dag.py:2420} INFO - Sync 1 DAGs
[2024-06-10 20:06:16,450] {logging_mixin.py:115} INFO - [2024-06-10 20:06:16,450] {dag.py:2972} INFO - Setting next_dagrun for python_operator to None, run_after=None
[2024-06-10 20:06:16,458] {processor.py:161} INFO - Processing /opt/airflow/dags/2-pythonoperator.py took 0.046 seconds
[2024-06-10 20:06:46,773] {processor.py:153} INFO - Started process (PID=9880) to work on /opt/airflow/dags/2-pythonoperator.py
[2024-06-10 20:06:46,774] {processor.py:641} INFO - Processing file /opt/airflow/dags/2-pythonoperator.py for tasks to queue
[2024-06-10 20:06:46,774] {logging_mixin.py:115} INFO - [2024-06-10 20:06:46,774] {dagbag.py:508} INFO - Filling up the DagBag from /opt/airflow/dags/2-pythonoperator.py
[2024-06-10 20:06:46,779] {processor.py:651} INFO - DAG(s) dict_keys(['python_operator']) retrieved from /opt/airflow/dags/2-pythonoperator.py
[2024-06-10 20:06:46,797] {logging_mixin.py:115} INFO - [2024-06-10 20:06:46,797] {dag.py:2420} INFO - Sync 1 DAGs
[2024-06-10 20:06:46,810] {logging_mixin.py:115} INFO - [2024-06-10 20:06:46,810] {dag.py:2972} INFO - Setting next_dagrun for python_operator to None, run_after=None
[2024-06-10 20:06:46,819] {processor.py:161} INFO - Processing /opt/airflow/dags/2-pythonoperator.py took 0.048 seconds
[2024-06-10 20:07:17,103] {processor.py:153} INFO - Started process (PID=9915) to work on /opt/airflow/dags/2-pythonoperator.py
[2024-06-10 20:07:17,105] {processor.py:641} INFO - Processing file /opt/airflow/dags/2-pythonoperator.py for tasks to queue
[2024-06-10 20:07:17,105] {logging_mixin.py:115} INFO - [2024-06-10 20:07:17,105] {dagbag.py:508} INFO - Filling up the DagBag from /opt/airflow/dags/2-pythonoperator.py
[2024-06-10 20:07:17,111] {processor.py:651} INFO - DAG(s) dict_keys(['python_operator']) retrieved from /opt/airflow/dags/2-pythonoperator.py
[2024-06-10 20:07:17,127] {logging_mixin.py:115} INFO - [2024-06-10 20:07:17,127] {dag.py:2420} INFO - Sync 1 DAGs
[2024-06-10 20:07:17,141] {logging_mixin.py:115} INFO - [2024-06-10 20:07:17,141] {dag.py:2972} INFO - Setting next_dagrun for python_operator to None, run_after=None
[2024-06-10 20:07:17,149] {processor.py:161} INFO - Processing /opt/airflow/dags/2-pythonoperator.py took 0.049 seconds
[2024-06-10 20:07:47,498] {processor.py:153} INFO - Started process (PID=9941) to work on /opt/airflow/dags/2-pythonoperator.py
[2024-06-10 20:07:47,499] {processor.py:641} INFO - Processing file /opt/airflow/dags/2-pythonoperator.py for tasks to queue
[2024-06-10 20:07:47,499] {logging_mixin.py:115} INFO - [2024-06-10 20:07:47,499] {dagbag.py:508} INFO - Filling up the DagBag from /opt/airflow/dags/2-pythonoperator.py
[2024-06-10 20:07:47,504] {processor.py:651} INFO - DAG(s) dict_keys(['python_operator']) retrieved from /opt/airflow/dags/2-pythonoperator.py
[2024-06-10 20:07:47,519] {logging_mixin.py:115} INFO - [2024-06-10 20:07:47,519] {dag.py:2420} INFO - Sync 1 DAGs
[2024-06-10 20:07:47,532] {logging_mixin.py:115} INFO - [2024-06-10 20:07:47,532] {dag.py:2972} INFO - Setting next_dagrun for python_operator to None, run_after=None
[2024-06-10 20:07:47,539] {processor.py:161} INFO - Processing /opt/airflow/dags/2-pythonoperator.py took 0.043 seconds
[2024-06-10 20:08:17,886] {processor.py:153} INFO - Started process (PID=9976) to work on /opt/airflow/dags/2-pythonoperator.py
[2024-06-10 20:08:17,886] {processor.py:641} INFO - Processing file /opt/airflow/dags/2-pythonoperator.py for tasks to queue
[2024-06-10 20:08:17,887] {logging_mixin.py:115} INFO - [2024-06-10 20:08:17,887] {dagbag.py:508} INFO - Filling up the DagBag from /opt/airflow/dags/2-pythonoperator.py
[2024-06-10 20:08:17,891] {processor.py:651} INFO - DAG(s) dict_keys(['python_operator']) retrieved from /opt/airflow/dags/2-pythonoperator.py
[2024-06-10 20:08:17,906] {logging_mixin.py:115} INFO - [2024-06-10 20:08:17,906] {dag.py:2420} INFO - Sync 1 DAGs
[2024-06-10 20:08:17,919] {logging_mixin.py:115} INFO - [2024-06-10 20:08:17,919] {dag.py:2972} INFO - Setting next_dagrun for python_operator to None, run_after=None
[2024-06-10 20:08:17,926] {processor.py:161} INFO - Processing /opt/airflow/dags/2-pythonoperator.py took 0.042 seconds
[2024-06-10 20:08:48,207] {processor.py:153} INFO - Started process (PID=10011) to work on /opt/airflow/dags/2-pythonoperator.py
[2024-06-10 20:08:48,208] {processor.py:641} INFO - Processing file /opt/airflow/dags/2-pythonoperator.py for tasks to queue
[2024-06-10 20:08:48,208] {logging_mixin.py:115} INFO - [2024-06-10 20:08:48,208] {dagbag.py:508} INFO - Filling up the DagBag from /opt/airflow/dags/2-pythonoperator.py
[2024-06-10 20:08:48,213] {processor.py:651} INFO - DAG(s) dict_keys(['python_operator']) retrieved from /opt/airflow/dags/2-pythonoperator.py
[2024-06-10 20:08:48,230] {logging_mixin.py:115} INFO - [2024-06-10 20:08:48,230] {dag.py:2420} INFO - Sync 1 DAGs
[2024-06-10 20:08:48,243] {logging_mixin.py:115} INFO - [2024-06-10 20:08:48,243] {dag.py:2972} INFO - Setting next_dagrun for python_operator to None, run_after=None
[2024-06-10 20:08:48,252] {processor.py:161} INFO - Processing /opt/airflow/dags/2-pythonoperator.py took 0.047 seconds
[2024-06-10 20:09:18,539] {processor.py:153} INFO - Started process (PID=10046) to work on /opt/airflow/dags/2-pythonoperator.py
[2024-06-10 20:09:18,539] {processor.py:641} INFO - Processing file /opt/airflow/dags/2-pythonoperator.py for tasks to queue
[2024-06-10 20:09:18,540] {logging_mixin.py:115} INFO - [2024-06-10 20:09:18,540] {dagbag.py:508} INFO - Filling up the DagBag from /opt/airflow/dags/2-pythonoperator.py
[2024-06-10 20:09:18,544] {processor.py:651} INFO - DAG(s) dict_keys(['python_operator']) retrieved from /opt/airflow/dags/2-pythonoperator.py
[2024-06-10 20:09:18,561] {logging_mixin.py:115} INFO - [2024-06-10 20:09:18,561] {dag.py:2420} INFO - Sync 1 DAGs
[2024-06-10 20:09:18,574] {logging_mixin.py:115} INFO - [2024-06-10 20:09:18,574] {dag.py:2972} INFO - Setting next_dagrun for python_operator to None, run_after=None
[2024-06-10 20:09:18,581] {processor.py:161} INFO - Processing /opt/airflow/dags/2-pythonoperator.py took 0.044 seconds
[2024-06-10 20:09:48,932] {processor.py:153} INFO - Started process (PID=10081) to work on /opt/airflow/dags/2-pythonoperator.py
[2024-06-10 20:09:48,933] {processor.py:641} INFO - Processing file /opt/airflow/dags/2-pythonoperator.py for tasks to queue
[2024-06-10 20:09:48,933] {logging_mixin.py:115} INFO - [2024-06-10 20:09:48,933] {dagbag.py:508} INFO - Filling up the DagBag from /opt/airflow/dags/2-pythonoperator.py
[2024-06-10 20:09:48,938] {processor.py:651} INFO - DAG(s) dict_keys(['python_operator']) retrieved from /opt/airflow/dags/2-pythonoperator.py
[2024-06-10 20:09:48,954] {logging_mixin.py:115} INFO - [2024-06-10 20:09:48,954] {dag.py:2420} INFO - Sync 1 DAGs
[2024-06-10 20:09:48,969] {logging_mixin.py:115} INFO - [2024-06-10 20:09:48,969] {dag.py:2972} INFO - Setting next_dagrun for python_operator to None, run_after=None
[2024-06-10 20:09:48,978] {processor.py:161} INFO - Processing /opt/airflow/dags/2-pythonoperator.py took 0.047 seconds
[2024-06-10 20:10:19,305] {processor.py:153} INFO - Started process (PID=10107) to work on /opt/airflow/dags/2-pythonoperator.py
[2024-06-10 20:10:19,305] {processor.py:641} INFO - Processing file /opt/airflow/dags/2-pythonoperator.py for tasks to queue
[2024-06-10 20:10:19,305] {logging_mixin.py:115} INFO - [2024-06-10 20:10:19,305] {dagbag.py:508} INFO - Filling up the DagBag from /opt/airflow/dags/2-pythonoperator.py
[2024-06-10 20:10:19,310] {processor.py:651} INFO - DAG(s) dict_keys(['python_operator']) retrieved from /opt/airflow/dags/2-pythonoperator.py
[2024-06-10 20:10:19,327] {logging_mixin.py:115} INFO - [2024-06-10 20:10:19,327] {dag.py:2420} INFO - Sync 1 DAGs
[2024-06-10 20:10:19,340] {logging_mixin.py:115} INFO - [2024-06-10 20:10:19,340] {dag.py:2972} INFO - Setting next_dagrun for python_operator to None, run_after=None
[2024-06-10 20:10:19,349] {processor.py:161} INFO - Processing /opt/airflow/dags/2-pythonoperator.py took 0.046 seconds
[2024-06-10 20:10:49,645] {processor.py:153} INFO - Started process (PID=10142) to work on /opt/airflow/dags/2-pythonoperator.py
[2024-06-10 20:10:49,645] {processor.py:641} INFO - Processing file /opt/airflow/dags/2-pythonoperator.py for tasks to queue
[2024-06-10 20:10:49,645] {logging_mixin.py:115} INFO - [2024-06-10 20:10:49,645] {dagbag.py:508} INFO - Filling up the DagBag from /opt/airflow/dags/2-pythonoperator.py
[2024-06-10 20:10:49,651] {processor.py:651} INFO - DAG(s) dict_keys(['python_operator']) retrieved from /opt/airflow/dags/2-pythonoperator.py
[2024-06-10 20:10:49,666] {logging_mixin.py:115} INFO - [2024-06-10 20:10:49,666] {dag.py:2420} INFO - Sync 1 DAGs
[2024-06-10 20:10:49,679] {logging_mixin.py:115} INFO - [2024-06-10 20:10:49,679] {dag.py:2972} INFO - Setting next_dagrun for python_operator to None, run_after=None
[2024-06-10 20:10:49,689] {processor.py:161} INFO - Processing /opt/airflow/dags/2-pythonoperator.py took 0.046 seconds
[2024-06-10 20:11:20,001] {processor.py:153} INFO - Started process (PID=10177) to work on /opt/airflow/dags/2-pythonoperator.py
[2024-06-10 20:11:20,001] {processor.py:641} INFO - Processing file /opt/airflow/dags/2-pythonoperator.py for tasks to queue
[2024-06-10 20:11:20,002] {logging_mixin.py:115} INFO - [2024-06-10 20:11:20,002] {dagbag.py:508} INFO - Filling up the DagBag from /opt/airflow/dags/2-pythonoperator.py
[2024-06-10 20:11:20,006] {processor.py:651} INFO - DAG(s) dict_keys(['python_operator']) retrieved from /opt/airflow/dags/2-pythonoperator.py
[2024-06-10 20:11:20,022] {logging_mixin.py:115} INFO - [2024-06-10 20:11:20,022] {dag.py:2420} INFO - Sync 1 DAGs
[2024-06-10 20:11:20,035] {logging_mixin.py:115} INFO - [2024-06-10 20:11:20,035] {dag.py:2972} INFO - Setting next_dagrun for python_operator to None, run_after=None
[2024-06-10 20:11:20,043] {processor.py:161} INFO - Processing /opt/airflow/dags/2-pythonoperator.py took 0.044 seconds
[2024-06-10 20:11:50,400] {processor.py:153} INFO - Started process (PID=10212) to work on /opt/airflow/dags/2-pythonoperator.py
[2024-06-10 20:11:50,400] {processor.py:641} INFO - Processing file /opt/airflow/dags/2-pythonoperator.py for tasks to queue
[2024-06-10 20:11:50,401] {logging_mixin.py:115} INFO - [2024-06-10 20:11:50,401] {dagbag.py:508} INFO - Filling up the DagBag from /opt/airflow/dags/2-pythonoperator.py
[2024-06-10 20:11:50,405] {processor.py:651} INFO - DAG(s) dict_keys(['python_operator']) retrieved from /opt/airflow/dags/2-pythonoperator.py
[2024-06-10 20:11:50,421] {logging_mixin.py:115} INFO - [2024-06-10 20:11:50,420] {dag.py:2420} INFO - Sync 1 DAGs
[2024-06-10 20:11:50,434] {logging_mixin.py:115} INFO - [2024-06-10 20:11:50,434] {dag.py:2972} INFO - Setting next_dagrun for python_operator to None, run_after=None
[2024-06-10 20:11:50,444] {processor.py:161} INFO - Processing /opt/airflow/dags/2-pythonoperator.py took 0.046 seconds
[2024-06-10 20:12:20,774] {processor.py:153} INFO - Started process (PID=10246) to work on /opt/airflow/dags/2-pythonoperator.py
[2024-06-10 20:12:20,774] {processor.py:641} INFO - Processing file /opt/airflow/dags/2-pythonoperator.py for tasks to queue
[2024-06-10 20:12:20,775] {logging_mixin.py:115} INFO - [2024-06-10 20:12:20,775] {dagbag.py:508} INFO - Filling up the DagBag from /opt/airflow/dags/2-pythonoperator.py
[2024-06-10 20:12:20,779] {processor.py:651} INFO - DAG(s) dict_keys(['python_operator']) retrieved from /opt/airflow/dags/2-pythonoperator.py
[2024-06-10 20:12:20,798] {logging_mixin.py:115} INFO - [2024-06-10 20:12:20,798] {dag.py:2420} INFO - Sync 1 DAGs
[2024-06-10 20:12:20,818] {logging_mixin.py:115} INFO - [2024-06-10 20:12:20,818] {dag.py:2972} INFO - Setting next_dagrun for python_operator to None, run_after=None
[2024-06-10 20:12:20,826] {processor.py:161} INFO - Processing /opt/airflow/dags/2-pythonoperator.py took 0.055 seconds
[2024-06-10 20:12:51,138] {processor.py:153} INFO - Started process (PID=10279) to work on /opt/airflow/dags/2-pythonoperator.py
[2024-06-10 20:12:51,139] {processor.py:641} INFO - Processing file /opt/airflow/dags/2-pythonoperator.py for tasks to queue
[2024-06-10 20:12:51,139] {logging_mixin.py:115} INFO - [2024-06-10 20:12:51,139] {dagbag.py:508} INFO - Filling up the DagBag from /opt/airflow/dags/2-pythonoperator.py
[2024-06-10 20:12:51,147] {processor.py:651} INFO - DAG(s) dict_keys(['python_operator']) retrieved from /opt/airflow/dags/2-pythonoperator.py
[2024-06-10 20:12:51,166] {logging_mixin.py:115} INFO - [2024-06-10 20:12:51,166] {dag.py:2420} INFO - Sync 1 DAGs
[2024-06-10 20:12:51,183] {logging_mixin.py:115} INFO - [2024-06-10 20:12:51,183] {dag.py:2972} INFO - Setting next_dagrun for python_operator to None, run_after=None
[2024-06-10 20:12:51,192] {processor.py:161} INFO - Processing /opt/airflow/dags/2-pythonoperator.py took 0.055 seconds
[2024-06-10 20:13:21,504] {processor.py:153} INFO - Started process (PID=10306) to work on /opt/airflow/dags/2-pythonoperator.py
[2024-06-10 20:13:21,504] {processor.py:641} INFO - Processing file /opt/airflow/dags/2-pythonoperator.py for tasks to queue
[2024-06-10 20:13:21,505] {logging_mixin.py:115} INFO - [2024-06-10 20:13:21,505] {dagbag.py:508} INFO - Filling up the DagBag from /opt/airflow/dags/2-pythonoperator.py
[2024-06-10 20:13:21,510] {processor.py:651} INFO - DAG(s) dict_keys(['python_operator']) retrieved from /opt/airflow/dags/2-pythonoperator.py
[2024-06-10 20:13:21,524] {logging_mixin.py:115} INFO - [2024-06-10 20:13:21,524] {dag.py:2420} INFO - Sync 1 DAGs
[2024-06-10 20:13:21,537] {logging_mixin.py:115} INFO - [2024-06-10 20:13:21,537] {dag.py:2972} INFO - Setting next_dagrun for python_operator to None, run_after=None
[2024-06-10 20:13:21,544] {processor.py:161} INFO - Processing /opt/airflow/dags/2-pythonoperator.py took 0.042 seconds
[2024-06-10 20:13:51,849] {processor.py:153} INFO - Started process (PID=10341) to work on /opt/airflow/dags/2-pythonoperator.py
[2024-06-10 20:13:51,849] {processor.py:641} INFO - Processing file /opt/airflow/dags/2-pythonoperator.py for tasks to queue
[2024-06-10 20:13:51,850] {logging_mixin.py:115} INFO - [2024-06-10 20:13:51,850] {dagbag.py:508} INFO - Filling up the DagBag from /opt/airflow/dags/2-pythonoperator.py
[2024-06-10 20:13:51,854] {processor.py:651} INFO - DAG(s) dict_keys(['python_operator']) retrieved from /opt/airflow/dags/2-pythonoperator.py
[2024-06-10 20:13:51,870] {logging_mixin.py:115} INFO - [2024-06-10 20:13:51,870] {dag.py:2420} INFO - Sync 1 DAGs
[2024-06-10 20:13:51,884] {logging_mixin.py:115} INFO - [2024-06-10 20:13:51,884] {dag.py:2972} INFO - Setting next_dagrun for python_operator to None, run_after=None
[2024-06-10 20:13:51,892] {processor.py:161} INFO - Processing /opt/airflow/dags/2-pythonoperator.py took 0.045 seconds
[2024-06-10 20:14:22,146] {processor.py:153} INFO - Started process (PID=10376) to work on /opt/airflow/dags/2-pythonoperator.py
[2024-06-10 20:14:22,146] {processor.py:641} INFO - Processing file /opt/airflow/dags/2-pythonoperator.py for tasks to queue
[2024-06-10 20:14:22,146] {logging_mixin.py:115} INFO - [2024-06-10 20:14:22,146] {dagbag.py:508} INFO - Filling up the DagBag from /opt/airflow/dags/2-pythonoperator.py
[2024-06-10 20:14:22,151] {processor.py:651} INFO - DAG(s) dict_keys(['python_operator']) retrieved from /opt/airflow/dags/2-pythonoperator.py
[2024-06-10 20:14:22,167] {logging_mixin.py:115} INFO - [2024-06-10 20:14:22,167] {dag.py:2420} INFO - Sync 1 DAGs
[2024-06-10 20:14:22,180] {logging_mixin.py:115} INFO - [2024-06-10 20:14:22,180] {dag.py:2972} INFO - Setting next_dagrun for python_operator to None, run_after=None
[2024-06-10 20:14:22,188] {processor.py:161} INFO - Processing /opt/airflow/dags/2-pythonoperator.py took 0.044 seconds
[2024-06-10 20:14:52,504] {processor.py:153} INFO - Started process (PID=10411) to work on /opt/airflow/dags/2-pythonoperator.py
[2024-06-10 20:14:52,504] {processor.py:641} INFO - Processing file /opt/airflow/dags/2-pythonoperator.py for tasks to queue
[2024-06-10 20:14:52,505] {logging_mixin.py:115} INFO - [2024-06-10 20:14:52,505] {dagbag.py:508} INFO - Filling up the DagBag from /opt/airflow/dags/2-pythonoperator.py
[2024-06-10 20:14:52,513] {processor.py:651} INFO - DAG(s) dict_keys(['python_operator']) retrieved from /opt/airflow/dags/2-pythonoperator.py
[2024-06-10 20:14:52,534] {logging_mixin.py:115} INFO - [2024-06-10 20:14:52,534] {dag.py:2420} INFO - Sync 1 DAGs
[2024-06-10 20:14:52,547] {logging_mixin.py:115} INFO - [2024-06-10 20:14:52,547] {dag.py:2972} INFO - Setting next_dagrun for python_operator to None, run_after=None
[2024-06-10 20:14:52,555] {processor.py:161} INFO - Processing /opt/airflow/dags/2-pythonoperator.py took 0.054 seconds
[2024-06-10 20:15:22,881] {processor.py:153} INFO - Started process (PID=10446) to work on /opt/airflow/dags/2-pythonoperator.py
[2024-06-10 20:15:22,881] {processor.py:641} INFO - Processing file /opt/airflow/dags/2-pythonoperator.py for tasks to queue
[2024-06-10 20:15:22,882] {logging_mixin.py:115} INFO - [2024-06-10 20:15:22,882] {dagbag.py:508} INFO - Filling up the DagBag from /opt/airflow/dags/2-pythonoperator.py
[2024-06-10 20:15:22,887] {processor.py:651} INFO - DAG(s) dict_keys(['python_operator']) retrieved from /opt/airflow/dags/2-pythonoperator.py
[2024-06-10 20:15:22,905] {logging_mixin.py:115} INFO - [2024-06-10 20:15:22,904] {dag.py:2420} INFO - Sync 1 DAGs
[2024-06-10 20:15:22,920] {logging_mixin.py:115} INFO - [2024-06-10 20:15:22,920] {dag.py:2972} INFO - Setting next_dagrun for python_operator to None, run_after=None
[2024-06-10 20:15:22,929] {processor.py:161} INFO - Processing /opt/airflow/dags/2-pythonoperator.py took 0.051 seconds
[2024-06-10 20:15:53,290] {processor.py:153} INFO - Started process (PID=10472) to work on /opt/airflow/dags/2-pythonoperator.py
[2024-06-10 20:15:53,290] {processor.py:641} INFO - Processing file /opt/airflow/dags/2-pythonoperator.py for tasks to queue
[2024-06-10 20:15:53,291] {logging_mixin.py:115} INFO - [2024-06-10 20:15:53,291] {dagbag.py:508} INFO - Filling up the DagBag from /opt/airflow/dags/2-pythonoperator.py
[2024-06-10 20:15:53,295] {processor.py:651} INFO - DAG(s) dict_keys(['python_operator']) retrieved from /opt/airflow/dags/2-pythonoperator.py
[2024-06-10 20:15:53,310] {logging_mixin.py:115} INFO - [2024-06-10 20:15:53,310] {dag.py:2420} INFO - Sync 1 DAGs
[2024-06-10 20:15:53,324] {logging_mixin.py:115} INFO - [2024-06-10 20:15:53,324] {dag.py:2972} INFO - Setting next_dagrun for python_operator to None, run_after=None
[2024-06-10 20:15:53,331] {processor.py:161} INFO - Processing /opt/airflow/dags/2-pythonoperator.py took 0.043 seconds
[2024-06-10 20:16:23,674] {processor.py:153} INFO - Started process (PID=10506) to work on /opt/airflow/dags/2-pythonoperator.py
[2024-06-10 20:16:23,675] {processor.py:641} INFO - Processing file /opt/airflow/dags/2-pythonoperator.py for tasks to queue
[2024-06-10 20:16:23,675] {logging_mixin.py:115} INFO - [2024-06-10 20:16:23,675] {dagbag.py:508} INFO - Filling up the DagBag from /opt/airflow/dags/2-pythonoperator.py
[2024-06-10 20:16:23,680] {processor.py:651} INFO - DAG(s) dict_keys(['python_operator']) retrieved from /opt/airflow/dags/2-pythonoperator.py
[2024-06-10 20:16:23,698] {logging_mixin.py:115} INFO - [2024-06-10 20:16:23,698] {dag.py:2420} INFO - Sync 1 DAGs
[2024-06-10 20:16:23,713] {logging_mixin.py:115} INFO - [2024-06-10 20:16:23,712] {dag.py:2972} INFO - Setting next_dagrun for python_operator to None, run_after=None
[2024-06-10 20:16:23,720] {processor.py:161} INFO - Processing /opt/airflow/dags/2-pythonoperator.py took 0.048 seconds
[2024-06-10 20:16:54,027] {processor.py:153} INFO - Started process (PID=10541) to work on /opt/airflow/dags/2-pythonoperator.py
[2024-06-10 20:16:54,027] {processor.py:641} INFO - Processing file /opt/airflow/dags/2-pythonoperator.py for tasks to queue
[2024-06-10 20:16:54,028] {logging_mixin.py:115} INFO - [2024-06-10 20:16:54,028] {dagbag.py:508} INFO - Filling up the DagBag from /opt/airflow/dags/2-pythonoperator.py
[2024-06-10 20:16:54,034] {processor.py:651} INFO - DAG(s) dict_keys(['python_operator']) retrieved from /opt/airflow/dags/2-pythonoperator.py
[2024-06-10 20:16:54,051] {logging_mixin.py:115} INFO - [2024-06-10 20:16:54,051] {dag.py:2420} INFO - Sync 1 DAGs
[2024-06-10 20:16:54,065] {logging_mixin.py:115} INFO - [2024-06-10 20:16:54,065] {dag.py:2972} INFO - Setting next_dagrun for python_operator to None, run_after=None
[2024-06-10 20:16:54,073] {processor.py:161} INFO - Processing /opt/airflow/dags/2-pythonoperator.py took 0.048 seconds
[2024-06-10 20:17:24,380] {processor.py:153} INFO - Started process (PID=10575) to work on /opt/airflow/dags/2-pythonoperator.py
[2024-06-10 20:17:24,380] {processor.py:641} INFO - Processing file /opt/airflow/dags/2-pythonoperator.py for tasks to queue
[2024-06-10 20:17:24,381] {logging_mixin.py:115} INFO - [2024-06-10 20:17:24,380] {dagbag.py:508} INFO - Filling up the DagBag from /opt/airflow/dags/2-pythonoperator.py
[2024-06-10 20:17:24,385] {processor.py:651} INFO - DAG(s) dict_keys(['python_operator']) retrieved from /opt/airflow/dags/2-pythonoperator.py
[2024-06-10 20:17:24,402] {logging_mixin.py:115} INFO - [2024-06-10 20:17:24,402] {dag.py:2420} INFO - Sync 1 DAGs
[2024-06-10 20:17:24,415] {logging_mixin.py:115} INFO - [2024-06-10 20:17:24,415] {dag.py:2972} INFO - Setting next_dagrun for python_operator to None, run_after=None
[2024-06-10 20:17:24,424] {processor.py:161} INFO - Processing /opt/airflow/dags/2-pythonoperator.py took 0.046 seconds
[2024-06-10 20:17:54,730] {processor.py:153} INFO - Started process (PID=10610) to work on /opt/airflow/dags/2-pythonoperator.py
[2024-06-10 20:17:54,730] {processor.py:641} INFO - Processing file /opt/airflow/dags/2-pythonoperator.py for tasks to queue
[2024-06-10 20:17:54,731] {logging_mixin.py:115} INFO - [2024-06-10 20:17:54,731] {dagbag.py:508} INFO - Filling up the DagBag from /opt/airflow/dags/2-pythonoperator.py
[2024-06-10 20:17:54,735] {processor.py:651} INFO - DAG(s) dict_keys(['python_operator']) retrieved from /opt/airflow/dags/2-pythonoperator.py
[2024-06-10 20:17:54,750] {logging_mixin.py:115} INFO - [2024-06-10 20:17:54,749] {dag.py:2420} INFO - Sync 1 DAGs
[2024-06-10 20:17:54,762] {logging_mixin.py:115} INFO - [2024-06-10 20:17:54,762] {dag.py:2972} INFO - Setting next_dagrun for python_operator to None, run_after=None
[2024-06-10 20:17:54,769] {processor.py:161} INFO - Processing /opt/airflow/dags/2-pythonoperator.py took 0.043 seconds
[2024-06-10 20:18:25,118] {processor.py:153} INFO - Started process (PID=10635) to work on /opt/airflow/dags/2-pythonoperator.py
[2024-06-10 20:18:25,118] {processor.py:641} INFO - Processing file /opt/airflow/dags/2-pythonoperator.py for tasks to queue
[2024-06-10 20:18:25,119] {logging_mixin.py:115} INFO - [2024-06-10 20:18:25,119] {dagbag.py:508} INFO - Filling up the DagBag from /opt/airflow/dags/2-pythonoperator.py
[2024-06-10 20:18:25,124] {processor.py:651} INFO - DAG(s) dict_keys(['python_operator']) retrieved from /opt/airflow/dags/2-pythonoperator.py
[2024-06-10 20:18:25,139] {logging_mixin.py:115} INFO - [2024-06-10 20:18:25,138] {dag.py:2420} INFO - Sync 1 DAGs
[2024-06-10 20:18:25,151] {logging_mixin.py:115} INFO - [2024-06-10 20:18:25,151] {dag.py:2972} INFO - Setting next_dagrun for python_operator to None, run_after=None
[2024-06-10 20:18:25,158] {processor.py:161} INFO - Processing /opt/airflow/dags/2-pythonoperator.py took 0.044 seconds
[2024-06-10 20:18:55,517] {processor.py:153} INFO - Started process (PID=10670) to work on /opt/airflow/dags/2-pythonoperator.py
[2024-06-10 20:18:55,518] {processor.py:641} INFO - Processing file /opt/airflow/dags/2-pythonoperator.py for tasks to queue
[2024-06-10 20:18:55,518] {logging_mixin.py:115} INFO - [2024-06-10 20:18:55,518] {dagbag.py:508} INFO - Filling up the DagBag from /opt/airflow/dags/2-pythonoperator.py
[2024-06-10 20:18:55,524] {processor.py:651} INFO - DAG(s) dict_keys(['python_operator']) retrieved from /opt/airflow/dags/2-pythonoperator.py
[2024-06-10 20:18:55,540] {logging_mixin.py:115} INFO - [2024-06-10 20:18:55,540] {dag.py:2420} INFO - Sync 1 DAGs
[2024-06-10 20:18:55,553] {logging_mixin.py:115} INFO - [2024-06-10 20:18:55,553] {dag.py:2972} INFO - Setting next_dagrun for python_operator to None, run_after=None
[2024-06-10 20:18:55,560] {processor.py:161} INFO - Processing /opt/airflow/dags/2-pythonoperator.py took 0.045 seconds
[2024-06-10 20:19:25,865] {processor.py:153} INFO - Started process (PID=10705) to work on /opt/airflow/dags/2-pythonoperator.py
[2024-06-10 20:19:25,865] {processor.py:641} INFO - Processing file /opt/airflow/dags/2-pythonoperator.py for tasks to queue
[2024-06-10 20:19:25,865] {logging_mixin.py:115} INFO - [2024-06-10 20:19:25,865] {dagbag.py:508} INFO - Filling up the DagBag from /opt/airflow/dags/2-pythonoperator.py
[2024-06-10 20:19:25,870] {processor.py:651} INFO - DAG(s) dict_keys(['python_operator']) retrieved from /opt/airflow/dags/2-pythonoperator.py
[2024-06-10 20:19:25,885] {logging_mixin.py:115} INFO - [2024-06-10 20:19:25,885] {dag.py:2420} INFO - Sync 1 DAGs
[2024-06-10 20:19:25,897] {logging_mixin.py:115} INFO - [2024-06-10 20:19:25,897] {dag.py:2972} INFO - Setting next_dagrun for python_operator to None, run_after=None
[2024-06-10 20:19:25,904] {processor.py:161} INFO - Processing /opt/airflow/dags/2-pythonoperator.py took 0.042 seconds
[2024-06-10 20:19:56,207] {processor.py:153} INFO - Started process (PID=10740) to work on /opt/airflow/dags/2-pythonoperator.py
[2024-06-10 20:19:56,207] {processor.py:641} INFO - Processing file /opt/airflow/dags/2-pythonoperator.py for tasks to queue
[2024-06-10 20:19:56,208] {logging_mixin.py:115} INFO - [2024-06-10 20:19:56,207] {dagbag.py:508} INFO - Filling up the DagBag from /opt/airflow/dags/2-pythonoperator.py
[2024-06-10 20:19:56,212] {processor.py:651} INFO - DAG(s) dict_keys(['python_operator']) retrieved from /opt/airflow/dags/2-pythonoperator.py
[2024-06-10 20:19:56,229] {logging_mixin.py:115} INFO - [2024-06-10 20:19:56,229] {dag.py:2420} INFO - Sync 1 DAGs
[2024-06-10 20:19:56,245] {logging_mixin.py:115} INFO - [2024-06-10 20:19:56,244] {dag.py:2972} INFO - Setting next_dagrun for python_operator to None, run_after=None
[2024-06-10 20:19:56,253] {processor.py:161} INFO - Processing /opt/airflow/dags/2-pythonoperator.py took 0.048 seconds
[2024-06-10 20:20:26,560] {processor.py:153} INFO - Started process (PID=10775) to work on /opt/airflow/dags/2-pythonoperator.py
[2024-06-10 20:20:26,560] {processor.py:641} INFO - Processing file /opt/airflow/dags/2-pythonoperator.py for tasks to queue
[2024-06-10 20:20:26,560] {logging_mixin.py:115} INFO - [2024-06-10 20:20:26,560] {dagbag.py:508} INFO - Filling up the DagBag from /opt/airflow/dags/2-pythonoperator.py
[2024-06-10 20:20:26,565] {processor.py:651} INFO - DAG(s) dict_keys(['python_operator']) retrieved from /opt/airflow/dags/2-pythonoperator.py
[2024-06-10 20:20:26,581] {logging_mixin.py:115} INFO - [2024-06-10 20:20:26,581] {dag.py:2420} INFO - Sync 1 DAGs
[2024-06-10 20:20:26,594] {logging_mixin.py:115} INFO - [2024-06-10 20:20:26,594] {dag.py:2972} INFO - Setting next_dagrun for python_operator to None, run_after=None
[2024-06-10 20:20:26,603] {processor.py:161} INFO - Processing /opt/airflow/dags/2-pythonoperator.py took 0.046 seconds
[2024-06-10 20:20:56,867] {processor.py:153} INFO - Started process (PID=10809) to work on /opt/airflow/dags/2-pythonoperator.py
[2024-06-10 20:20:56,869] {processor.py:641} INFO - Processing file /opt/airflow/dags/2-pythonoperator.py for tasks to queue
[2024-06-10 20:20:56,870] {logging_mixin.py:115} INFO - [2024-06-10 20:20:56,870] {dagbag.py:508} INFO - Filling up the DagBag from /opt/airflow/dags/2-pythonoperator.py
[2024-06-10 20:20:56,877] {processor.py:651} INFO - DAG(s) dict_keys(['python_operator']) retrieved from /opt/airflow/dags/2-pythonoperator.py
[2024-06-10 20:20:56,894] {logging_mixin.py:115} INFO - [2024-06-10 20:20:56,894] {dag.py:2420} INFO - Sync 1 DAGs
[2024-06-10 20:20:56,909] {logging_mixin.py:115} INFO - [2024-06-10 20:20:56,909] {dag.py:2972} INFO - Setting next_dagrun for python_operator to None, run_after=None
[2024-06-10 20:20:56,919] {processor.py:161} INFO - Processing /opt/airflow/dags/2-pythonoperator.py took 0.054 seconds
[2024-06-10 20:21:27,270] {processor.py:153} INFO - Started process (PID=10835) to work on /opt/airflow/dags/2-pythonoperator.py
[2024-06-10 20:21:27,270] {processor.py:641} INFO - Processing file /opt/airflow/dags/2-pythonoperator.py for tasks to queue
[2024-06-10 20:21:27,271] {logging_mixin.py:115} INFO - [2024-06-10 20:21:27,270] {dagbag.py:508} INFO - Filling up the DagBag from /opt/airflow/dags/2-pythonoperator.py
[2024-06-10 20:21:27,278] {processor.py:651} INFO - DAG(s) dict_keys(['python_operator']) retrieved from /opt/airflow/dags/2-pythonoperator.py
[2024-06-10 20:21:27,294] {logging_mixin.py:115} INFO - [2024-06-10 20:21:27,294] {dag.py:2420} INFO - Sync 1 DAGs
[2024-06-10 20:21:27,308] {logging_mixin.py:115} INFO - [2024-06-10 20:21:27,307] {dag.py:2972} INFO - Setting next_dagrun for python_operator to None, run_after=None
[2024-06-10 20:21:27,315] {processor.py:161} INFO - Processing /opt/airflow/dags/2-pythonoperator.py took 0.047 seconds
[2024-06-10 20:21:57,611] {processor.py:153} INFO - Started process (PID=10869) to work on /opt/airflow/dags/2-pythonoperator.py
[2024-06-10 20:21:57,612] {processor.py:641} INFO - Processing file /opt/airflow/dags/2-pythonoperator.py for tasks to queue
[2024-06-10 20:21:57,612] {logging_mixin.py:115} INFO - [2024-06-10 20:21:57,612] {dagbag.py:508} INFO - Filling up the DagBag from /opt/airflow/dags/2-pythonoperator.py
[2024-06-10 20:21:57,617] {processor.py:651} INFO - DAG(s) dict_keys(['python_operator']) retrieved from /opt/airflow/dags/2-pythonoperator.py
[2024-06-10 20:21:57,635] {logging_mixin.py:115} INFO - [2024-06-10 20:21:57,635] {dag.py:2420} INFO - Sync 1 DAGs
[2024-06-10 20:21:57,649] {logging_mixin.py:115} INFO - [2024-06-10 20:21:57,649] {dag.py:2972} INFO - Setting next_dagrun for python_operator to None, run_after=None
[2024-06-10 20:21:57,656] {processor.py:161} INFO - Processing /opt/airflow/dags/2-pythonoperator.py took 0.047 seconds
[2024-06-10 20:22:27,977] {processor.py:153} INFO - Started process (PID=10903) to work on /opt/airflow/dags/2-pythonoperator.py
[2024-06-10 20:22:27,977] {processor.py:641} INFO - Processing file /opt/airflow/dags/2-pythonoperator.py for tasks to queue
[2024-06-10 20:22:27,977] {logging_mixin.py:115} INFO - [2024-06-10 20:22:27,977] {dagbag.py:508} INFO - Filling up the DagBag from /opt/airflow/dags/2-pythonoperator.py
[2024-06-10 20:22:27,982] {processor.py:651} INFO - DAG(s) dict_keys(['python_operator']) retrieved from /opt/airflow/dags/2-pythonoperator.py
[2024-06-10 20:22:27,998] {logging_mixin.py:115} INFO - [2024-06-10 20:22:27,998] {dag.py:2420} INFO - Sync 1 DAGs
[2024-06-10 20:22:28,013] {logging_mixin.py:115} INFO - [2024-06-10 20:22:28,013] {dag.py:2972} INFO - Setting next_dagrun for python_operator to None, run_after=None
[2024-06-10 20:22:28,022] {processor.py:161} INFO - Processing /opt/airflow/dags/2-pythonoperator.py took 0.047 seconds
[2024-06-10 20:22:58,336] {processor.py:153} INFO - Started process (PID=10938) to work on /opt/airflow/dags/2-pythonoperator.py
[2024-06-10 20:22:58,336] {processor.py:641} INFO - Processing file /opt/airflow/dags/2-pythonoperator.py for tasks to queue
[2024-06-10 20:22:58,336] {logging_mixin.py:115} INFO - [2024-06-10 20:22:58,336] {dagbag.py:508} INFO - Filling up the DagBag from /opt/airflow/dags/2-pythonoperator.py
[2024-06-10 20:22:58,342] {processor.py:651} INFO - DAG(s) dict_keys(['python_operator']) retrieved from /opt/airflow/dags/2-pythonoperator.py
[2024-06-10 20:22:58,356] {logging_mixin.py:115} INFO - [2024-06-10 20:22:58,356] {dag.py:2420} INFO - Sync 1 DAGs
[2024-06-10 20:22:58,369] {logging_mixin.py:115} INFO - [2024-06-10 20:22:58,369] {dag.py:2972} INFO - Setting next_dagrun for python_operator to None, run_after=None
[2024-06-10 20:22:58,376] {processor.py:161} INFO - Processing /opt/airflow/dags/2-pythonoperator.py took 0.043 seconds
[2024-06-10 20:23:28,734] {processor.py:153} INFO - Started process (PID=10973) to work on /opt/airflow/dags/2-pythonoperator.py
[2024-06-10 20:23:28,734] {processor.py:641} INFO - Processing file /opt/airflow/dags/2-pythonoperator.py for tasks to queue
[2024-06-10 20:23:28,735] {logging_mixin.py:115} INFO - [2024-06-10 20:23:28,735] {dagbag.py:508} INFO - Filling up the DagBag from /opt/airflow/dags/2-pythonoperator.py
[2024-06-10 20:23:28,740] {processor.py:651} INFO - DAG(s) dict_keys(['python_operator']) retrieved from /opt/airflow/dags/2-pythonoperator.py
[2024-06-10 20:23:28,756] {logging_mixin.py:115} INFO - [2024-06-10 20:23:28,756] {dag.py:2420} INFO - Sync 1 DAGs
[2024-06-10 20:23:28,770] {logging_mixin.py:115} INFO - [2024-06-10 20:23:28,770] {dag.py:2972} INFO - Setting next_dagrun for python_operator to None, run_after=None
[2024-06-10 20:23:28,778] {processor.py:161} INFO - Processing /opt/airflow/dags/2-pythonoperator.py took 0.046 seconds
[2024-06-10 20:23:59,082] {processor.py:153} INFO - Started process (PID=10999) to work on /opt/airflow/dags/2-pythonoperator.py
[2024-06-10 20:23:59,083] {processor.py:641} INFO - Processing file /opt/airflow/dags/2-pythonoperator.py for tasks to queue
[2024-06-10 20:23:59,083] {logging_mixin.py:115} INFO - [2024-06-10 20:23:59,083] {dagbag.py:508} INFO - Filling up the DagBag from /opt/airflow/dags/2-pythonoperator.py
[2024-06-10 20:23:59,088] {processor.py:651} INFO - DAG(s) dict_keys(['python_operator']) retrieved from /opt/airflow/dags/2-pythonoperator.py
[2024-06-10 20:23:59,103] {logging_mixin.py:115} INFO - [2024-06-10 20:23:59,103] {dag.py:2420} INFO - Sync 1 DAGs
[2024-06-10 20:23:59,117] {logging_mixin.py:115} INFO - [2024-06-10 20:23:59,116] {dag.py:2972} INFO - Setting next_dagrun for python_operator to None, run_after=None
[2024-06-10 20:23:59,124] {processor.py:161} INFO - Processing /opt/airflow/dags/2-pythonoperator.py took 0.044 seconds
[2024-06-10 20:24:29,426] {processor.py:153} INFO - Started process (PID=11034) to work on /opt/airflow/dags/2-pythonoperator.py
[2024-06-10 20:24:29,427] {processor.py:641} INFO - Processing file /opt/airflow/dags/2-pythonoperator.py for tasks to queue
[2024-06-10 20:24:29,427] {logging_mixin.py:115} INFO - [2024-06-10 20:24:29,427] {dagbag.py:508} INFO - Filling up the DagBag from /opt/airflow/dags/2-pythonoperator.py
[2024-06-10 20:24:29,432] {processor.py:651} INFO - DAG(s) dict_keys(['python_operator']) retrieved from /opt/airflow/dags/2-pythonoperator.py
[2024-06-10 20:24:29,449] {logging_mixin.py:115} INFO - [2024-06-10 20:24:29,449] {dag.py:2420} INFO - Sync 1 DAGs
[2024-06-10 20:24:29,463] {logging_mixin.py:115} INFO - [2024-06-10 20:24:29,463] {dag.py:2972} INFO - Setting next_dagrun for python_operator to None, run_after=None
[2024-06-10 20:24:29,470] {processor.py:161} INFO - Processing /opt/airflow/dags/2-pythonoperator.py took 0.046 seconds
[2024-06-10 20:24:59,774] {processor.py:153} INFO - Started process (PID=11069) to work on /opt/airflow/dags/2-pythonoperator.py
[2024-06-10 20:24:59,775] {processor.py:641} INFO - Processing file /opt/airflow/dags/2-pythonoperator.py for tasks to queue
[2024-06-10 20:24:59,775] {logging_mixin.py:115} INFO - [2024-06-10 20:24:59,775] {dagbag.py:508} INFO - Filling up the DagBag from /opt/airflow/dags/2-pythonoperator.py
[2024-06-10 20:24:59,779] {processor.py:651} INFO - DAG(s) dict_keys(['python_operator']) retrieved from /opt/airflow/dags/2-pythonoperator.py
[2024-06-10 20:24:59,794] {logging_mixin.py:115} INFO - [2024-06-10 20:24:59,794] {dag.py:2420} INFO - Sync 1 DAGs
[2024-06-10 20:24:59,807] {logging_mixin.py:115} INFO - [2024-06-10 20:24:59,807] {dag.py:2972} INFO - Setting next_dagrun for python_operator to None, run_after=None
[2024-06-10 20:24:59,814] {processor.py:161} INFO - Processing /opt/airflow/dags/2-pythonoperator.py took 0.042 seconds
[2024-06-10 20:25:30,158] {processor.py:153} INFO - Started process (PID=11103) to work on /opt/airflow/dags/2-pythonoperator.py
[2024-06-10 20:25:30,159] {processor.py:641} INFO - Processing file /opt/airflow/dags/2-pythonoperator.py for tasks to queue
[2024-06-10 20:25:30,159] {logging_mixin.py:115} INFO - [2024-06-10 20:25:30,159] {dagbag.py:508} INFO - Filling up the DagBag from /opt/airflow/dags/2-pythonoperator.py
[2024-06-10 20:25:30,164] {processor.py:651} INFO - DAG(s) dict_keys(['python_operator']) retrieved from /opt/airflow/dags/2-pythonoperator.py
[2024-06-10 20:25:30,181] {logging_mixin.py:115} INFO - [2024-06-10 20:25:30,181] {dag.py:2420} INFO - Sync 1 DAGs
[2024-06-10 20:25:30,193] {logging_mixin.py:115} INFO - [2024-06-10 20:25:30,193] {dag.py:2972} INFO - Setting next_dagrun for python_operator to None, run_after=None
[2024-06-10 20:25:30,201] {processor.py:161} INFO - Processing /opt/airflow/dags/2-pythonoperator.py took 0.045 seconds
[2024-06-10 20:26:00,476] {processor.py:153} INFO - Started process (PID=11138) to work on /opt/airflow/dags/2-pythonoperator.py
[2024-06-10 20:26:00,477] {processor.py:641} INFO - Processing file /opt/airflow/dags/2-pythonoperator.py for tasks to queue
[2024-06-10 20:26:00,477] {logging_mixin.py:115} INFO - [2024-06-10 20:26:00,477] {dagbag.py:508} INFO - Filling up the DagBag from /opt/airflow/dags/2-pythonoperator.py
[2024-06-10 20:26:00,484] {processor.py:651} INFO - DAG(s) dict_keys(['python_operator']) retrieved from /opt/airflow/dags/2-pythonoperator.py
[2024-06-10 20:26:00,503] {logging_mixin.py:115} INFO - [2024-06-10 20:26:00,503] {dag.py:2420} INFO - Sync 1 DAGs
[2024-06-10 20:26:00,517] {logging_mixin.py:115} INFO - [2024-06-10 20:26:00,516] {dag.py:2972} INFO - Setting next_dagrun for python_operator to None, run_after=None
[2024-06-10 20:26:00,527] {processor.py:161} INFO - Processing /opt/airflow/dags/2-pythonoperator.py took 0.053 seconds
[2024-06-10 20:26:30,877] {processor.py:153} INFO - Started process (PID=11173) to work on /opt/airflow/dags/2-pythonoperator.py
[2024-06-10 20:26:30,878] {processor.py:641} INFO - Processing file /opt/airflow/dags/2-pythonoperator.py for tasks to queue
[2024-06-10 20:26:30,878] {logging_mixin.py:115} INFO - [2024-06-10 20:26:30,878] {dagbag.py:508} INFO - Filling up the DagBag from /opt/airflow/dags/2-pythonoperator.py
[2024-06-10 20:26:30,883] {processor.py:651} INFO - DAG(s) dict_keys(['python_operator']) retrieved from /opt/airflow/dags/2-pythonoperator.py
[2024-06-10 20:26:30,900] {logging_mixin.py:115} INFO - [2024-06-10 20:26:30,900] {dag.py:2420} INFO - Sync 1 DAGs
[2024-06-10 20:26:30,917] {logging_mixin.py:115} INFO - [2024-06-10 20:26:30,917] {dag.py:2972} INFO - Setting next_dagrun for python_operator to None, run_after=None
[2024-06-10 20:26:30,924] {processor.py:161} INFO - Processing /opt/airflow/dags/2-pythonoperator.py took 0.049 seconds
[2024-06-10 20:27:01,257] {processor.py:153} INFO - Started process (PID=11199) to work on /opt/airflow/dags/2-pythonoperator.py
[2024-06-10 20:27:01,258] {processor.py:641} INFO - Processing file /opt/airflow/dags/2-pythonoperator.py for tasks to queue
[2024-06-10 20:27:01,258] {logging_mixin.py:115} INFO - [2024-06-10 20:27:01,258] {dagbag.py:508} INFO - Filling up the DagBag from /opt/airflow/dags/2-pythonoperator.py
[2024-06-10 20:27:01,263] {processor.py:651} INFO - DAG(s) dict_keys(['python_operator']) retrieved from /opt/airflow/dags/2-pythonoperator.py
[2024-06-10 20:27:01,280] {logging_mixin.py:115} INFO - [2024-06-10 20:27:01,279] {dag.py:2420} INFO - Sync 1 DAGs
[2024-06-10 20:27:01,293] {logging_mixin.py:115} INFO - [2024-06-10 20:27:01,293] {dag.py:2972} INFO - Setting next_dagrun for python_operator to None, run_after=None
[2024-06-10 20:27:01,301] {processor.py:161} INFO - Processing /opt/airflow/dags/2-pythonoperator.py took 0.045 seconds
[2024-06-10 20:27:31,608] {processor.py:153} INFO - Started process (PID=11234) to work on /opt/airflow/dags/2-pythonoperator.py
[2024-06-10 20:27:31,608] {processor.py:641} INFO - Processing file /opt/airflow/dags/2-pythonoperator.py for tasks to queue
[2024-06-10 20:27:31,609] {logging_mixin.py:115} INFO - [2024-06-10 20:27:31,609] {dagbag.py:508} INFO - Filling up the DagBag from /opt/airflow/dags/2-pythonoperator.py
[2024-06-10 20:27:31,613] {processor.py:651} INFO - DAG(s) dict_keys(['python_operator']) retrieved from /opt/airflow/dags/2-pythonoperator.py
[2024-06-10 20:27:31,628] {logging_mixin.py:115} INFO - [2024-06-10 20:27:31,628] {dag.py:2420} INFO - Sync 1 DAGs
[2024-06-10 20:27:31,642] {logging_mixin.py:115} INFO - [2024-06-10 20:27:31,642] {dag.py:2972} INFO - Setting next_dagrun for python_operator to None, run_after=None
[2024-06-10 20:27:31,650] {processor.py:161} INFO - Processing /opt/airflow/dags/2-pythonoperator.py took 0.044 seconds
[2024-06-10 20:28:01,956] {processor.py:153} INFO - Started process (PID=11269) to work on /opt/airflow/dags/2-pythonoperator.py
[2024-06-10 20:28:01,956] {processor.py:641} INFO - Processing file /opt/airflow/dags/2-pythonoperator.py for tasks to queue
[2024-06-10 20:28:01,956] {logging_mixin.py:115} INFO - [2024-06-10 20:28:01,956] {dagbag.py:508} INFO - Filling up the DagBag from /opt/airflow/dags/2-pythonoperator.py
[2024-06-10 20:28:01,962] {processor.py:651} INFO - DAG(s) dict_keys(['python_operator']) retrieved from /opt/airflow/dags/2-pythonoperator.py
[2024-06-10 20:28:01,977] {logging_mixin.py:115} INFO - [2024-06-10 20:28:01,977] {dag.py:2420} INFO - Sync 1 DAGs
[2024-06-10 20:28:01,990] {logging_mixin.py:115} INFO - [2024-06-10 20:28:01,990] {dag.py:2972} INFO - Setting next_dagrun for python_operator to None, run_after=None
[2024-06-10 20:28:01,997] {processor.py:161} INFO - Processing /opt/airflow/dags/2-pythonoperator.py took 0.044 seconds
[2024-06-10 20:28:32,352] {processor.py:153} INFO - Started process (PID=11304) to work on /opt/airflow/dags/2-pythonoperator.py
[2024-06-10 20:28:32,353] {processor.py:641} INFO - Processing file /opt/airflow/dags/2-pythonoperator.py for tasks to queue
[2024-06-10 20:28:32,353] {logging_mixin.py:115} INFO - [2024-06-10 20:28:32,353] {dagbag.py:508} INFO - Filling up the DagBag from /opt/airflow/dags/2-pythonoperator.py
[2024-06-10 20:28:32,358] {processor.py:651} INFO - DAG(s) dict_keys(['python_operator']) retrieved from /opt/airflow/dags/2-pythonoperator.py
[2024-06-10 20:28:32,375] {logging_mixin.py:115} INFO - [2024-06-10 20:28:32,375] {dag.py:2420} INFO - Sync 1 DAGs
[2024-06-10 20:28:32,389] {logging_mixin.py:115} INFO - [2024-06-10 20:28:32,389] {dag.py:2972} INFO - Setting next_dagrun for python_operator to None, run_after=None
[2024-06-10 20:28:32,397] {processor.py:161} INFO - Processing /opt/airflow/dags/2-pythonoperator.py took 0.047 seconds
[2024-06-10 20:29:02,696] {processor.py:153} INFO - Started process (PID=11339) to work on /opt/airflow/dags/2-pythonoperator.py
[2024-06-10 20:29:02,697] {processor.py:641} INFO - Processing file /opt/airflow/dags/2-pythonoperator.py for tasks to queue
[2024-06-10 20:29:02,697] {logging_mixin.py:115} INFO - [2024-06-10 20:29:02,697] {dagbag.py:508} INFO - Filling up the DagBag from /opt/airflow/dags/2-pythonoperator.py
[2024-06-10 20:29:02,701] {processor.py:651} INFO - DAG(s) dict_keys(['python_operator']) retrieved from /opt/airflow/dags/2-pythonoperator.py
[2024-06-10 20:29:02,718] {logging_mixin.py:115} INFO - [2024-06-10 20:29:02,718] {dag.py:2420} INFO - Sync 1 DAGs
[2024-06-10 20:29:02,731] {logging_mixin.py:115} INFO - [2024-06-10 20:29:02,731] {dag.py:2972} INFO - Setting next_dagrun for python_operator to None, run_after=None
[2024-06-10 20:29:02,738] {processor.py:161} INFO - Processing /opt/airflow/dags/2-pythonoperator.py took 0.046 seconds
[2024-06-10 20:29:33,047] {processor.py:153} INFO - Started process (PID=11365) to work on /opt/airflow/dags/2-pythonoperator.py
[2024-06-10 20:29:33,048] {processor.py:641} INFO - Processing file /opt/airflow/dags/2-pythonoperator.py for tasks to queue
[2024-06-10 20:29:33,048] {logging_mixin.py:115} INFO - [2024-06-10 20:29:33,048] {dagbag.py:508} INFO - Filling up the DagBag from /opt/airflow/dags/2-pythonoperator.py
[2024-06-10 20:29:33,053] {processor.py:651} INFO - DAG(s) dict_keys(['python_operator']) retrieved from /opt/airflow/dags/2-pythonoperator.py
[2024-06-10 20:29:33,069] {logging_mixin.py:115} INFO - [2024-06-10 20:29:33,069] {dag.py:2420} INFO - Sync 1 DAGs
[2024-06-10 20:29:33,083] {logging_mixin.py:115} INFO - [2024-06-10 20:29:33,082] {dag.py:2972} INFO - Setting next_dagrun for python_operator to None, run_after=None
[2024-06-10 20:29:33,090] {processor.py:161} INFO - Processing /opt/airflow/dags/2-pythonoperator.py took 0.045 seconds
[2024-06-10 20:30:03,393] {processor.py:153} INFO - Started process (PID=11400) to work on /opt/airflow/dags/2-pythonoperator.py
[2024-06-10 20:30:03,393] {processor.py:641} INFO - Processing file /opt/airflow/dags/2-pythonoperator.py for tasks to queue
[2024-06-10 20:30:03,394] {logging_mixin.py:115} INFO - [2024-06-10 20:30:03,394] {dagbag.py:508} INFO - Filling up the DagBag from /opt/airflow/dags/2-pythonoperator.py
[2024-06-10 20:30:03,399] {processor.py:651} INFO - DAG(s) dict_keys(['python_operator']) retrieved from /opt/airflow/dags/2-pythonoperator.py
[2024-06-10 20:30:03,415] {logging_mixin.py:115} INFO - [2024-06-10 20:30:03,415] {dag.py:2420} INFO - Sync 1 DAGs
[2024-06-10 20:30:03,428] {logging_mixin.py:115} INFO - [2024-06-10 20:30:03,428] {dag.py:2972} INFO - Setting next_dagrun for python_operator to None, run_after=None
[2024-06-10 20:30:03,438] {processor.py:161} INFO - Processing /opt/airflow/dags/2-pythonoperator.py took 0.047 seconds
[2024-06-10 20:30:33,745] {processor.py:153} INFO - Started process (PID=11435) to work on /opt/airflow/dags/2-pythonoperator.py
[2024-06-10 20:30:33,745] {processor.py:641} INFO - Processing file /opt/airflow/dags/2-pythonoperator.py for tasks to queue
[2024-06-10 20:30:33,745] {logging_mixin.py:115} INFO - [2024-06-10 20:30:33,745] {dagbag.py:508} INFO - Filling up the DagBag from /opt/airflow/dags/2-pythonoperator.py
[2024-06-10 20:30:33,750] {processor.py:651} INFO - DAG(s) dict_keys(['python_operator']) retrieved from /opt/airflow/dags/2-pythonoperator.py
[2024-06-10 20:30:33,767] {logging_mixin.py:115} INFO - [2024-06-10 20:30:33,767] {dag.py:2420} INFO - Sync 1 DAGs
[2024-06-10 20:30:33,781] {logging_mixin.py:115} INFO - [2024-06-10 20:30:33,781] {dag.py:2972} INFO - Setting next_dagrun for python_operator to None, run_after=None
[2024-06-10 20:30:33,789] {processor.py:161} INFO - Processing /opt/airflow/dags/2-pythonoperator.py took 0.046 seconds
[2024-06-10 20:31:04,095] {processor.py:153} INFO - Started process (PID=11470) to work on /opt/airflow/dags/2-pythonoperator.py
[2024-06-10 20:31:04,096] {processor.py:641} INFO - Processing file /opt/airflow/dags/2-pythonoperator.py for tasks to queue
[2024-06-10 20:31:04,097] {logging_mixin.py:115} INFO - [2024-06-10 20:31:04,097] {dagbag.py:508} INFO - Filling up the DagBag from /opt/airflow/dags/2-pythonoperator.py
[2024-06-10 20:31:04,105] {processor.py:651} INFO - DAG(s) dict_keys(['python_operator']) retrieved from /opt/airflow/dags/2-pythonoperator.py
[2024-06-10 20:31:04,122] {logging_mixin.py:115} INFO - [2024-06-10 20:31:04,121] {dag.py:2420} INFO - Sync 1 DAGs
[2024-06-10 20:31:04,136] {logging_mixin.py:115} INFO - [2024-06-10 20:31:04,135] {dag.py:2972} INFO - Setting next_dagrun for python_operator to None, run_after=None
[2024-06-10 20:31:04,147] {processor.py:161} INFO - Processing /opt/airflow/dags/2-pythonoperator.py took 0.056 seconds
[2024-06-10 20:31:34,415] {processor.py:153} INFO - Started process (PID=11505) to work on /opt/airflow/dags/2-pythonoperator.py
[2024-06-10 20:31:34,417] {processor.py:641} INFO - Processing file /opt/airflow/dags/2-pythonoperator.py for tasks to queue
[2024-06-10 20:31:34,417] {logging_mixin.py:115} INFO - [2024-06-10 20:31:34,417] {dagbag.py:508} INFO - Filling up the DagBag from /opt/airflow/dags/2-pythonoperator.py
[2024-06-10 20:31:34,425] {processor.py:651} INFO - DAG(s) dict_keys(['python_operator']) retrieved from /opt/airflow/dags/2-pythonoperator.py
[2024-06-10 20:31:34,441] {logging_mixin.py:115} INFO - [2024-06-10 20:31:34,441] {dag.py:2420} INFO - Sync 1 DAGs
[2024-06-10 20:31:34,455] {logging_mixin.py:115} INFO - [2024-06-10 20:31:34,455] {dag.py:2972} INFO - Setting next_dagrun for python_operator to None, run_after=None
[2024-06-10 20:31:34,463] {processor.py:161} INFO - Processing /opt/airflow/dags/2-pythonoperator.py took 0.050 seconds
[2024-06-10 20:32:04,797] {processor.py:153} INFO - Started process (PID=11531) to work on /opt/airflow/dags/2-pythonoperator.py
[2024-06-10 20:32:04,797] {processor.py:641} INFO - Processing file /opt/airflow/dags/2-pythonoperator.py for tasks to queue
[2024-06-10 20:32:04,798] {logging_mixin.py:115} INFO - [2024-06-10 20:32:04,798] {dagbag.py:508} INFO - Filling up the DagBag from /opt/airflow/dags/2-pythonoperator.py
[2024-06-10 20:32:04,802] {processor.py:651} INFO - DAG(s) dict_keys(['python_operator']) retrieved from /opt/airflow/dags/2-pythonoperator.py
[2024-06-10 20:32:04,820] {logging_mixin.py:115} INFO - [2024-06-10 20:32:04,820] {dag.py:2420} INFO - Sync 1 DAGs
[2024-06-10 20:32:04,837] {logging_mixin.py:115} INFO - [2024-06-10 20:32:04,837] {dag.py:2972} INFO - Setting next_dagrun for python_operator to None, run_after=None
[2024-06-10 20:32:04,846] {processor.py:161} INFO - Processing /opt/airflow/dags/2-pythonoperator.py took 0.052 seconds
[2024-06-10 20:32:35,162] {processor.py:153} INFO - Started process (PID=11565) to work on /opt/airflow/dags/2-pythonoperator.py
[2024-06-10 20:32:35,163] {processor.py:641} INFO - Processing file /opt/airflow/dags/2-pythonoperator.py for tasks to queue
[2024-06-10 20:32:35,163] {logging_mixin.py:115} INFO - [2024-06-10 20:32:35,163] {dagbag.py:508} INFO - Filling up the DagBag from /opt/airflow/dags/2-pythonoperator.py
[2024-06-10 20:32:35,168] {processor.py:651} INFO - DAG(s) dict_keys(['python_operator']) retrieved from /opt/airflow/dags/2-pythonoperator.py
[2024-06-10 20:32:35,184] {logging_mixin.py:115} INFO - [2024-06-10 20:32:35,184] {dag.py:2420} INFO - Sync 1 DAGs
[2024-06-10 20:32:35,197] {logging_mixin.py:115} INFO - [2024-06-10 20:32:35,197] {dag.py:2972} INFO - Setting next_dagrun for python_operator to None, run_after=None
[2024-06-10 20:32:35,205] {processor.py:161} INFO - Processing /opt/airflow/dags/2-pythonoperator.py took 0.045 seconds
[2024-06-10 20:33:05,516] {processor.py:153} INFO - Started process (PID=11599) to work on /opt/airflow/dags/2-pythonoperator.py
[2024-06-10 20:33:05,516] {processor.py:641} INFO - Processing file /opt/airflow/dags/2-pythonoperator.py for tasks to queue
[2024-06-10 20:33:05,517] {logging_mixin.py:115} INFO - [2024-06-10 20:33:05,517] {dagbag.py:508} INFO - Filling up the DagBag from /opt/airflow/dags/2-pythonoperator.py
[2024-06-10 20:33:05,521] {processor.py:651} INFO - DAG(s) dict_keys(['python_operator']) retrieved from /opt/airflow/dags/2-pythonoperator.py
[2024-06-10 20:33:05,536] {logging_mixin.py:115} INFO - [2024-06-10 20:33:05,536] {dag.py:2420} INFO - Sync 1 DAGs
[2024-06-10 20:33:05,550] {logging_mixin.py:115} INFO - [2024-06-10 20:33:05,549] {dag.py:2972} INFO - Setting next_dagrun for python_operator to None, run_after=None
[2024-06-10 20:33:05,557] {processor.py:161} INFO - Processing /opt/airflow/dags/2-pythonoperator.py took 0.043 seconds
[2024-06-10 20:33:35,923] {processor.py:153} INFO - Started process (PID=11634) to work on /opt/airflow/dags/2-pythonoperator.py
[2024-06-10 20:33:35,923] {processor.py:641} INFO - Processing file /opt/airflow/dags/2-pythonoperator.py for tasks to queue
[2024-06-10 20:33:35,923] {logging_mixin.py:115} INFO - [2024-06-10 20:33:35,923] {dagbag.py:508} INFO - Filling up the DagBag from /opt/airflow/dags/2-pythonoperator.py
[2024-06-10 20:33:35,928] {processor.py:651} INFO - DAG(s) dict_keys(['python_operator']) retrieved from /opt/airflow/dags/2-pythonoperator.py
[2024-06-10 20:33:35,944] {logging_mixin.py:115} INFO - [2024-06-10 20:33:35,944] {dag.py:2420} INFO - Sync 1 DAGs
[2024-06-10 20:33:35,958] {logging_mixin.py:115} INFO - [2024-06-10 20:33:35,958] {dag.py:2972} INFO - Setting next_dagrun for python_operator to None, run_after=None
[2024-06-10 20:33:35,965] {processor.py:161} INFO - Processing /opt/airflow/dags/2-pythonoperator.py took 0.046 seconds
[2024-06-10 20:34:06,254] {processor.py:153} INFO - Started process (PID=11669) to work on /opt/airflow/dags/2-pythonoperator.py
[2024-06-10 20:34:06,255] {processor.py:641} INFO - Processing file /opt/airflow/dags/2-pythonoperator.py for tasks to queue
[2024-06-10 20:34:06,256] {logging_mixin.py:115} INFO - [2024-06-10 20:34:06,256] {dagbag.py:508} INFO - Filling up the DagBag from /opt/airflow/dags/2-pythonoperator.py
[2024-06-10 20:34:06,260] {processor.py:651} INFO - DAG(s) dict_keys(['python_operator']) retrieved from /opt/airflow/dags/2-pythonoperator.py
[2024-06-10 20:34:06,277] {logging_mixin.py:115} INFO - [2024-06-10 20:34:06,277] {dag.py:2420} INFO - Sync 1 DAGs
[2024-06-10 20:34:06,290] {logging_mixin.py:115} INFO - [2024-06-10 20:34:06,290] {dag.py:2972} INFO - Setting next_dagrun for python_operator to None, run_after=None
[2024-06-10 20:34:06,302] {processor.py:161} INFO - Processing /opt/airflow/dags/2-pythonoperator.py took 0.050 seconds
[2024-06-10 20:34:36,612] {processor.py:153} INFO - Started process (PID=11704) to work on /opt/airflow/dags/2-pythonoperator.py
[2024-06-10 20:34:36,613] {processor.py:641} INFO - Processing file /opt/airflow/dags/2-pythonoperator.py for tasks to queue
[2024-06-10 20:34:36,613] {logging_mixin.py:115} INFO - [2024-06-10 20:34:36,613] {dagbag.py:508} INFO - Filling up the DagBag from /opt/airflow/dags/2-pythonoperator.py
[2024-06-10 20:34:36,618] {processor.py:651} INFO - DAG(s) dict_keys(['python_operator']) retrieved from /opt/airflow/dags/2-pythonoperator.py
[2024-06-10 20:34:36,635] {logging_mixin.py:115} INFO - [2024-06-10 20:34:36,635] {dag.py:2420} INFO - Sync 1 DAGs
[2024-06-10 20:34:36,649] {logging_mixin.py:115} INFO - [2024-06-10 20:34:36,649] {dag.py:2972} INFO - Setting next_dagrun for python_operator to None, run_after=None
[2024-06-10 20:34:36,656] {processor.py:161} INFO - Processing /opt/airflow/dags/2-pythonoperator.py took 0.046 seconds
[2024-06-10 20:35:07,014] {processor.py:153} INFO - Started process (PID=11730) to work on /opt/airflow/dags/2-pythonoperator.py
[2024-06-10 20:35:07,014] {processor.py:641} INFO - Processing file /opt/airflow/dags/2-pythonoperator.py for tasks to queue
[2024-06-10 20:35:07,015] {logging_mixin.py:115} INFO - [2024-06-10 20:35:07,015] {dagbag.py:508} INFO - Filling up the DagBag from /opt/airflow/dags/2-pythonoperator.py
[2024-06-10 20:35:07,020] {processor.py:651} INFO - DAG(s) dict_keys(['python_operator']) retrieved from /opt/airflow/dags/2-pythonoperator.py
[2024-06-10 20:35:07,035] {logging_mixin.py:115} INFO - [2024-06-10 20:35:07,035] {dag.py:2420} INFO - Sync 1 DAGs
[2024-06-10 20:35:07,049] {logging_mixin.py:115} INFO - [2024-06-10 20:35:07,049] {dag.py:2972} INFO - Setting next_dagrun for python_operator to None, run_after=None
[2024-06-10 20:35:07,057] {processor.py:161} INFO - Processing /opt/airflow/dags/2-pythonoperator.py took 0.045 seconds
[2024-06-10 20:35:37,371] {processor.py:153} INFO - Started process (PID=11765) to work on /opt/airflow/dags/2-pythonoperator.py
[2024-06-10 20:35:37,371] {processor.py:641} INFO - Processing file /opt/airflow/dags/2-pythonoperator.py for tasks to queue
[2024-06-10 20:35:37,371] {logging_mixin.py:115} INFO - [2024-06-10 20:35:37,371] {dagbag.py:508} INFO - Filling up the DagBag from /opt/airflow/dags/2-pythonoperator.py
[2024-06-10 20:35:37,377] {processor.py:651} INFO - DAG(s) dict_keys(['python_operator']) retrieved from /opt/airflow/dags/2-pythonoperator.py
[2024-06-10 20:35:37,392] {logging_mixin.py:115} INFO - [2024-06-10 20:35:37,392] {dag.py:2420} INFO - Sync 1 DAGs
[2024-06-10 20:35:37,406] {logging_mixin.py:115} INFO - [2024-06-10 20:35:37,406] {dag.py:2972} INFO - Setting next_dagrun for python_operator to None, run_after=None
[2024-06-10 20:35:37,414] {processor.py:161} INFO - Processing /opt/airflow/dags/2-pythonoperator.py took 0.046 seconds
[2024-06-10 20:36:07,734] {processor.py:153} INFO - Started process (PID=11800) to work on /opt/airflow/dags/2-pythonoperator.py
[2024-06-10 20:36:07,735] {processor.py:641} INFO - Processing file /opt/airflow/dags/2-pythonoperator.py for tasks to queue
[2024-06-10 20:36:07,735] {logging_mixin.py:115} INFO - [2024-06-10 20:36:07,735] {dagbag.py:508} INFO - Filling up the DagBag from /opt/airflow/dags/2-pythonoperator.py
[2024-06-10 20:36:07,740] {processor.py:651} INFO - DAG(s) dict_keys(['python_operator']) retrieved from /opt/airflow/dags/2-pythonoperator.py
[2024-06-10 20:36:07,755] {logging_mixin.py:115} INFO - [2024-06-10 20:36:07,755] {dag.py:2420} INFO - Sync 1 DAGs
[2024-06-10 20:36:07,769] {logging_mixin.py:115} INFO - [2024-06-10 20:36:07,769] {dag.py:2972} INFO - Setting next_dagrun for python_operator to None, run_after=None
[2024-06-10 20:36:07,776] {processor.py:161} INFO - Processing /opt/airflow/dags/2-pythonoperator.py took 0.043 seconds
[2024-06-10 20:36:38,146] {processor.py:153} INFO - Started process (PID=11835) to work on /opt/airflow/dags/2-pythonoperator.py
[2024-06-10 20:36:38,147] {processor.py:641} INFO - Processing file /opt/airflow/dags/2-pythonoperator.py for tasks to queue
[2024-06-10 20:36:38,147] {logging_mixin.py:115} INFO - [2024-06-10 20:36:38,147] {dagbag.py:508} INFO - Filling up the DagBag from /opt/airflow/dags/2-pythonoperator.py
[2024-06-10 20:36:38,153] {processor.py:651} INFO - DAG(s) dict_keys(['python_operator']) retrieved from /opt/airflow/dags/2-pythonoperator.py
[2024-06-10 20:36:38,172] {logging_mixin.py:115} INFO - [2024-06-10 20:36:38,171] {dag.py:2420} INFO - Sync 1 DAGs
[2024-06-10 20:36:38,187] {logging_mixin.py:115} INFO - [2024-06-10 20:36:38,187] {dag.py:2972} INFO - Setting next_dagrun for python_operator to None, run_after=None
[2024-06-10 20:36:38,198] {processor.py:161} INFO - Processing /opt/airflow/dags/2-pythonoperator.py took 0.054 seconds
[2024-06-10 20:37:08,515] {processor.py:153} INFO - Started process (PID=11870) to work on /opt/airflow/dags/2-pythonoperator.py
[2024-06-10 20:37:08,515] {processor.py:641} INFO - Processing file /opt/airflow/dags/2-pythonoperator.py for tasks to queue
[2024-06-10 20:37:08,516] {logging_mixin.py:115} INFO - [2024-06-10 20:37:08,516] {dagbag.py:508} INFO - Filling up the DagBag from /opt/airflow/dags/2-pythonoperator.py
[2024-06-10 20:37:08,520] {processor.py:651} INFO - DAG(s) dict_keys(['python_operator']) retrieved from /opt/airflow/dags/2-pythonoperator.py
[2024-06-10 20:37:08,535] {logging_mixin.py:115} INFO - [2024-06-10 20:37:08,535] {dag.py:2420} INFO - Sync 1 DAGs
[2024-06-10 20:37:08,548] {logging_mixin.py:115} INFO - [2024-06-10 20:37:08,548] {dag.py:2972} INFO - Setting next_dagrun for python_operator to None, run_after=None
[2024-06-10 20:37:08,557] {processor.py:161} INFO - Processing /opt/airflow/dags/2-pythonoperator.py took 0.044 seconds
[2024-06-10 20:37:38,908] {processor.py:153} INFO - Started process (PID=11896) to work on /opt/airflow/dags/2-pythonoperator.py
[2024-06-10 20:37:38,908] {processor.py:641} INFO - Processing file /opt/airflow/dags/2-pythonoperator.py for tasks to queue
[2024-06-10 20:37:38,909] {logging_mixin.py:115} INFO - [2024-06-10 20:37:38,909] {dagbag.py:508} INFO - Filling up the DagBag from /opt/airflow/dags/2-pythonoperator.py
[2024-06-10 20:37:38,914] {processor.py:651} INFO - DAG(s) dict_keys(['python_operator']) retrieved from /opt/airflow/dags/2-pythonoperator.py
[2024-06-10 20:37:38,930] {logging_mixin.py:115} INFO - [2024-06-10 20:37:38,930] {dag.py:2420} INFO - Sync 1 DAGs
[2024-06-10 20:37:38,942] {logging_mixin.py:115} INFO - [2024-06-10 20:37:38,942] {dag.py:2972} INFO - Setting next_dagrun for python_operator to None, run_after=None
[2024-06-10 20:37:38,950] {processor.py:161} INFO - Processing /opt/airflow/dags/2-pythonoperator.py took 0.044 seconds
[2024-06-10 20:38:09,258] {processor.py:153} INFO - Started process (PID=11930) to work on /opt/airflow/dags/2-pythonoperator.py
[2024-06-10 20:38:09,259] {processor.py:641} INFO - Processing file /opt/airflow/dags/2-pythonoperator.py for tasks to queue
[2024-06-10 20:38:09,259] {logging_mixin.py:115} INFO - [2024-06-10 20:38:09,259] {dagbag.py:508} INFO - Filling up the DagBag from /opt/airflow/dags/2-pythonoperator.py
[2024-06-10 20:38:09,263] {processor.py:651} INFO - DAG(s) dict_keys(['python_operator']) retrieved from /opt/airflow/dags/2-pythonoperator.py
[2024-06-10 20:38:09,278] {logging_mixin.py:115} INFO - [2024-06-10 20:38:09,278] {dag.py:2420} INFO - Sync 1 DAGs
[2024-06-10 20:38:09,291] {logging_mixin.py:115} INFO - [2024-06-10 20:38:09,291] {dag.py:2972} INFO - Setting next_dagrun for python_operator to None, run_after=None
[2024-06-10 20:38:09,298] {processor.py:161} INFO - Processing /opt/airflow/dags/2-pythonoperator.py took 0.042 seconds
[2024-06-10 20:38:39,604] {processor.py:153} INFO - Started process (PID=11965) to work on /opt/airflow/dags/2-pythonoperator.py
[2024-06-10 20:38:39,605] {processor.py:641} INFO - Processing file /opt/airflow/dags/2-pythonoperator.py for tasks to queue
[2024-06-10 20:38:39,605] {logging_mixin.py:115} INFO - [2024-06-10 20:38:39,605] {dagbag.py:508} INFO - Filling up the DagBag from /opt/airflow/dags/2-pythonoperator.py
[2024-06-10 20:38:39,610] {processor.py:651} INFO - DAG(s) dict_keys(['python_operator']) retrieved from /opt/airflow/dags/2-pythonoperator.py
[2024-06-10 20:38:39,627] {logging_mixin.py:115} INFO - [2024-06-10 20:38:39,627] {dag.py:2420} INFO - Sync 1 DAGs
[2024-06-10 20:38:39,644] {logging_mixin.py:115} INFO - [2024-06-10 20:38:39,644] {dag.py:2972} INFO - Setting next_dagrun for python_operator to None, run_after=None
[2024-06-10 20:38:39,654] {processor.py:161} INFO - Processing /opt/airflow/dags/2-pythonoperator.py took 0.052 seconds
[2024-06-10 20:39:09,963] {processor.py:153} INFO - Started process (PID=12000) to work on /opt/airflow/dags/2-pythonoperator.py
[2024-06-10 20:39:09,963] {processor.py:641} INFO - Processing file /opt/airflow/dags/2-pythonoperator.py for tasks to queue
[2024-06-10 20:39:09,964] {logging_mixin.py:115} INFO - [2024-06-10 20:39:09,964] {dagbag.py:508} INFO - Filling up the DagBag from /opt/airflow/dags/2-pythonoperator.py
[2024-06-10 20:39:09,968] {processor.py:651} INFO - DAG(s) dict_keys(['python_operator']) retrieved from /opt/airflow/dags/2-pythonoperator.py
[2024-06-10 20:39:09,984] {logging_mixin.py:115} INFO - [2024-06-10 20:39:09,984] {dag.py:2420} INFO - Sync 1 DAGs
[2024-06-10 20:39:09,997] {logging_mixin.py:115} INFO - [2024-06-10 20:39:09,997] {dag.py:2972} INFO - Setting next_dagrun for python_operator to None, run_after=None
[2024-06-10 20:39:10,005] {processor.py:161} INFO - Processing /opt/airflow/dags/2-pythonoperator.py took 0.045 seconds
[2024-06-10 20:39:40,300] {processor.py:153} INFO - Started process (PID=12035) to work on /opt/airflow/dags/2-pythonoperator.py
[2024-06-10 20:39:40,300] {processor.py:641} INFO - Processing file /opt/airflow/dags/2-pythonoperator.py for tasks to queue
[2024-06-10 20:39:40,301] {logging_mixin.py:115} INFO - [2024-06-10 20:39:40,301] {dagbag.py:508} INFO - Filling up the DagBag from /opt/airflow/dags/2-pythonoperator.py
[2024-06-10 20:39:40,305] {processor.py:651} INFO - DAG(s) dict_keys(['python_operator']) retrieved from /opt/airflow/dags/2-pythonoperator.py
[2024-06-10 20:39:40,320] {logging_mixin.py:115} INFO - [2024-06-10 20:39:40,320] {dag.py:2420} INFO - Sync 1 DAGs
[2024-06-10 20:39:40,333] {logging_mixin.py:115} INFO - [2024-06-10 20:39:40,333] {dag.py:2972} INFO - Setting next_dagrun for python_operator to None, run_after=None
[2024-06-10 20:39:40,342] {processor.py:161} INFO - Processing /opt/airflow/dags/2-pythonoperator.py took 0.044 seconds
[2024-06-10 20:40:10,722] {processor.py:153} INFO - Started process (PID=12070) to work on /opt/airflow/dags/2-pythonoperator.py
[2024-06-10 20:40:10,722] {processor.py:641} INFO - Processing file /opt/airflow/dags/2-pythonoperator.py for tasks to queue
[2024-06-10 20:40:10,724] {logging_mixin.py:115} INFO - [2024-06-10 20:40:10,724] {dagbag.py:508} INFO - Filling up the DagBag from /opt/airflow/dags/2-pythonoperator.py
[2024-06-10 20:40:10,735] {processor.py:651} INFO - DAG(s) dict_keys(['python_operator']) retrieved from /opt/airflow/dags/2-pythonoperator.py
[2024-06-10 20:40:10,753] {logging_mixin.py:115} INFO - [2024-06-10 20:40:10,752] {dag.py:2420} INFO - Sync 1 DAGs
[2024-06-10 20:40:10,767] {logging_mixin.py:115} INFO - [2024-06-10 20:40:10,767] {dag.py:2972} INFO - Setting next_dagrun for python_operator to None, run_after=None
[2024-06-10 20:40:10,777] {processor.py:161} INFO - Processing /opt/airflow/dags/2-pythonoperator.py took 0.057 seconds
[2024-06-10 20:40:41,075] {processor.py:153} INFO - Started process (PID=12096) to work on /opt/airflow/dags/2-pythonoperator.py
[2024-06-10 20:40:41,075] {processor.py:641} INFO - Processing file /opt/airflow/dags/2-pythonoperator.py for tasks to queue
[2024-06-10 20:40:41,075] {logging_mixin.py:115} INFO - [2024-06-10 20:40:41,075] {dagbag.py:508} INFO - Filling up the DagBag from /opt/airflow/dags/2-pythonoperator.py
[2024-06-10 20:40:41,082] {processor.py:651} INFO - DAG(s) dict_keys(['python_operator']) retrieved from /opt/airflow/dags/2-pythonoperator.py
[2024-06-10 20:40:41,100] {logging_mixin.py:115} INFO - [2024-06-10 20:40:41,100] {dag.py:2420} INFO - Sync 1 DAGs
[2024-06-10 20:40:41,112] {logging_mixin.py:115} INFO - [2024-06-10 20:40:41,112] {dag.py:2972} INFO - Setting next_dagrun for python_operator to None, run_after=None
[2024-06-10 20:40:41,120] {processor.py:161} INFO - Processing /opt/airflow/dags/2-pythonoperator.py took 0.047 seconds
[2024-06-10 20:41:11,376] {processor.py:153} INFO - Started process (PID=12131) to work on /opt/airflow/dags/2-pythonoperator.py
[2024-06-10 20:41:11,376] {processor.py:641} INFO - Processing file /opt/airflow/dags/2-pythonoperator.py for tasks to queue
[2024-06-10 20:41:11,376] {logging_mixin.py:115} INFO - [2024-06-10 20:41:11,376] {dagbag.py:508} INFO - Filling up the DagBag from /opt/airflow/dags/2-pythonoperator.py
[2024-06-10 20:41:11,381] {processor.py:651} INFO - DAG(s) dict_keys(['python_operator']) retrieved from /opt/airflow/dags/2-pythonoperator.py
[2024-06-10 20:41:11,398] {logging_mixin.py:115} INFO - [2024-06-10 20:41:11,398] {dag.py:2420} INFO - Sync 1 DAGs
[2024-06-10 20:41:11,410] {logging_mixin.py:115} INFO - [2024-06-10 20:41:11,410] {dag.py:2972} INFO - Setting next_dagrun for python_operator to None, run_after=None
[2024-06-10 20:41:11,419] {processor.py:161} INFO - Processing /opt/airflow/dags/2-pythonoperator.py took 0.045 seconds
[2024-06-10 20:41:41,723] {processor.py:153} INFO - Started process (PID=12166) to work on /opt/airflow/dags/2-pythonoperator.py
[2024-06-10 20:41:41,724] {processor.py:641} INFO - Processing file /opt/airflow/dags/2-pythonoperator.py for tasks to queue
[2024-06-10 20:41:41,724] {logging_mixin.py:115} INFO - [2024-06-10 20:41:41,724] {dagbag.py:508} INFO - Filling up the DagBag from /opt/airflow/dags/2-pythonoperator.py
[2024-06-10 20:41:41,729] {processor.py:651} INFO - DAG(s) dict_keys(['python_operator']) retrieved from /opt/airflow/dags/2-pythonoperator.py
[2024-06-10 20:41:41,748] {logging_mixin.py:115} INFO - [2024-06-10 20:41:41,748] {dag.py:2420} INFO - Sync 1 DAGs
[2024-06-10 20:41:41,762] {logging_mixin.py:115} INFO - [2024-06-10 20:41:41,762] {dag.py:2972} INFO - Setting next_dagrun for python_operator to None, run_after=None
[2024-06-10 20:41:41,771] {processor.py:161} INFO - Processing /opt/airflow/dags/2-pythonoperator.py took 0.049 seconds
[2024-06-10 20:42:12,025] {processor.py:153} INFO - Started process (PID=12199) to work on /opt/airflow/dags/2-pythonoperator.py
[2024-06-10 20:42:12,025] {processor.py:641} INFO - Processing file /opt/airflow/dags/2-pythonoperator.py for tasks to queue
[2024-06-10 20:42:12,026] {logging_mixin.py:115} INFO - [2024-06-10 20:42:12,025] {dagbag.py:508} INFO - Filling up the DagBag from /opt/airflow/dags/2-pythonoperator.py
[2024-06-10 20:42:12,032] {processor.py:651} INFO - DAG(s) dict_keys(['python_operator']) retrieved from /opt/airflow/dags/2-pythonoperator.py
[2024-06-10 20:42:12,048] {logging_mixin.py:115} INFO - [2024-06-10 20:42:12,048] {dag.py:2420} INFO - Sync 1 DAGs
[2024-06-10 20:42:12,061] {logging_mixin.py:115} INFO - [2024-06-10 20:42:12,061] {dag.py:2972} INFO - Setting next_dagrun for python_operator to None, run_after=None
[2024-06-10 20:42:12,070] {processor.py:161} INFO - Processing /opt/airflow/dags/2-pythonoperator.py took 0.048 seconds
[2024-06-10 20:42:42,375] {processor.py:153} INFO - Started process (PID=12234) to work on /opt/airflow/dags/2-pythonoperator.py
[2024-06-10 20:42:42,375] {processor.py:641} INFO - Processing file /opt/airflow/dags/2-pythonoperator.py for tasks to queue
[2024-06-10 20:42:42,376] {logging_mixin.py:115} INFO - [2024-06-10 20:42:42,376] {dagbag.py:508} INFO - Filling up the DagBag from /opt/airflow/dags/2-pythonoperator.py
[2024-06-10 20:42:42,380] {processor.py:651} INFO - DAG(s) dict_keys(['python_operator']) retrieved from /opt/airflow/dags/2-pythonoperator.py
[2024-06-10 20:42:42,395] {logging_mixin.py:115} INFO - [2024-06-10 20:42:42,395] {dag.py:2420} INFO - Sync 1 DAGs
[2024-06-10 20:42:42,408] {logging_mixin.py:115} INFO - [2024-06-10 20:42:42,407] {dag.py:2972} INFO - Setting next_dagrun for python_operator to None, run_after=None
[2024-06-10 20:42:42,415] {processor.py:161} INFO - Processing /opt/airflow/dags/2-pythonoperator.py took 0.042 seconds
[2024-06-10 20:43:12,764] {processor.py:153} INFO - Started process (PID=12260) to work on /opt/airflow/dags/2-pythonoperator.py
[2024-06-10 20:43:12,765] {processor.py:641} INFO - Processing file /opt/airflow/dags/2-pythonoperator.py for tasks to queue
[2024-06-10 20:43:12,765] {logging_mixin.py:115} INFO - [2024-06-10 20:43:12,765] {dagbag.py:508} INFO - Filling up the DagBag from /opt/airflow/dags/2-pythonoperator.py
[2024-06-10 20:43:12,771] {processor.py:651} INFO - DAG(s) dict_keys(['python_operator']) retrieved from /opt/airflow/dags/2-pythonoperator.py
[2024-06-10 20:43:12,791] {logging_mixin.py:115} INFO - [2024-06-10 20:43:12,791] {dag.py:2420} INFO - Sync 1 DAGs
[2024-06-10 20:43:12,805] {logging_mixin.py:115} INFO - [2024-06-10 20:43:12,805] {dag.py:2972} INFO - Setting next_dagrun for python_operator to None, run_after=None
[2024-06-10 20:43:12,813] {processor.py:161} INFO - Processing /opt/airflow/dags/2-pythonoperator.py took 0.050 seconds
[2024-06-10 20:43:43,111] {processor.py:153} INFO - Started process (PID=12295) to work on /opt/airflow/dags/2-pythonoperator.py
[2024-06-10 20:43:43,112] {processor.py:641} INFO - Processing file /opt/airflow/dags/2-pythonoperator.py for tasks to queue
[2024-06-10 20:43:43,112] {logging_mixin.py:115} INFO - [2024-06-10 20:43:43,112] {dagbag.py:508} INFO - Filling up the DagBag from /opt/airflow/dags/2-pythonoperator.py
[2024-06-10 20:43:43,117] {processor.py:651} INFO - DAG(s) dict_keys(['python_operator']) retrieved from /opt/airflow/dags/2-pythonoperator.py
[2024-06-10 20:43:43,132] {logging_mixin.py:115} INFO - [2024-06-10 20:43:43,132] {dag.py:2420} INFO - Sync 1 DAGs
[2024-06-10 20:43:43,144] {logging_mixin.py:115} INFO - [2024-06-10 20:43:43,144] {dag.py:2972} INFO - Setting next_dagrun for python_operator to None, run_after=None
[2024-06-10 20:43:43,151] {processor.py:161} INFO - Processing /opt/airflow/dags/2-pythonoperator.py took 0.042 seconds
[2024-06-10 20:44:13,488] {processor.py:153} INFO - Started process (PID=12330) to work on /opt/airflow/dags/2-pythonoperator.py
[2024-06-10 20:44:13,488] {processor.py:641} INFO - Processing file /opt/airflow/dags/2-pythonoperator.py for tasks to queue
[2024-06-10 20:44:13,488] {logging_mixin.py:115} INFO - [2024-06-10 20:44:13,488] {dagbag.py:508} INFO - Filling up the DagBag from /opt/airflow/dags/2-pythonoperator.py
[2024-06-10 20:44:13,493] {processor.py:651} INFO - DAG(s) dict_keys(['python_operator']) retrieved from /opt/airflow/dags/2-pythonoperator.py
[2024-06-10 20:44:13,510] {logging_mixin.py:115} INFO - [2024-06-10 20:44:13,510] {dag.py:2420} INFO - Sync 1 DAGs
[2024-06-10 20:44:13,523] {logging_mixin.py:115} INFO - [2024-06-10 20:44:13,523] {dag.py:2972} INFO - Setting next_dagrun for python_operator to None, run_after=None
[2024-06-10 20:44:13,531] {processor.py:161} INFO - Processing /opt/airflow/dags/2-pythonoperator.py took 0.045 seconds
[2024-06-10 20:44:43,828] {processor.py:153} INFO - Started process (PID=12365) to work on /opt/airflow/dags/2-pythonoperator.py
[2024-06-10 20:44:43,829] {processor.py:641} INFO - Processing file /opt/airflow/dags/2-pythonoperator.py for tasks to queue
[2024-06-10 20:44:43,829] {logging_mixin.py:115} INFO - [2024-06-10 20:44:43,829] {dagbag.py:508} INFO - Filling up the DagBag from /opt/airflow/dags/2-pythonoperator.py
[2024-06-10 20:44:43,833] {processor.py:651} INFO - DAG(s) dict_keys(['python_operator']) retrieved from /opt/airflow/dags/2-pythonoperator.py
[2024-06-10 20:44:43,848] {logging_mixin.py:115} INFO - [2024-06-10 20:44:43,848] {dag.py:2420} INFO - Sync 1 DAGs
[2024-06-10 20:44:43,860] {logging_mixin.py:115} INFO - [2024-06-10 20:44:43,860] {dag.py:2972} INFO - Setting next_dagrun for python_operator to None, run_after=None
[2024-06-10 20:44:43,867] {processor.py:161} INFO - Processing /opt/airflow/dags/2-pythonoperator.py took 0.041 seconds
[2024-06-10 20:45:14,164] {processor.py:153} INFO - Started process (PID=12400) to work on /opt/airflow/dags/2-pythonoperator.py
[2024-06-10 20:45:14,165] {processor.py:641} INFO - Processing file /opt/airflow/dags/2-pythonoperator.py for tasks to queue
[2024-06-10 20:45:14,165] {logging_mixin.py:115} INFO - [2024-06-10 20:45:14,165] {dagbag.py:508} INFO - Filling up the DagBag from /opt/airflow/dags/2-pythonoperator.py
[2024-06-10 20:45:14,170] {processor.py:651} INFO - DAG(s) dict_keys(['python_operator']) retrieved from /opt/airflow/dags/2-pythonoperator.py
[2024-06-10 20:45:14,188] {logging_mixin.py:115} INFO - [2024-06-10 20:45:14,188] {dag.py:2420} INFO - Sync 1 DAGs
[2024-06-10 20:45:14,200] {logging_mixin.py:115} INFO - [2024-06-10 20:45:14,200] {dag.py:2972} INFO - Setting next_dagrun for python_operator to None, run_after=None
[2024-06-10 20:45:14,207] {processor.py:161} INFO - Processing /opt/airflow/dags/2-pythonoperator.py took 0.047 seconds
[2024-06-10 20:45:44,570] {processor.py:153} INFO - Started process (PID=12435) to work on /opt/airflow/dags/2-pythonoperator.py
[2024-06-10 20:45:44,571] {processor.py:641} INFO - Processing file /opt/airflow/dags/2-pythonoperator.py for tasks to queue
[2024-06-10 20:45:44,571] {logging_mixin.py:115} INFO - [2024-06-10 20:45:44,571] {dagbag.py:508} INFO - Filling up the DagBag from /opt/airflow/dags/2-pythonoperator.py
[2024-06-10 20:45:44,576] {processor.py:651} INFO - DAG(s) dict_keys(['python_operator']) retrieved from /opt/airflow/dags/2-pythonoperator.py
[2024-06-10 20:45:44,594] {logging_mixin.py:115} INFO - [2024-06-10 20:45:44,594] {dag.py:2420} INFO - Sync 1 DAGs
[2024-06-10 20:45:44,608] {logging_mixin.py:115} INFO - [2024-06-10 20:45:44,608] {dag.py:2972} INFO - Setting next_dagrun for python_operator to None, run_after=None
[2024-06-10 20:45:44,617] {processor.py:161} INFO - Processing /opt/airflow/dags/2-pythonoperator.py took 0.049 seconds
[2024-06-10 20:46:14,921] {processor.py:153} INFO - Started process (PID=12461) to work on /opt/airflow/dags/2-pythonoperator.py
[2024-06-10 20:46:14,922] {processor.py:641} INFO - Processing file /opt/airflow/dags/2-pythonoperator.py for tasks to queue
[2024-06-10 20:46:14,922] {logging_mixin.py:115} INFO - [2024-06-10 20:46:14,922] {dagbag.py:508} INFO - Filling up the DagBag from /opt/airflow/dags/2-pythonoperator.py
[2024-06-10 20:46:14,927] {processor.py:651} INFO - DAG(s) dict_keys(['python_operator']) retrieved from /opt/airflow/dags/2-pythonoperator.py
[2024-06-10 20:46:14,943] {logging_mixin.py:115} INFO - [2024-06-10 20:46:14,943] {dag.py:2420} INFO - Sync 1 DAGs
[2024-06-10 20:46:14,955] {logging_mixin.py:115} INFO - [2024-06-10 20:46:14,955] {dag.py:2972} INFO - Setting next_dagrun for python_operator to None, run_after=None
[2024-06-10 20:46:14,963] {processor.py:161} INFO - Processing /opt/airflow/dags/2-pythonoperator.py took 0.044 seconds
[2024-06-10 20:46:45,309] {processor.py:153} INFO - Started process (PID=12496) to work on /opt/airflow/dags/2-pythonoperator.py
[2024-06-10 20:46:45,310] {processor.py:641} INFO - Processing file /opt/airflow/dags/2-pythonoperator.py for tasks to queue
[2024-06-10 20:46:45,310] {logging_mixin.py:115} INFO - [2024-06-10 20:46:45,310] {dagbag.py:508} INFO - Filling up the DagBag from /opt/airflow/dags/2-pythonoperator.py
[2024-06-10 20:46:45,315] {processor.py:651} INFO - DAG(s) dict_keys(['python_operator']) retrieved from /opt/airflow/dags/2-pythonoperator.py
[2024-06-10 20:46:45,331] {logging_mixin.py:115} INFO - [2024-06-10 20:46:45,331] {dag.py:2420} INFO - Sync 1 DAGs
[2024-06-10 20:46:45,345] {logging_mixin.py:115} INFO - [2024-06-10 20:46:45,345] {dag.py:2972} INFO - Setting next_dagrun for python_operator to None, run_after=None
[2024-06-10 20:46:45,353] {processor.py:161} INFO - Processing /opt/airflow/dags/2-pythonoperator.py took 0.046 seconds
[2024-06-10 20:47:15,659] {processor.py:153} INFO - Started process (PID=12531) to work on /opt/airflow/dags/2-pythonoperator.py
[2024-06-10 20:47:15,660] {processor.py:641} INFO - Processing file /opt/airflow/dags/2-pythonoperator.py for tasks to queue
[2024-06-10 20:47:15,660] {logging_mixin.py:115} INFO - [2024-06-10 20:47:15,660] {dagbag.py:508} INFO - Filling up the DagBag from /opt/airflow/dags/2-pythonoperator.py
[2024-06-10 20:47:15,665] {processor.py:651} INFO - DAG(s) dict_keys(['python_operator']) retrieved from /opt/airflow/dags/2-pythonoperator.py
[2024-06-10 20:47:15,679] {logging_mixin.py:115} INFO - [2024-06-10 20:47:15,679] {dag.py:2420} INFO - Sync 1 DAGs
[2024-06-10 20:47:15,692] {logging_mixin.py:115} INFO - [2024-06-10 20:47:15,692] {dag.py:2972} INFO - Setting next_dagrun for python_operator to None, run_after=None
[2024-06-10 20:47:15,699] {processor.py:161} INFO - Processing /opt/airflow/dags/2-pythonoperator.py took 0.041 seconds
[2024-06-10 20:47:46,009] {processor.py:153} INFO - Started process (PID=12566) to work on /opt/airflow/dags/2-pythonoperator.py
[2024-06-10 20:47:46,009] {processor.py:641} INFO - Processing file /opt/airflow/dags/2-pythonoperator.py for tasks to queue
[2024-06-10 20:47:46,010] {logging_mixin.py:115} INFO - [2024-06-10 20:47:46,010] {dagbag.py:508} INFO - Filling up the DagBag from /opt/airflow/dags/2-pythonoperator.py
[2024-06-10 20:47:46,016] {processor.py:651} INFO - DAG(s) dict_keys(['python_operator']) retrieved from /opt/airflow/dags/2-pythonoperator.py
[2024-06-10 20:47:46,032] {logging_mixin.py:115} INFO - [2024-06-10 20:47:46,032] {dag.py:2420} INFO - Sync 1 DAGs
[2024-06-10 20:47:46,046] {logging_mixin.py:115} INFO - [2024-06-10 20:47:46,046] {dag.py:2972} INFO - Setting next_dagrun for python_operator to None, run_after=None
[2024-06-10 20:47:46,054] {processor.py:161} INFO - Processing /opt/airflow/dags/2-pythonoperator.py took 0.049 seconds
[2024-06-10 20:48:16,350] {processor.py:153} INFO - Started process (PID=12601) to work on /opt/airflow/dags/2-pythonoperator.py
[2024-06-10 20:48:16,351] {processor.py:641} INFO - Processing file /opt/airflow/dags/2-pythonoperator.py for tasks to queue
[2024-06-10 20:48:16,351] {logging_mixin.py:115} INFO - [2024-06-10 20:48:16,351] {dagbag.py:508} INFO - Filling up the DagBag from /opt/airflow/dags/2-pythonoperator.py
[2024-06-10 20:48:16,356] {processor.py:651} INFO - DAG(s) dict_keys(['python_operator']) retrieved from /opt/airflow/dags/2-pythonoperator.py
[2024-06-10 20:48:16,374] {logging_mixin.py:115} INFO - [2024-06-10 20:48:16,374] {dag.py:2420} INFO - Sync 1 DAGs
[2024-06-10 20:48:16,388] {logging_mixin.py:115} INFO - [2024-06-10 20:48:16,388] {dag.py:2972} INFO - Setting next_dagrun for python_operator to None, run_after=None
[2024-06-10 20:48:16,395] {processor.py:161} INFO - Processing /opt/airflow/dags/2-pythonoperator.py took 0.047 seconds
[2024-06-10 20:48:46,695] {processor.py:153} INFO - Started process (PID=12627) to work on /opt/airflow/dags/2-pythonoperator.py
[2024-06-10 20:48:46,696] {processor.py:641} INFO - Processing file /opt/airflow/dags/2-pythonoperator.py for tasks to queue
[2024-06-10 20:48:46,696] {logging_mixin.py:115} INFO - [2024-06-10 20:48:46,696] {dagbag.py:508} INFO - Filling up the DagBag from /opt/airflow/dags/2-pythonoperator.py
[2024-06-10 20:48:46,700] {processor.py:651} INFO - DAG(s) dict_keys(['python_operator']) retrieved from /opt/airflow/dags/2-pythonoperator.py
[2024-06-10 20:48:46,719] {logging_mixin.py:115} INFO - [2024-06-10 20:48:46,719] {dag.py:2420} INFO - Sync 1 DAGs
[2024-06-10 20:48:46,732] {logging_mixin.py:115} INFO - [2024-06-10 20:48:46,732] {dag.py:2972} INFO - Setting next_dagrun for python_operator to None, run_after=None
[2024-06-10 20:48:46,740] {processor.py:161} INFO - Processing /opt/airflow/dags/2-pythonoperator.py took 0.047 seconds
[2024-06-10 20:49:17,055] {processor.py:153} INFO - Started process (PID=12662) to work on /opt/airflow/dags/2-pythonoperator.py
[2024-06-10 20:49:17,056] {processor.py:641} INFO - Processing file /opt/airflow/dags/2-pythonoperator.py for tasks to queue
[2024-06-10 20:49:17,056] {logging_mixin.py:115} INFO - [2024-06-10 20:49:17,056] {dagbag.py:508} INFO - Filling up the DagBag from /opt/airflow/dags/2-pythonoperator.py
[2024-06-10 20:49:17,060] {processor.py:651} INFO - DAG(s) dict_keys(['python_operator']) retrieved from /opt/airflow/dags/2-pythonoperator.py
[2024-06-10 20:49:17,076] {logging_mixin.py:115} INFO - [2024-06-10 20:49:17,076] {dag.py:2420} INFO - Sync 1 DAGs
[2024-06-10 20:49:17,088] {logging_mixin.py:115} INFO - [2024-06-10 20:49:17,088] {dag.py:2972} INFO - Setting next_dagrun for python_operator to None, run_after=None
[2024-06-10 20:49:17,096] {processor.py:161} INFO - Processing /opt/airflow/dags/2-pythonoperator.py took 0.043 seconds
[2024-06-10 20:49:47,441] {processor.py:153} INFO - Started process (PID=12697) to work on /opt/airflow/dags/2-pythonoperator.py
[2024-06-10 20:49:47,441] {processor.py:641} INFO - Processing file /opt/airflow/dags/2-pythonoperator.py for tasks to queue
[2024-06-10 20:49:47,442] {logging_mixin.py:115} INFO - [2024-06-10 20:49:47,442] {dagbag.py:508} INFO - Filling up the DagBag from /opt/airflow/dags/2-pythonoperator.py
[2024-06-10 20:49:47,446] {processor.py:651} INFO - DAG(s) dict_keys(['python_operator']) retrieved from /opt/airflow/dags/2-pythonoperator.py
[2024-06-10 20:49:47,462] {logging_mixin.py:115} INFO - [2024-06-10 20:49:47,462] {dag.py:2420} INFO - Sync 1 DAGs
[2024-06-10 20:49:47,474] {logging_mixin.py:115} INFO - [2024-06-10 20:49:47,474] {dag.py:2972} INFO - Setting next_dagrun for python_operator to None, run_after=None
[2024-06-10 20:49:47,484] {processor.py:161} INFO - Processing /opt/airflow/dags/2-pythonoperator.py took 0.045 seconds
[2024-06-10 20:50:17,740] {processor.py:153} INFO - Started process (PID=12732) to work on /opt/airflow/dags/2-pythonoperator.py
[2024-06-10 20:50:17,741] {processor.py:641} INFO - Processing file /opt/airflow/dags/2-pythonoperator.py for tasks to queue
[2024-06-10 20:50:17,741] {logging_mixin.py:115} INFO - [2024-06-10 20:50:17,741] {dagbag.py:508} INFO - Filling up the DagBag from /opt/airflow/dags/2-pythonoperator.py
[2024-06-10 20:50:17,745] {processor.py:651} INFO - DAG(s) dict_keys(['python_operator']) retrieved from /opt/airflow/dags/2-pythonoperator.py
[2024-06-10 20:50:17,761] {logging_mixin.py:115} INFO - [2024-06-10 20:50:17,761] {dag.py:2420} INFO - Sync 1 DAGs
[2024-06-10 20:50:17,774] {logging_mixin.py:115} INFO - [2024-06-10 20:50:17,774] {dag.py:2972} INFO - Setting next_dagrun for python_operator to None, run_after=None
[2024-06-10 20:50:17,781] {processor.py:161} INFO - Processing /opt/airflow/dags/2-pythonoperator.py took 0.043 seconds
[2024-06-10 20:50:48,129] {processor.py:153} INFO - Started process (PID=12767) to work on /opt/airflow/dags/2-pythonoperator.py
[2024-06-10 20:50:48,129] {processor.py:641} INFO - Processing file /opt/airflow/dags/2-pythonoperator.py for tasks to queue
[2024-06-10 20:50:48,129] {logging_mixin.py:115} INFO - [2024-06-10 20:50:48,129] {dagbag.py:508} INFO - Filling up the DagBag from /opt/airflow/dags/2-pythonoperator.py
[2024-06-10 20:50:48,134] {processor.py:651} INFO - DAG(s) dict_keys(['python_operator']) retrieved from /opt/airflow/dags/2-pythonoperator.py
[2024-06-10 20:50:48,150] {logging_mixin.py:115} INFO - [2024-06-10 20:50:48,150] {dag.py:2420} INFO - Sync 1 DAGs
[2024-06-10 20:50:48,164] {logging_mixin.py:115} INFO - [2024-06-10 20:50:48,164] {dag.py:2972} INFO - Setting next_dagrun for python_operator to None, run_after=None
[2024-06-10 20:50:48,171] {processor.py:161} INFO - Processing /opt/airflow/dags/2-pythonoperator.py took 0.044 seconds
[2024-06-10 20:51:18,517] {processor.py:153} INFO - Started process (PID=12802) to work on /opt/airflow/dags/2-pythonoperator.py
[2024-06-10 20:51:18,518] {processor.py:641} INFO - Processing file /opt/airflow/dags/2-pythonoperator.py for tasks to queue
[2024-06-10 20:51:18,518] {logging_mixin.py:115} INFO - [2024-06-10 20:51:18,518] {dagbag.py:508} INFO - Filling up the DagBag from /opt/airflow/dags/2-pythonoperator.py
[2024-06-10 20:51:18,523] {processor.py:651} INFO - DAG(s) dict_keys(['python_operator']) retrieved from /opt/airflow/dags/2-pythonoperator.py
[2024-06-10 20:51:18,539] {logging_mixin.py:115} INFO - [2024-06-10 20:51:18,539] {dag.py:2420} INFO - Sync 1 DAGs
[2024-06-10 20:51:18,552] {logging_mixin.py:115} INFO - [2024-06-10 20:51:18,552] {dag.py:2972} INFO - Setting next_dagrun for python_operator to None, run_after=None
[2024-06-10 20:51:18,562] {processor.py:161} INFO - Processing /opt/airflow/dags/2-pythonoperator.py took 0.047 seconds
[2024-06-10 20:51:48,913] {processor.py:153} INFO - Started process (PID=12829) to work on /opt/airflow/dags/2-pythonoperator.py
[2024-06-10 20:51:48,913] {processor.py:641} INFO - Processing file /opt/airflow/dags/2-pythonoperator.py for tasks to queue
[2024-06-10 20:51:48,913] {logging_mixin.py:115} INFO - [2024-06-10 20:51:48,913] {dagbag.py:508} INFO - Filling up the DagBag from /opt/airflow/dags/2-pythonoperator.py
[2024-06-10 20:51:48,917] {processor.py:651} INFO - DAG(s) dict_keys(['python_operator']) retrieved from /opt/airflow/dags/2-pythonoperator.py
[2024-06-10 20:51:48,934] {logging_mixin.py:115} INFO - [2024-06-10 20:51:48,933] {dag.py:2420} INFO - Sync 1 DAGs
[2024-06-10 20:51:48,947] {logging_mixin.py:115} INFO - [2024-06-10 20:51:48,946] {dag.py:2972} INFO - Setting next_dagrun for python_operator to None, run_after=None
[2024-06-10 20:51:48,954] {processor.py:161} INFO - Processing /opt/airflow/dags/2-pythonoperator.py took 0.043 seconds
[2024-06-10 20:52:19,269] {processor.py:153} INFO - Started process (PID=12864) to work on /opt/airflow/dags/2-pythonoperator.py
[2024-06-10 20:52:19,270] {processor.py:641} INFO - Processing file /opt/airflow/dags/2-pythonoperator.py for tasks to queue
[2024-06-10 20:52:19,270] {logging_mixin.py:115} INFO - [2024-06-10 20:52:19,270] {dagbag.py:508} INFO - Filling up the DagBag from /opt/airflow/dags/2-pythonoperator.py
[2024-06-10 20:52:19,274] {processor.py:651} INFO - DAG(s) dict_keys(['python_operator']) retrieved from /opt/airflow/dags/2-pythonoperator.py
[2024-06-10 20:52:19,291] {logging_mixin.py:115} INFO - [2024-06-10 20:52:19,291] {dag.py:2420} INFO - Sync 1 DAGs
[2024-06-10 20:52:19,304] {logging_mixin.py:115} INFO - [2024-06-10 20:52:19,304] {dag.py:2972} INFO - Setting next_dagrun for python_operator to None, run_after=None
[2024-06-10 20:52:19,311] {processor.py:161} INFO - Processing /opt/airflow/dags/2-pythonoperator.py took 0.044 seconds
[2024-06-10 20:52:49,616] {processor.py:153} INFO - Started process (PID=12899) to work on /opt/airflow/dags/2-pythonoperator.py
[2024-06-10 20:52:49,616] {processor.py:641} INFO - Processing file /opt/airflow/dags/2-pythonoperator.py for tasks to queue
[2024-06-10 20:52:49,616] {logging_mixin.py:115} INFO - [2024-06-10 20:52:49,616] {dagbag.py:508} INFO - Filling up the DagBag from /opt/airflow/dags/2-pythonoperator.py
[2024-06-10 20:52:49,621] {processor.py:651} INFO - DAG(s) dict_keys(['python_operator']) retrieved from /opt/airflow/dags/2-pythonoperator.py
[2024-06-10 20:52:49,636] {logging_mixin.py:115} INFO - [2024-06-10 20:52:49,636] {dag.py:2420} INFO - Sync 1 DAGs
[2024-06-10 20:52:49,650] {logging_mixin.py:115} INFO - [2024-06-10 20:52:49,650] {dag.py:2972} INFO - Setting next_dagrun for python_operator to None, run_after=None
[2024-06-10 20:52:49,658] {processor.py:161} INFO - Processing /opt/airflow/dags/2-pythonoperator.py took 0.045 seconds
[2024-06-10 20:53:19,931] {processor.py:153} INFO - Started process (PID=12933) to work on /opt/airflow/dags/2-pythonoperator.py
[2024-06-10 20:53:19,932] {processor.py:641} INFO - Processing file /opt/airflow/dags/2-pythonoperator.py for tasks to queue
[2024-06-10 20:53:19,932] {logging_mixin.py:115} INFO - [2024-06-10 20:53:19,932] {dagbag.py:508} INFO - Filling up the DagBag from /opt/airflow/dags/2-pythonoperator.py
[2024-06-10 20:53:19,937] {processor.py:651} INFO - DAG(s) dict_keys(['python_operator']) retrieved from /opt/airflow/dags/2-pythonoperator.py
[2024-06-10 20:53:19,955] {logging_mixin.py:115} INFO - [2024-06-10 20:53:19,954] {dag.py:2420} INFO - Sync 1 DAGs
[2024-06-10 20:53:19,973] {logging_mixin.py:115} INFO - [2024-06-10 20:53:19,973] {dag.py:2972} INFO - Setting next_dagrun for python_operator to None, run_after=None
[2024-06-10 20:53:19,985] {processor.py:161} INFO - Processing /opt/airflow/dags/2-pythonoperator.py took 0.057 seconds
[2024-06-10 20:53:50,393] {processor.py:153} INFO - Started process (PID=12968) to work on /opt/airflow/dags/2-pythonoperator.py
[2024-06-10 20:53:50,393] {processor.py:641} INFO - Processing file /opt/airflow/dags/2-pythonoperator.py for tasks to queue
[2024-06-10 20:53:50,394] {logging_mixin.py:115} INFO - [2024-06-10 20:53:50,393] {dagbag.py:508} INFO - Filling up the DagBag from /opt/airflow/dags/2-pythonoperator.py
[2024-06-10 20:53:50,399] {processor.py:651} INFO - DAG(s) dict_keys(['python_operator']) retrieved from /opt/airflow/dags/2-pythonoperator.py
[2024-06-10 20:53:50,417] {logging_mixin.py:115} INFO - [2024-06-10 20:53:50,417] {dag.py:2420} INFO - Sync 1 DAGs
[2024-06-10 20:53:50,437] {logging_mixin.py:115} INFO - [2024-06-10 20:53:50,437] {dag.py:2972} INFO - Setting next_dagrun for python_operator to None, run_after=None
[2024-06-10 20:53:50,450] {processor.py:161} INFO - Processing /opt/airflow/dags/2-pythonoperator.py took 0.060 seconds
[2024-06-10 20:54:20,709] {processor.py:153} INFO - Started process (PID=12994) to work on /opt/airflow/dags/2-pythonoperator.py
[2024-06-10 20:54:20,709] {processor.py:641} INFO - Processing file /opt/airflow/dags/2-pythonoperator.py for tasks to queue
[2024-06-10 20:54:20,710] {logging_mixin.py:115} INFO - [2024-06-10 20:54:20,710] {dagbag.py:508} INFO - Filling up the DagBag from /opt/airflow/dags/2-pythonoperator.py
[2024-06-10 20:54:20,714] {processor.py:651} INFO - DAG(s) dict_keys(['python_operator']) retrieved from /opt/airflow/dags/2-pythonoperator.py
[2024-06-10 20:54:20,730] {logging_mixin.py:115} INFO - [2024-06-10 20:54:20,730] {dag.py:2420} INFO - Sync 1 DAGs
[2024-06-10 20:54:20,743] {logging_mixin.py:115} INFO - [2024-06-10 20:54:20,742] {dag.py:2972} INFO - Setting next_dagrun for python_operator to None, run_after=None
[2024-06-10 20:54:20,750] {processor.py:161} INFO - Processing /opt/airflow/dags/2-pythonoperator.py took 0.043 seconds
[2024-06-10 20:54:51,051] {processor.py:153} INFO - Started process (PID=13029) to work on /opt/airflow/dags/2-pythonoperator.py
[2024-06-10 20:54:51,052] {processor.py:641} INFO - Processing file /opt/airflow/dags/2-pythonoperator.py for tasks to queue
[2024-06-10 20:54:51,052] {logging_mixin.py:115} INFO - [2024-06-10 20:54:51,052] {dagbag.py:508} INFO - Filling up the DagBag from /opt/airflow/dags/2-pythonoperator.py
[2024-06-10 20:54:51,056] {processor.py:651} INFO - DAG(s) dict_keys(['python_operator']) retrieved from /opt/airflow/dags/2-pythonoperator.py
[2024-06-10 20:54:51,073] {logging_mixin.py:115} INFO - [2024-06-10 20:54:51,073] {dag.py:2420} INFO - Sync 1 DAGs
[2024-06-10 20:54:51,088] {logging_mixin.py:115} INFO - [2024-06-10 20:54:51,088] {dag.py:2972} INFO - Setting next_dagrun for python_operator to None, run_after=None
[2024-06-10 20:54:51,096] {processor.py:161} INFO - Processing /opt/airflow/dags/2-pythonoperator.py took 0.047 seconds
[2024-06-10 20:55:21,466] {processor.py:153} INFO - Started process (PID=13064) to work on /opt/airflow/dags/2-pythonoperator.py
[2024-06-10 20:55:21,467] {processor.py:641} INFO - Processing file /opt/airflow/dags/2-pythonoperator.py for tasks to queue
[2024-06-10 20:55:21,467] {logging_mixin.py:115} INFO - [2024-06-10 20:55:21,467] {dagbag.py:508} INFO - Filling up the DagBag from /opt/airflow/dags/2-pythonoperator.py
[2024-06-10 20:55:21,475] {processor.py:651} INFO - DAG(s) dict_keys(['python_operator']) retrieved from /opt/airflow/dags/2-pythonoperator.py
[2024-06-10 20:55:21,493] {logging_mixin.py:115} INFO - [2024-06-10 20:55:21,493] {dag.py:2420} INFO - Sync 1 DAGs
[2024-06-10 20:55:21,509] {logging_mixin.py:115} INFO - [2024-06-10 20:55:21,509] {dag.py:2972} INFO - Setting next_dagrun for python_operator to None, run_after=None
[2024-06-10 20:55:21,518] {processor.py:161} INFO - Processing /opt/airflow/dags/2-pythonoperator.py took 0.054 seconds
[2024-06-10 20:55:51,829] {processor.py:153} INFO - Started process (PID=13099) to work on /opt/airflow/dags/2-pythonoperator.py
[2024-06-10 20:55:51,829] {processor.py:641} INFO - Processing file /opt/airflow/dags/2-pythonoperator.py for tasks to queue
[2024-06-10 20:55:51,829] {logging_mixin.py:115} INFO - [2024-06-10 20:55:51,829] {dagbag.py:508} INFO - Filling up the DagBag from /opt/airflow/dags/2-pythonoperator.py
[2024-06-10 20:55:51,835] {processor.py:651} INFO - DAG(s) dict_keys(['python_operator']) retrieved from /opt/airflow/dags/2-pythonoperator.py
[2024-06-10 20:55:51,852] {logging_mixin.py:115} INFO - [2024-06-10 20:55:51,852] {dag.py:2420} INFO - Sync 1 DAGs
[2024-06-10 20:55:51,867] {logging_mixin.py:115} INFO - [2024-06-10 20:55:51,867] {dag.py:2972} INFO - Setting next_dagrun for python_operator to None, run_after=None
[2024-06-10 20:55:51,876] {processor.py:161} INFO - Processing /opt/airflow/dags/2-pythonoperator.py took 0.049 seconds
[2024-06-10 20:56:22,228] {processor.py:153} INFO - Started process (PID=13133) to work on /opt/airflow/dags/2-pythonoperator.py
[2024-06-10 20:56:22,228] {processor.py:641} INFO - Processing file /opt/airflow/dags/2-pythonoperator.py for tasks to queue
[2024-06-10 20:56:22,228] {logging_mixin.py:115} INFO - [2024-06-10 20:56:22,228] {dagbag.py:508} INFO - Filling up the DagBag from /opt/airflow/dags/2-pythonoperator.py
[2024-06-10 20:56:22,233] {processor.py:651} INFO - DAG(s) dict_keys(['python_operator']) retrieved from /opt/airflow/dags/2-pythonoperator.py
[2024-06-10 20:56:22,250] {logging_mixin.py:115} INFO - [2024-06-10 20:56:22,250] {dag.py:2420} INFO - Sync 1 DAGs
[2024-06-10 20:56:22,264] {logging_mixin.py:115} INFO - [2024-06-10 20:56:22,264] {dag.py:2972} INFO - Setting next_dagrun for python_operator to None, run_after=None
[2024-06-10 20:56:22,271] {processor.py:161} INFO - Processing /opt/airflow/dags/2-pythonoperator.py took 0.045 seconds
[2024-06-10 20:56:52,587] {processor.py:153} INFO - Started process (PID=13159) to work on /opt/airflow/dags/2-pythonoperator.py
[2024-06-10 20:56:52,587] {processor.py:641} INFO - Processing file /opt/airflow/dags/2-pythonoperator.py for tasks to queue
[2024-06-10 20:56:52,587] {logging_mixin.py:115} INFO - [2024-06-10 20:56:52,587] {dagbag.py:508} INFO - Filling up the DagBag from /opt/airflow/dags/2-pythonoperator.py
[2024-06-10 20:56:52,593] {processor.py:651} INFO - DAG(s) dict_keys(['python_operator']) retrieved from /opt/airflow/dags/2-pythonoperator.py
[2024-06-10 20:56:52,609] {logging_mixin.py:115} INFO - [2024-06-10 20:56:52,609] {dag.py:2420} INFO - Sync 1 DAGs
[2024-06-10 20:56:52,625] {logging_mixin.py:115} INFO - [2024-06-10 20:56:52,625] {dag.py:2972} INFO - Setting next_dagrun for python_operator to None, run_after=None
[2024-06-10 20:56:52,635] {processor.py:161} INFO - Processing /opt/airflow/dags/2-pythonoperator.py took 0.051 seconds
[2024-06-10 20:57:22,909] {processor.py:153} INFO - Started process (PID=13194) to work on /opt/airflow/dags/2-pythonoperator.py
[2024-06-10 20:57:22,910] {processor.py:641} INFO - Processing file /opt/airflow/dags/2-pythonoperator.py for tasks to queue
[2024-06-10 20:57:22,911] {logging_mixin.py:115} INFO - [2024-06-10 20:57:22,911] {dagbag.py:508} INFO - Filling up the DagBag from /opt/airflow/dags/2-pythonoperator.py
[2024-06-10 20:57:22,920] {processor.py:651} INFO - DAG(s) dict_keys(['python_operator']) retrieved from /opt/airflow/dags/2-pythonoperator.py
[2024-06-10 20:57:22,938] {logging_mixin.py:115} INFO - [2024-06-10 20:57:22,938] {dag.py:2420} INFO - Sync 1 DAGs
[2024-06-10 20:57:22,959] {logging_mixin.py:115} INFO - [2024-06-10 20:57:22,959] {dag.py:2972} INFO - Setting next_dagrun for python_operator to None, run_after=None
[2024-06-10 20:57:22,969] {processor.py:161} INFO - Processing /opt/airflow/dags/2-pythonoperator.py took 0.065 seconds
[2024-06-10 20:57:53,337] {processor.py:153} INFO - Started process (PID=13229) to work on /opt/airflow/dags/2-pythonoperator.py
[2024-06-10 20:57:53,338] {processor.py:641} INFO - Processing file /opt/airflow/dags/2-pythonoperator.py for tasks to queue
[2024-06-10 20:57:53,338] {logging_mixin.py:115} INFO - [2024-06-10 20:57:53,338] {dagbag.py:508} INFO - Filling up the DagBag from /opt/airflow/dags/2-pythonoperator.py
[2024-06-10 20:57:53,343] {processor.py:651} INFO - DAG(s) dict_keys(['python_operator']) retrieved from /opt/airflow/dags/2-pythonoperator.py
[2024-06-10 20:57:53,362] {logging_mixin.py:115} INFO - [2024-06-10 20:57:53,361] {dag.py:2420} INFO - Sync 1 DAGs
[2024-06-10 20:57:53,376] {logging_mixin.py:115} INFO - [2024-06-10 20:57:53,376] {dag.py:2972} INFO - Setting next_dagrun for python_operator to None, run_after=None
[2024-06-10 20:57:53,385] {processor.py:161} INFO - Processing /opt/airflow/dags/2-pythonoperator.py took 0.050 seconds
[2024-06-10 20:58:23,702] {processor.py:153} INFO - Started process (PID=13264) to work on /opt/airflow/dags/2-pythonoperator.py
[2024-06-10 20:58:23,703] {processor.py:641} INFO - Processing file /opt/airflow/dags/2-pythonoperator.py for tasks to queue
[2024-06-10 20:58:23,703] {logging_mixin.py:115} INFO - [2024-06-10 20:58:23,703] {dagbag.py:508} INFO - Filling up the DagBag from /opt/airflow/dags/2-pythonoperator.py
[2024-06-10 20:58:23,708] {processor.py:651} INFO - DAG(s) dict_keys(['python_operator']) retrieved from /opt/airflow/dags/2-pythonoperator.py
[2024-06-10 20:58:23,725] {logging_mixin.py:115} INFO - [2024-06-10 20:58:23,725] {dag.py:2420} INFO - Sync 1 DAGs
[2024-06-10 20:58:23,741] {logging_mixin.py:115} INFO - [2024-06-10 20:58:23,741] {dag.py:2972} INFO - Setting next_dagrun for python_operator to None, run_after=None
[2024-06-10 20:58:23,749] {processor.py:161} INFO - Processing /opt/airflow/dags/2-pythonoperator.py took 0.048 seconds
[2024-06-10 20:58:54,080] {processor.py:153} INFO - Started process (PID=13298) to work on /opt/airflow/dags/2-pythonoperator.py
[2024-06-10 20:58:54,081] {processor.py:641} INFO - Processing file /opt/airflow/dags/2-pythonoperator.py for tasks to queue
[2024-06-10 20:58:54,082] {logging_mixin.py:115} INFO - [2024-06-10 20:58:54,081] {dagbag.py:508} INFO - Filling up the DagBag from /opt/airflow/dags/2-pythonoperator.py
[2024-06-10 20:58:54,088] {processor.py:651} INFO - DAG(s) dict_keys(['python_operator']) retrieved from /opt/airflow/dags/2-pythonoperator.py
[2024-06-10 20:58:54,105] {logging_mixin.py:115} INFO - [2024-06-10 20:58:54,105] {dag.py:2420} INFO - Sync 1 DAGs
[2024-06-10 20:58:54,122] {logging_mixin.py:115} INFO - [2024-06-10 20:58:54,122] {dag.py:2972} INFO - Setting next_dagrun for python_operator to None, run_after=None
[2024-06-10 20:58:54,131] {processor.py:161} INFO - Processing /opt/airflow/dags/2-pythonoperator.py took 0.054 seconds
[2024-06-10 20:59:24,481] {processor.py:153} INFO - Started process (PID=13324) to work on /opt/airflow/dags/2-pythonoperator.py
[2024-06-10 20:59:24,481] {processor.py:641} INFO - Processing file /opt/airflow/dags/2-pythonoperator.py for tasks to queue
[2024-06-10 20:59:24,482] {logging_mixin.py:115} INFO - [2024-06-10 20:59:24,482] {dagbag.py:508} INFO - Filling up the DagBag from /opt/airflow/dags/2-pythonoperator.py
[2024-06-10 20:59:24,487] {processor.py:651} INFO - DAG(s) dict_keys(['python_operator']) retrieved from /opt/airflow/dags/2-pythonoperator.py
[2024-06-10 20:59:24,503] {logging_mixin.py:115} INFO - [2024-06-10 20:59:24,503] {dag.py:2420} INFO - Sync 1 DAGs
[2024-06-10 20:59:24,515] {logging_mixin.py:115} INFO - [2024-06-10 20:59:24,515] {dag.py:2972} INFO - Setting next_dagrun for python_operator to None, run_after=None
[2024-06-10 20:59:24,522] {processor.py:161} INFO - Processing /opt/airflow/dags/2-pythonoperator.py took 0.044 seconds
[2024-06-10 20:59:54,867] {processor.py:153} INFO - Started process (PID=13358) to work on /opt/airflow/dags/2-pythonoperator.py
[2024-06-10 20:59:54,868] {processor.py:641} INFO - Processing file /opt/airflow/dags/2-pythonoperator.py for tasks to queue
[2024-06-10 20:59:54,868] {logging_mixin.py:115} INFO - [2024-06-10 20:59:54,868] {dagbag.py:508} INFO - Filling up the DagBag from /opt/airflow/dags/2-pythonoperator.py
[2024-06-10 20:59:54,872] {processor.py:651} INFO - DAG(s) dict_keys(['python_operator']) retrieved from /opt/airflow/dags/2-pythonoperator.py
[2024-06-10 20:59:54,889] {logging_mixin.py:115} INFO - [2024-06-10 20:59:54,889] {dag.py:2420} INFO - Sync 1 DAGs
[2024-06-10 20:59:54,904] {logging_mixin.py:115} INFO - [2024-06-10 20:59:54,904] {dag.py:2972} INFO - Setting next_dagrun for python_operator to None, run_after=None
[2024-06-10 20:59:54,913] {processor.py:161} INFO - Processing /opt/airflow/dags/2-pythonoperator.py took 0.048 seconds
[2024-06-10 21:00:25,186] {processor.py:153} INFO - Started process (PID=13393) to work on /opt/airflow/dags/2-pythonoperator.py
[2024-06-10 21:00:25,187] {processor.py:641} INFO - Processing file /opt/airflow/dags/2-pythonoperator.py for tasks to queue
[2024-06-10 21:00:25,187] {logging_mixin.py:115} INFO - [2024-06-10 21:00:25,187] {dagbag.py:508} INFO - Filling up the DagBag from /opt/airflow/dags/2-pythonoperator.py
[2024-06-10 21:00:25,193] {processor.py:651} INFO - DAG(s) dict_keys(['python_operator']) retrieved from /opt/airflow/dags/2-pythonoperator.py
[2024-06-10 21:00:25,208] {logging_mixin.py:115} INFO - [2024-06-10 21:00:25,208] {dag.py:2420} INFO - Sync 1 DAGs
[2024-06-10 21:00:25,222] {logging_mixin.py:115} INFO - [2024-06-10 21:00:25,222] {dag.py:2972} INFO - Setting next_dagrun for python_operator to None, run_after=None
[2024-06-10 21:00:25,244] {processor.py:161} INFO - Processing /opt/airflow/dags/2-pythonoperator.py took 0.060 seconds
[2024-06-10 21:00:55,590] {processor.py:153} INFO - Started process (PID=13428) to work on /opt/airflow/dags/2-pythonoperator.py
[2024-06-10 21:00:55,591] {processor.py:641} INFO - Processing file /opt/airflow/dags/2-pythonoperator.py for tasks to queue
[2024-06-10 21:00:55,591] {logging_mixin.py:115} INFO - [2024-06-10 21:00:55,591] {dagbag.py:508} INFO - Filling up the DagBag from /opt/airflow/dags/2-pythonoperator.py
[2024-06-10 21:00:55,597] {processor.py:651} INFO - DAG(s) dict_keys(['python_operator']) retrieved from /opt/airflow/dags/2-pythonoperator.py
[2024-06-10 21:00:55,616] {logging_mixin.py:115} INFO - [2024-06-10 21:00:55,616] {dag.py:2420} INFO - Sync 1 DAGs
[2024-06-10 21:00:55,637] {logging_mixin.py:115} INFO - [2024-06-10 21:00:55,637] {dag.py:2972} INFO - Setting next_dagrun for python_operator to None, run_after=None
[2024-06-10 21:00:55,652] {processor.py:161} INFO - Processing /opt/airflow/dags/2-pythonoperator.py took 0.064 seconds
[2024-06-10 21:01:26,009] {processor.py:153} INFO - Started process (PID=13463) to work on /opt/airflow/dags/2-pythonoperator.py
[2024-06-10 21:01:26,009] {processor.py:641} INFO - Processing file /opt/airflow/dags/2-pythonoperator.py for tasks to queue
[2024-06-10 21:01:26,010] {logging_mixin.py:115} INFO - [2024-06-10 21:01:26,009] {dagbag.py:508} INFO - Filling up the DagBag from /opt/airflow/dags/2-pythonoperator.py
[2024-06-10 21:01:26,015] {processor.py:651} INFO - DAG(s) dict_keys(['python_operator']) retrieved from /opt/airflow/dags/2-pythonoperator.py
[2024-06-10 21:01:26,035] {logging_mixin.py:115} INFO - [2024-06-10 21:01:26,035] {dag.py:2420} INFO - Sync 1 DAGs
[2024-06-10 21:01:26,049] {logging_mixin.py:115} INFO - [2024-06-10 21:01:26,049] {dag.py:2972} INFO - Setting next_dagrun for python_operator to None, run_after=None
[2024-06-10 21:01:26,057] {processor.py:161} INFO - Processing /opt/airflow/dags/2-pythonoperator.py took 0.051 seconds
[2024-06-10 21:01:56,330] {processor.py:153} INFO - Started process (PID=13498) to work on /opt/airflow/dags/2-pythonoperator.py
[2024-06-10 21:01:56,331] {processor.py:641} INFO - Processing file /opt/airflow/dags/2-pythonoperator.py for tasks to queue
[2024-06-10 21:01:56,331] {logging_mixin.py:115} INFO - [2024-06-10 21:01:56,331] {dagbag.py:508} INFO - Filling up the DagBag from /opt/airflow/dags/2-pythonoperator.py
[2024-06-10 21:01:56,336] {processor.py:651} INFO - DAG(s) dict_keys(['python_operator']) retrieved from /opt/airflow/dags/2-pythonoperator.py
[2024-06-10 21:01:56,352] {logging_mixin.py:115} INFO - [2024-06-10 21:01:56,352] {dag.py:2420} INFO - Sync 1 DAGs
[2024-06-10 21:01:56,366] {logging_mixin.py:115} INFO - [2024-06-10 21:01:56,366] {dag.py:2972} INFO - Setting next_dagrun for python_operator to None, run_after=None
[2024-06-10 21:01:56,375] {processor.py:161} INFO - Processing /opt/airflow/dags/2-pythonoperator.py took 0.048 seconds
[2024-06-10 21:02:26,706] {processor.py:153} INFO - Started process (PID=13524) to work on /opt/airflow/dags/2-pythonoperator.py
[2024-06-10 21:02:26,706] {processor.py:641} INFO - Processing file /opt/airflow/dags/2-pythonoperator.py for tasks to queue
[2024-06-10 21:02:26,707] {logging_mixin.py:115} INFO - [2024-06-10 21:02:26,707] {dagbag.py:508} INFO - Filling up the DagBag from /opt/airflow/dags/2-pythonoperator.py
[2024-06-10 21:02:26,712] {processor.py:651} INFO - DAG(s) dict_keys(['python_operator']) retrieved from /opt/airflow/dags/2-pythonoperator.py
[2024-06-10 21:02:26,728] {logging_mixin.py:115} INFO - [2024-06-10 21:02:26,728] {dag.py:2420} INFO - Sync 1 DAGs
[2024-06-10 21:02:26,741] {logging_mixin.py:115} INFO - [2024-06-10 21:02:26,741] {dag.py:2972} INFO - Setting next_dagrun for python_operator to None, run_after=None
[2024-06-10 21:02:26,749] {processor.py:161} INFO - Processing /opt/airflow/dags/2-pythonoperator.py took 0.046 seconds
[2024-06-10 21:02:57,086] {processor.py:153} INFO - Started process (PID=13559) to work on /opt/airflow/dags/2-pythonoperator.py
[2024-06-10 21:02:57,087] {processor.py:641} INFO - Processing file /opt/airflow/dags/2-pythonoperator.py for tasks to queue
[2024-06-10 21:02:57,087] {logging_mixin.py:115} INFO - [2024-06-10 21:02:57,087] {dagbag.py:508} INFO - Filling up the DagBag from /opt/airflow/dags/2-pythonoperator.py
[2024-06-10 21:02:57,092] {processor.py:651} INFO - DAG(s) dict_keys(['python_operator']) retrieved from /opt/airflow/dags/2-pythonoperator.py
[2024-06-10 21:02:57,107] {logging_mixin.py:115} INFO - [2024-06-10 21:02:57,107] {dag.py:2420} INFO - Sync 1 DAGs
[2024-06-10 21:02:57,120] {logging_mixin.py:115} INFO - [2024-06-10 21:02:57,120] {dag.py:2972} INFO - Setting next_dagrun for python_operator to None, run_after=None
[2024-06-10 21:02:57,130] {processor.py:161} INFO - Processing /opt/airflow/dags/2-pythonoperator.py took 0.046 seconds
[2024-06-10 21:03:27,426] {processor.py:153} INFO - Started process (PID=13594) to work on /opt/airflow/dags/2-pythonoperator.py
[2024-06-10 21:03:27,426] {processor.py:641} INFO - Processing file /opt/airflow/dags/2-pythonoperator.py for tasks to queue
[2024-06-10 21:03:27,427] {logging_mixin.py:115} INFO - [2024-06-10 21:03:27,426] {dagbag.py:508} INFO - Filling up the DagBag from /opt/airflow/dags/2-pythonoperator.py
[2024-06-10 21:03:27,431] {processor.py:651} INFO - DAG(s) dict_keys(['python_operator']) retrieved from /opt/airflow/dags/2-pythonoperator.py
[2024-06-10 21:03:27,448] {logging_mixin.py:115} INFO - [2024-06-10 21:03:27,448] {dag.py:2420} INFO - Sync 1 DAGs
[2024-06-10 21:03:27,462] {logging_mixin.py:115} INFO - [2024-06-10 21:03:27,462] {dag.py:2972} INFO - Setting next_dagrun for python_operator to None, run_after=None
[2024-06-10 21:03:27,470] {processor.py:161} INFO - Processing /opt/airflow/dags/2-pythonoperator.py took 0.046 seconds
[2024-06-10 21:03:57,766] {processor.py:153} INFO - Started process (PID=13629) to work on /opt/airflow/dags/2-pythonoperator.py
[2024-06-10 21:03:57,766] {processor.py:641} INFO - Processing file /opt/airflow/dags/2-pythonoperator.py for tasks to queue
[2024-06-10 21:03:57,766] {logging_mixin.py:115} INFO - [2024-06-10 21:03:57,766] {dagbag.py:508} INFO - Filling up the DagBag from /opt/airflow/dags/2-pythonoperator.py
[2024-06-10 21:03:57,771] {processor.py:651} INFO - DAG(s) dict_keys(['python_operator']) retrieved from /opt/airflow/dags/2-pythonoperator.py
[2024-06-10 21:03:57,786] {logging_mixin.py:115} INFO - [2024-06-10 21:03:57,786] {dag.py:2420} INFO - Sync 1 DAGs
[2024-06-10 21:03:57,798] {logging_mixin.py:115} INFO - [2024-06-10 21:03:57,798] {dag.py:2972} INFO - Setting next_dagrun for python_operator to None, run_after=None
[2024-06-10 21:03:57,805] {processor.py:161} INFO - Processing /opt/airflow/dags/2-pythonoperator.py took 0.041 seconds
[2024-06-10 21:04:28,103] {processor.py:153} INFO - Started process (PID=13663) to work on /opt/airflow/dags/2-pythonoperator.py
[2024-06-10 21:04:28,103] {processor.py:641} INFO - Processing file /opt/airflow/dags/2-pythonoperator.py for tasks to queue
[2024-06-10 21:04:28,104] {logging_mixin.py:115} INFO - [2024-06-10 21:04:28,104] {dagbag.py:508} INFO - Filling up the DagBag from /opt/airflow/dags/2-pythonoperator.py
[2024-06-10 21:04:28,110] {processor.py:651} INFO - DAG(s) dict_keys(['python_operator']) retrieved from /opt/airflow/dags/2-pythonoperator.py
[2024-06-10 21:04:28,125] {logging_mixin.py:115} INFO - [2024-06-10 21:04:28,125] {dag.py:2420} INFO - Sync 1 DAGs
[2024-06-10 21:04:28,138] {logging_mixin.py:115} INFO - [2024-06-10 21:04:28,138] {dag.py:2972} INFO - Setting next_dagrun for python_operator to None, run_after=None
[2024-06-10 21:04:28,147] {processor.py:161} INFO - Processing /opt/airflow/dags/2-pythonoperator.py took 0.046 seconds
[2024-06-10 21:04:58,402] {processor.py:153} INFO - Started process (PID=13689) to work on /opt/airflow/dags/2-pythonoperator.py
[2024-06-10 21:04:58,403] {processor.py:641} INFO - Processing file /opt/airflow/dags/2-pythonoperator.py for tasks to queue
[2024-06-10 21:04:58,403] {logging_mixin.py:115} INFO - [2024-06-10 21:04:58,403] {dagbag.py:508} INFO - Filling up the DagBag from /opt/airflow/dags/2-pythonoperator.py
[2024-06-10 21:04:58,407] {processor.py:651} INFO - DAG(s) dict_keys(['python_operator']) retrieved from /opt/airflow/dags/2-pythonoperator.py
[2024-06-10 21:04:58,422] {logging_mixin.py:115} INFO - [2024-06-10 21:04:58,422] {dag.py:2420} INFO - Sync 1 DAGs
[2024-06-10 21:04:58,436] {logging_mixin.py:115} INFO - [2024-06-10 21:04:58,436] {dag.py:2972} INFO - Setting next_dagrun for python_operator to None, run_after=None
[2024-06-10 21:04:58,446] {processor.py:161} INFO - Processing /opt/airflow/dags/2-pythonoperator.py took 0.046 seconds
[2024-06-10 21:05:28,791] {processor.py:153} INFO - Started process (PID=13724) to work on /opt/airflow/dags/2-pythonoperator.py
[2024-06-10 21:05:28,791] {processor.py:641} INFO - Processing file /opt/airflow/dags/2-pythonoperator.py for tasks to queue
[2024-06-10 21:05:28,791] {logging_mixin.py:115} INFO - [2024-06-10 21:05:28,791] {dagbag.py:508} INFO - Filling up the DagBag from /opt/airflow/dags/2-pythonoperator.py
[2024-06-10 21:05:28,797] {processor.py:651} INFO - DAG(s) dict_keys(['python_operator']) retrieved from /opt/airflow/dags/2-pythonoperator.py
[2024-06-10 21:05:28,813] {logging_mixin.py:115} INFO - [2024-06-10 21:05:28,813] {dag.py:2420} INFO - Sync 1 DAGs
[2024-06-10 21:05:28,828] {logging_mixin.py:115} INFO - [2024-06-10 21:05:28,828] {dag.py:2972} INFO - Setting next_dagrun for python_operator to None, run_after=None
[2024-06-10 21:05:28,837] {processor.py:161} INFO - Processing /opt/airflow/dags/2-pythonoperator.py took 0.048 seconds
[2024-06-10 21:05:59,142] {processor.py:153} INFO - Started process (PID=13759) to work on /opt/airflow/dags/2-pythonoperator.py
[2024-06-10 21:05:59,142] {processor.py:641} INFO - Processing file /opt/airflow/dags/2-pythonoperator.py for tasks to queue
[2024-06-10 21:05:59,142] {logging_mixin.py:115} INFO - [2024-06-10 21:05:59,142] {dagbag.py:508} INFO - Filling up the DagBag from /opt/airflow/dags/2-pythonoperator.py
[2024-06-10 21:05:59,147] {processor.py:651} INFO - DAG(s) dict_keys(['python_operator']) retrieved from /opt/airflow/dags/2-pythonoperator.py
[2024-06-10 21:05:59,161] {logging_mixin.py:115} INFO - [2024-06-10 21:05:59,161] {dag.py:2420} INFO - Sync 1 DAGs
[2024-06-10 21:05:59,174] {logging_mixin.py:115} INFO - [2024-06-10 21:05:59,174] {dag.py:2972} INFO - Setting next_dagrun for python_operator to None, run_after=None
[2024-06-10 21:05:59,182] {processor.py:161} INFO - Processing /opt/airflow/dags/2-pythonoperator.py took 0.042 seconds
[2024-06-10 21:06:29,542] {processor.py:153} INFO - Started process (PID=13794) to work on /opt/airflow/dags/2-pythonoperator.py
[2024-06-10 21:06:29,543] {processor.py:641} INFO - Processing file /opt/airflow/dags/2-pythonoperator.py for tasks to queue
[2024-06-10 21:06:29,543] {logging_mixin.py:115} INFO - [2024-06-10 21:06:29,543] {dagbag.py:508} INFO - Filling up the DagBag from /opt/airflow/dags/2-pythonoperator.py
[2024-06-10 21:06:29,550] {processor.py:651} INFO - DAG(s) dict_keys(['python_operator']) retrieved from /opt/airflow/dags/2-pythonoperator.py
[2024-06-10 21:06:29,564] {logging_mixin.py:115} INFO - [2024-06-10 21:06:29,564] {dag.py:2420} INFO - Sync 1 DAGs
[2024-06-10 21:06:29,580] {logging_mixin.py:115} INFO - [2024-06-10 21:06:29,580] {dag.py:2972} INFO - Setting next_dagrun for python_operator to None, run_after=None
[2024-06-10 21:06:29,588] {processor.py:161} INFO - Processing /opt/airflow/dags/2-pythonoperator.py took 0.048 seconds
[2024-06-10 21:06:59,899] {processor.py:153} INFO - Started process (PID=13828) to work on /opt/airflow/dags/2-pythonoperator.py
[2024-06-10 21:06:59,900] {processor.py:641} INFO - Processing file /opt/airflow/dags/2-pythonoperator.py for tasks to queue
[2024-06-10 21:06:59,900] {logging_mixin.py:115} INFO - [2024-06-10 21:06:59,900] {dagbag.py:508} INFO - Filling up the DagBag from /opt/airflow/dags/2-pythonoperator.py
[2024-06-10 21:06:59,904] {processor.py:651} INFO - DAG(s) dict_keys(['python_operator']) retrieved from /opt/airflow/dags/2-pythonoperator.py
[2024-06-10 21:06:59,919] {logging_mixin.py:115} INFO - [2024-06-10 21:06:59,919] {dag.py:2420} INFO - Sync 1 DAGs
[2024-06-10 21:06:59,931] {logging_mixin.py:115} INFO - [2024-06-10 21:06:59,931] {dag.py:2972} INFO - Setting next_dagrun for python_operator to None, run_after=None
[2024-06-10 21:06:59,938] {processor.py:161} INFO - Processing /opt/airflow/dags/2-pythonoperator.py took 0.041 seconds
[2024-06-10 21:07:30,287] {processor.py:153} INFO - Started process (PID=13861) to work on /opt/airflow/dags/2-pythonoperator.py
[2024-06-10 21:07:30,288] {processor.py:641} INFO - Processing file /opt/airflow/dags/2-pythonoperator.py for tasks to queue
[2024-06-10 21:07:30,288] {logging_mixin.py:115} INFO - [2024-06-10 21:07:30,288] {dagbag.py:508} INFO - Filling up the DagBag from /opt/airflow/dags/2-pythonoperator.py
[2024-06-10 21:07:30,292] {processor.py:651} INFO - DAG(s) dict_keys(['python_operator']) retrieved from /opt/airflow/dags/2-pythonoperator.py
[2024-06-10 21:07:30,310] {logging_mixin.py:115} INFO - [2024-06-10 21:07:30,310] {dag.py:2420} INFO - Sync 1 DAGs
[2024-06-10 21:07:30,327] {logging_mixin.py:115} INFO - [2024-06-10 21:07:30,327] {dag.py:2972} INFO - Setting next_dagrun for python_operator to None, run_after=None
[2024-06-10 21:07:30,336] {processor.py:161} INFO - Processing /opt/airflow/dags/2-pythonoperator.py took 0.051 seconds
[2024-06-10 21:08:00,701] {processor.py:153} INFO - Started process (PID=13888) to work on /opt/airflow/dags/2-pythonoperator.py
[2024-06-10 21:08:00,701] {processor.py:641} INFO - Processing file /opt/airflow/dags/2-pythonoperator.py for tasks to queue
[2024-06-10 21:08:00,702] {logging_mixin.py:115} INFO - [2024-06-10 21:08:00,702] {dagbag.py:508} INFO - Filling up the DagBag from /opt/airflow/dags/2-pythonoperator.py
[2024-06-10 21:08:00,707] {processor.py:651} INFO - DAG(s) dict_keys(['python_operator']) retrieved from /opt/airflow/dags/2-pythonoperator.py
[2024-06-10 21:08:00,728] {logging_mixin.py:115} INFO - [2024-06-10 21:08:00,727] {dag.py:2420} INFO - Sync 1 DAGs
[2024-06-10 21:08:00,743] {logging_mixin.py:115} INFO - [2024-06-10 21:08:00,743] {dag.py:2972} INFO - Setting next_dagrun for python_operator to None, run_after=None
[2024-06-10 21:08:00,752] {processor.py:161} INFO - Processing /opt/airflow/dags/2-pythonoperator.py took 0.054 seconds
[2024-06-10 21:08:31,045] {processor.py:153} INFO - Started process (PID=13923) to work on /opt/airflow/dags/2-pythonoperator.py
[2024-06-10 21:08:31,047] {processor.py:641} INFO - Processing file /opt/airflow/dags/2-pythonoperator.py for tasks to queue
[2024-06-10 21:08:31,047] {logging_mixin.py:115} INFO - [2024-06-10 21:08:31,047] {dagbag.py:508} INFO - Filling up the DagBag from /opt/airflow/dags/2-pythonoperator.py
[2024-06-10 21:08:31,054] {processor.py:651} INFO - DAG(s) dict_keys(['python_operator']) retrieved from /opt/airflow/dags/2-pythonoperator.py
[2024-06-10 21:08:31,070] {logging_mixin.py:115} INFO - [2024-06-10 21:08:31,070] {dag.py:2420} INFO - Sync 1 DAGs
[2024-06-10 21:08:31,087] {logging_mixin.py:115} INFO - [2024-06-10 21:08:31,087] {dag.py:2972} INFO - Setting next_dagrun for python_operator to None, run_after=None
[2024-06-10 21:08:31,095] {processor.py:161} INFO - Processing /opt/airflow/dags/2-pythonoperator.py took 0.052 seconds
[2024-06-10 21:09:01,416] {processor.py:153} INFO - Started process (PID=13958) to work on /opt/airflow/dags/2-pythonoperator.py
[2024-06-10 21:09:01,417] {processor.py:641} INFO - Processing file /opt/airflow/dags/2-pythonoperator.py for tasks to queue
[2024-06-10 21:09:01,417] {logging_mixin.py:115} INFO - [2024-06-10 21:09:01,417] {dagbag.py:508} INFO - Filling up the DagBag from /opt/airflow/dags/2-pythonoperator.py
[2024-06-10 21:09:01,423] {processor.py:651} INFO - DAG(s) dict_keys(['python_operator']) retrieved from /opt/airflow/dags/2-pythonoperator.py
[2024-06-10 21:09:01,441] {logging_mixin.py:115} INFO - [2024-06-10 21:09:01,441] {dag.py:2420} INFO - Sync 1 DAGs
[2024-06-10 21:09:01,457] {logging_mixin.py:115} INFO - [2024-06-10 21:09:01,457] {dag.py:2972} INFO - Setting next_dagrun for python_operator to None, run_after=None
[2024-06-10 21:09:01,465] {processor.py:161} INFO - Processing /opt/airflow/dags/2-pythonoperator.py took 0.052 seconds
[2024-06-10 21:09:31,770] {processor.py:153} INFO - Started process (PID=13992) to work on /opt/airflow/dags/2-pythonoperator.py
[2024-06-10 21:09:31,771] {processor.py:641} INFO - Processing file /opt/airflow/dags/2-pythonoperator.py for tasks to queue
[2024-06-10 21:09:31,771] {logging_mixin.py:115} INFO - [2024-06-10 21:09:31,771] {dagbag.py:508} INFO - Filling up the DagBag from /opt/airflow/dags/2-pythonoperator.py
[2024-06-10 21:09:31,776] {processor.py:651} INFO - DAG(s) dict_keys(['python_operator']) retrieved from /opt/airflow/dags/2-pythonoperator.py
[2024-06-10 21:09:31,791] {logging_mixin.py:115} INFO - [2024-06-10 21:09:31,791] {dag.py:2420} INFO - Sync 1 DAGs
[2024-06-10 21:09:31,805] {logging_mixin.py:115} INFO - [2024-06-10 21:09:31,805] {dag.py:2972} INFO - Setting next_dagrun for python_operator to None, run_after=None
[2024-06-10 21:09:31,813] {processor.py:161} INFO - Processing /opt/airflow/dags/2-pythonoperator.py took 0.045 seconds
[2024-06-10 21:10:02,100] {processor.py:153} INFO - Started process (PID=14027) to work on /opt/airflow/dags/2-pythonoperator.py
[2024-06-10 21:10:02,100] {processor.py:641} INFO - Processing file /opt/airflow/dags/2-pythonoperator.py for tasks to queue
[2024-06-10 21:10:02,101] {logging_mixin.py:115} INFO - [2024-06-10 21:10:02,101] {dagbag.py:508} INFO - Filling up the DagBag from /opt/airflow/dags/2-pythonoperator.py
[2024-06-10 21:10:02,108] {processor.py:651} INFO - DAG(s) dict_keys(['python_operator']) retrieved from /opt/airflow/dags/2-pythonoperator.py
[2024-06-10 21:10:02,130] {logging_mixin.py:115} INFO - [2024-06-10 21:10:02,130] {dag.py:2420} INFO - Sync 1 DAGs
[2024-06-10 21:10:02,149] {logging_mixin.py:115} INFO - [2024-06-10 21:10:02,149] {dag.py:2972} INFO - Setting next_dagrun for python_operator to None, run_after=None
[2024-06-10 21:10:02,165] {processor.py:161} INFO - Processing /opt/airflow/dags/2-pythonoperator.py took 0.067 seconds
[2024-06-10 21:10:32,488] {processor.py:153} INFO - Started process (PID=14053) to work on /opt/airflow/dags/2-pythonoperator.py
[2024-06-10 21:10:32,489] {processor.py:641} INFO - Processing file /opt/airflow/dags/2-pythonoperator.py for tasks to queue
[2024-06-10 21:10:32,489] {logging_mixin.py:115} INFO - [2024-06-10 21:10:32,489] {dagbag.py:508} INFO - Filling up the DagBag from /opt/airflow/dags/2-pythonoperator.py
[2024-06-10 21:10:32,494] {processor.py:651} INFO - DAG(s) dict_keys(['python_operator']) retrieved from /opt/airflow/dags/2-pythonoperator.py
[2024-06-10 21:10:32,509] {logging_mixin.py:115} INFO - [2024-06-10 21:10:32,509] {dag.py:2420} INFO - Sync 1 DAGs
[2024-06-10 21:10:32,523] {logging_mixin.py:115} INFO - [2024-06-10 21:10:32,523] {dag.py:2972} INFO - Setting next_dagrun for python_operator to None, run_after=None
[2024-06-10 21:10:32,532] {processor.py:161} INFO - Processing /opt/airflow/dags/2-pythonoperator.py took 0.045 seconds
[2024-06-10 21:11:02,871] {processor.py:153} INFO - Started process (PID=14088) to work on /opt/airflow/dags/2-pythonoperator.py
[2024-06-10 21:11:02,871] {processor.py:641} INFO - Processing file /opt/airflow/dags/2-pythonoperator.py for tasks to queue
[2024-06-10 21:11:02,871] {logging_mixin.py:115} INFO - [2024-06-10 21:11:02,871] {dagbag.py:508} INFO - Filling up the DagBag from /opt/airflow/dags/2-pythonoperator.py
[2024-06-10 21:11:02,876] {processor.py:651} INFO - DAG(s) dict_keys(['python_operator']) retrieved from /opt/airflow/dags/2-pythonoperator.py
[2024-06-10 21:11:02,891] {logging_mixin.py:115} INFO - [2024-06-10 21:11:02,891] {dag.py:2420} INFO - Sync 1 DAGs
[2024-06-10 21:11:02,904] {logging_mixin.py:115} INFO - [2024-06-10 21:11:02,904] {dag.py:2972} INFO - Setting next_dagrun for python_operator to None, run_after=None
[2024-06-10 21:11:02,913] {processor.py:161} INFO - Processing /opt/airflow/dags/2-pythonoperator.py took 0.044 seconds
[2024-06-10 21:11:33,167] {processor.py:153} INFO - Started process (PID=14123) to work on /opt/airflow/dags/2-pythonoperator.py
[2024-06-10 21:11:33,168] {processor.py:641} INFO - Processing file /opt/airflow/dags/2-pythonoperator.py for tasks to queue
[2024-06-10 21:11:33,169] {logging_mixin.py:115} INFO - [2024-06-10 21:11:33,169] {dagbag.py:508} INFO - Filling up the DagBag from /opt/airflow/dags/2-pythonoperator.py
[2024-06-10 21:11:33,174] {processor.py:651} INFO - DAG(s) dict_keys(['python_operator']) retrieved from /opt/airflow/dags/2-pythonoperator.py
[2024-06-10 21:11:33,189] {logging_mixin.py:115} INFO - [2024-06-10 21:11:33,189] {dag.py:2420} INFO - Sync 1 DAGs
[2024-06-10 21:11:33,202] {logging_mixin.py:115} INFO - [2024-06-10 21:11:33,202] {dag.py:2972} INFO - Setting next_dagrun for python_operator to None, run_after=None
[2024-06-10 21:11:33,210] {processor.py:161} INFO - Processing /opt/airflow/dags/2-pythonoperator.py took 0.044 seconds
[2024-06-10 21:12:03,544] {processor.py:153} INFO - Started process (PID=14158) to work on /opt/airflow/dags/2-pythonoperator.py
[2024-06-10 21:12:03,544] {processor.py:641} INFO - Processing file /opt/airflow/dags/2-pythonoperator.py for tasks to queue
[2024-06-10 21:12:03,545] {logging_mixin.py:115} INFO - [2024-06-10 21:12:03,545] {dagbag.py:508} INFO - Filling up the DagBag from /opt/airflow/dags/2-pythonoperator.py
[2024-06-10 21:12:03,549] {processor.py:651} INFO - DAG(s) dict_keys(['python_operator']) retrieved from /opt/airflow/dags/2-pythonoperator.py
[2024-06-10 21:12:03,566] {logging_mixin.py:115} INFO - [2024-06-10 21:12:03,566] {dag.py:2420} INFO - Sync 1 DAGs
[2024-06-10 21:12:03,580] {logging_mixin.py:115} INFO - [2024-06-10 21:12:03,580] {dag.py:2972} INFO - Setting next_dagrun for python_operator to None, run_after=None
[2024-06-10 21:12:03,587] {processor.py:161} INFO - Processing /opt/airflow/dags/2-pythonoperator.py took 0.045 seconds
[2024-06-10 21:12:33,875] {processor.py:153} INFO - Started process (PID=14192) to work on /opt/airflow/dags/2-pythonoperator.py
[2024-06-10 21:12:33,876] {processor.py:641} INFO - Processing file /opt/airflow/dags/2-pythonoperator.py for tasks to queue
[2024-06-10 21:12:33,876] {logging_mixin.py:115} INFO - [2024-06-10 21:12:33,876] {dagbag.py:508} INFO - Filling up the DagBag from /opt/airflow/dags/2-pythonoperator.py
[2024-06-10 21:12:33,880] {processor.py:651} INFO - DAG(s) dict_keys(['python_operator']) retrieved from /opt/airflow/dags/2-pythonoperator.py
[2024-06-10 21:12:33,896] {logging_mixin.py:115} INFO - [2024-06-10 21:12:33,895] {dag.py:2420} INFO - Sync 1 DAGs
[2024-06-10 21:12:33,908] {logging_mixin.py:115} INFO - [2024-06-10 21:12:33,908] {dag.py:2972} INFO - Setting next_dagrun for python_operator to None, run_after=None
[2024-06-10 21:12:33,915] {processor.py:161} INFO - Processing /opt/airflow/dags/2-pythonoperator.py took 0.042 seconds
[2024-06-10 21:13:04,217] {processor.py:153} INFO - Started process (PID=14217) to work on /opt/airflow/dags/2-pythonoperator.py
[2024-06-10 21:13:04,218] {processor.py:641} INFO - Processing file /opt/airflow/dags/2-pythonoperator.py for tasks to queue
[2024-06-10 21:13:04,218] {logging_mixin.py:115} INFO - [2024-06-10 21:13:04,218] {dagbag.py:508} INFO - Filling up the DagBag from /opt/airflow/dags/2-pythonoperator.py
[2024-06-10 21:13:04,223] {processor.py:651} INFO - DAG(s) dict_keys(['python_operator']) retrieved from /opt/airflow/dags/2-pythonoperator.py
[2024-06-10 21:13:04,238] {logging_mixin.py:115} INFO - [2024-06-10 21:13:04,238] {dag.py:2420} INFO - Sync 1 DAGs
[2024-06-10 21:13:04,252] {logging_mixin.py:115} INFO - [2024-06-10 21:13:04,252] {dag.py:2972} INFO - Setting next_dagrun for python_operator to None, run_after=None
[2024-06-10 21:13:04,260] {processor.py:161} INFO - Processing /opt/airflow/dags/2-pythonoperator.py took 0.045 seconds
[2024-06-10 21:13:34,587] {processor.py:153} INFO - Started process (PID=14251) to work on /opt/airflow/dags/2-pythonoperator.py
[2024-06-10 21:13:34,587] {processor.py:641} INFO - Processing file /opt/airflow/dags/2-pythonoperator.py for tasks to queue
[2024-06-10 21:13:34,588] {logging_mixin.py:115} INFO - [2024-06-10 21:13:34,588] {dagbag.py:508} INFO - Filling up the DagBag from /opt/airflow/dags/2-pythonoperator.py
[2024-06-10 21:13:34,594] {processor.py:651} INFO - DAG(s) dict_keys(['python_operator']) retrieved from /opt/airflow/dags/2-pythonoperator.py
[2024-06-10 21:13:34,614] {logging_mixin.py:115} INFO - [2024-06-10 21:13:34,614] {dag.py:2420} INFO - Sync 1 DAGs
[2024-06-10 21:13:34,628] {logging_mixin.py:115} INFO - [2024-06-10 21:13:34,628] {dag.py:2972} INFO - Setting next_dagrun for python_operator to None, run_after=None
[2024-06-10 21:13:34,636] {processor.py:161} INFO - Processing /opt/airflow/dags/2-pythonoperator.py took 0.051 seconds
[2024-06-10 21:14:04,953] {processor.py:153} INFO - Started process (PID=14286) to work on /opt/airflow/dags/2-pythonoperator.py
[2024-06-10 21:14:04,953] {processor.py:641} INFO - Processing file /opt/airflow/dags/2-pythonoperator.py for tasks to queue
[2024-06-10 21:14:04,954] {logging_mixin.py:115} INFO - [2024-06-10 21:14:04,954] {dagbag.py:508} INFO - Filling up the DagBag from /opt/airflow/dags/2-pythonoperator.py
[2024-06-10 21:14:04,959] {processor.py:651} INFO - DAG(s) dict_keys(['python_operator']) retrieved from /opt/airflow/dags/2-pythonoperator.py
[2024-06-10 21:14:04,974] {logging_mixin.py:115} INFO - [2024-06-10 21:14:04,974] {dag.py:2420} INFO - Sync 1 DAGs
[2024-06-10 21:14:04,989] {logging_mixin.py:115} INFO - [2024-06-10 21:14:04,988] {dag.py:2972} INFO - Setting next_dagrun for python_operator to None, run_after=None
[2024-06-10 21:14:04,996] {processor.py:161} INFO - Processing /opt/airflow/dags/2-pythonoperator.py took 0.047 seconds
[2024-06-10 21:14:35,305] {processor.py:153} INFO - Started process (PID=14321) to work on /opt/airflow/dags/2-pythonoperator.py
[2024-06-10 21:14:35,306] {processor.py:641} INFO - Processing file /opt/airflow/dags/2-pythonoperator.py for tasks to queue
[2024-06-10 21:14:35,306] {logging_mixin.py:115} INFO - [2024-06-10 21:14:35,306] {dagbag.py:508} INFO - Filling up the DagBag from /opt/airflow/dags/2-pythonoperator.py
[2024-06-10 21:14:35,310] {processor.py:651} INFO - DAG(s) dict_keys(['python_operator']) retrieved from /opt/airflow/dags/2-pythonoperator.py
[2024-06-10 21:14:35,325] {logging_mixin.py:115} INFO - [2024-06-10 21:14:35,325] {dag.py:2420} INFO - Sync 1 DAGs
[2024-06-10 21:14:35,337] {logging_mixin.py:115} INFO - [2024-06-10 21:14:35,337] {dag.py:2972} INFO - Setting next_dagrun for python_operator to None, run_after=None
[2024-06-10 21:14:35,344] {processor.py:161} INFO - Processing /opt/airflow/dags/2-pythonoperator.py took 0.041 seconds
[2024-06-10 21:15:05,644] {processor.py:153} INFO - Started process (PID=14356) to work on /opt/airflow/dags/2-pythonoperator.py
[2024-06-10 21:15:05,644] {processor.py:641} INFO - Processing file /opt/airflow/dags/2-pythonoperator.py for tasks to queue
[2024-06-10 21:15:05,644] {logging_mixin.py:115} INFO - [2024-06-10 21:15:05,644] {dagbag.py:508} INFO - Filling up the DagBag from /opt/airflow/dags/2-pythonoperator.py
[2024-06-10 21:15:05,651] {processor.py:651} INFO - DAG(s) dict_keys(['python_operator']) retrieved from /opt/airflow/dags/2-pythonoperator.py
[2024-06-10 21:15:05,667] {logging_mixin.py:115} INFO - [2024-06-10 21:15:05,667] {dag.py:2420} INFO - Sync 1 DAGs
[2024-06-10 21:15:05,681] {logging_mixin.py:115} INFO - [2024-06-10 21:15:05,681] {dag.py:2972} INFO - Setting next_dagrun for python_operator to None, run_after=None
[2024-06-10 21:15:05,688] {processor.py:161} INFO - Processing /opt/airflow/dags/2-pythonoperator.py took 0.047 seconds
[2024-06-10 21:15:35,966] {processor.py:153} INFO - Started process (PID=14391) to work on /opt/airflow/dags/2-pythonoperator.py
[2024-06-10 21:15:35,966] {processor.py:641} INFO - Processing file /opt/airflow/dags/2-pythonoperator.py for tasks to queue
[2024-06-10 21:15:35,967] {logging_mixin.py:115} INFO - [2024-06-10 21:15:35,967] {dagbag.py:508} INFO - Filling up the DagBag from /opt/airflow/dags/2-pythonoperator.py
[2024-06-10 21:15:35,972] {processor.py:651} INFO - DAG(s) dict_keys(['python_operator']) retrieved from /opt/airflow/dags/2-pythonoperator.py
[2024-06-10 21:15:35,987] {logging_mixin.py:115} INFO - [2024-06-10 21:15:35,987] {dag.py:2420} INFO - Sync 1 DAGs
[2024-06-10 21:15:36,001] {logging_mixin.py:115} INFO - [2024-06-10 21:15:36,001] {dag.py:2972} INFO - Setting next_dagrun for python_operator to None, run_after=None
[2024-06-10 21:15:36,010] {processor.py:161} INFO - Processing /opt/airflow/dags/2-pythonoperator.py took 0.046 seconds
[2024-06-10 21:16:06,372] {processor.py:153} INFO - Started process (PID=14417) to work on /opt/airflow/dags/2-pythonoperator.py
[2024-06-10 21:16:06,373] {processor.py:641} INFO - Processing file /opt/airflow/dags/2-pythonoperator.py for tasks to queue
[2024-06-10 21:16:06,373] {logging_mixin.py:115} INFO - [2024-06-10 21:16:06,373] {dagbag.py:508} INFO - Filling up the DagBag from /opt/airflow/dags/2-pythonoperator.py
[2024-06-10 21:16:06,377] {processor.py:651} INFO - DAG(s) dict_keys(['python_operator']) retrieved from /opt/airflow/dags/2-pythonoperator.py
[2024-06-10 21:16:06,392] {logging_mixin.py:115} INFO - [2024-06-10 21:16:06,392] {dag.py:2420} INFO - Sync 1 DAGs
[2024-06-10 21:16:06,404] {logging_mixin.py:115} INFO - [2024-06-10 21:16:06,404] {dag.py:2972} INFO - Setting next_dagrun for python_operator to None, run_after=None
[2024-06-10 21:16:06,411] {processor.py:161} INFO - Processing /opt/airflow/dags/2-pythonoperator.py took 0.041 seconds
[2024-06-10 21:16:36,766] {processor.py:153} INFO - Started process (PID=14452) to work on /opt/airflow/dags/2-pythonoperator.py
[2024-06-10 21:16:36,766] {processor.py:641} INFO - Processing file /opt/airflow/dags/2-pythonoperator.py for tasks to queue
[2024-06-10 21:16:36,766] {logging_mixin.py:115} INFO - [2024-06-10 21:16:36,766] {dagbag.py:508} INFO - Filling up the DagBag from /opt/airflow/dags/2-pythonoperator.py
[2024-06-10 21:16:36,772] {processor.py:651} INFO - DAG(s) dict_keys(['python_operator']) retrieved from /opt/airflow/dags/2-pythonoperator.py
[2024-06-10 21:16:36,788] {logging_mixin.py:115} INFO - [2024-06-10 21:16:36,788] {dag.py:2420} INFO - Sync 1 DAGs
[2024-06-10 21:16:36,802] {logging_mixin.py:115} INFO - [2024-06-10 21:16:36,802] {dag.py:2972} INFO - Setting next_dagrun for python_operator to None, run_after=None
[2024-06-10 21:16:36,810] {processor.py:161} INFO - Processing /opt/airflow/dags/2-pythonoperator.py took 0.047 seconds
[2024-06-10 21:17:07,108] {processor.py:153} INFO - Started process (PID=14487) to work on /opt/airflow/dags/2-pythonoperator.py
[2024-06-10 21:17:07,109] {processor.py:641} INFO - Processing file /opt/airflow/dags/2-pythonoperator.py for tasks to queue
[2024-06-10 21:17:07,109] {logging_mixin.py:115} INFO - [2024-06-10 21:17:07,109] {dagbag.py:508} INFO - Filling up the DagBag from /opt/airflow/dags/2-pythonoperator.py
[2024-06-10 21:17:07,115] {processor.py:651} INFO - DAG(s) dict_keys(['python_operator']) retrieved from /opt/airflow/dags/2-pythonoperator.py
[2024-06-10 21:17:07,132] {logging_mixin.py:115} INFO - [2024-06-10 21:17:07,132] {dag.py:2420} INFO - Sync 1 DAGs
[2024-06-10 21:17:07,146] {logging_mixin.py:115} INFO - [2024-06-10 21:17:07,146] {dag.py:2972} INFO - Setting next_dagrun for python_operator to None, run_after=None
[2024-06-10 21:17:07,164] {processor.py:161} INFO - Processing /opt/airflow/dags/2-pythonoperator.py took 0.058 seconds
[2024-06-10 21:17:37,533] {processor.py:153} INFO - Started process (PID=14521) to work on /opt/airflow/dags/2-pythonoperator.py
[2024-06-10 21:17:37,534] {processor.py:641} INFO - Processing file /opt/airflow/dags/2-pythonoperator.py for tasks to queue
[2024-06-10 21:17:37,534] {logging_mixin.py:115} INFO - [2024-06-10 21:17:37,534] {dagbag.py:508} INFO - Filling up the DagBag from /opt/airflow/dags/2-pythonoperator.py
[2024-06-10 21:17:37,539] {processor.py:651} INFO - DAG(s) dict_keys(['python_operator']) retrieved from /opt/airflow/dags/2-pythonoperator.py
[2024-06-10 21:17:37,556] {logging_mixin.py:115} INFO - [2024-06-10 21:17:37,556] {dag.py:2420} INFO - Sync 1 DAGs
[2024-06-10 21:17:37,569] {logging_mixin.py:115} INFO - [2024-06-10 21:17:37,569] {dag.py:2972} INFO - Setting next_dagrun for python_operator to None, run_after=None
[2024-06-10 21:17:37,577] {processor.py:161} INFO - Processing /opt/airflow/dags/2-pythonoperator.py took 0.046 seconds
[2024-06-10 21:18:07,877] {processor.py:153} INFO - Started process (PID=14556) to work on /opt/airflow/dags/2-pythonoperator.py
[2024-06-10 21:18:07,878] {processor.py:641} INFO - Processing file /opt/airflow/dags/2-pythonoperator.py for tasks to queue
[2024-06-10 21:18:07,878] {logging_mixin.py:115} INFO - [2024-06-10 21:18:07,878] {dagbag.py:508} INFO - Filling up the DagBag from /opt/airflow/dags/2-pythonoperator.py
[2024-06-10 21:18:07,882] {processor.py:651} INFO - DAG(s) dict_keys(['python_operator']) retrieved from /opt/airflow/dags/2-pythonoperator.py
[2024-06-10 21:18:07,897] {logging_mixin.py:115} INFO - [2024-06-10 21:18:07,897] {dag.py:2420} INFO - Sync 1 DAGs
[2024-06-10 21:18:07,909] {logging_mixin.py:115} INFO - [2024-06-10 21:18:07,909] {dag.py:2972} INFO - Setting next_dagrun for python_operator to None, run_after=None
[2024-06-10 21:18:07,916] {processor.py:161} INFO - Processing /opt/airflow/dags/2-pythonoperator.py took 0.043 seconds
[2024-06-10 21:18:38,222] {processor.py:153} INFO - Started process (PID=14582) to work on /opt/airflow/dags/2-pythonoperator.py
[2024-06-10 21:18:38,222] {processor.py:641} INFO - Processing file /opt/airflow/dags/2-pythonoperator.py for tasks to queue
[2024-06-10 21:18:38,222] {logging_mixin.py:115} INFO - [2024-06-10 21:18:38,222] {dagbag.py:508} INFO - Filling up the DagBag from /opt/airflow/dags/2-pythonoperator.py
[2024-06-10 21:18:38,227] {processor.py:651} INFO - DAG(s) dict_keys(['python_operator']) retrieved from /opt/airflow/dags/2-pythonoperator.py
[2024-06-10 21:18:38,244] {logging_mixin.py:115} INFO - [2024-06-10 21:18:38,244] {dag.py:2420} INFO - Sync 1 DAGs
[2024-06-10 21:18:38,259] {logging_mixin.py:115} INFO - [2024-06-10 21:18:38,259] {dag.py:2972} INFO - Setting next_dagrun for python_operator to None, run_after=None
[2024-06-10 21:18:38,269] {processor.py:161} INFO - Processing /opt/airflow/dags/2-pythonoperator.py took 0.050 seconds
[2024-06-10 21:19:08,580] {processor.py:153} INFO - Started process (PID=14616) to work on /opt/airflow/dags/2-pythonoperator.py
[2024-06-10 21:19:08,580] {processor.py:641} INFO - Processing file /opt/airflow/dags/2-pythonoperator.py for tasks to queue
[2024-06-10 21:19:08,581] {logging_mixin.py:115} INFO - [2024-06-10 21:19:08,581] {dagbag.py:508} INFO - Filling up the DagBag from /opt/airflow/dags/2-pythonoperator.py
[2024-06-10 21:19:08,586] {processor.py:651} INFO - DAG(s) dict_keys(['python_operator']) retrieved from /opt/airflow/dags/2-pythonoperator.py
[2024-06-10 21:19:08,603] {logging_mixin.py:115} INFO - [2024-06-10 21:19:08,603] {dag.py:2420} INFO - Sync 1 DAGs
[2024-06-10 21:19:08,618] {logging_mixin.py:115} INFO - [2024-06-10 21:19:08,618] {dag.py:2972} INFO - Setting next_dagrun for python_operator to None, run_after=None
[2024-06-10 21:19:08,626] {processor.py:161} INFO - Processing /opt/airflow/dags/2-pythonoperator.py took 0.048 seconds
[2024-06-10 21:19:38,934] {processor.py:153} INFO - Started process (PID=14650) to work on /opt/airflow/dags/2-pythonoperator.py
[2024-06-10 21:19:38,934] {processor.py:641} INFO - Processing file /opt/airflow/dags/2-pythonoperator.py for tasks to queue
[2024-06-10 21:19:38,935] {logging_mixin.py:115} INFO - [2024-06-10 21:19:38,935] {dagbag.py:508} INFO - Filling up the DagBag from /opt/airflow/dags/2-pythonoperator.py
[2024-06-10 21:19:38,940] {processor.py:651} INFO - DAG(s) dict_keys(['python_operator']) retrieved from /opt/airflow/dags/2-pythonoperator.py
[2024-06-10 21:19:38,964] {logging_mixin.py:115} INFO - [2024-06-10 21:19:38,964] {dag.py:2420} INFO - Sync 1 DAGs
[2024-06-10 21:19:38,983] {logging_mixin.py:115} INFO - [2024-06-10 21:19:38,982] {dag.py:2972} INFO - Setting next_dagrun for python_operator to None, run_after=None
[2024-06-10 21:19:38,994] {processor.py:161} INFO - Processing /opt/airflow/dags/2-pythonoperator.py took 0.063 seconds
[2024-06-10 21:20:09,309] {processor.py:153} INFO - Started process (PID=14685) to work on /opt/airflow/dags/2-pythonoperator.py
[2024-06-10 21:20:09,309] {processor.py:641} INFO - Processing file /opt/airflow/dags/2-pythonoperator.py for tasks to queue
[2024-06-10 21:20:09,309] {logging_mixin.py:115} INFO - [2024-06-10 21:20:09,309] {dagbag.py:508} INFO - Filling up the DagBag from /opt/airflow/dags/2-pythonoperator.py
[2024-06-10 21:20:09,314] {processor.py:651} INFO - DAG(s) dict_keys(['python_operator']) retrieved from /opt/airflow/dags/2-pythonoperator.py
[2024-06-10 21:20:09,331] {logging_mixin.py:115} INFO - [2024-06-10 21:20:09,330] {dag.py:2420} INFO - Sync 1 DAGs
[2024-06-10 21:20:09,345] {logging_mixin.py:115} INFO - [2024-06-10 21:20:09,345] {dag.py:2972} INFO - Setting next_dagrun for python_operator to None, run_after=None
[2024-06-10 21:20:09,355] {processor.py:161} INFO - Processing /opt/airflow/dags/2-pythonoperator.py took 0.049 seconds
[2024-06-10 21:20:39,645] {processor.py:153} INFO - Started process (PID=14720) to work on /opt/airflow/dags/2-pythonoperator.py
[2024-06-10 21:20:39,645] {processor.py:641} INFO - Processing file /opt/airflow/dags/2-pythonoperator.py for tasks to queue
[2024-06-10 21:20:39,646] {logging_mixin.py:115} INFO - [2024-06-10 21:20:39,646] {dagbag.py:508} INFO - Filling up the DagBag from /opt/airflow/dags/2-pythonoperator.py
[2024-06-10 21:20:39,651] {processor.py:651} INFO - DAG(s) dict_keys(['python_operator']) retrieved from /opt/airflow/dags/2-pythonoperator.py
[2024-06-10 21:20:39,668] {logging_mixin.py:115} INFO - [2024-06-10 21:20:39,668] {dag.py:2420} INFO - Sync 1 DAGs
[2024-06-10 21:20:39,681] {logging_mixin.py:115} INFO - [2024-06-10 21:20:39,681] {dag.py:2972} INFO - Setting next_dagrun for python_operator to None, run_after=None
[2024-06-10 21:20:39,689] {processor.py:161} INFO - Processing /opt/airflow/dags/2-pythonoperator.py took 0.046 seconds
[2024-06-10 21:21:09,951] {processor.py:153} INFO - Started process (PID=14745) to work on /opt/airflow/dags/2-pythonoperator.py
[2024-06-10 21:21:09,952] {processor.py:641} INFO - Processing file /opt/airflow/dags/2-pythonoperator.py for tasks to queue
[2024-06-10 21:21:09,952] {logging_mixin.py:115} INFO - [2024-06-10 21:21:09,952] {dagbag.py:508} INFO - Filling up the DagBag from /opt/airflow/dags/2-pythonoperator.py
[2024-06-10 21:21:09,957] {processor.py:651} INFO - DAG(s) dict_keys(['python_operator']) retrieved from /opt/airflow/dags/2-pythonoperator.py
[2024-06-10 21:21:09,973] {logging_mixin.py:115} INFO - [2024-06-10 21:21:09,973] {dag.py:2420} INFO - Sync 1 DAGs
[2024-06-10 21:21:09,986] {logging_mixin.py:115} INFO - [2024-06-10 21:21:09,986] {dag.py:2972} INFO - Setting next_dagrun for python_operator to None, run_after=None
[2024-06-10 21:21:09,995] {processor.py:161} INFO - Processing /opt/airflow/dags/2-pythonoperator.py took 0.046 seconds
[2024-06-10 21:21:40,337] {processor.py:153} INFO - Started process (PID=14779) to work on /opt/airflow/dags/2-pythonoperator.py
[2024-06-10 21:21:40,338] {processor.py:641} INFO - Processing file /opt/airflow/dags/2-pythonoperator.py for tasks to queue
[2024-06-10 21:21:40,340] {logging_mixin.py:115} INFO - [2024-06-10 21:21:40,340] {dagbag.py:508} INFO - Filling up the DagBag from /opt/airflow/dags/2-pythonoperator.py
[2024-06-10 21:21:40,346] {processor.py:651} INFO - DAG(s) dict_keys(['python_operator']) retrieved from /opt/airflow/dags/2-pythonoperator.py
[2024-06-10 21:21:40,364] {logging_mixin.py:115} INFO - [2024-06-10 21:21:40,364] {dag.py:2420} INFO - Sync 1 DAGs
[2024-06-10 21:21:40,378] {logging_mixin.py:115} INFO - [2024-06-10 21:21:40,378] {dag.py:2972} INFO - Setting next_dagrun for python_operator to None, run_after=None
[2024-06-10 21:21:40,386] {processor.py:161} INFO - Processing /opt/airflow/dags/2-pythonoperator.py took 0.051 seconds
[2024-06-10 21:22:10,691] {processor.py:153} INFO - Started process (PID=14814) to work on /opt/airflow/dags/2-pythonoperator.py
[2024-06-10 21:22:10,691] {processor.py:641} INFO - Processing file /opt/airflow/dags/2-pythonoperator.py for tasks to queue
[2024-06-10 21:22:10,692] {logging_mixin.py:115} INFO - [2024-06-10 21:22:10,692] {dagbag.py:508} INFO - Filling up the DagBag from /opt/airflow/dags/2-pythonoperator.py
[2024-06-10 21:22:10,696] {processor.py:651} INFO - DAG(s) dict_keys(['python_operator']) retrieved from /opt/airflow/dags/2-pythonoperator.py
[2024-06-10 21:22:10,713] {logging_mixin.py:115} INFO - [2024-06-10 21:22:10,713] {dag.py:2420} INFO - Sync 1 DAGs
[2024-06-10 21:22:10,726] {logging_mixin.py:115} INFO - [2024-06-10 21:22:10,726] {dag.py:2972} INFO - Setting next_dagrun for python_operator to None, run_after=None
[2024-06-10 21:22:10,734] {processor.py:161} INFO - Processing /opt/airflow/dags/2-pythonoperator.py took 0.045 seconds
[2024-06-10 21:22:41,046] {processor.py:153} INFO - Started process (PID=14848) to work on /opt/airflow/dags/2-pythonoperator.py
[2024-06-10 21:22:41,047] {processor.py:641} INFO - Processing file /opt/airflow/dags/2-pythonoperator.py for tasks to queue
[2024-06-10 21:22:41,047] {logging_mixin.py:115} INFO - [2024-06-10 21:22:41,047] {dagbag.py:508} INFO - Filling up the DagBag from /opt/airflow/dags/2-pythonoperator.py
[2024-06-10 21:22:41,051] {processor.py:651} INFO - DAG(s) dict_keys(['python_operator']) retrieved from /opt/airflow/dags/2-pythonoperator.py
[2024-06-10 21:22:41,068] {logging_mixin.py:115} INFO - [2024-06-10 21:22:41,068] {dag.py:2420} INFO - Sync 1 DAGs
[2024-06-10 21:22:41,082] {logging_mixin.py:115} INFO - [2024-06-10 21:22:41,082] {dag.py:2972} INFO - Setting next_dagrun for python_operator to None, run_after=None
[2024-06-10 21:22:41,089] {processor.py:161} INFO - Processing /opt/airflow/dags/2-pythonoperator.py took 0.045 seconds
[2024-06-10 21:23:11,437] {processor.py:153} INFO - Started process (PID=14883) to work on /opt/airflow/dags/2-pythonoperator.py
[2024-06-10 21:23:11,437] {processor.py:641} INFO - Processing file /opt/airflow/dags/2-pythonoperator.py for tasks to queue
[2024-06-10 21:23:11,437] {logging_mixin.py:115} INFO - [2024-06-10 21:23:11,437] {dagbag.py:508} INFO - Filling up the DagBag from /opt/airflow/dags/2-pythonoperator.py
[2024-06-10 21:23:11,445] {processor.py:651} INFO - DAG(s) dict_keys(['python_operator']) retrieved from /opt/airflow/dags/2-pythonoperator.py
[2024-06-10 21:23:11,463] {logging_mixin.py:115} INFO - [2024-06-10 21:23:11,463] {dag.py:2420} INFO - Sync 1 DAGs
[2024-06-10 21:23:11,478] {logging_mixin.py:115} INFO - [2024-06-10 21:23:11,478] {dag.py:2972} INFO - Setting next_dagrun for python_operator to None, run_after=None
[2024-06-10 21:23:11,487] {processor.py:161} INFO - Processing /opt/airflow/dags/2-pythonoperator.py took 0.053 seconds
[2024-06-10 21:23:41,791] {processor.py:153} INFO - Started process (PID=14917) to work on /opt/airflow/dags/2-pythonoperator.py
[2024-06-10 21:23:41,791] {processor.py:641} INFO - Processing file /opt/airflow/dags/2-pythonoperator.py for tasks to queue
[2024-06-10 21:23:41,792] {logging_mixin.py:115} INFO - [2024-06-10 21:23:41,792] {dagbag.py:508} INFO - Filling up the DagBag from /opt/airflow/dags/2-pythonoperator.py
[2024-06-10 21:23:41,797] {processor.py:651} INFO - DAG(s) dict_keys(['python_operator']) retrieved from /opt/airflow/dags/2-pythonoperator.py
[2024-06-10 21:23:41,816] {logging_mixin.py:115} INFO - [2024-06-10 21:23:41,815] {dag.py:2420} INFO - Sync 1 DAGs
[2024-06-10 21:23:41,831] {logging_mixin.py:115} INFO - [2024-06-10 21:23:41,831] {dag.py:2972} INFO - Setting next_dagrun for python_operator to None, run_after=None
[2024-06-10 21:23:41,839] {processor.py:161} INFO - Processing /opt/airflow/dags/2-pythonoperator.py took 0.050 seconds
[2024-06-10 21:24:12,172] {processor.py:153} INFO - Started process (PID=14942) to work on /opt/airflow/dags/2-pythonoperator.py
[2024-06-10 21:24:12,173] {processor.py:641} INFO - Processing file /opt/airflow/dags/2-pythonoperator.py for tasks to queue
[2024-06-10 21:24:12,173] {logging_mixin.py:115} INFO - [2024-06-10 21:24:12,173] {dagbag.py:508} INFO - Filling up the DagBag from /opt/airflow/dags/2-pythonoperator.py
[2024-06-10 21:24:12,178] {processor.py:651} INFO - DAG(s) dict_keys(['python_operator']) retrieved from /opt/airflow/dags/2-pythonoperator.py
[2024-06-10 21:24:12,195] {logging_mixin.py:115} INFO - [2024-06-10 21:24:12,195] {dag.py:2420} INFO - Sync 1 DAGs
[2024-06-10 21:24:12,208] {logging_mixin.py:115} INFO - [2024-06-10 21:24:12,208] {dag.py:2972} INFO - Setting next_dagrun for python_operator to None, run_after=None
[2024-06-10 21:24:12,215] {processor.py:161} INFO - Processing /opt/airflow/dags/2-pythonoperator.py took 0.045 seconds
[2024-06-10 21:24:42,500] {processor.py:153} INFO - Started process (PID=14977) to work on /opt/airflow/dags/2-pythonoperator.py
[2024-06-10 21:24:42,501] {processor.py:641} INFO - Processing file /opt/airflow/dags/2-pythonoperator.py for tasks to queue
[2024-06-10 21:24:42,501] {logging_mixin.py:115} INFO - [2024-06-10 21:24:42,501] {dagbag.py:508} INFO - Filling up the DagBag from /opt/airflow/dags/2-pythonoperator.py
[2024-06-10 21:24:42,505] {processor.py:651} INFO - DAG(s) dict_keys(['python_operator']) retrieved from /opt/airflow/dags/2-pythonoperator.py
[2024-06-10 21:24:42,522] {logging_mixin.py:115} INFO - [2024-06-10 21:24:42,522] {dag.py:2420} INFO - Sync 1 DAGs
[2024-06-10 21:24:42,536] {logging_mixin.py:115} INFO - [2024-06-10 21:24:42,536] {dag.py:2972} INFO - Setting next_dagrun for python_operator to None, run_after=None
[2024-06-10 21:24:42,543] {processor.py:161} INFO - Processing /opt/airflow/dags/2-pythonoperator.py took 0.045 seconds
[2024-06-10 21:25:12,886] {processor.py:153} INFO - Started process (PID=15012) to work on /opt/airflow/dags/2-pythonoperator.py
[2024-06-10 21:25:12,886] {processor.py:641} INFO - Processing file /opt/airflow/dags/2-pythonoperator.py for tasks to queue
[2024-06-10 21:25:12,887] {logging_mixin.py:115} INFO - [2024-06-10 21:25:12,887] {dagbag.py:508} INFO - Filling up the DagBag from /opt/airflow/dags/2-pythonoperator.py
[2024-06-10 21:25:12,891] {processor.py:651} INFO - DAG(s) dict_keys(['python_operator']) retrieved from /opt/airflow/dags/2-pythonoperator.py
[2024-06-10 21:25:12,907] {logging_mixin.py:115} INFO - [2024-06-10 21:25:12,907] {dag.py:2420} INFO - Sync 1 DAGs
[2024-06-10 21:25:12,922] {logging_mixin.py:115} INFO - [2024-06-10 21:25:12,922] {dag.py:2972} INFO - Setting next_dagrun for python_operator to None, run_after=None
[2024-06-10 21:25:12,929] {processor.py:161} INFO - Processing /opt/airflow/dags/2-pythonoperator.py took 0.045 seconds
[2024-06-10 21:25:43,249] {processor.py:153} INFO - Started process (PID=15047) to work on /opt/airflow/dags/2-pythonoperator.py
[2024-06-10 21:25:43,249] {processor.py:641} INFO - Processing file /opt/airflow/dags/2-pythonoperator.py for tasks to queue
[2024-06-10 21:25:43,250] {logging_mixin.py:115} INFO - [2024-06-10 21:25:43,250] {dagbag.py:508} INFO - Filling up the DagBag from /opt/airflow/dags/2-pythonoperator.py
[2024-06-10 21:25:43,255] {processor.py:651} INFO - DAG(s) dict_keys(['python_operator']) retrieved from /opt/airflow/dags/2-pythonoperator.py
[2024-06-10 21:25:43,274] {logging_mixin.py:115} INFO - [2024-06-10 21:25:43,274] {dag.py:2420} INFO - Sync 1 DAGs
[2024-06-10 21:25:43,289] {logging_mixin.py:115} INFO - [2024-06-10 21:25:43,289] {dag.py:2972} INFO - Setting next_dagrun for python_operator to None, run_after=None
[2024-06-10 21:25:43,297] {processor.py:161} INFO - Processing /opt/airflow/dags/2-pythonoperator.py took 0.050 seconds
[2024-06-10 21:26:13,597] {processor.py:153} INFO - Started process (PID=15081) to work on /opt/airflow/dags/2-pythonoperator.py
[2024-06-10 21:26:13,597] {processor.py:641} INFO - Processing file /opt/airflow/dags/2-pythonoperator.py for tasks to queue
[2024-06-10 21:26:13,598] {logging_mixin.py:115} INFO - [2024-06-10 21:26:13,598] {dagbag.py:508} INFO - Filling up the DagBag from /opt/airflow/dags/2-pythonoperator.py
[2024-06-10 21:26:13,602] {processor.py:651} INFO - DAG(s) dict_keys(['python_operator']) retrieved from /opt/airflow/dags/2-pythonoperator.py
[2024-06-10 21:26:13,617] {logging_mixin.py:115} INFO - [2024-06-10 21:26:13,617] {dag.py:2420} INFO - Sync 1 DAGs
[2024-06-10 21:26:13,630] {logging_mixin.py:115} INFO - [2024-06-10 21:26:13,630] {dag.py:2972} INFO - Setting next_dagrun for python_operator to None, run_after=None
[2024-06-10 21:26:13,637] {processor.py:161} INFO - Processing /opt/airflow/dags/2-pythonoperator.py took 0.042 seconds
[2024-06-10 21:26:44,010] {processor.py:153} INFO - Started process (PID=15107) to work on /opt/airflow/dags/2-pythonoperator.py
[2024-06-10 21:26:44,011] {processor.py:641} INFO - Processing file /opt/airflow/dags/2-pythonoperator.py for tasks to queue
[2024-06-10 21:26:44,011] {logging_mixin.py:115} INFO - [2024-06-10 21:26:44,011] {dagbag.py:508} INFO - Filling up the DagBag from /opt/airflow/dags/2-pythonoperator.py
[2024-06-10 21:26:44,016] {processor.py:651} INFO - DAG(s) dict_keys(['python_operator']) retrieved from /opt/airflow/dags/2-pythonoperator.py
[2024-06-10 21:26:44,035] {logging_mixin.py:115} INFO - [2024-06-10 21:26:44,035] {dag.py:2420} INFO - Sync 1 DAGs
[2024-06-10 21:26:44,052] {logging_mixin.py:115} INFO - [2024-06-10 21:26:44,051] {dag.py:2972} INFO - Setting next_dagrun for python_operator to None, run_after=None
[2024-06-10 21:26:44,063] {processor.py:161} INFO - Processing /opt/airflow/dags/2-pythonoperator.py took 0.055 seconds
[2024-06-10 21:27:14,384] {processor.py:153} INFO - Started process (PID=15142) to work on /opt/airflow/dags/2-pythonoperator.py
[2024-06-10 21:27:14,385] {processor.py:641} INFO - Processing file /opt/airflow/dags/2-pythonoperator.py for tasks to queue
[2024-06-10 21:27:14,385] {logging_mixin.py:115} INFO - [2024-06-10 21:27:14,385] {dagbag.py:508} INFO - Filling up the DagBag from /opt/airflow/dags/2-pythonoperator.py
[2024-06-10 21:27:14,390] {processor.py:651} INFO - DAG(s) dict_keys(['python_operator']) retrieved from /opt/airflow/dags/2-pythonoperator.py
[2024-06-10 21:27:14,409] {logging_mixin.py:115} INFO - [2024-06-10 21:27:14,409] {dag.py:2420} INFO - Sync 1 DAGs
[2024-06-10 21:27:14,425] {logging_mixin.py:115} INFO - [2024-06-10 21:27:14,425] {dag.py:2972} INFO - Setting next_dagrun for python_operator to None, run_after=None
[2024-06-10 21:27:14,436] {processor.py:161} INFO - Processing /opt/airflow/dags/2-pythonoperator.py took 0.054 seconds
[2024-06-10 21:27:44,768] {processor.py:153} INFO - Started process (PID=15177) to work on /opt/airflow/dags/2-pythonoperator.py
[2024-06-10 21:27:44,768] {processor.py:641} INFO - Processing file /opt/airflow/dags/2-pythonoperator.py for tasks to queue
[2024-06-10 21:27:44,769] {logging_mixin.py:115} INFO - [2024-06-10 21:27:44,769] {dagbag.py:508} INFO - Filling up the DagBag from /opt/airflow/dags/2-pythonoperator.py
[2024-06-10 21:27:44,774] {processor.py:651} INFO - DAG(s) dict_keys(['python_operator']) retrieved from /opt/airflow/dags/2-pythonoperator.py
[2024-06-10 21:27:44,792] {logging_mixin.py:115} INFO - [2024-06-10 21:27:44,792] {dag.py:2420} INFO - Sync 1 DAGs
[2024-06-10 21:27:44,806] {logging_mixin.py:115} INFO - [2024-06-10 21:27:44,806] {dag.py:2972} INFO - Setting next_dagrun for python_operator to None, run_after=None
[2024-06-10 21:27:44,814] {processor.py:161} INFO - Processing /opt/airflow/dags/2-pythonoperator.py took 0.048 seconds
[2024-06-10 21:28:15,155] {processor.py:153} INFO - Started process (PID=15212) to work on /opt/airflow/dags/2-pythonoperator.py
[2024-06-10 21:28:15,155] {processor.py:641} INFO - Processing file /opt/airflow/dags/2-pythonoperator.py for tasks to queue
[2024-06-10 21:28:15,156] {logging_mixin.py:115} INFO - [2024-06-10 21:28:15,155] {dagbag.py:508} INFO - Filling up the DagBag from /opt/airflow/dags/2-pythonoperator.py
[2024-06-10 21:28:15,160] {processor.py:651} INFO - DAG(s) dict_keys(['python_operator']) retrieved from /opt/airflow/dags/2-pythonoperator.py
[2024-06-10 21:28:15,177] {logging_mixin.py:115} INFO - [2024-06-10 21:28:15,177] {dag.py:2420} INFO - Sync 1 DAGs
[2024-06-10 21:28:15,192] {logging_mixin.py:115} INFO - [2024-06-10 21:28:15,192] {dag.py:2972} INFO - Setting next_dagrun for python_operator to None, run_after=None
[2024-06-10 21:28:15,201] {processor.py:161} INFO - Processing /opt/airflow/dags/2-pythonoperator.py took 0.048 seconds
[2024-06-10 21:28:45,477] {processor.py:153} INFO - Started process (PID=15247) to work on /opt/airflow/dags/2-pythonoperator.py
[2024-06-10 21:28:45,479] {processor.py:641} INFO - Processing file /opt/airflow/dags/2-pythonoperator.py for tasks to queue
[2024-06-10 21:28:45,483] {logging_mixin.py:115} INFO - [2024-06-10 21:28:45,482] {dagbag.py:508} INFO - Filling up the DagBag from /opt/airflow/dags/2-pythonoperator.py
[2024-06-10 21:28:45,488] {processor.py:651} INFO - DAG(s) dict_keys(['python_operator']) retrieved from /opt/airflow/dags/2-pythonoperator.py
[2024-06-10 21:28:45,506] {logging_mixin.py:115} INFO - [2024-06-10 21:28:45,506] {dag.py:2420} INFO - Sync 1 DAGs
[2024-06-10 21:28:45,523] {logging_mixin.py:115} INFO - [2024-06-10 21:28:45,523] {dag.py:2972} INFO - Setting next_dagrun for python_operator to None, run_after=None
[2024-06-10 21:28:45,531] {processor.py:161} INFO - Processing /opt/airflow/dags/2-pythonoperator.py took 0.056 seconds
[2024-06-10 21:29:15,881] {processor.py:153} INFO - Started process (PID=15273) to work on /opt/airflow/dags/2-pythonoperator.py
[2024-06-10 21:29:15,882] {processor.py:641} INFO - Processing file /opt/airflow/dags/2-pythonoperator.py for tasks to queue
[2024-06-10 21:29:15,882] {logging_mixin.py:115} INFO - [2024-06-10 21:29:15,882] {dagbag.py:508} INFO - Filling up the DagBag from /opt/airflow/dags/2-pythonoperator.py
[2024-06-10 21:29:15,888] {processor.py:651} INFO - DAG(s) dict_keys(['python_operator']) retrieved from /opt/airflow/dags/2-pythonoperator.py
[2024-06-10 21:29:15,905] {logging_mixin.py:115} INFO - [2024-06-10 21:29:15,905] {dag.py:2420} INFO - Sync 1 DAGs
[2024-06-10 21:29:15,921] {logging_mixin.py:115} INFO - [2024-06-10 21:29:15,921] {dag.py:2972} INFO - Setting next_dagrun for python_operator to None, run_after=None
[2024-06-10 21:29:15,931] {processor.py:161} INFO - Processing /opt/airflow/dags/2-pythonoperator.py took 0.052 seconds
[2024-06-10 21:29:46,232] {processor.py:153} INFO - Started process (PID=15307) to work on /opt/airflow/dags/2-pythonoperator.py
[2024-06-10 21:29:46,232] {processor.py:641} INFO - Processing file /opt/airflow/dags/2-pythonoperator.py for tasks to queue
[2024-06-10 21:29:46,233] {logging_mixin.py:115} INFO - [2024-06-10 21:29:46,233] {dagbag.py:508} INFO - Filling up the DagBag from /opt/airflow/dags/2-pythonoperator.py
[2024-06-10 21:29:46,239] {processor.py:651} INFO - DAG(s) dict_keys(['python_operator']) retrieved from /opt/airflow/dags/2-pythonoperator.py
[2024-06-10 21:29:46,259] {logging_mixin.py:115} INFO - [2024-06-10 21:29:46,259] {dag.py:2420} INFO - Sync 1 DAGs
[2024-06-10 21:29:46,276] {logging_mixin.py:115} INFO - [2024-06-10 21:29:46,276] {dag.py:2972} INFO - Setting next_dagrun for python_operator to None, run_after=None
[2024-06-10 21:29:46,286] {processor.py:161} INFO - Processing /opt/airflow/dags/2-pythonoperator.py took 0.058 seconds
[2024-06-10 21:30:16,727] {processor.py:153} INFO - Started process (PID=15342) to work on /opt/airflow/dags/2-pythonoperator.py
[2024-06-10 21:30:16,728] {processor.py:641} INFO - Processing file /opt/airflow/dags/2-pythonoperator.py for tasks to queue
[2024-06-10 21:30:16,728] {logging_mixin.py:115} INFO - [2024-06-10 21:30:16,728] {dagbag.py:508} INFO - Filling up the DagBag from /opt/airflow/dags/2-pythonoperator.py
[2024-06-10 21:30:16,734] {processor.py:651} INFO - DAG(s) dict_keys(['python_operator']) retrieved from /opt/airflow/dags/2-pythonoperator.py
[2024-06-10 21:30:16,764] {logging_mixin.py:115} INFO - [2024-06-10 21:30:16,764] {dag.py:2420} INFO - Sync 1 DAGs
[2024-06-10 21:30:16,782] {logging_mixin.py:115} INFO - [2024-06-10 21:30:16,782] {dag.py:2972} INFO - Setting next_dagrun for python_operator to None, run_after=None
[2024-06-10 21:30:16,791] {processor.py:161} INFO - Processing /opt/airflow/dags/2-pythonoperator.py took 0.066 seconds
[2024-06-10 21:30:47,109] {processor.py:153} INFO - Started process (PID=15377) to work on /opt/airflow/dags/2-pythonoperator.py
[2024-06-10 21:30:47,109] {processor.py:641} INFO - Processing file /opt/airflow/dags/2-pythonoperator.py for tasks to queue
[2024-06-10 21:30:47,109] {logging_mixin.py:115} INFO - [2024-06-10 21:30:47,109] {dagbag.py:508} INFO - Filling up the DagBag from /opt/airflow/dags/2-pythonoperator.py
[2024-06-10 21:30:47,114] {processor.py:651} INFO - DAG(s) dict_keys(['python_operator']) retrieved from /opt/airflow/dags/2-pythonoperator.py
[2024-06-10 21:30:47,132] {logging_mixin.py:115} INFO - [2024-06-10 21:30:47,132] {dag.py:2420} INFO - Sync 1 DAGs
[2024-06-10 21:30:47,145] {logging_mixin.py:115} INFO - [2024-06-10 21:30:47,145] {dag.py:2972} INFO - Setting next_dagrun for python_operator to None, run_after=None
[2024-06-10 21:30:47,170] {processor.py:161} INFO - Processing /opt/airflow/dags/2-pythonoperator.py took 0.064 seconds
[2024-06-10 21:31:17,507] {processor.py:153} INFO - Started process (PID=15412) to work on /opt/airflow/dags/2-pythonoperator.py
[2024-06-10 21:31:17,507] {processor.py:641} INFO - Processing file /opt/airflow/dags/2-pythonoperator.py for tasks to queue
[2024-06-10 21:31:17,508] {logging_mixin.py:115} INFO - [2024-06-10 21:31:17,507] {dagbag.py:508} INFO - Filling up the DagBag from /opt/airflow/dags/2-pythonoperator.py
[2024-06-10 21:31:17,513] {processor.py:651} INFO - DAG(s) dict_keys(['python_operator']) retrieved from /opt/airflow/dags/2-pythonoperator.py
[2024-06-10 21:31:17,530] {logging_mixin.py:115} INFO - [2024-06-10 21:31:17,529] {dag.py:2420} INFO - Sync 1 DAGs
[2024-06-10 21:31:17,543] {logging_mixin.py:115} INFO - [2024-06-10 21:31:17,543] {dag.py:2972} INFO - Setting next_dagrun for python_operator to None, run_after=None
[2024-06-10 21:31:17,552] {processor.py:161} INFO - Processing /opt/airflow/dags/2-pythonoperator.py took 0.048 seconds
[2024-06-10 21:31:47,933] {processor.py:153} INFO - Started process (PID=15438) to work on /opt/airflow/dags/2-pythonoperator.py
[2024-06-10 21:31:47,934] {processor.py:641} INFO - Processing file /opt/airflow/dags/2-pythonoperator.py for tasks to queue
[2024-06-10 21:31:47,934] {logging_mixin.py:115} INFO - [2024-06-10 21:31:47,934] {dagbag.py:508} INFO - Filling up the DagBag from /opt/airflow/dags/2-pythonoperator.py
[2024-06-10 21:31:47,940] {processor.py:651} INFO - DAG(s) dict_keys(['python_operator']) retrieved from /opt/airflow/dags/2-pythonoperator.py
[2024-06-10 21:31:47,960] {logging_mixin.py:115} INFO - [2024-06-10 21:31:47,960] {dag.py:2420} INFO - Sync 1 DAGs
[2024-06-10 21:31:47,976] {logging_mixin.py:115} INFO - [2024-06-10 21:31:47,976] {dag.py:2972} INFO - Setting next_dagrun for python_operator to None, run_after=None
[2024-06-10 21:31:47,985] {processor.py:161} INFO - Processing /opt/airflow/dags/2-pythonoperator.py took 0.054 seconds
[2024-06-10 21:32:18,340] {processor.py:153} INFO - Started process (PID=15473) to work on /opt/airflow/dags/2-pythonoperator.py
[2024-06-10 21:32:18,340] {processor.py:641} INFO - Processing file /opt/airflow/dags/2-pythonoperator.py for tasks to queue
[2024-06-10 21:32:18,341] {logging_mixin.py:115} INFO - [2024-06-10 21:32:18,341] {dagbag.py:508} INFO - Filling up the DagBag from /opt/airflow/dags/2-pythonoperator.py
[2024-06-10 21:32:18,345] {processor.py:651} INFO - DAG(s) dict_keys(['python_operator']) retrieved from /opt/airflow/dags/2-pythonoperator.py
[2024-06-10 21:32:18,361] {logging_mixin.py:115} INFO - [2024-06-10 21:32:18,361] {dag.py:2420} INFO - Sync 1 DAGs
[2024-06-10 21:32:18,374] {logging_mixin.py:115} INFO - [2024-06-10 21:32:18,374] {dag.py:2972} INFO - Setting next_dagrun for python_operator to None, run_after=None
[2024-06-10 21:32:18,382] {processor.py:161} INFO - Processing /opt/airflow/dags/2-pythonoperator.py took 0.044 seconds
[2024-06-10 21:32:48,745] {processor.py:153} INFO - Started process (PID=15507) to work on /opt/airflow/dags/2-pythonoperator.py
[2024-06-10 21:32:48,745] {processor.py:641} INFO - Processing file /opt/airflow/dags/2-pythonoperator.py for tasks to queue
[2024-06-10 21:32:48,745] {logging_mixin.py:115} INFO - [2024-06-10 21:32:48,745] {dagbag.py:508} INFO - Filling up the DagBag from /opt/airflow/dags/2-pythonoperator.py
[2024-06-10 21:32:48,754] {processor.py:651} INFO - DAG(s) dict_keys(['python_operator']) retrieved from /opt/airflow/dags/2-pythonoperator.py
[2024-06-10 21:32:48,774] {logging_mixin.py:115} INFO - [2024-06-10 21:32:48,773] {dag.py:2420} INFO - Sync 1 DAGs
[2024-06-10 21:32:48,790] {logging_mixin.py:115} INFO - [2024-06-10 21:32:48,790] {dag.py:2972} INFO - Setting next_dagrun for python_operator to None, run_after=None
[2024-06-10 21:32:48,800] {processor.py:161} INFO - Processing /opt/airflow/dags/2-pythonoperator.py took 0.057 seconds
[2024-06-10 21:33:19,116] {processor.py:153} INFO - Started process (PID=15542) to work on /opt/airflow/dags/2-pythonoperator.py
[2024-06-10 21:33:19,116] {processor.py:641} INFO - Processing file /opt/airflow/dags/2-pythonoperator.py for tasks to queue
[2024-06-10 21:33:19,116] {logging_mixin.py:115} INFO - [2024-06-10 21:33:19,116] {dagbag.py:508} INFO - Filling up the DagBag from /opt/airflow/dags/2-pythonoperator.py
[2024-06-10 21:33:19,121] {processor.py:651} INFO - DAG(s) dict_keys(['python_operator']) retrieved from /opt/airflow/dags/2-pythonoperator.py
[2024-06-10 21:33:19,137] {logging_mixin.py:115} INFO - [2024-06-10 21:33:19,137] {dag.py:2420} INFO - Sync 1 DAGs
[2024-06-10 21:33:19,151] {logging_mixin.py:115} INFO - [2024-06-10 21:33:19,151] {dag.py:2972} INFO - Setting next_dagrun for python_operator to None, run_after=None
[2024-06-10 21:33:19,159] {processor.py:161} INFO - Processing /opt/airflow/dags/2-pythonoperator.py took 0.045 seconds
[2024-06-10 21:33:49,481] {processor.py:153} INFO - Started process (PID=15577) to work on /opt/airflow/dags/2-pythonoperator.py
[2024-06-10 21:33:49,482] {processor.py:641} INFO - Processing file /opt/airflow/dags/2-pythonoperator.py for tasks to queue
[2024-06-10 21:33:49,482] {logging_mixin.py:115} INFO - [2024-06-10 21:33:49,482] {dagbag.py:508} INFO - Filling up the DagBag from /opt/airflow/dags/2-pythonoperator.py
[2024-06-10 21:33:49,487] {processor.py:651} INFO - DAG(s) dict_keys(['python_operator']) retrieved from /opt/airflow/dags/2-pythonoperator.py
[2024-06-10 21:33:49,501] {logging_mixin.py:115} INFO - [2024-06-10 21:33:49,501] {dag.py:2420} INFO - Sync 1 DAGs
[2024-06-10 21:33:49,514] {logging_mixin.py:115} INFO - [2024-06-10 21:33:49,514] {dag.py:2972} INFO - Setting next_dagrun for python_operator to None, run_after=None
[2024-06-10 21:33:49,521] {processor.py:161} INFO - Processing /opt/airflow/dags/2-pythonoperator.py took 0.042 seconds
[2024-06-10 21:34:19,840] {processor.py:153} INFO - Started process (PID=15603) to work on /opt/airflow/dags/2-pythonoperator.py
[2024-06-10 21:34:19,840] {processor.py:641} INFO - Processing file /opt/airflow/dags/2-pythonoperator.py for tasks to queue
[2024-06-10 21:34:19,841] {logging_mixin.py:115} INFO - [2024-06-10 21:34:19,841] {dagbag.py:508} INFO - Filling up the DagBag from /opt/airflow/dags/2-pythonoperator.py
[2024-06-10 21:34:19,846] {processor.py:651} INFO - DAG(s) dict_keys(['python_operator']) retrieved from /opt/airflow/dags/2-pythonoperator.py
[2024-06-10 21:34:19,864] {logging_mixin.py:115} INFO - [2024-06-10 21:34:19,864] {dag.py:2420} INFO - Sync 1 DAGs
[2024-06-10 21:34:19,877] {logging_mixin.py:115} INFO - [2024-06-10 21:34:19,877] {dag.py:2972} INFO - Setting next_dagrun for python_operator to None, run_after=None
[2024-06-10 21:34:19,887] {processor.py:161} INFO - Processing /opt/airflow/dags/2-pythonoperator.py took 0.049 seconds
[2024-06-10 21:34:50,156] {processor.py:153} INFO - Started process (PID=15638) to work on /opt/airflow/dags/2-pythonoperator.py
[2024-06-10 21:34:50,156] {processor.py:641} INFO - Processing file /opt/airflow/dags/2-pythonoperator.py for tasks to queue
[2024-06-10 21:34:50,157] {logging_mixin.py:115} INFO - [2024-06-10 21:34:50,156] {dagbag.py:508} INFO - Filling up the DagBag from /opt/airflow/dags/2-pythonoperator.py
[2024-06-10 21:34:50,161] {processor.py:651} INFO - DAG(s) dict_keys(['python_operator']) retrieved from /opt/airflow/dags/2-pythonoperator.py
[2024-06-10 21:34:50,178] {logging_mixin.py:115} INFO - [2024-06-10 21:34:50,178] {dag.py:2420} INFO - Sync 1 DAGs
[2024-06-10 21:34:50,192] {logging_mixin.py:115} INFO - [2024-06-10 21:34:50,192] {dag.py:2972} INFO - Setting next_dagrun for python_operator to None, run_after=None
[2024-06-10 21:34:50,201] {processor.py:161} INFO - Processing /opt/airflow/dags/2-pythonoperator.py took 0.048 seconds
[2024-06-10 21:35:20,533] {processor.py:153} INFO - Started process (PID=15673) to work on /opt/airflow/dags/2-pythonoperator.py
[2024-06-10 21:35:20,533] {processor.py:641} INFO - Processing file /opt/airflow/dags/2-pythonoperator.py for tasks to queue
[2024-06-10 21:35:20,534] {logging_mixin.py:115} INFO - [2024-06-10 21:35:20,534] {dagbag.py:508} INFO - Filling up the DagBag from /opt/airflow/dags/2-pythonoperator.py
[2024-06-10 21:35:20,539] {processor.py:651} INFO - DAG(s) dict_keys(['python_operator']) retrieved from /opt/airflow/dags/2-pythonoperator.py
[2024-06-10 21:35:20,558] {logging_mixin.py:115} INFO - [2024-06-10 21:35:20,558] {dag.py:2420} INFO - Sync 1 DAGs
[2024-06-10 21:35:20,574] {logging_mixin.py:115} INFO - [2024-06-10 21:35:20,574] {dag.py:2972} INFO - Setting next_dagrun for python_operator to None, run_after=None
[2024-06-10 21:35:20,582] {processor.py:161} INFO - Processing /opt/airflow/dags/2-pythonoperator.py took 0.051 seconds
[2024-06-10 21:35:50,925] {processor.py:153} INFO - Started process (PID=15707) to work on /opt/airflow/dags/2-pythonoperator.py
[2024-06-10 21:35:50,925] {processor.py:641} INFO - Processing file /opt/airflow/dags/2-pythonoperator.py for tasks to queue
[2024-06-10 21:35:50,926] {logging_mixin.py:115} INFO - [2024-06-10 21:35:50,926] {dagbag.py:508} INFO - Filling up the DagBag from /opt/airflow/dags/2-pythonoperator.py
[2024-06-10 21:35:50,931] {processor.py:651} INFO - DAG(s) dict_keys(['python_operator']) retrieved from /opt/airflow/dags/2-pythonoperator.py
[2024-06-10 21:35:50,948] {logging_mixin.py:115} INFO - [2024-06-10 21:35:50,948] {dag.py:2420} INFO - Sync 1 DAGs
[2024-06-10 21:35:50,965] {logging_mixin.py:115} INFO - [2024-06-10 21:35:50,965] {dag.py:2972} INFO - Setting next_dagrun for python_operator to None, run_after=None
[2024-06-10 21:35:50,977] {processor.py:161} INFO - Processing /opt/airflow/dags/2-pythonoperator.py took 0.054 seconds
[2024-06-10 21:36:21,310] {processor.py:153} INFO - Started process (PID=15742) to work on /opt/airflow/dags/2-pythonoperator.py
[2024-06-10 21:36:21,311] {processor.py:641} INFO - Processing file /opt/airflow/dags/2-pythonoperator.py for tasks to queue
[2024-06-10 21:36:21,311] {logging_mixin.py:115} INFO - [2024-06-10 21:36:21,311] {dagbag.py:508} INFO - Filling up the DagBag from /opt/airflow/dags/2-pythonoperator.py
[2024-06-10 21:36:21,316] {processor.py:651} INFO - DAG(s) dict_keys(['python_operator']) retrieved from /opt/airflow/dags/2-pythonoperator.py
[2024-06-10 21:36:21,334] {logging_mixin.py:115} INFO - [2024-06-10 21:36:21,333] {dag.py:2420} INFO - Sync 1 DAGs
[2024-06-10 21:36:21,349] {logging_mixin.py:115} INFO - [2024-06-10 21:36:21,349] {dag.py:2972} INFO - Setting next_dagrun for python_operator to None, run_after=None
[2024-06-10 21:36:21,357] {processor.py:161} INFO - Processing /opt/airflow/dags/2-pythonoperator.py took 0.050 seconds
[2024-06-10 21:36:51,689] {processor.py:153} INFO - Started process (PID=15768) to work on /opt/airflow/dags/2-pythonoperator.py
[2024-06-10 21:36:51,690] {processor.py:641} INFO - Processing file /opt/airflow/dags/2-pythonoperator.py for tasks to queue
[2024-06-10 21:36:51,690] {logging_mixin.py:115} INFO - [2024-06-10 21:36:51,690] {dagbag.py:508} INFO - Filling up the DagBag from /opt/airflow/dags/2-pythonoperator.py
[2024-06-10 21:36:51,695] {processor.py:651} INFO - DAG(s) dict_keys(['python_operator']) retrieved from /opt/airflow/dags/2-pythonoperator.py
[2024-06-10 21:36:51,712] {logging_mixin.py:115} INFO - [2024-06-10 21:36:51,712] {dag.py:2420} INFO - Sync 1 DAGs
[2024-06-10 21:36:51,726] {logging_mixin.py:115} INFO - [2024-06-10 21:36:51,726] {dag.py:2972} INFO - Setting next_dagrun for python_operator to None, run_after=None
[2024-06-10 21:36:51,734] {processor.py:161} INFO - Processing /opt/airflow/dags/2-pythonoperator.py took 0.047 seconds
[2024-06-10 21:37:22,077] {processor.py:153} INFO - Started process (PID=15803) to work on /opt/airflow/dags/2-pythonoperator.py
[2024-06-10 21:37:22,078] {processor.py:641} INFO - Processing file /opt/airflow/dags/2-pythonoperator.py for tasks to queue
[2024-06-10 21:37:22,078] {logging_mixin.py:115} INFO - [2024-06-10 21:37:22,078] {dagbag.py:508} INFO - Filling up the DagBag from /opt/airflow/dags/2-pythonoperator.py
[2024-06-10 21:37:22,084] {processor.py:651} INFO - DAG(s) dict_keys(['python_operator']) retrieved from /opt/airflow/dags/2-pythonoperator.py
[2024-06-10 21:37:22,102] {logging_mixin.py:115} INFO - [2024-06-10 21:37:22,102] {dag.py:2420} INFO - Sync 1 DAGs
[2024-06-10 21:37:22,120] {logging_mixin.py:115} INFO - [2024-06-10 21:37:22,120] {dag.py:2972} INFO - Setting next_dagrun for python_operator to None, run_after=None
[2024-06-10 21:37:22,130] {processor.py:161} INFO - Processing /opt/airflow/dags/2-pythonoperator.py took 0.057 seconds
[2024-06-10 21:37:52,477] {processor.py:153} INFO - Started process (PID=15837) to work on /opt/airflow/dags/2-pythonoperator.py
[2024-06-10 21:37:52,477] {processor.py:641} INFO - Processing file /opt/airflow/dags/2-pythonoperator.py for tasks to queue
[2024-06-10 21:37:52,478] {logging_mixin.py:115} INFO - [2024-06-10 21:37:52,478] {dagbag.py:508} INFO - Filling up the DagBag from /opt/airflow/dags/2-pythonoperator.py
[2024-06-10 21:37:52,482] {processor.py:651} INFO - DAG(s) dict_keys(['python_operator']) retrieved from /opt/airflow/dags/2-pythonoperator.py
[2024-06-10 21:37:52,499] {logging_mixin.py:115} INFO - [2024-06-10 21:37:52,499] {dag.py:2420} INFO - Sync 1 DAGs
[2024-06-10 21:37:52,514] {logging_mixin.py:115} INFO - [2024-06-10 21:37:52,514] {dag.py:2972} INFO - Setting next_dagrun for python_operator to None, run_after=None
[2024-06-10 21:37:52,522] {processor.py:161} INFO - Processing /opt/airflow/dags/2-pythonoperator.py took 0.047 seconds
[2024-06-10 21:38:22,800] {processor.py:153} INFO - Started process (PID=15872) to work on /opt/airflow/dags/2-pythonoperator.py
[2024-06-10 21:38:22,801] {processor.py:641} INFO - Processing file /opt/airflow/dags/2-pythonoperator.py for tasks to queue
[2024-06-10 21:38:22,801] {logging_mixin.py:115} INFO - [2024-06-10 21:38:22,801] {dagbag.py:508} INFO - Filling up the DagBag from /opt/airflow/dags/2-pythonoperator.py
[2024-06-10 21:38:22,806] {processor.py:651} INFO - DAG(s) dict_keys(['python_operator']) retrieved from /opt/airflow/dags/2-pythonoperator.py
[2024-06-10 21:38:22,824] {logging_mixin.py:115} INFO - [2024-06-10 21:38:22,824] {dag.py:2420} INFO - Sync 1 DAGs
[2024-06-10 21:38:22,840] {logging_mixin.py:115} INFO - [2024-06-10 21:38:22,840] {dag.py:2972} INFO - Setting next_dagrun for python_operator to None, run_after=None
[2024-06-10 21:38:22,850] {processor.py:161} INFO - Processing /opt/airflow/dags/2-pythonoperator.py took 0.052 seconds
[2024-06-10 21:38:53,238] {processor.py:153} INFO - Started process (PID=15907) to work on /opt/airflow/dags/2-pythonoperator.py
[2024-06-10 21:38:53,239] {processor.py:641} INFO - Processing file /opt/airflow/dags/2-pythonoperator.py for tasks to queue
[2024-06-10 21:38:53,239] {logging_mixin.py:115} INFO - [2024-06-10 21:38:53,239] {dagbag.py:508} INFO - Filling up the DagBag from /opt/airflow/dags/2-pythonoperator.py
[2024-06-10 21:38:53,244] {processor.py:651} INFO - DAG(s) dict_keys(['python_operator']) retrieved from /opt/airflow/dags/2-pythonoperator.py
[2024-06-10 21:38:53,262] {logging_mixin.py:115} INFO - [2024-06-10 21:38:53,262] {dag.py:2420} INFO - Sync 1 DAGs
[2024-06-10 21:38:53,280] {logging_mixin.py:115} INFO - [2024-06-10 21:38:53,280] {dag.py:2972} INFO - Setting next_dagrun for python_operator to None, run_after=None
[2024-06-10 21:38:53,287] {processor.py:161} INFO - Processing /opt/airflow/dags/2-pythonoperator.py took 0.051 seconds
[2024-06-10 21:39:23,595] {processor.py:153} INFO - Started process (PID=15933) to work on /opt/airflow/dags/2-pythonoperator.py
[2024-06-10 21:39:23,595] {processor.py:641} INFO - Processing file /opt/airflow/dags/2-pythonoperator.py for tasks to queue
[2024-06-10 21:39:23,595] {logging_mixin.py:115} INFO - [2024-06-10 21:39:23,595] {dagbag.py:508} INFO - Filling up the DagBag from /opt/airflow/dags/2-pythonoperator.py
[2024-06-10 21:39:23,600] {processor.py:651} INFO - DAG(s) dict_keys(['python_operator']) retrieved from /opt/airflow/dags/2-pythonoperator.py
[2024-06-10 21:39:23,617] {logging_mixin.py:115} INFO - [2024-06-10 21:39:23,616] {dag.py:2420} INFO - Sync 1 DAGs
[2024-06-10 21:39:23,631] {logging_mixin.py:115} INFO - [2024-06-10 21:39:23,631] {dag.py:2972} INFO - Setting next_dagrun for python_operator to None, run_after=None
[2024-06-10 21:39:23,639] {processor.py:161} INFO - Processing /opt/airflow/dags/2-pythonoperator.py took 0.046 seconds
[2024-06-10 21:39:53,946] {processor.py:153} INFO - Started process (PID=15968) to work on /opt/airflow/dags/2-pythonoperator.py
[2024-06-10 21:39:53,946] {processor.py:641} INFO - Processing file /opt/airflow/dags/2-pythonoperator.py for tasks to queue
[2024-06-10 21:39:53,947] {logging_mixin.py:115} INFO - [2024-06-10 21:39:53,947] {dagbag.py:508} INFO - Filling up the DagBag from /opt/airflow/dags/2-pythonoperator.py
[2024-06-10 21:39:53,952] {processor.py:651} INFO - DAG(s) dict_keys(['python_operator']) retrieved from /opt/airflow/dags/2-pythonoperator.py
[2024-06-10 21:39:53,971] {logging_mixin.py:115} INFO - [2024-06-10 21:39:53,971] {dag.py:2420} INFO - Sync 1 DAGs
[2024-06-10 21:39:53,985] {logging_mixin.py:115} INFO - [2024-06-10 21:39:53,985] {dag.py:2972} INFO - Setting next_dagrun for python_operator to None, run_after=None
[2024-06-10 21:39:53,994] {processor.py:161} INFO - Processing /opt/airflow/dags/2-pythonoperator.py took 0.051 seconds
[2024-06-10 21:40:24,302] {processor.py:153} INFO - Started process (PID=16003) to work on /opt/airflow/dags/2-pythonoperator.py
[2024-06-10 21:40:24,302] {processor.py:641} INFO - Processing file /opt/airflow/dags/2-pythonoperator.py for tasks to queue
[2024-06-10 21:40:24,303] {logging_mixin.py:115} INFO - [2024-06-10 21:40:24,302] {dagbag.py:508} INFO - Filling up the DagBag from /opt/airflow/dags/2-pythonoperator.py
[2024-06-10 21:40:24,308] {processor.py:651} INFO - DAG(s) dict_keys(['python_operator']) retrieved from /opt/airflow/dags/2-pythonoperator.py
[2024-06-10 21:40:24,325] {logging_mixin.py:115} INFO - [2024-06-10 21:40:24,325] {dag.py:2420} INFO - Sync 1 DAGs
[2024-06-10 21:40:24,339] {logging_mixin.py:115} INFO - [2024-06-10 21:40:24,339] {dag.py:2972} INFO - Setting next_dagrun for python_operator to None, run_after=None
[2024-06-10 21:40:24,347] {processor.py:161} INFO - Processing /opt/airflow/dags/2-pythonoperator.py took 0.048 seconds
[2024-06-10 21:40:54,683] {processor.py:153} INFO - Started process (PID=16039) to work on /opt/airflow/dags/2-pythonoperator.py
[2024-06-10 21:40:54,684] {processor.py:641} INFO - Processing file /opt/airflow/dags/2-pythonoperator.py for tasks to queue
[2024-06-10 21:40:54,684] {logging_mixin.py:115} INFO - [2024-06-10 21:40:54,684] {dagbag.py:508} INFO - Filling up the DagBag from /opt/airflow/dags/2-pythonoperator.py
[2024-06-10 21:40:54,689] {processor.py:651} INFO - DAG(s) dict_keys(['python_operator']) retrieved from /opt/airflow/dags/2-pythonoperator.py
[2024-06-10 21:40:54,705] {logging_mixin.py:115} INFO - [2024-06-10 21:40:54,705] {dag.py:2420} INFO - Sync 1 DAGs
[2024-06-10 21:40:54,721] {logging_mixin.py:115} INFO - [2024-06-10 21:40:54,721] {dag.py:2972} INFO - Setting next_dagrun for python_operator to None, run_after=None
[2024-06-10 21:40:54,731] {processor.py:161} INFO - Processing /opt/airflow/dags/2-pythonoperator.py took 0.050 seconds
[2024-06-10 21:41:25,058] {processor.py:153} INFO - Started process (PID=16074) to work on /opt/airflow/dags/2-pythonoperator.py
[2024-06-10 21:41:25,058] {processor.py:641} INFO - Processing file /opt/airflow/dags/2-pythonoperator.py for tasks to queue
[2024-06-10 21:41:25,058] {logging_mixin.py:115} INFO - [2024-06-10 21:41:25,058] {dagbag.py:508} INFO - Filling up the DagBag from /opt/airflow/dags/2-pythonoperator.py
[2024-06-10 21:41:25,063] {processor.py:651} INFO - DAG(s) dict_keys(['python_operator']) retrieved from /opt/airflow/dags/2-pythonoperator.py
[2024-06-10 21:41:25,079] {logging_mixin.py:115} INFO - [2024-06-10 21:41:25,079] {dag.py:2420} INFO - Sync 1 DAGs
[2024-06-10 21:41:25,093] {logging_mixin.py:115} INFO - [2024-06-10 21:41:25,093] {dag.py:2972} INFO - Setting next_dagrun for python_operator to None, run_after=None
[2024-06-10 21:41:25,100] {processor.py:161} INFO - Processing /opt/airflow/dags/2-pythonoperator.py took 0.045 seconds
[2024-06-10 21:41:55,432] {processor.py:153} INFO - Started process (PID=16100) to work on /opt/airflow/dags/2-pythonoperator.py
[2024-06-10 21:41:55,432] {processor.py:641} INFO - Processing file /opt/airflow/dags/2-pythonoperator.py for tasks to queue
[2024-06-10 21:41:55,433] {logging_mixin.py:115} INFO - [2024-06-10 21:41:55,433] {dagbag.py:508} INFO - Filling up the DagBag from /opt/airflow/dags/2-pythonoperator.py
[2024-06-10 21:41:55,437] {processor.py:651} INFO - DAG(s) dict_keys(['python_operator']) retrieved from /opt/airflow/dags/2-pythonoperator.py
[2024-06-10 21:41:55,453] {logging_mixin.py:115} INFO - [2024-06-10 21:41:55,452] {dag.py:2420} INFO - Sync 1 DAGs
[2024-06-10 21:41:55,466] {logging_mixin.py:115} INFO - [2024-06-10 21:41:55,466] {dag.py:2972} INFO - Setting next_dagrun for python_operator to None, run_after=None
[2024-06-10 21:41:55,473] {processor.py:161} INFO - Processing /opt/airflow/dags/2-pythonoperator.py took 0.043 seconds
[2024-06-10 21:42:25,838] {processor.py:153} INFO - Started process (PID=16135) to work on /opt/airflow/dags/2-pythonoperator.py
[2024-06-10 21:42:25,839] {processor.py:641} INFO - Processing file /opt/airflow/dags/2-pythonoperator.py for tasks to queue
[2024-06-10 21:42:25,840] {logging_mixin.py:115} INFO - [2024-06-10 21:42:25,840] {dagbag.py:508} INFO - Filling up the DagBag from /opt/airflow/dags/2-pythonoperator.py
[2024-06-10 21:42:25,848] {processor.py:651} INFO - DAG(s) dict_keys(['python_operator']) retrieved from /opt/airflow/dags/2-pythonoperator.py
[2024-06-10 21:42:25,874] {logging_mixin.py:115} INFO - [2024-06-10 21:42:25,874] {dag.py:2420} INFO - Sync 1 DAGs
[2024-06-10 21:42:25,897] {logging_mixin.py:115} INFO - [2024-06-10 21:42:25,897] {dag.py:2972} INFO - Setting next_dagrun for python_operator to None, run_after=None
[2024-06-10 21:42:25,910] {processor.py:161} INFO - Processing /opt/airflow/dags/2-pythonoperator.py took 0.077 seconds
[2024-06-10 21:42:56,311] {processor.py:153} INFO - Started process (PID=16170) to work on /opt/airflow/dags/2-pythonoperator.py
[2024-06-10 21:42:56,311] {processor.py:641} INFO - Processing file /opt/airflow/dags/2-pythonoperator.py for tasks to queue
[2024-06-10 21:42:56,311] {logging_mixin.py:115} INFO - [2024-06-10 21:42:56,311] {dagbag.py:508} INFO - Filling up the DagBag from /opt/airflow/dags/2-pythonoperator.py
[2024-06-10 21:42:56,317] {processor.py:651} INFO - DAG(s) dict_keys(['python_operator']) retrieved from /opt/airflow/dags/2-pythonoperator.py
[2024-06-10 21:42:56,334] {logging_mixin.py:115} INFO - [2024-06-10 21:42:56,334] {dag.py:2420} INFO - Sync 1 DAGs
[2024-06-10 21:42:56,347] {logging_mixin.py:115} INFO - [2024-06-10 21:42:56,347] {dag.py:2972} INFO - Setting next_dagrun for python_operator to None, run_after=None
[2024-06-10 21:42:56,357] {processor.py:161} INFO - Processing /opt/airflow/dags/2-pythonoperator.py took 0.048 seconds
[2024-06-10 21:43:26,690] {processor.py:153} INFO - Started process (PID=16205) to work on /opt/airflow/dags/2-pythonoperator.py
[2024-06-10 21:43:26,694] {processor.py:641} INFO - Processing file /opt/airflow/dags/2-pythonoperator.py for tasks to queue
[2024-06-10 21:43:26,695] {logging_mixin.py:115} INFO - [2024-06-10 21:43:26,695] {dagbag.py:508} INFO - Filling up the DagBag from /opt/airflow/dags/2-pythonoperator.py
[2024-06-10 21:43:26,700] {processor.py:651} INFO - DAG(s) dict_keys(['python_operator']) retrieved from /opt/airflow/dags/2-pythonoperator.py
[2024-06-10 21:43:26,718] {logging_mixin.py:115} INFO - [2024-06-10 21:43:26,718] {dag.py:2420} INFO - Sync 1 DAGs
[2024-06-10 21:43:26,733] {logging_mixin.py:115} INFO - [2024-06-10 21:43:26,733] {dag.py:2972} INFO - Setting next_dagrun for python_operator to None, run_after=None
[2024-06-10 21:43:26,743] {processor.py:161} INFO - Processing /opt/airflow/dags/2-pythonoperator.py took 0.055 seconds
[2024-06-10 21:43:57,048] {processor.py:153} INFO - Started process (PID=16240) to work on /opt/airflow/dags/2-pythonoperator.py
[2024-06-10 21:43:57,048] {processor.py:641} INFO - Processing file /opt/airflow/dags/2-pythonoperator.py for tasks to queue
[2024-06-10 21:43:57,049] {logging_mixin.py:115} INFO - [2024-06-10 21:43:57,049] {dagbag.py:508} INFO - Filling up the DagBag from /opt/airflow/dags/2-pythonoperator.py
[2024-06-10 21:43:57,054] {processor.py:651} INFO - DAG(s) dict_keys(['python_operator']) retrieved from /opt/airflow/dags/2-pythonoperator.py
[2024-06-10 21:43:57,070] {logging_mixin.py:115} INFO - [2024-06-10 21:43:57,069] {dag.py:2420} INFO - Sync 1 DAGs
[2024-06-10 21:43:57,083] {logging_mixin.py:115} INFO - [2024-06-10 21:43:57,083] {dag.py:2972} INFO - Setting next_dagrun for python_operator to None, run_after=None
[2024-06-10 21:43:57,090] {processor.py:161} INFO - Processing /opt/airflow/dags/2-pythonoperator.py took 0.045 seconds
[2024-06-10 21:44:27,431] {processor.py:153} INFO - Started process (PID=16275) to work on /opt/airflow/dags/2-pythonoperator.py
[2024-06-10 21:44:27,432] {processor.py:641} INFO - Processing file /opt/airflow/dags/2-pythonoperator.py for tasks to queue
[2024-06-10 21:44:27,432] {logging_mixin.py:115} INFO - [2024-06-10 21:44:27,432] {dagbag.py:508} INFO - Filling up the DagBag from /opt/airflow/dags/2-pythonoperator.py
[2024-06-10 21:44:27,438] {processor.py:651} INFO - DAG(s) dict_keys(['python_operator']) retrieved from /opt/airflow/dags/2-pythonoperator.py
[2024-06-10 21:44:27,456] {logging_mixin.py:115} INFO - [2024-06-10 21:44:27,456] {dag.py:2420} INFO - Sync 1 DAGs
[2024-06-10 21:44:27,477] {logging_mixin.py:115} INFO - [2024-06-10 21:44:27,476] {dag.py:2972} INFO - Setting next_dagrun for python_operator to None, run_after=None
[2024-06-10 21:44:27,487] {processor.py:161} INFO - Processing /opt/airflow/dags/2-pythonoperator.py took 0.058 seconds
[2024-06-10 21:44:57,811] {processor.py:153} INFO - Started process (PID=16301) to work on /opt/airflow/dags/2-pythonoperator.py
[2024-06-10 21:44:57,811] {processor.py:641} INFO - Processing file /opt/airflow/dags/2-pythonoperator.py for tasks to queue
[2024-06-10 21:44:57,811] {logging_mixin.py:115} INFO - [2024-06-10 21:44:57,811] {dagbag.py:508} INFO - Filling up the DagBag from /opt/airflow/dags/2-pythonoperator.py
[2024-06-10 21:44:57,816] {processor.py:651} INFO - DAG(s) dict_keys(['python_operator']) retrieved from /opt/airflow/dags/2-pythonoperator.py
[2024-06-10 21:44:57,832] {logging_mixin.py:115} INFO - [2024-06-10 21:44:57,832] {dag.py:2420} INFO - Sync 1 DAGs
[2024-06-10 21:44:57,848] {logging_mixin.py:115} INFO - [2024-06-10 21:44:57,848] {dag.py:2972} INFO - Setting next_dagrun for python_operator to None, run_after=None
[2024-06-10 21:44:57,856] {processor.py:161} INFO - Processing /opt/airflow/dags/2-pythonoperator.py took 0.047 seconds
[2024-06-10 21:45:28,200] {processor.py:153} INFO - Started process (PID=16336) to work on /opt/airflow/dags/2-pythonoperator.py
[2024-06-10 21:45:28,201] {processor.py:641} INFO - Processing file /opt/airflow/dags/2-pythonoperator.py for tasks to queue
[2024-06-10 21:45:28,201] {logging_mixin.py:115} INFO - [2024-06-10 21:45:28,201] {dagbag.py:508} INFO - Filling up the DagBag from /opt/airflow/dags/2-pythonoperator.py
[2024-06-10 21:45:28,209] {processor.py:651} INFO - DAG(s) dict_keys(['python_operator']) retrieved from /opt/airflow/dags/2-pythonoperator.py
[2024-06-10 21:45:28,226] {logging_mixin.py:115} INFO - [2024-06-10 21:45:28,226] {dag.py:2420} INFO - Sync 1 DAGs
[2024-06-10 21:45:28,245] {logging_mixin.py:115} INFO - [2024-06-10 21:45:28,244] {dag.py:2972} INFO - Setting next_dagrun for python_operator to None, run_after=None
[2024-06-10 21:45:28,256] {processor.py:161} INFO - Processing /opt/airflow/dags/2-pythonoperator.py took 0.058 seconds
[2024-06-10 21:45:58,589] {processor.py:153} INFO - Started process (PID=16371) to work on /opt/airflow/dags/2-pythonoperator.py
[2024-06-10 21:45:58,589] {processor.py:641} INFO - Processing file /opt/airflow/dags/2-pythonoperator.py for tasks to queue
[2024-06-10 21:45:58,590] {logging_mixin.py:115} INFO - [2024-06-10 21:45:58,590] {dagbag.py:508} INFO - Filling up the DagBag from /opt/airflow/dags/2-pythonoperator.py
[2024-06-10 21:45:58,595] {processor.py:651} INFO - DAG(s) dict_keys(['python_operator']) retrieved from /opt/airflow/dags/2-pythonoperator.py
[2024-06-10 21:45:58,613] {logging_mixin.py:115} INFO - [2024-06-10 21:45:58,613] {dag.py:2420} INFO - Sync 1 DAGs
[2024-06-10 21:45:58,627] {logging_mixin.py:115} INFO - [2024-06-10 21:45:58,627] {dag.py:2972} INFO - Setting next_dagrun for python_operator to None, run_after=None
[2024-06-10 21:45:58,638] {processor.py:161} INFO - Processing /opt/airflow/dags/2-pythonoperator.py took 0.052 seconds
[2024-06-10 21:46:28,991] {processor.py:153} INFO - Started process (PID=16406) to work on /opt/airflow/dags/2-pythonoperator.py
[2024-06-10 21:46:28,992] {processor.py:641} INFO - Processing file /opt/airflow/dags/2-pythonoperator.py for tasks to queue
[2024-06-10 21:46:28,992] {logging_mixin.py:115} INFO - [2024-06-10 21:46:28,992] {dagbag.py:508} INFO - Filling up the DagBag from /opt/airflow/dags/2-pythonoperator.py
[2024-06-10 21:46:28,997] {processor.py:651} INFO - DAG(s) dict_keys(['python_operator']) retrieved from /opt/airflow/dags/2-pythonoperator.py
[2024-06-10 21:46:29,014] {logging_mixin.py:115} INFO - [2024-06-10 21:46:29,014] {dag.py:2420} INFO - Sync 1 DAGs
[2024-06-10 21:46:29,028] {logging_mixin.py:115} INFO - [2024-06-10 21:46:29,028] {dag.py:2972} INFO - Setting next_dagrun for python_operator to None, run_after=None
[2024-06-10 21:46:29,035] {processor.py:161} INFO - Processing /opt/airflow/dags/2-pythonoperator.py took 0.046 seconds
[2024-06-10 21:46:59,369] {processor.py:153} INFO - Started process (PID=16441) to work on /opt/airflow/dags/2-pythonoperator.py
[2024-06-10 21:46:59,369] {processor.py:641} INFO - Processing file /opt/airflow/dags/2-pythonoperator.py for tasks to queue
[2024-06-10 21:46:59,370] {logging_mixin.py:115} INFO - [2024-06-10 21:46:59,370] {dagbag.py:508} INFO - Filling up the DagBag from /opt/airflow/dags/2-pythonoperator.py
[2024-06-10 21:46:59,377] {processor.py:651} INFO - DAG(s) dict_keys(['python_operator']) retrieved from /opt/airflow/dags/2-pythonoperator.py
[2024-06-10 21:46:59,394] {logging_mixin.py:115} INFO - [2024-06-10 21:46:59,394] {dag.py:2420} INFO - Sync 1 DAGs
[2024-06-10 21:46:59,408] {logging_mixin.py:115} INFO - [2024-06-10 21:46:59,408] {dag.py:2972} INFO - Setting next_dagrun for python_operator to None, run_after=None
[2024-06-10 21:46:59,417] {processor.py:161} INFO - Processing /opt/airflow/dags/2-pythonoperator.py took 0.051 seconds
[2024-06-10 21:47:29,805] {processor.py:153} INFO - Started process (PID=16467) to work on /opt/airflow/dags/2-pythonoperator.py
[2024-06-10 21:47:29,806] {processor.py:641} INFO - Processing file /opt/airflow/dags/2-pythonoperator.py for tasks to queue
[2024-06-10 21:47:29,806] {logging_mixin.py:115} INFO - [2024-06-10 21:47:29,806] {dagbag.py:508} INFO - Filling up the DagBag from /opt/airflow/dags/2-pythonoperator.py
[2024-06-10 21:47:29,811] {processor.py:651} INFO - DAG(s) dict_keys(['python_operator']) retrieved from /opt/airflow/dags/2-pythonoperator.py
[2024-06-10 21:47:29,830] {logging_mixin.py:115} INFO - [2024-06-10 21:47:29,830] {dag.py:2420} INFO - Sync 1 DAGs
[2024-06-10 21:47:29,850] {logging_mixin.py:115} INFO - [2024-06-10 21:47:29,850] {dag.py:2972} INFO - Setting next_dagrun for python_operator to None, run_after=None
[2024-06-10 21:47:29,860] {processor.py:161} INFO - Processing /opt/airflow/dags/2-pythonoperator.py took 0.057 seconds
[2024-06-10 21:48:00,179] {processor.py:153} INFO - Started process (PID=16502) to work on /opt/airflow/dags/2-pythonoperator.py
[2024-06-10 21:48:00,179] {processor.py:641} INFO - Processing file /opt/airflow/dags/2-pythonoperator.py for tasks to queue
[2024-06-10 21:48:00,179] {logging_mixin.py:115} INFO - [2024-06-10 21:48:00,179] {dagbag.py:508} INFO - Filling up the DagBag from /opt/airflow/dags/2-pythonoperator.py
[2024-06-10 21:48:00,184] {processor.py:651} INFO - DAG(s) dict_keys(['python_operator']) retrieved from /opt/airflow/dags/2-pythonoperator.py
[2024-06-10 21:48:00,200] {logging_mixin.py:115} INFO - [2024-06-10 21:48:00,200] {dag.py:2420} INFO - Sync 1 DAGs
[2024-06-10 21:48:00,215] {logging_mixin.py:115} INFO - [2024-06-10 21:48:00,215] {dag.py:2972} INFO - Setting next_dagrun for python_operator to None, run_after=None
[2024-06-10 21:48:00,224] {processor.py:161} INFO - Processing /opt/airflow/dags/2-pythonoperator.py took 0.047 seconds
[2024-06-10 21:48:30,631] {processor.py:153} INFO - Started process (PID=16537) to work on /opt/airflow/dags/2-pythonoperator.py
[2024-06-10 21:48:30,631] {processor.py:641} INFO - Processing file /opt/airflow/dags/2-pythonoperator.py for tasks to queue
[2024-06-10 21:48:30,632] {logging_mixin.py:115} INFO - [2024-06-10 21:48:30,632] {dagbag.py:508} INFO - Filling up the DagBag from /opt/airflow/dags/2-pythonoperator.py
[2024-06-10 21:48:30,637] {processor.py:651} INFO - DAG(s) dict_keys(['python_operator']) retrieved from /opt/airflow/dags/2-pythonoperator.py
[2024-06-10 21:48:30,654] {logging_mixin.py:115} INFO - [2024-06-10 21:48:30,654] {dag.py:2420} INFO - Sync 1 DAGs
[2024-06-10 21:48:30,668] {logging_mixin.py:115} INFO - [2024-06-10 21:48:30,668] {dag.py:2972} INFO - Setting next_dagrun for python_operator to None, run_after=None
[2024-06-10 21:48:30,688] {processor.py:161} INFO - Processing /opt/airflow/dags/2-pythonoperator.py took 0.059 seconds
[2024-06-10 21:49:00,958] {processor.py:153} INFO - Started process (PID=16572) to work on /opt/airflow/dags/2-pythonoperator.py
[2024-06-10 21:49:00,958] {processor.py:641} INFO - Processing file /opt/airflow/dags/2-pythonoperator.py for tasks to queue
[2024-06-10 21:49:00,959] {logging_mixin.py:115} INFO - [2024-06-10 21:49:00,959] {dagbag.py:508} INFO - Filling up the DagBag from /opt/airflow/dags/2-pythonoperator.py
[2024-06-10 21:49:00,965] {processor.py:651} INFO - DAG(s) dict_keys(['python_operator']) retrieved from /opt/airflow/dags/2-pythonoperator.py
[2024-06-10 21:49:00,981] {logging_mixin.py:115} INFO - [2024-06-10 21:49:00,981] {dag.py:2420} INFO - Sync 1 DAGs
[2024-06-10 21:49:00,994] {logging_mixin.py:115} INFO - [2024-06-10 21:49:00,994] {dag.py:2972} INFO - Setting next_dagrun for python_operator to None, run_after=None
[2024-06-10 21:49:01,001] {processor.py:161} INFO - Processing /opt/airflow/dags/2-pythonoperator.py took 0.045 seconds
[2024-06-10 21:49:31,339] {processor.py:153} INFO - Started process (PID=16606) to work on /opt/airflow/dags/2-pythonoperator.py
[2024-06-10 21:49:31,339] {processor.py:641} INFO - Processing file /opt/airflow/dags/2-pythonoperator.py for tasks to queue
[2024-06-10 21:49:31,340] {logging_mixin.py:115} INFO - [2024-06-10 21:49:31,339] {dagbag.py:508} INFO - Filling up the DagBag from /opt/airflow/dags/2-pythonoperator.py
[2024-06-10 21:49:31,345] {processor.py:651} INFO - DAG(s) dict_keys(['python_operator']) retrieved from /opt/airflow/dags/2-pythonoperator.py
[2024-06-10 21:49:31,361] {logging_mixin.py:115} INFO - [2024-06-10 21:49:31,361] {dag.py:2420} INFO - Sync 1 DAGs
[2024-06-10 21:49:31,377] {logging_mixin.py:115} INFO - [2024-06-10 21:49:31,377] {dag.py:2972} INFO - Setting next_dagrun for python_operator to None, run_after=None
[2024-06-10 21:49:31,384] {processor.py:161} INFO - Processing /opt/airflow/dags/2-pythonoperator.py took 0.048 seconds
[2024-06-10 21:50:01,713] {processor.py:153} INFO - Started process (PID=16632) to work on /opt/airflow/dags/2-pythonoperator.py
[2024-06-10 21:50:01,713] {processor.py:641} INFO - Processing file /opt/airflow/dags/2-pythonoperator.py for tasks to queue
[2024-06-10 21:50:01,714] {logging_mixin.py:115} INFO - [2024-06-10 21:50:01,713] {dagbag.py:508} INFO - Filling up the DagBag from /opt/airflow/dags/2-pythonoperator.py
[2024-06-10 21:50:01,719] {processor.py:651} INFO - DAG(s) dict_keys(['python_operator']) retrieved from /opt/airflow/dags/2-pythonoperator.py
[2024-06-10 21:50:01,735] {logging_mixin.py:115} INFO - [2024-06-10 21:50:01,735] {dag.py:2420} INFO - Sync 1 DAGs
[2024-06-10 21:50:01,748] {logging_mixin.py:115} INFO - [2024-06-10 21:50:01,748] {dag.py:2972} INFO - Setting next_dagrun for python_operator to None, run_after=None
[2024-06-10 21:50:01,756] {processor.py:161} INFO - Processing /opt/airflow/dags/2-pythonoperator.py took 0.045 seconds
[2024-06-10 21:50:32,133] {processor.py:153} INFO - Started process (PID=16667) to work on /opt/airflow/dags/2-pythonoperator.py
[2024-06-10 21:50:32,134] {processor.py:641} INFO - Processing file /opt/airflow/dags/2-pythonoperator.py for tasks to queue
[2024-06-10 21:50:32,134] {logging_mixin.py:115} INFO - [2024-06-10 21:50:32,134] {dagbag.py:508} INFO - Filling up the DagBag from /opt/airflow/dags/2-pythonoperator.py
[2024-06-10 21:50:32,139] {processor.py:651} INFO - DAG(s) dict_keys(['python_operator']) retrieved from /opt/airflow/dags/2-pythonoperator.py
[2024-06-10 21:50:32,159] {logging_mixin.py:115} INFO - [2024-06-10 21:50:32,159] {dag.py:2420} INFO - Sync 1 DAGs
[2024-06-10 21:50:32,175] {logging_mixin.py:115} INFO - [2024-06-10 21:50:32,175] {dag.py:2972} INFO - Setting next_dagrun for python_operator to None, run_after=None
[2024-06-10 21:50:32,184] {processor.py:161} INFO - Processing /opt/airflow/dags/2-pythonoperator.py took 0.054 seconds
[2024-06-10 21:51:02,465] {processor.py:153} INFO - Started process (PID=16702) to work on /opt/airflow/dags/2-pythonoperator.py
[2024-06-10 21:51:02,465] {processor.py:641} INFO - Processing file /opt/airflow/dags/2-pythonoperator.py for tasks to queue
[2024-06-10 21:51:02,466] {logging_mixin.py:115} INFO - [2024-06-10 21:51:02,466] {dagbag.py:508} INFO - Filling up the DagBag from /opt/airflow/dags/2-pythonoperator.py
[2024-06-10 21:51:02,471] {processor.py:651} INFO - DAG(s) dict_keys(['python_operator']) retrieved from /opt/airflow/dags/2-pythonoperator.py
[2024-06-10 21:51:02,487] {logging_mixin.py:115} INFO - [2024-06-10 21:51:02,487] {dag.py:2420} INFO - Sync 1 DAGs
[2024-06-10 21:51:02,502] {logging_mixin.py:115} INFO - [2024-06-10 21:51:02,502] {dag.py:2972} INFO - Setting next_dagrun for python_operator to None, run_after=None
[2024-06-10 21:51:02,511] {processor.py:161} INFO - Processing /opt/airflow/dags/2-pythonoperator.py took 0.048 seconds
[2024-06-10 21:51:32,856] {processor.py:153} INFO - Started process (PID=16737) to work on /opt/airflow/dags/2-pythonoperator.py
[2024-06-10 21:51:32,856] {processor.py:641} INFO - Processing file /opt/airflow/dags/2-pythonoperator.py for tasks to queue
[2024-06-10 21:51:32,857] {logging_mixin.py:115} INFO - [2024-06-10 21:51:32,857] {dagbag.py:508} INFO - Filling up the DagBag from /opt/airflow/dags/2-pythonoperator.py
[2024-06-10 21:51:32,861] {processor.py:651} INFO - DAG(s) dict_keys(['python_operator']) retrieved from /opt/airflow/dags/2-pythonoperator.py
[2024-06-10 21:51:32,879] {logging_mixin.py:115} INFO - [2024-06-10 21:51:32,879] {dag.py:2420} INFO - Sync 1 DAGs
[2024-06-10 21:51:32,893] {logging_mixin.py:115} INFO - [2024-06-10 21:51:32,893] {dag.py:2972} INFO - Setting next_dagrun for python_operator to None, run_after=None
[2024-06-10 21:51:32,901] {processor.py:161} INFO - Processing /opt/airflow/dags/2-pythonoperator.py took 0.047 seconds
[2024-06-10 21:52:03,213] {processor.py:153} INFO - Started process (PID=16771) to work on /opt/airflow/dags/2-pythonoperator.py
[2024-06-10 21:52:03,213] {processor.py:641} INFO - Processing file /opt/airflow/dags/2-pythonoperator.py for tasks to queue
[2024-06-10 21:52:03,213] {logging_mixin.py:115} INFO - [2024-06-10 21:52:03,213] {dagbag.py:508} INFO - Filling up the DagBag from /opt/airflow/dags/2-pythonoperator.py
[2024-06-10 21:52:03,219] {processor.py:651} INFO - DAG(s) dict_keys(['python_operator']) retrieved from /opt/airflow/dags/2-pythonoperator.py
[2024-06-10 21:52:03,235] {logging_mixin.py:115} INFO - [2024-06-10 21:52:03,235] {dag.py:2420} INFO - Sync 1 DAGs
[2024-06-10 21:52:03,249] {logging_mixin.py:115} INFO - [2024-06-10 21:52:03,249] {dag.py:2972} INFO - Setting next_dagrun for python_operator to None, run_after=None
[2024-06-10 21:52:03,256] {processor.py:161} INFO - Processing /opt/airflow/dags/2-pythonoperator.py took 0.046 seconds
[2024-06-10 21:52:33,574] {processor.py:153} INFO - Started process (PID=16797) to work on /opt/airflow/dags/2-pythonoperator.py
[2024-06-10 21:52:33,575] {processor.py:641} INFO - Processing file /opt/airflow/dags/2-pythonoperator.py for tasks to queue
[2024-06-10 21:52:33,575] {logging_mixin.py:115} INFO - [2024-06-10 21:52:33,575] {dagbag.py:508} INFO - Filling up the DagBag from /opt/airflow/dags/2-pythonoperator.py
[2024-06-10 21:52:33,580] {processor.py:651} INFO - DAG(s) dict_keys(['python_operator']) retrieved from /opt/airflow/dags/2-pythonoperator.py
[2024-06-10 21:52:33,598] {logging_mixin.py:115} INFO - [2024-06-10 21:52:33,598] {dag.py:2420} INFO - Sync 1 DAGs
[2024-06-10 21:52:33,612] {logging_mixin.py:115} INFO - [2024-06-10 21:52:33,612] {dag.py:2972} INFO - Setting next_dagrun for python_operator to None, run_after=None
[2024-06-10 21:52:33,620] {processor.py:161} INFO - Processing /opt/airflow/dags/2-pythonoperator.py took 0.048 seconds
[2024-06-10 21:53:03,959] {processor.py:153} INFO - Started process (PID=16833) to work on /opt/airflow/dags/2-pythonoperator.py
[2024-06-10 21:53:03,959] {processor.py:641} INFO - Processing file /opt/airflow/dags/2-pythonoperator.py for tasks to queue
[2024-06-10 21:53:03,960] {logging_mixin.py:115} INFO - [2024-06-10 21:53:03,959] {dagbag.py:508} INFO - Filling up the DagBag from /opt/airflow/dags/2-pythonoperator.py
[2024-06-10 21:53:03,964] {processor.py:651} INFO - DAG(s) dict_keys(['python_operator']) retrieved from /opt/airflow/dags/2-pythonoperator.py
[2024-06-10 21:53:03,979] {logging_mixin.py:115} INFO - [2024-06-10 21:53:03,979] {dag.py:2420} INFO - Sync 1 DAGs
[2024-06-10 21:53:03,993] {logging_mixin.py:115} INFO - [2024-06-10 21:53:03,993] {dag.py:2972} INFO - Setting next_dagrun for python_operator to None, run_after=None
[2024-06-10 21:53:04,004] {processor.py:161} INFO - Processing /opt/airflow/dags/2-pythonoperator.py took 0.048 seconds
[2024-06-10 21:53:34,363] {processor.py:153} INFO - Started process (PID=16868) to work on /opt/airflow/dags/2-pythonoperator.py
[2024-06-10 21:53:34,364] {processor.py:641} INFO - Processing file /opt/airflow/dags/2-pythonoperator.py for tasks to queue
[2024-06-10 21:53:34,364] {logging_mixin.py:115} INFO - [2024-06-10 21:53:34,364] {dagbag.py:508} INFO - Filling up the DagBag from /opt/airflow/dags/2-pythonoperator.py
[2024-06-10 21:53:34,369] {processor.py:651} INFO - DAG(s) dict_keys(['python_operator']) retrieved from /opt/airflow/dags/2-pythonoperator.py
[2024-06-10 21:53:34,390] {logging_mixin.py:115} INFO - [2024-06-10 21:53:34,390] {dag.py:2420} INFO - Sync 1 DAGs
[2024-06-10 21:53:34,403] {logging_mixin.py:115} INFO - [2024-06-10 21:53:34,403] {dag.py:2972} INFO - Setting next_dagrun for python_operator to None, run_after=None
[2024-06-10 21:53:34,412] {processor.py:161} INFO - Processing /opt/airflow/dags/2-pythonoperator.py took 0.052 seconds
[2024-06-10 21:54:04,722] {processor.py:153} INFO - Started process (PID=16902) to work on /opt/airflow/dags/2-pythonoperator.py
[2024-06-10 21:54:04,723] {processor.py:641} INFO - Processing file /opt/airflow/dags/2-pythonoperator.py for tasks to queue
[2024-06-10 21:54:04,723] {logging_mixin.py:115} INFO - [2024-06-10 21:54:04,723] {dagbag.py:508} INFO - Filling up the DagBag from /opt/airflow/dags/2-pythonoperator.py
[2024-06-10 21:54:04,728] {processor.py:651} INFO - DAG(s) dict_keys(['python_operator']) retrieved from /opt/airflow/dags/2-pythonoperator.py
[2024-06-10 21:54:04,744] {logging_mixin.py:115} INFO - [2024-06-10 21:54:04,744] {dag.py:2420} INFO - Sync 1 DAGs
[2024-06-10 21:54:04,758] {logging_mixin.py:115} INFO - [2024-06-10 21:54:04,758] {dag.py:2972} INFO - Setting next_dagrun for python_operator to None, run_after=None
[2024-06-10 21:54:04,765] {processor.py:161} INFO - Processing /opt/airflow/dags/2-pythonoperator.py took 0.045 seconds
[2024-06-10 21:54:35,082] {processor.py:153} INFO - Started process (PID=16937) to work on /opt/airflow/dags/2-pythonoperator.py
[2024-06-10 21:54:35,082] {processor.py:641} INFO - Processing file /opt/airflow/dags/2-pythonoperator.py for tasks to queue
[2024-06-10 21:54:35,083] {logging_mixin.py:115} INFO - [2024-06-10 21:54:35,083] {dagbag.py:508} INFO - Filling up the DagBag from /opt/airflow/dags/2-pythonoperator.py
[2024-06-10 21:54:35,088] {processor.py:651} INFO - DAG(s) dict_keys(['python_operator']) retrieved from /opt/airflow/dags/2-pythonoperator.py
[2024-06-10 21:54:35,103] {logging_mixin.py:115} INFO - [2024-06-10 21:54:35,103] {dag.py:2420} INFO - Sync 1 DAGs
[2024-06-10 21:54:35,116] {logging_mixin.py:115} INFO - [2024-06-10 21:54:35,116] {dag.py:2972} INFO - Setting next_dagrun for python_operator to None, run_after=None
[2024-06-10 21:54:35,124] {processor.py:161} INFO - Processing /opt/airflow/dags/2-pythonoperator.py took 0.044 seconds
[2024-06-10 21:55:05,473] {processor.py:153} INFO - Started process (PID=16963) to work on /opt/airflow/dags/2-pythonoperator.py
[2024-06-10 21:55:05,473] {processor.py:641} INFO - Processing file /opt/airflow/dags/2-pythonoperator.py for tasks to queue
[2024-06-10 21:55:05,474] {logging_mixin.py:115} INFO - [2024-06-10 21:55:05,474] {dagbag.py:508} INFO - Filling up the DagBag from /opt/airflow/dags/2-pythonoperator.py
[2024-06-10 21:55:05,479] {processor.py:651} INFO - DAG(s) dict_keys(['python_operator']) retrieved from /opt/airflow/dags/2-pythonoperator.py
[2024-06-10 21:55:05,498] {logging_mixin.py:115} INFO - [2024-06-10 21:55:05,497] {dag.py:2420} INFO - Sync 1 DAGs
[2024-06-10 21:55:05,511] {logging_mixin.py:115} INFO - [2024-06-10 21:55:05,511] {dag.py:2972} INFO - Setting next_dagrun for python_operator to None, run_after=None
[2024-06-10 21:55:05,521] {processor.py:161} INFO - Processing /opt/airflow/dags/2-pythonoperator.py took 0.050 seconds
[2024-06-10 21:55:35,775] {processor.py:153} INFO - Started process (PID=16998) to work on /opt/airflow/dags/2-pythonoperator.py
[2024-06-10 21:55:35,775] {processor.py:641} INFO - Processing file /opt/airflow/dags/2-pythonoperator.py for tasks to queue
[2024-06-10 21:55:35,776] {logging_mixin.py:115} INFO - [2024-06-10 21:55:35,776] {dagbag.py:508} INFO - Filling up the DagBag from /opt/airflow/dags/2-pythonoperator.py
[2024-06-10 21:55:35,781] {processor.py:651} INFO - DAG(s) dict_keys(['python_operator']) retrieved from /opt/airflow/dags/2-pythonoperator.py
[2024-06-10 21:55:35,797] {logging_mixin.py:115} INFO - [2024-06-10 21:55:35,797] {dag.py:2420} INFO - Sync 1 DAGs
[2024-06-10 21:55:35,813] {logging_mixin.py:115} INFO - [2024-06-10 21:55:35,813] {dag.py:2972} INFO - Setting next_dagrun for python_operator to None, run_after=None
[2024-06-10 21:55:35,825] {processor.py:161} INFO - Processing /opt/airflow/dags/2-pythonoperator.py took 0.053 seconds
[2024-06-10 21:56:06,143] {processor.py:153} INFO - Started process (PID=17033) to work on /opt/airflow/dags/2-pythonoperator.py
[2024-06-10 21:56:06,143] {processor.py:641} INFO - Processing file /opt/airflow/dags/2-pythonoperator.py for tasks to queue
[2024-06-10 21:56:06,143] {logging_mixin.py:115} INFO - [2024-06-10 21:56:06,143] {dagbag.py:508} INFO - Filling up the DagBag from /opt/airflow/dags/2-pythonoperator.py
[2024-06-10 21:56:06,148] {processor.py:651} INFO - DAG(s) dict_keys(['python_operator']) retrieved from /opt/airflow/dags/2-pythonoperator.py
[2024-06-10 21:56:06,164] {logging_mixin.py:115} INFO - [2024-06-10 21:56:06,164] {dag.py:2420} INFO - Sync 1 DAGs
[2024-06-10 21:56:06,177] {logging_mixin.py:115} INFO - [2024-06-10 21:56:06,177] {dag.py:2972} INFO - Setting next_dagrun for python_operator to None, run_after=None
[2024-06-10 21:56:06,185] {processor.py:161} INFO - Processing /opt/airflow/dags/2-pythonoperator.py took 0.045 seconds
[2024-06-10 21:56:36,503] {processor.py:153} INFO - Started process (PID=17068) to work on /opt/airflow/dags/2-pythonoperator.py
[2024-06-10 21:56:36,504] {processor.py:641} INFO - Processing file /opt/airflow/dags/2-pythonoperator.py for tasks to queue
[2024-06-10 21:56:36,504] {logging_mixin.py:115} INFO - [2024-06-10 21:56:36,504] {dagbag.py:508} INFO - Filling up the DagBag from /opt/airflow/dags/2-pythonoperator.py
[2024-06-10 21:56:36,509] {processor.py:651} INFO - DAG(s) dict_keys(['python_operator']) retrieved from /opt/airflow/dags/2-pythonoperator.py
[2024-06-10 21:56:36,526] {logging_mixin.py:115} INFO - [2024-06-10 21:56:36,526] {dag.py:2420} INFO - Sync 1 DAGs
[2024-06-10 21:56:36,541] {logging_mixin.py:115} INFO - [2024-06-10 21:56:36,541] {dag.py:2972} INFO - Setting next_dagrun for python_operator to None, run_after=None
[2024-06-10 21:56:36,550] {processor.py:161} INFO - Processing /opt/airflow/dags/2-pythonoperator.py took 0.049 seconds
[2024-06-10 21:57:06,824] {processor.py:153} INFO - Started process (PID=17103) to work on /opt/airflow/dags/2-pythonoperator.py
[2024-06-10 21:57:06,824] {processor.py:641} INFO - Processing file /opt/airflow/dags/2-pythonoperator.py for tasks to queue
[2024-06-10 21:57:06,825] {logging_mixin.py:115} INFO - [2024-06-10 21:57:06,825] {dagbag.py:508} INFO - Filling up the DagBag from /opt/airflow/dags/2-pythonoperator.py
[2024-06-10 21:57:06,830] {processor.py:651} INFO - DAG(s) dict_keys(['python_operator']) retrieved from /opt/airflow/dags/2-pythonoperator.py
[2024-06-10 21:57:06,848] {logging_mixin.py:115} INFO - [2024-06-10 21:57:06,848] {dag.py:2420} INFO - Sync 1 DAGs
[2024-06-10 21:57:06,862] {logging_mixin.py:115} INFO - [2024-06-10 21:57:06,862] {dag.py:2972} INFO - Setting next_dagrun for python_operator to None, run_after=None
[2024-06-10 21:57:06,872] {processor.py:161} INFO - Processing /opt/airflow/dags/2-pythonoperator.py took 0.050 seconds
[2024-06-10 21:57:37,272] {processor.py:153} INFO - Started process (PID=17129) to work on /opt/airflow/dags/2-pythonoperator.py
[2024-06-10 21:57:37,272] {processor.py:641} INFO - Processing file /opt/airflow/dags/2-pythonoperator.py for tasks to queue
[2024-06-10 21:57:37,272] {logging_mixin.py:115} INFO - [2024-06-10 21:57:37,272] {dagbag.py:508} INFO - Filling up the DagBag from /opt/airflow/dags/2-pythonoperator.py
[2024-06-10 21:57:37,277] {processor.py:651} INFO - DAG(s) dict_keys(['python_operator']) retrieved from /opt/airflow/dags/2-pythonoperator.py
[2024-06-10 21:57:37,295] {logging_mixin.py:115} INFO - [2024-06-10 21:57:37,295] {dag.py:2420} INFO - Sync 1 DAGs
[2024-06-10 21:57:37,309] {logging_mixin.py:115} INFO - [2024-06-10 21:57:37,308] {dag.py:2972} INFO - Setting next_dagrun for python_operator to None, run_after=None
[2024-06-10 21:57:37,318] {processor.py:161} INFO - Processing /opt/airflow/dags/2-pythonoperator.py took 0.048 seconds
[2024-06-10 21:58:07,619] {processor.py:153} INFO - Started process (PID=17164) to work on /opt/airflow/dags/2-pythonoperator.py
[2024-06-10 21:58:07,620] {processor.py:641} INFO - Processing file /opt/airflow/dags/2-pythonoperator.py for tasks to queue
[2024-06-10 21:58:07,620] {logging_mixin.py:115} INFO - [2024-06-10 21:58:07,620] {dagbag.py:508} INFO - Filling up the DagBag from /opt/airflow/dags/2-pythonoperator.py
[2024-06-10 21:58:07,625] {processor.py:651} INFO - DAG(s) dict_keys(['python_operator']) retrieved from /opt/airflow/dags/2-pythonoperator.py
[2024-06-10 21:58:07,642] {logging_mixin.py:115} INFO - [2024-06-10 21:58:07,642] {dag.py:2420} INFO - Sync 1 DAGs
[2024-06-10 21:58:07,657] {logging_mixin.py:115} INFO - [2024-06-10 21:58:07,657] {dag.py:2972} INFO - Setting next_dagrun for python_operator to None, run_after=None
[2024-06-10 21:58:07,664] {processor.py:161} INFO - Processing /opt/airflow/dags/2-pythonoperator.py took 0.047 seconds
[2024-06-10 21:58:37,980] {processor.py:153} INFO - Started process (PID=17199) to work on /opt/airflow/dags/2-pythonoperator.py
[2024-06-10 21:58:37,980] {processor.py:641} INFO - Processing file /opt/airflow/dags/2-pythonoperator.py for tasks to queue
[2024-06-10 21:58:37,981] {logging_mixin.py:115} INFO - [2024-06-10 21:58:37,981] {dagbag.py:508} INFO - Filling up the DagBag from /opt/airflow/dags/2-pythonoperator.py
[2024-06-10 21:58:37,985] {processor.py:651} INFO - DAG(s) dict_keys(['python_operator']) retrieved from /opt/airflow/dags/2-pythonoperator.py
[2024-06-10 21:58:38,001] {logging_mixin.py:115} INFO - [2024-06-10 21:58:38,001] {dag.py:2420} INFO - Sync 1 DAGs
[2024-06-10 21:58:38,014] {logging_mixin.py:115} INFO - [2024-06-10 21:58:38,014] {dag.py:2972} INFO - Setting next_dagrun for python_operator to None, run_after=None
[2024-06-10 21:58:38,023] {processor.py:161} INFO - Processing /opt/airflow/dags/2-pythonoperator.py took 0.045 seconds
[2024-06-10 21:59:08,334] {processor.py:153} INFO - Started process (PID=17234) to work on /opt/airflow/dags/2-pythonoperator.py
[2024-06-10 21:59:08,334] {processor.py:641} INFO - Processing file /opt/airflow/dags/2-pythonoperator.py for tasks to queue
[2024-06-10 21:59:08,335] {logging_mixin.py:115} INFO - [2024-06-10 21:59:08,335] {dagbag.py:508} INFO - Filling up the DagBag from /opt/airflow/dags/2-pythonoperator.py
[2024-06-10 21:59:08,339] {processor.py:651} INFO - DAG(s) dict_keys(['python_operator']) retrieved from /opt/airflow/dags/2-pythonoperator.py
[2024-06-10 21:59:08,356] {logging_mixin.py:115} INFO - [2024-06-10 21:59:08,356] {dag.py:2420} INFO - Sync 1 DAGs
[2024-06-10 21:59:08,370] {logging_mixin.py:115} INFO - [2024-06-10 21:59:08,370] {dag.py:2972} INFO - Setting next_dagrun for python_operator to None, run_after=None
[2024-06-10 21:59:08,378] {processor.py:161} INFO - Processing /opt/airflow/dags/2-pythonoperator.py took 0.046 seconds
[2024-06-10 21:59:38,703] {processor.py:153} INFO - Started process (PID=17269) to work on /opt/airflow/dags/2-pythonoperator.py
[2024-06-10 21:59:38,703] {processor.py:641} INFO - Processing file /opt/airflow/dags/2-pythonoperator.py for tasks to queue
[2024-06-10 21:59:38,704] {logging_mixin.py:115} INFO - [2024-06-10 21:59:38,704] {dagbag.py:508} INFO - Filling up the DagBag from /opt/airflow/dags/2-pythonoperator.py
[2024-06-10 21:59:38,710] {processor.py:651} INFO - DAG(s) dict_keys(['python_operator']) retrieved from /opt/airflow/dags/2-pythonoperator.py
[2024-06-10 21:59:38,726] {logging_mixin.py:115} INFO - [2024-06-10 21:59:38,726] {dag.py:2420} INFO - Sync 1 DAGs
[2024-06-10 21:59:38,740] {logging_mixin.py:115} INFO - [2024-06-10 21:59:38,739] {dag.py:2972} INFO - Setting next_dagrun for python_operator to None, run_after=None
[2024-06-10 21:59:38,748] {processor.py:161} INFO - Processing /opt/airflow/dags/2-pythonoperator.py took 0.047 seconds
[2024-06-10 22:00:09,079] {processor.py:153} INFO - Started process (PID=17304) to work on /opt/airflow/dags/2-pythonoperator.py
[2024-06-10 22:00:09,079] {processor.py:641} INFO - Processing file /opt/airflow/dags/2-pythonoperator.py for tasks to queue
[2024-06-10 22:00:09,080] {logging_mixin.py:115} INFO - [2024-06-10 22:00:09,080] {dagbag.py:508} INFO - Filling up the DagBag from /opt/airflow/dags/2-pythonoperator.py
[2024-06-10 22:00:09,085] {processor.py:651} INFO - DAG(s) dict_keys(['python_operator']) retrieved from /opt/airflow/dags/2-pythonoperator.py
[2024-06-10 22:00:09,107] {logging_mixin.py:115} INFO - [2024-06-10 22:00:09,107] {dag.py:2420} INFO - Sync 1 DAGs
[2024-06-10 22:00:09,127] {logging_mixin.py:115} INFO - [2024-06-10 22:00:09,127] {dag.py:2972} INFO - Setting next_dagrun for python_operator to None, run_after=None
[2024-06-10 22:00:09,140] {processor.py:161} INFO - Processing /opt/airflow/dags/2-pythonoperator.py took 0.063 seconds
[2024-06-10 22:00:39,454] {processor.py:153} INFO - Started process (PID=17330) to work on /opt/airflow/dags/2-pythonoperator.py
[2024-06-10 22:00:39,455] {processor.py:641} INFO - Processing file /opt/airflow/dags/2-pythonoperator.py for tasks to queue
[2024-06-10 22:00:39,455] {logging_mixin.py:115} INFO - [2024-06-10 22:00:39,455] {dagbag.py:508} INFO - Filling up the DagBag from /opt/airflow/dags/2-pythonoperator.py
[2024-06-10 22:00:39,460] {processor.py:651} INFO - DAG(s) dict_keys(['python_operator']) retrieved from /opt/airflow/dags/2-pythonoperator.py
[2024-06-10 22:00:39,477] {logging_mixin.py:115} INFO - [2024-06-10 22:00:39,477] {dag.py:2420} INFO - Sync 1 DAGs
[2024-06-10 22:00:39,490] {logging_mixin.py:115} INFO - [2024-06-10 22:00:39,490] {dag.py:2972} INFO - Setting next_dagrun for python_operator to None, run_after=None
[2024-06-10 22:00:39,498] {processor.py:161} INFO - Processing /opt/airflow/dags/2-pythonoperator.py took 0.046 seconds
[2024-06-10 22:01:09,817] {processor.py:153} INFO - Started process (PID=17365) to work on /opt/airflow/dags/2-pythonoperator.py
[2024-06-10 22:01:09,817] {processor.py:641} INFO - Processing file /opt/airflow/dags/2-pythonoperator.py for tasks to queue
[2024-06-10 22:01:09,817] {logging_mixin.py:115} INFO - [2024-06-10 22:01:09,817] {dagbag.py:508} INFO - Filling up the DagBag from /opt/airflow/dags/2-pythonoperator.py
[2024-06-10 22:01:09,822] {processor.py:651} INFO - DAG(s) dict_keys(['python_operator']) retrieved from /opt/airflow/dags/2-pythonoperator.py
[2024-06-10 22:01:09,841] {logging_mixin.py:115} INFO - [2024-06-10 22:01:09,841] {dag.py:2420} INFO - Sync 1 DAGs
[2024-06-10 22:01:09,854] {logging_mixin.py:115} INFO - [2024-06-10 22:01:09,854] {dag.py:2972} INFO - Setting next_dagrun for python_operator to None, run_after=None
[2024-06-10 22:01:09,861] {processor.py:161} INFO - Processing /opt/airflow/dags/2-pythonoperator.py took 0.046 seconds
[2024-06-10 22:01:40,123] {processor.py:153} INFO - Started process (PID=17400) to work on /opt/airflow/dags/2-pythonoperator.py
[2024-06-10 22:01:40,124] {processor.py:641} INFO - Processing file /opt/airflow/dags/2-pythonoperator.py for tasks to queue
[2024-06-10 22:01:40,124] {logging_mixin.py:115} INFO - [2024-06-10 22:01:40,124] {dagbag.py:508} INFO - Filling up the DagBag from /opt/airflow/dags/2-pythonoperator.py
[2024-06-10 22:01:40,129] {processor.py:651} INFO - DAG(s) dict_keys(['python_operator']) retrieved from /opt/airflow/dags/2-pythonoperator.py
[2024-06-10 22:01:40,145] {logging_mixin.py:115} INFO - [2024-06-10 22:01:40,144] {dag.py:2420} INFO - Sync 1 DAGs
[2024-06-10 22:01:40,158] {logging_mixin.py:115} INFO - [2024-06-10 22:01:40,158] {dag.py:2972} INFO - Setting next_dagrun for python_operator to None, run_after=None
[2024-06-10 22:01:40,167] {processor.py:161} INFO - Processing /opt/airflow/dags/2-pythonoperator.py took 0.046 seconds
[2024-06-10 22:02:10,477] {processor.py:153} INFO - Started process (PID=17435) to work on /opt/airflow/dags/2-pythonoperator.py
[2024-06-10 22:02:10,478] {processor.py:641} INFO - Processing file /opt/airflow/dags/2-pythonoperator.py for tasks to queue
[2024-06-10 22:02:10,479] {logging_mixin.py:115} INFO - [2024-06-10 22:02:10,479] {dagbag.py:508} INFO - Filling up the DagBag from /opt/airflow/dags/2-pythonoperator.py
[2024-06-10 22:02:10,484] {processor.py:651} INFO - DAG(s) dict_keys(['python_operator']) retrieved from /opt/airflow/dags/2-pythonoperator.py
[2024-06-10 22:02:10,500] {logging_mixin.py:115} INFO - [2024-06-10 22:02:10,500] {dag.py:2420} INFO - Sync 1 DAGs
[2024-06-10 22:02:10,516] {logging_mixin.py:115} INFO - [2024-06-10 22:02:10,516] {dag.py:2972} INFO - Setting next_dagrun for python_operator to None, run_after=None
[2024-06-10 22:02:10,527] {processor.py:161} INFO - Processing /opt/airflow/dags/2-pythonoperator.py took 0.053 seconds
[2024-06-10 22:02:40,908] {processor.py:153} INFO - Started process (PID=17470) to work on /opt/airflow/dags/2-pythonoperator.py
[2024-06-10 22:02:40,908] {processor.py:641} INFO - Processing file /opt/airflow/dags/2-pythonoperator.py for tasks to queue
[2024-06-10 22:02:40,909] {logging_mixin.py:115} INFO - [2024-06-10 22:02:40,909] {dagbag.py:508} INFO - Filling up the DagBag from /opt/airflow/dags/2-pythonoperator.py
[2024-06-10 22:02:40,913] {processor.py:651} INFO - DAG(s) dict_keys(['python_operator']) retrieved from /opt/airflow/dags/2-pythonoperator.py
[2024-06-10 22:02:40,928] {logging_mixin.py:115} INFO - [2024-06-10 22:02:40,928] {dag.py:2420} INFO - Sync 1 DAGs
[2024-06-10 22:02:40,941] {logging_mixin.py:115} INFO - [2024-06-10 22:02:40,941] {dag.py:2972} INFO - Setting next_dagrun for python_operator to None, run_after=None
[2024-06-10 22:02:40,948] {processor.py:161} INFO - Processing /opt/airflow/dags/2-pythonoperator.py took 0.043 seconds
[2024-06-10 22:03:11,260] {processor.py:153} INFO - Started process (PID=17495) to work on /opt/airflow/dags/2-pythonoperator.py
[2024-06-10 22:03:11,260] {processor.py:641} INFO - Processing file /opt/airflow/dags/2-pythonoperator.py for tasks to queue
[2024-06-10 22:03:11,261] {logging_mixin.py:115} INFO - [2024-06-10 22:03:11,261] {dagbag.py:508} INFO - Filling up the DagBag from /opt/airflow/dags/2-pythonoperator.py
[2024-06-10 22:03:11,266] {processor.py:651} INFO - DAG(s) dict_keys(['python_operator']) retrieved from /opt/airflow/dags/2-pythonoperator.py
[2024-06-10 22:03:11,283] {logging_mixin.py:115} INFO - [2024-06-10 22:03:11,283] {dag.py:2420} INFO - Sync 1 DAGs
[2024-06-10 22:03:11,298] {logging_mixin.py:115} INFO - [2024-06-10 22:03:11,298] {dag.py:2972} INFO - Setting next_dagrun for python_operator to None, run_after=None
[2024-06-10 22:03:11,307] {processor.py:161} INFO - Processing /opt/airflow/dags/2-pythonoperator.py took 0.050 seconds
[2024-06-10 22:03:41,626] {processor.py:153} INFO - Started process (PID=17530) to work on /opt/airflow/dags/2-pythonoperator.py
[2024-06-10 22:03:41,626] {processor.py:641} INFO - Processing file /opt/airflow/dags/2-pythonoperator.py for tasks to queue
[2024-06-10 22:03:41,626] {logging_mixin.py:115} INFO - [2024-06-10 22:03:41,626] {dagbag.py:508} INFO - Filling up the DagBag from /opt/airflow/dags/2-pythonoperator.py
[2024-06-10 22:03:41,632] {processor.py:651} INFO - DAG(s) dict_keys(['python_operator']) retrieved from /opt/airflow/dags/2-pythonoperator.py
[2024-06-10 22:03:41,648] {logging_mixin.py:115} INFO - [2024-06-10 22:03:41,648] {dag.py:2420} INFO - Sync 1 DAGs
[2024-06-10 22:03:41,662] {logging_mixin.py:115} INFO - [2024-06-10 22:03:41,662] {dag.py:2972} INFO - Setting next_dagrun for python_operator to None, run_after=None
[2024-06-10 22:03:41,671] {processor.py:161} INFO - Processing /opt/airflow/dags/2-pythonoperator.py took 0.048 seconds
[2024-06-10 22:04:11,999] {processor.py:153} INFO - Started process (PID=17565) to work on /opt/airflow/dags/2-pythonoperator.py
[2024-06-10 22:04:12,000] {processor.py:641} INFO - Processing file /opt/airflow/dags/2-pythonoperator.py for tasks to queue
[2024-06-10 22:04:12,000] {logging_mixin.py:115} INFO - [2024-06-10 22:04:12,000] {dagbag.py:508} INFO - Filling up the DagBag from /opt/airflow/dags/2-pythonoperator.py
[2024-06-10 22:04:12,006] {processor.py:651} INFO - DAG(s) dict_keys(['python_operator']) retrieved from /opt/airflow/dags/2-pythonoperator.py
[2024-06-10 22:04:12,028] {logging_mixin.py:115} INFO - [2024-06-10 22:04:12,028] {dag.py:2420} INFO - Sync 1 DAGs
[2024-06-10 22:04:12,045] {logging_mixin.py:115} INFO - [2024-06-10 22:04:12,045] {dag.py:2972} INFO - Setting next_dagrun for python_operator to None, run_after=None
[2024-06-10 22:04:12,053] {processor.py:161} INFO - Processing /opt/airflow/dags/2-pythonoperator.py took 0.056 seconds
[2024-06-10 22:04:42,359] {processor.py:153} INFO - Started process (PID=17600) to work on /opt/airflow/dags/2-pythonoperator.py
[2024-06-10 22:04:42,359] {processor.py:641} INFO - Processing file /opt/airflow/dags/2-pythonoperator.py for tasks to queue
[2024-06-10 22:04:42,360] {logging_mixin.py:115} INFO - [2024-06-10 22:04:42,360] {dagbag.py:508} INFO - Filling up the DagBag from /opt/airflow/dags/2-pythonoperator.py
[2024-06-10 22:04:42,364] {processor.py:651} INFO - DAG(s) dict_keys(['python_operator']) retrieved from /opt/airflow/dags/2-pythonoperator.py
[2024-06-10 22:04:42,380] {logging_mixin.py:115} INFO - [2024-06-10 22:04:42,379] {dag.py:2420} INFO - Sync 1 DAGs
[2024-06-10 22:04:42,392] {logging_mixin.py:115} INFO - [2024-06-10 22:04:42,392] {dag.py:2972} INFO - Setting next_dagrun for python_operator to None, run_after=None
[2024-06-10 22:04:42,399] {processor.py:161} INFO - Processing /opt/airflow/dags/2-pythonoperator.py took 0.043 seconds
[2024-06-10 22:05:12,704] {processor.py:153} INFO - Started process (PID=17635) to work on /opt/airflow/dags/2-pythonoperator.py
[2024-06-10 22:05:12,705] {processor.py:641} INFO - Processing file /opt/airflow/dags/2-pythonoperator.py for tasks to queue
[2024-06-10 22:05:12,705] {logging_mixin.py:115} INFO - [2024-06-10 22:05:12,705] {dagbag.py:508} INFO - Filling up the DagBag from /opt/airflow/dags/2-pythonoperator.py
[2024-06-10 22:05:12,710] {processor.py:651} INFO - DAG(s) dict_keys(['python_operator']) retrieved from /opt/airflow/dags/2-pythonoperator.py
[2024-06-10 22:05:12,727] {logging_mixin.py:115} INFO - [2024-06-10 22:05:12,727] {dag.py:2420} INFO - Sync 1 DAGs
[2024-06-10 22:05:12,741] {logging_mixin.py:115} INFO - [2024-06-10 22:05:12,741] {dag.py:2972} INFO - Setting next_dagrun for python_operator to None, run_after=None
[2024-06-10 22:05:12,749] {processor.py:161} INFO - Processing /opt/airflow/dags/2-pythonoperator.py took 0.047 seconds
[2024-06-10 22:05:43,055] {processor.py:153} INFO - Started process (PID=17661) to work on /opt/airflow/dags/2-pythonoperator.py
[2024-06-10 22:05:43,055] {processor.py:641} INFO - Processing file /opt/airflow/dags/2-pythonoperator.py for tasks to queue
[2024-06-10 22:05:43,056] {logging_mixin.py:115} INFO - [2024-06-10 22:05:43,055] {dagbag.py:508} INFO - Filling up the DagBag from /opt/airflow/dags/2-pythonoperator.py
[2024-06-10 22:05:43,060] {processor.py:651} INFO - DAG(s) dict_keys(['python_operator']) retrieved from /opt/airflow/dags/2-pythonoperator.py
[2024-06-10 22:05:43,079] {logging_mixin.py:115} INFO - [2024-06-10 22:05:43,079] {dag.py:2420} INFO - Sync 1 DAGs
[2024-06-10 22:05:43,092] {logging_mixin.py:115} INFO - [2024-06-10 22:05:43,092] {dag.py:2972} INFO - Setting next_dagrun for python_operator to None, run_after=None
[2024-06-10 22:05:43,100] {processor.py:161} INFO - Processing /opt/airflow/dags/2-pythonoperator.py took 0.047 seconds
[2024-06-10 22:06:13,417] {processor.py:153} INFO - Started process (PID=17696) to work on /opt/airflow/dags/2-pythonoperator.py
[2024-06-10 22:06:13,417] {processor.py:641} INFO - Processing file /opt/airflow/dags/2-pythonoperator.py for tasks to queue
[2024-06-10 22:06:13,417] {logging_mixin.py:115} INFO - [2024-06-10 22:06:13,417] {dagbag.py:508} INFO - Filling up the DagBag from /opt/airflow/dags/2-pythonoperator.py
[2024-06-10 22:06:13,423] {processor.py:651} INFO - DAG(s) dict_keys(['python_operator']) retrieved from /opt/airflow/dags/2-pythonoperator.py
[2024-06-10 22:06:13,440] {logging_mixin.py:115} INFO - [2024-06-10 22:06:13,440] {dag.py:2420} INFO - Sync 1 DAGs
[2024-06-10 22:06:13,454] {logging_mixin.py:115} INFO - [2024-06-10 22:06:13,454] {dag.py:2972} INFO - Setting next_dagrun for python_operator to None, run_after=None
[2024-06-10 22:06:13,462] {processor.py:161} INFO - Processing /opt/airflow/dags/2-pythonoperator.py took 0.048 seconds
[2024-06-10 22:06:43,753] {processor.py:153} INFO - Started process (PID=17730) to work on /opt/airflow/dags/2-pythonoperator.py
[2024-06-10 22:06:43,754] {processor.py:641} INFO - Processing file /opt/airflow/dags/2-pythonoperator.py for tasks to queue
[2024-06-10 22:06:43,754] {logging_mixin.py:115} INFO - [2024-06-10 22:06:43,754] {dagbag.py:508} INFO - Filling up the DagBag from /opt/airflow/dags/2-pythonoperator.py
[2024-06-10 22:06:43,759] {processor.py:651} INFO - DAG(s) dict_keys(['python_operator']) retrieved from /opt/airflow/dags/2-pythonoperator.py
[2024-06-10 22:06:43,776] {logging_mixin.py:115} INFO - [2024-06-10 22:06:43,776] {dag.py:2420} INFO - Sync 1 DAGs
[2024-06-10 22:06:43,792] {logging_mixin.py:115} INFO - [2024-06-10 22:06:43,792] {dag.py:2972} INFO - Setting next_dagrun for python_operator to None, run_after=None
[2024-06-10 22:06:43,824] {processor.py:161} INFO - Processing /opt/airflow/dags/2-pythonoperator.py took 0.073 seconds
[2024-06-10 22:07:14,229] {processor.py:153} INFO - Started process (PID=17764) to work on /opt/airflow/dags/2-pythonoperator.py
[2024-06-10 22:07:14,229] {processor.py:641} INFO - Processing file /opt/airflow/dags/2-pythonoperator.py for tasks to queue
[2024-06-10 22:07:14,230] {logging_mixin.py:115} INFO - [2024-06-10 22:07:14,230] {dagbag.py:508} INFO - Filling up the DagBag from /opt/airflow/dags/2-pythonoperator.py
[2024-06-10 22:07:14,236] {processor.py:651} INFO - DAG(s) dict_keys(['python_operator']) retrieved from /opt/airflow/dags/2-pythonoperator.py
[2024-06-10 22:07:14,260] {logging_mixin.py:115} INFO - [2024-06-10 22:07:14,260] {dag.py:2420} INFO - Sync 1 DAGs
[2024-06-10 22:07:14,279] {logging_mixin.py:115} INFO - [2024-06-10 22:07:14,279] {dag.py:2972} INFO - Setting next_dagrun for python_operator to None, run_after=None
[2024-06-10 22:07:14,289] {processor.py:161} INFO - Processing /opt/airflow/dags/2-pythonoperator.py took 0.063 seconds
[2024-06-10 22:07:44,606] {processor.py:153} INFO - Started process (PID=17799) to work on /opt/airflow/dags/2-pythonoperator.py
[2024-06-10 22:07:44,606] {processor.py:641} INFO - Processing file /opt/airflow/dags/2-pythonoperator.py for tasks to queue
[2024-06-10 22:07:44,607] {logging_mixin.py:115} INFO - [2024-06-10 22:07:44,606] {dagbag.py:508} INFO - Filling up the DagBag from /opt/airflow/dags/2-pythonoperator.py
[2024-06-10 22:07:44,611] {processor.py:651} INFO - DAG(s) dict_keys(['python_operator']) retrieved from /opt/airflow/dags/2-pythonoperator.py
[2024-06-10 22:07:44,629] {logging_mixin.py:115} INFO - [2024-06-10 22:07:44,629] {dag.py:2420} INFO - Sync 1 DAGs
[2024-06-10 22:07:44,646] {logging_mixin.py:115} INFO - [2024-06-10 22:07:44,646] {dag.py:2972} INFO - Setting next_dagrun for python_operator to None, run_after=None
[2024-06-10 22:07:44,655] {processor.py:161} INFO - Processing /opt/airflow/dags/2-pythonoperator.py took 0.052 seconds
[2024-06-10 22:08:14,944] {processor.py:153} INFO - Started process (PID=17823) to work on /opt/airflow/dags/2-pythonoperator.py
[2024-06-10 22:08:14,945] {processor.py:641} INFO - Processing file /opt/airflow/dags/2-pythonoperator.py for tasks to queue
[2024-06-10 22:08:14,945] {logging_mixin.py:115} INFO - [2024-06-10 22:08:14,945] {dagbag.py:508} INFO - Filling up the DagBag from /opt/airflow/dags/2-pythonoperator.py
[2024-06-10 22:08:14,950] {processor.py:651} INFO - DAG(s) dict_keys(['python_operator']) retrieved from /opt/airflow/dags/2-pythonoperator.py
[2024-06-10 22:08:14,966] {logging_mixin.py:115} INFO - [2024-06-10 22:08:14,966] {dag.py:2420} INFO - Sync 1 DAGs
[2024-06-10 22:08:14,980] {logging_mixin.py:115} INFO - [2024-06-10 22:08:14,980] {dag.py:2972} INFO - Setting next_dagrun for python_operator to None, run_after=None
[2024-06-10 22:08:14,988] {processor.py:161} INFO - Processing /opt/airflow/dags/2-pythonoperator.py took 0.046 seconds
[2024-06-10 22:08:45,324] {processor.py:153} INFO - Started process (PID=17858) to work on /opt/airflow/dags/2-pythonoperator.py
[2024-06-10 22:08:45,324] {processor.py:641} INFO - Processing file /opt/airflow/dags/2-pythonoperator.py for tasks to queue
[2024-06-10 22:08:45,325] {logging_mixin.py:115} INFO - [2024-06-10 22:08:45,325] {dagbag.py:508} INFO - Filling up the DagBag from /opt/airflow/dags/2-pythonoperator.py
[2024-06-10 22:08:45,332] {processor.py:651} INFO - DAG(s) dict_keys(['python_operator']) retrieved from /opt/airflow/dags/2-pythonoperator.py
[2024-06-10 22:08:45,349] {logging_mixin.py:115} INFO - [2024-06-10 22:08:45,349] {dag.py:2420} INFO - Sync 1 DAGs
[2024-06-10 22:08:45,363] {logging_mixin.py:115} INFO - [2024-06-10 22:08:45,363] {dag.py:2972} INFO - Setting next_dagrun for python_operator to None, run_after=None
[2024-06-10 22:08:45,373] {processor.py:161} INFO - Processing /opt/airflow/dags/2-pythonoperator.py took 0.052 seconds
[2024-06-10 22:09:15,759] {processor.py:153} INFO - Started process (PID=17893) to work on /opt/airflow/dags/2-pythonoperator.py
[2024-06-10 22:09:15,759] {processor.py:641} INFO - Processing file /opt/airflow/dags/2-pythonoperator.py for tasks to queue
[2024-06-10 22:09:15,760] {logging_mixin.py:115} INFO - [2024-06-10 22:09:15,760] {dagbag.py:508} INFO - Filling up the DagBag from /opt/airflow/dags/2-pythonoperator.py
[2024-06-10 22:09:15,767] {processor.py:651} INFO - DAG(s) dict_keys(['python_operator']) retrieved from /opt/airflow/dags/2-pythonoperator.py
[2024-06-10 22:09:15,784] {logging_mixin.py:115} INFO - [2024-06-10 22:09:15,784] {dag.py:2420} INFO - Sync 1 DAGs
[2024-06-10 22:09:15,801] {logging_mixin.py:115} INFO - [2024-06-10 22:09:15,801] {dag.py:2972} INFO - Setting next_dagrun for python_operator to None, run_after=None
[2024-06-10 22:09:15,809] {processor.py:161} INFO - Processing /opt/airflow/dags/2-pythonoperator.py took 0.053 seconds
[2024-06-10 22:09:46,129] {processor.py:153} INFO - Started process (PID=17928) to work on /opt/airflow/dags/2-pythonoperator.py
[2024-06-10 22:09:46,129] {processor.py:641} INFO - Processing file /opt/airflow/dags/2-pythonoperator.py for tasks to queue
[2024-06-10 22:09:46,129] {logging_mixin.py:115} INFO - [2024-06-10 22:09:46,129] {dagbag.py:508} INFO - Filling up the DagBag from /opt/airflow/dags/2-pythonoperator.py
[2024-06-10 22:09:46,135] {processor.py:651} INFO - DAG(s) dict_keys(['python_operator']) retrieved from /opt/airflow/dags/2-pythonoperator.py
[2024-06-10 22:09:46,154] {logging_mixin.py:115} INFO - [2024-06-10 22:09:46,154] {dag.py:2420} INFO - Sync 1 DAGs
[2024-06-10 22:09:46,170] {logging_mixin.py:115} INFO - [2024-06-10 22:09:46,170] {dag.py:2972} INFO - Setting next_dagrun for python_operator to None, run_after=None
[2024-06-10 22:09:46,179] {processor.py:161} INFO - Processing /opt/airflow/dags/2-pythonoperator.py took 0.052 seconds
[2024-06-10 22:10:16,544] {processor.py:153} INFO - Started process (PID=17962) to work on /opt/airflow/dags/2-pythonoperator.py
[2024-06-10 22:10:16,545] {processor.py:641} INFO - Processing file /opt/airflow/dags/2-pythonoperator.py for tasks to queue
[2024-06-10 22:10:16,545] {logging_mixin.py:115} INFO - [2024-06-10 22:10:16,545] {dagbag.py:508} INFO - Filling up the DagBag from /opt/airflow/dags/2-pythonoperator.py
[2024-06-10 22:10:16,551] {processor.py:651} INFO - DAG(s) dict_keys(['python_operator']) retrieved from /opt/airflow/dags/2-pythonoperator.py
[2024-06-10 22:10:16,568] {logging_mixin.py:115} INFO - [2024-06-10 22:10:16,568] {dag.py:2420} INFO - Sync 1 DAGs
[2024-06-10 22:10:16,583] {logging_mixin.py:115} INFO - [2024-06-10 22:10:16,583] {dag.py:2972} INFO - Setting next_dagrun for python_operator to None, run_after=None
[2024-06-10 22:10:16,591] {processor.py:161} INFO - Processing /opt/airflow/dags/2-pythonoperator.py took 0.049 seconds
[2024-06-10 22:10:46,920] {processor.py:153} INFO - Started process (PID=17988) to work on /opt/airflow/dags/2-pythonoperator.py
[2024-06-10 22:10:46,921] {processor.py:641} INFO - Processing file /opt/airflow/dags/2-pythonoperator.py for tasks to queue
[2024-06-10 22:10:46,921] {logging_mixin.py:115} INFO - [2024-06-10 22:10:46,921] {dagbag.py:508} INFO - Filling up the DagBag from /opt/airflow/dags/2-pythonoperator.py
[2024-06-10 22:10:46,926] {processor.py:651} INFO - DAG(s) dict_keys(['python_operator']) retrieved from /opt/airflow/dags/2-pythonoperator.py
[2024-06-10 22:10:46,946] {logging_mixin.py:115} INFO - [2024-06-10 22:10:46,945] {dag.py:2420} INFO - Sync 1 DAGs
[2024-06-10 22:10:46,963] {logging_mixin.py:115} INFO - [2024-06-10 22:10:46,963] {dag.py:2972} INFO - Setting next_dagrun for python_operator to None, run_after=None
[2024-06-10 22:10:46,973] {processor.py:161} INFO - Processing /opt/airflow/dags/2-pythonoperator.py took 0.055 seconds
[2024-06-10 22:11:17,307] {processor.py:153} INFO - Started process (PID=18023) to work on /opt/airflow/dags/2-pythonoperator.py
[2024-06-10 22:11:17,307] {processor.py:641} INFO - Processing file /opt/airflow/dags/2-pythonoperator.py for tasks to queue
[2024-06-10 22:11:17,308] {logging_mixin.py:115} INFO - [2024-06-10 22:11:17,308] {dagbag.py:508} INFO - Filling up the DagBag from /opt/airflow/dags/2-pythonoperator.py
[2024-06-10 22:11:17,313] {processor.py:651} INFO - DAG(s) dict_keys(['python_operator']) retrieved from /opt/airflow/dags/2-pythonoperator.py
[2024-06-10 22:11:17,330] {logging_mixin.py:115} INFO - [2024-06-10 22:11:17,330] {dag.py:2420} INFO - Sync 1 DAGs
[2024-06-10 22:11:17,346] {logging_mixin.py:115} INFO - [2024-06-10 22:11:17,345] {dag.py:2972} INFO - Setting next_dagrun for python_operator to None, run_after=None
[2024-06-10 22:11:17,355] {processor.py:161} INFO - Processing /opt/airflow/dags/2-pythonoperator.py took 0.051 seconds
[2024-06-10 22:11:47,720] {processor.py:153} INFO - Started process (PID=18056) to work on /opt/airflow/dags/2-pythonoperator.py
[2024-06-10 22:11:47,720] {processor.py:641} INFO - Processing file /opt/airflow/dags/2-pythonoperator.py for tasks to queue
[2024-06-10 22:11:47,721] {logging_mixin.py:115} INFO - [2024-06-10 22:11:47,721] {dagbag.py:508} INFO - Filling up the DagBag from /opt/airflow/dags/2-pythonoperator.py
[2024-06-10 22:11:47,726] {processor.py:651} INFO - DAG(s) dict_keys(['python_operator']) retrieved from /opt/airflow/dags/2-pythonoperator.py
[2024-06-10 22:11:47,742] {logging_mixin.py:115} INFO - [2024-06-10 22:11:47,742] {dag.py:2420} INFO - Sync 1 DAGs
[2024-06-10 22:11:47,756] {logging_mixin.py:115} INFO - [2024-06-10 22:11:47,756] {dag.py:2972} INFO - Setting next_dagrun for python_operator to None, run_after=None
[2024-06-10 22:11:47,766] {processor.py:161} INFO - Processing /opt/airflow/dags/2-pythonoperator.py took 0.048 seconds
[2024-06-10 22:12:18,120] {processor.py:153} INFO - Started process (PID=18091) to work on /opt/airflow/dags/2-pythonoperator.py
[2024-06-10 22:12:18,121] {processor.py:641} INFO - Processing file /opt/airflow/dags/2-pythonoperator.py for tasks to queue
[2024-06-10 22:12:18,121] {logging_mixin.py:115} INFO - [2024-06-10 22:12:18,121] {dagbag.py:508} INFO - Filling up the DagBag from /opt/airflow/dags/2-pythonoperator.py
[2024-06-10 22:12:18,125] {processor.py:651} INFO - DAG(s) dict_keys(['python_operator']) retrieved from /opt/airflow/dags/2-pythonoperator.py
[2024-06-10 22:12:18,140] {logging_mixin.py:115} INFO - [2024-06-10 22:12:18,140] {dag.py:2420} INFO - Sync 1 DAGs
[2024-06-10 22:12:18,153] {logging_mixin.py:115} INFO - [2024-06-10 22:12:18,153] {dag.py:2972} INFO - Setting next_dagrun for python_operator to None, run_after=None
[2024-06-10 22:12:18,160] {processor.py:161} INFO - Processing /opt/airflow/dags/2-pythonoperator.py took 0.042 seconds
[2024-06-10 22:12:48,465] {processor.py:153} INFO - Started process (PID=18125) to work on /opt/airflow/dags/2-pythonoperator.py
[2024-06-10 22:12:48,465] {processor.py:641} INFO - Processing file /opt/airflow/dags/2-pythonoperator.py for tasks to queue
[2024-06-10 22:12:48,466] {logging_mixin.py:115} INFO - [2024-06-10 22:12:48,466] {dagbag.py:508} INFO - Filling up the DagBag from /opt/airflow/dags/2-pythonoperator.py
[2024-06-10 22:12:48,470] {processor.py:651} INFO - DAG(s) dict_keys(['python_operator']) retrieved from /opt/airflow/dags/2-pythonoperator.py
[2024-06-10 22:12:48,493] {logging_mixin.py:115} INFO - [2024-06-10 22:12:48,492] {dag.py:2420} INFO - Sync 1 DAGs
[2024-06-10 22:12:48,511] {logging_mixin.py:115} INFO - [2024-06-10 22:12:48,511] {dag.py:2972} INFO - Setting next_dagrun for python_operator to None, run_after=None
[2024-06-10 22:12:48,518] {processor.py:161} INFO - Processing /opt/airflow/dags/2-pythonoperator.py took 0.057 seconds
[2024-06-10 22:13:18,878] {processor.py:153} INFO - Started process (PID=18160) to work on /opt/airflow/dags/2-pythonoperator.py
[2024-06-10 22:13:18,878] {processor.py:641} INFO - Processing file /opt/airflow/dags/2-pythonoperator.py for tasks to queue
[2024-06-10 22:13:18,879] {logging_mixin.py:115} INFO - [2024-06-10 22:13:18,879] {dagbag.py:508} INFO - Filling up the DagBag from /opt/airflow/dags/2-pythonoperator.py
[2024-06-10 22:13:18,884] {processor.py:651} INFO - DAG(s) dict_keys(['python_operator']) retrieved from /opt/airflow/dags/2-pythonoperator.py
[2024-06-10 22:13:18,903] {logging_mixin.py:115} INFO - [2024-06-10 22:13:18,903] {dag.py:2420} INFO - Sync 1 DAGs
[2024-06-10 22:13:18,919] {logging_mixin.py:115} INFO - [2024-06-10 22:13:18,918] {dag.py:2972} INFO - Setting next_dagrun for python_operator to None, run_after=None
[2024-06-10 22:13:18,928] {processor.py:161} INFO - Processing /opt/airflow/dags/2-pythonoperator.py took 0.053 seconds
[2024-06-10 22:13:49,240] {processor.py:153} INFO - Started process (PID=18186) to work on /opt/airflow/dags/2-pythonoperator.py
[2024-06-10 22:13:49,240] {processor.py:641} INFO - Processing file /opt/airflow/dags/2-pythonoperator.py for tasks to queue
[2024-06-10 22:13:49,240] {logging_mixin.py:115} INFO - [2024-06-10 22:13:49,240] {dagbag.py:508} INFO - Filling up the DagBag from /opt/airflow/dags/2-pythonoperator.py
[2024-06-10 22:13:49,245] {processor.py:651} INFO - DAG(s) dict_keys(['python_operator']) retrieved from /opt/airflow/dags/2-pythonoperator.py
[2024-06-10 22:13:49,263] {logging_mixin.py:115} INFO - [2024-06-10 22:13:49,263] {dag.py:2420} INFO - Sync 1 DAGs
[2024-06-10 22:13:49,278] {logging_mixin.py:115} INFO - [2024-06-10 22:13:49,278] {dag.py:2972} INFO - Setting next_dagrun for python_operator to None, run_after=None
[2024-06-10 22:13:49,286] {processor.py:161} INFO - Processing /opt/airflow/dags/2-pythonoperator.py took 0.049 seconds
[2024-06-10 22:14:19,598] {processor.py:153} INFO - Started process (PID=18221) to work on /opt/airflow/dags/2-pythonoperator.py
[2024-06-10 22:14:19,599] {processor.py:641} INFO - Processing file /opt/airflow/dags/2-pythonoperator.py for tasks to queue
[2024-06-10 22:14:19,599] {logging_mixin.py:115} INFO - [2024-06-10 22:14:19,599] {dagbag.py:508} INFO - Filling up the DagBag from /opt/airflow/dags/2-pythonoperator.py
[2024-06-10 22:14:19,604] {processor.py:651} INFO - DAG(s) dict_keys(['python_operator']) retrieved from /opt/airflow/dags/2-pythonoperator.py
[2024-06-10 22:14:19,619] {logging_mixin.py:115} INFO - [2024-06-10 22:14:19,619] {dag.py:2420} INFO - Sync 1 DAGs
[2024-06-10 22:14:19,632] {logging_mixin.py:115} INFO - [2024-06-10 22:14:19,632] {dag.py:2972} INFO - Setting next_dagrun for python_operator to None, run_after=None
[2024-06-10 22:14:19,639] {processor.py:161} INFO - Processing /opt/airflow/dags/2-pythonoperator.py took 0.042 seconds
[2024-06-10 22:14:49,979] {processor.py:153} INFO - Started process (PID=18256) to work on /opt/airflow/dags/2-pythonoperator.py
[2024-06-10 22:14:49,979] {processor.py:641} INFO - Processing file /opt/airflow/dags/2-pythonoperator.py for tasks to queue
[2024-06-10 22:14:49,979] {logging_mixin.py:115} INFO - [2024-06-10 22:14:49,979] {dagbag.py:508} INFO - Filling up the DagBag from /opt/airflow/dags/2-pythonoperator.py
[2024-06-10 22:14:49,984] {processor.py:651} INFO - DAG(s) dict_keys(['python_operator']) retrieved from /opt/airflow/dags/2-pythonoperator.py
[2024-06-10 22:14:50,004] {logging_mixin.py:115} INFO - [2024-06-10 22:14:50,004] {dag.py:2420} INFO - Sync 1 DAGs
[2024-06-10 22:14:50,019] {logging_mixin.py:115} INFO - [2024-06-10 22:14:50,019] {dag.py:2972} INFO - Setting next_dagrun for python_operator to None, run_after=None
[2024-06-10 22:14:50,026] {processor.py:161} INFO - Processing /opt/airflow/dags/2-pythonoperator.py took 0.050 seconds
[2024-06-10 22:15:20,352] {processor.py:153} INFO - Started process (PID=18291) to work on /opt/airflow/dags/2-pythonoperator.py
[2024-06-10 22:15:20,352] {processor.py:641} INFO - Processing file /opt/airflow/dags/2-pythonoperator.py for tasks to queue
[2024-06-10 22:15:20,352] {logging_mixin.py:115} INFO - [2024-06-10 22:15:20,352] {dagbag.py:508} INFO - Filling up the DagBag from /opt/airflow/dags/2-pythonoperator.py
[2024-06-10 22:15:20,357] {processor.py:651} INFO - DAG(s) dict_keys(['python_operator']) retrieved from /opt/airflow/dags/2-pythonoperator.py
[2024-06-10 22:15:20,374] {logging_mixin.py:115} INFO - [2024-06-10 22:15:20,374] {dag.py:2420} INFO - Sync 1 DAGs
[2024-06-10 22:15:20,388] {logging_mixin.py:115} INFO - [2024-06-10 22:15:20,388] {dag.py:2972} INFO - Setting next_dagrun for python_operator to None, run_after=None
[2024-06-10 22:15:20,397] {processor.py:161} INFO - Processing /opt/airflow/dags/2-pythonoperator.py took 0.047 seconds
[2024-06-10 22:15:50,698] {processor.py:153} INFO - Started process (PID=18326) to work on /opt/airflow/dags/2-pythonoperator.py
[2024-06-10 22:15:50,698] {processor.py:641} INFO - Processing file /opt/airflow/dags/2-pythonoperator.py for tasks to queue
[2024-06-10 22:15:50,698] {logging_mixin.py:115} INFO - [2024-06-10 22:15:50,698] {dagbag.py:508} INFO - Filling up the DagBag from /opt/airflow/dags/2-pythonoperator.py
[2024-06-10 22:15:50,703] {processor.py:651} INFO - DAG(s) dict_keys(['python_operator']) retrieved from /opt/airflow/dags/2-pythonoperator.py
[2024-06-10 22:15:50,718] {logging_mixin.py:115} INFO - [2024-06-10 22:15:50,717] {dag.py:2420} INFO - Sync 1 DAGs
[2024-06-10 22:15:50,730] {logging_mixin.py:115} INFO - [2024-06-10 22:15:50,730] {dag.py:2972} INFO - Setting next_dagrun for python_operator to None, run_after=None
[2024-06-10 22:15:50,737] {processor.py:161} INFO - Processing /opt/airflow/dags/2-pythonoperator.py took 0.042 seconds
[2024-06-10 22:16:21,051] {processor.py:153} INFO - Started process (PID=18352) to work on /opt/airflow/dags/2-pythonoperator.py
[2024-06-10 22:16:21,052] {processor.py:641} INFO - Processing file /opt/airflow/dags/2-pythonoperator.py for tasks to queue
[2024-06-10 22:16:21,053] {logging_mixin.py:115} INFO - [2024-06-10 22:16:21,052] {dagbag.py:508} INFO - Filling up the DagBag from /opt/airflow/dags/2-pythonoperator.py
[2024-06-10 22:16:21,057] {processor.py:651} INFO - DAG(s) dict_keys(['python_operator']) retrieved from /opt/airflow/dags/2-pythonoperator.py
[2024-06-10 22:16:21,073] {logging_mixin.py:115} INFO - [2024-06-10 22:16:21,073] {dag.py:2420} INFO - Sync 1 DAGs
[2024-06-10 22:16:21,086] {logging_mixin.py:115} INFO - [2024-06-10 22:16:21,086] {dag.py:2972} INFO - Setting next_dagrun for python_operator to None, run_after=None
[2024-06-10 22:16:21,093] {processor.py:161} INFO - Processing /opt/airflow/dags/2-pythonoperator.py took 0.044 seconds
[2024-06-10 22:16:51,397] {processor.py:153} INFO - Started process (PID=18387) to work on /opt/airflow/dags/2-pythonoperator.py
[2024-06-10 22:16:51,397] {processor.py:641} INFO - Processing file /opt/airflow/dags/2-pythonoperator.py for tasks to queue
[2024-06-10 22:16:51,397] {logging_mixin.py:115} INFO - [2024-06-10 22:16:51,397] {dagbag.py:508} INFO - Filling up the DagBag from /opt/airflow/dags/2-pythonoperator.py
[2024-06-10 22:16:51,402] {processor.py:651} INFO - DAG(s) dict_keys(['python_operator']) retrieved from /opt/airflow/dags/2-pythonoperator.py
[2024-06-10 22:16:51,416] {logging_mixin.py:115} INFO - [2024-06-10 22:16:51,416] {dag.py:2420} INFO - Sync 1 DAGs
[2024-06-10 22:16:51,430] {logging_mixin.py:115} INFO - [2024-06-10 22:16:51,430] {dag.py:2972} INFO - Setting next_dagrun for python_operator to None, run_after=None
[2024-06-10 22:16:51,438] {processor.py:161} INFO - Processing /opt/airflow/dags/2-pythonoperator.py took 0.043 seconds
[2024-06-10 22:17:21,807] {processor.py:153} INFO - Started process (PID=18422) to work on /opt/airflow/dags/2-pythonoperator.py
[2024-06-10 22:17:21,807] {processor.py:641} INFO - Processing file /opt/airflow/dags/2-pythonoperator.py for tasks to queue
[2024-06-10 22:17:21,808] {logging_mixin.py:115} INFO - [2024-06-10 22:17:21,808] {dagbag.py:508} INFO - Filling up the DagBag from /opt/airflow/dags/2-pythonoperator.py
[2024-06-10 22:17:21,812] {processor.py:651} INFO - DAG(s) dict_keys(['python_operator']) retrieved from /opt/airflow/dags/2-pythonoperator.py
[2024-06-10 22:17:21,828] {logging_mixin.py:115} INFO - [2024-06-10 22:17:21,828] {dag.py:2420} INFO - Sync 1 DAGs
[2024-06-10 22:17:21,841] {logging_mixin.py:115} INFO - [2024-06-10 22:17:21,841] {dag.py:2972} INFO - Setting next_dagrun for python_operator to None, run_after=None
[2024-06-10 22:17:21,849] {processor.py:161} INFO - Processing /opt/airflow/dags/2-pythonoperator.py took 0.044 seconds
[2024-06-10 22:17:52,151] {processor.py:153} INFO - Started process (PID=18457) to work on /opt/airflow/dags/2-pythonoperator.py
[2024-06-10 22:17:52,151] {processor.py:641} INFO - Processing file /opt/airflow/dags/2-pythonoperator.py for tasks to queue
[2024-06-10 22:17:52,152] {logging_mixin.py:115} INFO - [2024-06-10 22:17:52,152] {dagbag.py:508} INFO - Filling up the DagBag from /opt/airflow/dags/2-pythonoperator.py
[2024-06-10 22:17:52,156] {processor.py:651} INFO - DAG(s) dict_keys(['python_operator']) retrieved from /opt/airflow/dags/2-pythonoperator.py
[2024-06-10 22:17:52,172] {logging_mixin.py:115} INFO - [2024-06-10 22:17:52,172] {dag.py:2420} INFO - Sync 1 DAGs
[2024-06-10 22:17:52,185] {logging_mixin.py:115} INFO - [2024-06-10 22:17:52,185] {dag.py:2972} INFO - Setting next_dagrun for python_operator to None, run_after=None
[2024-06-10 22:17:52,192] {processor.py:161} INFO - Processing /opt/airflow/dags/2-pythonoperator.py took 0.044 seconds
[2024-06-10 22:18:22,505] {processor.py:153} INFO - Started process (PID=18491) to work on /opt/airflow/dags/2-pythonoperator.py
[2024-06-10 22:18:22,505] {processor.py:641} INFO - Processing file /opt/airflow/dags/2-pythonoperator.py for tasks to queue
[2024-06-10 22:18:22,506] {logging_mixin.py:115} INFO - [2024-06-10 22:18:22,505] {dagbag.py:508} INFO - Filling up the DagBag from /opt/airflow/dags/2-pythonoperator.py
[2024-06-10 22:18:22,510] {processor.py:651} INFO - DAG(s) dict_keys(['python_operator']) retrieved from /opt/airflow/dags/2-pythonoperator.py
[2024-06-10 22:18:22,527] {logging_mixin.py:115} INFO - [2024-06-10 22:18:22,527] {dag.py:2420} INFO - Sync 1 DAGs
[2024-06-10 22:18:22,541] {logging_mixin.py:115} INFO - [2024-06-10 22:18:22,541] {dag.py:2972} INFO - Setting next_dagrun for python_operator to None, run_after=None
[2024-06-10 22:18:22,550] {processor.py:161} INFO - Processing /opt/airflow/dags/2-pythonoperator.py took 0.047 seconds
[2024-06-10 22:18:52,873] {processor.py:153} INFO - Started process (PID=18517) to work on /opt/airflow/dags/2-pythonoperator.py
[2024-06-10 22:18:52,873] {processor.py:641} INFO - Processing file /opt/airflow/dags/2-pythonoperator.py for tasks to queue
[2024-06-10 22:18:52,874] {logging_mixin.py:115} INFO - [2024-06-10 22:18:52,874] {dagbag.py:508} INFO - Filling up the DagBag from /opt/airflow/dags/2-pythonoperator.py
[2024-06-10 22:18:52,879] {processor.py:651} INFO - DAG(s) dict_keys(['python_operator']) retrieved from /opt/airflow/dags/2-pythonoperator.py
[2024-06-10 22:18:52,899] {logging_mixin.py:115} INFO - [2024-06-10 22:18:52,899] {dag.py:2420} INFO - Sync 1 DAGs
[2024-06-10 22:18:52,913] {logging_mixin.py:115} INFO - [2024-06-10 22:18:52,913] {dag.py:2972} INFO - Setting next_dagrun for python_operator to None, run_after=None
[2024-06-10 22:18:52,922] {processor.py:161} INFO - Processing /opt/airflow/dags/2-pythonoperator.py took 0.051 seconds
[2024-06-10 22:19:23,236] {processor.py:153} INFO - Started process (PID=18552) to work on /opt/airflow/dags/2-pythonoperator.py
[2024-06-10 22:19:23,237] {processor.py:641} INFO - Processing file /opt/airflow/dags/2-pythonoperator.py for tasks to queue
[2024-06-10 22:19:23,237] {logging_mixin.py:115} INFO - [2024-06-10 22:19:23,237] {dagbag.py:508} INFO - Filling up the DagBag from /opt/airflow/dags/2-pythonoperator.py
[2024-06-10 22:19:23,245] {processor.py:651} INFO - DAG(s) dict_keys(['python_operator']) retrieved from /opt/airflow/dags/2-pythonoperator.py
[2024-06-10 22:19:23,262] {logging_mixin.py:115} INFO - [2024-06-10 22:19:23,261] {dag.py:2420} INFO - Sync 1 DAGs
[2024-06-10 22:19:23,277] {logging_mixin.py:115} INFO - [2024-06-10 22:19:23,276] {dag.py:2972} INFO - Setting next_dagrun for python_operator to None, run_after=None
[2024-06-10 22:19:23,284] {processor.py:161} INFO - Processing /opt/airflow/dags/2-pythonoperator.py took 0.050 seconds
[2024-06-10 22:19:53,600] {processor.py:153} INFO - Started process (PID=18586) to work on /opt/airflow/dags/2-pythonoperator.py
[2024-06-10 22:19:53,600] {processor.py:641} INFO - Processing file /opt/airflow/dags/2-pythonoperator.py for tasks to queue
[2024-06-10 22:19:53,601] {logging_mixin.py:115} INFO - [2024-06-10 22:19:53,601] {dagbag.py:508} INFO - Filling up the DagBag from /opt/airflow/dags/2-pythonoperator.py
[2024-06-10 22:19:53,606] {processor.py:651} INFO - DAG(s) dict_keys(['python_operator']) retrieved from /opt/airflow/dags/2-pythonoperator.py
[2024-06-10 22:19:53,624] {logging_mixin.py:115} INFO - [2024-06-10 22:19:53,624] {dag.py:2420} INFO - Sync 1 DAGs
[2024-06-10 22:19:53,640] {logging_mixin.py:115} INFO - [2024-06-10 22:19:53,640] {dag.py:2972} INFO - Setting next_dagrun for python_operator to None, run_after=None
[2024-06-10 22:19:53,649] {processor.py:161} INFO - Processing /opt/airflow/dags/2-pythonoperator.py took 0.052 seconds
[2024-06-10 22:20:23,967] {processor.py:153} INFO - Started process (PID=18621) to work on /opt/airflow/dags/2-pythonoperator.py
[2024-06-10 22:20:23,967] {processor.py:641} INFO - Processing file /opt/airflow/dags/2-pythonoperator.py for tasks to queue
[2024-06-10 22:20:23,968] {logging_mixin.py:115} INFO - [2024-06-10 22:20:23,968] {dagbag.py:508} INFO - Filling up the DagBag from /opt/airflow/dags/2-pythonoperator.py
[2024-06-10 22:20:23,972] {processor.py:651} INFO - DAG(s) dict_keys(['python_operator']) retrieved from /opt/airflow/dags/2-pythonoperator.py
[2024-06-10 22:20:23,991] {logging_mixin.py:115} INFO - [2024-06-10 22:20:23,991] {dag.py:2420} INFO - Sync 1 DAGs
[2024-06-10 22:20:24,005] {logging_mixin.py:115} INFO - [2024-06-10 22:20:24,005] {dag.py:2972} INFO - Setting next_dagrun for python_operator to None, run_after=None
[2024-06-10 22:20:24,013] {processor.py:161} INFO - Processing /opt/airflow/dags/2-pythonoperator.py took 0.048 seconds
[2024-06-10 22:20:54,342] {processor.py:153} INFO - Started process (PID=18656) to work on /opt/airflow/dags/2-pythonoperator.py
[2024-06-10 22:20:54,342] {processor.py:641} INFO - Processing file /opt/airflow/dags/2-pythonoperator.py for tasks to queue
[2024-06-10 22:20:54,343] {logging_mixin.py:115} INFO - [2024-06-10 22:20:54,343] {dagbag.py:508} INFO - Filling up the DagBag from /opt/airflow/dags/2-pythonoperator.py
[2024-06-10 22:20:54,349] {processor.py:651} INFO - DAG(s) dict_keys(['python_operator']) retrieved from /opt/airflow/dags/2-pythonoperator.py
[2024-06-10 22:20:54,365] {logging_mixin.py:115} INFO - [2024-06-10 22:20:54,365] {dag.py:2420} INFO - Sync 1 DAGs
[2024-06-10 22:20:54,378] {logging_mixin.py:115} INFO - [2024-06-10 22:20:54,378] {dag.py:2972} INFO - Setting next_dagrun for python_operator to None, run_after=None
[2024-06-10 22:20:54,385] {processor.py:161} INFO - Processing /opt/airflow/dags/2-pythonoperator.py took 0.045 seconds
[2024-06-10 22:21:24,708] {processor.py:153} INFO - Started process (PID=18682) to work on /opt/airflow/dags/2-pythonoperator.py
[2024-06-10 22:21:24,708] {processor.py:641} INFO - Processing file /opt/airflow/dags/2-pythonoperator.py for tasks to queue
[2024-06-10 22:21:24,709] {logging_mixin.py:115} INFO - [2024-06-10 22:21:24,709] {dagbag.py:508} INFO - Filling up the DagBag from /opt/airflow/dags/2-pythonoperator.py
[2024-06-10 22:21:24,713] {processor.py:651} INFO - DAG(s) dict_keys(['python_operator']) retrieved from /opt/airflow/dags/2-pythonoperator.py
[2024-06-10 22:21:24,729] {logging_mixin.py:115} INFO - [2024-06-10 22:21:24,729] {dag.py:2420} INFO - Sync 1 DAGs
[2024-06-10 22:21:24,747] {logging_mixin.py:115} INFO - [2024-06-10 22:21:24,746] {dag.py:2972} INFO - Setting next_dagrun for python_operator to None, run_after=None
[2024-06-10 22:21:24,755] {processor.py:161} INFO - Processing /opt/airflow/dags/2-pythonoperator.py took 0.050 seconds
[2024-06-10 22:21:55,063] {processor.py:153} INFO - Started process (PID=18717) to work on /opt/airflow/dags/2-pythonoperator.py
[2024-06-10 22:21:55,064] {processor.py:641} INFO - Processing file /opt/airflow/dags/2-pythonoperator.py for tasks to queue
[2024-06-10 22:21:55,064] {logging_mixin.py:115} INFO - [2024-06-10 22:21:55,064] {dagbag.py:508} INFO - Filling up the DagBag from /opt/airflow/dags/2-pythonoperator.py
[2024-06-10 22:21:55,069] {processor.py:651} INFO - DAG(s) dict_keys(['python_operator']) retrieved from /opt/airflow/dags/2-pythonoperator.py
[2024-06-10 22:21:55,086] {logging_mixin.py:115} INFO - [2024-06-10 22:21:55,086] {dag.py:2420} INFO - Sync 1 DAGs
[2024-06-10 22:21:55,100] {logging_mixin.py:115} INFO - [2024-06-10 22:21:55,100] {dag.py:2972} INFO - Setting next_dagrun for python_operator to None, run_after=None
[2024-06-10 22:21:55,109] {processor.py:161} INFO - Processing /opt/airflow/dags/2-pythonoperator.py took 0.048 seconds
[2024-06-10 22:22:25,494] {processor.py:153} INFO - Started process (PID=18752) to work on /opt/airflow/dags/2-pythonoperator.py
[2024-06-10 22:22:25,494] {processor.py:641} INFO - Processing file /opt/airflow/dags/2-pythonoperator.py for tasks to queue
[2024-06-10 22:22:25,495] {logging_mixin.py:115} INFO - [2024-06-10 22:22:25,495] {dagbag.py:508} INFO - Filling up the DagBag from /opt/airflow/dags/2-pythonoperator.py
[2024-06-10 22:22:25,500] {processor.py:651} INFO - DAG(s) dict_keys(['python_operator']) retrieved from /opt/airflow/dags/2-pythonoperator.py
[2024-06-10 22:22:25,517] {logging_mixin.py:115} INFO - [2024-06-10 22:22:25,517] {dag.py:2420} INFO - Sync 1 DAGs
[2024-06-10 22:22:25,532] {logging_mixin.py:115} INFO - [2024-06-10 22:22:25,531] {dag.py:2972} INFO - Setting next_dagrun for python_operator to None, run_after=None
[2024-06-10 22:22:25,539] {processor.py:161} INFO - Processing /opt/airflow/dags/2-pythonoperator.py took 0.047 seconds
[2024-06-10 22:22:55,904] {processor.py:153} INFO - Started process (PID=18787) to work on /opt/airflow/dags/2-pythonoperator.py
[2024-06-10 22:22:55,904] {processor.py:641} INFO - Processing file /opt/airflow/dags/2-pythonoperator.py for tasks to queue
[2024-06-10 22:22:55,904] {logging_mixin.py:115} INFO - [2024-06-10 22:22:55,904] {dagbag.py:508} INFO - Filling up the DagBag from /opt/airflow/dags/2-pythonoperator.py
[2024-06-10 22:22:55,909] {processor.py:651} INFO - DAG(s) dict_keys(['python_operator']) retrieved from /opt/airflow/dags/2-pythonoperator.py
[2024-06-10 22:22:55,927] {logging_mixin.py:115} INFO - [2024-06-10 22:22:55,927] {dag.py:2420} INFO - Sync 1 DAGs
[2024-06-10 22:22:55,943] {logging_mixin.py:115} INFO - [2024-06-10 22:22:55,943] {dag.py:2972} INFO - Setting next_dagrun for python_operator to None, run_after=None
[2024-06-10 22:22:55,952] {processor.py:161} INFO - Processing /opt/airflow/dags/2-pythonoperator.py took 0.050 seconds
[2024-06-10 22:23:26,273] {processor.py:153} INFO - Started process (PID=18822) to work on /opt/airflow/dags/2-pythonoperator.py
[2024-06-10 22:23:26,274] {processor.py:641} INFO - Processing file /opt/airflow/dags/2-pythonoperator.py for tasks to queue
[2024-06-10 22:23:26,274] {logging_mixin.py:115} INFO - [2024-06-10 22:23:26,274] {dagbag.py:508} INFO - Filling up the DagBag from /opt/airflow/dags/2-pythonoperator.py
[2024-06-10 22:23:26,278] {processor.py:651} INFO - DAG(s) dict_keys(['python_operator']) retrieved from /opt/airflow/dags/2-pythonoperator.py
[2024-06-10 22:23:26,297] {logging_mixin.py:115} INFO - [2024-06-10 22:23:26,296] {dag.py:2420} INFO - Sync 1 DAGs
[2024-06-10 22:23:26,310] {logging_mixin.py:115} INFO - [2024-06-10 22:23:26,310] {dag.py:2972} INFO - Setting next_dagrun for python_operator to None, run_after=None
[2024-06-10 22:23:26,318] {processor.py:161} INFO - Processing /opt/airflow/dags/2-pythonoperator.py took 0.047 seconds
[2024-06-10 22:23:56,694] {processor.py:153} INFO - Started process (PID=18855) to work on /opt/airflow/dags/2-pythonoperator.py
[2024-06-10 22:23:56,695] {processor.py:641} INFO - Processing file /opt/airflow/dags/2-pythonoperator.py for tasks to queue
[2024-06-10 22:23:56,695] {logging_mixin.py:115} INFO - [2024-06-10 22:23:56,695] {dagbag.py:508} INFO - Filling up the DagBag from /opt/airflow/dags/2-pythonoperator.py
[2024-06-10 22:23:56,701] {processor.py:651} INFO - DAG(s) dict_keys(['python_operator']) retrieved from /opt/airflow/dags/2-pythonoperator.py
[2024-06-10 22:23:56,720] {logging_mixin.py:115} INFO - [2024-06-10 22:23:56,720] {dag.py:2420} INFO - Sync 1 DAGs
[2024-06-10 22:23:56,738] {logging_mixin.py:115} INFO - [2024-06-10 22:23:56,738] {dag.py:2972} INFO - Setting next_dagrun for python_operator to None, run_after=None
[2024-06-10 22:23:56,750] {processor.py:161} INFO - Processing /opt/airflow/dags/2-pythonoperator.py took 0.060 seconds
[2024-06-10 22:24:27,125] {processor.py:153} INFO - Started process (PID=18883) to work on /opt/airflow/dags/2-pythonoperator.py
[2024-06-10 22:24:27,126] {processor.py:641} INFO - Processing file /opt/airflow/dags/2-pythonoperator.py for tasks to queue
[2024-06-10 22:24:27,126] {logging_mixin.py:115} INFO - [2024-06-10 22:24:27,126] {dagbag.py:508} INFO - Filling up the DagBag from /opt/airflow/dags/2-pythonoperator.py
[2024-06-10 22:24:27,131] {processor.py:651} INFO - DAG(s) dict_keys(['python_operator']) retrieved from /opt/airflow/dags/2-pythonoperator.py
[2024-06-10 22:24:27,147] {logging_mixin.py:115} INFO - [2024-06-10 22:24:27,147] {dag.py:2420} INFO - Sync 1 DAGs
[2024-06-10 22:24:27,161] {logging_mixin.py:115} INFO - [2024-06-10 22:24:27,161] {dag.py:2972} INFO - Setting next_dagrun for python_operator to None, run_after=None
[2024-06-10 22:24:27,168] {processor.py:161} INFO - Processing /opt/airflow/dags/2-pythonoperator.py took 0.044 seconds
[2024-06-10 22:24:57,474] {processor.py:153} INFO - Started process (PID=18918) to work on /opt/airflow/dags/2-pythonoperator.py
[2024-06-10 22:24:57,474] {processor.py:641} INFO - Processing file /opt/airflow/dags/2-pythonoperator.py for tasks to queue
[2024-06-10 22:24:57,474] {logging_mixin.py:115} INFO - [2024-06-10 22:24:57,474] {dagbag.py:508} INFO - Filling up the DagBag from /opt/airflow/dags/2-pythonoperator.py
[2024-06-10 22:24:57,479] {processor.py:651} INFO - DAG(s) dict_keys(['python_operator']) retrieved from /opt/airflow/dags/2-pythonoperator.py
[2024-06-10 22:24:57,497] {logging_mixin.py:115} INFO - [2024-06-10 22:24:57,496] {dag.py:2420} INFO - Sync 1 DAGs
[2024-06-10 22:24:57,509] {logging_mixin.py:115} INFO - [2024-06-10 22:24:57,509] {dag.py:2972} INFO - Setting next_dagrun for python_operator to None, run_after=None
[2024-06-10 22:24:57,516] {processor.py:161} INFO - Processing /opt/airflow/dags/2-pythonoperator.py took 0.044 seconds
[2024-06-10 22:25:27,900] {processor.py:153} INFO - Started process (PID=18952) to work on /opt/airflow/dags/2-pythonoperator.py
[2024-06-10 22:25:27,900] {processor.py:641} INFO - Processing file /opt/airflow/dags/2-pythonoperator.py for tasks to queue
[2024-06-10 22:25:27,901] {logging_mixin.py:115} INFO - [2024-06-10 22:25:27,901] {dagbag.py:508} INFO - Filling up the DagBag from /opt/airflow/dags/2-pythonoperator.py
[2024-06-10 22:25:27,905] {processor.py:651} INFO - DAG(s) dict_keys(['python_operator']) retrieved from /opt/airflow/dags/2-pythonoperator.py
[2024-06-10 22:25:27,921] {logging_mixin.py:115} INFO - [2024-06-10 22:25:27,921] {dag.py:2420} INFO - Sync 1 DAGs
[2024-06-10 22:25:27,934] {logging_mixin.py:115} INFO - [2024-06-10 22:25:27,934] {dag.py:2972} INFO - Setting next_dagrun for python_operator to None, run_after=None
[2024-06-10 22:25:27,942] {processor.py:161} INFO - Processing /opt/airflow/dags/2-pythonoperator.py took 0.044 seconds
[2024-06-10 22:25:58,203] {processor.py:153} INFO - Started process (PID=18987) to work on /opt/airflow/dags/2-pythonoperator.py
[2024-06-10 22:25:58,204] {processor.py:641} INFO - Processing file /opt/airflow/dags/2-pythonoperator.py for tasks to queue
[2024-06-10 22:25:58,204] {logging_mixin.py:115} INFO - [2024-06-10 22:25:58,204] {dagbag.py:508} INFO - Filling up the DagBag from /opt/airflow/dags/2-pythonoperator.py
[2024-06-10 22:25:58,208] {processor.py:651} INFO - DAG(s) dict_keys(['python_operator']) retrieved from /opt/airflow/dags/2-pythonoperator.py
[2024-06-10 22:25:58,223] {logging_mixin.py:115} INFO - [2024-06-10 22:25:58,223] {dag.py:2420} INFO - Sync 1 DAGs
[2024-06-10 22:25:58,235] {logging_mixin.py:115} INFO - [2024-06-10 22:25:58,235] {dag.py:2972} INFO - Setting next_dagrun for python_operator to None, run_after=None
[2024-06-10 22:25:58,243] {processor.py:161} INFO - Processing /opt/airflow/dags/2-pythonoperator.py took 0.042 seconds
[2024-06-10 22:26:28,584] {processor.py:153} INFO - Started process (PID=19022) to work on /opt/airflow/dags/2-pythonoperator.py
[2024-06-10 22:26:28,585] {processor.py:641} INFO - Processing file /opt/airflow/dags/2-pythonoperator.py for tasks to queue
[2024-06-10 22:26:28,585] {logging_mixin.py:115} INFO - [2024-06-10 22:26:28,585] {dagbag.py:508} INFO - Filling up the DagBag from /opt/airflow/dags/2-pythonoperator.py
[2024-06-10 22:26:28,590] {processor.py:651} INFO - DAG(s) dict_keys(['python_operator']) retrieved from /opt/airflow/dags/2-pythonoperator.py
[2024-06-10 22:26:28,606] {logging_mixin.py:115} INFO - [2024-06-10 22:26:28,606] {dag.py:2420} INFO - Sync 1 DAGs
[2024-06-10 22:26:28,622] {logging_mixin.py:115} INFO - [2024-06-10 22:26:28,622] {dag.py:2972} INFO - Setting next_dagrun for python_operator to None, run_after=None
[2024-06-10 22:26:28,631] {processor.py:161} INFO - Processing /opt/airflow/dags/2-pythonoperator.py took 0.050 seconds
[2024-06-10 22:26:58,990] {processor.py:153} INFO - Started process (PID=19048) to work on /opt/airflow/dags/2-pythonoperator.py
[2024-06-10 22:26:58,991] {processor.py:641} INFO - Processing file /opt/airflow/dags/2-pythonoperator.py for tasks to queue
[2024-06-10 22:26:58,991] {logging_mixin.py:115} INFO - [2024-06-10 22:26:58,991] {dagbag.py:508} INFO - Filling up the DagBag from /opt/airflow/dags/2-pythonoperator.py
[2024-06-10 22:26:58,999] {processor.py:651} INFO - DAG(s) dict_keys(['python_operator']) retrieved from /opt/airflow/dags/2-pythonoperator.py
[2024-06-10 22:26:59,017] {logging_mixin.py:115} INFO - [2024-06-10 22:26:59,016] {dag.py:2420} INFO - Sync 1 DAGs
[2024-06-10 22:26:59,031] {logging_mixin.py:115} INFO - [2024-06-10 22:26:59,031] {dag.py:2972} INFO - Setting next_dagrun for python_operator to None, run_after=None
[2024-06-10 22:26:59,041] {processor.py:161} INFO - Processing /opt/airflow/dags/2-pythonoperator.py took 0.054 seconds
[2024-06-10 22:27:29,389] {processor.py:153} INFO - Started process (PID=19083) to work on /opt/airflow/dags/2-pythonoperator.py
[2024-06-10 22:27:29,390] {processor.py:641} INFO - Processing file /opt/airflow/dags/2-pythonoperator.py for tasks to queue
[2024-06-10 22:27:29,390] {logging_mixin.py:115} INFO - [2024-06-10 22:27:29,390] {dagbag.py:508} INFO - Filling up the DagBag from /opt/airflow/dags/2-pythonoperator.py
[2024-06-10 22:27:29,395] {processor.py:651} INFO - DAG(s) dict_keys(['python_operator']) retrieved from /opt/airflow/dags/2-pythonoperator.py
[2024-06-10 22:27:29,412] {logging_mixin.py:115} INFO - [2024-06-10 22:27:29,412] {dag.py:2420} INFO - Sync 1 DAGs
[2024-06-10 22:27:29,426] {logging_mixin.py:115} INFO - [2024-06-10 22:27:29,426] {dag.py:2972} INFO - Setting next_dagrun for python_operator to None, run_after=None
[2024-06-10 22:27:29,434] {processor.py:161} INFO - Processing /opt/airflow/dags/2-pythonoperator.py took 0.047 seconds
[2024-06-10 22:27:59,749] {processor.py:153} INFO - Started process (PID=19118) to work on /opt/airflow/dags/2-pythonoperator.py
[2024-06-10 22:27:59,749] {processor.py:641} INFO - Processing file /opt/airflow/dags/2-pythonoperator.py for tasks to queue
[2024-06-10 22:27:59,749] {logging_mixin.py:115} INFO - [2024-06-10 22:27:59,749] {dagbag.py:508} INFO - Filling up the DagBag from /opt/airflow/dags/2-pythonoperator.py
[2024-06-10 22:27:59,754] {processor.py:651} INFO - DAG(s) dict_keys(['python_operator']) retrieved from /opt/airflow/dags/2-pythonoperator.py
[2024-06-10 22:27:59,771] {logging_mixin.py:115} INFO - [2024-06-10 22:27:59,771] {dag.py:2420} INFO - Sync 1 DAGs
[2024-06-10 22:27:59,786] {logging_mixin.py:115} INFO - [2024-06-10 22:27:59,786] {dag.py:2972} INFO - Setting next_dagrun for python_operator to None, run_after=None
[2024-06-10 22:27:59,794] {processor.py:161} INFO - Processing /opt/airflow/dags/2-pythonoperator.py took 0.048 seconds
[2024-06-10 22:28:30,055] {processor.py:153} INFO - Started process (PID=19152) to work on /opt/airflow/dags/2-pythonoperator.py
[2024-06-10 22:28:30,055] {processor.py:641} INFO - Processing file /opt/airflow/dags/2-pythonoperator.py for tasks to queue
[2024-06-10 22:28:30,055] {logging_mixin.py:115} INFO - [2024-06-10 22:28:30,055] {dagbag.py:508} INFO - Filling up the DagBag from /opt/airflow/dags/2-pythonoperator.py
[2024-06-10 22:28:30,060] {processor.py:651} INFO - DAG(s) dict_keys(['python_operator']) retrieved from /opt/airflow/dags/2-pythonoperator.py
[2024-06-10 22:28:30,075] {logging_mixin.py:115} INFO - [2024-06-10 22:28:30,075] {dag.py:2420} INFO - Sync 1 DAGs
[2024-06-10 22:28:30,089] {logging_mixin.py:115} INFO - [2024-06-10 22:28:30,089] {dag.py:2972} INFO - Setting next_dagrun for python_operator to None, run_after=None
[2024-06-10 22:28:30,097] {processor.py:161} INFO - Processing /opt/airflow/dags/2-pythonoperator.py took 0.045 seconds
[2024-06-10 22:29:00,505] {processor.py:153} INFO - Started process (PID=19187) to work on /opt/airflow/dags/2-pythonoperator.py
[2024-06-10 22:29:00,505] {processor.py:641} INFO - Processing file /opt/airflow/dags/2-pythonoperator.py for tasks to queue
[2024-06-10 22:29:00,506] {logging_mixin.py:115} INFO - [2024-06-10 22:29:00,506] {dagbag.py:508} INFO - Filling up the DagBag from /opt/airflow/dags/2-pythonoperator.py
[2024-06-10 22:29:00,511] {processor.py:651} INFO - DAG(s) dict_keys(['python_operator']) retrieved from /opt/airflow/dags/2-pythonoperator.py
[2024-06-10 22:29:00,532] {logging_mixin.py:115} INFO - [2024-06-10 22:29:00,532] {dag.py:2420} INFO - Sync 1 DAGs
[2024-06-10 22:29:00,550] {logging_mixin.py:115} INFO - [2024-06-10 22:29:00,550] {dag.py:2972} INFO - Setting next_dagrun for python_operator to None, run_after=None
[2024-06-10 22:29:00,563] {processor.py:161} INFO - Processing /opt/airflow/dags/2-pythonoperator.py took 0.061 seconds
[2024-06-10 22:29:30,823] {processor.py:153} INFO - Started process (PID=19213) to work on /opt/airflow/dags/2-pythonoperator.py
[2024-06-10 22:29:30,823] {processor.py:641} INFO - Processing file /opt/airflow/dags/2-pythonoperator.py for tasks to queue
[2024-06-10 22:29:30,824] {logging_mixin.py:115} INFO - [2024-06-10 22:29:30,824] {dagbag.py:508} INFO - Filling up the DagBag from /opt/airflow/dags/2-pythonoperator.py
[2024-06-10 22:29:30,828] {processor.py:651} INFO - DAG(s) dict_keys(['python_operator']) retrieved from /opt/airflow/dags/2-pythonoperator.py
[2024-06-10 22:29:30,843] {logging_mixin.py:115} INFO - [2024-06-10 22:29:30,843] {dag.py:2420} INFO - Sync 1 DAGs
[2024-06-10 22:29:30,859] {logging_mixin.py:115} INFO - [2024-06-10 22:29:30,858] {dag.py:2972} INFO - Setting next_dagrun for python_operator to None, run_after=None
[2024-06-10 22:29:30,866] {processor.py:161} INFO - Processing /opt/airflow/dags/2-pythonoperator.py took 0.046 seconds
[2024-06-10 22:30:01,229] {processor.py:153} INFO - Started process (PID=19248) to work on /opt/airflow/dags/2-pythonoperator.py
[2024-06-10 22:30:01,230] {processor.py:641} INFO - Processing file /opt/airflow/dags/2-pythonoperator.py for tasks to queue
[2024-06-10 22:30:01,230] {logging_mixin.py:115} INFO - [2024-06-10 22:30:01,230] {dagbag.py:508} INFO - Filling up the DagBag from /opt/airflow/dags/2-pythonoperator.py
[2024-06-10 22:30:01,236] {processor.py:651} INFO - DAG(s) dict_keys(['python_operator']) retrieved from /opt/airflow/dags/2-pythonoperator.py
[2024-06-10 22:30:01,257] {logging_mixin.py:115} INFO - [2024-06-10 22:30:01,257] {dag.py:2420} INFO - Sync 1 DAGs
[2024-06-10 22:30:01,276] {logging_mixin.py:115} INFO - [2024-06-10 22:30:01,276] {dag.py:2972} INFO - Setting next_dagrun for python_operator to None, run_after=None
[2024-06-10 22:30:01,288] {processor.py:161} INFO - Processing /opt/airflow/dags/2-pythonoperator.py took 0.061 seconds
[2024-06-10 22:30:31,574] {processor.py:153} INFO - Started process (PID=19283) to work on /opt/airflow/dags/2-pythonoperator.py
[2024-06-10 22:30:31,575] {processor.py:641} INFO - Processing file /opt/airflow/dags/2-pythonoperator.py for tasks to queue
[2024-06-10 22:30:31,575] {logging_mixin.py:115} INFO - [2024-06-10 22:30:31,575] {dagbag.py:508} INFO - Filling up the DagBag from /opt/airflow/dags/2-pythonoperator.py
[2024-06-10 22:30:31,579] {processor.py:651} INFO - DAG(s) dict_keys(['python_operator']) retrieved from /opt/airflow/dags/2-pythonoperator.py
[2024-06-10 22:30:31,596] {logging_mixin.py:115} INFO - [2024-06-10 22:30:31,596] {dag.py:2420} INFO - Sync 1 DAGs
[2024-06-10 22:30:31,609] {logging_mixin.py:115} INFO - [2024-06-10 22:30:31,609] {dag.py:2972} INFO - Setting next_dagrun for python_operator to None, run_after=None
[2024-06-10 22:30:31,617] {processor.py:161} INFO - Processing /opt/airflow/dags/2-pythonoperator.py took 0.045 seconds
[2024-06-10 22:31:01,968] {processor.py:153} INFO - Started process (PID=19318) to work on /opt/airflow/dags/2-pythonoperator.py
[2024-06-10 22:31:01,968] {processor.py:641} INFO - Processing file /opt/airflow/dags/2-pythonoperator.py for tasks to queue
[2024-06-10 22:31:01,968] {logging_mixin.py:115} INFO - [2024-06-10 22:31:01,968] {dagbag.py:508} INFO - Filling up the DagBag from /opt/airflow/dags/2-pythonoperator.py
[2024-06-10 22:31:01,973] {processor.py:651} INFO - DAG(s) dict_keys(['python_operator']) retrieved from /opt/airflow/dags/2-pythonoperator.py
[2024-06-10 22:31:01,991] {logging_mixin.py:115} INFO - [2024-06-10 22:31:01,991] {dag.py:2420} INFO - Sync 1 DAGs
[2024-06-10 22:31:02,005] {logging_mixin.py:115} INFO - [2024-06-10 22:31:02,005] {dag.py:2972} INFO - Setting next_dagrun for python_operator to None, run_after=None
[2024-06-10 22:31:02,013] {processor.py:161} INFO - Processing /opt/airflow/dags/2-pythonoperator.py took 0.047 seconds
[2024-06-10 22:31:32,318] {processor.py:153} INFO - Started process (PID=19353) to work on /opt/airflow/dags/2-pythonoperator.py
[2024-06-10 22:31:32,319] {processor.py:641} INFO - Processing file /opt/airflow/dags/2-pythonoperator.py for tasks to queue
[2024-06-10 22:31:32,319] {logging_mixin.py:115} INFO - [2024-06-10 22:31:32,319] {dagbag.py:508} INFO - Filling up the DagBag from /opt/airflow/dags/2-pythonoperator.py
[2024-06-10 22:31:32,325] {processor.py:651} INFO - DAG(s) dict_keys(['python_operator']) retrieved from /opt/airflow/dags/2-pythonoperator.py
[2024-06-10 22:31:32,347] {logging_mixin.py:115} INFO - [2024-06-10 22:31:32,346] {dag.py:2420} INFO - Sync 1 DAGs
[2024-06-10 22:31:32,366] {logging_mixin.py:115} INFO - [2024-06-10 22:31:32,366] {dag.py:2972} INFO - Setting next_dagrun for python_operator to None, run_after=None
[2024-06-10 22:31:32,374] {processor.py:161} INFO - Processing /opt/airflow/dags/2-pythonoperator.py took 0.058 seconds
[2024-06-10 22:32:02,696] {processor.py:153} INFO - Started process (PID=19378) to work on /opt/airflow/dags/2-pythonoperator.py
[2024-06-10 22:32:02,697] {processor.py:641} INFO - Processing file /opt/airflow/dags/2-pythonoperator.py for tasks to queue
[2024-06-10 22:32:02,697] {logging_mixin.py:115} INFO - [2024-06-10 22:32:02,697] {dagbag.py:508} INFO - Filling up the DagBag from /opt/airflow/dags/2-pythonoperator.py
[2024-06-10 22:32:02,703] {processor.py:651} INFO - DAG(s) dict_keys(['python_operator']) retrieved from /opt/airflow/dags/2-pythonoperator.py
[2024-06-10 22:32:02,720] {logging_mixin.py:115} INFO - [2024-06-10 22:32:02,720] {dag.py:2420} INFO - Sync 1 DAGs
[2024-06-10 22:32:02,736] {logging_mixin.py:115} INFO - [2024-06-10 22:32:02,736] {dag.py:2972} INFO - Setting next_dagrun for python_operator to None, run_after=None
[2024-06-10 22:32:02,744] {processor.py:161} INFO - Processing /opt/airflow/dags/2-pythonoperator.py took 0.050 seconds
[2024-06-10 22:32:33,080] {processor.py:153} INFO - Started process (PID=19413) to work on /opt/airflow/dags/2-pythonoperator.py
[2024-06-10 22:32:33,080] {processor.py:641} INFO - Processing file /opt/airflow/dags/2-pythonoperator.py for tasks to queue
[2024-06-10 22:32:33,081] {logging_mixin.py:115} INFO - [2024-06-10 22:32:33,080] {dagbag.py:508} INFO - Filling up the DagBag from /opt/airflow/dags/2-pythonoperator.py
[2024-06-10 22:32:33,086] {processor.py:651} INFO - DAG(s) dict_keys(['python_operator']) retrieved from /opt/airflow/dags/2-pythonoperator.py
[2024-06-10 22:32:33,108] {logging_mixin.py:115} INFO - [2024-06-10 22:32:33,108] {dag.py:2420} INFO - Sync 1 DAGs
[2024-06-10 22:32:33,123] {logging_mixin.py:115} INFO - [2024-06-10 22:32:33,123] {dag.py:2972} INFO - Setting next_dagrun for python_operator to None, run_after=None
[2024-06-10 22:32:33,132] {processor.py:161} INFO - Processing /opt/airflow/dags/2-pythonoperator.py took 0.054 seconds
[2024-06-10 22:33:03,444] {processor.py:153} INFO - Started process (PID=19448) to work on /opt/airflow/dags/2-pythonoperator.py
[2024-06-10 22:33:03,444] {processor.py:641} INFO - Processing file /opt/airflow/dags/2-pythonoperator.py for tasks to queue
[2024-06-10 22:33:03,445] {logging_mixin.py:115} INFO - [2024-06-10 22:33:03,445] {dagbag.py:508} INFO - Filling up the DagBag from /opt/airflow/dags/2-pythonoperator.py
[2024-06-10 22:33:03,449] {processor.py:651} INFO - DAG(s) dict_keys(['python_operator']) retrieved from /opt/airflow/dags/2-pythonoperator.py
[2024-06-10 22:33:03,466] {logging_mixin.py:115} INFO - [2024-06-10 22:33:03,466] {dag.py:2420} INFO - Sync 1 DAGs
[2024-06-10 22:33:03,479] {logging_mixin.py:115} INFO - [2024-06-10 22:33:03,479] {dag.py:2972} INFO - Setting next_dagrun for python_operator to None, run_after=None
[2024-06-10 22:33:03,487] {processor.py:161} INFO - Processing /opt/airflow/dags/2-pythonoperator.py took 0.045 seconds
[2024-06-10 22:33:33,854] {processor.py:153} INFO - Started process (PID=19483) to work on /opt/airflow/dags/2-pythonoperator.py
[2024-06-10 22:33:33,854] {processor.py:641} INFO - Processing file /opt/airflow/dags/2-pythonoperator.py for tasks to queue
[2024-06-10 22:33:33,854] {logging_mixin.py:115} INFO - [2024-06-10 22:33:33,854] {dagbag.py:508} INFO - Filling up the DagBag from /opt/airflow/dags/2-pythonoperator.py
[2024-06-10 22:33:33,859] {processor.py:651} INFO - DAG(s) dict_keys(['python_operator']) retrieved from /opt/airflow/dags/2-pythonoperator.py
[2024-06-10 22:33:33,877] {logging_mixin.py:115} INFO - [2024-06-10 22:33:33,876] {dag.py:2420} INFO - Sync 1 DAGs
[2024-06-10 22:33:33,890] {logging_mixin.py:115} INFO - [2024-06-10 22:33:33,890] {dag.py:2972} INFO - Setting next_dagrun for python_operator to None, run_after=None
[2024-06-10 22:33:33,897] {processor.py:161} INFO - Processing /opt/airflow/dags/2-pythonoperator.py took 0.046 seconds
[2024-06-10 22:34:04,249] {processor.py:153} INFO - Started process (PID=19518) to work on /opt/airflow/dags/2-pythonoperator.py
[2024-06-10 22:34:04,250] {processor.py:641} INFO - Processing file /opt/airflow/dags/2-pythonoperator.py for tasks to queue
[2024-06-10 22:34:04,250] {logging_mixin.py:115} INFO - [2024-06-10 22:34:04,250] {dagbag.py:508} INFO - Filling up the DagBag from /opt/airflow/dags/2-pythonoperator.py
[2024-06-10 22:34:04,255] {processor.py:651} INFO - DAG(s) dict_keys(['python_operator']) retrieved from /opt/airflow/dags/2-pythonoperator.py
[2024-06-10 22:34:04,269] {logging_mixin.py:115} INFO - [2024-06-10 22:34:04,269] {dag.py:2420} INFO - Sync 1 DAGs
[2024-06-10 22:34:04,282] {logging_mixin.py:115} INFO - [2024-06-10 22:34:04,281] {dag.py:2972} INFO - Setting next_dagrun for python_operator to None, run_after=None
[2024-06-10 22:34:04,289] {processor.py:161} INFO - Processing /opt/airflow/dags/2-pythonoperator.py took 0.041 seconds
[2024-06-10 22:34:34,610] {processor.py:153} INFO - Started process (PID=19544) to work on /opt/airflow/dags/2-pythonoperator.py
[2024-06-10 22:34:34,610] {processor.py:641} INFO - Processing file /opt/airflow/dags/2-pythonoperator.py for tasks to queue
[2024-06-10 22:34:34,611] {logging_mixin.py:115} INFO - [2024-06-10 22:34:34,611] {dagbag.py:508} INFO - Filling up the DagBag from /opt/airflow/dags/2-pythonoperator.py
[2024-06-10 22:34:34,616] {processor.py:651} INFO - DAG(s) dict_keys(['python_operator']) retrieved from /opt/airflow/dags/2-pythonoperator.py
[2024-06-10 22:34:34,632] {logging_mixin.py:115} INFO - [2024-06-10 22:34:34,632] {dag.py:2420} INFO - Sync 1 DAGs
[2024-06-10 22:34:34,645] {logging_mixin.py:115} INFO - [2024-06-10 22:34:34,645] {dag.py:2972} INFO - Setting next_dagrun for python_operator to None, run_after=None
[2024-06-10 22:34:34,654] {processor.py:161} INFO - Processing /opt/airflow/dags/2-pythonoperator.py took 0.046 seconds
[2024-06-10 22:35:05,022] {processor.py:153} INFO - Started process (PID=19579) to work on /opt/airflow/dags/2-pythonoperator.py
[2024-06-10 22:35:05,022] {processor.py:641} INFO - Processing file /opt/airflow/dags/2-pythonoperator.py for tasks to queue
[2024-06-10 22:35:05,023] {logging_mixin.py:115} INFO - [2024-06-10 22:35:05,023] {dagbag.py:508} INFO - Filling up the DagBag from /opt/airflow/dags/2-pythonoperator.py
[2024-06-10 22:35:05,030] {processor.py:651} INFO - DAG(s) dict_keys(['python_operator']) retrieved from /opt/airflow/dags/2-pythonoperator.py
[2024-06-10 22:35:05,047] {logging_mixin.py:115} INFO - [2024-06-10 22:35:05,046] {dag.py:2420} INFO - Sync 1 DAGs
[2024-06-10 22:35:05,061] {logging_mixin.py:115} INFO - [2024-06-10 22:35:05,061] {dag.py:2972} INFO - Setting next_dagrun for python_operator to None, run_after=None
[2024-06-10 22:35:05,072] {processor.py:161} INFO - Processing /opt/airflow/dags/2-pythonoperator.py took 0.054 seconds
[2024-06-10 22:35:35,391] {processor.py:153} INFO - Started process (PID=19614) to work on /opt/airflow/dags/2-pythonoperator.py
[2024-06-10 22:35:35,391] {processor.py:641} INFO - Processing file /opt/airflow/dags/2-pythonoperator.py for tasks to queue
[2024-06-10 22:35:35,392] {logging_mixin.py:115} INFO - [2024-06-10 22:35:35,392] {dagbag.py:508} INFO - Filling up the DagBag from /opt/airflow/dags/2-pythonoperator.py
[2024-06-10 22:35:35,396] {processor.py:651} INFO - DAG(s) dict_keys(['python_operator']) retrieved from /opt/airflow/dags/2-pythonoperator.py
[2024-06-10 22:35:35,411] {logging_mixin.py:115} INFO - [2024-06-10 22:35:35,411] {dag.py:2420} INFO - Sync 1 DAGs
[2024-06-10 22:35:35,424] {logging_mixin.py:115} INFO - [2024-06-10 22:35:35,424] {dag.py:2972} INFO - Setting next_dagrun for python_operator to None, run_after=None
[2024-06-10 22:35:35,431] {processor.py:161} INFO - Processing /opt/airflow/dags/2-pythonoperator.py took 0.042 seconds
[2024-06-10 22:36:05,789] {processor.py:153} INFO - Started process (PID=19649) to work on /opt/airflow/dags/2-pythonoperator.py
[2024-06-10 22:36:05,789] {processor.py:641} INFO - Processing file /opt/airflow/dags/2-pythonoperator.py for tasks to queue
[2024-06-10 22:36:05,789] {logging_mixin.py:115} INFO - [2024-06-10 22:36:05,789] {dagbag.py:508} INFO - Filling up the DagBag from /opt/airflow/dags/2-pythonoperator.py
[2024-06-10 22:36:05,794] {processor.py:651} INFO - DAG(s) dict_keys(['python_operator']) retrieved from /opt/airflow/dags/2-pythonoperator.py
[2024-06-10 22:36:05,809] {logging_mixin.py:115} INFO - [2024-06-10 22:36:05,808] {dag.py:2420} INFO - Sync 1 DAGs
[2024-06-10 22:36:05,821] {logging_mixin.py:115} INFO - [2024-06-10 22:36:05,821] {dag.py:2972} INFO - Setting next_dagrun for python_operator to None, run_after=None
[2024-06-10 22:36:05,828] {processor.py:161} INFO - Processing /opt/airflow/dags/2-pythonoperator.py took 0.041 seconds
[2024-06-10 22:36:36,140] {processor.py:153} INFO - Started process (PID=19684) to work on /opt/airflow/dags/2-pythonoperator.py
[2024-06-10 22:36:36,141] {processor.py:641} INFO - Processing file /opt/airflow/dags/2-pythonoperator.py for tasks to queue
[2024-06-10 22:36:36,141] {logging_mixin.py:115} INFO - [2024-06-10 22:36:36,141] {dagbag.py:508} INFO - Filling up the DagBag from /opt/airflow/dags/2-pythonoperator.py
[2024-06-10 22:36:36,146] {processor.py:651} INFO - DAG(s) dict_keys(['python_operator']) retrieved from /opt/airflow/dags/2-pythonoperator.py
[2024-06-10 22:36:36,160] {logging_mixin.py:115} INFO - [2024-06-10 22:36:36,160] {dag.py:2420} INFO - Sync 1 DAGs
[2024-06-10 22:36:36,173] {logging_mixin.py:115} INFO - [2024-06-10 22:36:36,173] {dag.py:2972} INFO - Setting next_dagrun for python_operator to None, run_after=None
[2024-06-10 22:36:36,180] {processor.py:161} INFO - Processing /opt/airflow/dags/2-pythonoperator.py took 0.042 seconds
[2024-06-10 22:37:06,484] {processor.py:153} INFO - Started process (PID=19709) to work on /opt/airflow/dags/2-pythonoperator.py
[2024-06-10 22:37:06,484] {processor.py:641} INFO - Processing file /opt/airflow/dags/2-pythonoperator.py for tasks to queue
[2024-06-10 22:37:06,485] {logging_mixin.py:115} INFO - [2024-06-10 22:37:06,484] {dagbag.py:508} INFO - Filling up the DagBag from /opt/airflow/dags/2-pythonoperator.py
[2024-06-10 22:37:06,489] {processor.py:651} INFO - DAG(s) dict_keys(['python_operator']) retrieved from /opt/airflow/dags/2-pythonoperator.py
[2024-06-10 22:37:06,506] {logging_mixin.py:115} INFO - [2024-06-10 22:37:06,506] {dag.py:2420} INFO - Sync 1 DAGs
[2024-06-10 22:37:06,518] {logging_mixin.py:115} INFO - [2024-06-10 22:37:06,518] {dag.py:2972} INFO - Setting next_dagrun for python_operator to None, run_after=None
[2024-06-10 22:37:06,525] {processor.py:161} INFO - Processing /opt/airflow/dags/2-pythonoperator.py took 0.044 seconds
[2024-06-10 22:37:36,833] {processor.py:153} INFO - Started process (PID=19744) to work on /opt/airflow/dags/2-pythonoperator.py
[2024-06-10 22:37:36,834] {processor.py:641} INFO - Processing file /opt/airflow/dags/2-pythonoperator.py for tasks to queue
[2024-06-10 22:37:36,834] {logging_mixin.py:115} INFO - [2024-06-10 22:37:36,834] {dagbag.py:508} INFO - Filling up the DagBag from /opt/airflow/dags/2-pythonoperator.py
[2024-06-10 22:37:36,839] {processor.py:651} INFO - DAG(s) dict_keys(['python_operator']) retrieved from /opt/airflow/dags/2-pythonoperator.py
[2024-06-10 22:37:36,857] {logging_mixin.py:115} INFO - [2024-06-10 22:37:36,857] {dag.py:2420} INFO - Sync 1 DAGs
[2024-06-10 22:37:36,871] {logging_mixin.py:115} INFO - [2024-06-10 22:37:36,871] {dag.py:2972} INFO - Setting next_dagrun for python_operator to None, run_after=None
[2024-06-10 22:37:36,878] {processor.py:161} INFO - Processing /opt/airflow/dags/2-pythonoperator.py took 0.047 seconds
[2024-06-10 22:38:07,194] {processor.py:153} INFO - Started process (PID=19779) to work on /opt/airflow/dags/2-pythonoperator.py
[2024-06-10 22:38:07,194] {processor.py:641} INFO - Processing file /opt/airflow/dags/2-pythonoperator.py for tasks to queue
[2024-06-10 22:38:07,195] {logging_mixin.py:115} INFO - [2024-06-10 22:38:07,195] {dagbag.py:508} INFO - Filling up the DagBag from /opt/airflow/dags/2-pythonoperator.py
[2024-06-10 22:38:07,200] {processor.py:651} INFO - DAG(s) dict_keys(['python_operator']) retrieved from /opt/airflow/dags/2-pythonoperator.py
[2024-06-10 22:38:07,217] {logging_mixin.py:115} INFO - [2024-06-10 22:38:07,217] {dag.py:2420} INFO - Sync 1 DAGs
[2024-06-10 22:38:07,233] {logging_mixin.py:115} INFO - [2024-06-10 22:38:07,233] {dag.py:2972} INFO - Setting next_dagrun for python_operator to None, run_after=None
[2024-06-10 22:38:07,242] {processor.py:161} INFO - Processing /opt/airflow/dags/2-pythonoperator.py took 0.051 seconds
[2024-06-10 22:38:37,561] {processor.py:153} INFO - Started process (PID=19814) to work on /opt/airflow/dags/2-pythonoperator.py
[2024-06-10 22:38:37,561] {processor.py:641} INFO - Processing file /opt/airflow/dags/2-pythonoperator.py for tasks to queue
[2024-06-10 22:38:37,562] {logging_mixin.py:115} INFO - [2024-06-10 22:38:37,561] {dagbag.py:508} INFO - Filling up the DagBag from /opt/airflow/dags/2-pythonoperator.py
[2024-06-10 22:38:37,567] {processor.py:651} INFO - DAG(s) dict_keys(['python_operator']) retrieved from /opt/airflow/dags/2-pythonoperator.py
[2024-06-10 22:38:37,582] {logging_mixin.py:115} INFO - [2024-06-10 22:38:37,582] {dag.py:2420} INFO - Sync 1 DAGs
[2024-06-10 22:38:37,595] {logging_mixin.py:115} INFO - [2024-06-10 22:38:37,595] {dag.py:2972} INFO - Setting next_dagrun for python_operator to None, run_after=None
[2024-06-10 22:38:37,603] {processor.py:161} INFO - Processing /opt/airflow/dags/2-pythonoperator.py took 0.044 seconds
[2024-06-10 22:39:07,965] {processor.py:153} INFO - Started process (PID=19848) to work on /opt/airflow/dags/2-pythonoperator.py
[2024-06-10 22:39:07,965] {processor.py:641} INFO - Processing file /opt/airflow/dags/2-pythonoperator.py for tasks to queue
[2024-06-10 22:39:07,966] {logging_mixin.py:115} INFO - [2024-06-10 22:39:07,966] {dagbag.py:508} INFO - Filling up the DagBag from /opt/airflow/dags/2-pythonoperator.py
[2024-06-10 22:39:07,971] {processor.py:651} INFO - DAG(s) dict_keys(['python_operator']) retrieved from /opt/airflow/dags/2-pythonoperator.py
[2024-06-10 22:39:07,987] {logging_mixin.py:115} INFO - [2024-06-10 22:39:07,987] {dag.py:2420} INFO - Sync 1 DAGs
[2024-06-10 22:39:08,003] {logging_mixin.py:115} INFO - [2024-06-10 22:39:08,003] {dag.py:2972} INFO - Setting next_dagrun for python_operator to None, run_after=None
[2024-06-10 22:39:08,023] {processor.py:161} INFO - Processing /opt/airflow/dags/2-pythonoperator.py took 0.060 seconds
[2024-06-10 22:39:38,327] {processor.py:153} INFO - Started process (PID=19883) to work on /opt/airflow/dags/2-pythonoperator.py
[2024-06-10 22:39:38,327] {processor.py:641} INFO - Processing file /opt/airflow/dags/2-pythonoperator.py for tasks to queue
[2024-06-10 22:39:38,328] {logging_mixin.py:115} INFO - [2024-06-10 22:39:38,328] {dagbag.py:508} INFO - Filling up the DagBag from /opt/airflow/dags/2-pythonoperator.py
[2024-06-10 22:39:38,335] {processor.py:651} INFO - DAG(s) dict_keys(['python_operator']) retrieved from /opt/airflow/dags/2-pythonoperator.py
[2024-06-10 22:39:38,352] {logging_mixin.py:115} INFO - [2024-06-10 22:39:38,352] {dag.py:2420} INFO - Sync 1 DAGs
[2024-06-10 22:39:38,368] {logging_mixin.py:115} INFO - [2024-06-10 22:39:38,368] {dag.py:2972} INFO - Setting next_dagrun for python_operator to None, run_after=None
[2024-06-10 22:39:38,377] {processor.py:161} INFO - Processing /opt/airflow/dags/2-pythonoperator.py took 0.053 seconds
[2024-06-10 22:40:08,748] {processor.py:153} INFO - Started process (PID=19909) to work on /opt/airflow/dags/2-pythonoperator.py
[2024-06-10 22:40:08,749] {processor.py:641} INFO - Processing file /opt/airflow/dags/2-pythonoperator.py for tasks to queue
[2024-06-10 22:40:08,749] {logging_mixin.py:115} INFO - [2024-06-10 22:40:08,749] {dagbag.py:508} INFO - Filling up the DagBag from /opt/airflow/dags/2-pythonoperator.py
[2024-06-10 22:40:08,757] {processor.py:651} INFO - DAG(s) dict_keys(['python_operator']) retrieved from /opt/airflow/dags/2-pythonoperator.py
[2024-06-10 22:40:08,773] {logging_mixin.py:115} INFO - [2024-06-10 22:40:08,773] {dag.py:2420} INFO - Sync 1 DAGs
[2024-06-10 22:40:08,791] {logging_mixin.py:115} INFO - [2024-06-10 22:40:08,791] {dag.py:2972} INFO - Setting next_dagrun for python_operator to None, run_after=None
[2024-06-10 22:40:08,800] {processor.py:161} INFO - Processing /opt/airflow/dags/2-pythonoperator.py took 0.054 seconds
[2024-06-10 22:40:39,131] {processor.py:153} INFO - Started process (PID=19943) to work on /opt/airflow/dags/2-pythonoperator.py
[2024-06-10 22:40:39,131] {processor.py:641} INFO - Processing file /opt/airflow/dags/2-pythonoperator.py for tasks to queue
[2024-06-10 22:40:39,132] {logging_mixin.py:115} INFO - [2024-06-10 22:40:39,132] {dagbag.py:508} INFO - Filling up the DagBag from /opt/airflow/dags/2-pythonoperator.py
[2024-06-10 22:40:39,137] {processor.py:651} INFO - DAG(s) dict_keys(['python_operator']) retrieved from /opt/airflow/dags/2-pythonoperator.py
[2024-06-10 22:40:39,156] {logging_mixin.py:115} INFO - [2024-06-10 22:40:39,156] {dag.py:2420} INFO - Sync 1 DAGs
[2024-06-10 22:40:39,173] {logging_mixin.py:115} INFO - [2024-06-10 22:40:39,173] {dag.py:2972} INFO - Setting next_dagrun for python_operator to None, run_after=None
[2024-06-10 22:40:39,182] {processor.py:161} INFO - Processing /opt/airflow/dags/2-pythonoperator.py took 0.053 seconds
[2024-06-10 22:41:09,494] {processor.py:153} INFO - Started process (PID=19978) to work on /opt/airflow/dags/2-pythonoperator.py
[2024-06-10 22:41:09,494] {processor.py:641} INFO - Processing file /opt/airflow/dags/2-pythonoperator.py for tasks to queue
[2024-06-10 22:41:09,495] {logging_mixin.py:115} INFO - [2024-06-10 22:41:09,495] {dagbag.py:508} INFO - Filling up the DagBag from /opt/airflow/dags/2-pythonoperator.py
[2024-06-10 22:41:09,499] {processor.py:651} INFO - DAG(s) dict_keys(['python_operator']) retrieved from /opt/airflow/dags/2-pythonoperator.py
[2024-06-10 22:41:09,516] {logging_mixin.py:115} INFO - [2024-06-10 22:41:09,516] {dag.py:2420} INFO - Sync 1 DAGs
[2024-06-10 22:41:09,529] {logging_mixin.py:115} INFO - [2024-06-10 22:41:09,529] {dag.py:2972} INFO - Setting next_dagrun for python_operator to None, run_after=None
[2024-06-10 22:41:09,538] {processor.py:161} INFO - Processing /opt/airflow/dags/2-pythonoperator.py took 0.046 seconds
[2024-06-10 22:41:39,831] {processor.py:153} INFO - Started process (PID=20013) to work on /opt/airflow/dags/2-pythonoperator.py
[2024-06-10 22:41:39,832] {processor.py:641} INFO - Processing file /opt/airflow/dags/2-pythonoperator.py for tasks to queue
[2024-06-10 22:41:39,832] {logging_mixin.py:115} INFO - [2024-06-10 22:41:39,832] {dagbag.py:508} INFO - Filling up the DagBag from /opt/airflow/dags/2-pythonoperator.py
[2024-06-10 22:41:39,837] {processor.py:651} INFO - DAG(s) dict_keys(['python_operator']) retrieved from /opt/airflow/dags/2-pythonoperator.py
[2024-06-10 22:41:39,852] {logging_mixin.py:115} INFO - [2024-06-10 22:41:39,852] {dag.py:2420} INFO - Sync 1 DAGs
[2024-06-10 22:41:39,865] {logging_mixin.py:115} INFO - [2024-06-10 22:41:39,864] {dag.py:2972} INFO - Setting next_dagrun for python_operator to None, run_after=None
[2024-06-10 22:41:39,871] {processor.py:161} INFO - Processing /opt/airflow/dags/2-pythonoperator.py took 0.043 seconds
[2024-06-10 22:42:10,274] {processor.py:153} INFO - Started process (PID=20048) to work on /opt/airflow/dags/2-pythonoperator.py
[2024-06-10 22:42:10,275] {processor.py:641} INFO - Processing file /opt/airflow/dags/2-pythonoperator.py for tasks to queue
[2024-06-10 22:42:10,275] {logging_mixin.py:115} INFO - [2024-06-10 22:42:10,275] {dagbag.py:508} INFO - Filling up the DagBag from /opt/airflow/dags/2-pythonoperator.py
[2024-06-10 22:42:10,281] {processor.py:651} INFO - DAG(s) dict_keys(['python_operator']) retrieved from /opt/airflow/dags/2-pythonoperator.py
[2024-06-10 22:42:10,300] {logging_mixin.py:115} INFO - [2024-06-10 22:42:10,300] {dag.py:2420} INFO - Sync 1 DAGs
[2024-06-10 22:42:10,317] {logging_mixin.py:115} INFO - [2024-06-10 22:42:10,316] {dag.py:2972} INFO - Setting next_dagrun for python_operator to None, run_after=None
[2024-06-10 22:42:10,327] {processor.py:161} INFO - Processing /opt/airflow/dags/2-pythonoperator.py took 0.055 seconds
[2024-06-10 22:42:40,624] {processor.py:153} INFO - Started process (PID=20074) to work on /opt/airflow/dags/2-pythonoperator.py
[2024-06-10 22:42:40,624] {processor.py:641} INFO - Processing file /opt/airflow/dags/2-pythonoperator.py for tasks to queue
[2024-06-10 22:42:40,625] {logging_mixin.py:115} INFO - [2024-06-10 22:42:40,625] {dagbag.py:508} INFO - Filling up the DagBag from /opt/airflow/dags/2-pythonoperator.py
[2024-06-10 22:42:40,631] {processor.py:651} INFO - DAG(s) dict_keys(['python_operator']) retrieved from /opt/airflow/dags/2-pythonoperator.py
[2024-06-10 22:42:40,652] {logging_mixin.py:115} INFO - [2024-06-10 22:42:40,652] {dag.py:2420} INFO - Sync 1 DAGs
[2024-06-10 22:42:40,669] {logging_mixin.py:115} INFO - [2024-06-10 22:42:40,669] {dag.py:2972} INFO - Setting next_dagrun for python_operator to None, run_after=None
[2024-06-10 22:42:40,679] {processor.py:161} INFO - Processing /opt/airflow/dags/2-pythonoperator.py took 0.058 seconds
[2024-06-10 22:43:11,056] {processor.py:153} INFO - Started process (PID=20109) to work on /opt/airflow/dags/2-pythonoperator.py
[2024-06-10 22:43:11,057] {processor.py:641} INFO - Processing file /opt/airflow/dags/2-pythonoperator.py for tasks to queue
[2024-06-10 22:43:11,057] {logging_mixin.py:115} INFO - [2024-06-10 22:43:11,057] {dagbag.py:508} INFO - Filling up the DagBag from /opt/airflow/dags/2-pythonoperator.py
[2024-06-10 22:43:11,061] {processor.py:651} INFO - DAG(s) dict_keys(['python_operator']) retrieved from /opt/airflow/dags/2-pythonoperator.py
[2024-06-10 22:43:11,078] {logging_mixin.py:115} INFO - [2024-06-10 22:43:11,078] {dag.py:2420} INFO - Sync 1 DAGs
[2024-06-10 22:43:11,092] {logging_mixin.py:115} INFO - [2024-06-10 22:43:11,092] {dag.py:2972} INFO - Setting next_dagrun for python_operator to None, run_after=None
[2024-06-10 22:43:11,100] {processor.py:161} INFO - Processing /opt/airflow/dags/2-pythonoperator.py took 0.046 seconds
[2024-06-10 22:43:41,460] {processor.py:153} INFO - Started process (PID=20144) to work on /opt/airflow/dags/2-pythonoperator.py
[2024-06-10 22:43:41,461] {processor.py:641} INFO - Processing file /opt/airflow/dags/2-pythonoperator.py for tasks to queue
[2024-06-10 22:43:41,461] {logging_mixin.py:115} INFO - [2024-06-10 22:43:41,461] {dagbag.py:508} INFO - Filling up the DagBag from /opt/airflow/dags/2-pythonoperator.py
[2024-06-10 22:43:41,466] {processor.py:651} INFO - DAG(s) dict_keys(['python_operator']) retrieved from /opt/airflow/dags/2-pythonoperator.py
[2024-06-10 22:43:41,482] {logging_mixin.py:115} INFO - [2024-06-10 22:43:41,482] {dag.py:2420} INFO - Sync 1 DAGs
[2024-06-10 22:43:41,495] {logging_mixin.py:115} INFO - [2024-06-10 22:43:41,495] {dag.py:2972} INFO - Setting next_dagrun for python_operator to None, run_after=None
[2024-06-10 22:43:41,503] {processor.py:161} INFO - Processing /opt/airflow/dags/2-pythonoperator.py took 0.045 seconds
[2024-06-10 22:44:11,808] {processor.py:153} INFO - Started process (PID=20178) to work on /opt/airflow/dags/2-pythonoperator.py
[2024-06-10 22:44:11,809] {processor.py:641} INFO - Processing file /opt/airflow/dags/2-pythonoperator.py for tasks to queue
[2024-06-10 22:44:11,809] {logging_mixin.py:115} INFO - [2024-06-10 22:44:11,809] {dagbag.py:508} INFO - Filling up the DagBag from /opt/airflow/dags/2-pythonoperator.py
[2024-06-10 22:44:11,814] {processor.py:651} INFO - DAG(s) dict_keys(['python_operator']) retrieved from /opt/airflow/dags/2-pythonoperator.py
[2024-06-10 22:44:11,831] {logging_mixin.py:115} INFO - [2024-06-10 22:44:11,831] {dag.py:2420} INFO - Sync 1 DAGs
[2024-06-10 22:44:11,844] {logging_mixin.py:115} INFO - [2024-06-10 22:44:11,844] {dag.py:2972} INFO - Setting next_dagrun for python_operator to None, run_after=None
[2024-06-10 22:44:11,853] {processor.py:161} INFO - Processing /opt/airflow/dags/2-pythonoperator.py took 0.046 seconds
[2024-06-10 22:44:42,162] {processor.py:153} INFO - Started process (PID=20212) to work on /opt/airflow/dags/2-pythonoperator.py
[2024-06-10 22:44:42,162] {processor.py:641} INFO - Processing file /opt/airflow/dags/2-pythonoperator.py for tasks to queue
[2024-06-10 22:44:42,162] {logging_mixin.py:115} INFO - [2024-06-10 22:44:42,162] {dagbag.py:508} INFO - Filling up the DagBag from /opt/airflow/dags/2-pythonoperator.py
[2024-06-10 22:44:42,167] {processor.py:651} INFO - DAG(s) dict_keys(['python_operator']) retrieved from /opt/airflow/dags/2-pythonoperator.py
[2024-06-10 22:44:42,183] {logging_mixin.py:115} INFO - [2024-06-10 22:44:42,183] {dag.py:2420} INFO - Sync 1 DAGs
[2024-06-10 22:44:42,197] {logging_mixin.py:115} INFO - [2024-06-10 22:44:42,197] {dag.py:2972} INFO - Setting next_dagrun for python_operator to None, run_after=None
[2024-06-10 22:44:42,205] {processor.py:161} INFO - Processing /opt/airflow/dags/2-pythonoperator.py took 0.046 seconds
[2024-06-10 22:45:12,515] {processor.py:153} INFO - Started process (PID=20237) to work on /opt/airflow/dags/2-pythonoperator.py
[2024-06-10 22:45:12,515] {processor.py:641} INFO - Processing file /opt/airflow/dags/2-pythonoperator.py for tasks to queue
[2024-06-10 22:45:12,516] {logging_mixin.py:115} INFO - [2024-06-10 22:45:12,516] {dagbag.py:508} INFO - Filling up the DagBag from /opt/airflow/dags/2-pythonoperator.py
[2024-06-10 22:45:12,522] {processor.py:651} INFO - DAG(s) dict_keys(['python_operator']) retrieved from /opt/airflow/dags/2-pythonoperator.py
[2024-06-10 22:45:12,539] {logging_mixin.py:115} INFO - [2024-06-10 22:45:12,539] {dag.py:2420} INFO - Sync 1 DAGs
[2024-06-10 22:45:12,553] {logging_mixin.py:115} INFO - [2024-06-10 22:45:12,552] {dag.py:2972} INFO - Setting next_dagrun for python_operator to None, run_after=None
[2024-06-10 22:45:12,560] {processor.py:161} INFO - Processing /opt/airflow/dags/2-pythonoperator.py took 0.047 seconds
[2024-06-10 22:45:42,910] {processor.py:153} INFO - Started process (PID=20272) to work on /opt/airflow/dags/2-pythonoperator.py
[2024-06-10 22:45:42,910] {processor.py:641} INFO - Processing file /opt/airflow/dags/2-pythonoperator.py for tasks to queue
[2024-06-10 22:45:42,911] {logging_mixin.py:115} INFO - [2024-06-10 22:45:42,911] {dagbag.py:508} INFO - Filling up the DagBag from /opt/airflow/dags/2-pythonoperator.py
[2024-06-10 22:45:42,915] {processor.py:651} INFO - DAG(s) dict_keys(['python_operator']) retrieved from /opt/airflow/dags/2-pythonoperator.py
[2024-06-10 22:45:42,932] {logging_mixin.py:115} INFO - [2024-06-10 22:45:42,932] {dag.py:2420} INFO - Sync 1 DAGs
[2024-06-10 22:45:42,947] {logging_mixin.py:115} INFO - [2024-06-10 22:45:42,947] {dag.py:2972} INFO - Setting next_dagrun for python_operator to None, run_after=None
[2024-06-10 22:45:42,954] {processor.py:161} INFO - Processing /opt/airflow/dags/2-pythonoperator.py took 0.046 seconds
[2024-06-10 22:46:13,280] {processor.py:153} INFO - Started process (PID=20307) to work on /opt/airflow/dags/2-pythonoperator.py
[2024-06-10 22:46:13,280] {processor.py:641} INFO - Processing file /opt/airflow/dags/2-pythonoperator.py for tasks to queue
[2024-06-10 22:46:13,281] {logging_mixin.py:115} INFO - [2024-06-10 22:46:13,281] {dagbag.py:508} INFO - Filling up the DagBag from /opt/airflow/dags/2-pythonoperator.py
[2024-06-10 22:46:13,285] {processor.py:651} INFO - DAG(s) dict_keys(['python_operator']) retrieved from /opt/airflow/dags/2-pythonoperator.py
[2024-06-10 22:46:13,302] {logging_mixin.py:115} INFO - [2024-06-10 22:46:13,302] {dag.py:2420} INFO - Sync 1 DAGs
[2024-06-10 22:46:13,315] {logging_mixin.py:115} INFO - [2024-06-10 22:46:13,315] {dag.py:2972} INFO - Setting next_dagrun for python_operator to None, run_after=None
[2024-06-10 22:46:13,324] {processor.py:161} INFO - Processing /opt/airflow/dags/2-pythonoperator.py took 0.046 seconds
[2024-06-10 22:46:43,678] {processor.py:153} INFO - Started process (PID=20342) to work on /opt/airflow/dags/2-pythonoperator.py
[2024-06-10 22:46:43,679] {processor.py:641} INFO - Processing file /opt/airflow/dags/2-pythonoperator.py for tasks to queue
[2024-06-10 22:46:43,679] {logging_mixin.py:115} INFO - [2024-06-10 22:46:43,679] {dagbag.py:508} INFO - Filling up the DagBag from /opt/airflow/dags/2-pythonoperator.py
[2024-06-10 22:46:43,684] {processor.py:651} INFO - DAG(s) dict_keys(['python_operator']) retrieved from /opt/airflow/dags/2-pythonoperator.py
[2024-06-10 22:46:43,700] {logging_mixin.py:115} INFO - [2024-06-10 22:46:43,700] {dag.py:2420} INFO - Sync 1 DAGs
[2024-06-10 22:46:43,715] {logging_mixin.py:115} INFO - [2024-06-10 22:46:43,715] {dag.py:2972} INFO - Setting next_dagrun for python_operator to None, run_after=None
[2024-06-10 22:46:43,724] {processor.py:161} INFO - Processing /opt/airflow/dags/2-pythonoperator.py took 0.048 seconds
[2024-06-10 22:47:13,986] {processor.py:153} INFO - Started process (PID=20376) to work on /opt/airflow/dags/2-pythonoperator.py
[2024-06-10 22:47:13,986] {processor.py:641} INFO - Processing file /opt/airflow/dags/2-pythonoperator.py for tasks to queue
[2024-06-10 22:47:13,987] {logging_mixin.py:115} INFO - [2024-06-10 22:47:13,987] {dagbag.py:508} INFO - Filling up the DagBag from /opt/airflow/dags/2-pythonoperator.py
[2024-06-10 22:47:13,991] {processor.py:651} INFO - DAG(s) dict_keys(['python_operator']) retrieved from /opt/airflow/dags/2-pythonoperator.py
[2024-06-10 22:47:14,006] {logging_mixin.py:115} INFO - [2024-06-10 22:47:14,006] {dag.py:2420} INFO - Sync 1 DAGs
[2024-06-10 22:47:14,021] {logging_mixin.py:115} INFO - [2024-06-10 22:47:14,020] {dag.py:2972} INFO - Setting next_dagrun for python_operator to None, run_after=None
[2024-06-10 22:47:14,028] {processor.py:161} INFO - Processing /opt/airflow/dags/2-pythonoperator.py took 0.045 seconds
[2024-06-10 22:47:44,342] {processor.py:153} INFO - Started process (PID=20402) to work on /opt/airflow/dags/2-pythonoperator.py
[2024-06-10 22:47:44,342] {processor.py:641} INFO - Processing file /opt/airflow/dags/2-pythonoperator.py for tasks to queue
[2024-06-10 22:47:44,343] {logging_mixin.py:115} INFO - [2024-06-10 22:47:44,342] {dagbag.py:508} INFO - Filling up the DagBag from /opt/airflow/dags/2-pythonoperator.py
[2024-06-10 22:47:44,348] {processor.py:651} INFO - DAG(s) dict_keys(['python_operator']) retrieved from /opt/airflow/dags/2-pythonoperator.py
[2024-06-10 22:47:44,365] {logging_mixin.py:115} INFO - [2024-06-10 22:47:44,365] {dag.py:2420} INFO - Sync 1 DAGs
[2024-06-10 22:47:44,381] {logging_mixin.py:115} INFO - [2024-06-10 22:47:44,380] {dag.py:2972} INFO - Setting next_dagrun for python_operator to None, run_after=None
[2024-06-10 22:47:44,388] {processor.py:161} INFO - Processing /opt/airflow/dags/2-pythonoperator.py took 0.049 seconds
[2024-06-10 22:48:14,689] {processor.py:153} INFO - Started process (PID=20437) to work on /opt/airflow/dags/2-pythonoperator.py
[2024-06-10 22:48:14,689] {processor.py:641} INFO - Processing file /opt/airflow/dags/2-pythonoperator.py for tasks to queue
[2024-06-10 22:48:14,689] {logging_mixin.py:115} INFO - [2024-06-10 22:48:14,689] {dagbag.py:508} INFO - Filling up the DagBag from /opt/airflow/dags/2-pythonoperator.py
[2024-06-10 22:48:14,694] {processor.py:651} INFO - DAG(s) dict_keys(['python_operator']) retrieved from /opt/airflow/dags/2-pythonoperator.py
[2024-06-10 22:48:14,711] {logging_mixin.py:115} INFO - [2024-06-10 22:48:14,711] {dag.py:2420} INFO - Sync 1 DAGs
[2024-06-10 22:48:14,726] {logging_mixin.py:115} INFO - [2024-06-10 22:48:14,726] {dag.py:2972} INFO - Setting next_dagrun for python_operator to None, run_after=None
[2024-06-10 22:48:14,734] {processor.py:161} INFO - Processing /opt/airflow/dags/2-pythonoperator.py took 0.047 seconds
[2024-06-10 22:48:45,039] {processor.py:153} INFO - Started process (PID=20471) to work on /opt/airflow/dags/2-pythonoperator.py
[2024-06-10 22:48:45,039] {processor.py:641} INFO - Processing file /opt/airflow/dags/2-pythonoperator.py for tasks to queue
[2024-06-10 22:48:45,040] {logging_mixin.py:115} INFO - [2024-06-10 22:48:45,040] {dagbag.py:508} INFO - Filling up the DagBag from /opt/airflow/dags/2-pythonoperator.py
[2024-06-10 22:48:45,044] {processor.py:651} INFO - DAG(s) dict_keys(['python_operator']) retrieved from /opt/airflow/dags/2-pythonoperator.py
[2024-06-10 22:48:45,059] {logging_mixin.py:115} INFO - [2024-06-10 22:48:45,059] {dag.py:2420} INFO - Sync 1 DAGs
[2024-06-10 22:48:45,072] {logging_mixin.py:115} INFO - [2024-06-10 22:48:45,072] {dag.py:2972} INFO - Setting next_dagrun for python_operator to None, run_after=None
[2024-06-10 22:48:45,079] {processor.py:161} INFO - Processing /opt/airflow/dags/2-pythonoperator.py took 0.042 seconds
[2024-06-10 22:49:15,386] {processor.py:153} INFO - Started process (PID=20506) to work on /opt/airflow/dags/2-pythonoperator.py
[2024-06-10 22:49:15,387] {processor.py:641} INFO - Processing file /opt/airflow/dags/2-pythonoperator.py for tasks to queue
[2024-06-10 22:49:15,387] {logging_mixin.py:115} INFO - [2024-06-10 22:49:15,387] {dagbag.py:508} INFO - Filling up the DagBag from /opt/airflow/dags/2-pythonoperator.py
[2024-06-10 22:49:15,392] {processor.py:651} INFO - DAG(s) dict_keys(['python_operator']) retrieved from /opt/airflow/dags/2-pythonoperator.py
[2024-06-10 22:49:15,408] {logging_mixin.py:115} INFO - [2024-06-10 22:49:15,408] {dag.py:2420} INFO - Sync 1 DAGs
[2024-06-10 22:49:15,421] {logging_mixin.py:115} INFO - [2024-06-10 22:49:15,421] {dag.py:2972} INFO - Setting next_dagrun for python_operator to None, run_after=None
[2024-06-10 22:49:15,429] {processor.py:161} INFO - Processing /opt/airflow/dags/2-pythonoperator.py took 0.045 seconds
[2024-06-10 22:49:45,692] {processor.py:153} INFO - Started process (PID=20540) to work on /opt/airflow/dags/2-pythonoperator.py
[2024-06-10 22:49:45,693] {processor.py:641} INFO - Processing file /opt/airflow/dags/2-pythonoperator.py for tasks to queue
[2024-06-10 22:49:45,694] {logging_mixin.py:115} INFO - [2024-06-10 22:49:45,694] {dagbag.py:508} INFO - Filling up the DagBag from /opt/airflow/dags/2-pythonoperator.py
[2024-06-10 22:49:45,699] {processor.py:651} INFO - DAG(s) dict_keys(['python_operator']) retrieved from /opt/airflow/dags/2-pythonoperator.py
[2024-06-10 22:49:45,719] {logging_mixin.py:115} INFO - [2024-06-10 22:49:45,718] {dag.py:2420} INFO - Sync 1 DAGs
[2024-06-10 22:49:45,734] {logging_mixin.py:115} INFO - [2024-06-10 22:49:45,734] {dag.py:2972} INFO - Setting next_dagrun for python_operator to None, run_after=None
[2024-06-10 22:49:45,742] {processor.py:161} INFO - Processing /opt/airflow/dags/2-pythonoperator.py took 0.053 seconds
[2024-06-10 22:50:16,117] {processor.py:153} INFO - Started process (PID=20575) to work on /opt/airflow/dags/2-pythonoperator.py
[2024-06-10 22:50:16,119] {processor.py:641} INFO - Processing file /opt/airflow/dags/2-pythonoperator.py for tasks to queue
[2024-06-10 22:50:16,119] {logging_mixin.py:115} INFO - [2024-06-10 22:50:16,119] {dagbag.py:508} INFO - Filling up the DagBag from /opt/airflow/dags/2-pythonoperator.py
[2024-06-10 22:50:16,124] {processor.py:651} INFO - DAG(s) dict_keys(['python_operator']) retrieved from /opt/airflow/dags/2-pythonoperator.py
[2024-06-10 22:50:16,142] {logging_mixin.py:115} INFO - [2024-06-10 22:50:16,142] {dag.py:2420} INFO - Sync 1 DAGs
[2024-06-10 22:50:16,157] {logging_mixin.py:115} INFO - [2024-06-10 22:50:16,157] {dag.py:2972} INFO - Setting next_dagrun for python_operator to None, run_after=None
[2024-06-10 22:50:16,164] {processor.py:161} INFO - Processing /opt/airflow/dags/2-pythonoperator.py took 0.050 seconds
[2024-06-10 22:50:46,485] {processor.py:153} INFO - Started process (PID=20600) to work on /opt/airflow/dags/2-pythonoperator.py
[2024-06-10 22:50:46,485] {processor.py:641} INFO - Processing file /opt/airflow/dags/2-pythonoperator.py for tasks to queue
[2024-06-10 22:50:46,486] {logging_mixin.py:115} INFO - [2024-06-10 22:50:46,486] {dagbag.py:508} INFO - Filling up the DagBag from /opt/airflow/dags/2-pythonoperator.py
[2024-06-10 22:50:46,490] {processor.py:651} INFO - DAG(s) dict_keys(['python_operator']) retrieved from /opt/airflow/dags/2-pythonoperator.py
[2024-06-10 22:50:46,505] {logging_mixin.py:115} INFO - [2024-06-10 22:50:46,505] {dag.py:2420} INFO - Sync 1 DAGs
[2024-06-10 22:50:46,518] {logging_mixin.py:115} INFO - [2024-06-10 22:50:46,518] {dag.py:2972} INFO - Setting next_dagrun for python_operator to None, run_after=None
[2024-06-10 22:50:46,525] {processor.py:161} INFO - Processing /opt/airflow/dags/2-pythonoperator.py took 0.042 seconds
[2024-06-10 22:51:16,833] {processor.py:153} INFO - Started process (PID=20635) to work on /opt/airflow/dags/2-pythonoperator.py
[2024-06-10 22:51:16,834] {processor.py:641} INFO - Processing file /opt/airflow/dags/2-pythonoperator.py for tasks to queue
[2024-06-10 22:51:16,834] {logging_mixin.py:115} INFO - [2024-06-10 22:51:16,834] {dagbag.py:508} INFO - Filling up the DagBag from /opt/airflow/dags/2-pythonoperator.py
[2024-06-10 22:51:16,839] {processor.py:651} INFO - DAG(s) dict_keys(['python_operator']) retrieved from /opt/airflow/dags/2-pythonoperator.py
[2024-06-10 22:51:16,854] {logging_mixin.py:115} INFO - [2024-06-10 22:51:16,854] {dag.py:2420} INFO - Sync 1 DAGs
[2024-06-10 22:51:16,870] {logging_mixin.py:115} INFO - [2024-06-10 22:51:16,870] {dag.py:2972} INFO - Setting next_dagrun for python_operator to None, run_after=None
[2024-06-10 22:51:16,878] {processor.py:161} INFO - Processing /opt/airflow/dags/2-pythonoperator.py took 0.046 seconds
[2024-06-10 22:51:47,191] {processor.py:153} INFO - Started process (PID=20670) to work on /opt/airflow/dags/2-pythonoperator.py
[2024-06-10 22:51:47,191] {processor.py:641} INFO - Processing file /opt/airflow/dags/2-pythonoperator.py for tasks to queue
[2024-06-10 22:51:47,192] {logging_mixin.py:115} INFO - [2024-06-10 22:51:47,192] {dagbag.py:508} INFO - Filling up the DagBag from /opt/airflow/dags/2-pythonoperator.py
[2024-06-10 22:51:47,196] {processor.py:651} INFO - DAG(s) dict_keys(['python_operator']) retrieved from /opt/airflow/dags/2-pythonoperator.py
[2024-06-10 22:51:47,211] {logging_mixin.py:115} INFO - [2024-06-10 22:51:47,211] {dag.py:2420} INFO - Sync 1 DAGs
[2024-06-10 22:51:47,225] {logging_mixin.py:115} INFO - [2024-06-10 22:51:47,225] {dag.py:2972} INFO - Setting next_dagrun for python_operator to None, run_after=None
[2024-06-10 22:51:47,234] {processor.py:161} INFO - Processing /opt/airflow/dags/2-pythonoperator.py took 0.045 seconds
[2024-06-10 22:52:17,593] {processor.py:153} INFO - Started process (PID=20705) to work on /opt/airflow/dags/2-pythonoperator.py
[2024-06-10 22:52:17,594] {processor.py:641} INFO - Processing file /opt/airflow/dags/2-pythonoperator.py for tasks to queue
[2024-06-10 22:52:17,594] {logging_mixin.py:115} INFO - [2024-06-10 22:52:17,594] {dagbag.py:508} INFO - Filling up the DagBag from /opt/airflow/dags/2-pythonoperator.py
[2024-06-10 22:52:17,599] {processor.py:651} INFO - DAG(s) dict_keys(['python_operator']) retrieved from /opt/airflow/dags/2-pythonoperator.py
[2024-06-10 22:52:17,615] {logging_mixin.py:115} INFO - [2024-06-10 22:52:17,615] {dag.py:2420} INFO - Sync 1 DAGs
[2024-06-10 22:52:17,629] {logging_mixin.py:115} INFO - [2024-06-10 22:52:17,629] {dag.py:2972} INFO - Setting next_dagrun for python_operator to None, run_after=None
[2024-06-10 22:52:17,637] {processor.py:161} INFO - Processing /opt/airflow/dags/2-pythonoperator.py took 0.046 seconds
[2024-06-10 22:52:47,982] {processor.py:153} INFO - Started process (PID=20740) to work on /opt/airflow/dags/2-pythonoperator.py
[2024-06-10 22:52:47,982] {processor.py:641} INFO - Processing file /opt/airflow/dags/2-pythonoperator.py for tasks to queue
[2024-06-10 22:52:47,983] {logging_mixin.py:115} INFO - [2024-06-10 22:52:47,983] {dagbag.py:508} INFO - Filling up the DagBag from /opt/airflow/dags/2-pythonoperator.py
[2024-06-10 22:52:47,988] {processor.py:651} INFO - DAG(s) dict_keys(['python_operator']) retrieved from /opt/airflow/dags/2-pythonoperator.py
[2024-06-10 22:52:48,004] {logging_mixin.py:115} INFO - [2024-06-10 22:52:48,004] {dag.py:2420} INFO - Sync 1 DAGs
[2024-06-10 22:52:48,019] {logging_mixin.py:115} INFO - [2024-06-10 22:52:48,019] {dag.py:2972} INFO - Setting next_dagrun for python_operator to None, run_after=None
[2024-06-10 22:52:48,027] {processor.py:161} INFO - Processing /opt/airflow/dags/2-pythonoperator.py took 0.048 seconds
[2024-06-10 22:53:18,359] {processor.py:153} INFO - Started process (PID=20766) to work on /opt/airflow/dags/2-pythonoperator.py
[2024-06-10 22:53:18,360] {processor.py:641} INFO - Processing file /opt/airflow/dags/2-pythonoperator.py for tasks to queue
[2024-06-10 22:53:18,360] {logging_mixin.py:115} INFO - [2024-06-10 22:53:18,360] {dagbag.py:508} INFO - Filling up the DagBag from /opt/airflow/dags/2-pythonoperator.py
[2024-06-10 22:53:18,365] {processor.py:651} INFO - DAG(s) dict_keys(['python_operator']) retrieved from /opt/airflow/dags/2-pythonoperator.py
[2024-06-10 22:53:18,387] {logging_mixin.py:115} INFO - [2024-06-10 22:53:18,387] {dag.py:2420} INFO - Sync 1 DAGs
[2024-06-10 22:53:18,400] {logging_mixin.py:115} INFO - [2024-06-10 22:53:18,400] {dag.py:2972} INFO - Setting next_dagrun for python_operator to None, run_after=None
[2024-06-10 22:53:18,407] {processor.py:161} INFO - Processing /opt/airflow/dags/2-pythonoperator.py took 0.050 seconds
[2024-06-10 22:53:48,673] {processor.py:153} INFO - Started process (PID=20801) to work on /opt/airflow/dags/2-pythonoperator.py
[2024-06-10 22:53:48,673] {processor.py:641} INFO - Processing file /opt/airflow/dags/2-pythonoperator.py for tasks to queue
[2024-06-10 22:53:48,674] {logging_mixin.py:115} INFO - [2024-06-10 22:53:48,673] {dagbag.py:508} INFO - Filling up the DagBag from /opt/airflow/dags/2-pythonoperator.py
[2024-06-10 22:53:48,679] {processor.py:651} INFO - DAG(s) dict_keys(['python_operator']) retrieved from /opt/airflow/dags/2-pythonoperator.py
[2024-06-10 22:53:48,709] {logging_mixin.py:115} INFO - [2024-06-10 22:53:48,708] {dag.py:2420} INFO - Sync 1 DAGs
[2024-06-10 22:53:48,722] {logging_mixin.py:115} INFO - [2024-06-10 22:53:48,721] {dag.py:2972} INFO - Setting next_dagrun for python_operator to None, run_after=None
[2024-06-10 22:53:48,729] {processor.py:161} INFO - Processing /opt/airflow/dags/2-pythonoperator.py took 0.059 seconds
[2024-06-10 22:54:19,072] {processor.py:153} INFO - Started process (PID=20836) to work on /opt/airflow/dags/2-pythonoperator.py
[2024-06-10 22:54:19,072] {processor.py:641} INFO - Processing file /opt/airflow/dags/2-pythonoperator.py for tasks to queue
[2024-06-10 22:54:19,073] {logging_mixin.py:115} INFO - [2024-06-10 22:54:19,073] {dagbag.py:508} INFO - Filling up the DagBag from /opt/airflow/dags/2-pythonoperator.py
[2024-06-10 22:54:19,078] {processor.py:651} INFO - DAG(s) dict_keys(['python_operator']) retrieved from /opt/airflow/dags/2-pythonoperator.py
[2024-06-10 22:54:19,093] {logging_mixin.py:115} INFO - [2024-06-10 22:54:19,093] {dag.py:2420} INFO - Sync 1 DAGs
[2024-06-10 22:54:19,106] {logging_mixin.py:115} INFO - [2024-06-10 22:54:19,106] {dag.py:2972} INFO - Setting next_dagrun for python_operator to None, run_after=None
[2024-06-10 22:54:19,114] {processor.py:161} INFO - Processing /opt/airflow/dags/2-pythonoperator.py took 0.044 seconds
[2024-06-10 22:54:49,416] {processor.py:153} INFO - Started process (PID=20871) to work on /opt/airflow/dags/2-pythonoperator.py
[2024-06-10 22:54:49,416] {processor.py:641} INFO - Processing file /opt/airflow/dags/2-pythonoperator.py for tasks to queue
[2024-06-10 22:54:49,417] {logging_mixin.py:115} INFO - [2024-06-10 22:54:49,417] {dagbag.py:508} INFO - Filling up the DagBag from /opt/airflow/dags/2-pythonoperator.py
[2024-06-10 22:54:49,422] {processor.py:651} INFO - DAG(s) dict_keys(['python_operator']) retrieved from /opt/airflow/dags/2-pythonoperator.py
[2024-06-10 22:54:49,437] {logging_mixin.py:115} INFO - [2024-06-10 22:54:49,437] {dag.py:2420} INFO - Sync 1 DAGs
[2024-06-10 22:54:49,450] {logging_mixin.py:115} INFO - [2024-06-10 22:54:49,450] {dag.py:2972} INFO - Setting next_dagrun for python_operator to None, run_after=None
[2024-06-10 22:54:49,457] {processor.py:161} INFO - Processing /opt/airflow/dags/2-pythonoperator.py took 0.043 seconds
[2024-06-10 22:55:19,769] {processor.py:153} INFO - Started process (PID=20906) to work on /opt/airflow/dags/2-pythonoperator.py
[2024-06-10 22:55:19,769] {processor.py:641} INFO - Processing file /opt/airflow/dags/2-pythonoperator.py for tasks to queue
[2024-06-10 22:55:19,770] {logging_mixin.py:115} INFO - [2024-06-10 22:55:19,770] {dagbag.py:508} INFO - Filling up the DagBag from /opt/airflow/dags/2-pythonoperator.py
[2024-06-10 22:55:19,774] {processor.py:651} INFO - DAG(s) dict_keys(['python_operator']) retrieved from /opt/airflow/dags/2-pythonoperator.py
[2024-06-10 22:55:19,789] {logging_mixin.py:115} INFO - [2024-06-10 22:55:19,789] {dag.py:2420} INFO - Sync 1 DAGs
[2024-06-10 22:55:19,803] {logging_mixin.py:115} INFO - [2024-06-10 22:55:19,803] {dag.py:2972} INFO - Setting next_dagrun for python_operator to None, run_after=None
[2024-06-10 22:55:19,811] {processor.py:161} INFO - Processing /opt/airflow/dags/2-pythonoperator.py took 0.044 seconds
[2024-06-10 22:55:50,169] {processor.py:153} INFO - Started process (PID=20932) to work on /opt/airflow/dags/2-pythonoperator.py
[2024-06-10 22:55:50,169] {processor.py:641} INFO - Processing file /opt/airflow/dags/2-pythonoperator.py for tasks to queue
[2024-06-10 22:55:50,169] {logging_mixin.py:115} INFO - [2024-06-10 22:55:50,169] {dagbag.py:508} INFO - Filling up the DagBag from /opt/airflow/dags/2-pythonoperator.py
[2024-06-10 22:55:50,174] {processor.py:651} INFO - DAG(s) dict_keys(['python_operator']) retrieved from /opt/airflow/dags/2-pythonoperator.py
[2024-06-10 22:55:50,194] {logging_mixin.py:115} INFO - [2024-06-10 22:55:50,194] {dag.py:2420} INFO - Sync 1 DAGs
[2024-06-10 22:55:50,208] {logging_mixin.py:115} INFO - [2024-06-10 22:55:50,208] {dag.py:2972} INFO - Setting next_dagrun for python_operator to None, run_after=None
[2024-06-10 22:55:50,216] {processor.py:161} INFO - Processing /opt/airflow/dags/2-pythonoperator.py took 0.049 seconds
[2024-06-10 22:56:20,555] {processor.py:153} INFO - Started process (PID=20967) to work on /opt/airflow/dags/2-pythonoperator.py
[2024-06-10 22:56:20,556] {processor.py:641} INFO - Processing file /opt/airflow/dags/2-pythonoperator.py for tasks to queue
[2024-06-10 22:56:20,556] {logging_mixin.py:115} INFO - [2024-06-10 22:56:20,556] {dagbag.py:508} INFO - Filling up the DagBag from /opt/airflow/dags/2-pythonoperator.py
[2024-06-10 22:56:20,561] {processor.py:651} INFO - DAG(s) dict_keys(['python_operator']) retrieved from /opt/airflow/dags/2-pythonoperator.py
[2024-06-10 22:56:20,576] {logging_mixin.py:115} INFO - [2024-06-10 22:56:20,576] {dag.py:2420} INFO - Sync 1 DAGs
[2024-06-10 22:56:20,589] {logging_mixin.py:115} INFO - [2024-06-10 22:56:20,589] {dag.py:2972} INFO - Setting next_dagrun for python_operator to None, run_after=None
[2024-06-10 22:56:20,596] {processor.py:161} INFO - Processing /opt/airflow/dags/2-pythonoperator.py took 0.043 seconds
[2024-06-10 22:56:50,891] {processor.py:153} INFO - Started process (PID=21002) to work on /opt/airflow/dags/2-pythonoperator.py
[2024-06-10 22:56:50,892] {processor.py:641} INFO - Processing file /opt/airflow/dags/2-pythonoperator.py for tasks to queue
[2024-06-10 22:56:50,892] {logging_mixin.py:115} INFO - [2024-06-10 22:56:50,892] {dagbag.py:508} INFO - Filling up the DagBag from /opt/airflow/dags/2-pythonoperator.py
[2024-06-10 22:56:50,898] {processor.py:651} INFO - DAG(s) dict_keys(['python_operator']) retrieved from /opt/airflow/dags/2-pythonoperator.py
[2024-06-10 22:56:50,915] {logging_mixin.py:115} INFO - [2024-06-10 22:56:50,915] {dag.py:2420} INFO - Sync 1 DAGs
[2024-06-10 22:56:50,930] {logging_mixin.py:115} INFO - [2024-06-10 22:56:50,929] {dag.py:2972} INFO - Setting next_dagrun for python_operator to None, run_after=None
[2024-06-10 22:56:50,937] {processor.py:161} INFO - Processing /opt/airflow/dags/2-pythonoperator.py took 0.048 seconds
[2024-06-10 22:57:21,256] {processor.py:153} INFO - Started process (PID=21037) to work on /opt/airflow/dags/2-pythonoperator.py
[2024-06-10 22:57:21,257] {processor.py:641} INFO - Processing file /opt/airflow/dags/2-pythonoperator.py for tasks to queue
[2024-06-10 22:57:21,257] {logging_mixin.py:115} INFO - [2024-06-10 22:57:21,257] {dagbag.py:508} INFO - Filling up the DagBag from /opt/airflow/dags/2-pythonoperator.py
[2024-06-10 22:57:21,262] {processor.py:651} INFO - DAG(s) dict_keys(['python_operator']) retrieved from /opt/airflow/dags/2-pythonoperator.py
[2024-06-10 22:57:21,280] {logging_mixin.py:115} INFO - [2024-06-10 22:57:21,279] {dag.py:2420} INFO - Sync 1 DAGs
[2024-06-10 22:57:21,294] {logging_mixin.py:115} INFO - [2024-06-10 22:57:21,294] {dag.py:2972} INFO - Setting next_dagrun for python_operator to None, run_after=None
[2024-06-10 22:57:21,303] {processor.py:161} INFO - Processing /opt/airflow/dags/2-pythonoperator.py took 0.048 seconds
[2024-06-10 22:57:51,611] {processor.py:153} INFO - Started process (PID=21072) to work on /opt/airflow/dags/2-pythonoperator.py
[2024-06-10 22:57:51,612] {processor.py:641} INFO - Processing file /opt/airflow/dags/2-pythonoperator.py for tasks to queue
[2024-06-10 22:57:51,612] {logging_mixin.py:115} INFO - [2024-06-10 22:57:51,612] {dagbag.py:508} INFO - Filling up the DagBag from /opt/airflow/dags/2-pythonoperator.py
[2024-06-10 22:57:51,617] {processor.py:651} INFO - DAG(s) dict_keys(['python_operator']) retrieved from /opt/airflow/dags/2-pythonoperator.py
[2024-06-10 22:57:51,634] {logging_mixin.py:115} INFO - [2024-06-10 22:57:51,634] {dag.py:2420} INFO - Sync 1 DAGs
[2024-06-10 22:57:51,647] {logging_mixin.py:115} INFO - [2024-06-10 22:57:51,647] {dag.py:2972} INFO - Setting next_dagrun for python_operator to None, run_after=None
[2024-06-10 22:57:51,654] {processor.py:161} INFO - Processing /opt/airflow/dags/2-pythonoperator.py took 0.044 seconds
[2024-06-10 22:58:22,068] {processor.py:153} INFO - Started process (PID=21107) to work on /opt/airflow/dags/2-pythonoperator.py
[2024-06-10 22:58:22,069] {processor.py:641} INFO - Processing file /opt/airflow/dags/2-pythonoperator.py for tasks to queue
[2024-06-10 22:58:22,069] {logging_mixin.py:115} INFO - [2024-06-10 22:58:22,069] {dagbag.py:508} INFO - Filling up the DagBag from /opt/airflow/dags/2-pythonoperator.py
[2024-06-10 22:58:22,074] {processor.py:651} INFO - DAG(s) dict_keys(['python_operator']) retrieved from /opt/airflow/dags/2-pythonoperator.py
[2024-06-10 22:58:22,094] {logging_mixin.py:115} INFO - [2024-06-10 22:58:22,094] {dag.py:2420} INFO - Sync 1 DAGs
[2024-06-10 22:58:22,108] {logging_mixin.py:115} INFO - [2024-06-10 22:58:22,108] {dag.py:2972} INFO - Setting next_dagrun for python_operator to None, run_after=None
[2024-06-10 22:58:22,133] {processor.py:161} INFO - Processing /opt/airflow/dags/2-pythonoperator.py took 0.067 seconds
[2024-06-10 22:58:52,438] {processor.py:153} INFO - Started process (PID=21133) to work on /opt/airflow/dags/2-pythonoperator.py
[2024-06-10 22:58:52,438] {processor.py:641} INFO - Processing file /opt/airflow/dags/2-pythonoperator.py for tasks to queue
[2024-06-10 22:58:52,439] {logging_mixin.py:115} INFO - [2024-06-10 22:58:52,439] {dagbag.py:508} INFO - Filling up the DagBag from /opt/airflow/dags/2-pythonoperator.py
[2024-06-10 22:58:52,443] {processor.py:651} INFO - DAG(s) dict_keys(['python_operator']) retrieved from /opt/airflow/dags/2-pythonoperator.py
[2024-06-10 22:58:52,460] {logging_mixin.py:115} INFO - [2024-06-10 22:58:52,460] {dag.py:2420} INFO - Sync 1 DAGs
[2024-06-10 22:58:52,475] {logging_mixin.py:115} INFO - [2024-06-10 22:58:52,475] {dag.py:2972} INFO - Setting next_dagrun for python_operator to None, run_after=None
[2024-06-10 22:58:52,484] {processor.py:161} INFO - Processing /opt/airflow/dags/2-pythonoperator.py took 0.049 seconds
[2024-06-10 22:59:22,783] {processor.py:153} INFO - Started process (PID=21168) to work on /opt/airflow/dags/2-pythonoperator.py
[2024-06-10 22:59:22,784] {processor.py:641} INFO - Processing file /opt/airflow/dags/2-pythonoperator.py for tasks to queue
[2024-06-10 22:59:22,784] {logging_mixin.py:115} INFO - [2024-06-10 22:59:22,784] {dagbag.py:508} INFO - Filling up the DagBag from /opt/airflow/dags/2-pythonoperator.py
[2024-06-10 22:59:22,789] {processor.py:651} INFO - DAG(s) dict_keys(['python_operator']) retrieved from /opt/airflow/dags/2-pythonoperator.py
[2024-06-10 22:59:22,805] {logging_mixin.py:115} INFO - [2024-06-10 22:59:22,804] {dag.py:2420} INFO - Sync 1 DAGs
[2024-06-10 22:59:22,820] {logging_mixin.py:115} INFO - [2024-06-10 22:59:22,820] {dag.py:2972} INFO - Setting next_dagrun for python_operator to None, run_after=None
[2024-06-10 22:59:22,828] {processor.py:161} INFO - Processing /opt/airflow/dags/2-pythonoperator.py took 0.047 seconds
[2024-06-10 22:59:53,132] {processor.py:153} INFO - Started process (PID=21203) to work on /opt/airflow/dags/2-pythonoperator.py
[2024-06-10 22:59:53,132] {processor.py:641} INFO - Processing file /opt/airflow/dags/2-pythonoperator.py for tasks to queue
[2024-06-10 22:59:53,133] {logging_mixin.py:115} INFO - [2024-06-10 22:59:53,133] {dagbag.py:508} INFO - Filling up the DagBag from /opt/airflow/dags/2-pythonoperator.py
[2024-06-10 22:59:53,137] {processor.py:651} INFO - DAG(s) dict_keys(['python_operator']) retrieved from /opt/airflow/dags/2-pythonoperator.py
[2024-06-10 22:59:53,158] {logging_mixin.py:115} INFO - [2024-06-10 22:59:53,158] {dag.py:2420} INFO - Sync 1 DAGs
[2024-06-10 22:59:53,174] {logging_mixin.py:115} INFO - [2024-06-10 22:59:53,174] {dag.py:2972} INFO - Setting next_dagrun for python_operator to None, run_after=None
[2024-06-10 22:59:53,182] {processor.py:161} INFO - Processing /opt/airflow/dags/2-pythonoperator.py took 0.052 seconds
[2024-06-10 23:00:23,486] {processor.py:153} INFO - Started process (PID=21238) to work on /opt/airflow/dags/2-pythonoperator.py
[2024-06-10 23:00:23,487] {processor.py:641} INFO - Processing file /opt/airflow/dags/2-pythonoperator.py for tasks to queue
[2024-06-10 23:00:23,487] {logging_mixin.py:115} INFO - [2024-06-10 23:00:23,487] {dagbag.py:508} INFO - Filling up the DagBag from /opt/airflow/dags/2-pythonoperator.py
[2024-06-10 23:00:23,492] {processor.py:651} INFO - DAG(s) dict_keys(['python_operator']) retrieved from /opt/airflow/dags/2-pythonoperator.py
[2024-06-10 23:00:23,506] {logging_mixin.py:115} INFO - [2024-06-10 23:00:23,506] {dag.py:2420} INFO - Sync 1 DAGs
[2024-06-10 23:00:23,519] {logging_mixin.py:115} INFO - [2024-06-10 23:00:23,519] {dag.py:2972} INFO - Setting next_dagrun for python_operator to None, run_after=None
[2024-06-10 23:00:23,526] {processor.py:161} INFO - Processing /opt/airflow/dags/2-pythonoperator.py took 0.042 seconds
[2024-06-10 23:00:53,853] {processor.py:153} INFO - Started process (PID=21273) to work on /opt/airflow/dags/2-pythonoperator.py
[2024-06-10 23:00:53,854] {processor.py:641} INFO - Processing file /opt/airflow/dags/2-pythonoperator.py for tasks to queue
[2024-06-10 23:00:53,854] {logging_mixin.py:115} INFO - [2024-06-10 23:00:53,854] {dagbag.py:508} INFO - Filling up the DagBag from /opt/airflow/dags/2-pythonoperator.py
[2024-06-10 23:00:53,859] {processor.py:651} INFO - DAG(s) dict_keys(['python_operator']) retrieved from /opt/airflow/dags/2-pythonoperator.py
[2024-06-10 23:00:53,875] {logging_mixin.py:115} INFO - [2024-06-10 23:00:53,874] {dag.py:2420} INFO - Sync 1 DAGs
[2024-06-10 23:00:53,888] {logging_mixin.py:115} INFO - [2024-06-10 23:00:53,888] {dag.py:2972} INFO - Setting next_dagrun for python_operator to None, run_after=None
[2024-06-10 23:00:53,897] {processor.py:161} INFO - Processing /opt/airflow/dags/2-pythonoperator.py took 0.047 seconds
[2024-06-10 23:01:24,190] {processor.py:153} INFO - Started process (PID=21299) to work on /opt/airflow/dags/2-pythonoperator.py
[2024-06-10 23:01:24,191] {processor.py:641} INFO - Processing file /opt/airflow/dags/2-pythonoperator.py for tasks to queue
[2024-06-10 23:01:24,191] {logging_mixin.py:115} INFO - [2024-06-10 23:01:24,191] {dagbag.py:508} INFO - Filling up the DagBag from /opt/airflow/dags/2-pythonoperator.py
[2024-06-10 23:01:24,196] {processor.py:651} INFO - DAG(s) dict_keys(['python_operator']) retrieved from /opt/airflow/dags/2-pythonoperator.py
[2024-06-10 23:01:24,213] {logging_mixin.py:115} INFO - [2024-06-10 23:01:24,213] {dag.py:2420} INFO - Sync 1 DAGs
[2024-06-10 23:01:24,226] {logging_mixin.py:115} INFO - [2024-06-10 23:01:24,226] {dag.py:2972} INFO - Setting next_dagrun for python_operator to None, run_after=None
[2024-06-10 23:01:24,234] {processor.py:161} INFO - Processing /opt/airflow/dags/2-pythonoperator.py took 0.046 seconds
[2024-06-10 23:01:54,539] {processor.py:153} INFO - Started process (PID=21333) to work on /opt/airflow/dags/2-pythonoperator.py
[2024-06-10 23:01:54,539] {processor.py:641} INFO - Processing file /opt/airflow/dags/2-pythonoperator.py for tasks to queue
[2024-06-10 23:01:54,540] {logging_mixin.py:115} INFO - [2024-06-10 23:01:54,540] {dagbag.py:508} INFO - Filling up the DagBag from /opt/airflow/dags/2-pythonoperator.py
[2024-06-10 23:01:54,544] {processor.py:651} INFO - DAG(s) dict_keys(['python_operator']) retrieved from /opt/airflow/dags/2-pythonoperator.py
[2024-06-10 23:01:54,559] {logging_mixin.py:115} INFO - [2024-06-10 23:01:54,559] {dag.py:2420} INFO - Sync 1 DAGs
[2024-06-10 23:01:54,572] {logging_mixin.py:115} INFO - [2024-06-10 23:01:54,572] {dag.py:2972} INFO - Setting next_dagrun for python_operator to None, run_after=None
[2024-06-10 23:01:54,579] {processor.py:161} INFO - Processing /opt/airflow/dags/2-pythonoperator.py took 0.042 seconds
[2024-06-10 23:02:24,877] {processor.py:153} INFO - Started process (PID=21368) to work on /opt/airflow/dags/2-pythonoperator.py
[2024-06-10 23:02:24,877] {processor.py:641} INFO - Processing file /opt/airflow/dags/2-pythonoperator.py for tasks to queue
[2024-06-10 23:02:24,878] {logging_mixin.py:115} INFO - [2024-06-10 23:02:24,878] {dagbag.py:508} INFO - Filling up the DagBag from /opt/airflow/dags/2-pythonoperator.py
[2024-06-10 23:02:24,883] {processor.py:651} INFO - DAG(s) dict_keys(['python_operator']) retrieved from /opt/airflow/dags/2-pythonoperator.py
[2024-06-10 23:02:24,900] {logging_mixin.py:115} INFO - [2024-06-10 23:02:24,900] {dag.py:2420} INFO - Sync 1 DAGs
[2024-06-10 23:02:24,913] {logging_mixin.py:115} INFO - [2024-06-10 23:02:24,913] {dag.py:2972} INFO - Setting next_dagrun for python_operator to None, run_after=None
[2024-06-10 23:02:24,921] {processor.py:161} INFO - Processing /opt/airflow/dags/2-pythonoperator.py took 0.047 seconds
[2024-06-10 23:02:55,306] {processor.py:153} INFO - Started process (PID=21402) to work on /opt/airflow/dags/2-pythonoperator.py
[2024-06-10 23:02:55,306] {processor.py:641} INFO - Processing file /opt/airflow/dags/2-pythonoperator.py for tasks to queue
[2024-06-10 23:02:55,306] {logging_mixin.py:115} INFO - [2024-06-10 23:02:55,306] {dagbag.py:508} INFO - Filling up the DagBag from /opt/airflow/dags/2-pythonoperator.py
[2024-06-10 23:02:55,312] {processor.py:651} INFO - DAG(s) dict_keys(['python_operator']) retrieved from /opt/airflow/dags/2-pythonoperator.py
[2024-06-10 23:02:55,330] {logging_mixin.py:115} INFO - [2024-06-10 23:02:55,329] {dag.py:2420} INFO - Sync 1 DAGs
[2024-06-10 23:02:55,343] {logging_mixin.py:115} INFO - [2024-06-10 23:02:55,343] {dag.py:2972} INFO - Setting next_dagrun for python_operator to None, run_after=None
[2024-06-10 23:02:55,351] {processor.py:161} INFO - Processing /opt/airflow/dags/2-pythonoperator.py took 0.047 seconds
[2024-06-10 23:03:25,671] {processor.py:153} INFO - Started process (PID=21437) to work on /opt/airflow/dags/2-pythonoperator.py
[2024-06-10 23:03:25,672] {processor.py:641} INFO - Processing file /opt/airflow/dags/2-pythonoperator.py for tasks to queue
[2024-06-10 23:03:25,672] {logging_mixin.py:115} INFO - [2024-06-10 23:03:25,672] {dagbag.py:508} INFO - Filling up the DagBag from /opt/airflow/dags/2-pythonoperator.py
[2024-06-10 23:03:25,677] {processor.py:651} INFO - DAG(s) dict_keys(['python_operator']) retrieved from /opt/airflow/dags/2-pythonoperator.py
[2024-06-10 23:03:25,694] {logging_mixin.py:115} INFO - [2024-06-10 23:03:25,694] {dag.py:2420} INFO - Sync 1 DAGs
[2024-06-10 23:03:25,709] {logging_mixin.py:115} INFO - [2024-06-10 23:03:25,709] {dag.py:2972} INFO - Setting next_dagrun for python_operator to None, run_after=None
[2024-06-10 23:03:25,717] {processor.py:161} INFO - Processing /opt/airflow/dags/2-pythonoperator.py took 0.048 seconds
[2024-06-10 23:03:56,048] {processor.py:153} INFO - Started process (PID=21463) to work on /opt/airflow/dags/2-pythonoperator.py
[2024-06-10 23:03:56,048] {processor.py:641} INFO - Processing file /opt/airflow/dags/2-pythonoperator.py for tasks to queue
[2024-06-10 23:03:56,049] {logging_mixin.py:115} INFO - [2024-06-10 23:03:56,049] {dagbag.py:508} INFO - Filling up the DagBag from /opt/airflow/dags/2-pythonoperator.py
[2024-06-10 23:03:56,054] {processor.py:651} INFO - DAG(s) dict_keys(['python_operator']) retrieved from /opt/airflow/dags/2-pythonoperator.py
[2024-06-10 23:03:56,072] {logging_mixin.py:115} INFO - [2024-06-10 23:03:56,072] {dag.py:2420} INFO - Sync 1 DAGs
[2024-06-10 23:03:56,086] {logging_mixin.py:115} INFO - [2024-06-10 23:03:56,086] {dag.py:2972} INFO - Setting next_dagrun for python_operator to None, run_after=None
[2024-06-10 23:03:56,096] {processor.py:161} INFO - Processing /opt/airflow/dags/2-pythonoperator.py took 0.050 seconds
[2024-06-10 23:04:26,448] {processor.py:153} INFO - Started process (PID=21498) to work on /opt/airflow/dags/2-pythonoperator.py
[2024-06-10 23:04:26,448] {processor.py:641} INFO - Processing file /opt/airflow/dags/2-pythonoperator.py for tasks to queue
[2024-06-10 23:04:26,449] {logging_mixin.py:115} INFO - [2024-06-10 23:04:26,449] {dagbag.py:508} INFO - Filling up the DagBag from /opt/airflow/dags/2-pythonoperator.py
[2024-06-10 23:04:26,455] {processor.py:651} INFO - DAG(s) dict_keys(['python_operator']) retrieved from /opt/airflow/dags/2-pythonoperator.py
[2024-06-10 23:04:26,472] {logging_mixin.py:115} INFO - [2024-06-10 23:04:26,472] {dag.py:2420} INFO - Sync 1 DAGs
[2024-06-10 23:04:26,491] {logging_mixin.py:115} INFO - [2024-06-10 23:04:26,491] {dag.py:2972} INFO - Setting next_dagrun for python_operator to None, run_after=None
[2024-06-10 23:04:26,503] {processor.py:161} INFO - Processing /opt/airflow/dags/2-pythonoperator.py took 0.058 seconds
[2024-06-10 23:04:56,866] {processor.py:153} INFO - Started process (PID=21533) to work on /opt/airflow/dags/2-pythonoperator.py
[2024-06-10 23:04:56,866] {processor.py:641} INFO - Processing file /opt/airflow/dags/2-pythonoperator.py for tasks to queue
[2024-06-10 23:04:56,867] {logging_mixin.py:115} INFO - [2024-06-10 23:04:56,867] {dagbag.py:508} INFO - Filling up the DagBag from /opt/airflow/dags/2-pythonoperator.py
[2024-06-10 23:04:56,875] {processor.py:651} INFO - DAG(s) dict_keys(['python_operator']) retrieved from /opt/airflow/dags/2-pythonoperator.py
[2024-06-10 23:04:56,891] {logging_mixin.py:115} INFO - [2024-06-10 23:04:56,891] {dag.py:2420} INFO - Sync 1 DAGs
[2024-06-10 23:04:56,905] {logging_mixin.py:115} INFO - [2024-06-10 23:04:56,905] {dag.py:2972} INFO - Setting next_dagrun for python_operator to None, run_after=None
[2024-06-10 23:04:56,912] {processor.py:161} INFO - Processing /opt/airflow/dags/2-pythonoperator.py took 0.049 seconds
[2024-06-10 23:05:27,280] {processor.py:153} INFO - Started process (PID=21568) to work on /opt/airflow/dags/2-pythonoperator.py
[2024-06-10 23:05:27,280] {processor.py:641} INFO - Processing file /opt/airflow/dags/2-pythonoperator.py for tasks to queue
[2024-06-10 23:05:27,281] {logging_mixin.py:115} INFO - [2024-06-10 23:05:27,281] {dagbag.py:508} INFO - Filling up the DagBag from /opt/airflow/dags/2-pythonoperator.py
[2024-06-10 23:05:27,286] {processor.py:651} INFO - DAG(s) dict_keys(['python_operator']) retrieved from /opt/airflow/dags/2-pythonoperator.py
[2024-06-10 23:05:27,302] {logging_mixin.py:115} INFO - [2024-06-10 23:05:27,302] {dag.py:2420} INFO - Sync 1 DAGs
[2024-06-10 23:05:27,317] {logging_mixin.py:115} INFO - [2024-06-10 23:05:27,317] {dag.py:2972} INFO - Setting next_dagrun for python_operator to None, run_after=None
[2024-06-10 23:05:27,324] {processor.py:161} INFO - Processing /opt/airflow/dags/2-pythonoperator.py took 0.047 seconds
[2024-06-10 23:05:57,680] {processor.py:153} INFO - Started process (PID=21602) to work on /opt/airflow/dags/2-pythonoperator.py
[2024-06-10 23:05:57,681] {processor.py:641} INFO - Processing file /opt/airflow/dags/2-pythonoperator.py for tasks to queue
[2024-06-10 23:05:57,681] {logging_mixin.py:115} INFO - [2024-06-10 23:05:57,681] {dagbag.py:508} INFO - Filling up the DagBag from /opt/airflow/dags/2-pythonoperator.py
[2024-06-10 23:05:57,685] {processor.py:651} INFO - DAG(s) dict_keys(['python_operator']) retrieved from /opt/airflow/dags/2-pythonoperator.py
[2024-06-10 23:05:57,703] {logging_mixin.py:115} INFO - [2024-06-10 23:05:57,703] {dag.py:2420} INFO - Sync 1 DAGs
[2024-06-10 23:05:57,718] {logging_mixin.py:115} INFO - [2024-06-10 23:05:57,718] {dag.py:2972} INFO - Setting next_dagrun for python_operator to None, run_after=None
[2024-06-10 23:05:57,726] {processor.py:161} INFO - Processing /opt/airflow/dags/2-pythonoperator.py took 0.048 seconds
[2024-06-10 23:06:28,057] {processor.py:153} INFO - Started process (PID=21634) to work on /opt/airflow/dags/2-pythonoperator.py
[2024-06-10 23:06:28,058] {processor.py:641} INFO - Processing file /opt/airflow/dags/2-pythonoperator.py for tasks to queue
[2024-06-10 23:06:28,059] {logging_mixin.py:115} INFO - [2024-06-10 23:06:28,058] {dagbag.py:508} INFO - Filling up the DagBag from /opt/airflow/dags/2-pythonoperator.py
[2024-06-10 23:06:28,064] {processor.py:651} INFO - DAG(s) dict_keys(['python_operator']) retrieved from /opt/airflow/dags/2-pythonoperator.py
[2024-06-10 23:06:28,082] {logging_mixin.py:115} INFO - [2024-06-10 23:06:28,082] {dag.py:2420} INFO - Sync 1 DAGs
[2024-06-10 23:06:28,096] {logging_mixin.py:115} INFO - [2024-06-10 23:06:28,096] {dag.py:2972} INFO - Setting next_dagrun for python_operator to None, run_after=None
[2024-06-10 23:06:28,103] {processor.py:161} INFO - Processing /opt/airflow/dags/2-pythonoperator.py took 0.048 seconds
[2024-06-10 23:06:58,414] {processor.py:153} INFO - Started process (PID=21662) to work on /opt/airflow/dags/2-pythonoperator.py
[2024-06-10 23:06:58,415] {processor.py:641} INFO - Processing file /opt/airflow/dags/2-pythonoperator.py for tasks to queue
[2024-06-10 23:06:58,415] {logging_mixin.py:115} INFO - [2024-06-10 23:06:58,415] {dagbag.py:508} INFO - Filling up the DagBag from /opt/airflow/dags/2-pythonoperator.py
[2024-06-10 23:06:58,421] {processor.py:651} INFO - DAG(s) dict_keys(['python_operator']) retrieved from /opt/airflow/dags/2-pythonoperator.py
[2024-06-10 23:06:58,437] {logging_mixin.py:115} INFO - [2024-06-10 23:06:58,437] {dag.py:2420} INFO - Sync 1 DAGs
[2024-06-10 23:06:58,450] {logging_mixin.py:115} INFO - [2024-06-10 23:06:58,450] {dag.py:2972} INFO - Setting next_dagrun for python_operator to None, run_after=None
[2024-06-10 23:06:58,457] {processor.py:161} INFO - Processing /opt/airflow/dags/2-pythonoperator.py took 0.045 seconds
[2024-06-10 23:07:28,814] {processor.py:153} INFO - Started process (PID=21697) to work on /opt/airflow/dags/2-pythonoperator.py
[2024-06-10 23:07:28,815] {processor.py:641} INFO - Processing file /opt/airflow/dags/2-pythonoperator.py for tasks to queue
[2024-06-10 23:07:28,815] {logging_mixin.py:115} INFO - [2024-06-10 23:07:28,815] {dagbag.py:508} INFO - Filling up the DagBag from /opt/airflow/dags/2-pythonoperator.py
[2024-06-10 23:07:28,820] {processor.py:651} INFO - DAG(s) dict_keys(['python_operator']) retrieved from /opt/airflow/dags/2-pythonoperator.py
[2024-06-10 23:07:28,838] {logging_mixin.py:115} INFO - [2024-06-10 23:07:28,838] {dag.py:2420} INFO - Sync 1 DAGs
[2024-06-10 23:07:28,851] {logging_mixin.py:115} INFO - [2024-06-10 23:07:28,851] {dag.py:2972} INFO - Setting next_dagrun for python_operator to None, run_after=None
[2024-06-10 23:07:28,859] {processor.py:161} INFO - Processing /opt/airflow/dags/2-pythonoperator.py took 0.046 seconds
[2024-06-10 23:07:59,161] {processor.py:153} INFO - Started process (PID=21732) to work on /opt/airflow/dags/2-pythonoperator.py
[2024-06-10 23:07:59,162] {processor.py:641} INFO - Processing file /opt/airflow/dags/2-pythonoperator.py for tasks to queue
[2024-06-10 23:07:59,162] {logging_mixin.py:115} INFO - [2024-06-10 23:07:59,162] {dagbag.py:508} INFO - Filling up the DagBag from /opt/airflow/dags/2-pythonoperator.py
[2024-06-10 23:07:59,167] {processor.py:651} INFO - DAG(s) dict_keys(['python_operator']) retrieved from /opt/airflow/dags/2-pythonoperator.py
[2024-06-10 23:07:59,182] {logging_mixin.py:115} INFO - [2024-06-10 23:07:59,182] {dag.py:2420} INFO - Sync 1 DAGs
[2024-06-10 23:07:59,194] {logging_mixin.py:115} INFO - [2024-06-10 23:07:59,194] {dag.py:2972} INFO - Setting next_dagrun for python_operator to None, run_after=None
[2024-06-10 23:07:59,202] {processor.py:161} INFO - Processing /opt/airflow/dags/2-pythonoperator.py took 0.043 seconds
[2024-06-10 23:08:29,506] {processor.py:153} INFO - Started process (PID=21766) to work on /opt/airflow/dags/2-pythonoperator.py
[2024-06-10 23:08:29,506] {processor.py:641} INFO - Processing file /opt/airflow/dags/2-pythonoperator.py for tasks to queue
[2024-06-10 23:08:29,506] {logging_mixin.py:115} INFO - [2024-06-10 23:08:29,506] {dagbag.py:508} INFO - Filling up the DagBag from /opt/airflow/dags/2-pythonoperator.py
[2024-06-10 23:08:29,510] {processor.py:651} INFO - DAG(s) dict_keys(['python_operator']) retrieved from /opt/airflow/dags/2-pythonoperator.py
[2024-06-10 23:08:29,525] {logging_mixin.py:115} INFO - [2024-06-10 23:08:29,525] {dag.py:2420} INFO - Sync 1 DAGs
[2024-06-10 23:08:29,537] {logging_mixin.py:115} INFO - [2024-06-10 23:08:29,537] {dag.py:2972} INFO - Setting next_dagrun for python_operator to None, run_after=None
[2024-06-10 23:08:29,544] {processor.py:161} INFO - Processing /opt/airflow/dags/2-pythonoperator.py took 0.041 seconds
[2024-06-10 23:08:59,895] {processor.py:153} INFO - Started process (PID=21801) to work on /opt/airflow/dags/2-pythonoperator.py
[2024-06-10 23:08:59,897] {processor.py:641} INFO - Processing file /opt/airflow/dags/2-pythonoperator.py for tasks to queue
[2024-06-10 23:08:59,898] {logging_mixin.py:115} INFO - [2024-06-10 23:08:59,897] {dagbag.py:508} INFO - Filling up the DagBag from /opt/airflow/dags/2-pythonoperator.py
[2024-06-10 23:08:59,903] {processor.py:651} INFO - DAG(s) dict_keys(['python_operator']) retrieved from /opt/airflow/dags/2-pythonoperator.py
[2024-06-10 23:08:59,918] {logging_mixin.py:115} INFO - [2024-06-10 23:08:59,918] {dag.py:2420} INFO - Sync 1 DAGs
[2024-06-10 23:08:59,933] {logging_mixin.py:115} INFO - [2024-06-10 23:08:59,933] {dag.py:2972} INFO - Setting next_dagrun for python_operator to None, run_after=None
[2024-06-10 23:08:59,941] {processor.py:161} INFO - Processing /opt/airflow/dags/2-pythonoperator.py took 0.049 seconds
[2024-06-10 23:09:30,260] {processor.py:153} INFO - Started process (PID=21827) to work on /opt/airflow/dags/2-pythonoperator.py
[2024-06-10 23:09:30,261] {processor.py:641} INFO - Processing file /opt/airflow/dags/2-pythonoperator.py for tasks to queue
[2024-06-10 23:09:30,261] {logging_mixin.py:115} INFO - [2024-06-10 23:09:30,261] {dagbag.py:508} INFO - Filling up the DagBag from /opt/airflow/dags/2-pythonoperator.py
[2024-06-10 23:09:30,267] {processor.py:651} INFO - DAG(s) dict_keys(['python_operator']) retrieved from /opt/airflow/dags/2-pythonoperator.py
[2024-06-10 23:09:30,283] {logging_mixin.py:115} INFO - [2024-06-10 23:09:30,283] {dag.py:2420} INFO - Sync 1 DAGs
[2024-06-10 23:09:30,298] {logging_mixin.py:115} INFO - [2024-06-10 23:09:30,298] {dag.py:2972} INFO - Setting next_dagrun for python_operator to None, run_after=None
[2024-06-10 23:09:30,309] {processor.py:161} INFO - Processing /opt/airflow/dags/2-pythonoperator.py took 0.051 seconds
[2024-06-10 23:10:00,637] {processor.py:153} INFO - Started process (PID=21862) to work on /opt/airflow/dags/2-pythonoperator.py
[2024-06-10 23:10:00,637] {processor.py:641} INFO - Processing file /opt/airflow/dags/2-pythonoperator.py for tasks to queue
[2024-06-10 23:10:00,638] {logging_mixin.py:115} INFO - [2024-06-10 23:10:00,638] {dagbag.py:508} INFO - Filling up the DagBag from /opt/airflow/dags/2-pythonoperator.py
[2024-06-10 23:10:00,644] {processor.py:651} INFO - DAG(s) dict_keys(['python_operator']) retrieved from /opt/airflow/dags/2-pythonoperator.py
[2024-06-10 23:10:00,661] {logging_mixin.py:115} INFO - [2024-06-10 23:10:00,661] {dag.py:2420} INFO - Sync 1 DAGs
[2024-06-10 23:10:00,679] {logging_mixin.py:115} INFO - [2024-06-10 23:10:00,679] {dag.py:2972} INFO - Setting next_dagrun for python_operator to None, run_after=None
[2024-06-10 23:10:00,687] {processor.py:161} INFO - Processing /opt/airflow/dags/2-pythonoperator.py took 0.052 seconds
[2024-06-10 23:10:31,009] {processor.py:153} INFO - Started process (PID=21897) to work on /opt/airflow/dags/2-pythonoperator.py
[2024-06-10 23:10:31,010] {processor.py:641} INFO - Processing file /opt/airflow/dags/2-pythonoperator.py for tasks to queue
[2024-06-10 23:10:31,010] {logging_mixin.py:115} INFO - [2024-06-10 23:10:31,010] {dagbag.py:508} INFO - Filling up the DagBag from /opt/airflow/dags/2-pythonoperator.py
[2024-06-10 23:10:31,016] {processor.py:651} INFO - DAG(s) dict_keys(['python_operator']) retrieved from /opt/airflow/dags/2-pythonoperator.py
[2024-06-10 23:10:31,033] {logging_mixin.py:115} INFO - [2024-06-10 23:10:31,033] {dag.py:2420} INFO - Sync 1 DAGs
[2024-06-10 23:10:31,049] {logging_mixin.py:115} INFO - [2024-06-10 23:10:31,048] {dag.py:2972} INFO - Setting next_dagrun for python_operator to None, run_after=None
[2024-06-10 23:10:31,059] {processor.py:161} INFO - Processing /opt/airflow/dags/2-pythonoperator.py took 0.053 seconds
[2024-06-10 23:11:01,434] {processor.py:153} INFO - Started process (PID=21932) to work on /opt/airflow/dags/2-pythonoperator.py
[2024-06-10 23:11:01,434] {processor.py:641} INFO - Processing file /opt/airflow/dags/2-pythonoperator.py for tasks to queue
[2024-06-10 23:11:01,435] {logging_mixin.py:115} INFO - [2024-06-10 23:11:01,435] {dagbag.py:508} INFO - Filling up the DagBag from /opt/airflow/dags/2-pythonoperator.py
[2024-06-10 23:11:01,439] {processor.py:651} INFO - DAG(s) dict_keys(['python_operator']) retrieved from /opt/airflow/dags/2-pythonoperator.py
[2024-06-10 23:11:01,456] {logging_mixin.py:115} INFO - [2024-06-10 23:11:01,456] {dag.py:2420} INFO - Sync 1 DAGs
[2024-06-10 23:11:01,470] {logging_mixin.py:115} INFO - [2024-06-10 23:11:01,470] {dag.py:2972} INFO - Setting next_dagrun for python_operator to None, run_after=None
[2024-06-10 23:11:01,478] {processor.py:161} INFO - Processing /opt/airflow/dags/2-pythonoperator.py took 0.046 seconds
[2024-06-10 23:11:31,879] {processor.py:153} INFO - Started process (PID=21967) to work on /opt/airflow/dags/2-pythonoperator.py
[2024-06-10 23:11:31,880] {processor.py:641} INFO - Processing file /opt/airflow/dags/2-pythonoperator.py for tasks to queue
[2024-06-10 23:11:31,881] {logging_mixin.py:115} INFO - [2024-06-10 23:11:31,880] {dagbag.py:508} INFO - Filling up the DagBag from /opt/airflow/dags/2-pythonoperator.py
[2024-06-10 23:11:31,885] {processor.py:651} INFO - DAG(s) dict_keys(['python_operator']) retrieved from /opt/airflow/dags/2-pythonoperator.py
[2024-06-10 23:11:31,905] {logging_mixin.py:115} INFO - [2024-06-10 23:11:31,905] {dag.py:2420} INFO - Sync 1 DAGs
[2024-06-10 23:11:31,925] {logging_mixin.py:115} INFO - [2024-06-10 23:11:31,925] {dag.py:2972} INFO - Setting next_dagrun for python_operator to None, run_after=None
[2024-06-10 23:11:31,936] {processor.py:161} INFO - Processing /opt/airflow/dags/2-pythonoperator.py took 0.058 seconds
[2024-06-10 23:12:02,293] {processor.py:153} INFO - Started process (PID=21993) to work on /opt/airflow/dags/2-pythonoperator.py
[2024-06-10 23:12:02,294] {processor.py:641} INFO - Processing file /opt/airflow/dags/2-pythonoperator.py for tasks to queue
[2024-06-10 23:12:02,298] {logging_mixin.py:115} INFO - [2024-06-10 23:12:02,297] {dagbag.py:508} INFO - Filling up the DagBag from /opt/airflow/dags/2-pythonoperator.py
[2024-06-10 23:12:02,307] {processor.py:651} INFO - DAG(s) dict_keys(['python_operator']) retrieved from /opt/airflow/dags/2-pythonoperator.py
[2024-06-10 23:12:02,332] {logging_mixin.py:115} INFO - [2024-06-10 23:12:02,332] {dag.py:2420} INFO - Sync 1 DAGs
[2024-06-10 23:12:02,349] {logging_mixin.py:115} INFO - [2024-06-10 23:12:02,349] {dag.py:2972} INFO - Setting next_dagrun for python_operator to None, run_after=None
[2024-06-10 23:12:02,360] {processor.py:161} INFO - Processing /opt/airflow/dags/2-pythonoperator.py took 0.070 seconds
[2024-06-10 23:12:32,721] {processor.py:153} INFO - Started process (PID=22028) to work on /opt/airflow/dags/2-pythonoperator.py
[2024-06-10 23:12:32,721] {processor.py:641} INFO - Processing file /opt/airflow/dags/2-pythonoperator.py for tasks to queue
[2024-06-10 23:12:32,721] {logging_mixin.py:115} INFO - [2024-06-10 23:12:32,721] {dagbag.py:508} INFO - Filling up the DagBag from /opt/airflow/dags/2-pythonoperator.py
[2024-06-10 23:12:32,727] {processor.py:651} INFO - DAG(s) dict_keys(['python_operator']) retrieved from /opt/airflow/dags/2-pythonoperator.py
[2024-06-10 23:12:32,745] {logging_mixin.py:115} INFO - [2024-06-10 23:12:32,745] {dag.py:2420} INFO - Sync 1 DAGs
[2024-06-10 23:12:32,762] {logging_mixin.py:115} INFO - [2024-06-10 23:12:32,761] {dag.py:2972} INFO - Setting next_dagrun for python_operator to None, run_after=None
[2024-06-10 23:12:32,772] {processor.py:161} INFO - Processing /opt/airflow/dags/2-pythonoperator.py took 0.054 seconds
[2024-06-10 23:13:03,116] {processor.py:153} INFO - Started process (PID=22063) to work on /opt/airflow/dags/2-pythonoperator.py
[2024-06-10 23:13:03,117] {processor.py:641} INFO - Processing file /opt/airflow/dags/2-pythonoperator.py for tasks to queue
[2024-06-10 23:13:03,117] {logging_mixin.py:115} INFO - [2024-06-10 23:13:03,117] {dagbag.py:508} INFO - Filling up the DagBag from /opt/airflow/dags/2-pythonoperator.py
[2024-06-10 23:13:03,125] {processor.py:651} INFO - DAG(s) dict_keys(['python_operator']) retrieved from /opt/airflow/dags/2-pythonoperator.py
[2024-06-10 23:13:03,144] {logging_mixin.py:115} INFO - [2024-06-10 23:13:03,144] {dag.py:2420} INFO - Sync 1 DAGs
[2024-06-10 23:13:03,158] {logging_mixin.py:115} INFO - [2024-06-10 23:13:03,158] {dag.py:2972} INFO - Setting next_dagrun for python_operator to None, run_after=None
[2024-06-10 23:13:03,170] {processor.py:161} INFO - Processing /opt/airflow/dags/2-pythonoperator.py took 0.057 seconds
[2024-06-10 23:13:33,490] {processor.py:153} INFO - Started process (PID=22098) to work on /opt/airflow/dags/2-pythonoperator.py
[2024-06-10 23:13:33,490] {processor.py:641} INFO - Processing file /opt/airflow/dags/2-pythonoperator.py for tasks to queue
[2024-06-10 23:13:33,491] {logging_mixin.py:115} INFO - [2024-06-10 23:13:33,491] {dagbag.py:508} INFO - Filling up the DagBag from /opt/airflow/dags/2-pythonoperator.py
[2024-06-10 23:13:33,496] {processor.py:651} INFO - DAG(s) dict_keys(['python_operator']) retrieved from /opt/airflow/dags/2-pythonoperator.py
[2024-06-10 23:13:33,512] {logging_mixin.py:115} INFO - [2024-06-10 23:13:33,511] {dag.py:2420} INFO - Sync 1 DAGs
[2024-06-10 23:13:33,526] {logging_mixin.py:115} INFO - [2024-06-10 23:13:33,525] {dag.py:2972} INFO - Setting next_dagrun for python_operator to None, run_after=None
[2024-06-10 23:13:33,536] {processor.py:161} INFO - Processing /opt/airflow/dags/2-pythonoperator.py took 0.050 seconds
[2024-06-10 23:14:03,941] {processor.py:153} INFO - Started process (PID=22133) to work on /opt/airflow/dags/2-pythonoperator.py
[2024-06-10 23:14:03,941] {processor.py:641} INFO - Processing file /opt/airflow/dags/2-pythonoperator.py for tasks to queue
[2024-06-10 23:14:03,942] {logging_mixin.py:115} INFO - [2024-06-10 23:14:03,942] {dagbag.py:508} INFO - Filling up the DagBag from /opt/airflow/dags/2-pythonoperator.py
[2024-06-10 23:14:03,947] {processor.py:651} INFO - DAG(s) dict_keys(['python_operator']) retrieved from /opt/airflow/dags/2-pythonoperator.py
[2024-06-10 23:14:03,967] {logging_mixin.py:115} INFO - [2024-06-10 23:14:03,967] {dag.py:2420} INFO - Sync 1 DAGs
[2024-06-10 23:14:03,984] {logging_mixin.py:115} INFO - [2024-06-10 23:14:03,984] {dag.py:2972} INFO - Setting next_dagrun for python_operator to None, run_after=None
[2024-06-10 23:14:03,998] {processor.py:161} INFO - Processing /opt/airflow/dags/2-pythonoperator.py took 0.060 seconds
[2024-06-10 23:14:34,440] {processor.py:153} INFO - Started process (PID=22158) to work on /opt/airflow/dags/2-pythonoperator.py
[2024-06-10 23:14:34,441] {processor.py:641} INFO - Processing file /opt/airflow/dags/2-pythonoperator.py for tasks to queue
[2024-06-10 23:14:34,441] {logging_mixin.py:115} INFO - [2024-06-10 23:14:34,441] {dagbag.py:508} INFO - Filling up the DagBag from /opt/airflow/dags/2-pythonoperator.py
[2024-06-10 23:14:34,449] {processor.py:651} INFO - DAG(s) dict_keys(['python_operator']) retrieved from /opt/airflow/dags/2-pythonoperator.py
[2024-06-10 23:14:34,468] {logging_mixin.py:115} INFO - [2024-06-10 23:14:34,468] {dag.py:2420} INFO - Sync 1 DAGs
[2024-06-10 23:14:34,491] {logging_mixin.py:115} INFO - [2024-06-10 23:14:34,491] {dag.py:2972} INFO - Setting next_dagrun for python_operator to None, run_after=None
[2024-06-10 23:14:34,503] {processor.py:161} INFO - Processing /opt/airflow/dags/2-pythonoperator.py took 0.066 seconds
[2024-06-10 23:15:04,836] {processor.py:153} INFO - Started process (PID=22193) to work on /opt/airflow/dags/2-pythonoperator.py
[2024-06-10 23:15:04,836] {processor.py:641} INFO - Processing file /opt/airflow/dags/2-pythonoperator.py for tasks to queue
[2024-06-10 23:15:04,837] {logging_mixin.py:115} INFO - [2024-06-10 23:15:04,837] {dagbag.py:508} INFO - Filling up the DagBag from /opt/airflow/dags/2-pythonoperator.py
[2024-06-10 23:15:04,842] {processor.py:651} INFO - DAG(s) dict_keys(['python_operator']) retrieved from /opt/airflow/dags/2-pythonoperator.py
[2024-06-10 23:15:04,860] {logging_mixin.py:115} INFO - [2024-06-10 23:15:04,860] {dag.py:2420} INFO - Sync 1 DAGs
[2024-06-10 23:15:04,875] {logging_mixin.py:115} INFO - [2024-06-10 23:15:04,875] {dag.py:2972} INFO - Setting next_dagrun for python_operator to None, run_after=None
[2024-06-10 23:15:04,884] {processor.py:161} INFO - Processing /opt/airflow/dags/2-pythonoperator.py took 0.050 seconds
[2024-06-10 23:15:35,186] {processor.py:153} INFO - Started process (PID=22229) to work on /opt/airflow/dags/2-pythonoperator.py
[2024-06-10 23:15:35,187] {processor.py:641} INFO - Processing file /opt/airflow/dags/2-pythonoperator.py for tasks to queue
[2024-06-10 23:15:35,187] {logging_mixin.py:115} INFO - [2024-06-10 23:15:35,187] {dagbag.py:508} INFO - Filling up the DagBag from /opt/airflow/dags/2-pythonoperator.py
[2024-06-10 23:15:35,194] {processor.py:651} INFO - DAG(s) dict_keys(['python_operator']) retrieved from /opt/airflow/dags/2-pythonoperator.py
[2024-06-10 23:15:35,212] {logging_mixin.py:115} INFO - [2024-06-10 23:15:35,212] {dag.py:2420} INFO - Sync 1 DAGs
[2024-06-10 23:15:35,231] {logging_mixin.py:115} INFO - [2024-06-10 23:15:35,231] {dag.py:2972} INFO - Setting next_dagrun for python_operator to None, run_after=None
[2024-06-10 23:15:35,243] {processor.py:161} INFO - Processing /opt/airflow/dags/2-pythonoperator.py took 0.061 seconds
[2024-06-10 23:16:05,623] {processor.py:153} INFO - Started process (PID=22264) to work on /opt/airflow/dags/2-pythonoperator.py
[2024-06-10 23:16:05,624] {processor.py:641} INFO - Processing file /opt/airflow/dags/2-pythonoperator.py for tasks to queue
[2024-06-10 23:16:05,624] {logging_mixin.py:115} INFO - [2024-06-10 23:16:05,624] {dagbag.py:508} INFO - Filling up the DagBag from /opt/airflow/dags/2-pythonoperator.py
[2024-06-10 23:16:05,632] {processor.py:651} INFO - DAG(s) dict_keys(['python_operator']) retrieved from /opt/airflow/dags/2-pythonoperator.py
[2024-06-10 23:16:05,650] {logging_mixin.py:115} INFO - [2024-06-10 23:16:05,650] {dag.py:2420} INFO - Sync 1 DAGs
[2024-06-10 23:16:05,668] {logging_mixin.py:115} INFO - [2024-06-10 23:16:05,668] {dag.py:2972} INFO - Setting next_dagrun for python_operator to None, run_after=None
[2024-06-10 23:16:05,680] {processor.py:161} INFO - Processing /opt/airflow/dags/2-pythonoperator.py took 0.059 seconds
[2024-06-10 23:16:35,994] {processor.py:153} INFO - Started process (PID=22290) to work on /opt/airflow/dags/2-pythonoperator.py
[2024-06-10 23:16:35,995] {processor.py:641} INFO - Processing file /opt/airflow/dags/2-pythonoperator.py for tasks to queue
[2024-06-10 23:16:35,995] {logging_mixin.py:115} INFO - [2024-06-10 23:16:35,995] {dagbag.py:508} INFO - Filling up the DagBag from /opt/airflow/dags/2-pythonoperator.py
[2024-06-10 23:16:36,000] {processor.py:651} INFO - DAG(s) dict_keys(['python_operator']) retrieved from /opt/airflow/dags/2-pythonoperator.py
[2024-06-10 23:16:36,019] {logging_mixin.py:115} INFO - [2024-06-10 23:16:36,019] {dag.py:2420} INFO - Sync 1 DAGs
[2024-06-10 23:16:36,034] {logging_mixin.py:115} INFO - [2024-06-10 23:16:36,034] {dag.py:2972} INFO - Setting next_dagrun for python_operator to None, run_after=None
[2024-06-10 23:16:36,042] {processor.py:161} INFO - Processing /opt/airflow/dags/2-pythonoperator.py took 0.051 seconds
[2024-06-10 23:17:06,342] {processor.py:153} INFO - Started process (PID=22325) to work on /opt/airflow/dags/2-pythonoperator.py
[2024-06-10 23:17:06,342] {processor.py:641} INFO - Processing file /opt/airflow/dags/2-pythonoperator.py for tasks to queue
[2024-06-10 23:17:06,342] {logging_mixin.py:115} INFO - [2024-06-10 23:17:06,342] {dagbag.py:508} INFO - Filling up the DagBag from /opt/airflow/dags/2-pythonoperator.py
[2024-06-10 23:17:06,347] {processor.py:651} INFO - DAG(s) dict_keys(['python_operator']) retrieved from /opt/airflow/dags/2-pythonoperator.py
[2024-06-10 23:17:06,363] {logging_mixin.py:115} INFO - [2024-06-10 23:17:06,363] {dag.py:2420} INFO - Sync 1 DAGs
[2024-06-10 23:17:06,376] {logging_mixin.py:115} INFO - [2024-06-10 23:17:06,376] {dag.py:2972} INFO - Setting next_dagrun for python_operator to None, run_after=None
[2024-06-10 23:17:06,385] {processor.py:161} INFO - Processing /opt/airflow/dags/2-pythonoperator.py took 0.047 seconds
[2024-06-10 23:17:36,748] {processor.py:153} INFO - Started process (PID=22360) to work on /opt/airflow/dags/2-pythonoperator.py
[2024-06-10 23:17:36,750] {processor.py:641} INFO - Processing file /opt/airflow/dags/2-pythonoperator.py for tasks to queue
[2024-06-10 23:17:36,751] {logging_mixin.py:115} INFO - [2024-06-10 23:17:36,751] {dagbag.py:508} INFO - Filling up the DagBag from /opt/airflow/dags/2-pythonoperator.py
[2024-06-10 23:17:36,756] {processor.py:651} INFO - DAG(s) dict_keys(['python_operator']) retrieved from /opt/airflow/dags/2-pythonoperator.py
[2024-06-10 23:17:36,772] {logging_mixin.py:115} INFO - [2024-06-10 23:17:36,772] {dag.py:2420} INFO - Sync 1 DAGs
[2024-06-10 23:17:36,786] {logging_mixin.py:115} INFO - [2024-06-10 23:17:36,785] {dag.py:2972} INFO - Setting next_dagrun for python_operator to None, run_after=None
[2024-06-10 23:17:36,793] {processor.py:161} INFO - Processing /opt/airflow/dags/2-pythonoperator.py took 0.048 seconds
[2024-06-10 23:18:07,127] {processor.py:153} INFO - Started process (PID=22394) to work on /opt/airflow/dags/2-pythonoperator.py
[2024-06-10 23:18:07,127] {processor.py:641} INFO - Processing file /opt/airflow/dags/2-pythonoperator.py for tasks to queue
[2024-06-10 23:18:07,128] {logging_mixin.py:115} INFO - [2024-06-10 23:18:07,128] {dagbag.py:508} INFO - Filling up the DagBag from /opt/airflow/dags/2-pythonoperator.py
[2024-06-10 23:18:07,133] {processor.py:651} INFO - DAG(s) dict_keys(['python_operator']) retrieved from /opt/airflow/dags/2-pythonoperator.py
[2024-06-10 23:18:07,152] {logging_mixin.py:115} INFO - [2024-06-10 23:18:07,151] {dag.py:2420} INFO - Sync 1 DAGs
[2024-06-10 23:18:07,166] {logging_mixin.py:115} INFO - [2024-06-10 23:18:07,166] {dag.py:2972} INFO - Setting next_dagrun for python_operator to None, run_after=None
[2024-06-10 23:18:07,175] {processor.py:161} INFO - Processing /opt/airflow/dags/2-pythonoperator.py took 0.052 seconds
[2024-06-10 23:18:37,466] {processor.py:153} INFO - Started process (PID=22429) to work on /opt/airflow/dags/2-pythonoperator.py
[2024-06-10 23:18:37,467] {processor.py:641} INFO - Processing file /opt/airflow/dags/2-pythonoperator.py for tasks to queue
[2024-06-10 23:18:37,467] {logging_mixin.py:115} INFO - [2024-06-10 23:18:37,467] {dagbag.py:508} INFO - Filling up the DagBag from /opt/airflow/dags/2-pythonoperator.py
[2024-06-10 23:18:37,471] {processor.py:651} INFO - DAG(s) dict_keys(['python_operator']) retrieved from /opt/airflow/dags/2-pythonoperator.py
[2024-06-10 23:18:37,491] {logging_mixin.py:115} INFO - [2024-06-10 23:18:37,491] {dag.py:2420} INFO - Sync 1 DAGs
[2024-06-10 23:18:37,505] {logging_mixin.py:115} INFO - [2024-06-10 23:18:37,505] {dag.py:2972} INFO - Setting next_dagrun for python_operator to None, run_after=None
[2024-06-10 23:18:37,513] {processor.py:161} INFO - Processing /opt/airflow/dags/2-pythonoperator.py took 0.050 seconds
[2024-06-10 23:19:07,810] {processor.py:153} INFO - Started process (PID=22454) to work on /opt/airflow/dags/2-pythonoperator.py
[2024-06-10 23:19:07,810] {processor.py:641} INFO - Processing file /opt/airflow/dags/2-pythonoperator.py for tasks to queue
[2024-06-10 23:19:07,811] {logging_mixin.py:115} INFO - [2024-06-10 23:19:07,811] {dagbag.py:508} INFO - Filling up the DagBag from /opt/airflow/dags/2-pythonoperator.py
[2024-06-10 23:19:07,817] {processor.py:651} INFO - DAG(s) dict_keys(['python_operator']) retrieved from /opt/airflow/dags/2-pythonoperator.py
[2024-06-10 23:19:07,837] {logging_mixin.py:115} INFO - [2024-06-10 23:19:07,837] {dag.py:2420} INFO - Sync 1 DAGs
[2024-06-10 23:19:07,853] {logging_mixin.py:115} INFO - [2024-06-10 23:19:07,853] {dag.py:2972} INFO - Setting next_dagrun for python_operator to None, run_after=None
[2024-06-10 23:19:07,861] {processor.py:161} INFO - Processing /opt/airflow/dags/2-pythonoperator.py took 0.054 seconds
[2024-06-10 23:19:38,213] {processor.py:153} INFO - Started process (PID=22489) to work on /opt/airflow/dags/2-pythonoperator.py
[2024-06-10 23:19:38,213] {processor.py:641} INFO - Processing file /opt/airflow/dags/2-pythonoperator.py for tasks to queue
[2024-06-10 23:19:38,214] {logging_mixin.py:115} INFO - [2024-06-10 23:19:38,214] {dagbag.py:508} INFO - Filling up the DagBag from /opt/airflow/dags/2-pythonoperator.py
[2024-06-10 23:19:38,219] {processor.py:651} INFO - DAG(s) dict_keys(['python_operator']) retrieved from /opt/airflow/dags/2-pythonoperator.py
[2024-06-10 23:19:38,235] {logging_mixin.py:115} INFO - [2024-06-10 23:19:38,235] {dag.py:2420} INFO - Sync 1 DAGs
[2024-06-10 23:19:38,251] {logging_mixin.py:115} INFO - [2024-06-10 23:19:38,251] {dag.py:2972} INFO - Setting next_dagrun for python_operator to None, run_after=None
[2024-06-10 23:19:38,260] {processor.py:161} INFO - Processing /opt/airflow/dags/2-pythonoperator.py took 0.049 seconds
[2024-06-10 23:20:08,613] {processor.py:153} INFO - Started process (PID=22524) to work on /opt/airflow/dags/2-pythonoperator.py
[2024-06-10 23:20:08,613] {processor.py:641} INFO - Processing file /opt/airflow/dags/2-pythonoperator.py for tasks to queue
[2024-06-10 23:20:08,614] {logging_mixin.py:115} INFO - [2024-06-10 23:20:08,614] {dagbag.py:508} INFO - Filling up the DagBag from /opt/airflow/dags/2-pythonoperator.py
[2024-06-10 23:20:08,619] {processor.py:651} INFO - DAG(s) dict_keys(['python_operator']) retrieved from /opt/airflow/dags/2-pythonoperator.py
[2024-06-10 23:20:08,636] {logging_mixin.py:115} INFO - [2024-06-10 23:20:08,636] {dag.py:2420} INFO - Sync 1 DAGs
[2024-06-10 23:20:08,654] {logging_mixin.py:115} INFO - [2024-06-10 23:20:08,654] {dag.py:2972} INFO - Setting next_dagrun for python_operator to None, run_after=None
[2024-06-10 23:20:08,663] {processor.py:161} INFO - Processing /opt/airflow/dags/2-pythonoperator.py took 0.052 seconds
[2024-06-10 23:20:39,085] {processor.py:153} INFO - Started process (PID=22559) to work on /opt/airflow/dags/2-pythonoperator.py
[2024-06-10 23:20:39,086] {processor.py:641} INFO - Processing file /opt/airflow/dags/2-pythonoperator.py for tasks to queue
[2024-06-10 23:20:39,088] {logging_mixin.py:115} INFO - [2024-06-10 23:20:39,087] {dagbag.py:508} INFO - Filling up the DagBag from /opt/airflow/dags/2-pythonoperator.py
[2024-06-10 23:20:39,094] {processor.py:651} INFO - DAG(s) dict_keys(['python_operator']) retrieved from /opt/airflow/dags/2-pythonoperator.py
[2024-06-10 23:20:39,113] {logging_mixin.py:115} INFO - [2024-06-10 23:20:39,113] {dag.py:2420} INFO - Sync 1 DAGs
[2024-06-10 23:20:39,131] {logging_mixin.py:115} INFO - [2024-06-10 23:20:39,131] {dag.py:2972} INFO - Setting next_dagrun for python_operator to None, run_after=None
[2024-06-10 23:20:39,141] {processor.py:161} INFO - Processing /opt/airflow/dags/2-pythonoperator.py took 0.059 seconds
[2024-06-10 23:21:09,539] {processor.py:153} INFO - Started process (PID=22594) to work on /opt/airflow/dags/2-pythonoperator.py
[2024-06-10 23:21:09,539] {processor.py:641} INFO - Processing file /opt/airflow/dags/2-pythonoperator.py for tasks to queue
[2024-06-10 23:21:09,539] {logging_mixin.py:115} INFO - [2024-06-10 23:21:09,539] {dagbag.py:508} INFO - Filling up the DagBag from /opt/airflow/dags/2-pythonoperator.py
[2024-06-10 23:21:09,544] {processor.py:651} INFO - DAG(s) dict_keys(['python_operator']) retrieved from /opt/airflow/dags/2-pythonoperator.py
[2024-06-10 23:21:09,562] {logging_mixin.py:115} INFO - [2024-06-10 23:21:09,562] {dag.py:2420} INFO - Sync 1 DAGs
[2024-06-10 23:21:09,578] {logging_mixin.py:115} INFO - [2024-06-10 23:21:09,578] {dag.py:2972} INFO - Setting next_dagrun for python_operator to None, run_after=None
[2024-06-10 23:21:09,587] {processor.py:161} INFO - Processing /opt/airflow/dags/2-pythonoperator.py took 0.050 seconds
[2024-06-10 23:21:39,896] {processor.py:153} INFO - Started process (PID=22620) to work on /opt/airflow/dags/2-pythonoperator.py
[2024-06-10 23:21:39,897] {processor.py:641} INFO - Processing file /opt/airflow/dags/2-pythonoperator.py for tasks to queue
[2024-06-10 23:21:39,897] {logging_mixin.py:115} INFO - [2024-06-10 23:21:39,897] {dagbag.py:508} INFO - Filling up the DagBag from /opt/airflow/dags/2-pythonoperator.py
[2024-06-10 23:21:39,902] {processor.py:651} INFO - DAG(s) dict_keys(['python_operator']) retrieved from /opt/airflow/dags/2-pythonoperator.py
[2024-06-10 23:21:39,922] {logging_mixin.py:115} INFO - [2024-06-10 23:21:39,922] {dag.py:2420} INFO - Sync 1 DAGs
[2024-06-10 23:21:39,936] {logging_mixin.py:115} INFO - [2024-06-10 23:21:39,936] {dag.py:2972} INFO - Setting next_dagrun for python_operator to None, run_after=None
[2024-06-10 23:21:39,946] {processor.py:161} INFO - Processing /opt/airflow/dags/2-pythonoperator.py took 0.053 seconds
[2024-06-10 23:22:10,351] {processor.py:153} INFO - Started process (PID=22655) to work on /opt/airflow/dags/2-pythonoperator.py
[2024-06-10 23:22:10,352] {processor.py:641} INFO - Processing file /opt/airflow/dags/2-pythonoperator.py for tasks to queue
[2024-06-10 23:22:10,352] {logging_mixin.py:115} INFO - [2024-06-10 23:22:10,352] {dagbag.py:508} INFO - Filling up the DagBag from /opt/airflow/dags/2-pythonoperator.py
[2024-06-10 23:22:10,359] {processor.py:651} INFO - DAG(s) dict_keys(['python_operator']) retrieved from /opt/airflow/dags/2-pythonoperator.py
[2024-06-10 23:22:10,377] {logging_mixin.py:115} INFO - [2024-06-10 23:22:10,377] {dag.py:2420} INFO - Sync 1 DAGs
[2024-06-10 23:22:10,391] {logging_mixin.py:115} INFO - [2024-06-10 23:22:10,391] {dag.py:2972} INFO - Setting next_dagrun for python_operator to None, run_after=None
[2024-06-10 23:22:10,399] {processor.py:161} INFO - Processing /opt/airflow/dags/2-pythonoperator.py took 0.051 seconds
[2024-06-10 23:22:40,856] {processor.py:153} INFO - Started process (PID=22690) to work on /opt/airflow/dags/2-pythonoperator.py
[2024-06-10 23:22:40,859] {processor.py:641} INFO - Processing file /opt/airflow/dags/2-pythonoperator.py for tasks to queue
[2024-06-10 23:22:40,860] {logging_mixin.py:115} INFO - [2024-06-10 23:22:40,860] {dagbag.py:508} INFO - Filling up the DagBag from /opt/airflow/dags/2-pythonoperator.py
[2024-06-10 23:22:40,873] {processor.py:651} INFO - DAG(s) dict_keys(['python_operator']) retrieved from /opt/airflow/dags/2-pythonoperator.py
[2024-06-10 23:22:40,898] {logging_mixin.py:115} INFO - [2024-06-10 23:22:40,898] {dag.py:2420} INFO - Sync 1 DAGs
[2024-06-10 23:22:40,917] {logging_mixin.py:115} INFO - [2024-06-10 23:22:40,917] {dag.py:2972} INFO - Setting next_dagrun for python_operator to None, run_after=None
[2024-06-10 23:22:40,926] {processor.py:161} INFO - Processing /opt/airflow/dags/2-pythonoperator.py took 0.075 seconds
[2024-06-10 23:23:11,288] {processor.py:153} INFO - Started process (PID=22725) to work on /opt/airflow/dags/2-pythonoperator.py
[2024-06-10 23:23:11,289] {processor.py:641} INFO - Processing file /opt/airflow/dags/2-pythonoperator.py for tasks to queue
[2024-06-10 23:23:11,289] {logging_mixin.py:115} INFO - [2024-06-10 23:23:11,289] {dagbag.py:508} INFO - Filling up the DagBag from /opt/airflow/dags/2-pythonoperator.py
[2024-06-10 23:23:11,297] {processor.py:651} INFO - DAG(s) dict_keys(['python_operator']) retrieved from /opt/airflow/dags/2-pythonoperator.py
[2024-06-10 23:23:11,318] {logging_mixin.py:115} INFO - [2024-06-10 23:23:11,318] {dag.py:2420} INFO - Sync 1 DAGs
[2024-06-10 23:23:11,334] {logging_mixin.py:115} INFO - [2024-06-10 23:23:11,334] {dag.py:2972} INFO - Setting next_dagrun for python_operator to None, run_after=None
[2024-06-10 23:23:11,347] {processor.py:161} INFO - Processing /opt/airflow/dags/2-pythonoperator.py took 0.062 seconds
[2024-06-10 23:23:41,668] {processor.py:153} INFO - Started process (PID=22751) to work on /opt/airflow/dags/2-pythonoperator.py
[2024-06-10 23:23:41,668] {processor.py:641} INFO - Processing file /opt/airflow/dags/2-pythonoperator.py for tasks to queue
[2024-06-10 23:23:41,669] {logging_mixin.py:115} INFO - [2024-06-10 23:23:41,669] {dagbag.py:508} INFO - Filling up the DagBag from /opt/airflow/dags/2-pythonoperator.py
[2024-06-10 23:23:41,675] {processor.py:651} INFO - DAG(s) dict_keys(['python_operator']) retrieved from /opt/airflow/dags/2-pythonoperator.py
[2024-06-10 23:23:41,698] {logging_mixin.py:115} INFO - [2024-06-10 23:23:41,698] {dag.py:2420} INFO - Sync 1 DAGs
[2024-06-10 23:23:41,715] {logging_mixin.py:115} INFO - [2024-06-10 23:23:41,715] {dag.py:2972} INFO - Setting next_dagrun for python_operator to None, run_after=None
[2024-06-10 23:23:41,727] {processor.py:161} INFO - Processing /opt/airflow/dags/2-pythonoperator.py took 0.061 seconds
[2024-06-10 23:24:12,142] {processor.py:153} INFO - Started process (PID=22786) to work on /opt/airflow/dags/2-pythonoperator.py
[2024-06-10 23:24:12,143] {processor.py:641} INFO - Processing file /opt/airflow/dags/2-pythonoperator.py for tasks to queue
[2024-06-10 23:24:12,143] {logging_mixin.py:115} INFO - [2024-06-10 23:24:12,143] {dagbag.py:508} INFO - Filling up the DagBag from /opt/airflow/dags/2-pythonoperator.py
[2024-06-10 23:24:12,149] {processor.py:651} INFO - DAG(s) dict_keys(['python_operator']) retrieved from /opt/airflow/dags/2-pythonoperator.py
[2024-06-10 23:24:12,166] {logging_mixin.py:115} INFO - [2024-06-10 23:24:12,166] {dag.py:2420} INFO - Sync 1 DAGs
[2024-06-10 23:24:12,182] {logging_mixin.py:115} INFO - [2024-06-10 23:24:12,182] {dag.py:2972} INFO - Setting next_dagrun for python_operator to None, run_after=None
[2024-06-10 23:24:12,194] {processor.py:161} INFO - Processing /opt/airflow/dags/2-pythonoperator.py took 0.055 seconds
[2024-06-10 23:24:42,552] {processor.py:153} INFO - Started process (PID=22821) to work on /opt/airflow/dags/2-pythonoperator.py
[2024-06-10 23:24:42,553] {processor.py:641} INFO - Processing file /opt/airflow/dags/2-pythonoperator.py for tasks to queue
[2024-06-10 23:24:42,553] {logging_mixin.py:115} INFO - [2024-06-10 23:24:42,553] {dagbag.py:508} INFO - Filling up the DagBag from /opt/airflow/dags/2-pythonoperator.py
[2024-06-10 23:24:42,558] {processor.py:651} INFO - DAG(s) dict_keys(['python_operator']) retrieved from /opt/airflow/dags/2-pythonoperator.py
[2024-06-10 23:24:42,574] {logging_mixin.py:115} INFO - [2024-06-10 23:24:42,574] {dag.py:2420} INFO - Sync 1 DAGs
[2024-06-10 23:24:42,589] {logging_mixin.py:115} INFO - [2024-06-10 23:24:42,589] {dag.py:2972} INFO - Setting next_dagrun for python_operator to None, run_after=None
[2024-06-10 23:24:42,600] {processor.py:161} INFO - Processing /opt/airflow/dags/2-pythonoperator.py took 0.052 seconds
[2024-06-10 23:25:12,906] {processor.py:153} INFO - Started process (PID=22856) to work on /opt/airflow/dags/2-pythonoperator.py
[2024-06-10 23:25:12,906] {processor.py:641} INFO - Processing file /opt/airflow/dags/2-pythonoperator.py for tasks to queue
[2024-06-10 23:25:12,907] {logging_mixin.py:115} INFO - [2024-06-10 23:25:12,907] {dagbag.py:508} INFO - Filling up the DagBag from /opt/airflow/dags/2-pythonoperator.py
[2024-06-10 23:25:12,914] {processor.py:651} INFO - DAG(s) dict_keys(['python_operator']) retrieved from /opt/airflow/dags/2-pythonoperator.py
[2024-06-10 23:25:12,932] {logging_mixin.py:115} INFO - [2024-06-10 23:25:12,932] {dag.py:2420} INFO - Sync 1 DAGs
[2024-06-10 23:25:12,953] {logging_mixin.py:115} INFO - [2024-06-10 23:25:12,953] {dag.py:2972} INFO - Setting next_dagrun for python_operator to None, run_after=None
[2024-06-10 23:25:12,967] {processor.py:161} INFO - Processing /opt/airflow/dags/2-pythonoperator.py took 0.065 seconds
[2024-06-10 23:25:43,415] {processor.py:153} INFO - Started process (PID=22890) to work on /opt/airflow/dags/2-pythonoperator.py
[2024-06-10 23:25:43,416] {processor.py:641} INFO - Processing file /opt/airflow/dags/2-pythonoperator.py for tasks to queue
[2024-06-10 23:25:43,416] {logging_mixin.py:115} INFO - [2024-06-10 23:25:43,416] {dagbag.py:508} INFO - Filling up the DagBag from /opt/airflow/dags/2-pythonoperator.py
[2024-06-10 23:25:43,421] {processor.py:651} INFO - DAG(s) dict_keys(['python_operator']) retrieved from /opt/airflow/dags/2-pythonoperator.py
[2024-06-10 23:25:43,444] {logging_mixin.py:115} INFO - [2024-06-10 23:25:43,444] {dag.py:2420} INFO - Sync 1 DAGs
[2024-06-10 23:25:43,460] {logging_mixin.py:115} INFO - [2024-06-10 23:25:43,460] {dag.py:2972} INFO - Setting next_dagrun for python_operator to None, run_after=None
[2024-06-10 23:25:43,468] {processor.py:161} INFO - Processing /opt/airflow/dags/2-pythonoperator.py took 0.055 seconds
[2024-06-10 23:26:13,828] {processor.py:153} INFO - Started process (PID=22916) to work on /opt/airflow/dags/2-pythonoperator.py
[2024-06-10 23:26:13,828] {processor.py:641} INFO - Processing file /opt/airflow/dags/2-pythonoperator.py for tasks to queue
[2024-06-10 23:26:13,829] {logging_mixin.py:115} INFO - [2024-06-10 23:26:13,829] {dagbag.py:508} INFO - Filling up the DagBag from /opt/airflow/dags/2-pythonoperator.py
[2024-06-10 23:26:13,834] {processor.py:651} INFO - DAG(s) dict_keys(['python_operator']) retrieved from /opt/airflow/dags/2-pythonoperator.py
[2024-06-10 23:26:13,853] {logging_mixin.py:115} INFO - [2024-06-10 23:26:13,853] {dag.py:2420} INFO - Sync 1 DAGs
[2024-06-10 23:26:13,868] {logging_mixin.py:115} INFO - [2024-06-10 23:26:13,868] {dag.py:2972} INFO - Setting next_dagrun for python_operator to None, run_after=None
[2024-06-10 23:26:13,876] {processor.py:161} INFO - Processing /opt/airflow/dags/2-pythonoperator.py took 0.051 seconds
[2024-06-10 23:26:44,276] {processor.py:153} INFO - Started process (PID=22951) to work on /opt/airflow/dags/2-pythonoperator.py
[2024-06-10 23:26:44,276] {processor.py:641} INFO - Processing file /opt/airflow/dags/2-pythonoperator.py for tasks to queue
[2024-06-10 23:26:44,277] {logging_mixin.py:115} INFO - [2024-06-10 23:26:44,277] {dagbag.py:508} INFO - Filling up the DagBag from /opt/airflow/dags/2-pythonoperator.py
[2024-06-10 23:26:44,281] {processor.py:651} INFO - DAG(s) dict_keys(['python_operator']) retrieved from /opt/airflow/dags/2-pythonoperator.py
[2024-06-10 23:26:44,302] {logging_mixin.py:115} INFO - [2024-06-10 23:26:44,302] {dag.py:2420} INFO - Sync 1 DAGs
[2024-06-10 23:26:44,317] {logging_mixin.py:115} INFO - [2024-06-10 23:26:44,317] {dag.py:2972} INFO - Setting next_dagrun for python_operator to None, run_after=None
[2024-06-10 23:26:44,325] {processor.py:161} INFO - Processing /opt/airflow/dags/2-pythonoperator.py took 0.051 seconds
[2024-06-10 23:27:14,651] {processor.py:153} INFO - Started process (PID=22984) to work on /opt/airflow/dags/2-pythonoperator.py
[2024-06-10 23:27:14,651] {processor.py:641} INFO - Processing file /opt/airflow/dags/2-pythonoperator.py for tasks to queue
[2024-06-10 23:27:14,652] {logging_mixin.py:115} INFO - [2024-06-10 23:27:14,652] {dagbag.py:508} INFO - Filling up the DagBag from /opt/airflow/dags/2-pythonoperator.py
[2024-06-10 23:27:14,659] {processor.py:651} INFO - DAG(s) dict_keys(['python_operator']) retrieved from /opt/airflow/dags/2-pythonoperator.py
[2024-06-10 23:27:14,678] {logging_mixin.py:115} INFO - [2024-06-10 23:27:14,678] {dag.py:2420} INFO - Sync 1 DAGs
[2024-06-10 23:27:14,696] {logging_mixin.py:115} INFO - [2024-06-10 23:27:14,695] {dag.py:2972} INFO - Setting next_dagrun for python_operator to None, run_after=None
[2024-06-10 23:27:14,707] {processor.py:161} INFO - Processing /opt/airflow/dags/2-pythonoperator.py took 0.059 seconds
[2024-06-10 23:27:45,113] {processor.py:153} INFO - Started process (PID=23018) to work on /opt/airflow/dags/2-pythonoperator.py
[2024-06-10 23:27:45,114] {processor.py:641} INFO - Processing file /opt/airflow/dags/2-pythonoperator.py for tasks to queue
[2024-06-10 23:27:45,114] {logging_mixin.py:115} INFO - [2024-06-10 23:27:45,114] {dagbag.py:508} INFO - Filling up the DagBag from /opt/airflow/dags/2-pythonoperator.py
[2024-06-10 23:27:45,119] {processor.py:651} INFO - DAG(s) dict_keys(['python_operator']) retrieved from /opt/airflow/dags/2-pythonoperator.py
[2024-06-10 23:27:45,136] {logging_mixin.py:115} INFO - [2024-06-10 23:27:45,136] {dag.py:2420} INFO - Sync 1 DAGs
[2024-06-10 23:27:45,151] {logging_mixin.py:115} INFO - [2024-06-10 23:27:45,150] {dag.py:2972} INFO - Setting next_dagrun for python_operator to None, run_after=None
[2024-06-10 23:27:45,158] {processor.py:161} INFO - Processing /opt/airflow/dags/2-pythonoperator.py took 0.048 seconds
[2024-06-10 23:28:15,563] {processor.py:153} INFO - Started process (PID=23053) to work on /opt/airflow/dags/2-pythonoperator.py
[2024-06-10 23:28:15,564] {processor.py:641} INFO - Processing file /opt/airflow/dags/2-pythonoperator.py for tasks to queue
[2024-06-10 23:28:15,565] {logging_mixin.py:115} INFO - [2024-06-10 23:28:15,565] {dagbag.py:508} INFO - Filling up the DagBag from /opt/airflow/dags/2-pythonoperator.py
[2024-06-10 23:28:15,573] {processor.py:651} INFO - DAG(s) dict_keys(['python_operator']) retrieved from /opt/airflow/dags/2-pythonoperator.py
[2024-06-10 23:28:15,592] {logging_mixin.py:115} INFO - [2024-06-10 23:28:15,592] {dag.py:2420} INFO - Sync 1 DAGs
[2024-06-10 23:28:15,615] {logging_mixin.py:115} INFO - [2024-06-10 23:28:15,614] {dag.py:2972} INFO - Setting next_dagrun for python_operator to None, run_after=None
[2024-06-10 23:28:15,623] {processor.py:161} INFO - Processing /opt/airflow/dags/2-pythonoperator.py took 0.064 seconds
[2024-06-10 23:28:46,079] {processor.py:153} INFO - Started process (PID=23079) to work on /opt/airflow/dags/2-pythonoperator.py
[2024-06-10 23:28:46,080] {processor.py:641} INFO - Processing file /opt/airflow/dags/2-pythonoperator.py for tasks to queue
[2024-06-10 23:28:46,080] {logging_mixin.py:115} INFO - [2024-06-10 23:28:46,080] {dagbag.py:508} INFO - Filling up the DagBag from /opt/airflow/dags/2-pythonoperator.py
[2024-06-10 23:28:46,085] {processor.py:651} INFO - DAG(s) dict_keys(['python_operator']) retrieved from /opt/airflow/dags/2-pythonoperator.py
[2024-06-10 23:28:46,101] {logging_mixin.py:115} INFO - [2024-06-10 23:28:46,101] {dag.py:2420} INFO - Sync 1 DAGs
[2024-06-10 23:28:46,124] {logging_mixin.py:115} INFO - [2024-06-10 23:28:46,124] {dag.py:2972} INFO - Setting next_dagrun for python_operator to None, run_after=None
[2024-06-10 23:28:46,133] {processor.py:161} INFO - Processing /opt/airflow/dags/2-pythonoperator.py took 0.059 seconds
[2024-06-10 23:29:16,473] {processor.py:153} INFO - Started process (PID=23114) to work on /opt/airflow/dags/2-pythonoperator.py
[2024-06-10 23:29:16,474] {processor.py:641} INFO - Processing file /opt/airflow/dags/2-pythonoperator.py for tasks to queue
[2024-06-10 23:29:16,474] {logging_mixin.py:115} INFO - [2024-06-10 23:29:16,474] {dagbag.py:508} INFO - Filling up the DagBag from /opt/airflow/dags/2-pythonoperator.py
[2024-06-10 23:29:16,482] {processor.py:651} INFO - DAG(s) dict_keys(['python_operator']) retrieved from /opt/airflow/dags/2-pythonoperator.py
[2024-06-10 23:29:16,498] {logging_mixin.py:115} INFO - [2024-06-10 23:29:16,498] {dag.py:2420} INFO - Sync 1 DAGs
[2024-06-10 23:29:16,512] {logging_mixin.py:115} INFO - [2024-06-10 23:29:16,512] {dag.py:2972} INFO - Setting next_dagrun for python_operator to None, run_after=None
[2024-06-10 23:29:16,521] {processor.py:161} INFO - Processing /opt/airflow/dags/2-pythonoperator.py took 0.050 seconds
[2024-06-10 23:29:46,855] {processor.py:153} INFO - Started process (PID=23147) to work on /opt/airflow/dags/2-pythonoperator.py
[2024-06-10 23:29:46,855] {processor.py:641} INFO - Processing file /opt/airflow/dags/2-pythonoperator.py for tasks to queue
[2024-06-10 23:29:46,856] {logging_mixin.py:115} INFO - [2024-06-10 23:29:46,855] {dagbag.py:508} INFO - Filling up the DagBag from /opt/airflow/dags/2-pythonoperator.py
[2024-06-10 23:29:46,860] {processor.py:651} INFO - DAG(s) dict_keys(['python_operator']) retrieved from /opt/airflow/dags/2-pythonoperator.py
[2024-06-10 23:29:46,876] {logging_mixin.py:115} INFO - [2024-06-10 23:29:46,876] {dag.py:2420} INFO - Sync 1 DAGs
[2024-06-10 23:29:46,891] {logging_mixin.py:115} INFO - [2024-06-10 23:29:46,891] {dag.py:2972} INFO - Setting next_dagrun for python_operator to None, run_after=None
[2024-06-10 23:29:46,900] {processor.py:161} INFO - Processing /opt/airflow/dags/2-pythonoperator.py took 0.048 seconds
[2024-06-10 23:30:17,294] {processor.py:153} INFO - Started process (PID=23182) to work on /opt/airflow/dags/2-pythonoperator.py
[2024-06-10 23:30:17,294] {processor.py:641} INFO - Processing file /opt/airflow/dags/2-pythonoperator.py for tasks to queue
[2024-06-10 23:30:17,295] {logging_mixin.py:115} INFO - [2024-06-10 23:30:17,295] {dagbag.py:508} INFO - Filling up the DagBag from /opt/airflow/dags/2-pythonoperator.py
[2024-06-10 23:30:17,302] {processor.py:651} INFO - DAG(s) dict_keys(['python_operator']) retrieved from /opt/airflow/dags/2-pythonoperator.py
[2024-06-10 23:30:17,325] {logging_mixin.py:115} INFO - [2024-06-10 23:30:17,325] {dag.py:2420} INFO - Sync 1 DAGs
[2024-06-10 23:30:17,341] {logging_mixin.py:115} INFO - [2024-06-10 23:30:17,341] {dag.py:2972} INFO - Setting next_dagrun for python_operator to None, run_after=None
[2024-06-10 23:30:17,350] {processor.py:161} INFO - Processing /opt/airflow/dags/2-pythonoperator.py took 0.060 seconds
[2024-06-10 23:30:47,699] {processor.py:153} INFO - Started process (PID=23208) to work on /opt/airflow/dags/2-pythonoperator.py
[2024-06-10 23:30:47,699] {processor.py:641} INFO - Processing file /opt/airflow/dags/2-pythonoperator.py for tasks to queue
[2024-06-10 23:30:47,700] {logging_mixin.py:115} INFO - [2024-06-10 23:30:47,700] {dagbag.py:508} INFO - Filling up the DagBag from /opt/airflow/dags/2-pythonoperator.py
[2024-06-10 23:30:47,706] {processor.py:651} INFO - DAG(s) dict_keys(['python_operator']) retrieved from /opt/airflow/dags/2-pythonoperator.py
[2024-06-10 23:30:47,726] {logging_mixin.py:115} INFO - [2024-06-10 23:30:47,726] {dag.py:2420} INFO - Sync 1 DAGs
[2024-06-10 23:30:47,741] {logging_mixin.py:115} INFO - [2024-06-10 23:30:47,741] {dag.py:2972} INFO - Setting next_dagrun for python_operator to None, run_after=None
[2024-06-10 23:30:47,752] {processor.py:161} INFO - Processing /opt/airflow/dags/2-pythonoperator.py took 0.056 seconds
[2024-06-10 23:31:18,091] {processor.py:153} INFO - Started process (PID=23243) to work on /opt/airflow/dags/2-pythonoperator.py
[2024-06-10 23:31:18,092] {processor.py:641} INFO - Processing file /opt/airflow/dags/2-pythonoperator.py for tasks to queue
[2024-06-10 23:31:18,093] {logging_mixin.py:115} INFO - [2024-06-10 23:31:18,093] {dagbag.py:508} INFO - Filling up the DagBag from /opt/airflow/dags/2-pythonoperator.py
[2024-06-10 23:31:18,099] {processor.py:651} INFO - DAG(s) dict_keys(['python_operator']) retrieved from /opt/airflow/dags/2-pythonoperator.py
[2024-06-10 23:31:18,120] {logging_mixin.py:115} INFO - [2024-06-10 23:31:18,119] {dag.py:2420} INFO - Sync 1 DAGs
[2024-06-10 23:31:18,137] {logging_mixin.py:115} INFO - [2024-06-10 23:31:18,137] {dag.py:2972} INFO - Setting next_dagrun for python_operator to None, run_after=None
[2024-06-10 23:31:18,146] {processor.py:161} INFO - Processing /opt/airflow/dags/2-pythonoperator.py took 0.059 seconds
[2024-06-10 23:31:48,442] {processor.py:153} INFO - Started process (PID=23278) to work on /opt/airflow/dags/2-pythonoperator.py
[2024-06-10 23:31:48,443] {processor.py:641} INFO - Processing file /opt/airflow/dags/2-pythonoperator.py for tasks to queue
[2024-06-10 23:31:48,443] {logging_mixin.py:115} INFO - [2024-06-10 23:31:48,443] {dagbag.py:508} INFO - Filling up the DagBag from /opt/airflow/dags/2-pythonoperator.py
[2024-06-10 23:31:48,448] {processor.py:651} INFO - DAG(s) dict_keys(['python_operator']) retrieved from /opt/airflow/dags/2-pythonoperator.py
[2024-06-10 23:31:48,465] {logging_mixin.py:115} INFO - [2024-06-10 23:31:48,465] {dag.py:2420} INFO - Sync 1 DAGs
[2024-06-10 23:31:48,482] {logging_mixin.py:115} INFO - [2024-06-10 23:31:48,482] {dag.py:2972} INFO - Setting next_dagrun for python_operator to None, run_after=None
[2024-06-10 23:31:48,492] {processor.py:161} INFO - Processing /opt/airflow/dags/2-pythonoperator.py took 0.052 seconds
[2024-06-10 23:32:18,903] {processor.py:153} INFO - Started process (PID=23313) to work on /opt/airflow/dags/2-pythonoperator.py
[2024-06-10 23:32:18,904] {processor.py:641} INFO - Processing file /opt/airflow/dags/2-pythonoperator.py for tasks to queue
[2024-06-10 23:32:18,905] {logging_mixin.py:115} INFO - [2024-06-10 23:32:18,905] {dagbag.py:508} INFO - Filling up the DagBag from /opt/airflow/dags/2-pythonoperator.py
[2024-06-10 23:32:18,914] {processor.py:651} INFO - DAG(s) dict_keys(['python_operator']) retrieved from /opt/airflow/dags/2-pythonoperator.py
[2024-06-10 23:32:18,935] {logging_mixin.py:115} INFO - [2024-06-10 23:32:18,934] {dag.py:2420} INFO - Sync 1 DAGs
[2024-06-10 23:32:18,950] {logging_mixin.py:115} INFO - [2024-06-10 23:32:18,950] {dag.py:2972} INFO - Setting next_dagrun for python_operator to None, run_after=None
[2024-06-10 23:32:18,960] {processor.py:161} INFO - Processing /opt/airflow/dags/2-pythonoperator.py took 0.061 seconds
[2024-06-10 23:32:49,255] {processor.py:153} INFO - Started process (PID=23348) to work on /opt/airflow/dags/2-pythonoperator.py
[2024-06-10 23:32:49,258] {processor.py:641} INFO - Processing file /opt/airflow/dags/2-pythonoperator.py for tasks to queue
[2024-06-10 23:32:49,258] {logging_mixin.py:115} INFO - [2024-06-10 23:32:49,258] {dagbag.py:508} INFO - Filling up the DagBag from /opt/airflow/dags/2-pythonoperator.py
[2024-06-10 23:32:49,264] {processor.py:651} INFO - DAG(s) dict_keys(['python_operator']) retrieved from /opt/airflow/dags/2-pythonoperator.py
[2024-06-10 23:32:49,283] {logging_mixin.py:115} INFO - [2024-06-10 23:32:49,283] {dag.py:2420} INFO - Sync 1 DAGs
[2024-06-10 23:32:49,300] {logging_mixin.py:115} INFO - [2024-06-10 23:32:49,300] {dag.py:2972} INFO - Setting next_dagrun for python_operator to None, run_after=None
[2024-06-10 23:32:49,313] {processor.py:161} INFO - Processing /opt/airflow/dags/2-pythonoperator.py took 0.061 seconds
[2024-06-10 23:33:19,701] {processor.py:153} INFO - Started process (PID=23374) to work on /opt/airflow/dags/2-pythonoperator.py
[2024-06-10 23:33:19,702] {processor.py:641} INFO - Processing file /opt/airflow/dags/2-pythonoperator.py for tasks to queue
[2024-06-10 23:33:19,702] {logging_mixin.py:115} INFO - [2024-06-10 23:33:19,702] {dagbag.py:508} INFO - Filling up the DagBag from /opt/airflow/dags/2-pythonoperator.py
[2024-06-10 23:33:19,709] {processor.py:651} INFO - DAG(s) dict_keys(['python_operator']) retrieved from /opt/airflow/dags/2-pythonoperator.py
[2024-06-10 23:33:19,725] {logging_mixin.py:115} INFO - [2024-06-10 23:33:19,725] {dag.py:2420} INFO - Sync 1 DAGs
[2024-06-10 23:33:19,739] {logging_mixin.py:115} INFO - [2024-06-10 23:33:19,739] {dag.py:2972} INFO - Setting next_dagrun for python_operator to None, run_after=None
[2024-06-10 23:33:19,749] {processor.py:161} INFO - Processing /opt/airflow/dags/2-pythonoperator.py took 0.050 seconds
[2024-06-10 23:33:50,036] {processor.py:153} INFO - Started process (PID=23409) to work on /opt/airflow/dags/2-pythonoperator.py
[2024-06-10 23:33:50,037] {processor.py:641} INFO - Processing file /opt/airflow/dags/2-pythonoperator.py for tasks to queue
[2024-06-10 23:33:50,038] {logging_mixin.py:115} INFO - [2024-06-10 23:33:50,038] {dagbag.py:508} INFO - Filling up the DagBag from /opt/airflow/dags/2-pythonoperator.py
[2024-06-10 23:33:50,046] {processor.py:651} INFO - DAG(s) dict_keys(['python_operator']) retrieved from /opt/airflow/dags/2-pythonoperator.py
[2024-06-10 23:33:50,064] {logging_mixin.py:115} INFO - [2024-06-10 23:33:50,064] {dag.py:2420} INFO - Sync 1 DAGs
[2024-06-10 23:33:50,082] {logging_mixin.py:115} INFO - [2024-06-10 23:33:50,082] {dag.py:2972} INFO - Setting next_dagrun for python_operator to None, run_after=None
[2024-06-10 23:33:50,093] {processor.py:161} INFO - Processing /opt/airflow/dags/2-pythonoperator.py took 0.060 seconds
[2024-06-10 23:34:20,435] {processor.py:153} INFO - Started process (PID=23444) to work on /opt/airflow/dags/2-pythonoperator.py
[2024-06-10 23:34:20,437] {processor.py:641} INFO - Processing file /opt/airflow/dags/2-pythonoperator.py for tasks to queue
[2024-06-10 23:34:20,438] {logging_mixin.py:115} INFO - [2024-06-10 23:34:20,437] {dagbag.py:508} INFO - Filling up the DagBag from /opt/airflow/dags/2-pythonoperator.py
[2024-06-10 23:34:20,443] {processor.py:651} INFO - DAG(s) dict_keys(['python_operator']) retrieved from /opt/airflow/dags/2-pythonoperator.py
[2024-06-10 23:34:20,460] {logging_mixin.py:115} INFO - [2024-06-10 23:34:20,459] {dag.py:2420} INFO - Sync 1 DAGs
[2024-06-10 23:34:20,473] {logging_mixin.py:115} INFO - [2024-06-10 23:34:20,473] {dag.py:2972} INFO - Setting next_dagrun for python_operator to None, run_after=None
[2024-06-10 23:34:20,481] {processor.py:161} INFO - Processing /opt/airflow/dags/2-pythonoperator.py took 0.049 seconds
[2024-06-10 23:34:50,867] {processor.py:153} INFO - Started process (PID=23478) to work on /opt/airflow/dags/2-pythonoperator.py
[2024-06-10 23:34:50,867] {processor.py:641} INFO - Processing file /opt/airflow/dags/2-pythonoperator.py for tasks to queue
[2024-06-10 23:34:50,868] {logging_mixin.py:115} INFO - [2024-06-10 23:34:50,868] {dagbag.py:508} INFO - Filling up the DagBag from /opt/airflow/dags/2-pythonoperator.py
[2024-06-10 23:34:50,874] {processor.py:651} INFO - DAG(s) dict_keys(['python_operator']) retrieved from /opt/airflow/dags/2-pythonoperator.py
[2024-06-10 23:34:50,891] {logging_mixin.py:115} INFO - [2024-06-10 23:34:50,891] {dag.py:2420} INFO - Sync 1 DAGs
[2024-06-10 23:34:50,911] {logging_mixin.py:115} INFO - [2024-06-10 23:34:50,911] {dag.py:2972} INFO - Setting next_dagrun for python_operator to None, run_after=None
[2024-06-10 23:34:50,919] {processor.py:161} INFO - Processing /opt/airflow/dags/2-pythonoperator.py took 0.055 seconds
[2024-06-10 23:35:21,251] {processor.py:153} INFO - Started process (PID=23513) to work on /opt/airflow/dags/2-pythonoperator.py
[2024-06-10 23:35:21,252] {processor.py:641} INFO - Processing file /opt/airflow/dags/2-pythonoperator.py for tasks to queue
[2024-06-10 23:35:21,252] {logging_mixin.py:115} INFO - [2024-06-10 23:35:21,252] {dagbag.py:508} INFO - Filling up the DagBag from /opt/airflow/dags/2-pythonoperator.py
[2024-06-10 23:35:21,257] {processor.py:651} INFO - DAG(s) dict_keys(['python_operator']) retrieved from /opt/airflow/dags/2-pythonoperator.py
[2024-06-10 23:35:21,276] {logging_mixin.py:115} INFO - [2024-06-10 23:35:21,276] {dag.py:2420} INFO - Sync 1 DAGs
[2024-06-10 23:35:21,291] {logging_mixin.py:115} INFO - [2024-06-10 23:35:21,291] {dag.py:2972} INFO - Setting next_dagrun for python_operator to None, run_after=None
[2024-06-10 23:35:21,300] {processor.py:161} INFO - Processing /opt/airflow/dags/2-pythonoperator.py took 0.051 seconds
[2024-06-10 23:35:51,630] {processor.py:153} INFO - Started process (PID=23539) to work on /opt/airflow/dags/2-pythonoperator.py
[2024-06-10 23:35:51,631] {processor.py:641} INFO - Processing file /opt/airflow/dags/2-pythonoperator.py for tasks to queue
[2024-06-10 23:35:51,631] {logging_mixin.py:115} INFO - [2024-06-10 23:35:51,631] {dagbag.py:508} INFO - Filling up the DagBag from /opt/airflow/dags/2-pythonoperator.py
[2024-06-10 23:35:51,636] {processor.py:651} INFO - DAG(s) dict_keys(['python_operator']) retrieved from /opt/airflow/dags/2-pythonoperator.py
[2024-06-10 23:35:51,655] {logging_mixin.py:115} INFO - [2024-06-10 23:35:51,655] {dag.py:2420} INFO - Sync 1 DAGs
[2024-06-10 23:35:51,676] {logging_mixin.py:115} INFO - [2024-06-10 23:35:51,676] {dag.py:2972} INFO - Setting next_dagrun for python_operator to None, run_after=None
[2024-06-10 23:35:51,687] {processor.py:161} INFO - Processing /opt/airflow/dags/2-pythonoperator.py took 0.059 seconds
[2024-06-10 23:36:22,026] {processor.py:153} INFO - Started process (PID=23574) to work on /opt/airflow/dags/2-pythonoperator.py
[2024-06-10 23:36:22,026] {processor.py:641} INFO - Processing file /opt/airflow/dags/2-pythonoperator.py for tasks to queue
[2024-06-10 23:36:22,027] {logging_mixin.py:115} INFO - [2024-06-10 23:36:22,027] {dagbag.py:508} INFO - Filling up the DagBag from /opt/airflow/dags/2-pythonoperator.py
[2024-06-10 23:36:22,031] {processor.py:651} INFO - DAG(s) dict_keys(['python_operator']) retrieved from /opt/airflow/dags/2-pythonoperator.py
[2024-06-10 23:36:22,052] {logging_mixin.py:115} INFO - [2024-06-10 23:36:22,051] {dag.py:2420} INFO - Sync 1 DAGs
[2024-06-10 23:36:22,067] {logging_mixin.py:115} INFO - [2024-06-10 23:36:22,067] {dag.py:2972} INFO - Setting next_dagrun for python_operator to None, run_after=None
[2024-06-10 23:36:22,079] {processor.py:161} INFO - Processing /opt/airflow/dags/2-pythonoperator.py took 0.056 seconds
[2024-06-10 23:36:52,432] {processor.py:153} INFO - Started process (PID=23607) to work on /opt/airflow/dags/2-pythonoperator.py
[2024-06-10 23:36:52,432] {processor.py:641} INFO - Processing file /opt/airflow/dags/2-pythonoperator.py for tasks to queue
[2024-06-10 23:36:52,433] {logging_mixin.py:115} INFO - [2024-06-10 23:36:52,433] {dagbag.py:508} INFO - Filling up the DagBag from /opt/airflow/dags/2-pythonoperator.py
[2024-06-10 23:36:52,437] {processor.py:651} INFO - DAG(s) dict_keys(['python_operator']) retrieved from /opt/airflow/dags/2-pythonoperator.py
[2024-06-10 23:36:52,458] {logging_mixin.py:115} INFO - [2024-06-10 23:36:52,457] {dag.py:2420} INFO - Sync 1 DAGs
[2024-06-10 23:36:52,472] {logging_mixin.py:115} INFO - [2024-06-10 23:36:52,472] {dag.py:2972} INFO - Setting next_dagrun for python_operator to None, run_after=None
[2024-06-10 23:36:52,480] {processor.py:161} INFO - Processing /opt/airflow/dags/2-pythonoperator.py took 0.051 seconds
[2024-06-10 23:37:22,861] {processor.py:153} INFO - Started process (PID=23642) to work on /opt/airflow/dags/2-pythonoperator.py
[2024-06-10 23:37:22,861] {processor.py:641} INFO - Processing file /opt/airflow/dags/2-pythonoperator.py for tasks to queue
[2024-06-10 23:37:22,862] {logging_mixin.py:115} INFO - [2024-06-10 23:37:22,861] {dagbag.py:508} INFO - Filling up the DagBag from /opt/airflow/dags/2-pythonoperator.py
[2024-06-10 23:37:22,867] {processor.py:651} INFO - DAG(s) dict_keys(['python_operator']) retrieved from /opt/airflow/dags/2-pythonoperator.py
[2024-06-10 23:37:22,884] {logging_mixin.py:115} INFO - [2024-06-10 23:37:22,884] {dag.py:2420} INFO - Sync 1 DAGs
[2024-06-10 23:37:22,901] {logging_mixin.py:115} INFO - [2024-06-10 23:37:22,901] {dag.py:2972} INFO - Setting next_dagrun for python_operator to None, run_after=None
[2024-06-10 23:37:22,910] {processor.py:161} INFO - Processing /opt/airflow/dags/2-pythonoperator.py took 0.052 seconds
[2024-06-10 23:37:53,242] {processor.py:153} INFO - Started process (PID=23676) to work on /opt/airflow/dags/2-pythonoperator.py
[2024-06-10 23:37:53,243] {processor.py:641} INFO - Processing file /opt/airflow/dags/2-pythonoperator.py for tasks to queue
[2024-06-10 23:37:53,243] {logging_mixin.py:115} INFO - [2024-06-10 23:37:53,243] {dagbag.py:508} INFO - Filling up the DagBag from /opt/airflow/dags/2-pythonoperator.py
[2024-06-10 23:37:53,248] {processor.py:651} INFO - DAG(s) dict_keys(['python_operator']) retrieved from /opt/airflow/dags/2-pythonoperator.py
[2024-06-10 23:37:53,269] {logging_mixin.py:115} INFO - [2024-06-10 23:37:53,269] {dag.py:2420} INFO - Sync 1 DAGs
[2024-06-10 23:37:53,285] {logging_mixin.py:115} INFO - [2024-06-10 23:37:53,285] {dag.py:2972} INFO - Setting next_dagrun for python_operator to None, run_after=None
[2024-06-10 23:37:53,294] {processor.py:161} INFO - Processing /opt/airflow/dags/2-pythonoperator.py took 0.055 seconds
[2024-06-10 23:38:23,603] {processor.py:153} INFO - Started process (PID=23702) to work on /opt/airflow/dags/2-pythonoperator.py
[2024-06-10 23:38:23,603] {processor.py:641} INFO - Processing file /opt/airflow/dags/2-pythonoperator.py for tasks to queue
[2024-06-10 23:38:23,604] {logging_mixin.py:115} INFO - [2024-06-10 23:38:23,604] {dagbag.py:508} INFO - Filling up the DagBag from /opt/airflow/dags/2-pythonoperator.py
[2024-06-10 23:38:23,611] {processor.py:651} INFO - DAG(s) dict_keys(['python_operator']) retrieved from /opt/airflow/dags/2-pythonoperator.py
[2024-06-10 23:38:23,632] {logging_mixin.py:115} INFO - [2024-06-10 23:38:23,632] {dag.py:2420} INFO - Sync 1 DAGs
[2024-06-10 23:38:23,646] {logging_mixin.py:115} INFO - [2024-06-10 23:38:23,646] {dag.py:2972} INFO - Setting next_dagrun for python_operator to None, run_after=None
[2024-06-10 23:38:23,656] {processor.py:161} INFO - Processing /opt/airflow/dags/2-pythonoperator.py took 0.057 seconds
[2024-06-10 23:38:54,051] {processor.py:153} INFO - Started process (PID=23736) to work on /opt/airflow/dags/2-pythonoperator.py
[2024-06-10 23:38:54,052] {processor.py:641} INFO - Processing file /opt/airflow/dags/2-pythonoperator.py for tasks to queue
[2024-06-10 23:38:54,052] {logging_mixin.py:115} INFO - [2024-06-10 23:38:54,052] {dagbag.py:508} INFO - Filling up the DagBag from /opt/airflow/dags/2-pythonoperator.py
[2024-06-10 23:38:54,057] {processor.py:651} INFO - DAG(s) dict_keys(['python_operator']) retrieved from /opt/airflow/dags/2-pythonoperator.py
[2024-06-10 23:38:54,076] {logging_mixin.py:115} INFO - [2024-06-10 23:38:54,076] {dag.py:2420} INFO - Sync 1 DAGs
[2024-06-10 23:38:54,091] {logging_mixin.py:115} INFO - [2024-06-10 23:38:54,091] {dag.py:2972} INFO - Setting next_dagrun for python_operator to None, run_after=None
[2024-06-10 23:38:54,099] {processor.py:161} INFO - Processing /opt/airflow/dags/2-pythonoperator.py took 0.052 seconds
[2024-06-10 23:39:24,431] {processor.py:153} INFO - Started process (PID=23770) to work on /opt/airflow/dags/2-pythonoperator.py
[2024-06-10 23:39:24,431] {processor.py:641} INFO - Processing file /opt/airflow/dags/2-pythonoperator.py for tasks to queue
[2024-06-10 23:39:24,432] {logging_mixin.py:115} INFO - [2024-06-10 23:39:24,432] {dagbag.py:508} INFO - Filling up the DagBag from /opt/airflow/dags/2-pythonoperator.py
[2024-06-10 23:39:24,436] {processor.py:651} INFO - DAG(s) dict_keys(['python_operator']) retrieved from /opt/airflow/dags/2-pythonoperator.py
[2024-06-10 23:39:24,454] {logging_mixin.py:115} INFO - [2024-06-10 23:39:24,454] {dag.py:2420} INFO - Sync 1 DAGs
[2024-06-10 23:39:24,470] {logging_mixin.py:115} INFO - [2024-06-10 23:39:24,470] {dag.py:2972} INFO - Setting next_dagrun for python_operator to None, run_after=None
[2024-06-10 23:39:24,478] {processor.py:161} INFO - Processing /opt/airflow/dags/2-pythonoperator.py took 0.050 seconds
[2024-06-10 23:39:54,872] {processor.py:153} INFO - Started process (PID=23805) to work on /opt/airflow/dags/2-pythonoperator.py
[2024-06-10 23:39:54,872] {processor.py:641} INFO - Processing file /opt/airflow/dags/2-pythonoperator.py for tasks to queue
[2024-06-10 23:39:54,872] {logging_mixin.py:115} INFO - [2024-06-10 23:39:54,872] {dagbag.py:508} INFO - Filling up the DagBag from /opt/airflow/dags/2-pythonoperator.py
[2024-06-10 23:39:54,878] {processor.py:651} INFO - DAG(s) dict_keys(['python_operator']) retrieved from /opt/airflow/dags/2-pythonoperator.py
[2024-06-10 23:39:54,900] {logging_mixin.py:115} INFO - [2024-06-10 23:39:54,900] {dag.py:2420} INFO - Sync 1 DAGs
[2024-06-10 23:39:54,915] {logging_mixin.py:115} INFO - [2024-06-10 23:39:54,915] {dag.py:2972} INFO - Setting next_dagrun for python_operator to None, run_after=None
[2024-06-10 23:39:54,924] {processor.py:161} INFO - Processing /opt/airflow/dags/2-pythonoperator.py took 0.055 seconds
[2024-06-10 23:40:25,261] {processor.py:153} INFO - Started process (PID=23840) to work on /opt/airflow/dags/2-pythonoperator.py
[2024-06-10 23:40:25,262] {processor.py:641} INFO - Processing file /opt/airflow/dags/2-pythonoperator.py for tasks to queue
[2024-06-10 23:40:25,262] {logging_mixin.py:115} INFO - [2024-06-10 23:40:25,262] {dagbag.py:508} INFO - Filling up the DagBag from /opt/airflow/dags/2-pythonoperator.py
[2024-06-10 23:40:25,267] {processor.py:651} INFO - DAG(s) dict_keys(['python_operator']) retrieved from /opt/airflow/dags/2-pythonoperator.py
[2024-06-10 23:40:25,285] {logging_mixin.py:115} INFO - [2024-06-10 23:40:25,284] {dag.py:2420} INFO - Sync 1 DAGs
[2024-06-10 23:40:25,301] {logging_mixin.py:115} INFO - [2024-06-10 23:40:25,300] {dag.py:2972} INFO - Setting next_dagrun for python_operator to None, run_after=None
[2024-06-10 23:40:25,308] {processor.py:161} INFO - Processing /opt/airflow/dags/2-pythonoperator.py took 0.050 seconds
[2024-06-10 23:40:55,696] {processor.py:153} INFO - Started process (PID=23866) to work on /opt/airflow/dags/2-pythonoperator.py
[2024-06-10 23:40:55,696] {processor.py:641} INFO - Processing file /opt/airflow/dags/2-pythonoperator.py for tasks to queue
[2024-06-10 23:40:55,697] {logging_mixin.py:115} INFO - [2024-06-10 23:40:55,697] {dagbag.py:508} INFO - Filling up the DagBag from /opt/airflow/dags/2-pythonoperator.py
[2024-06-10 23:40:55,703] {processor.py:651} INFO - DAG(s) dict_keys(['python_operator']) retrieved from /opt/airflow/dags/2-pythonoperator.py
[2024-06-10 23:40:55,722] {logging_mixin.py:115} INFO - [2024-06-10 23:40:55,722] {dag.py:2420} INFO - Sync 1 DAGs
[2024-06-10 23:40:55,736] {logging_mixin.py:115} INFO - [2024-06-10 23:40:55,736] {dag.py:2972} INFO - Setting next_dagrun for python_operator to None, run_after=None
[2024-06-10 23:40:55,744] {processor.py:161} INFO - Processing /opt/airflow/dags/2-pythonoperator.py took 0.050 seconds
[2024-06-10 23:41:26,141] {processor.py:153} INFO - Started process (PID=23901) to work on /opt/airflow/dags/2-pythonoperator.py
[2024-06-10 23:41:26,141] {processor.py:641} INFO - Processing file /opt/airflow/dags/2-pythonoperator.py for tasks to queue
[2024-06-10 23:41:26,142] {logging_mixin.py:115} INFO - [2024-06-10 23:41:26,142] {dagbag.py:508} INFO - Filling up the DagBag from /opt/airflow/dags/2-pythonoperator.py
[2024-06-10 23:41:26,147] {processor.py:651} INFO - DAG(s) dict_keys(['python_operator']) retrieved from /opt/airflow/dags/2-pythonoperator.py
[2024-06-10 23:41:26,165] {logging_mixin.py:115} INFO - [2024-06-10 23:41:26,165] {dag.py:2420} INFO - Sync 1 DAGs
[2024-06-10 23:41:26,179] {logging_mixin.py:115} INFO - [2024-06-10 23:41:26,179] {dag.py:2972} INFO - Setting next_dagrun for python_operator to None, run_after=None
[2024-06-10 23:41:26,189] {processor.py:161} INFO - Processing /opt/airflow/dags/2-pythonoperator.py took 0.051 seconds
[2024-06-10 23:41:56,536] {processor.py:153} INFO - Started process (PID=23936) to work on /opt/airflow/dags/2-pythonoperator.py
[2024-06-10 23:41:56,536] {processor.py:641} INFO - Processing file /opt/airflow/dags/2-pythonoperator.py for tasks to queue
[2024-06-10 23:41:56,537] {logging_mixin.py:115} INFO - [2024-06-10 23:41:56,537] {dagbag.py:508} INFO - Filling up the DagBag from /opt/airflow/dags/2-pythonoperator.py
[2024-06-10 23:41:56,543] {processor.py:651} INFO - DAG(s) dict_keys(['python_operator']) retrieved from /opt/airflow/dags/2-pythonoperator.py
[2024-06-10 23:41:56,559] {logging_mixin.py:115} INFO - [2024-06-10 23:41:56,559] {dag.py:2420} INFO - Sync 1 DAGs
[2024-06-10 23:41:56,574] {logging_mixin.py:115} INFO - [2024-06-10 23:41:56,573] {dag.py:2972} INFO - Setting next_dagrun for python_operator to None, run_after=None
[2024-06-10 23:41:56,581] {processor.py:161} INFO - Processing /opt/airflow/dags/2-pythonoperator.py took 0.047 seconds
[2024-06-10 23:42:26,956] {processor.py:153} INFO - Started process (PID=23971) to work on /opt/airflow/dags/2-pythonoperator.py
[2024-06-10 23:42:26,956] {processor.py:641} INFO - Processing file /opt/airflow/dags/2-pythonoperator.py for tasks to queue
[2024-06-10 23:42:26,957] {logging_mixin.py:115} INFO - [2024-06-10 23:42:26,957] {dagbag.py:508} INFO - Filling up the DagBag from /opt/airflow/dags/2-pythonoperator.py
[2024-06-10 23:42:26,961] {processor.py:651} INFO - DAG(s) dict_keys(['python_operator']) retrieved from /opt/airflow/dags/2-pythonoperator.py
[2024-06-10 23:42:26,981] {logging_mixin.py:115} INFO - [2024-06-10 23:42:26,981] {dag.py:2420} INFO - Sync 1 DAGs
[2024-06-10 23:42:26,995] {logging_mixin.py:115} INFO - [2024-06-10 23:42:26,995] {dag.py:2972} INFO - Setting next_dagrun for python_operator to None, run_after=None
[2024-06-10 23:42:27,005] {processor.py:161} INFO - Processing /opt/airflow/dags/2-pythonoperator.py took 0.051 seconds
[2024-06-10 23:42:57,372] {processor.py:153} INFO - Started process (PID=24006) to work on /opt/airflow/dags/2-pythonoperator.py
[2024-06-10 23:42:57,373] {processor.py:641} INFO - Processing file /opt/airflow/dags/2-pythonoperator.py for tasks to queue
[2024-06-10 23:42:57,374] {logging_mixin.py:115} INFO - [2024-06-10 23:42:57,374] {dagbag.py:508} INFO - Filling up the DagBag from /opt/airflow/dags/2-pythonoperator.py
[2024-06-10 23:42:57,380] {processor.py:651} INFO - DAG(s) dict_keys(['python_operator']) retrieved from /opt/airflow/dags/2-pythonoperator.py
[2024-06-10 23:42:57,401] {logging_mixin.py:115} INFO - [2024-06-10 23:42:57,401] {dag.py:2420} INFO - Sync 1 DAGs
[2024-06-10 23:42:57,416] {logging_mixin.py:115} INFO - [2024-06-10 23:42:57,416] {dag.py:2972} INFO - Setting next_dagrun for python_operator to None, run_after=None
[2024-06-10 23:42:57,424] {processor.py:161} INFO - Processing /opt/airflow/dags/2-pythonoperator.py took 0.054 seconds
[2024-06-10 23:43:27,695] {processor.py:153} INFO - Started process (PID=24032) to work on /opt/airflow/dags/2-pythonoperator.py
[2024-06-10 23:43:27,696] {processor.py:641} INFO - Processing file /opt/airflow/dags/2-pythonoperator.py for tasks to queue
[2024-06-10 23:43:27,697] {logging_mixin.py:115} INFO - [2024-06-10 23:43:27,696] {dagbag.py:508} INFO - Filling up the DagBag from /opt/airflow/dags/2-pythonoperator.py
[2024-06-10 23:43:27,702] {processor.py:651} INFO - DAG(s) dict_keys(['python_operator']) retrieved from /opt/airflow/dags/2-pythonoperator.py
[2024-06-10 23:43:27,722] {logging_mixin.py:115} INFO - [2024-06-10 23:43:27,722] {dag.py:2420} INFO - Sync 1 DAGs
[2024-06-10 23:43:27,735] {logging_mixin.py:115} INFO - [2024-06-10 23:43:27,735] {dag.py:2972} INFO - Setting next_dagrun for python_operator to None, run_after=None
[2024-06-10 23:43:27,744] {processor.py:161} INFO - Processing /opt/airflow/dags/2-pythonoperator.py took 0.051 seconds
[2024-06-10 23:43:58,085] {processor.py:153} INFO - Started process (PID=24067) to work on /opt/airflow/dags/2-pythonoperator.py
[2024-06-10 23:43:58,085] {processor.py:641} INFO - Processing file /opt/airflow/dags/2-pythonoperator.py for tasks to queue
[2024-06-10 23:43:58,086] {logging_mixin.py:115} INFO - [2024-06-10 23:43:58,086] {dagbag.py:508} INFO - Filling up the DagBag from /opt/airflow/dags/2-pythonoperator.py
[2024-06-10 23:43:58,091] {processor.py:651} INFO - DAG(s) dict_keys(['python_operator']) retrieved from /opt/airflow/dags/2-pythonoperator.py
[2024-06-10 23:43:58,108] {logging_mixin.py:115} INFO - [2024-06-10 23:43:58,108] {dag.py:2420} INFO - Sync 1 DAGs
[2024-06-10 23:43:58,122] {logging_mixin.py:115} INFO - [2024-06-10 23:43:58,122] {dag.py:2972} INFO - Setting next_dagrun for python_operator to None, run_after=None
[2024-06-10 23:43:58,130] {processor.py:161} INFO - Processing /opt/airflow/dags/2-pythonoperator.py took 0.048 seconds
[2024-06-10 23:44:28,520] {processor.py:153} INFO - Started process (PID=24102) to work on /opt/airflow/dags/2-pythonoperator.py
[2024-06-10 23:44:28,520] {processor.py:641} INFO - Processing file /opt/airflow/dags/2-pythonoperator.py for tasks to queue
[2024-06-10 23:44:28,521] {logging_mixin.py:115} INFO - [2024-06-10 23:44:28,521] {dagbag.py:508} INFO - Filling up the DagBag from /opt/airflow/dags/2-pythonoperator.py
[2024-06-10 23:44:28,527] {processor.py:651} INFO - DAG(s) dict_keys(['python_operator']) retrieved from /opt/airflow/dags/2-pythonoperator.py
[2024-06-10 23:44:28,546] {logging_mixin.py:115} INFO - [2024-06-10 23:44:28,546] {dag.py:2420} INFO - Sync 1 DAGs
[2024-06-10 23:44:28,560] {logging_mixin.py:115} INFO - [2024-06-10 23:44:28,560] {dag.py:2972} INFO - Setting next_dagrun for python_operator to None, run_after=None
[2024-06-10 23:44:28,572] {processor.py:161} INFO - Processing /opt/airflow/dags/2-pythonoperator.py took 0.055 seconds
[2024-06-10 23:44:58,897] {processor.py:153} INFO - Started process (PID=24135) to work on /opt/airflow/dags/2-pythonoperator.py
[2024-06-10 23:44:58,898] {processor.py:641} INFO - Processing file /opt/airflow/dags/2-pythonoperator.py for tasks to queue
[2024-06-10 23:44:58,898] {logging_mixin.py:115} INFO - [2024-06-10 23:44:58,898] {dagbag.py:508} INFO - Filling up the DagBag from /opt/airflow/dags/2-pythonoperator.py
[2024-06-10 23:44:58,903] {processor.py:651} INFO - DAG(s) dict_keys(['python_operator']) retrieved from /opt/airflow/dags/2-pythonoperator.py
[2024-06-10 23:44:58,923] {logging_mixin.py:115} INFO - [2024-06-10 23:44:58,922] {dag.py:2420} INFO - Sync 1 DAGs
[2024-06-10 23:44:58,943] {logging_mixin.py:115} INFO - [2024-06-10 23:44:58,943] {dag.py:2972} INFO - Setting next_dagrun for python_operator to None, run_after=None
[2024-06-10 23:44:58,958] {processor.py:161} INFO - Processing /opt/airflow/dags/2-pythonoperator.py took 0.063 seconds
[2024-06-10 23:45:29,310] {processor.py:153} INFO - Started process (PID=24169) to work on /opt/airflow/dags/2-pythonoperator.py
[2024-06-10 23:45:29,311] {processor.py:641} INFO - Processing file /opt/airflow/dags/2-pythonoperator.py for tasks to queue
[2024-06-10 23:45:29,312] {logging_mixin.py:115} INFO - [2024-06-10 23:45:29,312] {dagbag.py:508} INFO - Filling up the DagBag from /opt/airflow/dags/2-pythonoperator.py
[2024-06-10 23:45:29,320] {processor.py:651} INFO - DAG(s) dict_keys(['python_operator']) retrieved from /opt/airflow/dags/2-pythonoperator.py
[2024-06-10 23:45:29,341] {logging_mixin.py:115} INFO - [2024-06-10 23:45:29,341] {dag.py:2420} INFO - Sync 1 DAGs
[2024-06-10 23:45:29,363] {logging_mixin.py:115} INFO - [2024-06-10 23:45:29,363] {dag.py:2972} INFO - Setting next_dagrun for python_operator to None, run_after=None
[2024-06-10 23:45:29,379] {processor.py:161} INFO - Processing /opt/airflow/dags/2-pythonoperator.py took 0.072 seconds
[2024-06-10 23:45:59,762] {processor.py:153} INFO - Started process (PID=24195) to work on /opt/airflow/dags/2-pythonoperator.py
[2024-06-10 23:45:59,762] {processor.py:641} INFO - Processing file /opt/airflow/dags/2-pythonoperator.py for tasks to queue
[2024-06-10 23:45:59,763] {logging_mixin.py:115} INFO - [2024-06-10 23:45:59,763] {dagbag.py:508} INFO - Filling up the DagBag from /opt/airflow/dags/2-pythonoperator.py
[2024-06-10 23:45:59,768] {processor.py:651} INFO - DAG(s) dict_keys(['python_operator']) retrieved from /opt/airflow/dags/2-pythonoperator.py
[2024-06-10 23:45:59,785] {logging_mixin.py:115} INFO - [2024-06-10 23:45:59,785] {dag.py:2420} INFO - Sync 1 DAGs
[2024-06-10 23:45:59,802] {logging_mixin.py:115} INFO - [2024-06-10 23:45:59,802] {dag.py:2972} INFO - Setting next_dagrun for python_operator to None, run_after=None
[2024-06-10 23:45:59,812] {processor.py:161} INFO - Processing /opt/airflow/dags/2-pythonoperator.py took 0.052 seconds
[2024-06-10 23:46:30,149] {processor.py:153} INFO - Started process (PID=24230) to work on /opt/airflow/dags/2-pythonoperator.py
[2024-06-10 23:46:30,150] {processor.py:641} INFO - Processing file /opt/airflow/dags/2-pythonoperator.py for tasks to queue
[2024-06-10 23:46:30,150] {logging_mixin.py:115} INFO - [2024-06-10 23:46:30,150] {dagbag.py:508} INFO - Filling up the DagBag from /opt/airflow/dags/2-pythonoperator.py
[2024-06-10 23:46:30,155] {processor.py:651} INFO - DAG(s) dict_keys(['python_operator']) retrieved from /opt/airflow/dags/2-pythonoperator.py
[2024-06-10 23:46:30,172] {logging_mixin.py:115} INFO - [2024-06-10 23:46:30,172] {dag.py:2420} INFO - Sync 1 DAGs
[2024-06-10 23:46:30,187] {logging_mixin.py:115} INFO - [2024-06-10 23:46:30,187] {dag.py:2972} INFO - Setting next_dagrun for python_operator to None, run_after=None
[2024-06-10 23:46:30,194] {processor.py:161} INFO - Processing /opt/airflow/dags/2-pythonoperator.py took 0.047 seconds
[2024-06-10 23:47:00,537] {processor.py:153} INFO - Started process (PID=24265) to work on /opt/airflow/dags/2-pythonoperator.py
[2024-06-10 23:47:00,538] {processor.py:641} INFO - Processing file /opt/airflow/dags/2-pythonoperator.py for tasks to queue
[2024-06-10 23:47:00,538] {logging_mixin.py:115} INFO - [2024-06-10 23:47:00,538] {dagbag.py:508} INFO - Filling up the DagBag from /opt/airflow/dags/2-pythonoperator.py
[2024-06-10 23:47:00,545] {processor.py:651} INFO - DAG(s) dict_keys(['python_operator']) retrieved from /opt/airflow/dags/2-pythonoperator.py
[2024-06-10 23:47:00,567] {logging_mixin.py:115} INFO - [2024-06-10 23:47:00,567] {dag.py:2420} INFO - Sync 1 DAGs
[2024-06-10 23:47:00,588] {logging_mixin.py:115} INFO - [2024-06-10 23:47:00,588] {dag.py:2972} INFO - Setting next_dagrun for python_operator to None, run_after=None
[2024-06-10 23:47:00,599] {processor.py:161} INFO - Processing /opt/airflow/dags/2-pythonoperator.py took 0.065 seconds
[2024-06-10 23:47:30,983] {processor.py:153} INFO - Started process (PID=24300) to work on /opt/airflow/dags/2-pythonoperator.py
[2024-06-10 23:47:30,983] {processor.py:641} INFO - Processing file /opt/airflow/dags/2-pythonoperator.py for tasks to queue
[2024-06-10 23:47:30,984] {logging_mixin.py:115} INFO - [2024-06-10 23:47:30,984] {dagbag.py:508} INFO - Filling up the DagBag from /opt/airflow/dags/2-pythonoperator.py
[2024-06-10 23:47:30,992] {processor.py:651} INFO - DAG(s) dict_keys(['python_operator']) retrieved from /opt/airflow/dags/2-pythonoperator.py
[2024-06-10 23:47:31,011] {logging_mixin.py:115} INFO - [2024-06-10 23:47:31,011] {dag.py:2420} INFO - Sync 1 DAGs
[2024-06-10 23:47:31,028] {logging_mixin.py:115} INFO - [2024-06-10 23:47:31,028] {dag.py:2972} INFO - Setting next_dagrun for python_operator to None, run_after=None
[2024-06-10 23:47:31,037] {processor.py:161} INFO - Processing /opt/airflow/dags/2-pythonoperator.py took 0.057 seconds
[2024-06-10 23:48:01,397] {processor.py:153} INFO - Started process (PID=24334) to work on /opt/airflow/dags/2-pythonoperator.py
[2024-06-10 23:48:01,398] {processor.py:641} INFO - Processing file /opt/airflow/dags/2-pythonoperator.py for tasks to queue
[2024-06-10 23:48:01,399] {logging_mixin.py:115} INFO - [2024-06-10 23:48:01,399] {dagbag.py:508} INFO - Filling up the DagBag from /opt/airflow/dags/2-pythonoperator.py
[2024-06-10 23:48:01,406] {processor.py:651} INFO - DAG(s) dict_keys(['python_operator']) retrieved from /opt/airflow/dags/2-pythonoperator.py
[2024-06-10 23:48:01,431] {logging_mixin.py:115} INFO - [2024-06-10 23:48:01,431] {dag.py:2420} INFO - Sync 1 DAGs
[2024-06-10 23:48:01,448] {logging_mixin.py:115} INFO - [2024-06-10 23:48:01,448] {dag.py:2972} INFO - Setting next_dagrun for python_operator to None, run_after=None
[2024-06-10 23:48:01,457] {processor.py:161} INFO - Processing /opt/airflow/dags/2-pythonoperator.py took 0.063 seconds
[2024-06-10 23:48:31,808] {processor.py:153} INFO - Started process (PID=24360) to work on /opt/airflow/dags/2-pythonoperator.py
[2024-06-10 23:48:31,808] {processor.py:641} INFO - Processing file /opt/airflow/dags/2-pythonoperator.py for tasks to queue
[2024-06-10 23:48:31,809] {logging_mixin.py:115} INFO - [2024-06-10 23:48:31,809] {dagbag.py:508} INFO - Filling up the DagBag from /opt/airflow/dags/2-pythonoperator.py
[2024-06-10 23:48:31,814] {processor.py:651} INFO - DAG(s) dict_keys(['python_operator']) retrieved from /opt/airflow/dags/2-pythonoperator.py
[2024-06-10 23:48:31,834] {logging_mixin.py:115} INFO - [2024-06-10 23:48:31,834] {dag.py:2420} INFO - Sync 1 DAGs
[2024-06-10 23:48:31,850] {logging_mixin.py:115} INFO - [2024-06-10 23:48:31,850] {dag.py:2972} INFO - Setting next_dagrun for python_operator to None, run_after=None
[2024-06-10 23:48:31,859] {processor.py:161} INFO - Processing /opt/airflow/dags/2-pythonoperator.py took 0.054 seconds
[2024-06-10 23:49:02,199] {processor.py:153} INFO - Started process (PID=24394) to work on /opt/airflow/dags/2-pythonoperator.py
[2024-06-10 23:49:02,199] {processor.py:641} INFO - Processing file /opt/airflow/dags/2-pythonoperator.py for tasks to queue
[2024-06-10 23:49:02,199] {logging_mixin.py:115} INFO - [2024-06-10 23:49:02,199] {dagbag.py:508} INFO - Filling up the DagBag from /opt/airflow/dags/2-pythonoperator.py
[2024-06-10 23:49:02,204] {processor.py:651} INFO - DAG(s) dict_keys(['python_operator']) retrieved from /opt/airflow/dags/2-pythonoperator.py
[2024-06-10 23:49:02,223] {logging_mixin.py:115} INFO - [2024-06-10 23:49:02,223] {dag.py:2420} INFO - Sync 1 DAGs
[2024-06-10 23:49:02,238] {logging_mixin.py:115} INFO - [2024-06-10 23:49:02,238] {dag.py:2972} INFO - Setting next_dagrun for python_operator to None, run_after=None
[2024-06-10 23:49:02,247] {processor.py:161} INFO - Processing /opt/airflow/dags/2-pythonoperator.py took 0.052 seconds
[2024-06-10 23:49:32,591] {processor.py:153} INFO - Started process (PID=24429) to work on /opt/airflow/dags/2-pythonoperator.py
[2024-06-10 23:49:32,591] {processor.py:641} INFO - Processing file /opt/airflow/dags/2-pythonoperator.py for tasks to queue
[2024-06-10 23:49:32,591] {logging_mixin.py:115} INFO - [2024-06-10 23:49:32,591] {dagbag.py:508} INFO - Filling up the DagBag from /opt/airflow/dags/2-pythonoperator.py
[2024-06-10 23:49:32,596] {processor.py:651} INFO - DAG(s) dict_keys(['python_operator']) retrieved from /opt/airflow/dags/2-pythonoperator.py
[2024-06-10 23:49:32,615] {logging_mixin.py:115} INFO - [2024-06-10 23:49:32,615] {dag.py:2420} INFO - Sync 1 DAGs
[2024-06-10 23:49:32,629] {logging_mixin.py:115} INFO - [2024-06-10 23:49:32,628] {dag.py:2972} INFO - Setting next_dagrun for python_operator to None, run_after=None
[2024-06-10 23:49:32,637] {processor.py:161} INFO - Processing /opt/airflow/dags/2-pythonoperator.py took 0.048 seconds
[2024-06-10 23:50:02,982] {processor.py:153} INFO - Started process (PID=24464) to work on /opt/airflow/dags/2-pythonoperator.py
[2024-06-10 23:50:02,983] {processor.py:641} INFO - Processing file /opt/airflow/dags/2-pythonoperator.py for tasks to queue
[2024-06-10 23:50:02,983] {logging_mixin.py:115} INFO - [2024-06-10 23:50:02,983] {dagbag.py:508} INFO - Filling up the DagBag from /opt/airflow/dags/2-pythonoperator.py
[2024-06-10 23:50:02,989] {processor.py:651} INFO - DAG(s) dict_keys(['python_operator']) retrieved from /opt/airflow/dags/2-pythonoperator.py
[2024-06-10 23:50:03,008] {logging_mixin.py:115} INFO - [2024-06-10 23:50:03,008] {dag.py:2420} INFO - Sync 1 DAGs
[2024-06-10 23:50:03,027] {logging_mixin.py:115} INFO - [2024-06-10 23:50:03,027] {dag.py:2972} INFO - Setting next_dagrun for python_operator to None, run_after=None
[2024-06-10 23:50:03,037] {processor.py:161} INFO - Processing /opt/airflow/dags/2-pythonoperator.py took 0.058 seconds
[2024-06-10 23:50:33,389] {processor.py:153} INFO - Started process (PID=24499) to work on /opt/airflow/dags/2-pythonoperator.py
[2024-06-10 23:50:33,390] {processor.py:641} INFO - Processing file /opt/airflow/dags/2-pythonoperator.py for tasks to queue
[2024-06-10 23:50:33,390] {logging_mixin.py:115} INFO - [2024-06-10 23:50:33,390] {dagbag.py:508} INFO - Filling up the DagBag from /opt/airflow/dags/2-pythonoperator.py
[2024-06-10 23:50:33,398] {processor.py:651} INFO - DAG(s) dict_keys(['python_operator']) retrieved from /opt/airflow/dags/2-pythonoperator.py
[2024-06-10 23:50:33,422] {logging_mixin.py:115} INFO - [2024-06-10 23:50:33,422] {dag.py:2420} INFO - Sync 1 DAGs
[2024-06-10 23:50:33,439] {logging_mixin.py:115} INFO - [2024-06-10 23:50:33,439] {dag.py:2972} INFO - Setting next_dagrun for python_operator to None, run_after=None
[2024-06-10 23:50:33,451] {processor.py:161} INFO - Processing /opt/airflow/dags/2-pythonoperator.py took 0.066 seconds
[2024-06-10 23:51:03,776] {processor.py:153} INFO - Started process (PID=24524) to work on /opt/airflow/dags/2-pythonoperator.py
[2024-06-10 23:51:03,776] {processor.py:641} INFO - Processing file /opt/airflow/dags/2-pythonoperator.py for tasks to queue
[2024-06-10 23:51:03,777] {logging_mixin.py:115} INFO - [2024-06-10 23:51:03,777] {dagbag.py:508} INFO - Filling up the DagBag from /opt/airflow/dags/2-pythonoperator.py
[2024-06-10 23:51:03,781] {processor.py:651} INFO - DAG(s) dict_keys(['python_operator']) retrieved from /opt/airflow/dags/2-pythonoperator.py
[2024-06-10 23:51:03,800] {logging_mixin.py:115} INFO - [2024-06-10 23:51:03,800] {dag.py:2420} INFO - Sync 1 DAGs
[2024-06-10 23:51:03,816] {logging_mixin.py:115} INFO - [2024-06-10 23:51:03,816] {dag.py:2972} INFO - Setting next_dagrun for python_operator to None, run_after=None
[2024-06-10 23:51:03,824] {processor.py:161} INFO - Processing /opt/airflow/dags/2-pythonoperator.py took 0.050 seconds
[2024-06-10 23:51:34,153] {processor.py:153} INFO - Started process (PID=24559) to work on /opt/airflow/dags/2-pythonoperator.py
[2024-06-10 23:51:34,154] {processor.py:641} INFO - Processing file /opt/airflow/dags/2-pythonoperator.py for tasks to queue
[2024-06-10 23:51:34,154] {logging_mixin.py:115} INFO - [2024-06-10 23:51:34,154] {dagbag.py:508} INFO - Filling up the DagBag from /opt/airflow/dags/2-pythonoperator.py
[2024-06-10 23:51:34,160] {processor.py:651} INFO - DAG(s) dict_keys(['python_operator']) retrieved from /opt/airflow/dags/2-pythonoperator.py
[2024-06-10 23:51:34,179] {logging_mixin.py:115} INFO - [2024-06-10 23:51:34,179] {dag.py:2420} INFO - Sync 1 DAGs
[2024-06-10 23:51:34,194] {logging_mixin.py:115} INFO - [2024-06-10 23:51:34,193] {dag.py:2972} INFO - Setting next_dagrun for python_operator to None, run_after=None
[2024-06-10 23:51:34,202] {processor.py:161} INFO - Processing /opt/airflow/dags/2-pythonoperator.py took 0.052 seconds
[2024-06-10 23:52:04,572] {processor.py:153} INFO - Started process (PID=24594) to work on /opt/airflow/dags/2-pythonoperator.py
[2024-06-10 23:52:04,572] {processor.py:641} INFO - Processing file /opt/airflow/dags/2-pythonoperator.py for tasks to queue
[2024-06-10 23:52:04,572] {logging_mixin.py:115} INFO - [2024-06-10 23:52:04,572] {dagbag.py:508} INFO - Filling up the DagBag from /opt/airflow/dags/2-pythonoperator.py
[2024-06-10 23:52:04,577] {processor.py:651} INFO - DAG(s) dict_keys(['python_operator']) retrieved from /opt/airflow/dags/2-pythonoperator.py
[2024-06-10 23:52:04,595] {logging_mixin.py:115} INFO - [2024-06-10 23:52:04,595] {dag.py:2420} INFO - Sync 1 DAGs
[2024-06-10 23:52:04,611] {logging_mixin.py:115} INFO - [2024-06-10 23:52:04,611] {dag.py:2972} INFO - Setting next_dagrun for python_operator to None, run_after=None
[2024-06-10 23:52:04,619] {processor.py:161} INFO - Processing /opt/airflow/dags/2-pythonoperator.py took 0.050 seconds
[2024-06-10 23:52:34,966] {processor.py:153} INFO - Started process (PID=24629) to work on /opt/airflow/dags/2-pythonoperator.py
[2024-06-10 23:52:34,966] {processor.py:641} INFO - Processing file /opt/airflow/dags/2-pythonoperator.py for tasks to queue
[2024-06-10 23:52:34,967] {logging_mixin.py:115} INFO - [2024-06-10 23:52:34,966] {dagbag.py:508} INFO - Filling up the DagBag from /opt/airflow/dags/2-pythonoperator.py
[2024-06-10 23:52:34,971] {processor.py:651} INFO - DAG(s) dict_keys(['python_operator']) retrieved from /opt/airflow/dags/2-pythonoperator.py
[2024-06-10 23:52:34,991] {logging_mixin.py:115} INFO - [2024-06-10 23:52:34,991] {dag.py:2420} INFO - Sync 1 DAGs
[2024-06-10 23:52:35,007] {logging_mixin.py:115} INFO - [2024-06-10 23:52:35,007] {dag.py:2972} INFO - Setting next_dagrun for python_operator to None, run_after=None
[2024-06-10 23:52:35,016] {processor.py:161} INFO - Processing /opt/airflow/dags/2-pythonoperator.py took 0.053 seconds
[2024-06-10 23:53:05,391] {processor.py:153} INFO - Started process (PID=24664) to work on /opt/airflow/dags/2-pythonoperator.py
[2024-06-10 23:53:05,391] {processor.py:641} INFO - Processing file /opt/airflow/dags/2-pythonoperator.py for tasks to queue
[2024-06-10 23:53:05,392] {logging_mixin.py:115} INFO - [2024-06-10 23:53:05,392] {dagbag.py:508} INFO - Filling up the DagBag from /opt/airflow/dags/2-pythonoperator.py
[2024-06-10 23:53:05,398] {processor.py:651} INFO - DAG(s) dict_keys(['python_operator']) retrieved from /opt/airflow/dags/2-pythonoperator.py
[2024-06-10 23:53:05,417] {logging_mixin.py:115} INFO - [2024-06-10 23:53:05,417] {dag.py:2420} INFO - Sync 1 DAGs
[2024-06-10 23:53:05,433] {logging_mixin.py:115} INFO - [2024-06-10 23:53:05,433] {dag.py:2972} INFO - Setting next_dagrun for python_operator to None, run_after=None
[2024-06-10 23:53:05,447] {processor.py:161} INFO - Processing /opt/airflow/dags/2-pythonoperator.py took 0.060 seconds
[2024-06-10 23:53:35,798] {processor.py:153} INFO - Started process (PID=24690) to work on /opt/airflow/dags/2-pythonoperator.py
[2024-06-10 23:53:35,799] {processor.py:641} INFO - Processing file /opt/airflow/dags/2-pythonoperator.py for tasks to queue
[2024-06-10 23:53:35,800] {logging_mixin.py:115} INFO - [2024-06-10 23:53:35,800] {dagbag.py:508} INFO - Filling up the DagBag from /opt/airflow/dags/2-pythonoperator.py
[2024-06-10 23:53:35,806] {processor.py:651} INFO - DAG(s) dict_keys(['python_operator']) retrieved from /opt/airflow/dags/2-pythonoperator.py
[2024-06-10 23:53:35,825] {logging_mixin.py:115} INFO - [2024-06-10 23:53:35,824] {dag.py:2420} INFO - Sync 1 DAGs
[2024-06-10 23:53:35,839] {logging_mixin.py:115} INFO - [2024-06-10 23:53:35,839] {dag.py:2972} INFO - Setting next_dagrun for python_operator to None, run_after=None
[2024-06-10 23:53:35,849] {processor.py:161} INFO - Processing /opt/airflow/dags/2-pythonoperator.py took 0.055 seconds
[2024-06-10 23:54:06,149] {processor.py:153} INFO - Started process (PID=24725) to work on /opt/airflow/dags/2-pythonoperator.py
[2024-06-10 23:54:06,151] {processor.py:641} INFO - Processing file /opt/airflow/dags/2-pythonoperator.py for tasks to queue
[2024-06-10 23:54:06,151] {logging_mixin.py:115} INFO - [2024-06-10 23:54:06,151] {dagbag.py:508} INFO - Filling up the DagBag from /opt/airflow/dags/2-pythonoperator.py
[2024-06-10 23:54:06,159] {processor.py:651} INFO - DAG(s) dict_keys(['python_operator']) retrieved from /opt/airflow/dags/2-pythonoperator.py
[2024-06-10 23:54:06,177] {logging_mixin.py:115} INFO - [2024-06-10 23:54:06,177] {dag.py:2420} INFO - Sync 1 DAGs
[2024-06-10 23:54:06,198] {logging_mixin.py:115} INFO - [2024-06-10 23:54:06,198] {dag.py:2972} INFO - Setting next_dagrun for python_operator to None, run_after=None
[2024-06-10 23:54:06,207] {processor.py:161} INFO - Processing /opt/airflow/dags/2-pythonoperator.py took 0.060 seconds
[2024-06-10 23:54:36,513] {processor.py:153} INFO - Started process (PID=24760) to work on /opt/airflow/dags/2-pythonoperator.py
[2024-06-10 23:54:36,513] {processor.py:641} INFO - Processing file /opt/airflow/dags/2-pythonoperator.py for tasks to queue
[2024-06-10 23:54:36,513] {logging_mixin.py:115} INFO - [2024-06-10 23:54:36,513] {dagbag.py:508} INFO - Filling up the DagBag from /opt/airflow/dags/2-pythonoperator.py
[2024-06-10 23:54:36,518] {processor.py:651} INFO - DAG(s) dict_keys(['python_operator']) retrieved from /opt/airflow/dags/2-pythonoperator.py
[2024-06-10 23:54:36,536] {logging_mixin.py:115} INFO - [2024-06-10 23:54:36,536] {dag.py:2420} INFO - Sync 1 DAGs
[2024-06-10 23:54:36,550] {logging_mixin.py:115} INFO - [2024-06-10 23:54:36,549] {dag.py:2972} INFO - Setting next_dagrun for python_operator to None, run_after=None
[2024-06-10 23:54:36,558] {processor.py:161} INFO - Processing /opt/airflow/dags/2-pythonoperator.py took 0.048 seconds
[2024-06-10 23:55:06,891] {processor.py:153} INFO - Started process (PID=24795) to work on /opt/airflow/dags/2-pythonoperator.py
[2024-06-10 23:55:06,891] {processor.py:641} INFO - Processing file /opt/airflow/dags/2-pythonoperator.py for tasks to queue
[2024-06-10 23:55:06,892] {logging_mixin.py:115} INFO - [2024-06-10 23:55:06,892] {dagbag.py:508} INFO - Filling up the DagBag from /opt/airflow/dags/2-pythonoperator.py
[2024-06-10 23:55:06,896] {processor.py:651} INFO - DAG(s) dict_keys(['python_operator']) retrieved from /opt/airflow/dags/2-pythonoperator.py
[2024-06-10 23:55:06,913] {logging_mixin.py:115} INFO - [2024-06-10 23:55:06,913] {dag.py:2420} INFO - Sync 1 DAGs
[2024-06-10 23:55:06,928] {logging_mixin.py:115} INFO - [2024-06-10 23:55:06,928] {dag.py:2972} INFO - Setting next_dagrun for python_operator to None, run_after=None
[2024-06-10 23:55:06,936] {processor.py:161} INFO - Processing /opt/airflow/dags/2-pythonoperator.py took 0.048 seconds
[2024-06-10 23:55:37,341] {processor.py:153} INFO - Started process (PID=24830) to work on /opt/airflow/dags/2-pythonoperator.py
[2024-06-10 23:55:37,341] {processor.py:641} INFO - Processing file /opt/airflow/dags/2-pythonoperator.py for tasks to queue
[2024-06-10 23:55:37,342] {logging_mixin.py:115} INFO - [2024-06-10 23:55:37,342] {dagbag.py:508} INFO - Filling up the DagBag from /opt/airflow/dags/2-pythonoperator.py
[2024-06-10 23:55:37,347] {processor.py:651} INFO - DAG(s) dict_keys(['python_operator']) retrieved from /opt/airflow/dags/2-pythonoperator.py
[2024-06-10 23:55:37,367] {logging_mixin.py:115} INFO - [2024-06-10 23:55:37,367] {dag.py:2420} INFO - Sync 1 DAGs
[2024-06-10 23:55:37,389] {logging_mixin.py:115} INFO - [2024-06-10 23:55:37,389] {dag.py:2972} INFO - Setting next_dagrun for python_operator to None, run_after=None
[2024-06-10 23:55:37,399] {processor.py:161} INFO - Processing /opt/airflow/dags/2-pythonoperator.py took 0.061 seconds
[2024-06-10 23:56:07,690] {processor.py:153} INFO - Started process (PID=24856) to work on /opt/airflow/dags/2-pythonoperator.py
[2024-06-10 23:56:07,691] {processor.py:641} INFO - Processing file /opt/airflow/dags/2-pythonoperator.py for tasks to queue
[2024-06-10 23:56:07,691] {logging_mixin.py:115} INFO - [2024-06-10 23:56:07,691] {dagbag.py:508} INFO - Filling up the DagBag from /opt/airflow/dags/2-pythonoperator.py
[2024-06-10 23:56:07,696] {processor.py:651} INFO - DAG(s) dict_keys(['python_operator']) retrieved from /opt/airflow/dags/2-pythonoperator.py
[2024-06-10 23:56:07,718] {logging_mixin.py:115} INFO - [2024-06-10 23:56:07,718] {dag.py:2420} INFO - Sync 1 DAGs
[2024-06-10 23:56:07,733] {logging_mixin.py:115} INFO - [2024-06-10 23:56:07,733] {dag.py:2972} INFO - Setting next_dagrun for python_operator to None, run_after=None
[2024-06-10 23:56:07,744] {processor.py:161} INFO - Processing /opt/airflow/dags/2-pythonoperator.py took 0.056 seconds
[2024-06-10 23:56:38,109] {processor.py:153} INFO - Started process (PID=24890) to work on /opt/airflow/dags/2-pythonoperator.py
[2024-06-10 23:56:38,110] {processor.py:641} INFO - Processing file /opt/airflow/dags/2-pythonoperator.py for tasks to queue
[2024-06-10 23:56:38,110] {logging_mixin.py:115} INFO - [2024-06-10 23:56:38,110] {dagbag.py:508} INFO - Filling up the DagBag from /opt/airflow/dags/2-pythonoperator.py
[2024-06-10 23:56:38,116] {processor.py:651} INFO - DAG(s) dict_keys(['python_operator']) retrieved from /opt/airflow/dags/2-pythonoperator.py
[2024-06-10 23:56:38,134] {logging_mixin.py:115} INFO - [2024-06-10 23:56:38,134] {dag.py:2420} INFO - Sync 1 DAGs
[2024-06-10 23:56:38,149] {logging_mixin.py:115} INFO - [2024-06-10 23:56:38,149] {dag.py:2972} INFO - Setting next_dagrun for python_operator to None, run_after=None
[2024-06-10 23:56:38,157] {processor.py:161} INFO - Processing /opt/airflow/dags/2-pythonoperator.py took 0.050 seconds
[2024-06-10 23:57:08,497] {processor.py:153} INFO - Started process (PID=24925) to work on /opt/airflow/dags/2-pythonoperator.py
[2024-06-10 23:57:08,497] {processor.py:641} INFO - Processing file /opt/airflow/dags/2-pythonoperator.py for tasks to queue
[2024-06-10 23:57:08,498] {logging_mixin.py:115} INFO - [2024-06-10 23:57:08,497] {dagbag.py:508} INFO - Filling up the DagBag from /opt/airflow/dags/2-pythonoperator.py
[2024-06-10 23:57:08,504] {processor.py:651} INFO - DAG(s) dict_keys(['python_operator']) retrieved from /opt/airflow/dags/2-pythonoperator.py
[2024-06-10 23:57:08,522] {logging_mixin.py:115} INFO - [2024-06-10 23:57:08,522] {dag.py:2420} INFO - Sync 1 DAGs
[2024-06-10 23:57:08,538] {logging_mixin.py:115} INFO - [2024-06-10 23:57:08,538] {dag.py:2972} INFO - Setting next_dagrun for python_operator to None, run_after=None
[2024-06-10 23:57:08,546] {processor.py:161} INFO - Processing /opt/airflow/dags/2-pythonoperator.py took 0.052 seconds
[2024-06-10 23:57:38,884] {processor.py:153} INFO - Started process (PID=24960) to work on /opt/airflow/dags/2-pythonoperator.py
[2024-06-10 23:57:38,884] {processor.py:641} INFO - Processing file /opt/airflow/dags/2-pythonoperator.py for tasks to queue
[2024-06-10 23:57:38,885] {logging_mixin.py:115} INFO - [2024-06-10 23:57:38,885] {dagbag.py:508} INFO - Filling up the DagBag from /opt/airflow/dags/2-pythonoperator.py
[2024-06-10 23:57:38,890] {processor.py:651} INFO - DAG(s) dict_keys(['python_operator']) retrieved from /opt/airflow/dags/2-pythonoperator.py
[2024-06-10 23:57:38,908] {logging_mixin.py:115} INFO - [2024-06-10 23:57:38,908] {dag.py:2420} INFO - Sync 1 DAGs
[2024-06-10 23:57:38,922] {logging_mixin.py:115} INFO - [2024-06-10 23:57:38,922] {dag.py:2972} INFO - Setting next_dagrun for python_operator to None, run_after=None
[2024-06-10 23:57:38,932] {processor.py:161} INFO - Processing /opt/airflow/dags/2-pythonoperator.py took 0.050 seconds
[2024-06-10 23:58:09,318] {processor.py:153} INFO - Started process (PID=24994) to work on /opt/airflow/dags/2-pythonoperator.py
[2024-06-10 23:58:09,319] {processor.py:641} INFO - Processing file /opt/airflow/dags/2-pythonoperator.py for tasks to queue
[2024-06-10 23:58:09,320] {logging_mixin.py:115} INFO - [2024-06-10 23:58:09,320] {dagbag.py:508} INFO - Filling up the DagBag from /opt/airflow/dags/2-pythonoperator.py
[2024-06-10 23:58:09,328] {processor.py:651} INFO - DAG(s) dict_keys(['python_operator']) retrieved from /opt/airflow/dags/2-pythonoperator.py
[2024-06-10 23:58:09,347] {logging_mixin.py:115} INFO - [2024-06-10 23:58:09,347] {dag.py:2420} INFO - Sync 1 DAGs
[2024-06-10 23:58:09,362] {logging_mixin.py:115} INFO - [2024-06-10 23:58:09,362] {dag.py:2972} INFO - Setting next_dagrun for python_operator to None, run_after=None
[2024-06-10 23:58:09,375] {processor.py:161} INFO - Processing /opt/airflow/dags/2-pythonoperator.py took 0.059 seconds
[2024-06-10 23:58:39,663] {processor.py:153} INFO - Started process (PID=25020) to work on /opt/airflow/dags/2-pythonoperator.py
[2024-06-10 23:58:39,663] {processor.py:641} INFO - Processing file /opt/airflow/dags/2-pythonoperator.py for tasks to queue
[2024-06-10 23:58:39,664] {logging_mixin.py:115} INFO - [2024-06-10 23:58:39,664] {dagbag.py:508} INFO - Filling up the DagBag from /opt/airflow/dags/2-pythonoperator.py
[2024-06-10 23:58:39,670] {processor.py:651} INFO - DAG(s) dict_keys(['python_operator']) retrieved from /opt/airflow/dags/2-pythonoperator.py
[2024-06-10 23:58:39,692] {logging_mixin.py:115} INFO - [2024-06-10 23:58:39,692] {dag.py:2420} INFO - Sync 1 DAGs
[2024-06-10 23:58:39,711] {logging_mixin.py:115} INFO - [2024-06-10 23:58:39,710] {dag.py:2972} INFO - Setting next_dagrun for python_operator to None, run_after=None
[2024-06-10 23:58:39,723] {processor.py:161} INFO - Processing /opt/airflow/dags/2-pythonoperator.py took 0.062 seconds
[2024-06-10 23:59:10,074] {processor.py:153} INFO - Started process (PID=25055) to work on /opt/airflow/dags/2-pythonoperator.py
[2024-06-10 23:59:10,074] {processor.py:641} INFO - Processing file /opt/airflow/dags/2-pythonoperator.py for tasks to queue
[2024-06-10 23:59:10,074] {logging_mixin.py:115} INFO - [2024-06-10 23:59:10,074] {dagbag.py:508} INFO - Filling up the DagBag from /opt/airflow/dags/2-pythonoperator.py
[2024-06-10 23:59:10,080] {processor.py:651} INFO - DAG(s) dict_keys(['python_operator']) retrieved from /opt/airflow/dags/2-pythonoperator.py
[2024-06-10 23:59:10,101] {logging_mixin.py:115} INFO - [2024-06-10 23:59:10,101] {dag.py:2420} INFO - Sync 1 DAGs
[2024-06-10 23:59:10,117] {logging_mixin.py:115} INFO - [2024-06-10 23:59:10,117] {dag.py:2972} INFO - Setting next_dagrun for python_operator to None, run_after=None
[2024-06-10 23:59:10,129] {processor.py:161} INFO - Processing /opt/airflow/dags/2-pythonoperator.py took 0.058 seconds
[2024-06-10 23:59:40,485] {processor.py:153} INFO - Started process (PID=25089) to work on /opt/airflow/dags/2-pythonoperator.py
[2024-06-10 23:59:40,485] {processor.py:641} INFO - Processing file /opt/airflow/dags/2-pythonoperator.py for tasks to queue
[2024-06-10 23:59:40,486] {logging_mixin.py:115} INFO - [2024-06-10 23:59:40,486] {dagbag.py:508} INFO - Filling up the DagBag from /opt/airflow/dags/2-pythonoperator.py
[2024-06-10 23:59:40,491] {processor.py:651} INFO - DAG(s) dict_keys(['python_operator']) retrieved from /opt/airflow/dags/2-pythonoperator.py
[2024-06-10 23:59:40,507] {logging_mixin.py:115} INFO - [2024-06-10 23:59:40,507] {dag.py:2420} INFO - Sync 1 DAGs
[2024-06-10 23:59:40,522] {logging_mixin.py:115} INFO - [2024-06-10 23:59:40,522] {dag.py:2972} INFO - Setting next_dagrun for python_operator to None, run_after=None
[2024-06-10 23:59:40,529] {processor.py:161} INFO - Processing /opt/airflow/dags/2-pythonoperator.py took 0.046 seconds
